respondent_id,Z,Y,female,race,networth_10k,hh_size,mother_educ,father_educ,hard_times,parent_prison,asvab,days_absent,teachers_good,discipline_fair,threatened_school,fight_school,peers_smoke,peers_drunk,peers_gang,bullied_before_12,bullied_12_18,arrested_before_18
1,0.0,0.0,1.0,White,,6,8.0,16.0,0.0,0.0,45.07,2.0,1.0,2.0,0.0,0.0,5.0,4.0,1.0,0.0,0.0,0.0
2,1.0,0.0,0.0,Hispanic,,4,15.0,17.0,,0.0,58.483,3.0,2.0,1.0,0.0,0.0,1.0,4.0,1.0,1.0,0.0,0.0
3,0.0,0.0,1.0,Hispanic,1.02,2,12.0,,0.0,0.0,27.978,1.0,2.0,2.0,0.0,0.0,4.0,2.0,1.0,1.0,0.0,0.0
4,1.0,0.0,1.0,Hispanic,-0.15,2,12.0,12.0,0.0,0.0,37.012,4.0,2.0,2.0,0.0,0.0,5.0,5.0,4.0,0.0,0.0,0.0
5,0.0,1.0,0.0,Hispanic,,4,12.0,12.0,0.0,0.0,,3.0,2.0,3.0,0.0,3.0,3.0,1.0,2.0,0.0,0.0,0.0
6,1.0,0.0,1.0,Hispanic,0.75,5,12.0,,0.0,0.0,22.001,21.0,2.0,2.0,0.0,0.0,5.0,3.0,3.0,0.0,0.0,0.0
7,0.0,0.0,0.0,Hispanic,0.75,5,12.0,,0.0,,3.585,17.0,2.0,2.0,0.0,0.0,5.0,2.0,1.0,0.0,,1.0
8,1.0,0.0,1.0,White,,5,12.0,6.0,0.0,,,0.0,1.0,1.0,0.0,0.0,2.0,1.0,,0.0,0.0,0.0
9,0.0,0.0,0.0,White,,5,12.0,6.0,0.0,0.0,,5.0,1.0,2.0,0.0,0.0,2.0,3.0,1.0,0.0,0.0,0.0
10,1.0,0.0,0.0,White,,5,12.0,6.0,0.0,,,3.0,1.0,2.0,0.0,0.0,1.0,1.0,1.0,0.0,0.0,0.0
11,1.0,0.0,1.0,Hispanic,1.75,3,14.0,12.0,0.0,0.0,30.583,3.0,2.0,3.0,0.0,0.0,5.0,4.0,2.0,0.0,0.0,0.0
12,1.0,0.0,0.0,Hispanic,1.75,4,12.0,,0.0,0.0,,,2.0,2.0,0.0,0.0,3.0,2.0,3.0,1.0,0.0,0.0
13,0.0,0.0,0.0,Hispanic,,4,6.0,,,,67.533,0.0,2.0,2.0,0.0,0.0,1.0,,1.0,0.0,0.0,0.0
14,0.0,,0.0,Hispanic,1.75,4,12.0,12.0,0.0,,,1.0,2.0,2.0,0.0,1.0,1.0,1.0,1.0,0.0,,0.0
15,1.0,0.0,1.0,Hispanic,,4,12.0,13.0,,,26.024,1.0,2.0,2.0,0.0,0.0,3.0,1.0,1.0,0.0,0.0,0.0
16,1.0,0.0,0.0,Hispanic,1.75,2,11.0,10.0,0.0,0.0,44.451,6.0,2.0,3.0,2.0,4.0,3.0,2.0,4.0,1.0,0.0,0.0
17,0.0,,1.0,Hispanic,0.75,8,14.0,,0.0,,30.811,,2.0,3.0,0.0,0.0,3.0,,,0.0,,0.0
18,0.0,0.0,0.0,Black,0.375,6,15.0,10.0,0.0,0.0,9.339,26.0,3.0,3.0,0.0,20.0,4.0,5.0,4.0,0.0,,1.0
19,0.0,0.0,0.0,Black,0.375,6,15.0,10.0,0.0,,8.334,10.0,4.0,2.0,12.0,1.0,5.0,1.0,1.0,1.0,0.0,0.0
20,0.0,0.0,0.0,Black,0.375,4,11.0,10.0,0.0,,11.025,14.0,1.0,2.0,0.0,0.0,3.0,4.0,1.0,1.0,,0.0
21,1.0,0.0,0.0,Hispanic,0.75,4,13.0,11.0,0.0,0.0,3.505,16.0,2.0,2.0,0.0,1.0,2.0,3.0,2.0,0.0,0.0,0.0
22,1.0,0.0,0.0,Hispanic,0.75,2,11.0,12.0,0.0,0.0,10.443,0.0,4.0,2.0,2.0,50.0,5.0,3.0,3.0,0.0,0.0,0.0
23,1.0,1.0,1.0,Hispanic,0.75,4,10.0,10.0,0.0,1.0,6.423,,2.0,2.0,0.0,0.0,5.0,3.0,4.0,0.0,0.0,0.0
24,0.0,0.0,0.0,Hispanic,0.75,6,7.0,5.0,0.0,0.0,6.12,40.0,2.0,2.0,0.0,4.0,3.0,1.0,2.0,1.0,1.0,1.0
25,0.0,0.0,1.0,Hispanic,0.75,5,12.0,12.0,0.0,0.0,5.403,,2.0,2.0,0.0,0.0,5.0,,3.0,0.0,0.0,0.0
26,0.0,0.0,0.0,Black,0.75,4,12.0,,0.0,1.0,12.866,0.0,2.0,2.0,0.0,2.0,4.0,5.0,1.0,0.0,0.0,0.0
27,0.0,0.0,0.0,Black,0.75,6,10.0,8.0,0.0,,9.161,,2.0,2.0,0.0,0.0,5.0,5.0,4.0,,0.0,1.0
28,0.0,0.0,1.0,Black,0.75,4,12.0,12.0,0.0,0.0,17.058,0.0,1.0,2.0,0.0,0.0,1.0,1.0,1.0,0.0,0.0,0.0
29,0.0,,1.0,White,0.375,4,,,0.0,,,0.0,2.0,2.0,0.0,0.0,3.0,2.0,,0.0,,0.0
30,,,0.0,White,,4,,,0.0,,36.755,,2.0,2.0,0.0,0.0,3.0,,,,,0.0
31,1.0,0.0,0.0,Asian,,5,12.0,12.0,,0.0,62.806,2.0,2.0,2.0,2.0,0.0,3.0,1.0,1.0,0.0,0.0,0.0
32,1.0,0.0,1.0,White,,4,16.0,16.0,,0.0,39.949,5.0,1.0,2.0,0.0,0.0,3.0,1.0,1.0,0.0,,0.0
33,0.0,0.0,1.0,White,25.95,5,14.0,16.0,0.0,0.0,96.655,2.0,2.0,2.0,0.0,0.0,4.0,3.0,1.0,0.0,0.0,0.0
34,0.0,0.0,1.0,White,1.75,4,16.0,9.0,0.0,0.0,35.107,3.0,1.0,1.0,0.0,0.0,1.0,1.0,1.0,0.0,0.0,0.0
35,1.0,0.0,0.0,Asian,,4,,,,0.0,59.27,0.0,1.0,2.0,0.0,0.0,,1.0,,,0.0,0.0
36,0.0,0.0,1.0,White,6.6,4,15.0,16.0,0.0,0.0,52.192,23.0,3.0,3.0,0.0,0.0,4.0,3.0,1.0,0.0,0.0,0.0
37,0.0,0.0,1.0,White,0.3,4,,11.0,0.0,0.0,82.912,2.0,2.0,2.0,0.0,0.0,2.0,2.0,2.0,0.0,0.0,0.0
38,1.0,0.0,1.0,White,0.3,4,,11.0,0.0,0.0,68.753,2.0,2.0,2.0,0.0,0.0,3.0,2.0,,0.0,0.0,0.0
39,1.0,0.0,0.0,Hispanic,,4,,,0.0,0.0,45.9,1.0,3.0,2.0,2.0,0.0,3.0,2.0,1.0,1.0,1.0,0.0
40,1.0,0.0,1.0,Asian,,5,12.0,12.0,,,,4.0,4.0,4.0,0.0,0.0,1.0,1.0,1.0,0.0,,0.0
41,1.0,0.0,1.0,Asian,,11,12.0,12.0,,0.0,88.652,1.0,1.0,1.0,0.0,0.0,1.0,1.0,1.0,0.0,0.0,0.0
42,1.0,0.0,0.0,Asian,,5,,,,,44.217,0.0,2.0,1.0,0.0,0.0,1.0,1.0,1.0,0.0,0.0,0.0
43,0.0,0.0,1.0,Black,0.75,4,,,0.0,0.0,22.965,1.0,2.0,4.0,0.0,0.0,4.0,1.0,1.0,0.0,,0.0
44,1.0,0.0,0.0,Hispanic,4.125,5,,,0.0,0.0,25.325,10.0,1.0,1.0,0.0,2.0,4.0,3.0,2.0,0.0,0.0,0.0
45,0.0,0.0,1.0,Black,0.05,7,8.0,,0.0,0.0,,0.0,4.0,4.0,0.0,0.0,3.0,1.0,4.0,0.0,0.0,0.0
46,0.0,0.0,0.0,Black,0.05,7,8.0,,0.0,0.0,,0.0,3.0,4.0,0.0,0.0,3.0,3.0,,0.0,0.0,1.0
47,1.0,1.0,1.0,Black,0.175,3,11.0,,0.0,,46.475,10.0,2.0,2.0,0.0,0.0,4.0,2.0,2.0,0.0,0.0,0.0
48,1.0,0.0,1.0,Black,0.175,3,11.0,,0.0,1.0,63.769,3.0,2.0,1.0,1.0,0.0,3.0,1.0,3.0,0.0,0.0,0.0
49,0.0,1.0,1.0,Black,,3,12.0,,0.0,0.0,79.413,0.0,2.0,1.0,0.0,0.0,3.0,3.0,3.0,0.0,0.0,0.0
50,0.0,0.0,1.0,Black,0.375,3,12.0,,0.0,0.0,,0.0,4.0,2.0,1.0,0.0,3.0,3.0,3.0,0.0,0.0,0.0
51,1.0,0.0,0.0,Black,0.375,5,12.0,,0.0,0.0,51.057,2.0,2.0,2.0,0.0,0.0,,,1.0,0.0,0.0,0.0
52,1.0,0.0,0.0,Black,0.375,5,12.0,,0.0,0.0,29.824,0.0,2.0,,0.0,0.0,,,,0.0,0.0,0.0
53,0.0,0.0,1.0,Black,0.75,4,12.0,12.0,0.0,0.0,47.134,6.0,1.0,4.0,0.0,0.0,1.0,,,0.0,0.0,0.0
54,0.0,0.0,1.0,Black,,5,14.0,,0.0,0.0,58.541,2.0,2.0,3.0,0.0,0.0,1.0,1.0,2.0,0.0,0.0,0.0
55,1.0,0.0,1.0,Hispanic,0.35,8,10.0,12.0,0.0,0.0,53.241,20.0,1.0,1.0,0.0,0.0,3.0,1.0,1.0,0.0,0.0,0.0
56,1.0,0.0,1.0,White,48.885,4,18.0,16.0,0.0,0.0,96.703,7.0,2.0,2.0,0.0,0.0,3.0,3.0,2.0,1.0,0.0,0.0
57,0.0,0.0,0.0,Black,,5,12.0,12.0,0.0,0.0,,1.0,1.0,1.0,0.0,0.0,1.0,1.0,,0.0,0.0,0.0
58,1.0,0.0,0.0,Black,-0.175,4,12.0,12.0,0.0,0.0,15.235,1.0,1.0,1.0,0.0,0.0,1.0,1.0,2.0,0.0,0.0,0.0
59,1.0,0.0,1.0,Black,7.35,3,16.0,,0.0,,56.429,5.0,2.0,2.0,1.0,0.0,1.0,1.0,1.0,1.0,1.0,0.0
60,1.0,0.0,0.0,Other,1.95,5,14.0,,0.0,,1.355,1.0,2.0,1.0,0.0,0.0,1.0,1.0,1.0,0.0,0.0,0.0
61,1.0,0.0,1.0,Black,3.7,4,12.0,12.0,0.0,0.0,44.495,0.0,4.0,2.0,0.0,0.0,4.0,2.0,1.0,0.0,1.0,0.0
62,1.0,0.0,0.0,Black,15.85,4,14.0,14.0,0.0,0.0,73.429,0.0,1.0,1.0,0.0,0.0,2.0,1.0,1.0,0.0,0.0,0.0
63,0.0,0.0,1.0,Black,15.85,4,14.0,14.0,0.0,0.0,52.921,3.0,2.0,2.0,1.0,0.0,4.0,1.0,1.0,1.0,1.0,0.0
64,1.0,0.0,0.0,Black,,3,15.0,12.0,,,34.197,1.0,3.0,2.0,0.0,0.0,4.0,3.0,4.0,0.0,0.0,1.0
65,1.0,0.0,0.0,Black,5.0751,8,,,0.0,,27.471,0.0,2.0,2.0,0.0,1.0,3.0,1.0,1.0,0.0,0.0,0.0
66,1.0,0.0,0.0,Black,41.35,7,,12.0,0.0,,,0.0,1.0,1.0,0.0,0.0,3.0,1.0,1.0,0.0,0.0,0.0
67,0.0,0.0,0.0,Black,41.35,7,18.0,12.0,0.0,0.0,,2.0,2.0,3.0,0.0,0.0,3.0,1.0,2.0,0.0,0.0,0.0
68,1.0,1.0,0.0,Black,41.35,7,,12.0,0.0,0.0,,0.0,1.0,3.0,5.0,0.0,3.0,1.0,1.0,1.0,0.0,0.0
69,1.0,0.0,1.0,Black,,5,16.0,12.0,0.0,,81.315,2.0,2.0,2.0,1.0,0.0,2.0,1.0,1.0,1.0,0.0,0.0
70,1.0,0.0,0.0,Black,,5,16.0,12.0,0.0,0.0,56.708,2.0,2.0,2.0,0.0,0.0,2.0,2.0,1.0,0.0,0.0,0.0
71,0.0,0.0,0.0,Black,1.88,2,14.0,14.0,0.0,,,0.0,2.0,4.0,0.0,0.0,3.0,1.0,1.0,1.0,0.0,0.0
72,0.0,0.0,1.0,Black,,5,11.0,12.0,,,,3.0,2.0,2.0,0.0,0.0,2.0,2.0,1.0,1.0,1.0,0.0
73,0.0,0.0,0.0,Black,,5,11.0,12.0,,,,2.0,3.0,2.0,5.0,0.0,1.0,1.0,2.0,1.0,0.0,1.0
74,1.0,0.0,0.0,White,,4,,,0.0,0.0,,0.0,1.0,1.0,0.0,0.0,1.0,1.0,1.0,0.0,0.0,0.0
75,1.0,0.0,0.0,Asian,,3,,8.0,,0.0,7.556,0.0,2.0,2.0,0.0,0.0,2.0,1.0,1.0,1.0,0.0,0.0
76,0.0,0.0,0.0,Asian,,3,,8.0,,,34.058,2.0,1.0,2.0,0.0,0.0,,2.0,,1.0,0.0,0.0
77,0.0,0.0,1.0,Hispanic,0.375,4,12.0,12.0,0.0,,,8.0,1.0,1.0,0.0,0.0,1.0,1.0,1.0,0.0,0.0,0.0
78,0.0,0.0,1.0,White,,2,,,0.0,0.0,29.032,,2.0,2.0,0.0,0.0,3.0,,,0.0,0.0,0.0
79,0.0,0.0,0.0,Hispanic,,4,11.0,14.0,1.0,0.0,10.563,7.0,1.0,1.0,2.0,2.0,1.0,1.0,2.0,0.0,0.0,1.0
80,0.0,0.0,0.0,Black,,4,12.0,14.0,0.0,0.0,11.014,10.0,1.0,1.0,0.0,0.0,2.0,,,0.0,0.0,0.0
81,0.0,0.0,1.0,Black,0.05,4,12.0,12.0,0.0,0.0,2.39,2.0,3.0,2.0,0.0,4.0,4.0,5.0,5.0,1.0,0.0,0.0
82,1.0,0.0,0.0,Hispanic,,5,,,0.0,,69.94,,2.0,2.0,0.0,2.0,1.0,1.0,1.0,0.0,0.0,0.0
83,1.0,0.0,0.0,Hispanic,0.375,5,6.0,12.0,0.0,0.0,8.011,,2.0,2.0,0.0,0.0,,,1.0,0.0,0.0,0.0
84,0.0,0.0,1.0,Hispanic,0.375,5,6.0,12.0,0.0,0.0,42.129,2.0,3.0,2.0,0.0,0.0,2.0,,,0.0,0.0,0.0
85,0.0,1.0,0.0,White,0.8,4,12.0,12.0,0.0,,70.113,5.0,2.0,3.0,1.0,2.0,1.0,1.0,1.0,0.0,0.0,0.0
86,1.0,0.0,1.0,White,1.224,9,12.0,12.0,0.0,0.0,13.722,18.0,3.0,4.0,2.0,0.0,4.0,3.0,1.0,1.0,0.0,0.0
87,1.0,0.0,0.0,Hispanic,1.575,4,12.0,14.0,0.0,,75.575,5.0,2.0,4.0,0.0,0.0,1.0,1.0,1.0,0.0,0.0,0.0
88,0.0,0.0,0.0,White,,5,12.0,12.0,,0.0,5.929,6.0,2.0,2.0,0.0,2.0,3.0,3.0,2.0,,0.0,0.0
89,0.0,0.0,0.0,White,,8,6.0,6.0,,0.0,78.892,4.0,1.0,1.0,0.0,0.0,4.0,,,0.0,0.0,0.0
90,0.0,0.0,0.0,Hispanic,,4,16.0,12.0,0.0,0.0,,0.0,2.0,1.0,1.0,0.0,5.0,,,0.0,0.0,1.0
91,1.0,0.0,1.0,Hispanic,,4,16.0,12.0,0.0,0.0,,5.0,2.0,1.0,0.0,0.0,5.0,1.0,1.0,0.0,0.0,0.0
92,0.0,0.0,0.0,Other,0.3,4,10.0,12.0,0.0,0.0,4.355,10.0,2.0,3.0,,0.0,,,,1.0,1.0,0.0
93,0.0,0.0,0.0,Hispanic,,4,8.0,12.0,0.0,,5.351,2.0,2.0,2.0,0.0,0.0,1.0,2.0,1.0,0.0,,0.0
94,0.0,0.0,1.0,Black,,2,10.0,12.0,0.0,,79.941,5.0,2.0,1.0,0.0,0.0,2.0,2.0,1.0,1.0,0.0,0.0
95,0.0,0.0,0.0,Hispanic,0.175,4,8.0,8.0,0.0,,27.977,1.0,1.0,1.0,0.0,0.0,1.0,1.0,1.0,0.0,,0.0
96,1.0,0.0,0.0,Asian,1.75,4,12.0,14.0,0.0,,,2.0,1.0,1.0,0.0,0.0,3.0,2.0,1.0,0.0,,0.0
97,1.0,0.0,0.0,Hispanic,1.2,4,12.0,12.0,0.0,0.0,58.177,1.0,2.0,2.0,0.0,1.0,3.0,2.0,2.0,0.0,0.0,0.0
98,1.0,0.0,0.0,Asian,,4,,,,,44.306,0.0,2.0,2.0,0.0,0.0,1.0,1.0,1.0,,,0.0
99,0.0,0.0,0.0,Hispanic,0.375,7,8.0,,,,,4.0,1.0,1.0,0.0,0.0,,1.0,3.0,0.0,0.0,0.0
100,0.0,1.0,1.0,Black,-0.85,2,10.0,,0.0,0.0,10.086,6.0,1.0,2.0,0.0,1.0,4.0,2.0,2.0,0.0,0.0,0.0
101,0.0,0.0,1.0,Black,,6,6.0,,0.0,0.0,,9.0,4.0,2.0,0.0,0.0,5.0,3.0,2.0,0.0,0.0,0.0
102,1.0,0.0,1.0,Hispanic,19.0001,5,12.0,12.0,0.0,,35.316,10.0,2.0,3.0,0.0,0.0,4.0,3.0,1.0,1.0,,0.0
103,1.0,0.0,1.0,Hispanic,19.0001,5,12.0,12.0,0.0,,66.575,0.0,2.0,2.0,0.0,0.0,3.0,1.0,1.0,0.0,,0.0
104,0.0,0.0,1.0,White,25.85,6,13.0,16.0,0.0,0.0,58.482,4.0,2.0,3.0,0.0,0.0,4.0,4.0,1.0,0.0,0.0,0.0
105,1.0,0.0,0.0,White,25.85,6,13.0,16.0,0.0,0.0,74.883,4.0,2.0,2.0,0.0,0.0,1.0,1.0,1.0,0.0,0.0,0.0
106,1.0,0.0,0.0,White,38.25,4,16.0,12.0,0.0,,34.516,4.0,3.0,2.0,0.0,1.0,3.0,4.0,2.0,0.0,,0.0
107,1.0,0.0,1.0,White,55.95,6,16.0,19.0,0.0,0.0,94.837,5.0,1.0,2.0,0.0,0.0,5.0,5.0,2.0,0.0,0.0,0.0
108,0.0,0.0,0.0,White,55.95,6,16.0,19.0,0.0,0.0,83.765,5.0,2.0,1.0,0.0,0.0,1.0,1.0,1.0,0.0,0.0,0.0
109,1.0,0.0,1.0,White,45.375,6,12.0,12.0,0.0,0.0,90.866,3.0,2.0,1.0,0.0,0.0,1.0,1.0,1.0,0.0,0.0,0.0
110,1.0,0.0,1.0,White,45.375,6,12.0,12.0,0.0,0.0,43.864,2.0,1.0,1.0,0.0,0.0,1.0,1.0,1.0,0.0,0.0,0.0
111,1.0,0.0,1.0,White,10.55,5,,,0.0,0.0,82.318,0.0,1.0,2.0,0.0,0.0,4.0,4.0,1.0,0.0,0.0,0.0
112,1.0,0.0,1.0,White,,4,12.0,12.0,,,57.727,4.0,2.0,1.0,0.0,0.0,2.0,1.0,1.0,0.0,0.0,0.0
113,1.0,0.0,0.0,White,0.275,5,15.0,12.0,0.0,0.0,76.838,2.0,1.0,2.0,0.0,0.0,3.0,4.0,1.0,0.0,0.0,1.0
114,0.0,0.0,1.0,White,10.22,3,12.0,13.0,0.0,0.0,65.345,1.0,2.0,3.0,0.0,0.0,4.0,3.0,1.0,1.0,0.0,0.0
115,0.0,0.0,1.0,Hispanic,,3,12.0,12.0,0.0,,53.132,1.0,2.0,3.0,0.0,0.0,5.0,5.0,3.0,0.0,0.0,1.0
116,0.0,0.0,0.0,Black,2.625,4,12.0,12.0,0.0,0.0,,2.0,2.0,2.0,0.0,0.0,2.0,1.0,2.0,0.0,,0.0
117,1.0,0.0,0.0,Black,2.625,4,12.0,12.0,0.0,0.0,,3.0,2.0,2.0,0.0,2.0,2.0,1.0,2.0,0.0,,0.0
118,1.0,0.0,0.0,White,,4,12.0,16.0,0.0,,,2.0,2.0,2.0,0.0,0.0,3.0,5.0,1.0,0.0,,0.0
119,0.0,0.0,0.0,White,,4,15.0,12.0,0.0,0.0,33.091,0.0,2.0,2.0,0.0,0.0,3.0,1.0,1.0,0.0,,0.0
120,1.0,0.0,0.0,White,,3,16.0,17.0,,0.0,,3.0,1.0,4.0,0.0,1.0,4.0,2.0,1.0,1.0,,0.0
121,1.0,0.0,0.0,White,15.545,4,14.0,14.0,0.0,0.0,80.701,0.0,2.0,2.0,0.0,0.0,2.0,1.0,1.0,0.0,0.0,0.0
122,0.0,0.0,0.0,White,15.545,4,14.0,14.0,0.0,0.0,59.605,0.0,1.0,2.0,0.0,0.0,1.0,1.0,1.0,0.0,0.0,0.0
123,,,0.0,White,,4,15.0,12.0,,,,3.0,2.0,4.0,1.0,0.0,3.0,4.0,1.0,0.0,,0.0
124,,,0.0,White,,4,15.0,12.0,,,,4.0,2.0,2.0,0.0,0.0,3.0,1.0,1.0,0.0,,0.0
125,1.0,,1.0,White,,5,16.0,18.0,0.0,,67.045,0.0,2.0,2.0,0.0,0.0,1.0,1.0,1.0,0.0,,0.0
126,0.0,0.0,0.0,White,,5,12.0,,,0.0,35.303,4.0,3.0,2.0,0.0,0.0,4.0,3.0,1.0,0.0,0.0,1.0
127,1.0,0.0,1.0,White,,4,16.0,16.0,,0.0,58.706,4.0,2.0,2.0,1.0,0.0,3.0,2.0,1.0,0.0,0.0,0.0
128,1.0,0.0,1.0,White,17.55,3,16.0,18.0,0.0,0.0,71.624,6.0,2.0,2.0,0.0,0.0,4.0,4.0,2.0,0.0,0.0,0.0
129,1.0,0.0,1.0,Asian,,4,,17.0,,,61.979,1.0,1.0,2.0,0.0,0.0,3.0,1.0,1.0,0.0,0.0,0.0
130,1.0,0.0,1.0,Asian,,4,,17.0,,,39.653,1.0,2.0,2.0,0.0,0.0,4.0,2.0,1.0,0.0,,0.0
131,0.0,,0.0,White,47.075,3,16.0,16.0,0.0,,98.342,5.0,1.0,1.0,0.0,0.0,3.0,2.0,1.0,0.0,,0.0
132,1.0,0.0,0.0,White,,4,16.0,16.0,0.0,,89.334,2.0,2.0,2.0,0.0,0.0,3.0,3.0,1.0,0.0,,0.0
133,0.0,0.0,0.0,White,6.85,4,16.0,16.0,0.0,0.0,83.789,3.0,1.0,2.0,0.0,0.0,3.0,2.0,1.0,1.0,,0.0
134,1.0,0.0,0.0,White,,5,14.0,16.0,,,,3.0,2.0,2.0,15.0,0.0,1.0,1.0,1.0,1.0,0.0,0.0
135,1.0,0.0,0.0,White,8.75,2,18.0,15.0,0.0,,94.833,3.0,3.0,2.0,0.0,0.0,4.0,3.0,1.0,0.0,,0.0
136,1.0,0.0,1.0,White,,5,18.0,14.0,0.0,,89.028,10.0,2.0,2.0,0.0,0.0,3.0,1.0,1.0,0.0,,0.0
137,0.0,0.0,1.0,White,0.05,2,12.0,,1.0,0.0,63.329,,3.0,4.0,,,5.0,4.0,3.0,1.0,1.0,0.0
138,1.0,0.0,0.0,White,60.0,5,16.0,18.0,0.0,0.0,60.424,10.0,1.0,2.0,0.0,0.0,1.0,1.0,1.0,0.0,0.0,0.0
139,1.0,0.0,1.0,White,60.0,4,18.0,16.0,0.0,,98.914,4.0,1.0,1.0,0.0,0.0,1.0,1.0,1.0,0.0,,0.0
140,0.0,0.0,0.0,Hispanic,3.55,5,12.0,14.0,0.0,,79.409,5.0,2.0,1.0,0.0,0.0,1.0,1.0,1.0,0.0,,0.0
141,1.0,,1.0,White,0.405,4,12.0,9.0,0.0,,50.052,8.0,2.0,3.0,1.0,1.0,4.0,5.0,2.0,0.0,,0.0
142,1.0,0.0,1.0,White,0.8,5,10.0,14.0,0.0,0.0,55.54,3.0,2.0,2.0,0.0,0.0,4.0,2.0,2.0,0.0,,0.0
143,0.0,0.0,0.0,Black,8.4299,5,12.0,14.0,0.0,0.0,42.098,5.0,2.0,4.0,0.0,0.0,1.0,1.0,1.0,0.0,0.0,0.0
144,1.0,0.0,0.0,Black,13.175,5,16.0,12.0,0.0,,62.219,0.0,2.0,3.0,5.0,0.0,5.0,4.0,5.0,1.0,0.0,0.0
145,1.0,0.0,0.0,Black,13.175,5,16.0,12.0,0.0,0.0,39.585,3.0,2.0,2.0,0.0,0.0,2.0,2.0,1.0,0.0,0.0,0.0
146,0.0,0.0,0.0,Black,0.015,4,12.0,12.0,0.0,0.0,18.371,2.0,1.0,2.0,0.0,0.0,1.0,1.0,2.0,0.0,0.0,0.0
147,1.0,,1.0,White,,3,12.0,13.0,0.0,1.0,42.348,6.0,1.0,2.0,0.0,0.0,1.0,1.0,1.0,0.0,0.0,0.0
148,0.0,0.0,1.0,Black,-1.575,5,6.0,12.0,0.0,0.0,,6.0,4.0,3.0,0.0,0.0,3.0,5.0,2.0,0.0,0.0,0.0
149,1.0,0.0,1.0,Black,0.375,5,11.0,11.0,0.0,0.0,5.071,10.0,2.0,4.0,1.0,0.0,2.0,1.0,3.0,0.0,0.0,0.0
150,1.0,1.0,0.0,Black,0.375,5,11.0,,0.0,,12.233,1.0,2.0,1.0,1.0,0.0,1.0,1.0,1.0,0.0,0.0,0.0
151,0.0,0.0,1.0,Black,,5,11.0,11.0,1.0,0.0,19.749,2.0,3.0,2.0,0.0,1.0,5.0,5.0,3.0,0.0,,0.0
152,0.0,0.0,0.0,Black,,5,12.0,14.0,,0.0,27.157,6.0,2.0,1.0,0.0,1.0,1.0,1.0,3.0,0.0,,1.0
153,0.0,0.0,1.0,Black,0.175,5,10.0,13.0,0.0,0.0,10.825,15.0,2.0,2.0,2.0,4.0,4.0,3.0,1.0,0.0,0.0,0.0
154,1.0,,0.0,White,12.55,4,19.0,20.0,0.0,,97.902,5.0,2.0,1.0,0.0,0.0,3.0,3.0,1.0,0.0,,0.0
155,1.0,0.0,0.0,Asian,,4,14.0,18.0,0.0,0.0,99.595,5.0,2.0,1.0,0.0,0.0,3.0,2.0,1.0,0.0,0.0,0.0
156,0.0,0.0,0.0,Asian,,4,14.0,18.0,0.0,0.0,92.692,5.0,2.0,1.0,0.0,0.0,3.0,2.0,1.0,1.0,0.0,1.0
157,1.0,0.0,1.0,Hispanic,3.45,4,12.0,12.0,0.0,0.0,,3.0,1.0,2.0,0.0,0.0,3.0,3.0,1.0,1.0,0.0,0.0
158,0.0,0.0,0.0,Hispanic,5.6,5,16.0,,0.0,0.0,79.949,0.0,2.0,1.0,0.0,0.0,1.0,1.0,2.0,0.0,0.0,0.0
159,1.0,0.0,1.0,Hispanic,0.82,5,12.0,10.0,0.0,0.0,3.049,,2.0,2.0,,,1.0,4.0,1.0,0.0,0.0,0.0
160,0.0,0.0,1.0,Hispanic,0.375,5,9.0,10.0,1.0,0.0,5.463,40.0,2.0,1.0,0.0,2.0,5.0,4.0,2.0,0.0,0.0,0.0
161,0.0,0.0,0.0,Hispanic,0.375,5,9.0,10.0,1.0,1.0,4.251,5.0,3.0,3.0,0.0,2.0,3.0,3.0,3.0,0.0,0.0,1.0
162,1.0,1.0,1.0,Black,,5,,,0.0,1.0,,3.0,2.0,3.0,0.0,0.0,4.0,3.0,2.0,0.0,,0.0
163,0.0,0.0,0.0,Black,,5,,,0.0,1.0,,2.0,1.0,3.0,0.0,0.0,3.0,4.0,3.0,0.0,1.0,1.0
164,0.0,0.0,1.0,White,1.425,5,12.0,12.0,0.0,0.0,50.169,24.0,2.0,2.0,0.0,0.0,3.0,3.0,1.0,0.0,0.0,1.0
165,1.0,0.0,0.0,White,,5,13.0,12.0,,0.0,40.421,2.0,2.0,2.0,0.0,0.0,3.0,3.0,1.0,0.0,0.0,0.0
166,1.0,0.0,1.0,White,,5,13.0,12.0,,0.0,83.128,6.0,2.0,2.0,0.0,0.0,3.0,3.0,1.0,0.0,0.0,0.0
167,0.0,0.0,0.0,Hispanic,,4,8.0,12.0,0.0,0.0,,0.0,1.0,2.0,1.0,4.0,1.0,,1.0,0.0,0.0,0.0
168,0.0,0.0,0.0,Hispanic,,5,13.0,12.0,0.0,,31.337,1.0,2.0,2.0,0.0,0.0,3.0,1.0,2.0,1.0,,0.0
169,0.0,0.0,1.0,White,0.325,5,12.0,20.0,0.0,0.0,75.582,7.0,1.0,1.0,0.0,0.0,2.0,1.0,1.0,0.0,0.0,0.0
170,1.0,0.0,1.0,White,0.325,5,12.0,20.0,0.0,0.0,61.533,4.0,1.0,1.0,0.0,0.0,2.0,1.0,1.0,0.0,0.0,0.0
171,1.0,0.0,1.0,Hispanic,3.85,4,12.0,11.0,0.0,0.0,87.967,3.0,1.0,1.0,0.0,0.0,2.0,1.0,1.0,0.0,0.0,0.0
172,1.0,,0.0,White,53.5501,3,16.0,18.0,0.0,,98.687,7.0,2.0,1.0,0.0,0.0,1.0,1.0,1.0,0.0,,0.0
173,1.0,,1.0,White,,5,16.0,18.0,0.0,,,14.0,2.0,2.0,0.0,0.0,3.0,2.0,1.0,0.0,,0.0
174,1.0,,0.0,White,,5,16.0,18.0,0.0,,,8.0,2.0,2.0,0.0,0.0,1.0,1.0,1.0,1.0,,0.0
175,0.0,0.0,1.0,White,,4,16.0,18.0,0.0,,95.637,2.0,1.0,3.0,0.0,0.0,4.0,2.0,1.0,0.0,0.0,0.0
176,0.0,0.0,0.0,White,53.5001,7,13.0,18.0,0.0,0.0,90.292,3.0,2.0,1.0,0.0,0.0,4.0,1.0,,0.0,0.0,0.0
177,1.0,0.0,1.0,White,16.095,4,16.0,12.0,0.0,0.0,46.304,3.0,2.0,2.0,0.0,0.0,4.0,3.0,1.0,0.0,0.0,0.0
178,1.0,0.0,1.0,White,28.8,5,12.0,18.0,0.0,0.0,87.198,1.0,1.0,2.0,0.0,0.0,2.0,1.0,1.0,0.0,,0.0
179,0.0,,1.0,White,28.8,5,12.0,18.0,0.0,,,0.0,2.0,2.0,0.0,0.0,2.0,2.0,1.0,0.0,,0.0
180,1.0,0.0,0.0,White,28.8,5,12.0,18.0,0.0,0.0,95.254,3.0,1.0,2.0,0.0,0.0,1.0,1.0,1.0,0.0,,0.0
181,1.0,0.0,1.0,White,,4,18.0,20.0,0.0,0.0,100.0,4.0,2.0,2.0,0.0,0.0,2.0,1.0,1.0,0.0,0.0,0.0
182,1.0,0.0,1.0,White,,4,18.0,20.0,0.0,0.0,98.196,3.0,1.0,2.0,0.0,0.0,1.0,1.0,1.0,0.0,0.0,0.0
183,1.0,0.0,1.0,White,,4,16.0,20.0,0.0,0.0,81.282,2.0,2.0,2.0,0.0,0.0,4.0,2.0,1.0,0.0,0.0,0.0
184,0.0,0.0,0.0,White,29.38,4,14.0,16.0,0.0,,79.429,0.0,2.0,2.0,0.0,0.0,2.0,1.0,1.0,0.0,0.0,0.0
185,0.0,0.0,0.0,Black,-0.2332,4,12.0,12.0,0.0,0.0,7.81,4.0,2.0,4.0,0.0,1.0,4.0,4.0,1.0,0.0,0.0,1.0
186,0.0,0.0,1.0,White,,4,,,,,,1.0,2.0,3.0,0.0,0.0,4.0,2.0,1.0,0.0,0.0,0.0
187,1.0,0.0,0.0,Hispanic,,6,12.0,14.0,0.0,0.0,85.828,0.0,2.0,1.0,0.0,1.0,4.0,1.0,1.0,0.0,0.0,0.0
188,1.0,0.0,1.0,White,1.95,2,12.0,12.0,0.0,0.0,42.443,2.0,2.0,2.0,0.0,0.0,4.0,5.0,1.0,1.0,,0.0
189,1.0,0.0,1.0,White,,5,12.0,,,,,0.0,2.0,2.0,0.0,0.0,2.0,1.0,1.0,0.0,,0.0
190,0.0,0.0,0.0,White,30.8001,4,16.0,12.0,0.0,0.0,82.474,4.0,2.0,2.0,0.0,0.0,4.0,1.0,1.0,0.0,,1.0
191,0.0,0.0,0.0,White,32.6,3,,,0.0,,74.248,1.0,2.0,2.0,1.0,0.0,3.0,2.0,2.0,1.0,1.0,1.0
192,0.0,0.0,1.0,Hispanic,-4.2488,3,15.0,16.0,0.0,,55.484,2.0,2.0,2.0,0.0,1.0,3.0,3.0,1.0,0.0,0.0,0.0
193,0.0,0.0,1.0,Black,-0.8,4,12.0,10.0,0.0,0.0,18.081,4.0,3.0,3.0,1.0,0.0,5.0,4.0,3.0,0.0,,0.0
194,0.0,0.0,1.0,Hispanic,-2.76,4,14.0,,0.0,0.0,49.636,1.0,2.0,2.0,0.0,0.0,4.0,4.0,1.0,0.0,,0.0
195,1.0,,0.0,Black,3.05,2,14.0,,0.0,1.0,63.503,4.0,4.0,2.0,0.0,0.0,3.0,3.0,1.0,1.0,0.0,1.0
196,1.0,0.0,0.0,Hispanic,,4,19.0,14.0,0.0,,,7.0,2.0,3.0,5.0,3.0,1.0,1.0,1.0,1.0,,1.0
197,1.0,0.0,1.0,White,13.2,5,14.0,17.0,0.0,0.0,75.823,17.0,3.0,3.0,0.0,0.0,3.0,3.0,1.0,0.0,,0.0
198,0.0,0.0,1.0,White,,5,11.0,12.0,,0.0,29.945,7.0,3.0,3.0,0.0,0.0,4.0,4.0,2.0,,1.0,1.0
199,1.0,1.0,0.0,White,45.55,4,17.0,16.0,0.0,0.0,52.6,1.0,2.0,4.0,0.0,1.0,1.0,1.0,1.0,1.0,1.0,1.0
200,1.0,0.0,0.0,White,25.55,5,15.0,12.0,0.0,0.0,,0.0,2.0,2.0,0.0,0.0,3.0,3.0,2.0,0.0,0.0,0.0
201,1.0,0.0,1.0,White,12.3,3,18.0,18.0,0.0,0.0,99.591,13.0,2.0,2.0,0.0,0.0,2.0,1.0,1.0,0.0,0.0,0.0
202,0.0,0.0,0.0,White,,4,12.0,12.0,,0.0,39.048,8.0,2.0,2.0,0.0,0.0,1.0,1.0,1.0,0.0,0.0,0.0
203,1.0,0.0,1.0,White,,4,12.0,12.0,,0.0,46.707,3.0,1.0,2.0,0.0,0.0,2.0,1.0,1.0,0.0,0.0,0.0
204,1.0,1.0,1.0,White,3.755,3,15.0,14.0,0.0,1.0,61.895,13.0,2.0,3.0,8.0,0.0,5.0,4.0,2.0,0.0,1.0,0.0
205,0.0,0.0,1.0,White,3.755,3,15.0,14.0,0.0,,33.506,4.0,3.0,3.0,0.0,0.0,4.0,2.0,1.0,0.0,0.0,0.0
206,1.0,0.0,0.0,Other,,7,10.0,10.0,0.0,0.0,,9.0,3.0,3.0,0.0,0.0,4.0,3.0,2.0,0.0,0.0,0.0
207,0.0,0.0,1.0,White,60.0,7,12.0,8.0,0.0,,81.998,0.0,2.0,2.0,0.0,0.0,3.0,3.0,1.0,0.0,0.0,0.0
208,1.0,0.0,1.0,White,60.0,7,12.0,8.0,0.0,0.0,71.791,1.0,2.0,2.0,0.0,0.0,1.0,1.0,1.0,0.0,0.0,0.0
209,0.0,0.0,0.0,Hispanic,15.55,5,8.0,8.0,0.0,,,0.0,2.0,2.0,0.0,1.0,3.0,2.0,2.0,0.0,0.0,0.0
210,0.0,0.0,0.0,Hispanic,15.55,5,8.0,8.0,0.0,,,1.0,2.0,2.0,0.0,0.0,1.0,1.0,1.0,0.0,0.0,0.0
211,1.0,0.0,1.0,Hispanic,4.83,5,4.0,4.0,0.0,0.0,,0.0,3.0,2.0,0.0,0.0,1.0,1.0,1.0,0.0,0.0,0.0
212,0.0,0.0,0.0,Hispanic,0.79,4,12.0,8.0,0.0,0.0,42.507,3.0,1.0,2.0,3.0,0.0,3.0,3.0,1.0,0.0,0.0,0.0
213,1.0,0.0,1.0,Hispanic,0.79,4,12.0,8.0,0.0,0.0,35.568,2.0,2.0,2.0,0.0,0.0,1.0,1.0,1.0,0.0,0.0,0.0
214,0.0,0.0,1.0,Hispanic,3.19,5,12.0,16.0,0.0,0.0,66.561,4.0,2.0,1.0,0.0,0.0,4.0,1.0,1.0,0.0,0.0,0.0
215,1.0,0.0,0.0,Hispanic,0.175,6,12.0,12.0,0.0,0.0,,5.0,1.0,2.0,1.0,1.0,3.0,2.0,2.0,0.0,0.0,0.0
216,1.0,0.0,1.0,Hispanic,4.3,5,11.0,6.0,0.0,0.0,60.496,40.0,2.0,3.0,0.0,0.0,4.0,4.0,1.0,1.0,1.0,0.0
217,1.0,0.0,1.0,Hispanic,,3,8.0,12.0,,0.0,44.03,5.0,2.0,2.0,0.0,0.0,2.0,3.0,5.0,0.0,,0.0
218,0.0,,0.0,Hispanic,,4,16.0,12.0,,,,3.0,2.0,2.0,3.0,0.0,1.0,1.0,2.0,0.0,,0.0
219,1.0,0.0,0.0,Other,13.95,3,18.0,15.0,0.0,0.0,80.773,0.0,2.0,2.0,0.0,0.0,2.0,2.0,1.0,0.0,0.0,0.0
220,1.0,0.0,0.0,White,11.8,6,12.0,14.0,0.0,,66.556,1.0,3.0,4.0,0.0,1.0,1.0,1.0,2.0,1.0,1.0,0.0
221,0.0,1.0,1.0,White,18.35,4,14.0,18.0,0.0,0.0,82.209,2.0,2.0,2.0,0.0,0.0,1.0,1.0,1.0,0.0,0.0,0.0
222,1.0,0.0,0.0,Hispanic,,4,9.0,12.0,0.0,0.0,62.197,2.0,4.0,1.0,0.0,0.0,4.0,2.0,1.0,1.0,0.0,0.0
223,1.0,0.0,0.0,Hispanic,,4,9.0,12.0,0.0,0.0,87.923,2.0,2.0,3.0,0.0,0.0,4.0,1.0,1.0,1.0,0.0,0.0
224,0.0,0.0,1.0,White,12.075,3,12.0,12.0,0.0,0.0,37.76,3.0,2.0,2.0,0.0,0.0,4.0,2.0,1.0,0.0,0.0,0.0
225,0.0,0.0,0.0,White,,3,14.0,12.0,0.0,0.0,54.975,0.0,2.0,2.0,2.0,0.0,4.0,3.0,1.0,1.0,1.0,0.0
226,1.0,0.0,1.0,Black,0.235,4,9.0,,0.0,,7.113,0.0,2.0,2.0,0.0,0.0,5.0,2.0,1.0,0.0,0.0,0.0
227,0.0,0.0,1.0,Other,4.765,2,,,0.0,,,0.0,3.0,3.0,3.0,0.0,5.0,5.0,1.0,,1.0,1.0
228,1.0,0.0,0.0,Other,-0.25,7,15.0,15.0,0.0,0.0,29.631,1.0,1.0,1.0,0.0,0.0,1.0,1.0,1.0,0.0,0.0,0.0
229,1.0,0.0,1.0,Other,7.953,3,16.0,,0.0,0.0,86.033,0.0,2.0,2.0,0.0,0.0,1.0,1.0,1.0,0.0,0.0,0.0
230,1.0,0.0,0.0,Hispanic,-1.9883,4,12.0,12.0,0.0,0.0,62.122,2.0,2.0,2.0,0.0,0.0,3.0,1.0,1.0,0.0,0.0,1.0
231,1.0,0.0,0.0,Hispanic,,4,11.0,12.0,,0.0,,7.0,2.0,3.0,0.0,3.0,3.0,2.0,3.0,0.0,0.0,1.0
232,0.0,0.0,0.0,Hispanic,3.0485,2,12.0,12.0,0.0,0.0,43.085,1.0,2.0,1.0,0.0,0.0,2.0,1.0,1.0,0.0,,0.0
233,1.0,,0.0,Hispanic,0.3765,3,13.0,7.0,0.0,0.0,,5.0,2.0,2.0,0.0,0.0,4.0,3.0,3.0,0.0,0.0,1.0
234,0.0,0.0,1.0,Hispanic,,7,11.0,14.0,,0.0,,2.0,2.0,1.0,0.0,0.0,2.0,1.0,1.0,0.0,0.0,1.0
235,1.0,1.0,1.0,Asian,0.1747,4,10.0,15.0,0.0,0.0,60.888,6.0,2.0,2.0,0.0,0.0,4.0,2.0,1.0,0.0,0.0,0.0
236,0.0,0.0,1.0,Hispanic,,2,15.0,12.0,0.0,0.0,76.936,4.0,4.0,3.0,0.0,0.0,,,2.0,0.0,0.0,0.0
237,1.0,0.0,0.0,Other,4.0067,6,14.0,13.0,0.0,0.0,58.782,1.0,1.0,1.0,0.0,0.0,1.0,1.0,1.0,0.0,0.0,0.0
238,1.0,0.0,1.0,Asian,,3,,,,0.0,79.982,0.0,2.0,2.0,0.0,0.0,3.0,2.0,1.0,0.0,0.0,0.0
239,1.0,0.0,0.0,White,60.0,6,18.0,18.0,0.0,0.0,,4.0,2.0,1.0,0.0,0.0,4.0,3.0,1.0,0.0,,0.0
240,1.0,0.0,1.0,White,60.0,6,18.0,18.0,0.0,0.0,,2.0,1.0,1.0,0.0,0.0,1.0,1.0,1.0,0.0,0.0,0.0
241,1.0,0.0,1.0,Hispanic,2.975,5,18.0,16.0,0.0,0.0,51.504,0.0,1.0,2.0,0.0,0.0,4.0,4.0,1.0,0.0,0.0,0.0
242,1.0,0.0,0.0,Hispanic,2.975,5,18.0,16.0,0.0,0.0,45.199,0.0,2.0,2.0,0.0,0.0,1.0,1.0,1.0,0.0,0.0,0.0
243,1.0,1.0,1.0,Other,,5,12.0,12.0,0.0,,29.804,5.0,4.0,3.0,3.0,0.0,3.0,1.0,2.0,1.0,1.0,0.0
244,1.0,0.0,0.0,Hispanic,,5,12.0,12.0,0.0,0.0,10.687,3.0,2.0,2.0,0.0,0.0,1.0,1.0,1.0,0.0,0.0,0.0
245,1.0,0.0,1.0,White,,6,,,,0.0,72.248,0.0,2.0,3.0,0.0,0.0,1.0,1.0,1.0,0.0,0.0,0.0
246,0.0,0.0,0.0,Hispanic,,7,,15.0,0.0,0.0,89.776,0.0,2.0,3.0,0.0,0.0,4.0,3.0,2.0,1.0,0.0,0.0
247,1.0,1.0,0.0,White,1.785,4,13.0,13.0,0.0,0.0,86.419,3.0,2.0,3.0,0.0,0.0,4.0,2.0,1.0,1.0,0.0,0.0
248,1.0,0.0,1.0,White,1.785,4,13.0,13.0,0.0,0.0,87.611,1.0,2.0,1.0,0.0,0.0,4.0,4.0,2.0,0.0,0.0,0.0
249,0.0,,0.0,White,,3,14.0,12.0,,,45.564,16.0,3.0,2.0,0.0,0.0,3.0,2.0,1.0,1.0,,0.0
250,0.0,1.0,0.0,White,,4,13.0,12.0,0.0,,17.015,3.0,2.0,3.0,4.0,2.0,4.0,5.0,3.0,0.0,,1.0
251,1.0,0.0,0.0,Hispanic,,4,11.0,14.0,0.0,0.0,56.495,5.0,2.0,2.0,0.0,0.0,4.0,3.0,1.0,0.0,0.0,0.0
252,1.0,0.0,1.0,Hispanic,,4,11.0,14.0,0.0,0.0,63.505,10.0,2.0,2.0,0.0,0.0,1.0,1.0,2.0,0.0,0.0,0.0
253,1.0,0.0,1.0,White,,5,,,,,50.121,0.0,2.0,2.0,0.0,0.0,1.0,1.0,1.0,0.0,,0.0
254,1.0,0.0,0.0,White,,3,18.0,16.0,0.0,0.0,58.224,0.0,2.0,2.0,0.0,0.0,2.0,1.0,3.0,0.0,0.0,0.0
255,1.0,,1.0,White,,3,18.0,16.0,0.0,,84.456,2.0,2.0,2.0,0.0,0.0,4.0,1.0,2.0,0.0,,0.0
256,0.0,0.0,0.0,White,,5,,,0.0,0.0,,20.0,3.0,4.0,0.0,0.0,3.0,5.0,1.0,0.0,0.0,0.0
257,0.0,0.0,0.0,White,,5,,,0.0,0.0,,4.0,2.0,2.0,0.0,0.0,3.0,2.0,2.0,0.0,0.0,0.0
258,1.0,0.0,0.0,White,,5,12.0,14.0,,0.0,42.366,1.0,2.0,2.0,0.0,0.0,3.0,3.0,2.0,0.0,0.0,0.0
259,1.0,0.0,0.0,White,,4,,,0.0,,53.011,1.0,1.0,2.0,0.0,0.0,2.0,1.0,1.0,0.0,0.0,0.0
260,1.0,0.0,0.0,Black,,4,14.0,,,0.0,18.085,3.0,2.0,2.0,0.0,0.0,3.0,1.0,1.0,0.0,0.0,0.0
261,0.0,0.0,0.0,Black,0.175,3,12.0,,0.0,0.0,14.864,10.0,2.0,2.0,0.0,0.0,4.0,1.0,2.0,0.0,0.0,0.0
262,0.0,0.0,0.0,Black,,6,8.0,,,,9.388,,2.0,2.0,0.0,0.0,4.0,3.0,3.0,0.0,0.0,0.0
263,0.0,1.0,0.0,Black,,6,8.0,,,,33.76,2.0,3.0,2.0,0.0,0.0,1.0,1.0,2.0,0.0,0.0,1.0
264,1.0,0.0,0.0,White,,4,,,,0.0,57.523,1.0,1.0,2.0,0.0,3.0,3.0,1.0,1.0,0.0,1.0,0.0
265,1.0,0.0,0.0,Hispanic,0.15,7,6.0,6.0,0.0,0.0,10.621,0.0,2.0,2.0,0.0,2.0,1.0,1.0,2.0,0.0,0.0,0.0
266,0.0,0.0,1.0,White,14.85,5,12.0,12.0,0.0,0.0,,1.0,2.0,2.0,0.0,0.0,4.0,3.0,2.0,0.0,0.0,0.0
267,1.0,0.0,1.0,White,11.08,3,13.0,12.0,0.0,0.0,91.328,0.0,2.0,2.0,0.0,0.0,4.0,3.0,3.0,0.0,0.0,0.0
268,1.0,0.0,0.0,Hispanic,24.25,5,11.0,11.0,0.0,,36.454,0.0,1.0,1.0,0.0,0.0,1.0,1.0,1.0,1.0,0.0,0.0
269,1.0,0.0,1.0,White,41.25,4,16.0,12.0,0.0,,45.316,,2.0,2.0,0.0,0.0,1.0,1.0,1.0,,0.0,1.0
270,1.0,0.0,1.0,White,41.25,4,16.0,12.0,0.0,0.0,75.382,2.0,2.0,2.0,0.0,0.0,3.0,1.0,2.0,0.0,0.0,1.0
271,0.0,0.0,1.0,White,5.087,5,12.0,12.0,0.0,0.0,15.074,7.0,2.0,2.0,0.0,0.0,4.0,1.0,1.0,0.0,0.0,0.0
272,1.0,0.0,1.0,Hispanic,1.25,6,7.0,6.0,0.0,0.0,18.296,10.0,3.0,4.0,0.0,2.0,4.0,3.0,4.0,0.0,0.0,
273,0.0,0.0,1.0,Hispanic,,5,12.0,12.0,,,,5.0,2.0,2.0,0.0,0.0,3.0,2.0,1.0,0.0,0.0,0.0
274,0.0,0.0,1.0,Hispanic,0.05,7,5.0,5.0,0.0,,,14.0,3.0,3.0,3.0,3.0,4.0,3.0,2.0,0.0,,0.0
275,0.0,0.0,0.0,Hispanic,,7,1.0,5.0,,,,,2.0,2.0,,,1.0,1.0,1.0,0.0,0.0,0.0
276,0.0,0.0,1.0,Hispanic,0.05,7,5.0,5.0,0.0,0.0,,10.0,2.0,2.0,1.0,1.0,3.0,2.0,3.0,0.0,,0.0
277,0.0,0.0,0.0,Hispanic,0.05,7,5.0,5.0,0.0,,,17.0,2.0,2.0,0.0,0.0,1.0,1.0,4.0,0.0,,0.0
278,1.0,0.0,0.0,White,4.75,4,14.0,16.0,0.0,0.0,63.505,10.0,2.0,2.0,0.0,0.0,3.0,2.0,1.0,1.0,0.0,0.0
279,1.0,,0.0,White,,4,16.0,18.0,0.0,,,4.0,2.0,2.0,0.0,0.0,3.0,4.0,1.0,0.0,,0.0
280,1.0,0.0,0.0,White,,4,16.0,18.0,0.0,,,4.0,3.0,3.0,0.0,0.0,2.0,1.0,2.0,0.0,0.0,0.0
281,1.0,0.0,0.0,Black,0.05,4,11.0,,1.0,0.0,53.768,7.0,2.0,1.0,1.0,3.0,1.0,1.0,1.0,0.0,0.0,0.0
282,1.0,0.0,0.0,White,,5,14.0,12.0,0.0,0.0,20.877,0.0,2.0,3.0,0.0,0.0,3.0,4.0,1.0,0.0,,1.0
283,1.0,0.0,0.0,White,,5,14.0,12.0,0.0,0.0,72.692,3.0,2.0,2.0,0.0,0.0,1.0,1.0,1.0,0.0,0.0,0.0
284,1.0,0.0,1.0,Black,0.375,6,12.0,10.0,1.0,0.0,9.799,7.0,2.0,3.0,0.0,0.0,5.0,5.0,1.0,0.0,0.0,0.0
285,0.0,0.0,0.0,White,,4,11.0,9.0,0.0,0.0,28.624,13.0,2.0,2.0,0.0,0.0,4.0,3.0,2.0,0.0,0.0,0.0
286,0.0,0.0,1.0,White,,3,12.0,14.0,,0.0,,3.0,1.0,3.0,0.0,0.0,2.0,1.0,1.0,0.0,0.0,0.0
287,0.0,0.0,0.0,White,8.7326,5,12.0,12.0,0.0,0.0,18.211,8.0,2.0,3.0,0.0,0.0,5.0,4.0,2.0,0.0,0.0,0.0
288,1.0,0.0,1.0,White,8.7326,5,12.0,12.0,0.0,0.0,34.539,2.0,2.0,3.0,1.0,0.0,3.0,1.0,1.0,1.0,1.0,0.0
289,0.0,0.0,1.0,White,8.7326,5,12.0,12.0,0.0,0.0,52.2,1.0,2.0,2.0,0.0,0.0,3.0,1.0,1.0,0.0,0.0,0.0
290,0.0,0.0,1.0,White,,4,14.0,12.0,0.0,0.0,39.122,5.0,2.0,2.0,0.0,0.0,1.0,4.0,3.0,0.0,0.0,0.0
291,0.0,0.0,1.0,White,13.45,5,12.0,12.0,0.0,0.0,44.991,10.0,2.0,4.0,10.0,0.0,5.0,5.0,2.0,1.0,1.0,0.0
292,0.0,0.0,1.0,Black,0.685,5,14.0,12.0,0.0,0.0,56.63,0.0,2.0,2.0,0.0,0.0,5.0,3.0,1.0,0.0,0.0,0.0
293,0.0,0.0,1.0,Hispanic,,5,12.0,12.0,0.0,0.0,89.741,0.0,1.0,1.0,0.0,0.0,5.0,4.0,2.0,0.0,0.0,0.0
294,1.0,0.0,0.0,Hispanic,,5,12.0,12.0,,0.0,64.58,0.0,2.0,3.0,0.0,0.0,3.0,2.0,3.0,1.0,0.0,0.0
295,1.0,0.0,1.0,Hispanic,3.51,6,8.0,,0.0,0.0,,2.0,2.0,2.0,0.0,0.0,1.0,1.0,1.0,0.0,0.0,0.0
296,1.0,0.0,1.0,Hispanic,,4,11.0,14.0,0.0,0.0,10.256,3.0,2.0,3.0,0.0,0.0,5.0,3.0,1.0,0.0,0.0,0.0
297,0.0,0.0,0.0,Hispanic,,4,11.0,14.0,0.0,0.0,17.932,0.0,2.0,2.0,0.0,0.0,1.0,1.0,1.0,0.0,1.0,1.0
298,1.0,0.0,1.0,White,,5,18.0,16.0,0.0,0.0,95.218,6.0,2.0,2.0,0.0,0.0,4.0,1.0,1.0,0.0,0.0,0.0
299,1.0,0.0,0.0,White,,3,12.0,12.0,0.0,0.0,18.566,5.0,4.0,2.0,0.0,0.0,5.0,4.0,3.0,0.0,1.0,0.0
300,1.0,0.0,1.0,White,,5,13.0,12.0,0.0,0.0,,5.0,2.0,2.0,0.0,0.0,4.0,3.0,1.0,0.0,0.0,0.0
301,1.0,0.0,1.0,White,5.525,3,12.0,18.0,0.0,,4.216,4.0,2.0,2.0,0.0,0.0,3.0,3.0,2.0,0.0,,0.0
302,,,1.0,White,,4,14.0,12.0,0.0,,86.696,4.0,2.0,2.0,0.0,0.0,3.0,3.0,1.0,0.0,,0.0
303,0.0,0.0,1.0,White,,4,13.0,,0.0,0.0,56.044,4.0,2.0,3.0,0.0,0.0,4.0,4.0,1.0,0.0,0.0,0.0
304,1.0,0.0,0.0,White,,5,,,0.0,0.0,80.09,10.0,1.0,3.0,0.0,0.0,2.0,1.0,1.0,0.0,0.0,0.0
305,1.0,0.0,1.0,White,,6,16.0,16.0,0.0,0.0,40.245,2.0,2.0,2.0,0.0,0.0,1.0,1.0,1.0,0.0,0.0,0.0
306,1.0,0.0,1.0,White,,7,,,,0.0,62.235,0.0,2.0,2.0,0.0,0.0,1.0,1.0,1.0,1.0,1.0,0.0
307,1.0,1.0,1.0,White,,7,,,,,88.283,2.0,2.0,2.0,0.0,0.0,1.0,1.0,1.0,0.0,0.0,0.0
308,1.0,0.0,0.0,White,,7,,,,,24.145,0.0,3.0,4.0,6.0,3.0,1.0,1.0,1.0,0.0,,0.0
309,1.0,0.0,1.0,White,,7,,,,,27.426,1.0,2.0,1.0,0.0,0.0,1.0,1.0,1.0,0.0,,0.0
310,1.0,0.0,1.0,White,,7,,,,,45.052,10.0,3.0,2.0,0.0,0.0,1.0,1.0,1.0,0.0,,0.0
311,1.0,0.0,0.0,White,,5,,,,,73.369,1.0,2.0,2.0,0.0,0.0,3.0,2.0,1.0,0.0,0.0,0.0
312,1.0,0.0,1.0,White,,5,,,,,80.507,18.0,2.0,2.0,2.0,1.0,4.0,3.0,2.0,0.0,0.0,0.0
313,0.0,0.0,1.0,White,,5,12.0,16.0,0.0,0.0,96.328,2.0,2.0,1.0,0.0,0.0,3.0,4.0,2.0,0.0,0.0,0.0
314,0.0,0.0,0.0,White,,5,12.0,16.0,0.0,,98.451,3.0,2.0,2.0,0.0,0.0,3.0,2.0,5.0,1.0,0.0,0.0
315,1.0,0.0,1.0,White,41.35,5,16.0,16.0,0.0,0.0,34.805,7.0,3.0,4.0,1.0,0.0,5.0,4.0,1.0,0.0,0.0,0.0
316,1.0,0.0,0.0,White,,4,14.0,14.0,0.0,,71.838,1.0,2.0,4.0,0.0,0.0,3.0,3.0,1.0,0.0,,0.0
317,1.0,0.0,1.0,Hispanic,,4,,,,,,8.0,1.0,2.0,0.0,0.0,5.0,1.0,4.0,0.0,,0.0
318,0.0,0.0,0.0,White,,4,12.0,,0.0,,27.268,5.0,2.0,2.0,0.0,0.0,1.0,1.0,1.0,0.0,,0.0
319,,,1.0,White,,4,14.0,16.0,0.0,,36.222,0.0,2.0,2.0,0.0,0.0,2.0,1.0,1.0,0.0,,0.0
320,1.0,0.0,1.0,White,36.5001,2,18.0,13.0,0.0,,,0.0,2.0,2.0,0.0,0.0,3.0,1.0,1.0,0.0,0.0,0.0
321,0.0,0.0,0.0,White,,3,12.0,12.0,,0.0,70.777,6.0,3.0,2.0,10.0,0.0,5.0,4.0,1.0,1.0,0.0,0.0
322,1.0,0.0,1.0,White,15.1,3,13.0,12.0,0.0,0.0,55.736,2.0,2.0,2.0,0.0,0.0,2.0,1.0,1.0,0.0,0.0,0.0
323,1.0,0.0,0.0,White,,2,14.0,15.0,0.0,,88.413,4.0,2.0,3.0,0.0,0.0,3.0,2.0,1.0,1.0,1.0,0.0
324,1.0,0.0,0.0,White,,4,12.0,16.0,,,,7.0,1.0,2.0,0.0,0.0,4.0,4.0,1.0,0.0,,0.0
325,1.0,0.0,0.0,White,,2,13.0,12.0,,0.0,36.685,5.0,2.0,2.0,0.0,0.0,1.0,1.0,1.0,0.0,0.0,0.0
326,1.0,0.0,1.0,White,,3,12.0,14.0,0.0,0.0,35.463,2.0,2.0,2.0,0.0,0.0,4.0,4.0,1.0,0.0,0.0,0.0
327,1.0,0.0,1.0,White,,3,14.0,18.0,,0.0,,1.0,2.0,2.0,0.0,0.0,1.0,1.0,1.0,0.0,1.0,0.0
328,1.0,0.0,0.0,White,,5,12.0,12.0,0.0,,45.243,3.0,2.0,2.0,0.0,0.0,1.0,1.0,1.0,0.0,,0.0
329,1.0,0.0,0.0,White,,4,12.0,14.0,,,61.751,0.0,2.0,3.0,0.0,0.0,1.0,1.0,1.0,1.0,0.0,0.0
330,,,0.0,White,,4,14.0,14.0,,,16.242,0.0,2.0,2.0,0.0,0.0,4.0,2.0,1.0,1.0,,0.0
331,1.0,0.0,1.0,White,,4,12.0,12.0,0.0,0.0,,8.0,2.0,3.0,0.0,0.0,4.0,4.0,1.0,1.0,1.0,0.0
332,1.0,0.0,0.0,White,,6,,,0.0,0.0,98.368,3.0,2.0,2.0,0.0,0.0,2.0,4.0,1.0,0.0,0.0,0.0
333,1.0,0.0,1.0,White,,6,,,0.0,0.0,43.11,6.0,2.0,1.0,1.0,0.0,1.0,1.0,1.0,0.0,0.0,0.0
334,1.0,0.0,1.0,White,,6,20.0,,0.0,0.0,67.241,20.0,1.0,2.0,1.0,0.0,1.0,1.0,1.0,0.0,1.0,0.0
335,1.0,0.0,1.0,White,,4,12.0,12.0,,0.0,81.833,6.0,2.0,2.0,0.0,0.0,2.0,2.0,1.0,0.0,1.0,0.0
336,1.0,1.0,0.0,Black,,4,18.0,16.0,0.0,0.0,48.416,1.0,2.0,2.0,1.0,0.0,2.0,2.0,2.0,0.0,1.0,0.0
337,1.0,0.0,0.0,White,,5,16.0,16.0,0.0,0.0,73.243,2.0,2.0,2.0,0.0,0.0,1.0,1.0,1.0,0.0,0.0,0.0
338,1.0,0.0,1.0,White,,3,18.0,20.0,0.0,0.0,83.123,3.0,3.0,3.0,0.0,0.0,3.0,3.0,1.0,0.0,0.0,0.0
339,0.0,0.0,1.0,Asian,0.375,6,10.0,11.0,0.0,0.0,69.403,0.0,2.0,2.0,0.0,0.0,2.0,2.0,1.0,0.0,0.0,0.0
340,1.0,0.0,0.0,Asian,0.2778,6,11.0,9.0,0.0,0.0,23.765,1.0,2.0,2.0,0.0,0.0,1.0,1.0,1.0,0.0,0.0,0.0
341,1.0,0.0,0.0,Asian,,6,11.0,9.0,,0.0,61.481,0.0,2.0,2.0,0.0,0.0,1.0,1.0,2.0,0.0,0.0,0.0
342,0.0,0.0,0.0,Asian,,5,,16.0,,0.0,,7.0,2.0,2.0,1.0,1.0,1.0,1.0,1.0,0.0,0.0,1.0
343,0.0,0.0,0.0,Asian,,5,,16.0,,0.0,,2.0,2.0,2.0,1.0,0.0,2.0,1.0,1.0,0.0,0.0,
344,1.0,0.0,0.0,Asian,,5,,16.0,,0.0,,2.0,2.0,2.0,0.0,0.0,1.0,1.0,1.0,0.0,,1.0
345,0.0,0.0,0.0,Asian,,5,,16.0,,0.0,,3.0,1.0,2.0,5.0,0.0,3.0,1.0,3.0,0.0,0.0,1.0
346,1.0,0.0,0.0,Hispanic,0.05,4,12.0,10.0,0.0,0.0,25.049,3.0,2.0,1.0,5.0,1.0,2.0,1.0,1.0,1.0,0.0,0.0
347,0.0,0.0,0.0,Hispanic,-2.625,6,6.0,6.0,0.0,,,0.0,2.0,2.0,0.0,0.0,1.0,1.0,1.0,0.0,0.0,0.0
348,0.0,0.0,0.0,Hispanic,-2.625,6,6.0,6.0,0.0,,,2.0,2.0,2.0,0.0,0.0,1.0,1.0,1.0,0.0,0.0,0.0
349,0.0,0.0,0.0,Hispanic,-2.625,6,6.0,6.0,0.0,,,2.0,2.0,2.0,0.0,0.0,1.0,1.0,1.0,1.0,0.0,1.0
350,0.0,0.0,0.0,White,4.5,4,,,0.0,0.0,,5.0,2.0,2.0,0.0,0.0,1.0,1.0,1.0,0.0,0.0,1.0
351,1.0,0.0,1.0,Hispanic,5.825,5,10.0,10.0,0.0,0.0,,7.0,2.0,2.0,0.0,1.0,3.0,4.0,2.0,0.0,,0.0
352,0.0,0.0,1.0,Hispanic,5.825,5,10.0,10.0,0.0,,,3.0,1.0,2.0,0.0,1.0,3.0,2.0,3.0,0.0,,1.0
353,0.0,0.0,1.0,Hispanic,5.825,5,10.0,10.0,0.0,,,2.0,1.0,1.0,3.0,0.0,2.0,2.0,2.0,0.0,0.0,0.0
354,0.0,0.0,1.0,Hispanic,5.975,4,11.0,11.0,0.0,0.0,,8.0,2.0,3.0,0.0,0.0,1.0,2.0,2.0,0.0,,0.0
355,0.0,0.0,1.0,Hispanic,5.975,4,11.0,11.0,0.0,0.0,,4.0,1.0,1.0,2.0,0.0,3.0,2.0,2.0,1.0,1.0,0.0
356,1.0,0.0,1.0,Hispanic,0.475,3,10.0,11.0,0.0,0.0,,4.0,2.0,3.0,0.0,0.0,4.0,2.0,2.0,0.0,,0.0
357,1.0,0.0,0.0,Hispanic,5.225,6,6.0,6.0,0.0,0.0,,1.0,1.0,2.0,5.0,0.0,2.0,1.0,1.0,0.0,0.0,0.0
358,1.0,0.0,0.0,Hispanic,5.225,6,6.0,6.0,0.0,0.0,,7.0,2.0,2.0,0.0,0.0,1.0,1.0,1.0,0.0,0.0,0.0
359,1.0,0.0,1.0,Hispanic,5.225,6,6.0,6.0,0.0,0.0,,4.0,2.0,2.0,0.0,0.0,2.0,1.0,1.0,,0.0,0.0
360,0.0,0.0,0.0,Hispanic,,3,10.0,,,0.0,,0.0,2.0,2.0,0.0,0.0,1.0,1.0,1.0,0.0,0.0,0.0
361,,,0.0,Hispanic,,2,,,,,,2.0,2.0,2.0,4.0,3.0,2.0,2.0,1.0,0.0,,0.0
362,0.0,0.0,1.0,Hispanic,0.61,6,4.0,4.0,0.0,0.0,59.187,4.0,2.0,1.0,0.0,0.0,1.0,1.0,2.0,0.0,0.0,0.0
363,1.0,0.0,1.0,Hispanic,0.61,6,4.0,4.0,0.0,0.0,51.107,6.0,2.0,2.0,0.0,0.0,1.0,1.0,2.0,0.0,0.0,0.0
364,1.0,0.0,1.0,Hispanic,0.275,5,3.0,,0.0,,,5.0,2.0,2.0,0.0,0.0,2.0,1.0,4.0,0.0,0.0,0.0
365,0.0,0.0,1.0,Hispanic,1.275,4,12.0,11.0,0.0,0.0,,4.0,2.0,2.0,4.0,4.0,3.0,3.0,3.0,1.0,0.0,1.0
366,1.0,0.0,1.0,Hispanic,,6,8.0,9.0,,0.0,45.232,0.0,2.0,2.0,0.0,0.0,2.0,3.0,2.0,0.0,0.0,0.0
367,1.0,0.0,0.0,Hispanic,,6,8.0,9.0,,0.0,47.394,2.0,2.0,1.0,0.0,0.0,3.0,3.0,2.0,0.0,0.0,0.0
368,1.0,1.0,1.0,Hispanic,,5,6.0,3.0,0.0,0.0,10.479,4.0,2.0,1.0,0.0,0.0,3.0,1.0,1.0,0.0,0.0,0.0
369,0.0,0.0,0.0,Hispanic,,5,6.0,3.0,0.0,,4.585,0.0,2.0,2.0,0.0,0.0,1.0,,1.0,0.0,,1.0
370,0.0,1.0,0.0,Hispanic,16.775,4,,12.0,0.0,1.0,,0.0,3.0,2.0,0.0,0.0,2.0,3.0,5.0,1.0,0.0,1.0
371,0.0,0.0,1.0,Hispanic,16.775,4,,12.0,0.0,,16.245,5.0,3.0,2.0,6.0,0.0,3.0,1.0,5.0,0.0,,0.0
372,0.0,0.0,0.0,Hispanic,,3,10.0,12.0,,0.0,23.633,1.0,3.0,2.0,0.0,0.0,3.0,3.0,2.0,0.0,0.0,0.0
373,0.0,0.0,1.0,Hispanic,0.05,3,10.0,12.0,,0.0,7.915,1.0,3.0,2.0,0.0,1.0,1.0,1.0,1.0,0.0,0.0,0.0
374,0.0,0.0,1.0,White,15.3812,2,14.0,,0.0,,,0.0,4.0,3.0,0.0,0.0,3.0,4.0,5.0,0.0,0.0,0.0
375,0.0,,0.0,Black,28.55,2,14.0,12.0,0.0,,97.117,3.0,2.0,2.0,0.0,0.0,1.0,2.0,2.0,0.0,,0.0
376,1.0,1.0,0.0,Black,22.75,3,12.0,9.0,0.0,0.0,,0.0,2.0,3.0,1.0,0.0,3.0,2.0,2.0,0.0,0.0,0.0
377,0.0,0.0,1.0,Black,0.175,6,11.0,12.0,0.0,0.0,,2.0,3.0,3.0,0.0,0.0,1.0,1.0,1.0,0.0,0.0,0.0
378,1.0,0.0,0.0,Black,2.5001,3,13.0,16.0,0.0,0.0,,2.0,2.0,3.0,0.0,0.0,1.0,1.0,1.0,0.0,0.0,0.0
379,,,1.0,Hispanic,11.85,4,16.0,16.0,0.0,,64.443,40.0,2.0,3.0,0.0,0.0,3.0,3.0,2.0,0.0,,0.0
380,1.0,0.0,0.0,Other,0.75,2,12.0,,0.0,,20.75,4.0,2.0,2.0,0.0,0.0,2.0,1.0,1.0,0.0,,0.0
381,0.0,0.0,0.0,Hispanic,5.45,3,14.0,14.0,0.0,,,,,,,,,,,,,0.0
382,1.0,0.0,1.0,White,,3,14.0,14.0,,0.0,48.082,0.0,2.0,2.0,0.0,0.0,2.0,2.0,2.0,,1.0,0.0
383,,,1.0,Asian,21.75,2,14.0,16.0,0.0,,,3.0,2.0,2.0,0.0,0.0,1.0,1.0,1.0,0.0,,0.0
384,0.0,0.0,0.0,Hispanic,16.675,4,12.0,11.0,0.0,,,2.0,2.0,2.0,0.0,0.0,1.0,1.0,1.0,0.0,,0.0
385,1.0,,0.0,Hispanic,1.65,5,8.0,6.0,0.0,0.0,14.009,4.0,1.0,3.0,10.0,5.0,3.0,3.0,4.0,0.0,1.0,0.0
386,1.0,0.0,0.0,Hispanic,0.05,5,,,0.0,1.0,36.962,5.0,2.0,2.0,0.0,0.0,2.0,4.0,1.0,0.0,0.0,0.0
387,0.0,0.0,1.0,Hispanic,0.05,5,,,0.0,0.0,11.738,13.0,4.0,2.0,1.0,0.0,2.0,2.0,2.0,0.0,0.0,0.0
388,0.0,0.0,1.0,Hispanic,,3,5.0,,,,11.676,10.0,3.0,2.0,0.0,0.0,2.0,2.0,3.0,0.0,0.0,0.0
389,1.0,0.0,1.0,White,13.41,4,14.0,14.0,0.0,,61.504,2.0,1.0,2.0,0.0,0.0,2.0,1.0,1.0,0.0,,0.0
390,1.0,1.0,1.0,Asian,,3,15.0,16.0,0.0,1.0,,3.0,2.0,2.0,1.0,0.0,3.0,2.0,2.0,0.0,0.0,0.0
391,0.0,0.0,0.0,Asian,,5,6.0,6.0,,0.0,,0.0,1.0,1.0,0.0,0.0,3.0,1.0,1.0,1.0,1.0,0.0
392,1.0,0.0,0.0,Hispanic,12.26,4,18.0,14.0,0.0,0.0,95.143,4.0,2.0,2.0,0.0,0.0,2.0,1.0,1.0,0.0,0.0,0.0
393,1.0,0.0,0.0,Hispanic,,8,14.0,12.0,,0.0,26.658,2.0,1.0,2.0,0.0,0.0,1.0,1.0,1.0,0.0,0.0,0.0
394,1.0,0.0,0.0,Hispanic,,8,14.0,16.0,,0.0,85.233,5.0,1.0,2.0,0.0,0.0,1.0,1.0,1.0,0.0,0.0,0.0
395,1.0,0.0,0.0,Asian,4.5,4,14.0,,0.0,0.0,,0.0,1.0,1.0,1.0,0.0,1.0,1.0,1.0,0.0,0.0,0.0
396,1.0,0.0,0.0,White,10.875,5,,,0.0,0.0,60.488,3.0,2.0,2.0,0.0,0.0,3.0,2.0,2.0,0.0,0.0,0.0
397,0.0,1.0,0.0,Hispanic,6.95,4,14.0,14.0,0.0,,,9.0,2.0,2.0,4.0,1.0,4.0,2.0,1.0,0.0,0.0,0.0
398,1.0,0.0,0.0,Hispanic,,3,,12.0,,,,0.0,2.0,2.0,1.0,0.0,3.0,3.0,1.0,0.0,0.0,0.0
399,1.0,,0.0,Other,18.5,6,12.0,,0.0,,66.37,12.0,2.0,2.0,0.0,1.0,4.0,4.0,1.0,0.0,,0.0
400,1.0,,1.0,Other,18.5,6,12.0,,0.0,,88.26,14.0,2.0,2.0,0.0,0.0,4.0,4.0,2.0,0.0,,1.0
401,0.0,0.0,0.0,White,6.625,2,,13.0,0.0,0.0,59.049,5.0,1.0,1.0,0.0,1.0,1.0,1.0,1.0,0.0,0.0,1.0
402,0.0,0.0,1.0,White,,4,12.0,,,1.0,,1.0,2.0,2.0,0.0,0.0,1.0,1.0,2.0,0.0,0.0,0.0
403,1.0,0.0,1.0,Black,,4,14.0,11.0,0.0,1.0,26.195,0.0,2.0,3.0,0.0,0.0,1.0,1.0,1.0,0.0,0.0,1.0
404,1.0,0.0,0.0,White,18.45,10,14.0,14.0,0.0,0.0,46.187,3.0,2.0,2.0,0.0,0.0,2.0,1.0,1.0,0.0,0.0,0.0
405,1.0,1.0,0.0,White,18.45,10,14.0,14.0,0.0,,82.821,3.0,2.0,2.0,0.0,0.0,2.0,3.0,2.0,0.0,0.0,0.0
406,1.0,0.0,1.0,White,18.45,10,14.0,14.0,0.0,,94.129,0.0,1.0,2.0,0.0,0.0,1.0,1.0,2.0,0.0,1.0,0.0
407,0.0,0.0,1.0,Hispanic,0.175,2,,,0.0,0.0,,10.0,2.0,3.0,0.0,0.0,3.0,3.0,3.0,0.0,0.0,0.0
408,1.0,0.0,0.0,Black,,2,,,0.0,0.0,50.883,6.0,2.0,2.0,1.0,0.0,1.0,1.0,1.0,0.0,1.0,0.0
409,0.0,0.0,1.0,Black,,4,,,0.0,0.0,,,3.0,2.0,0.0,0.0,3.0,2.0,2.0,1.0,0.0,0.0
410,0.0,0.0,0.0,Hispanic,0.175,5,,,0.0,,8.08,0.0,4.0,2.0,0.0,0.0,3.0,3.0,3.0,0.0,0.0,1.0
411,0.0,0.0,1.0,Hispanic,,6,,,,0.0,24.968,,3.0,4.0,0.0,6.0,,,1.0,1.0,1.0,0.0
412,1.0,0.0,0.0,Hispanic,,6,,,,0.0,30.74,3.0,3.0,2.0,0.0,0.0,2.0,1.0,1.0,1.0,1.0,0.0
413,0.0,0.0,0.0,Black,,2,13.0,,,,,2.0,2.0,2.0,0.0,0.0,2.0,2.0,1.0,0.0,0.0,0.0
414,0.0,0.0,1.0,Black,0.05,3,11.0,11.0,0.0,,16.02,10.0,3.0,3.0,0.0,0.0,3.0,3.0,3.0,0.0,,0.0
415,0.0,0.0,1.0,White,60.0,4,12.0,14.0,0.0,0.0,16.817,10.0,2.0,2.0,2.0,0.0,4.0,4.0,2.0,0.0,0.0,0.0
416,1.0,0.0,1.0,Asian,,5,16.0,17.0,0.0,0.0,99.561,0.0,1.0,3.0,0.0,0.0,2.0,2.0,1.0,0.0,0.0,0.0
417,1.0,0.0,1.0,White,56.98,3,14.0,16.0,0.0,,28.489,11.0,2.0,2.0,0.0,0.0,5.0,4.0,1.0,0.0,0.0,0.0
418,1.0,0.0,0.0,White,,4,13.0,13.0,0.0,,,3.0,1.0,1.0,0.0,0.0,3.0,2.0,1.0,0.0,,0.0
419,1.0,0.0,0.0,White,60.0,5,14.0,16.0,0.0,0.0,90.936,4.0,2.0,2.0,0.0,0.0,1.0,1.0,1.0,0.0,0.0,0.0
420,1.0,0.0,0.0,Other,,5,17.0,20.0,0.0,0.0,,13.0,2.0,1.0,0.0,0.0,2.0,2.0,1.0,0.0,1.0,1.0
421,1.0,0.0,0.0,White,8.875,4,16.0,,0.0,,,7.0,2.0,2.0,0.0,0.0,1.0,3.0,3.0,0.0,0.0,1.0
422,1.0,0.0,0.0,Other,8.4,4,15.0,20.0,0.0,0.0,,2.0,2.0,2.0,0.0,0.0,3.0,4.0,2.0,,0.0,0.0
423,1.0,0.0,1.0,Other,8.4,4,12.0,,0.0,0.0,,15.0,2.0,4.0,0.0,1.0,2.0,1.0,1.0,,0.0,0.0
424,1.0,0.0,1.0,Hispanic,,5,17.0,17.0,0.0,0.0,83.087,2.0,2.0,1.0,0.0,0.0,2.0,1.0,1.0,0.0,0.0,0.0
425,1.0,0.0,1.0,White,7.65,4,12.0,16.0,0.0,0.0,96.531,3.0,3.0,3.0,1.0,0.0,3.0,2.0,3.0,1.0,0.0,0.0
426,0.0,0.0,1.0,Hispanic,0.625,3,,5.0,0.0,0.0,2.417,20.0,2.0,2.0,5.0,0.0,1.0,1.0,1.0,0.0,0.0,0.0
427,0.0,0.0,0.0,Hispanic,1.125,6,,6.0,0.0,0.0,15.242,5.0,2.0,2.0,0.0,0.0,2.0,2.0,1.0,0.0,,0.0
428,1.0,0.0,1.0,Hispanic,,6,,6.0,,,8.618,1.0,2.0,2.0,0.0,0.0,2.0,1.0,1.0,0.0,,0.0
429,0.0,0.0,0.0,White,1.5636,4,12.0,11.0,0.0,0.0,41.516,20.0,2.0,2.0,50.0,1.0,1.0,1.0,4.0,,1.0,1.0
430,1.0,0.0,0.0,White,9.875,5,16.0,14.0,0.0,,,4.0,2.0,1.0,0.0,0.0,1.0,1.0,2.0,0.0,0.0,0.0
431,0.0,0.0,1.0,Hispanic,0.1327,4,15.0,12.0,0.0,,24.639,3.0,1.0,1.0,0.0,0.0,2.0,1.0,3.0,0.0,0.0,0.0
432,0.0,0.0,0.0,Hispanic,-0.025,5,16.0,,0.0,0.0,20.973,8.0,1.0,3.0,0.0,0.0,4.0,3.0,3.0,0.0,,1.0
433,1.0,0.0,1.0,Hispanic,-0.025,5,16.0,,0.0,0.0,,4.0,2.0,2.0,0.0,0.0,1.0,1.0,1.0,0.0,,0.0
434,0.0,0.0,0.0,White,60.0,4,12.0,16.0,0.0,0.0,34.64,8.0,3.0,3.0,10.0,2.0,4.0,4.0,2.0,1.0,0.0,0.0
435,1.0,0.0,1.0,Hispanic,0.325,3,14.0,6.0,0.0,0.0,,6.0,2.0,1.0,0.0,0.0,2.0,1.0,1.0,0.0,,0.0
436,0.0,0.0,1.0,Hispanic,0.1,4,6.0,6.0,0.0,0.0,,2.0,3.0,3.0,0.0,0.0,3.0,1.0,5.0,0.0,,0.0
437,1.0,0.0,1.0,Hispanic,0.575,5,,,0.0,0.0,42.467,4.0,1.0,1.0,0.0,0.0,2.0,2.0,2.0,0.0,0.0,0.0
438,1.0,0.0,0.0,Hispanic,0.575,5,,,0.0,0.0,22.45,20.0,2.0,2.0,0.0,0.0,1.0,2.0,2.0,0.0,0.0,0.0
439,0.0,0.0,1.0,Hispanic,0.575,5,,,0.0,0.0,0.999,23.0,2.0,2.0,0.0,0.0,2.0,2.0,2.0,0.0,0.0,0.0
440,1.0,0.0,0.0,Hispanic,0.175,5,,9.0,0.0,0.0,30.844,2.0,3.0,2.0,0.0,0.0,2.0,2.0,2.0,1.0,0.0,1.0
441,0.0,1.0,0.0,Hispanic,0.175,5,,9.0,0.0,0.0,4.79,21.0,3.0,3.0,15.0,1.0,3.0,4.0,3.0,0.0,1.0,1.0
442,0.0,0.0,1.0,Hispanic,,3,12.0,,,0.0,,2.0,2.0,1.0,0.0,0.0,2.0,1.0,2.0,0.0,,0.0
443,0.0,0.0,0.0,Hispanic,,4,12.0,,0.0,0.0,,5.0,2.0,3.0,0.0,0.0,1.0,1.0,1.0,0.0,0.0,0.0
444,0.0,0.0,1.0,Hispanic,,4,12.0,,0.0,0.0,,15.0,3.0,2.0,0.0,0.0,1.0,2.0,2.0,0.0,0.0,0.0
445,0.0,0.0,0.0,Hispanic,,3,,,,0.0,,5.0,2.0,2.0,0.0,0.0,3.0,2.0,1.0,0.0,,0.0
446,0.0,0.0,0.0,Hispanic,,2,,,,0.0,,1.0,2.0,2.0,0.0,1.0,2.0,3.0,1.0,0.0,0.0,1.0
447,0.0,0.0,1.0,Hispanic,0.5,5,12.0,12.0,0.0,0.0,,1.0,2.0,2.0,0.0,0.0,3.0,2.0,2.0,0.0,0.0,
448,0.0,0.0,1.0,Hispanic,0.5,5,12.0,12.0,0.0,0.0,,3.0,2.0,1.0,0.0,0.0,1.0,1.0,1.0,0.0,0.0,1.0
449,,,1.0,Hispanic,3.95,5,11.0,12.0,0.0,,,5.0,2.0,2.0,0.0,0.0,1.0,1.0,1.0,0.0,,0.0
450,1.0,0.0,1.0,Hispanic,0.05,8,6.0,6.0,0.0,0.0,,8.0,2.0,3.0,0.0,0.0,3.0,3.0,2.0,1.0,0.0,0.0
451,0.0,0.0,0.0,Hispanic,0.05,8,6.0,6.0,0.0,0.0,,20.0,2.0,2.0,0.0,3.0,4.0,3.0,3.0,0.0,1.0,1.0
452,0.0,0.0,1.0,Hispanic,0.12,8,,,0.0,,,75.0,2.0,2.0,0.0,10.0,1.0,1.0,2.0,0.0,,0.0
453,0.0,0.0,1.0,Hispanic,0.12,8,,,0.0,,,10.0,2.0,3.0,3.0,2.0,4.0,2.0,2.0,1.0,,0.0
454,1.0,0.0,0.0,Hispanic,0.175,3,6.0,,0.0,0.0,57.742,2.0,1.0,1.0,0.0,0.0,1.0,1.0,1.0,1.0,0.0,0.0
455,1.0,0.0,0.0,Hispanic,2.3,4,,,0.0,,,1.0,1.0,4.0,0.0,0.0,1.0,1.0,1.0,0.0,0.0,0.0
456,0.0,0.0,0.0,Hispanic,0.95,8,12.0,3.0,0.0,0.0,68.666,0.0,3.0,4.0,0.0,1.0,1.0,1.0,1.0,1.0,0.0,0.0
457,0.0,0.0,0.0,Hispanic,,11,,6.0,,0.0,,1.0,2.0,2.0,0.0,0.0,1.0,2.0,2.0,0.0,0.0,0.0
458,1.0,0.0,0.0,Hispanic,,11,6.0,6.0,,0.0,,2.0,1.0,1.0,0.0,0.0,1.0,1.0,1.0,0.0,0.0,0.0
459,1.0,0.0,1.0,Hispanic,-0.09,4,6.0,12.0,0.0,0.0,47.12,0.0,1.0,2.0,0.0,0.0,1.0,1.0,1.0,0.0,0.0,0.0
460,0.0,0.0,1.0,Hispanic,0.05,8,9.0,6.0,0.0,0.0,2.01,7.0,3.0,4.0,0.0,0.0,1.0,1.0,3.0,0.0,0.0,0.0
461,0.0,0.0,1.0,Hispanic,0.05,8,9.0,6.0,0.0,0.0,13.978,,2.0,2.0,0.0,0.0,1.0,5.0,2.0,0.0,0.0,0.0
462,0.0,0.0,1.0,Hispanic,0.26,12,,,0.0,,,2.0,2.0,1.0,0.0,0.0,1.0,1.0,3.0,0.0,0.0,0.0
463,0.0,0.0,0.0,Hispanic,0.26,12,,,1.0,0.0,,1.0,2.0,2.0,0.0,0.0,1.0,1.0,1.0,0.0,0.0,0.0
464,1.0,0.0,1.0,Hispanic,1.12,4,8.0,7.0,0.0,0.0,26.273,4.0,1.0,2.0,0.0,0.0,4.0,2.0,4.0,0.0,0.0,0.0
465,0.0,0.0,1.0,Hispanic,1.12,4,8.0,7.0,0.0,0.0,,3.0,2.0,1.0,1.0,0.0,3.0,4.0,4.0,0.0,0.0,0.0
466,0.0,1.0,0.0,Hispanic,,5,4.0,,,,7.468,5.0,3.0,2.0,0.0,0.0,1.0,1.0,1.0,0.0,0.0,1.0
467,0.0,0.0,1.0,Hispanic,0.455,6,6.0,10.0,1.0,0.0,,2.0,2.0,2.0,0.0,0.0,1.0,1.0,3.0,0.0,0.0,1.0
468,1.0,0.0,1.0,Hispanic,0.355,5,,,0.0,0.0,,2.0,1.0,2.0,0.0,0.0,4.0,3.0,2.0,0.0,0.0,0.0
469,1.0,0.0,1.0,Hispanic,0.355,5,12.0,9.0,0.0,0.0,,0.0,1.0,2.0,0.0,0.0,2.0,2.0,2.0,0.0,0.0,0.0
470,0.0,0.0,1.0,Hispanic,,3,9.0,16.0,,0.0,,1.0,2.0,2.0,0.0,0.0,2.0,1.0,1.0,0.0,0.0,0.0
471,0.0,0.0,0.0,Hispanic,-0.4885,6,3.0,6.0,0.0,0.0,19.146,5.0,2.0,2.0,0.0,3.0,5.0,5.0,2.0,0.0,0.0,0.0
472,1.0,0.0,1.0,Hispanic,-0.4885,6,3.0,6.0,0.0,0.0,40.55,8.0,2.0,2.0,0.0,0.0,,1.0,,0.0,0.0,0.0
473,0.0,0.0,1.0,Hispanic,0.76,2,12.0,13.0,0.0,0.0,,21.0,2.0,1.0,0.0,0.0,4.0,3.0,4.0,1.0,,0.0
474,1.0,0.0,1.0,Hispanic,,6,,,,0.0,,1.0,1.0,2.0,0.0,0.0,1.0,1.0,1.0,0.0,0.0,0.0
475,1.0,1.0,0.0,Hispanic,,5,10.0,12.0,0.0,0.0,15.463,4.0,2.0,2.0,4.0,0.0,3.0,2.0,4.0,0.0,0.0,0.0
476,0.0,0.0,0.0,Black,,2,12.0,10.0,,0.0,,1.0,2.0,1.0,0.0,0.0,1.0,1.0,2.0,1.0,0.0,0.0
477,1.0,0.0,1.0,Hispanic,,3,,12.0,,0.0,,30.0,4.0,4.0,8.0,0.0,4.0,4.0,4.0,0.0,0.0,0.0
478,1.0,0.0,1.0,White,16.475,5,,,0.0,0.0,,7.0,1.0,3.0,1.0,0.0,2.0,1.0,1.0,0.0,0.0,0.0
479,1.0,0.0,1.0,Hispanic,,5,6.0,9.0,,0.0,,5.0,2.0,2.0,0.0,0.0,2.0,2.0,1.0,0.0,0.0,0.0
480,1.0,0.0,1.0,Hispanic,0.875,7,3.0,,0.0,,,10.0,1.0,4.0,0.0,0.0,3.0,2.0,1.0,0.0,0.0,0.0
481,0.0,0.0,0.0,Hispanic,0.875,7,3.0,,0.0,0.0,,10.0,1.0,2.0,1.0,1.0,1.0,1.0,2.0,0.0,0.0,0.0
482,1.0,0.0,0.0,Black,4.25,3,,,0.0,1.0,30.629,2.0,1.0,1.0,0.0,0.0,1.0,1.0,1.0,0.0,0.0,0.0
483,1.0,0.0,0.0,Hispanic,6.375,3,13.0,,0.0,0.0,94.974,5.0,1.0,2.0,0.0,0.0,2.0,2.0,1.0,0.0,0.0,0.0
484,1.0,0.0,1.0,Hispanic,6.375,3,13.0,,0.0,0.0,66.93,0.0,1.0,2.0,0.0,0.0,2.0,2.0,1.0,0.0,0.0,0.0
485,1.0,0.0,0.0,Asian,,6,18.0,,,0.0,,1.0,2.0,2.0,0.0,0.0,2.0,2.0,,0.0,1.0,0.0
486,1.0,0.0,1.0,White,10.1,4,14.0,12.0,0.0,,74.54,7.0,2.0,3.0,0.0,0.0,4.0,3.0,1.0,0.0,0.0,0.0
487,1.0,0.0,0.0,White,10.1,4,14.0,12.0,0.0,0.0,6.538,7.0,2.0,4.0,0.0,0.0,1.0,1.0,,0.0,0.0,0.0
488,1.0,0.0,1.0,White,26.6501,3,14.0,10.0,0.0,0.0,26.452,13.0,3.0,2.0,0.0,1.0,5.0,3.0,2.0,1.0,1.0,0.0
489,0.0,0.0,1.0,White,0.8,2,13.0,,0.0,,,0.0,1.0,2.0,1.0,0.0,2.0,2.0,1.0,1.0,1.0,0.0
490,1.0,0.0,0.0,Other,-0.15,4,17.0,17.0,0.0,0.0,98.786,4.0,2.0,2.0,0.0,1.0,1.0,1.0,1.0,0.0,0.0,0.0
491,0.0,,0.0,Other,-0.15,4,17.0,17.0,0.0,,44.976,2.0,1.0,2.0,0.0,0.0,1.0,1.0,1.0,0.0,,0.0
492,1.0,0.0,1.0,Asian,,4,16.0,16.0,,0.0,59.73,1.0,2.0,2.0,1.0,0.0,2.0,1.0,2.0,1.0,0.0,0.0
493,0.0,0.0,0.0,Other,,6,12.0,17.0,,0.0,,0.0,3.0,2.0,0.0,0.0,2.0,2.0,1.0,1.0,,0.0
494,,,1.0,Hispanic,,5,16.0,12.0,,,,7.0,1.0,3.0,0.0,0.0,2.0,1.0,2.0,1.0,,0.0
495,0.0,,0.0,Hispanic,,5,16.0,12.0,,,,1.0,2.0,1.0,0.0,0.0,1.0,1.0,1.0,0.0,,0.0
496,1.0,0.0,0.0,Hispanic,,5,12.0,12.0,,0.0,,0.0,2.0,2.0,0.0,4.0,1.0,1.0,1.0,0.0,0.0,0.0
497,1.0,0.0,1.0,Other,19.15,5,13.0,16.0,0.0,,,5.0,2.0,3.0,0.0,0.0,3.0,2.0,1.0,0.0,0.0,0.0
498,1.0,0.0,1.0,White,46.55,7,16.0,20.0,0.0,0.0,,5.0,2.0,2.0,0.0,0.0,2.0,2.0,1.0,0.0,1.0,0.0
499,,,1.0,Hispanic,4.95,3,13.0,12.0,0.0,,,1.0,2.0,2.0,0.0,0.0,4.0,3.0,2.0,0.0,,0.0
500,1.0,,0.0,White,0.56,7,14.0,14.0,0.0,,54.409,14.0,2.0,2.0,0.0,0.0,4.0,2.0,2.0,1.0,,0.0
501,1.0,,0.0,White,0.56,7,12.0,12.0,0.0,,8.218,6.0,2.0,2.0,0.0,0.0,3.0,3.0,,0.0,,0.0
502,0.0,,0.0,White,0.56,7,14.0,14.0,0.0,,66.987,13.0,2.0,2.0,0.0,0.0,2.0,1.0,2.0,0.0,,0.0
503,1.0,0.0,0.0,White,12.7,5,12.0,16.0,0.0,0.0,52.227,6.0,2.0,2.0,0.0,0.0,1.0,1.0,1.0,0.0,0.0,0.0
504,0.0,,1.0,White,,5,12.0,12.0,0.0,,19.388,3.0,1.0,3.0,4.0,0.0,1.0,1.0,1.0,1.0,,0.0
505,1.0,0.0,0.0,Hispanic,5.705,3,12.0,14.0,0.0,,78.65,0.0,2.0,2.0,0.0,1.0,1.0,1.0,2.0,1.0,,0.0
506,1.0,,0.0,White,0.235,2,12.0,14.0,0.0,,69.845,4.0,2.0,1.0,0.0,0.0,2.0,1.0,1.0,0.0,,0.0
507,1.0,0.0,1.0,Asian,,5,6.0,6.0,,0.0,9.152,0.0,2.0,2.0,0.0,0.0,1.0,1.0,2.0,0.0,0.0,0.0
508,0.0,1.0,0.0,Hispanic,,4,3.0,3.0,1.0,0.0,20.532,10.0,1.0,2.0,0.0,0.0,1.0,1.0,1.0,0.0,0.0,0.0
509,0.0,0.0,1.0,Black,0.345,2,15.0,,0.0,,27.912,4.0,2.0,2.0,0.0,0.0,1.0,1.0,1.0,0.0,0.0,0.0
510,0.0,0.0,0.0,Hispanic,0.175,3,6.0,,0.0,,,10.0,1.0,1.0,0.0,0.0,4.0,2.0,2.0,0.0,1.0,0.0
511,0.0,1.0,0.0,Hispanic,,6,6.0,4.0,,0.0,19.706,12.0,2.0,2.0,0.0,1.0,2.0,2.0,1.0,,0.0,1.0
512,0.0,1.0,1.0,Hispanic,-0.15,6,4.0,4.0,0.0,0.0,,6.0,2.0,2.0,1.0,0.0,1.0,1.0,3.0,0.0,1.0,0.0
513,0.0,0.0,0.0,Hispanic,-0.15,6,4.0,4.0,0.0,0.0,,6.0,2.0,3.0,0.0,2.0,1.0,1.0,1.0,0.0,1.0,1.0
514,0.0,0.0,1.0,Hispanic,0.175,4,9.0,9.0,0.0,,,5.0,1.0,2.0,0.0,0.0,1.0,1.0,1.0,0.0,,0.0
515,0.0,0.0,1.0,Hispanic,0.95,7,12.0,,0.0,0.0,14.734,5.0,2.0,3.0,0.0,0.0,2.0,1.0,2.0,1.0,0.0,0.0
516,0.0,0.0,0.0,Hispanic,0.95,7,12.0,,0.0,0.0,7.873,4.0,2.0,3.0,0.0,1.0,1.0,2.0,1.0,0.0,0.0,0.0
517,0.0,0.0,0.0,Hispanic,,5,8.0,,,0.0,,0.0,1.0,1.0,0.0,0.0,3.0,2.0,2.0,0.0,0.0,0.0
518,0.0,0.0,1.0,Hispanic,,5,8.0,,,0.0,,1.0,2.0,2.0,0.0,0.0,1.0,1.0,2.0,0.0,0.0,0.0
519,1.0,0.0,1.0,Hispanic,,4,12.0,4.0,,0.0,,,1.0,2.0,,,3.0,3.0,5.0,0.0,0.0,0.0
520,0.0,0.0,0.0,Hispanic,,4,8.0,5.0,,0.0,,0.0,2.0,2.0,0.0,0.0,2.0,1.0,2.0,0.0,0.0,1.0
521,0.0,1.0,0.0,Hispanic,,4,8.0,5.0,,0.0,,2.0,2.0,3.0,0.0,0.0,2.0,,2.0,0.0,0.0,1.0
522,0.0,0.0,0.0,Hispanic,0.675,3,12.0,,0.0,0.0,15.606,3.0,2.0,1.0,0.0,0.0,1.0,1.0,2.0,,0.0,0.0
523,0.0,0.0,1.0,White,18.495,4,12.0,14.0,0.0,0.0,32.067,0.0,2.0,2.0,0.0,0.0,4.0,4.0,3.0,1.0,1.0,0.0
524,0.0,0.0,0.0,Hispanic,,4,12.0,,,0.0,29.74,13.0,2.0,1.0,0.0,0.0,3.0,3.0,1.0,0.0,0.0,1.0
525,0.0,0.0,0.0,Hispanic,,5,6.0,9.0,0.0,0.0,,3.0,2.0,2.0,0.0,0.0,4.0,4.0,1.0,0.0,0.0,1.0
526,0.0,0.0,0.0,Hispanic,,5,6.0,9.0,0.0,0.0,,5.0,2.0,2.0,0.0,0.0,3.0,1.0,2.0,0.0,0.0,1.0
527,1.0,0.0,0.0,White,,4,17.0,20.0,0.0,0.0,93.56,15.0,4.0,2.0,0.0,0.0,3.0,1.0,1.0,0.0,1.0,0.0
528,0.0,0.0,1.0,White,45.75,4,,12.0,0.0,0.0,55.307,9.0,3.0,2.0,0.0,0.0,3.0,3.0,2.0,0.0,0.0,0.0
529,1.0,0.0,1.0,Hispanic,1.475,7,14.0,,0.0,1.0,90.458,20.0,2.0,1.0,0.0,0.0,2.0,2.0,,0.0,0.0,0.0
530,0.0,1.0,1.0,White,,4,16.0,16.0,0.0,0.0,,4.0,2.0,2.0,0.0,0.0,2.0,1.0,2.0,0.0,0.0,0.0
531,0.0,1.0,1.0,Hispanic,,8,6.0,6.0,,,,30.0,1.0,2.0,0.0,0.0,1.0,1.0,1.0,0.0,,0.0
532,,,1.0,Hispanic,,8,6.0,6.0,,,,5.0,2.0,2.0,0.0,1.0,1.0,1.0,2.0,0.0,,0.0
533,1.0,0.0,1.0,Asian,,6,,,,,62.007,2.0,1.0,2.0,0.0,0.0,1.0,1.0,1.0,0.0,0.0,0.0
534,0.0,0.0,1.0,Hispanic,,4,6.0,6.0,,0.0,24.444,2.0,2.0,1.0,0.0,0.0,4.0,3.0,2.0,0.0,1.0,0.0
535,1.0,0.0,1.0,Asian,,4,16.0,16.0,,0.0,72.473,2.0,1.0,2.0,0.0,0.0,3.0,3.0,2.0,0.0,,0.0
536,1.0,0.0,0.0,Hispanic,,8,9.0,9.0,,0.0,26.653,20.0,3.0,3.0,0.0,6.0,2.0,2.0,2.0,0.0,0.0,0.0
537,,0.0,0.0,White,-0.2235,4,13.0,10.0,0.0,0.0,5.305,15.0,1.0,2.0,0.0,0.0,4.0,3.0,1.0,1.0,0.0,0.0
538,0.0,0.0,1.0,White,-0.2235,4,13.0,10.0,0.0,0.0,15.014,5.0,2.0,3.0,0.0,0.0,4.0,1.0,1.0,0.0,0.0,1.0
539,0.0,0.0,0.0,Hispanic,14.85,3,16.0,,0.0,,,2.0,2.0,2.0,0.0,0.0,2.0,3.0,1.0,1.0,1.0,0.0
540,1.0,0.0,1.0,Hispanic,14.85,3,16.0,,0.0,0.0,,3.0,2.0,2.0,0.0,0.0,2.0,2.0,1.0,0.0,0.0,0.0
541,0.0,0.0,1.0,Hispanic,,7,12.0,12.0,,,,5.0,2.0,2.0,0.0,0.0,2.0,2.0,1.0,0.0,,0.0
542,1.0,0.0,1.0,Black,60.0,3,16.0,15.0,0.0,0.0,77.604,0.0,2.0,1.0,0.0,0.0,2.0,1.0,1.0,1.0,0.0,0.0
543,1.0,0.0,0.0,Hispanic,5.25,3,8.0,6.0,0.0,1.0,61.988,20.0,2.0,3.0,0.0,1.0,3.0,3.0,1.0,0.0,0.0,0.0
544,1.0,0.0,0.0,White,60.0,4,,,0.0,0.0,95.302,0.0,1.0,3.0,0.0,0.0,1.0,2.0,1.0,0.0,0.0,0.0
545,0.0,0.0,0.0,Black,,2,14.0,,,,45.886,0.0,2.0,2.0,0.0,0.0,3.0,4.0,1.0,1.0,0.0,1.0
546,1.0,0.0,0.0,Asian,,4,16.0,16.0,0.0,,92.687,5.0,2.0,2.0,0.0,0.0,1.0,2.0,1.0,0.0,0.0,1.0
547,1.0,0.0,0.0,White,60.0,5,18.0,16.0,0.0,0.0,91.29,3.0,1.0,2.0,0.0,0.0,1.0,1.0,1.0,0.0,0.0,1.0
548,0.0,1.0,1.0,White,60.0,3,12.0,13.0,0.0,0.0,65.106,3.0,2.0,4.0,0.0,0.0,3.0,1.0,2.0,1.0,0.0,0.0
549,1.0,0.0,0.0,White,8.58,3,16.0,16.0,0.0,0.0,,4.0,2.0,2.0,2.0,0.0,4.0,4.0,1.0,0.0,0.0,1.0
550,1.0,0.0,0.0,White,,3,18.0,16.0,0.0,,99.648,5.0,2.0,2.0,0.0,0.0,1.0,1.0,1.0,0.0,0.0,0.0
551,1.0,0.0,0.0,Asian,60.0,5,14.0,16.0,0.0,0.0,91.323,5.0,2.0,2.0,0.0,0.0,2.0,1.0,1.0,0.0,0.0,0.0
552,1.0,,0.0,White,23.45,5,15.0,12.0,0.0,,67.641,0.0,2.0,2.0,0.0,0.0,3.0,3.0,1.0,0.0,,0.0
553,,,0.0,White,23.45,5,15.0,12.0,0.0,,18.347,2.0,2.0,2.0,5.0,0.0,2.0,1.0,1.0,0.0,,0.0
554,0.0,0.0,0.0,White,3.36,5,13.0,12.0,0.0,,29.928,4.0,2.0,4.0,0.0,0.0,3.0,3.0,1.0,,,1.0
555,1.0,0.0,0.0,White,4.63,4,16.0,14.0,0.0,0.0,82.274,0.0,2.0,2.0,2.0,0.0,1.0,1.0,1.0,0.0,0.0,0.0
556,1.0,0.0,1.0,White,1.79,8,16.0,20.0,0.0,0.0,82.153,1.0,2.0,2.0,0.0,0.0,3.0,4.0,3.0,0.0,0.0,0.0
557,0.0,0.0,1.0,Hispanic,11.82,4,18.0,16.0,0.0,0.0,71.808,8.0,2.0,2.0,0.0,0.0,3.0,4.0,2.0,0.0,0.0,1.0
558,1.0,0.0,0.0,White,44.25,3,8.0,15.0,0.0,0.0,,3.0,2.0,2.0,0.0,0.0,1.0,1.0,1.0,0.0,0.0,0.0
559,1.0,0.0,1.0,White,14.25,2,18.0,12.0,0.0,,70.469,10.0,2.0,2.0,0.0,0.0,3.0,1.0,2.0,0.0,0.0,0.0
560,1.0,0.0,1.0,White,2.9467,4,13.0,12.0,0.0,0.0,19.24,4.0,2.0,2.0,0.0,0.0,3.0,3.0,2.0,0.0,0.0,0.0
561,0.0,0.0,0.0,White,2.9467,4,13.0,12.0,0.0,0.0,65.918,0.0,3.0,3.0,4.0,2.0,1.0,1.0,2.0,0.0,0.0,0.0
562,1.0,0.0,1.0,Hispanic,4.92,4,12.0,8.0,0.0,,19.305,0.0,3.0,1.0,0.0,0.0,1.0,1.0,1.0,0.0,0.0,0.0
563,0.0,0.0,0.0,White,2.803,4,9.0,,0.0,0.0,3.029,5.0,2.0,2.0,1.0,0.0,4.0,2.0,5.0,0.0,0.0,0.0
564,1.0,0.0,0.0,White,10.0651,3,13.0,12.0,0.0,0.0,81.035,2.0,2.0,2.0,0.0,0.0,1.0,1.0,2.0,1.0,0.0,0.0
565,0.0,0.0,0.0,Hispanic,5.6,5,12.0,12.0,0.0,0.0,51.465,4.0,3.0,2.0,0.0,0.0,3.0,1.0,1.0,0.0,0.0,1.0
566,0.0,0.0,1.0,Hispanic,,4,8.0,8.0,,0.0,48.296,0.0,2.0,2.0,0.0,0.0,2.0,2.0,1.0,0.0,0.0,0.0
567,0.0,,0.0,White,,5,12.0,11.0,0.0,,32.38,8.0,4.0,4.0,0.0,0.0,4.0,4.0,3.0,1.0,,0.0
568,0.0,0.0,0.0,White,,5,12.0,11.0,0.0,0.0,46.128,3.0,4.0,3.0,0.0,0.0,3.0,2.0,3.0,0.0,0.0,0.0
569,0.0,0.0,0.0,White,0.45,6,12.0,12.0,0.0,,21.926,30.0,2.0,2.0,2.0,0.0,3.0,3.0,4.0,0.0,,0.0
570,0.0,0.0,1.0,White,0.45,6,12.0,12.0,0.0,,23.397,5.0,2.0,3.0,0.0,0.0,2.0,1.0,2.0,0.0,,0.0
571,0.0,0.0,0.0,White,15.9,4,12.0,12.0,0.0,0.0,3.328,3.0,2.0,2.0,2.0,0.0,3.0,2.0,2.0,0.0,1.0,0.0
572,0.0,0.0,0.0,White,15.9,4,13.0,12.0,0.0,,74.836,0.0,2.0,4.0,0.0,0.0,3.0,2.0,1.0,0.0,,0.0
573,0.0,0.0,1.0,Hispanic,8.625,9,8.0,5.0,0.0,0.0,9.055,10.0,2.0,2.0,1.0,0.0,3.0,1.0,1.0,0.0,0.0,0.0
574,0.0,0.0,1.0,Hispanic,8.625,9,8.0,5.0,0.0,0.0,0.236,3.0,2.0,2.0,0.0,2.0,4.0,2.0,2.0,0.0,0.0,1.0
575,0.0,0.0,0.0,Asian,11.6901,5,16.0,,1.0,,,5.0,2.0,2.0,0.0,0.0,4.0,3.0,4.0,,,1.0
576,1.0,0.0,0.0,White,0.875,4,14.0,17.0,0.0,0.0,44.856,3.0,2.0,3.0,0.0,0.0,3.0,3.0,2.0,1.0,0.0,0.0
577,1.0,0.0,0.0,White,0.875,4,14.0,17.0,0.0,0.0,41.102,1.0,2.0,2.0,0.0,0.0,2.0,1.0,1.0,1.0,0.0,0.0
578,0.0,0.0,0.0,White,2.0899,5,14.0,14.0,0.0,0.0,53.141,2.0,2.0,2.0,0.0,0.0,2.0,1.0,1.0,0.0,0.0,1.0
579,1.0,0.0,1.0,White,60.0,4,12.0,12.0,0.0,1.0,55.555,3.0,2.0,3.0,0.0,0.0,2.0,3.0,1.0,0.0,0.0,0.0
580,1.0,0.0,0.0,White,60.0,4,12.0,12.0,0.0,1.0,36.129,0.0,2.0,3.0,0.0,0.0,2.0,1.0,2.0,0.0,0.0,0.0
581,1.0,0.0,0.0,Other,0.505,6,12.0,,0.0,0.0,28.983,0.0,1.0,2.0,0.0,0.0,4.0,3.0,2.0,0.0,0.0,0.0
582,0.0,0.0,1.0,Other,0.505,6,12.0,,0.0,0.0,8.072,0.0,2.0,1.0,0.0,0.0,1.0,2.0,1.0,0.0,0.0,0.0
583,1.0,0.0,1.0,White,0.475,4,16.0,14.0,0.0,0.0,75.19,5.0,2.0,3.0,0.0,0.0,4.0,5.0,3.0,1.0,1.0,0.0
584,1.0,0.0,1.0,White,,7,10.0,13.0,,0.0,81.343,3.0,2.0,1.0,0.0,0.0,3.0,4.0,2.0,0.0,0.0,0.0
585,0.0,0.0,1.0,White,,7,10.0,13.0,,0.0,91.965,3.0,1.0,2.0,0.0,0.0,2.0,2.0,1.0,0.0,0.0,0.0
586,0.0,0.0,0.0,Hispanic,0.13,5,10.0,12.0,0.0,0.0,38.632,1.0,2.0,2.0,0.0,0.0,3.0,2.0,1.0,0.0,1.0,0.0
587,1.0,1.0,1.0,Hispanic,0.13,5,10.0,12.0,0.0,0.0,58.11,1.0,2.0,1.0,1.0,0.0,1.0,1.0,1.0,0.0,,0.0
588,0.0,0.0,0.0,White,0.12,5,11.0,10.0,1.0,,7.209,5.0,2.0,2.0,3.0,7.0,5.0,5.0,5.0,0.0,0.0,1.0
589,1.0,0.0,0.0,White,0.12,5,11.0,10.0,1.0,1.0,9.35,4.0,4.0,3.0,0.0,1.0,2.0,3.0,1.0,0.0,0.0,1.0
590,0.0,0.0,0.0,White,,3,12.0,12.0,0.0,0.0,93.526,6.0,1.0,1.0,0.0,0.0,1.0,1.0,1.0,0.0,1.0,0.0
591,1.0,0.0,1.0,Hispanic,0.1194,5,12.0,10.0,0.0,1.0,71.51,2.0,1.0,2.0,0.0,0.0,2.0,1.0,1.0,0.0,0.0,0.0
592,0.0,0.0,1.0,Hispanic,0.1194,5,12.0,10.0,0.0,1.0,32.409,2.0,2.0,3.0,0.0,0.0,2.0,1.0,1.0,1.0,0.0,0.0
593,0.0,,1.0,Hispanic,4.22,6,12.0,13.0,0.0,,77.417,10.0,2.0,2.0,2.0,0.0,3.0,3.0,1.0,1.0,,0.0
594,0.0,0.0,1.0,Black,0.475,5,8.0,,0.0,0.0,0.0,3.0,2.0,4.0,0.0,2.0,5.0,1.0,5.0,0.0,0.0,0.0
595,0.0,0.0,1.0,Black,0.475,5,8.0,,0.0,1.0,,7.0,4.0,4.0,0.0,1.0,1.0,3.0,1.0,0.0,0.0,0.0
596,0.0,0.0,1.0,White,0.16,4,12.0,,0.0,,56.992,94.0,2.0,1.0,2.0,0.0,4.0,5.0,1.0,0.0,,0.0
597,1.0,0.0,1.0,White,0.16,4,12.0,,0.0,0.0,62.773,5.0,2.0,3.0,0.0,1.0,3.0,3.0,1.0,0.0,,0.0
598,1.0,0.0,0.0,Hispanic,9.25,3,12.0,12.0,0.0,0.0,30.224,2.0,2.0,2.0,0.0,0.0,3.0,2.0,1.0,1.0,0.0,0.0
599,0.0,0.0,1.0,Hispanic,0.05,4,2.0,,0.0,0.0,25.566,14.0,2.0,3.0,0.0,0.0,5.0,3.0,4.0,1.0,0.0,0.0
600,1.0,0.0,0.0,Hispanic,,7,2.0,12.0,,0.0,14.295,1.0,1.0,1.0,0.0,0.0,1.0,1.0,1.0,0.0,0.0,0.0
601,0.0,0.0,1.0,Hispanic,,4,8.0,12.0,,0.0,,2.0,2.0,2.0,0.0,0.0,2.0,4.0,5.0,0.0,,0.0
602,0.0,0.0,1.0,Hispanic,,4,8.0,12.0,,0.0,,9.0,2.0,2.0,0.0,0.0,2.0,1.0,1.0,0.0,,0.0
603,0.0,0.0,0.0,Hispanic,0.15,7,5.0,3.0,0.0,0.0,5.825,8.0,1.0,1.0,0.0,0.0,1.0,1.0,4.0,0.0,0.0,0.0
604,0.0,0.0,1.0,Hispanic,2.05,7,6.0,6.0,0.0,0.0,26.62,30.0,3.0,2.0,0.0,0.0,2.0,1.0,3.0,0.0,0.0,0.0
605,0.0,0.0,1.0,Hispanic,1.165,5,12.0,,0.0,,25.41,5.0,2.0,3.0,0.0,1.0,3.0,2.0,4.0,0.0,0.0,0.0
606,0.0,0.0,0.0,White,0.2513,3,16.0,12.0,0.0,1.0,70.761,7.0,1.0,1.0,2.0,1.0,5.0,5.0,3.0,1.0,1.0,0.0
607,1.0,1.0,1.0,White,0.2513,3,16.0,,1.0,,40.53,50.0,3.0,4.0,0.0,0.0,4.0,4.0,2.0,1.0,0.0,1.0
608,1.0,0.0,0.0,White,1.8375,3,12.0,12.0,0.0,0.0,81.071,0.0,1.0,1.0,0.0,0.0,1.0,1.0,1.0,0.0,1.0,0.0
609,0.0,0.0,1.0,White,38.6951,4,14.0,12.0,0.0,0.0,50.53,5.0,2.0,2.0,0.0,0.0,2.0,2.0,1.0,1.0,1.0,0.0
610,0.0,0.0,1.0,White,40.715,5,12.0,12.0,0.0,0.0,45.169,7.0,2.0,2.0,6.0,1.0,3.0,2.0,2.0,1.0,1.0,1.0
611,1.0,0.0,0.0,White,40.715,5,12.0,12.0,0.0,0.0,66.249,3.0,2.0,2.0,1.0,0.0,2.0,1.0,1.0,0.0,0.0,1.0
612,1.0,0.0,0.0,White,,4,17.0,16.0,0.0,0.0,95.262,0.0,2.0,2.0,0.0,0.0,1.0,1.0,1.0,0.0,0.0,0.0
613,0.0,0.0,0.0,White,13.8,3,12.0,12.0,0.0,0.0,82.822,7.0,2.0,2.0,0.0,0.0,3.0,3.0,3.0,0.0,0.0,0.0
614,1.0,0.0,1.0,Hispanic,,4,16.0,16.0,0.0,0.0,,3.0,2.0,2.0,0.0,0.0,4.0,5.0,,0.0,0.0,0.0
615,1.0,0.0,1.0,Hispanic,,5,13.0,13.0,0.0,,86.031,4.0,2.0,2.0,0.0,0.0,3.0,3.0,3.0,,0.0,0.0
616,1.0,0.0,0.0,Hispanic,,5,13.0,13.0,0.0,,90.977,6.0,3.0,3.0,0.0,0.0,1.0,1.0,2.0,0.0,0.0,0.0
617,0.0,0.0,1.0,Hispanic,0.175,7,,14.0,0.0,,,10.0,1.0,2.0,0.0,0.0,1.0,1.0,1.0,0.0,0.0,0.0
618,0.0,0.0,0.0,Hispanic,12.376,5,11.0,12.0,0.0,0.0,59.993,5.0,2.0,3.0,0.0,0.0,2.0,3.0,1.0,0.0,0.0,0.0
619,0.0,0.0,0.0,Hispanic,23.43,6,12.0,12.0,0.0,0.0,16.662,5.0,2.0,3.0,0.0,0.0,1.0,1.0,1.0,0.0,0.0,0.0
620,0.0,,0.0,Hispanic,0.05,8,9.0,,0.0,,,,3.0,2.0,,,1.0,1.0,1.0,,,0.0
621,0.0,0.0,0.0,Hispanic,-0.025,5,3.0,3.0,0.0,0.0,,2.0,2.0,2.0,0.0,2.0,4.0,4.0,3.0,0.0,,0.0
622,0.0,0.0,1.0,Hispanic,0.195,6,6.0,6.0,0.0,0.0,,5.0,2.0,2.0,0.0,0.0,1.0,1.0,1.0,0.0,0.0,0.0
623,0.0,0.0,0.0,Hispanic,0.195,6,6.0,6.0,0.0,,,3.0,3.0,2.0,0.0,0.0,3.0,2.0,2.0,0.0,0.0,0.0
624,1.0,0.0,1.0,Hispanic,0.295,4,4.0,4.0,0.0,0.0,32.603,10.0,3.0,3.0,0.0,0.0,2.0,5.0,1.0,1.0,,0.0
625,0.0,0.0,0.0,Hispanic,0.295,4,4.0,4.0,0.0,0.0,,10.0,2.0,2.0,0.0,0.0,1.0,1.0,1.0,0.0,,1.0
626,1.0,0.0,1.0,Hispanic,0.05,7,5.0,3.0,1.0,0.0,,1.0,2.0,2.0,0.0,0.0,1.0,1.0,2.0,0.0,0.0,0.0
627,0.0,0.0,0.0,White,,3,18.0,,0.0,,98.373,7.0,1.0,2.0,0.0,0.0,1.0,1.0,1.0,0.0,1.0,0.0
628,1.0,0.0,0.0,White,,5,15.0,17.0,0.0,0.0,51.088,5.0,2.0,2.0,0.0,0.0,2.0,2.0,1.0,0.0,0.0,0.0
629,0.0,0.0,1.0,White,16.09,5,12.0,16.0,0.0,,23.769,4.0,2.0,3.0,0.0,0.0,2.0,1.0,1.0,0.0,0.0,0.0
630,0.0,0.0,0.0,White,0.35,3,14.0,12.0,0.0,0.0,63.361,6.0,2.0,2.0,0.0,0.0,3.0,4.0,1.0,1.0,0.0,0.0
631,1.0,0.0,0.0,White,,5,13.0,13.0,0.0,,73.932,0.0,2.0,1.0,0.0,0.0,2.0,2.0,1.0,0.0,,0.0
632,1.0,0.0,1.0,White,,5,13.0,13.0,0.0,0.0,93.903,2.0,2.0,2.0,0.0,0.0,2.0,1.0,1.0,0.0,,0.0
633,1.0,0.0,1.0,White,,5,13.0,13.0,0.0,0.0,92.188,2.0,2.0,2.0,0.0,0.0,2.0,1.0,1.0,0.0,0.0,0.0
634,1.0,0.0,1.0,White,16.0001,6,,12.0,0.0,0.0,40.896,4.0,2.0,2.0,0.0,0.0,4.0,5.0,3.0,1.0,,0.0
635,1.0,0.0,1.0,White,,2,12.0,18.0,0.0,0.0,64.248,5.0,1.0,2.0,1.0,0.0,5.0,5.0,3.0,1.0,1.0,0.0
636,1.0,0.0,0.0,White,23.1,3,14.0,14.0,0.0,0.0,,5.0,2.0,2.0,2.0,0.0,1.0,1.0,1.0,0.0,,0.0
637,1.0,0.0,1.0,Hispanic,1.755,6,12.0,13.0,0.0,0.0,,3.0,1.0,1.0,0.0,0.0,4.0,3.0,1.0,0.0,,0.0
638,1.0,0.0,0.0,White,,4,12.0,12.0,0.0,0.0,97.225,4.0,1.0,2.0,0.0,0.0,1.0,1.0,1.0,0.0,0.0,0.0
639,1.0,0.0,1.0,White,60.0,3,12.0,14.0,0.0,0.0,,1.0,2.0,3.0,0.0,0.0,2.0,1.0,1.0,1.0,1.0,0.0
640,1.0,0.0,0.0,White,28.025,5,16.0,16.0,0.0,0.0,54.911,1.0,2.0,2.0,0.0,0.0,1.0,1.0,2.0,0.0,0.0,1.0
641,1.0,0.0,1.0,White,11.825,4,15.0,17.0,0.0,0.0,,6.0,2.0,2.0,0.0,0.0,2.0,2.0,1.0,0.0,,0.0
642,1.0,0.0,0.0,White,,4,12.0,14.0,0.0,0.0,72.046,0.0,2.0,2.0,0.0,0.0,2.0,1.0,1.0,0.0,0.0,0.0
643,0.0,0.0,0.0,White,,4,12.0,14.0,0.0,0.0,70.22,0.0,1.0,2.0,0.0,0.0,3.0,2.0,1.0,0.0,,0.0
644,0.0,,0.0,Other,21.1001,6,5.0,5.0,0.0,,,15.0,2.0,3.0,0.0,0.0,5.0,2.0,1.0,,,1.0
645,0.0,0.0,0.0,Other,21.1001,6,5.0,5.0,0.0,,,5.0,2.0,3.0,0.0,1.0,5.0,4.0,2.0,0.0,,0.0
646,,,0.0,Black,0.56,4,12.0,12.0,0.0,,,2.0,2.0,4.0,0.0,0.0,5.0,2.0,3.0,0.0,,0.0
647,1.0,0.0,0.0,White,24.65,5,17.0,12.0,0.0,0.0,29.055,0.0,3.0,3.0,3.0,0.0,4.0,4.0,1.0,0.0,1.0,0.0
648,1.0,0.0,0.0,White,36.9501,5,14.0,14.0,0.0,0.0,21.187,0.0,2.0,1.0,0.0,0.0,5.0,4.0,1.0,0.0,0.0,0.0
649,1.0,0.0,0.0,White,36.9501,5,14.0,14.0,0.0,0.0,49.154,0.0,2.0,2.0,0.0,0.0,4.0,2.0,1.0,1.0,0.0,1.0
650,1.0,0.0,1.0,White,36.9501,5,14.0,14.0,0.0,0.0,23.206,2.0,2.0,1.0,0.0,0.0,3.0,1.0,2.0,0.0,1.0,0.0
651,0.0,0.0,1.0,White,0.1,7,12.0,12.0,0.0,,,1.0,2.0,2.0,2.0,0.0,3.0,4.0,1.0,0.0,0.0,0.0
652,0.0,0.0,1.0,White,0.1,7,12.0,12.0,0.0,0.0,,0.0,2.0,1.0,0.0,0.0,2.0,1.0,2.0,0.0,0.0,0.0
653,0.0,0.0,0.0,White,23.94,6,16.0,20.0,0.0,0.0,91.568,6.0,2.0,1.0,10.0,3.0,1.0,1.0,1.0,1.0,0.0,0.0
654,1.0,0.0,1.0,White,14.375,4,14.0,16.0,0.0,0.0,80.727,4.0,2.0,2.0,0.0,0.0,2.0,2.0,2.0,0.0,1.0,0.0
655,0.0,0.0,1.0,White,24.02,3,11.0,11.0,0.0,1.0,26.792,5.0,2.0,3.0,0.0,0.0,3.0,5.0,1.0,0.0,,0.0
656,0.0,0.0,0.0,Hispanic,,4,12.0,,0.0,0.0,,2.0,2.0,3.0,0.0,0.0,2.0,1.0,2.0,0.0,0.0,0.0
657,1.0,0.0,0.0,Hispanic,,6,6.0,6.0,,,,5.0,2.0,3.0,0.0,0.0,3.0,3.0,1.0,0.0,,0.0
658,0.0,0.0,1.0,Hispanic,,6,6.0,6.0,,0.0,,5.0,2.0,2.0,0.0,0.0,1.0,1.0,1.0,0.0,0.0,0.0
659,1.0,0.0,0.0,Hispanic,4.775,5,15.0,,0.0,,87.047,1.0,2.0,2.0,0.0,0.0,3.0,3.0,3.0,0.0,0.0,1.0
660,0.0,0.0,1.0,Hispanic,4.775,5,15.0,,0.0,0.0,64.918,2.0,2.0,3.0,1.0,1.0,2.0,3.0,4.0,0.0,0.0,1.0
661,0.0,1.0,0.0,Hispanic,,11,,1.0,1.0,0.0,14.59,0.0,1.0,2.0,0.0,0.0,1.0,1.0,1.0,0.0,,0.0
662,0.0,0.0,0.0,Hispanic,-0.325,5,13.0,12.0,0.0,0.0,4.067,0.0,4.0,3.0,0.0,2.0,3.0,5.0,4.0,1.0,0.0,1.0
663,1.0,0.0,0.0,Hispanic,,3,13.0,10.0,0.0,1.0,,0.0,2.0,3.0,0.0,0.0,1.0,1.0,1.0,1.0,0.0,0.0
664,1.0,1.0,0.0,Black,-1.311,2,12.0,12.0,0.0,0.0,44.94,8.0,4.0,4.0,0.0,0.0,3.0,1.0,1.0,0.0,0.0,1.0
665,1.0,0.0,0.0,Hispanic,11.95,5,13.0,12.0,0.0,0.0,,2.0,2.0,2.0,0.0,0.0,2.0,1.0,1.0,0.0,,0.0
666,1.0,0.0,1.0,Other,,7,4.0,15.0,0.0,0.0,78.135,0.0,2.0,2.0,0.0,0.0,2.0,1.0,1.0,0.0,1.0,0.0
667,1.0,0.0,1.0,Other,,7,4.0,15.0,0.0,0.0,60.034,0.0,2.0,3.0,0.0,0.0,2.0,2.0,1.0,0.0,0.0,0.0
668,1.0,0.0,1.0,Other,,7,4.0,15.0,0.0,0.0,70.811,0.0,2.0,1.0,0.0,0.0,3.0,1.0,1.0,0.0,0.0,0.0
669,1.0,0.0,0.0,Black,0.6,6,14.0,12.0,0.0,0.0,68.257,7.0,1.0,1.0,0.0,0.0,3.0,1.0,2.0,1.0,0.0,0.0
670,1.0,0.0,0.0,Hispanic,,4,11.0,11.0,0.0,0.0,,5.0,2.0,3.0,0.0,0.0,2.0,2.0,1.0,0.0,,0.0
671,0.0,0.0,0.0,Hispanic,,7,12.0,,,,,5.0,2.0,2.0,0.0,0.0,1.0,1.0,1.0,0.0,0.0,1.0
672,1.0,0.0,1.0,Black,15.65,6,16.0,18.0,0.0,0.0,22.863,4.0,2.0,2.0,0.0,0.0,2.0,1.0,1.0,0.0,0.0,0.0
673,1.0,0.0,0.0,Black,15.65,6,16.0,18.0,0.0,0.0,75.099,,1.0,2.0,0.0,1.0,1.0,1.0,1.0,0.0,0.0,0.0
674,1.0,0.0,1.0,Black,0.245,5,14.0,16.0,0.0,0.0,,0.0,2.0,2.0,0.0,1.0,1.0,1.0,1.0,0.0,0.0,0.0
675,0.0,0.0,1.0,Black,-0.395,3,9.0,,0.0,,8.92,7.0,3.0,3.0,0.0,0.0,5.0,5.0,5.0,0.0,0.0,0.0
676,1.0,0.0,1.0,Black,0.75,4,12.0,12.0,0.0,0.0,27.664,0.0,2.0,2.0,0.0,0.0,1.0,1.0,1.0,0.0,0.0,0.0
677,0.0,0.0,1.0,Black,-3.01,5,10.0,12.0,0.0,1.0,3.676,5.0,2.0,2.0,2.0,0.0,3.0,3.0,2.0,0.0,0.0,0.0
678,0.0,0.0,0.0,Black,-3.01,5,10.0,12.0,0.0,,,2.0,2.0,2.0,0.0,2.0,2.0,1.0,4.0,0.0,0.0,1.0
679,0.0,0.0,1.0,Black,0.175,4,12.0,12.0,0.0,0.0,,7.0,2.0,2.0,0.0,0.0,1.0,1.0,2.0,0.0,0.0,
680,1.0,1.0,0.0,Black,,3,12.0,16.0,0.0,,41.546,20.0,2.0,2.0,2.0,1.0,2.0,2.0,3.0,0.0,0.0,0.0
681,1.0,0.0,1.0,Black,1.375,3,18.0,16.0,0.0,,51.582,2.0,2.0,2.0,0.0,0.0,3.0,1.0,4.0,1.0,0.0,1.0
682,1.0,0.0,1.0,Black,8.5,4,12.0,16.0,0.0,,22.217,4.0,2.0,2.0,0.0,0.0,5.0,5.0,5.0,0.0,0.0,0.0
683,0.0,0.0,0.0,Black,,2,15.0,16.0,,0.0,13.143,0.0,2.0,3.0,0.0,0.0,1.0,3.0,2.0,0.0,0.0,0.0
684,0.0,0.0,1.0,Black,0.875,3,9.0,12.0,0.0,0.0,16.523,10.0,1.0,1.0,0.0,0.0,1.0,1.0,1.0,0.0,0.0,0.0
685,0.0,0.0,0.0,Black,,3,14.0,,0.0,,16.841,0.0,2.0,3.0,0.0,0.0,1.0,1.0,1.0,0.0,0.0,1.0
686,0.0,0.0,1.0,White,0.425,4,14.0,12.0,0.0,1.0,25.933,7.0,2.0,1.0,99.0,25.0,4.0,5.0,5.0,1.0,,1.0
687,0.0,0.0,0.0,White,15.3801,7,14.0,12.0,0.0,0.0,49.836,6.0,1.0,2.0,6.0,2.0,2.0,2.0,3.0,,0.0,0.0
688,0.0,0.0,0.0,Hispanic,4.4,4,7.0,14.0,0.0,,13.401,1.0,1.0,2.0,0.0,0.0,5.0,3.0,5.0,0.0,0.0,0.0
689,0.0,0.0,1.0,Hispanic,0.365,3,6.0,6.0,0.0,0.0,24.066,3.0,2.0,2.0,3.0,0.0,1.0,1.0,4.0,0.0,0.0,0.0
690,0.0,0.0,0.0,Hispanic,5.17,6,6.0,6.0,0.0,0.0,,2.0,2.0,3.0,0.0,0.0,3.0,2.0,2.0,0.0,,1.0
691,0.0,0.0,0.0,Hispanic,5.17,6,6.0,6.0,0.0,0.0,,20.0,3.0,2.0,15.0,0.0,4.0,1.0,3.0,1.0,0.0,1.0
692,0.0,1.0,0.0,Hispanic,8.495,4,6.0,4.0,0.0,0.0,,10.0,2.0,2.0,0.0,0.0,1.0,1.0,1.0,0.0,,0.0
693,1.0,0.0,1.0,White,0.95,4,12.0,12.0,0.0,0.0,,5.0,2.0,3.0,0.0,0.0,2.0,1.0,2.0,0.0,,0.0
694,0.0,0.0,0.0,Hispanic,1.5756,6,12.0,12.0,0.0,0.0,60.768,2.0,2.0,1.0,3.0,0.0,4.0,2.0,3.0,0.0,0.0,0.0
695,0.0,0.0,0.0,Hispanic,0.25,6,4.0,6.0,0.0,,,,3.0,1.0,,,1.0,1.0,1.0,0.0,1.0,0.0
696,0.0,0.0,0.0,Hispanic,0.25,6,4.0,6.0,0.0,,,3.0,2.0,2.0,0.0,0.0,1.0,1.0,1.0,0.0,,0.0
697,0.0,,0.0,Hispanic,,5,6.0,6.0,,,,5.0,2.0,1.0,0.0,0.0,2.0,1.0,1.0,1.0,,1.0
698,1.0,1.0,1.0,Black,0.375,3,12.0,14.0,1.0,,60.347,0.0,4.0,4.0,0.0,0.0,5.0,5.0,4.0,1.0,,0.0
699,1.0,0.0,0.0,Black,,3,13.0,16.0,,0.0,,6.0,2.0,2.0,0.0,2.0,1.0,1.0,1.0,0.0,,0.0
700,0.0,0.0,1.0,Black,-1.1351,3,11.0,11.0,0.0,1.0,2.379,30.0,2.0,4.0,5.0,0.0,5.0,5.0,5.0,1.0,0.0,0.0
701,0.0,0.0,0.0,Black,-1.1351,3,11.0,11.0,0.0,,0.0,10.0,2.0,2.0,2.0,12.0,5.0,3.0,5.0,1.0,0.0,1.0
702,1.0,0.0,0.0,Black,0.05,7,11.0,10.0,0.0,0.0,,10.0,2.0,2.0,0.0,1.0,2.0,1.0,3.0,1.0,0.0,0.0
703,1.0,0.0,1.0,Black,0.35,2,14.0,,0.0,0.0,,10.0,4.0,3.0,0.0,0.0,3.0,4.0,4.0,1.0,,1.0
704,0.0,0.0,1.0,White,-0.022,3,14.0,9.0,0.0,,,4.0,2.0,2.0,0.0,0.0,5.0,4.0,3.0,0.0,1.0,1.0
705,0.0,0.0,1.0,White,3.5818,4,16.0,12.0,0.0,0.0,25.736,6.0,2.0,2.0,4.0,0.0,4.0,4.0,3.0,0.0,0.0,0.0
706,0.0,0.0,0.0,White,3.5818,4,16.0,12.0,0.0,0.0,44.322,1.0,2.0,1.0,0.0,1.0,1.0,1.0,1.0,0.0,0.0,1.0
707,1.0,0.0,1.0,White,,2,13.0,,,,38.621,4.0,1.0,1.0,1.0,0.0,4.0,2.0,1.0,0.0,,0.0
708,1.0,0.0,1.0,Black,,2,15.0,13.0,0.0,,36.81,10.0,2.0,3.0,0.0,0.0,3.0,3.0,4.0,0.0,,0.0
709,0.0,0.0,1.0,Hispanic,14.0001,2,10.0,,0.0,,35.216,25.0,2.0,3.0,1.0,0.0,5.0,3.0,1.0,0.0,0.0,1.0
710,1.0,0.0,1.0,Black,9.6,8,13.0,12.0,1.0,,47.867,0.0,2.0,3.0,0.0,0.0,1.0,1.0,1.0,0.0,0.0,0.0
711,1.0,0.0,0.0,Black,,8,18.0,14.0,0.0,,70.421,4.0,2.0,2.0,10.0,0.0,3.0,2.0,4.0,0.0,,1.0
712,1.0,0.0,0.0,Black,39.95,5,11.0,,0.0,1.0,18.049,1.0,2.0,3.0,0.0,0.0,2.0,1.0,3.0,0.0,,0.0
713,0.0,0.0,1.0,Black,39.95,5,11.0,,0.0,,0.282,4.0,2.0,2.0,0.0,0.0,2.0,1.0,1.0,0.0,0.0,1.0
714,1.0,0.0,0.0,Black,,5,,12.0,0.0,,,0.0,2.0,2.0,0.0,1.0,1.0,1.0,2.0,0.0,0.0,0.0
715,1.0,0.0,1.0,Black,,5,14.0,12.0,0.0,0.0,60.494,0.0,2.0,2.0,0.0,0.0,1.0,1.0,3.0,0.0,,0.0
716,0.0,0.0,0.0,Hispanic,6.3001,6,11.0,11.0,0.0,,23.38,4.0,2.0,3.0,0.0,2.0,1.0,2.0,2.0,0.0,,0.0
717,1.0,1.0,0.0,Black,8.65,4,12.0,12.0,0.0,0.0,4.166,0.0,3.0,1.0,0.0,4.0,4.0,4.0,5.0,0.0,0.0,0.0
718,1.0,0.0,0.0,Black,27.525,3,16.0,12.0,0.0,0.0,,4.0,1.0,1.0,2.0,2.0,1.0,2.0,3.0,0.0,0.0,0.0
719,0.0,0.0,0.0,Black,6.61,5,16.0,,0.0,1.0,73.176,4.0,1.0,2.0,0.0,0.0,4.0,3.0,3.0,0.0,0.0,0.0
720,1.0,0.0,0.0,White,-3.7,5,12.0,12.0,0.0,0.0,82.427,1.0,2.0,2.0,0.0,0.0,2.0,3.0,2.0,0.0,0.0,0.0
721,0.0,0.0,1.0,Hispanic,4.125,4,14.0,14.0,0.0,0.0,85.98,4.0,2.0,2.0,0.0,0.0,3.0,4.0,2.0,0.0,,0.0
722,0.0,0.0,0.0,White,4.125,4,14.0,14.0,0.0,0.0,96.662,1.0,2.0,1.0,0.0,0.0,1.0,1.0,1.0,0.0,,0.0
723,1.0,0.0,0.0,Hispanic,22.55,4,14.0,15.0,0.0,0.0,47.503,2.0,1.0,2.0,0.0,0.0,2.0,1.0,1.0,1.0,0.0,0.0
724,1.0,0.0,0.0,White,20.7,6,16.0,16.0,0.0,,99.678,0.0,2.0,2.0,0.0,0.0,2.0,1.0,2.0,1.0,1.0,0.0
725,0.0,0.0,1.0,Black,21.7,5,16.0,16.0,0.0,0.0,91.393,0.0,2.0,2.0,0.0,0.0,3.0,2.0,3.0,0.0,0.0,0.0
726,1.0,0.0,0.0,Black,,5,16.0,16.0,,0.0,99.018,0.0,2.0,2.0,0.0,0.0,3.0,2.0,1.0,0.0,0.0,0.0
727,1.0,0.0,1.0,Black,,5,16.0,16.0,,0.0,97.811,2.0,2.0,2.0,0.0,0.0,1.0,1.0,1.0,0.0,0.0,0.0
728,1.0,0.0,1.0,Black,10.8501,5,13.0,14.0,0.0,0.0,15.042,1.0,2.0,2.0,0.0,0.0,1.0,1.0,1.0,0.0,,0.0
729,1.0,0.0,0.0,Black,10.77,5,14.0,14.0,0.0,0.0,69.945,4.0,2.0,3.0,0.0,0.0,4.0,4.0,4.0,0.0,0.0,0.0
730,1.0,0.0,1.0,White,,5,12.0,14.0,,0.0,,5.0,1.0,3.0,0.0,0.0,3.0,1.0,1.0,0.0,,0.0
731,1.0,0.0,0.0,White,,4,,,0.0,0.0,96.022,0.0,2.0,2.0,0.0,0.0,2.0,1.0,1.0,0.0,0.0,0.0
732,1.0,0.0,1.0,White,,4,16.0,16.0,0.0,0.0,73.821,2.0,2.0,1.0,0.0,0.0,1.0,1.0,1.0,0.0,,0.0
733,1.0,,1.0,Asian,44.65,4,16.0,18.0,0.0,,95.304,1.0,1.0,2.0,0.0,0.0,2.0,2.0,1.0,0.0,,0.0
734,1.0,0.0,1.0,Asian,44.65,4,16.0,18.0,0.0,0.0,92.465,0.0,2.0,3.0,0.0,0.0,2.0,1.0,1.0,0.0,,0.0
735,1.0,0.0,1.0,White,50.3002,5,17.0,16.0,0.0,0.0,100.0,3.0,1.0,2.0,0.0,0.0,3.0,1.0,1.0,0.0,,0.0
736,1.0,,1.0,White,50.3002,5,17.0,16.0,0.0,,88.772,0.0,2.0,2.0,0.0,0.0,1.0,1.0,1.0,0.0,,0.0
737,1.0,0.0,0.0,White,19.05,5,16.0,18.0,0.0,0.0,74.667,2.0,1.0,1.0,0.0,0.0,2.0,3.0,1.0,0.0,0.0,0.0
738,1.0,0.0,0.0,Asian,19.75,5,16.0,18.0,0.0,0.0,91.394,0.0,2.0,2.0,0.0,0.0,1.0,1.0,1.0,0.0,0.0,0.0
739,1.0,0.0,1.0,Asian,19.75,5,16.0,18.0,0.0,1.0,97.859,0.0,2.0,3.0,0.0,0.0,3.0,3.0,1.0,1.0,0.0,0.0
740,1.0,0.0,1.0,White,,4,16.0,16.0,0.0,0.0,99.182,3.0,1.0,2.0,0.0,0.0,1.0,1.0,1.0,1.0,1.0,0.0
741,1.0,0.0,1.0,White,60.0,3,16.0,,0.0,0.0,79.802,2.0,2.0,3.0,2.0,0.0,4.0,3.0,2.0,0.0,0.0,1.0
742,1.0,0.0,1.0,White,,3,18.0,18.0,0.0,0.0,92.299,5.0,1.0,1.0,0.0,0.0,4.0,2.0,1.0,0.0,0.0,0.0
743,0.0,,0.0,White,60.0,6,,,0.0,,87.047,0.0,1.0,1.0,0.0,0.0,1.0,1.0,1.0,0.0,,0.0
744,0.0,,0.0,White,60.0,6,,,0.0,,73.8,0.0,2.0,4.0,10.0,0.0,3.0,2.0,2.0,0.0,,0.0
745,1.0,0.0,0.0,White,60.0,5,16.0,16.0,0.0,0.0,97.502,3.0,2.0,3.0,0.0,0.0,3.0,2.0,1.0,0.0,0.0,0.0
746,1.0,0.0,0.0,White,60.0,4,17.0,18.0,0.0,0.0,97.067,0.0,3.0,2.0,0.0,0.0,1.0,1.0,1.0,0.0,0.0,0.0
747,1.0,0.0,0.0,White,60.0,4,16.0,20.0,0.0,,,3.0,2.0,2.0,1.0,0.0,2.0,1.0,1.0,0.0,0.0,1.0
748,1.0,0.0,1.0,Black,,5,15.0,,,0.0,58.438,1.0,2.0,2.0,0.0,0.0,1.0,1.0,1.0,0.0,0.0,0.0
749,1.0,0.0,1.0,Black,,7,14.0,16.0,0.0,0.0,19.553,3.0,2.0,2.0,0.0,0.0,1.0,1.0,1.0,1.0,0.0,0.0
750,0.0,0.0,0.0,Black,-0.1,6,,,0.0,0.0,2.359,0.0,1.0,4.0,0.0,1.0,1.0,1.0,1.0,0.0,0.0,0.0
751,0.0,0.0,1.0,Black,-0.1,6,,,0.0,1.0,9.674,1.0,1.0,1.0,0.0,0.0,1.0,1.0,1.0,0.0,0.0,0.0
752,1.0,1.0,0.0,Black,-0.325,4,13.0,12.0,1.0,,5.544,0.0,1.0,1.0,0.0,1.0,1.0,1.0,2.0,0.0,1.0,1.0
753,1.0,0.0,0.0,Black,12.5819,2,12.0,13.0,0.0,0.0,,3.0,2.0,2.0,1.0,1.0,1.0,2.0,1.0,1.0,0.0,0.0
754,0.0,0.0,0.0,Hispanic,19.15,4,12.0,7.0,0.0,0.0,64.2,5.0,1.0,2.0,0.0,0.0,2.0,3.0,2.0,0.0,,0.0
755,1.0,0.0,1.0,White,19.59,7,9.0,8.0,0.0,0.0,41.835,0.0,2.0,2.0,0.0,0.0,2.0,1.0,1.0,0.0,0.0,0.0
756,1.0,0.0,1.0,White,19.59,7,9.0,8.0,0.0,,48.786,0.0,1.0,1.0,0.0,0.0,1.0,1.0,1.0,0.0,0.0,0.0
757,0.0,0.0,1.0,Asian,33.8001,4,16.0,16.0,0.0,0.0,75.948,0.0,1.0,3.0,1.0,0.0,1.0,2.0,1.0,1.0,1.0,0.0
758,1.0,0.0,0.0,White,36.8001,7,14.0,19.0,0.0,,98.909,5.0,1.0,1.0,0.0,0.0,2.0,1.0,1.0,1.0,0.0,0.0
759,1.0,0.0,0.0,White,29.0,3,,13.0,0.0,,54.97,0.0,1.0,1.0,0.0,0.0,1.0,1.0,1.0,0.0,0.0,0.0
760,1.0,0.0,1.0,White,46.3001,4,16.0,20.0,0.0,,,2.0,2.0,2.0,0.0,0.0,3.0,2.0,1.0,0.0,0.0,0.0
761,0.0,,0.0,White,33.9,3,16.0,18.0,0.0,,28.994,2.0,3.0,3.0,0.0,0.0,2.0,1.0,1.0,0.0,,0.0
762,1.0,0.0,1.0,Hispanic,40.0001,5,18.0,20.0,0.0,0.0,,1.0,2.0,3.0,0.0,0.0,4.0,4.0,1.0,0.0,,0.0
763,1.0,0.0,0.0,White,15.175,2,20.0,16.0,0.0,0.0,96.315,5.0,2.0,2.0,0.0,0.0,4.0,4.0,2.0,1.0,1.0,0.0
764,0.0,0.0,0.0,Black,0.25,3,13.0,12.0,0.0,0.0,22.302,10.0,3.0,3.0,0.0,0.0,3.0,3.0,2.0,0.0,0.0,1.0
765,1.0,,0.0,Hispanic,9.19,5,12.0,12.0,0.0,0.0,56.176,1.0,2.0,2.0,0.0,0.0,2.0,1.0,3.0,0.0,0.0,0.0
766,,,0.0,White,7.75,3,14.0,12.0,0.0,,55.457,10.0,2.0,1.0,0.0,0.0,2.0,1.0,1.0,1.0,,0.0
767,1.0,0.0,1.0,White,,5,18.0,18.0,0.0,,70.562,2.0,2.0,2.0,0.0,0.0,3.0,4.0,2.0,0.0,0.0,0.0
768,1.0,0.0,0.0,Black,3.275,3,14.0,12.0,0.0,0.0,26.572,5.0,2.0,2.0,0.0,0.0,1.0,1.0,1.0,0.0,0.0,1.0
769,0.0,0.0,1.0,White,8.9,4,16.0,15.0,0.0,0.0,62.924,,3.0,4.0,,,4.0,4.0,4.0,1.0,1.0,0.0
770,0.0,0.0,1.0,White,10.44,6,12.0,12.0,0.0,,61.888,4.0,2.0,2.0,2.0,1.0,4.0,2.0,1.0,1.0,,0.0
772,0.0,0.0,1.0,White,9.85,3,16.0,19.0,0.0,0.0,100.0,3.0,2.0,1.0,0.0,0.0,2.0,1.0,1.0,0.0,0.0,0.0
773,0.0,,0.0,White,,3,12.0,,,,22.334,0.0,2.0,3.0,3.0,0.0,3.0,1.0,1.0,1.0,,0.0
774,1.0,0.0,1.0,Hispanic,9.9,4,12.0,12.0,0.0,0.0,53.585,1.0,2.0,2.0,0.0,0.0,3.0,3.0,2.0,0.0,0.0,0.0
775,1.0,0.0,0.0,White,-0.05,4,12.0,12.0,0.0,,,0.0,2.0,2.0,15.0,12.0,5.0,5.0,4.0,0.0,1.0,0.0
776,0.0,0.0,0.0,White,,5,,12.0,,0.0,,2.0,2.0,1.0,2.0,0.0,1.0,1.0,1.0,0.0,,0.0
777,1.0,,1.0,Hispanic,,5,12.0,16.0,,,,1.0,2.0,2.0,0.0,0.0,2.0,1.0,1.0,0.0,,0.0
778,1.0,0.0,1.0,White,7.25,2,18.0,,0.0,0.0,99.632,2.0,2.0,3.0,0.0,0.0,1.0,1.0,1.0,0.0,0.0,0.0
779,0.0,0.0,0.0,Black,-0.625,4,12.0,12.0,0.0,,,2.0,2.0,2.0,0.0,0.0,1.0,1.0,1.0,0.0,,1.0
780,0.0,0.0,0.0,Black,-0.625,4,12.0,12.0,0.0,,,4.0,2.0,2.0,0.0,0.0,2.0,1.0,1.0,0.0,,0.0
781,0.0,0.0,0.0,White,6.2001,5,16.0,16.0,0.0,,,9.0,2.0,3.0,0.0,1.0,3.0,3.0,1.0,0.0,0.0,0.0
782,1.0,0.0,1.0,White,6.2001,5,16.0,16.0,0.0,0.0,,4.0,2.0,2.0,0.0,0.0,4.0,3.0,1.0,0.0,0.0,0.0
783,0.0,0.0,0.0,White,6.2001,5,16.0,16.0,0.0,0.0,,18.0,2.0,3.0,3.0,1.0,1.0,1.0,3.0,0.0,0.0,0.0
784,1.0,0.0,0.0,White,,5,14.0,16.0,0.0,,,50.0,1.0,3.0,2.0,1.0,4.0,2.0,1.0,0.0,0.0,1.0
785,1.0,0.0,0.0,White,29.6,4,13.0,13.0,0.0,0.0,73.141,3.0,1.0,2.0,0.0,0.0,2.0,1.0,1.0,0.0,0.0,0.0
786,,,0.0,White,,3,15.0,16.0,0.0,,,10.0,2.0,2.0,0.0,0.0,3.0,2.0,2.0,1.0,,0.0
787,0.0,,0.0,White,,3,15.0,16.0,0.0,,,5.0,2.0,2.0,1.0,0.0,1.0,1.0,1.0,0.0,,0.0
788,1.0,0.0,0.0,White,12.75,4,16.0,16.0,0.0,,95.668,8.0,2.0,1.0,0.0,0.0,2.0,1.0,1.0,0.0,0.0,0.0
789,0.0,0.0,0.0,White,11.85,4,14.0,12.0,0.0,0.0,36.814,4.0,2.0,2.0,0.0,0.0,3.0,2.0,1.0,0.0,0.0,1.0
790,0.0,0.0,0.0,White,11.85,4,14.0,12.0,0.0,0.0,,6.0,2.0,4.0,0.0,0.0,2.0,3.0,1.0,0.0,0.0,1.0
791,1.0,0.0,1.0,White,33.15,3,16.0,13.0,0.0,0.0,64.858,1.0,2.0,2.0,0.0,0.0,2.0,1.0,1.0,0.0,0.0,0.0
792,1.0,0.0,0.0,White,33.73,6,16.0,18.0,0.0,0.0,,8.0,2.0,3.0,0.0,0.0,2.0,3.0,1.0,0.0,0.0,1.0
793,1.0,,0.0,White,33.73,6,16.0,18.0,0.0,0.0,,0.0,2.0,3.0,0.0,0.0,2.0,1.0,2.0,0.0,0.0,1.0
794,1.0,0.0,0.0,White,20.46,4,16.0,13.0,0.0,0.0,93.038,3.0,2.0,2.0,0.0,0.0,3.0,3.0,1.0,0.0,0.0,1.0
795,1.0,0.0,1.0,White,10.9913,3,12.0,14.0,0.0,,70.117,10.0,2.0,2.0,0.0,0.0,3.0,3.0,1.0,0.0,0.0,0.0
796,1.0,0.0,1.0,White,8.07,5,18.0,,0.0,0.0,82.304,0.0,1.0,2.0,0.0,0.0,1.0,1.0,1.0,0.0,0.0,0.0
797,0.0,0.0,1.0,White,10.225,3,,14.0,0.0,0.0,91.505,2.0,1.0,3.0,0.0,0.0,2.0,1.0,1.0,1.0,1.0,0.0
798,1.0,0.0,0.0,White,10.62,4,16.0,16.0,0.0,0.0,92.824,0.0,1.0,2.0,0.0,0.0,1.0,1.0,1.0,0.0,0.0,0.0
799,1.0,0.0,0.0,White,,7,14.0,12.0,0.0,0.0,,0.0,2.0,2.0,0.0,0.0,3.0,3.0,1.0,1.0,0.0,0.0
800,1.0,0.0,0.0,White,10.6,5,12.0,16.0,0.0,0.0,73.102,1.0,2.0,2.0,0.0,0.0,3.0,2.0,1.0,0.0,0.0,0.0
801,1.0,0.0,1.0,White,10.6,5,12.0,16.0,0.0,0.0,19.617,3.0,2.0,2.0,0.0,0.0,1.0,1.0,1.0,0.0,0.0,0.0
802,0.0,0.0,1.0,Hispanic,2.0,4,12.0,,0.0,,,3.0,2.0,2.0,1.0,1.0,1.0,1.0,1.0,0.0,,0.0
803,0.0,0.0,0.0,White,0.955,3,9.0,4.0,1.0,0.0,,17.0,2.0,2.0,0.0,0.0,3.0,3.0,1.0,1.0,,1.0
804,1.0,,0.0,Hispanic,1.72,6,6.0,,0.0,,,1.0,2.0,4.0,0.0,0.0,3.0,2.0,1.0,0.0,,0.0
805,0.0,0.0,0.0,White,14.3582,5,12.0,12.0,0.0,0.0,47.276,3.0,2.0,3.0,0.0,0.0,3.0,3.0,2.0,0.0,0.0,0.0
806,0.0,0.0,0.0,White,14.3582,5,12.0,12.0,0.0,0.0,20.92,0.0,2.0,3.0,0.0,0.0,2.0,1.0,1.0,0.0,0.0,1.0
807,0.0,0.0,1.0,Hispanic,6.82,5,11.0,12.0,0.0,0.0,36.578,6.0,3.0,3.0,1.0,0.0,3.0,2.0,2.0,0.0,0.0,1.0
808,0.0,0.0,0.0,Hispanic,6.82,5,11.0,12.0,0.0,0.0,51.988,0.0,3.0,2.0,1.0,1.0,2.0,1.0,1.0,0.0,0.0,0.0
809,1.0,0.0,1.0,White,1.885,6,12.0,12.0,1.0,,53.477,10.0,2.0,2.0,0.0,0.0,4.0,4.0,2.0,0.0,,0.0
810,0.0,0.0,0.0,White,1.885,6,12.0,12.0,1.0,,33.429,10.0,2.0,1.0,0.0,0.0,4.0,3.0,1.0,0.0,,0.0
811,0.0,0.0,1.0,White,43.15,5,12.0,12.0,0.0,,,10.0,2.0,2.0,0.0,0.0,5.0,4.0,2.0,0.0,0.0,0.0
812,0.0,0.0,1.0,Black,,2,14.0,14.0,,0.0,8.143,1.0,2.0,4.0,0.0,1.0,1.0,1.0,2.0,0.0,0.0,0.0
813,1.0,0.0,1.0,Black,,5,,,0.0,0.0,42.38,10.0,2.0,2.0,0.0,0.0,2.0,4.0,2.0,0.0,0.0,0.0
814,0.0,0.0,1.0,Black,-2.325,4,12.0,10.0,0.0,0.0,64.764,4.0,2.0,2.0,5.0,0.0,,,,0.0,0.0,0.0
815,0.0,0.0,1.0,Black,,3,,,0.0,,12.534,10.0,2.0,2.0,8.0,0.0,3.0,2.0,3.0,1.0,,0.0
816,0.0,0.0,1.0,Black,2.49,4,12.0,12.0,0.0,0.0,2.227,7.0,2.0,4.0,2.0,1.0,5.0,2.0,2.0,0.0,0.0,0.0
817,0.0,0.0,0.0,Black,0.2,3,14.0,,0.0,,10.13,0.0,2.0,2.0,0.0,0.0,2.0,1.0,4.0,0.0,0.0,1.0
818,1.0,0.0,1.0,Black,9.475,2,18.0,16.0,0.0,0.0,,2.0,2.0,3.0,0.0,0.0,2.0,2.0,2.0,0.0,0.0,0.0
819,0.0,0.0,0.0,Black,,7,14.0,,0.0,0.0,60.86,0.0,2.0,4.0,0.0,0.0,3.0,5.0,3.0,,1.0,0.0
820,0.0,0.0,0.0,Black,,7,14.0,,0.0,0.0,42.475,10.0,1.0,1.0,2.0,2.0,1.0,1.0,1.0,0.0,0.0,1.0
821,0.0,0.0,1.0,Black,0.8,3,12.0,,0.0,0.0,35.74,8.0,2.0,2.0,0.0,0.0,3.0,3.0,4.0,0.0,,0.0
822,0.0,0.0,1.0,Black,,7,12.0,12.0,0.0,0.0,,5.0,3.0,3.0,0.0,0.0,3.0,3.0,2.0,0.0,0.0,0.0
823,1.0,0.0,0.0,Black,,7,12.0,12.0,0.0,0.0,,4.0,2.0,3.0,0.0,0.0,1.0,1.0,2.0,0.0,0.0,0.0
824,0.0,0.0,1.0,Hispanic,,3,9.0,12.0,,0.0,22.08,5.0,3.0,1.0,0.0,0.0,3.0,2.0,3.0,0.0,0.0,0.0
825,1.0,0.0,1.0,Hispanic,,3,9.0,12.0,,0.0,21.94,10.0,2.0,2.0,0.0,0.0,1.0,1.0,1.0,0.0,0.0,0.0
826,1.0,0.0,0.0,Hispanic,,4,15.0,,0.0,1.0,,5.0,2.0,2.0,0.0,0.0,3.0,4.0,1.0,1.0,,0.0
827,1.0,0.0,0.0,White,3.675,4,15.0,17.0,0.0,0.0,84.822,4.0,2.0,3.0,0.0,0.0,2.0,2.0,1.0,0.0,0.0,0.0
828,1.0,0.0,1.0,White,,6,12.0,12.0,0.0,0.0,48.674,2.0,2.0,1.0,0.0,0.0,1.0,1.0,1.0,0.0,0.0,0.0
829,,,1.0,White,2.64,3,12.0,12.0,0.0,,,3.0,2.0,2.0,0.0,0.0,1.0,1.0,1.0,0.0,,0.0
830,1.0,0.0,0.0,White,6.5329,4,12.0,12.0,0.0,0.0,,0.0,1.0,1.0,0.0,0.0,2.0,1.0,1.0,1.0,1.0,0.0
831,1.0,0.0,0.0,White,4.08,3,13.0,19.0,0.0,0.0,76.002,0.0,2.0,2.0,0.0,0.0,1.0,1.0,1.0,0.0,0.0,0.0
832,1.0,0.0,1.0,White,15.55,4,14.0,12.0,0.0,,83.735,2.0,2.0,1.0,1.0,0.0,3.0,2.0,1.0,0.0,0.0,0.0
833,1.0,0.0,1.0,White,14.75,4,16.0,14.0,0.0,0.0,88.213,2.0,2.0,1.0,0.0,0.0,2.0,1.0,1.0,0.0,0.0,0.0
834,0.0,,0.0,White,37.75,5,12.0,12.0,0.0,,,1.0,2.0,2.0,0.0,0.0,1.0,1.0,1.0,0.0,,0.0
835,1.0,0.0,1.0,White,,4,16.0,16.0,,0.0,41.643,3.0,2.0,3.0,3.0,0.0,2.0,3.0,2.0,1.0,0.0,0.0
836,1.0,0.0,0.0,White,23.45,4,12.0,12.0,0.0,0.0,,0.0,2.0,2.0,0.0,0.0,2.0,4.0,1.0,0.0,0.0,0.0
837,0.0,0.0,0.0,White,9.375,5,9.0,10.0,0.0,0.0,13.25,1.0,3.0,4.0,2.0,0.0,2.0,1.0,1.0,0.0,,0.0
838,0.0,1.0,1.0,White,9.375,5,9.0,10.0,0.0,0.0,28.146,2.0,3.0,3.0,3.0,0.0,1.0,1.0,1.0,1.0,0.0,0.0
839,1.0,0.0,1.0,White,32.25,4,16.0,12.0,0.0,0.0,93.117,6.0,2.0,1.0,0.0,0.0,1.0,1.0,1.0,0.0,0.0,0.0
840,1.0,0.0,1.0,White,32.25,4,16.0,12.0,0.0,0.0,77.32,3.0,1.0,1.0,0.0,0.0,1.0,1.0,1.0,0.0,0.0,0.0
841,1.0,0.0,1.0,White,60.0,4,17.0,16.0,0.0,0.0,92.924,1.0,2.0,1.0,0.0,0.0,2.0,2.0,1.0,0.0,0.0,0.0
842,1.0,0.0,0.0,White,13.39,5,13.0,18.0,0.0,0.0,66.939,5.0,2.0,1.0,0.0,0.0,1.0,1.0,1.0,0.0,0.0,0.0
843,1.0,0.0,0.0,Asian,,3,16.0,12.0,,0.0,79.719,30.0,3.0,2.0,2.0,0.0,2.0,2.0,1.0,0.0,0.0,0.0
844,1.0,0.0,1.0,White,0.275,3,15.0,15.0,0.0,0.0,31.267,13.0,2.0,2.0,0.0,0.0,1.0,1.0,1.0,0.0,0.0,0.0
845,1.0,0.0,0.0,Other,,4,16.0,18.0,0.0,,66.257,6.0,2.0,2.0,0.0,0.0,3.0,2.0,1.0,0.0,0.0,0.0
846,1.0,0.0,1.0,Hispanic,7.125,3,13.0,17.0,0.0,0.0,45.919,4.0,2.0,2.0,0.0,0.0,2.0,2.0,1.0,1.0,1.0,0.0
847,1.0,0.0,0.0,Black,10.65,6,13.0,14.0,0.0,0.0,60.225,3.0,2.0,3.0,0.0,0.0,3.0,4.0,1.0,1.0,0.0,1.0
848,0.0,1.0,1.0,Black,10.65,6,13.0,14.0,0.0,0.0,30.799,2.0,3.0,3.0,4.0,0.0,1.0,1.0,1.0,0.0,0.0,0.0
849,0.0,0.0,1.0,Black,,4,14.0,12.0,0.0,0.0,2.167,3.0,4.0,2.0,0.0,0.0,5.0,1.0,2.0,0.0,0.0,0.0
850,1.0,0.0,1.0,Black,0.3838,3,12.0,12.0,0.0,0.0,65.686,3.0,2.0,1.0,0.0,0.0,4.0,3.0,2.0,0.0,0.0,0.0
851,1.0,0.0,1.0,Other,1.725,8,12.0,10.0,0.0,1.0,65.618,14.0,2.0,2.0,0.0,0.0,2.0,3.0,2.0,0.0,0.0,0.0
852,0.0,1.0,0.0,Other,-0.5,8,11.0,12.0,,0.0,25.539,4.0,2.0,2.0,0.0,0.0,2.0,1.0,1.0,0.0,0.0,1.0
853,1.0,0.0,1.0,Other,1.725,8,12.0,10.0,0.0,0.0,23.167,2.0,2.0,3.0,0.0,1.0,3.0,2.0,3.0,0.0,0.0,1.0
854,0.0,0.0,1.0,Asian,0.83,7,5.0,12.0,0.0,,,2.0,2.0,1.0,10.0,1.0,1.0,1.0,2.0,0.0,,0.0
855,1.0,0.0,1.0,White,,5,17.0,,0.0,0.0,81.882,3.0,1.0,3.0,0.0,0.0,3.0,3.0,1.0,1.0,0.0,0.0
856,1.0,0.0,0.0,White,2.205,3,15.0,,1.0,,35.054,3.0,2.0,2.0,1.0,1.0,2.0,2.0,1.0,0.0,0.0,1.0
857,1.0,0.0,1.0,White,13.48,4,13.0,12.0,0.0,0.0,76.355,0.0,2.0,2.0,0.0,0.0,2.0,2.0,1.0,0.0,1.0,0.0
858,1.0,0.0,1.0,White,13.48,4,13.0,12.0,0.0,0.0,17.212,0.0,1.0,1.0,2.0,0.0,1.0,1.0,1.0,0.0,0.0,0.0
859,0.0,0.0,0.0,White,38.55,5,14.0,12.0,0.0,0.0,13.132,5.0,1.0,1.0,0.0,0.0,1.0,1.0,1.0,1.0,0.0,0.0
860,0.0,0.0,0.0,Other,33.4,6,12.0,18.0,0.0,0.0,87.904,5.0,2.0,2.0,0.0,0.0,2.0,2.0,1.0,0.0,0.0,0.0
861,1.0,0.0,0.0,Other,,6,12.0,18.0,,0.0,64.221,2.0,2.0,2.0,0.0,0.0,1.0,1.0,1.0,0.0,0.0,0.0
862,0.0,0.0,1.0,White,0.885,4,13.0,12.0,0.0,0.0,7.766,30.0,2.0,3.0,4.0,0.0,4.0,3.0,3.0,0.0,0.0,1.0
863,0.0,0.0,1.0,White,0.885,4,13.0,12.0,0.0,0.0,32.722,10.0,2.0,1.0,0.0,0.0,2.0,1.0,1.0,1.0,,1.0
864,0.0,0.0,1.0,White,0.395,3,12.0,12.0,0.0,,,88.0,4.0,3.0,8.0,0.0,5.0,5.0,1.0,1.0,0.0,1.0
865,1.0,0.0,0.0,White,4.73,3,12.0,12.0,0.0,,92.938,2.0,1.0,2.0,0.0,0.0,1.0,1.0,1.0,0.0,0.0,0.0
866,0.0,0.0,0.0,White,,3,12.0,12.0,,,,7.0,2.0,4.0,0.0,,3.0,5.0,1.0,0.0,0.0,0.0
867,0.0,0.0,0.0,White,1.875,3,12.0,12.0,,,,4.0,2.0,3.0,1.0,1.0,2.0,1.0,1.0,0.0,0.0,1.0
868,0.0,0.0,1.0,Black,1.875,3,,,0.0,0.0,22.802,10.0,3.0,4.0,0.0,0.0,4.0,5.0,2.0,1.0,0.0,0.0
869,0.0,,1.0,Asian,,7,,,,,24.827,2.0,2.0,2.0,0.0,0.0,1.0,1.0,1.0,0.0,,0.0
870,1.0,0.0,0.0,Black,2.0,6,12.0,12.0,0.0,0.0,14.973,2.0,3.0,3.0,0.0,0.0,1.0,1.0,1.0,0.0,0.0,0.0
871,0.0,0.0,1.0,Black,2.4984,4,,,0.0,1.0,14.279,3.0,4.0,3.0,0.0,1.0,5.0,5.0,4.0,0.0,,1.0
872,1.0,0.0,0.0,Hispanic,0.05,3,4.0,,0.0,,72.985,15.0,2.0,4.0,0.0,1.0,4.0,4.0,3.0,0.0,0.0,1.0
873,1.0,,1.0,Hispanic,0.05,3,4.0,,0.0,1.0,65.003,5.0,3.0,3.0,0.0,0.0,3.0,3.0,1.0,0.0,1.0,0.0
874,1.0,0.0,0.0,Hispanic,0.625,8,10.0,6.0,0.0,0.0,2.943,1.0,2.0,2.0,0.0,0.0,1.0,1.0,1.0,0.0,0.0,0.0
875,0.0,0.0,1.0,White,0.505,3,12.0,11.0,0.0,0.0,45.442,4.0,2.0,2.0,0.0,0.0,4.0,5.0,3.0,0.0,1.0,0.0
876,0.0,0.0,1.0,White,0.25,7,12.0,14.0,0.0,0.0,40.111,3.0,2.0,1.0,0.0,0.0,1.0,1.0,1.0,0.0,0.0,0.0
877,0.0,,0.0,Black,0.375,3,11.0,,0.0,,,24.0,1.0,4.0,0.0,0.0,5.0,5.0,4.0,1.0,1.0,0.0
878,1.0,0.0,1.0,Other,,5,,,,,49.844,8.0,3.0,3.0,1.0,0.0,3.0,2.0,1.0,0.0,0.0,0.0
879,1.0,0.0,1.0,Asian,-0.225,4,,16.0,0.0,0.0,22.579,2.0,2.0,2.0,0.0,0.0,5.0,3.0,3.0,0.0,0.0,0.0
880,1.0,0.0,1.0,Hispanic,0.128,5,11.0,,0.0,,25.857,3.0,2.0,1.0,0.0,0.0,3.0,2.0,3.0,0.0,,0.0
881,0.0,0.0,1.0,Black,1.75,3,17.0,,0.0,0.0,45.363,8.0,1.0,2.0,0.0,0.0,5.0,5.0,1.0,0.0,0.0,0.0
882,0.0,0.0,0.0,Hispanic,-0.075,4,13.0,11.0,0.0,0.0,,5.0,2.0,3.0,3.0,2.0,4.0,4.0,4.0,0.0,0.0,0.0
883,1.0,0.0,1.0,Hispanic,21.5979,4,12.0,14.0,0.0,0.0,54.87,9.0,2.0,2.0,0.0,0.0,3.0,2.0,1.0,1.0,0.0,1.0
884,1.0,,0.0,Asian,11.097,5,16.0,14.0,0.0,0.0,50.894,18.0,2.0,2.0,1.0,0.0,2.0,1.0,1.0,0.0,0.0,1.0
885,1.0,0.0,0.0,Asian,11.097,5,16.0,14.0,0.0,0.0,37.811,4.0,2.0,1.0,0.0,0.0,4.0,2.0,2.0,0.0,0.0,0.0
886,0.0,0.0,0.0,White,13.7,5,13.0,12.0,0.0,,59.157,3.0,2.0,2.0,0.0,0.0,4.0,2.0,1.0,0.0,,0.0
887,1.0,,1.0,White,13.7,5,13.0,12.0,0.0,,31.578,20.0,2.0,2.0,0.0,0.0,3.0,2.0,2.0,0.0,,0.0
888,1.0,0.0,1.0,Other,,4,,,,,42.359,0.0,2.0,1.0,0.0,0.0,3.0,1.0,1.0,0.0,0.0,0.0
889,0.0,0.0,0.0,White,,4,,,,0.0,,0.0,2.0,3.0,1.0,0.0,1.0,1.0,1.0,0.0,,0.0
890,0.0,0.0,0.0,Black,,8,12.0,11.0,,1.0,24.015,1.0,1.0,2.0,0.0,0.0,1.0,2.0,1.0,0.0,,0.0
891,0.0,0.0,0.0,Black,,8,12.0,11.0,,0.0,17.079,0.0,2.0,3.0,3.0,2.0,4.0,3.0,3.0,1.0,,1.0
892,0.0,0.0,1.0,Black,,8,12.0,11.0,,0.0,15.783,0.0,2.0,2.0,0.0,0.0,1.0,1.0,1.0,0.0,,0.0
893,1.0,0.0,0.0,Hispanic,,6,15.0,15.0,,0.0,55.322,0.0,2.0,2.0,0.0,0.0,5.0,4.0,2.0,1.0,0.0,0.0
894,1.0,0.0,0.0,Hispanic,,6,15.0,15.0,0.0,0.0,35.079,4.0,2.0,2.0,0.0,0.0,3.0,3.0,2.0,0.0,,0.0
895,1.0,0.0,0.0,Hispanic,,6,15.0,15.0,0.0,0.0,24.099,6.0,2.0,3.0,2.0,0.0,1.0,1.0,1.0,0.0,,0.0
896,0.0,0.0,1.0,Other,9.225,5,13.0,12.0,0.0,0.0,,0.0,2.0,2.0,0.0,0.0,1.0,1.0,1.0,1.0,,0.0
897,1.0,1.0,1.0,White,60.0,4,14.0,14.0,0.0,0.0,70.718,2.0,1.0,2.0,1.0,0.0,1.0,1.0,1.0,0.0,0.0,0.0
898,0.0,0.0,0.0,White,10.7122,4,12.0,14.0,0.0,,75.173,0.0,2.0,2.0,5.0,1.0,2.0,1.0,1.0,1.0,,1.0
899,1.0,0.0,1.0,White,,5,14.0,18.0,0.0,,41.909,12.0,2.0,3.0,0.0,0.0,3.0,4.0,1.0,0.0,0.0,0.0
900,1.0,0.0,0.0,White,,5,14.0,18.0,0.0,,46.715,6.0,1.0,2.0,0.0,4.0,2.0,1.0,1.0,0.0,0.0,0.0
901,1.0,0.0,1.0,White,34.25,5,14.0,14.0,0.0,0.0,60.434,2.0,2.0,3.0,0.0,0.0,2.0,1.0,1.0,0.0,0.0,0.0
902,0.0,0.0,1.0,Other,7.425,4,,,0.0,,13.394,0.0,2.0,2.0,0.0,0.0,4.0,3.0,2.0,0.0,0.0,0.0
903,1.0,0.0,0.0,Hispanic,29.75,3,12.0,12.0,0.0,0.0,19.864,4.0,2.0,2.0,0.0,0.0,3.0,2.0,1.0,0.0,,0.0
904,0.0,0.0,1.0,Hispanic,0.395,4,,,0.0,0.0,26.078,2.0,3.0,4.0,0.0,0.0,2.0,1.0,3.0,1.0,,1.0
905,0.0,0.0,1.0,Hispanic,0.35,5,12.0,12.0,1.0,0.0,46.474,5.0,2.0,2.0,0.0,0.0,3.0,2.0,2.0,0.0,,1.0
906,0.0,0.0,1.0,White,5.0001,3,10.0,8.0,0.0,0.0,11.754,3.0,4.0,2.0,0.0,0.0,3.0,2.0,2.0,0.0,,1.0
907,0.0,0.0,1.0,Hispanic,0.05,3,,,0.0,0.0,,20.0,2.0,2.0,0.0,0.0,4.0,3.0,5.0,0.0,0.0,0.0
908,0.0,0.0,1.0,Other,0.175,4,8.0,,0.0,,7.227,3.0,1.0,1.0,1.0,0.0,1.0,1.0,1.0,1.0,0.0,0.0
909,0.0,0.0,0.0,Other,0.175,4,8.0,,0.0,1.0,3.8,2.0,2.0,1.0,0.0,0.0,2.0,1.0,1.0,0.0,0.0,0.0
910,0.0,,1.0,White,34.5,4,,,0.0,,22.554,6.0,3.0,3.0,1.0,1.0,2.0,1.0,1.0,0.0,,0.0
911,1.0,0.0,0.0,Hispanic,,3,,,,0.0,55.786,10.0,2.0,4.0,20.0,0.0,4.0,4.0,2.0,1.0,0.0,0.0
912,1.0,0.0,1.0,Black,12.5,4,16.0,16.0,0.0,,47.83,1.0,2.0,4.0,0.0,0.0,5.0,5.0,1.0,0.0,,0.0
913,1.0,0.0,1.0,White,60.0,4,16.0,17.0,0.0,0.0,24.294,5.0,2.0,1.0,1.0,0.0,3.0,1.0,1.0,0.0,1.0,0.0
914,1.0,0.0,0.0,White,,3,13.0,16.0,0.0,,34.987,8.0,2.0,2.0,0.0,0.0,2.0,1.0,1.0,0.0,,0.0
915,1.0,0.0,1.0,Asian,60.0,4,14.0,16.0,0.0,0.0,71.805,7.0,2.0,2.0,0.0,0.0,2.0,2.0,1.0,0.0,0.0,0.0
916,1.0,0.0,1.0,Asian,60.0,4,14.0,16.0,0.0,0.0,70.288,2.0,2.0,2.0,0.0,0.0,2.0,1.0,1.0,0.0,0.0,0.0
917,1.0,0.0,0.0,White,,5,18.0,19.0,0.0,0.0,,4.0,2.0,2.0,0.0,1.0,1.0,1.0,1.0,0.0,0.0,0.0
918,1.0,0.0,0.0,Asian,60.0,4,18.0,20.0,0.0,0.0,89.502,0.0,2.0,2.0,0.0,1.0,2.0,4.0,1.0,0.0,0.0,0.0
919,1.0,0.0,1.0,Asian,60.0,4,18.0,20.0,0.0,0.0,63.707,1.0,1.0,1.0,0.0,0.0,1.0,1.0,1.0,0.0,0.0,0.0
920,1.0,0.0,1.0,Asian,,4,16.0,18.0,0.0,,,5.0,2.0,2.0,0.0,0.0,2.0,1.0,1.0,0.0,,0.0
921,0.0,1.0,0.0,Hispanic,8.8,6,14.0,14.0,0.0,0.0,,2.0,2.0,3.0,0.0,0.0,2.0,2.0,1.0,0.0,0.0,0.0
922,1.0,0.0,1.0,Hispanic,48.76,3,16.0,16.0,0.0,0.0,71.471,4.0,2.0,4.0,1.0,0.0,4.0,4.0,1.0,0.0,0.0,0.0
923,1.0,0.0,1.0,Other,1.9004,5,14.0,12.0,0.0,0.0,25.009,1.0,2.0,3.0,0.0,0.0,3.0,1.0,2.0,0.0,1.0,0.0
924,1.0,1.0,1.0,Black,1.9004,5,16.0,14.0,0.0,0.0,51.695,1.0,1.0,2.0,0.0,0.0,3.0,1.0,1.0,0.0,0.0,0.0
925,1.0,0.0,1.0,Hispanic,0.025,5,11.0,,0.0,,,0.0,3.0,3.0,0.0,0.0,2.0,1.0,1.0,0.0,,0.0
926,0.0,1.0,0.0,Hispanic,0.025,5,11.0,7.0,0.0,0.0,,2.0,3.0,3.0,0.0,0.0,4.0,,1.0,0.0,,0.0
927,1.0,0.0,0.0,Hispanic,29.6,4,16.0,16.0,0.0,0.0,,0.0,2.0,1.0,0.0,1.0,2.0,2.0,2.0,1.0,1.0,0.0
928,0.0,0.0,1.0,Hispanic,29.6,4,16.0,16.0,0.0,0.0,,1.0,2.0,2.0,0.0,0.0,,,,1.0,0.0,0.0
929,1.0,0.0,0.0,Asian,32.675,5,16.0,16.0,0.0,0.0,96.075,1.0,3.0,3.0,0.0,0.0,1.0,2.0,1.0,0.0,0.0,0.0
930,0.0,0.0,1.0,Hispanic,1.27,3,12.0,,0.0,0.0,30.012,3.0,2.0,2.0,0.0,0.0,1.0,1.0,1.0,0.0,0.0,0.0
931,1.0,0.0,1.0,Black,,4,14.0,14.0,0.0,0.0,91.934,0.0,2.0,2.0,0.0,0.0,1.0,1.0,1.0,0.0,0.0,0.0
932,0.0,0.0,1.0,Asian,,3,16.0,12.0,0.0,0.0,,0.0,2.0,1.0,0.0,0.0,1.0,1.0,1.0,1.0,1.0,0.0
933,1.0,0.0,1.0,White,,4,19.0,13.0,0.0,0.0,88.446,1.0,1.0,2.0,0.0,0.0,4.0,4.0,1.0,0.0,0.0,0.0
934,1.0,0.0,1.0,White,,4,19.0,13.0,0.0,0.0,93.017,5.0,2.0,2.0,0.0,0.0,1.0,1.0,1.0,0.0,0.0,0.0
935,1.0,0.0,1.0,Hispanic,7.85,5,16.0,12.0,0.0,0.0,88.303,2.0,2.0,2.0,0.0,0.0,1.0,1.0,1.0,0.0,,0.0
936,1.0,0.0,0.0,Asian,13.475,8,16.0,18.0,0.0,0.0,46.239,2.0,2.0,2.0,0.0,0.0,2.0,1.0,1.0,0.0,0.0,0.0
937,1.0,,0.0,Hispanic,,5,14.0,16.0,0.0,,83.343,0.0,1.0,1.0,0.0,0.0,1.0,1.0,1.0,0.0,,0.0
938,1.0,0.0,0.0,Hispanic,,5,14.0,16.0,0.0,,28.754,2.0,2.0,2.0,2.0,3.0,2.0,1.0,1.0,1.0,0.0,1.0
939,0.0,0.0,1.0,Asian,,5,12.0,16.0,,0.0,41.292,3.0,1.0,1.0,0.0,0.0,3.0,2.0,2.0,0.0,1.0,0.0
940,1.0,0.0,0.0,Asian,33.2,4,17.0,20.0,0.0,0.0,97.754,0.0,3.0,3.0,7.0,0.0,4.0,2.0,1.0,1.0,0.0,0.0
941,1.0,,1.0,White,,2,17.0,20.0,,,71.111,4.0,,4.0,0.0,1.0,3.0,3.0,1.0,0.0,,0.0
942,1.0,0.0,0.0,White,38.45,5,16.0,18.0,0.0,,84.902,2.0,2.0,2.0,0.0,0.0,4.0,5.0,1.0,1.0,1.0,0.0
943,1.0,0.0,0.0,White,38.45,5,16.0,18.0,0.0,0.0,76.746,6.0,1.0,2.0,0.0,0.0,1.0,1.0,1.0,0.0,0.0,0.0
944,0.0,0.0,1.0,Asian,46.775,4,20.0,16.0,0.0,,84.141,0.0,2.0,2.0,0.0,0.0,5.0,4.0,3.0,1.0,0.0,0.0
945,0.0,0.0,1.0,White,,3,16.0,16.0,0.0,0.0,95.49,2.0,2.0,2.0,0.0,0.0,3.0,2.0,2.0,1.0,0.0,0.0
946,0.0,,0.0,Other,8.82,4,14.0,12.0,0.0,,81.017,2.0,1.0,2.0,0.0,1.0,2.0,3.0,1.0,0.0,,0.0
947,0.0,0.0,1.0,Hispanic,24.875,4,14.0,17.0,0.0,,88.91,7.0,2.0,2.0,1.0,0.0,4.0,4.0,1.0,0.0,0.0,0.0
948,1.0,0.0,1.0,Hispanic,24.875,4,14.0,17.0,0.0,,46.225,6.0,1.0,2.0,0.0,0.0,1.0,1.0,1.0,0.0,0.0,0.0
949,0.0,0.0,1.0,Asian,23.64,5,16.0,16.0,0.0,0.0,31.876,0.0,3.0,4.0,0.0,0.0,3.0,3.0,2.0,0.0,0.0,0.0
950,0.0,0.0,1.0,Asian,23.64,5,16.0,16.0,0.0,,74.565,4.0,2.0,1.0,0.0,0.0,1.0,1.0,1.0,0.0,0.0,0.0
951,1.0,0.0,1.0,White,49.75,4,18.0,20.0,0.0,,66.579,3.0,1.0,3.0,0.0,0.0,4.0,5.0,1.0,0.0,,0.0
952,1.0,0.0,1.0,White,49.75,4,18.0,20.0,0.0,,92.727,1.0,2.0,2.0,0.0,0.0,1.0,1.0,1.0,0.0,0.0,1.0
953,1.0,0.0,0.0,Asian,26.75,3,18.0,16.0,0.0,,53.442,14.0,1.0,2.0,0.0,0.0,2.0,1.0,2.0,0.0,0.0,0.0
954,1.0,0.0,1.0,White,22.87,4,16.0,12.0,0.0,0.0,38.872,12.0,2.0,2.0,0.0,0.0,5.0,4.0,2.0,0.0,,0.0
955,1.0,0.0,1.0,White,,4,16.0,16.0,0.0,0.0,68.613,0.0,2.0,2.0,0.0,0.0,1.0,1.0,1.0,0.0,0.0,0.0
956,1.0,0.0,0.0,White,11.5,3,16.0,17.0,0.0,0.0,83.262,0.0,2.0,2.0,0.0,0.0,1.0,1.0,1.0,0.0,0.0,0.0
957,0.0,0.0,0.0,White,54.6051,5,12.0,18.0,0.0,0.0,96.6,1.0,1.0,2.0,0.0,0.0,1.0,1.0,1.0,0.0,0.0,0.0
958,1.0,0.0,0.0,White,,5,12.0,16.0,0.0,0.0,47.09,7.0,2.0,2.0,0.0,0.0,3.0,1.0,1.0,1.0,1.0,0.0
959,1.0,0.0,0.0,White,,5,12.0,16.0,0.0,0.0,14.042,2.0,2.0,3.0,0.0,0.0,1.0,1.0,1.0,0.0,,0.0
960,1.0,,0.0,White,60.0,4,12.0,12.0,0.0,,37.49,3.0,1.0,1.0,0.0,0.0,2.0,1.0,1.0,0.0,,0.0
961,0.0,0.0,1.0,White,,3,13.0,16.0,0.0,0.0,65.859,0.0,1.0,3.0,0.0,0.0,1.0,1.0,1.0,0.0,0.0,0.0
962,1.0,0.0,0.0,White,33.25,5,17.0,14.0,0.0,0.0,72.445,0.0,2.0,2.0,0.0,0.0,2.0,2.0,2.0,0.0,1.0,0.0
963,0.0,0.0,0.0,White,33.25,5,17.0,14.0,0.0,0.0,97.287,1.0,2.0,2.0,0.0,0.0,1.0,1.0,1.0,0.0,0.0,0.0
964,0.0,0.0,1.0,Hispanic,60.0,4,16.0,16.0,0.0,0.0,98.004,2.0,2.0,1.0,0.0,0.0,3.0,3.0,1.0,0.0,0.0,0.0
965,1.0,0.0,1.0,Hispanic,60.0,5,14.0,16.0,0.0,,41.795,0.0,2.0,3.0,0.0,1.0,2.0,1.0,1.0,0.0,,0.0
966,1.0,0.0,1.0,White,,8,11.0,12.0,0.0,,,8.0,1.0,1.0,0.0,0.0,1.0,1.0,1.0,0.0,0.0,0.0
967,1.0,0.0,1.0,Other,60.0,4,16.0,16.0,0.0,0.0,92.553,2.0,2.0,2.0,0.0,0.0,1.0,1.0,1.0,0.0,0.0,0.0
968,0.0,0.0,0.0,White,57.5001,5,18.0,16.0,0.0,0.0,,1.0,2.0,1.0,0.0,0.0,2.0,3.0,1.0,0.0,,0.0
969,0.0,0.0,1.0,White,57.5001,5,18.0,16.0,0.0,0.0,,0.0,2.0,1.0,0.0,0.0,2.0,2.0,2.0,0.0,,0.0
970,1.0,0.0,0.0,White,48.7501,4,16.0,18.0,0.0,0.0,49.509,0.0,2.0,4.0,25.0,2.0,2.0,1.0,1.0,1.0,1.0,1.0
971,1.0,0.0,1.0,White,35.882,4,18.0,16.0,0.0,0.0,57.779,0.0,2.0,1.0,0.0,0.0,1.0,1.0,1.0,,0.0,0.0
972,1.0,0.0,0.0,White,,5,16.0,20.0,0.0,0.0,81.082,8.0,2.0,3.0,0.0,0.0,2.0,3.0,1.0,0.0,0.0,0.0
973,1.0,,0.0,Hispanic,60.0,5,20.0,20.0,0.0,0.0,94.066,1.0,2.0,2.0,2.0,0.0,2.0,1.0,1.0,0.0,,0.0
974,1.0,0.0,0.0,White,60.0,4,19.0,20.0,0.0,0.0,99.147,5.0,2.0,3.0,0.0,0.0,1.0,1.0,1.0,0.0,0.0,1.0
975,1.0,0.0,0.0,White,60.0,5,12.0,14.0,0.0,0.0,43.312,2.0,2.0,2.0,0.0,0.0,3.0,3.0,1.0,0.0,,1.0
976,0.0,0.0,0.0,White,60.0,5,12.0,14.0,0.0,0.0,45.486,2.0,2.0,2.0,1.0,0.0,2.0,4.0,2.0,0.0,0.0,0.0
977,1.0,0.0,0.0,White,32.65,3,16.0,8.0,0.0,,37.9,7.0,3.0,2.0,5.0,0.0,2.0,2.0,1.0,0.0,0.0,1.0
978,1.0,0.0,0.0,Asian,60.0,4,16.0,18.0,0.0,0.0,98.692,1.0,1.0,2.0,0.0,0.0,1.0,1.0,1.0,0.0,0.0,0.0
979,1.0,0.0,1.0,Asian,60.0,4,16.0,18.0,0.0,0.0,98.758,1.0,1.0,2.0,0.0,0.0,1.0,1.0,1.0,0.0,0.0,0.0
980,0.0,0.0,0.0,White,60.0,4,16.0,19.0,0.0,0.0,85.075,6.0,1.0,2.0,0.0,0.0,3.0,4.0,1.0,1.0,0.0,1.0
981,0.0,0.0,0.0,White,33.25,3,12.0,16.0,0.0,0.0,8.362,3.0,1.0,2.0,0.0,0.0,4.0,3.0,2.0,0.0,1.0,0.0
982,1.0,,0.0,White,,3,12.0,12.0,0.0,,93.084,4.0,2.0,2.0,0.0,0.0,1.0,1.0,1.0,0.0,,0.0
983,0.0,0.0,1.0,Hispanic,,5,13.0,14.0,0.0,0.0,88.75,3.0,2.0,2.0,1.0,0.0,1.0,1.0,1.0,0.0,0.0,0.0
984,0.0,0.0,1.0,Hispanic,20.95,4,6.0,,0.0,0.0,36.803,10.0,2.0,2.0,0.0,0.0,1.0,1.0,1.0,0.0,0.0,0.0
985,0.0,,1.0,Hispanic,0.775,6,7.0,4.0,0.0,,0.345,23.0,3.0,3.0,0.0,1.0,5.0,4.0,3.0,0.0,,1.0
986,0.0,0.0,1.0,White,,3,12.0,18.0,0.0,0.0,87.455,,,,,,4.0,4.0,1.0,0.0,0.0,0.0
987,0.0,0.0,0.0,Hispanic,,3,12.0,18.0,0.0,0.0,78.318,50.0,2.0,2.0,0.0,1.0,3.0,5.0,3.0,1.0,0.0,1.0
988,1.0,0.0,1.0,White,3.2,4,12.0,,0.0,,97.316,4.0,2.0,2.0,0.0,0.0,1.0,1.0,1.0,0.0,0.0,0.0
989,1.0,0.0,1.0,White,10.975,5,13.0,16.0,0.0,0.0,62.978,3.0,2.0,2.0,0.0,0.0,1.0,1.0,1.0,0.0,0.0,0.0
990,0.0,0.0,0.0,White,,6,,12.0,,0.0,56.688,0.0,1.0,2.0,1.0,0.0,1.0,3.0,1.0,0.0,1.0,1.0
991,0.0,0.0,0.0,Asian,,2,,,,,,5.0,2.0,2.0,0.0,0.0,3.0,2.0,2.0,0.0,,0.0
992,1.0,0.0,1.0,White,1.44,2,13.0,12.0,0.0,,,3.0,2.0,3.0,10.0,0.0,4.0,4.0,2.0,0.0,1.0,0.0
993,0.0,0.0,1.0,Asian,,4,12.0,13.0,,0.0,,1.0,3.0,4.0,0.0,0.0,3.0,4.0,2.0,0.0,,0.0
994,1.0,,0.0,White,,6,13.0,14.0,0.0,,80.797,10.0,2.0,2.0,0.0,0.0,2.0,1.0,1.0,0.0,,0.0
995,0.0,0.0,1.0,Hispanic,,3,12.0,12.0,0.0,0.0,51.778,,2.0,3.0,,,5.0,5.0,3.0,0.0,0.0,0.0
996,1.0,0.0,1.0,Asian,12.45,6,14.0,14.0,0.0,0.0,36.039,2.0,2.0,2.0,0.0,0.0,5.0,3.0,2.0,1.0,1.0,0.0
997,1.0,,0.0,Asian,1.95,3,13.0,12.0,0.0,0.0,58.719,2.0,2.0,2.0,0.0,0.0,2.0,2.0,2.0,0.0,0.0,0.0
998,0.0,0.0,0.0,Black,,4,11.0,11.0,0.0,0.0,39.787,2.0,3.0,3.0,0.0,0.0,3.0,3.0,3.0,1.0,0.0,1.0
999,0.0,0.0,0.0,White,6.6,4,12.0,12.0,0.0,0.0,54.835,3.0,2.0,2.0,0.0,1.0,3.0,1.0,3.0,1.0,0.0,1.0
1000,1.0,1.0,0.0,Other,,5,15.0,16.0,,0.0,17.42,30.0,2.0,4.0,0.0,0.0,5.0,2.0,3.0,0.0,1.0,0.0
1001,0.0,0.0,0.0,Black,,5,,,,,29.268,1.0,2.0,4.0,0.0,1.0,3.0,4.0,2.0,0.0,,1.0
1002,0.0,0.0,0.0,Black,,5,,,,0.0,26.381,2.0,2.0,2.0,2.0,0.0,4.0,4.0,4.0,1.0,0.0,0.0
1003,1.0,0.0,1.0,Asian,,6,16.0,7.0,,0.0,29.276,5.0,2.0,2.0,0.0,0.0,3.0,2.0,2.0,,0.0,0.0
1004,1.0,0.0,0.0,Asian,,6,16.0,7.0,,0.0,41.822,1.0,2.0,3.0,1.0,0.0,5.0,4.0,3.0,0.0,0.0,0.0
1005,0.0,0.0,0.0,Asian,0.85,9,16.0,,0.0,0.0,47.386,1.0,4.0,2.0,0.0,0.0,3.0,1.0,4.0,1.0,0.0,0.0
1006,0.0,0.0,0.0,Asian,0.85,9,16.0,,0.0,0.0,18.999,12.0,1.0,1.0,1.0,1.0,2.0,1.0,3.0,0.0,0.0,0.0
1007,1.0,0.0,0.0,Asian,,7,16.0,16.0,0.0,,20.759,1.0,2.0,1.0,0.0,0.0,3.0,1.0,1.0,0.0,0.0,0.0
1008,1.0,0.0,1.0,White,,4,12.0,14.0,0.0,0.0,34.578,15.0,2.0,3.0,0.0,0.0,5.0,4.0,1.0,0.0,1.0,0.0
1009,1.0,0.0,0.0,White,,4,12.0,14.0,0.0,0.0,82.177,2.0,2.0,2.0,1.0,0.0,2.0,2.0,1.0,0.0,0.0,0.0
1010,1.0,0.0,1.0,Asian,,7,12.0,12.0,,,,1.0,3.0,2.0,0.0,0.0,3.0,1.0,4.0,0.0,0.0,0.0
1011,1.0,0.0,0.0,White,-0.28,5,12.0,17.0,0.0,0.0,99.067,10.0,3.0,2.0,3.0,0.0,3.0,2.0,1.0,1.0,0.0,0.0
1012,0.0,1.0,0.0,White,-0.28,5,12.0,17.0,0.0,0.0,90.817,10.0,2.0,2.0,0.0,0.0,1.0,1.0,1.0,0.0,0.0,0.0
1013,1.0,0.0,0.0,Black,,5,14.0,14.0,0.0,0.0,68.139,3.0,1.0,2.0,0.0,0.0,1.0,1.0,1.0,0.0,0.0,0.0
1014,1.0,1.0,0.0,Asian,2.485,6,14.0,16.0,0.0,0.0,29.819,3.0,2.0,2.0,0.0,0.0,2.0,3.0,4.0,0.0,,0.0
1015,1.0,0.0,0.0,Asian,2.485,6,14.0,16.0,0.0,,69.021,2.0,2.0,1.0,0.0,0.0,2.0,1.0,2.0,0.0,,0.0
1016,1.0,0.0,0.0,Asian,3.65,5,12.0,,0.0,0.0,52.996,2.0,1.0,1.0,0.0,0.0,2.0,1.0,1.0,0.0,0.0,0.0
1017,0.0,,1.0,Asian,3.65,5,12.0,,0.0,,17.283,4.0,1.0,1.0,0.0,0.0,2.0,1.0,2.0,0.0,,0.0
1018,1.0,0.0,0.0,White,19.85,4,16.0,12.0,0.0,0.0,73.083,1.0,2.0,3.0,3.0,1.0,1.0,1.0,1.0,0.0,0.0,0.0
1019,1.0,0.0,0.0,Asian,7.32,5,17.0,14.0,0.0,0.0,89.397,0.0,1.0,1.0,0.0,0.0,2.0,2.0,2.0,0.0,0.0,0.0
1020,1.0,1.0,0.0,White,8.92,4,14.0,12.0,0.0,0.0,14.47,10.0,2.0,1.0,0.0,0.0,4.0,3.0,1.0,0.0,0.0,0.0
1021,0.0,0.0,1.0,White,28.8,5,13.0,14.0,0.0,0.0,87.74,2.0,1.0,3.0,0.0,0.0,2.0,1.0,1.0,0.0,0.0,0.0
1022,1.0,1.0,1.0,White,-0.54,5,18.0,15.0,0.0,0.0,66.015,4.0,2.0,1.0,0.0,0.0,3.0,3.0,2.0,0.0,0.0,0.0
1023,1.0,0.0,1.0,Hispanic,22.675,4,14.0,12.0,0.0,,63.809,8.0,2.0,2.0,0.0,0.0,1.0,1.0,1.0,0.0,0.0,0.0
1024,1.0,0.0,1.0,White,8.1,5,14.0,,0.0,0.0,95.928,15.0,2.0,2.0,0.0,0.0,3.0,2.0,1.0,0.0,0.0,0.0
1025,0.0,0.0,0.0,White,49.45,4,16.0,16.0,0.0,0.0,75.378,3.0,2.0,3.0,0.0,0.0,1.0,2.0,1.0,0.0,0.0,0.0
1026,0.0,0.0,0.0,White,,7,12.0,10.0,0.0,,73.778,4.0,2.0,2.0,2.0,0.0,4.0,3.0,2.0,1.0,0.0,0.0
1027,0.0,0.0,0.0,White,6.0511,7,12.0,12.0,0.0,0.0,7.278,1.0,2.0,3.0,0.0,0.0,4.0,2.0,1.0,1.0,0.0,0.0
1028,0.0,0.0,0.0,White,6.0511,7,12.0,12.0,0.0,,79.287,4.0,2.0,2.0,0.0,1.0,3.0,1.0,2.0,0.0,0.0,0.0
1029,0.0,0.0,1.0,White,11.3,3,10.0,11.0,0.0,0.0,59.518,30.0,3.0,3.0,0.0,0.0,4.0,2.0,1.0,0.0,0.0,0.0
1030,0.0,0.0,0.0,White,,3,10.0,12.0,0.0,0.0,69.783,6.0,2.0,1.0,1.0,0.0,4.0,2.0,1.0,0.0,0.0,0.0
1031,0.0,0.0,0.0,Black,-0.825,3,9.0,8.0,1.0,1.0,43.999,3.0,2.0,2.0,0.0,0.0,3.0,1.0,1.0,0.0,,0.0
1032,1.0,0.0,0.0,Black,0.05,4,11.0,11.0,0.0,0.0,16.84,2.0,1.0,1.0,2.0,0.0,1.0,1.0,1.0,1.0,0.0,0.0
1033,0.0,0.0,1.0,Black,0.05,4,11.0,12.0,0.0,0.0,,6.0,2.0,2.0,0.0,2.0,2.0,1.0,1.0,0.0,0.0,0.0
1034,0.0,0.0,0.0,Black,0.175,4,10.0,13.0,0.0,,10.319,19.0,2.0,1.0,1.0,5.0,5.0,4.0,3.0,1.0,0.0,1.0
1035,0.0,0.0,1.0,Black,,3,10.0,12.0,,0.0,,5.0,2.0,3.0,1.0,0.0,2.0,2.0,2.0,0.0,,0.0
1036,0.0,1.0,0.0,Black,0.17,5,10.0,12.0,0.0,,,0.0,3.0,2.0,30.0,0.0,2.0,1.0,3.0,0.0,0.0,1.0
1037,0.0,0.0,0.0,Black,-0.15,5,,,0.0,0.0,0.835,9.0,3.0,2.0,0.0,0.0,1.0,1.0,1.0,0.0,0.0,1.0
1038,0.0,0.0,0.0,Black,-0.15,5,,,0.0,0.0,,42.0,4.0,3.0,5.0,7.0,1.0,1.0,1.0,1.0,0.0,1.0
1039,0.0,0.0,1.0,Black,0.05,7,11.0,,0.0,,12.321,4.0,2.0,1.0,1.0,1.0,2.0,1.0,1.0,1.0,0.0,0.0
1040,0.0,0.0,1.0,Black,1.975,3,12.0,12.0,0.0,0.0,17.119,10.0,2.0,2.0,0.0,0.0,3.0,3.0,3.0,1.0,,0.0
1041,0.0,0.0,0.0,Black,0.375,5,10.0,11.0,0.0,0.0,0.0,1.0,2.0,2.0,1.0,12.0,2.0,2.0,3.0,0.0,0.0,1.0
1042,0.0,0.0,1.0,Black,0.375,5,10.0,11.0,0.0,1.0,16.713,5.0,2.0,2.0,0.0,1.0,5.0,2.0,1.0,0.0,0.0,0.0
1043,0.0,0.0,1.0,Black,-0.125,6,9.0,,1.0,,,1.0,2.0,2.0,0.0,0.0,1.0,1.0,1.0,0.0,,0.0
1044,0.0,0.0,0.0,Black,-0.125,6,9.0,,0.0,,6.128,3.0,2.0,2.0,0.0,0.0,1.0,1.0,2.0,0.0,0.0,0.0
1045,0.0,0.0,1.0,Black,-0.35,4,12.0,12.0,1.0,0.0,,3.0,3.0,4.0,0.0,0.0,4.0,4.0,3.0,0.0,1.0,0.0
1046,0.0,1.0,0.0,Black,-0.35,4,12.0,,1.0,0.0,10.082,3.0,2.0,2.0,0.0,2.0,1.0,1.0,3.0,1.0,1.0,0.0
1047,1.0,0.0,1.0,Black,0.7,4,12.0,,0.0,1.0,2.77,15.0,2.0,3.0,0.0,5.0,5.0,5.0,1.0,0.0,,1.0
1048,1.0,0.0,1.0,Black,0.05,3,11.0,11.0,0.0,1.0,,4.0,1.0,2.0,0.0,0.0,2.0,2.0,1.0,1.0,0.0,0.0
1049,0.0,1.0,0.0,Hispanic,1.365,3,10.0,8.0,0.0,1.0,13.881,16.0,2.0,2.0,0.0,0.0,1.0,1.0,1.0,0.0,,1.0
1050,0.0,0.0,1.0,Black,-0.5738,6,9.0,,1.0,,0.139,20.0,2.0,2.0,1.0,0.0,4.0,2.0,5.0,0.0,,0.0
1051,0.0,,0.0,Black,-0.5738,6,9.0,,0.0,,0.639,5.0,1.0,3.0,3.0,3.0,1.0,1.0,1.0,0.0,,1.0
1052,0.0,0.0,1.0,Black,0.625,4,11.0,12.0,0.0,0.0,,12.0,2.0,3.0,3.0,3.0,5.0,5.0,1.0,1.0,1.0,1.0
1053,0.0,0.0,0.0,Black,0.175,3,12.0,12.0,1.0,0.0,44.032,19.0,3.0,3.0,0.0,0.0,4.0,3.0,5.0,1.0,,
1054,0.0,0.0,1.0,Black,,3,12.0,8.0,0.0,,4.842,13.0,2.0,2.0,1.0,2.0,2.0,1.0,1.0,0.0,0.0,0.0
1055,0.0,0.0,1.0,Black,0.195,5,11.0,,0.0,1.0,,3.0,1.0,2.0,0.0,1.0,1.0,1.0,1.0,0.0,,0.0
1056,0.0,0.0,1.0,Black,0.175,5,11.0,,0.0,0.0,26.913,15.0,2.0,2.0,0.0,0.0,3.0,2.0,1.0,0.0,0.0,0.0
1057,0.0,0.0,1.0,Black,0.175,5,11.0,,0.0,,7.205,0.0,3.0,2.0,0.0,0.0,4.0,2.0,5.0,0.0,0.0,0.0
1058,0.0,0.0,0.0,Black,0.205,2,12.0,12.0,0.0,,,11.0,2.0,2.0,1.0,0.0,4.0,2.0,2.0,0.0,0.0,1.0
1059,0.0,0.0,0.0,Black,1.81,3,12.0,12.0,0.0,0.0,,2.0,2.0,3.0,0.0,2.0,1.0,1.0,1.0,1.0,0.0,0.0
1060,1.0,1.0,1.0,Black,1.225,2,9.0,16.0,0.0,0.0,46.48,6.0,1.0,1.0,0.0,0.0,2.0,1.0,1.0,0.0,0.0,0.0
1061,1.0,0.0,1.0,Black,0.175,4,12.0,11.0,0.0,,30.329,2.0,2.0,3.0,0.0,0.0,3.0,2.0,2.0,0.0,0.0,0.0
1062,0.0,1.0,0.0,Black,0.76,2,13.0,11.0,0.0,0.0,13.27,7.0,1.0,4.0,15.0,0.0,4.0,2.0,2.0,1.0,0.0,0.0
1063,1.0,0.0,0.0,Black,0.03,4,,12.0,0.0,0.0,44.967,20.0,3.0,3.0,80.0,4.0,3.0,4.0,2.0,0.0,,1.0
1064,,,1.0,Black,,3,12.0,12.0,0.0,,,3.0,3.0,3.0,0.0,2.0,3.0,4.0,1.0,0.0,,0.0
1065,1.0,0.0,0.0,Black,3.9,5,12.0,12.0,0.0,0.0,18.481,1.0,2.0,2.0,0.0,0.0,3.0,3.0,1.0,0.0,,0.0
1066,1.0,0.0,1.0,Black,3.51,5,13.0,12.0,0.0,0.0,57.487,6.0,2.0,2.0,1.0,0.0,3.0,1.0,2.0,0.0,1.0,0.0
1067,0.0,0.0,1.0,Hispanic,7.679,7,6.0,3.0,0.0,0.0,34.815,20.0,1.0,3.0,0.0,0.0,2.0,1.0,1.0,0.0,0.0,1.0
1068,0.0,0.0,0.0,Hispanic,7.679,7,6.0,3.0,0.0,0.0,26.063,5.0,2.0,2.0,0.0,1.0,1.0,1.0,1.0,0.0,0.0,0.0
1069,,,0.0,White,,5,13.0,15.0,0.0,,,2.0,2.0,2.0,0.0,1.0,4.0,3.0,2.0,0.0,,0.0
1070,0.0,0.0,1.0,Black,3.21,5,12.0,13.0,0.0,0.0,48.016,1.0,2.0,2.0,1.0,0.0,3.0,2.0,1.0,0.0,1.0,0.0
1071,0.0,0.0,0.0,Hispanic,10.4,4,12.0,12.0,0.0,0.0,74.768,5.0,1.0,3.0,0.0,1.0,1.0,1.0,1.0,0.0,0.0,0.0
1072,1.0,0.0,0.0,Black,-1.325,3,15.0,,0.0,0.0,,9.0,2.0,4.0,0.0,1.0,4.0,4.0,2.0,0.0,0.0,1.0
1073,1.0,0.0,1.0,White,24.1,4,14.0,18.0,0.0,,96.849,2.0,2.0,2.0,0.0,0.0,3.0,3.0,1.0,0.0,1.0,0.0
1074,1.0,0.0,0.0,White,24.1,4,14.0,18.0,0.0,0.0,89.97,0.0,1.0,2.0,0.0,0.0,3.0,2.0,1.0,0.0,0.0,0.0
1075,0.0,0.0,1.0,Black,24.375,3,16.0,12.0,0.0,1.0,70.261,5.0,1.0,1.0,2.0,1.0,5.0,3.0,2.0,0.0,0.0,0.0
1076,1.0,0.0,1.0,White,22.25,5,14.0,16.0,0.0,,,1.0,1.0,1.0,0.0,0.0,3.0,2.0,1.0,0.0,0.0,0.0
1077,1.0,0.0,1.0,White,22.25,5,14.0,16.0,0.0,,,2.0,2.0,2.0,0.0,0.0,1.0,1.0,1.0,0.0,0.0,0.0
1078,1.0,0.0,0.0,White,,4,12.0,16.0,0.0,0.0,25.218,0.0,2.0,2.0,0.0,0.0,2.0,1.0,1.0,0.0,0.0,0.0
1079,1.0,,0.0,White,,4,12.0,14.0,0.0,,,1.0,2.0,2.0,0.0,0.0,3.0,2.0,1.0,0.0,,0.0
1080,1.0,,1.0,White,,4,12.0,14.0,0.0,,,1.0,2.0,2.0,0.0,0.0,4.0,4.0,2.0,1.0,,0.0
1081,1.0,0.0,0.0,White,36.2001,4,18.0,18.0,0.0,0.0,95.237,2.0,2.0,2.0,0.0,0.0,2.0,1.0,1.0,1.0,0.0,0.0
1082,1.0,0.0,1.0,White,60.0,4,16.0,20.0,0.0,0.0,96.117,6.0,1.0,2.0,0.0,0.0,2.0,1.0,1.0,0.0,0.0,0.0
1083,1.0,0.0,1.0,White,28.0,4,14.0,16.0,0.0,,75.922,5.0,2.0,1.0,0.0,0.0,4.0,3.0,1.0,0.0,0.0,0.0
1084,1.0,0.0,1.0,White,28.0,4,14.0,16.0,0.0,0.0,63.819,0.0,1.0,2.0,0.0,0.0,3.0,2.0,1.0,0.0,0.0,0.0
1085,1.0,0.0,0.0,White,,5,13.0,14.0,0.0,0.0,23.518,10.0,2.0,3.0,5.0,0.0,5.0,3.0,1.0,1.0,1.0,0.0
1086,1.0,0.0,0.0,White,,5,12.0,16.0,,0.0,96.974,1.0,2.0,2.0,0.0,0.0,1.0,1.0,1.0,0.0,0.0,0.0
1087,1.0,0.0,1.0,Hispanic,,5,12.0,12.0,0.0,0.0,93.441,1.0,1.0,2.0,0.0,0.0,4.0,3.0,1.0,0.0,0.0,0.0
1088,1.0,0.0,1.0,White,12.05,5,13.0,12.0,0.0,,66.643,7.0,2.0,3.0,0.0,0.0,1.0,1.0,1.0,0.0,,0.0
1089,0.0,,0.0,White,2.5687,4,13.0,12.0,0.0,,91.722,5.0,3.0,4.0,3.0,1.0,3.0,2.0,1.0,0.0,,0.0
1090,0.0,0.0,0.0,White,2.5687,4,13.0,12.0,0.0,,84.379,6.0,2.0,2.0,0.0,0.0,3.0,3.0,1.0,0.0,,1.0
1091,0.0,0.0,1.0,White,,3,15.0,13.0,,1.0,,3.0,2.0,3.0,0.0,0.0,4.0,3.0,2.0,0.0,1.0,0.0
1092,1.0,0.0,1.0,White,,3,15.0,13.0,,0.0,,1.0,2.0,2.0,0.0,0.0,3.0,3.0,3.0,0.0,0.0,1.0
1093,1.0,0.0,0.0,Hispanic,1.53,5,13.0,,0.0,,27.648,0.0,2.0,3.0,0.0,0.0,3.0,1.0,1.0,0.0,,0.0
1094,1.0,0.0,0.0,Black,1.575,4,14.0,15.0,0.0,0.0,44.847,15.0,2.0,2.0,0.0,0.0,1.0,1.0,1.0,0.0,,0.0
1095,0.0,0.0,0.0,Black,1.575,4,14.0,15.0,0.0,0.0,51.129,5.0,1.0,2.0,0.0,1.0,1.0,1.0,1.0,1.0,1.0,0.0
1096,0.0,0.0,1.0,Black,-0.25,5,11.0,9.0,1.0,0.0,,0.0,2.0,2.0,0.0,4.0,1.0,1.0,1.0,0.0,0.0,0.0
1097,0.0,1.0,0.0,Black,1.7,5,13.0,18.0,0.0,0.0,15.719,8.0,3.0,2.0,1.0,1.0,5.0,3.0,2.0,0.0,0.0,0.0
1098,1.0,0.0,1.0,Black,1.7,5,13.0,18.0,0.0,0.0,24.971,6.0,2.0,3.0,2.0,0.0,4.0,5.0,2.0,0.0,0.0,0.0
1099,1.0,0.0,1.0,Black,,4,12.0,10.0,,0.0,41.681,30.0,4.0,3.0,0.0,0.0,5.0,5.0,5.0,0.0,0.0,1.0
1100,0.0,0.0,1.0,Black,0.286,3,15.0,,0.0,1.0,42.96,6.0,2.0,2.0,3.0,2.0,5.0,5.0,3.0,0.0,0.0,1.0
1101,0.0,0.0,1.0,Black,0.8,11,9.0,9.0,1.0,,8.325,15.0,4.0,4.0,0.0,0.0,1.0,1.0,1.0,1.0,0.0,1.0
1102,0.0,0.0,1.0,Black,0.8,11,9.0,9.0,1.0,,7.27,0.0,1.0,1.0,0.0,0.0,1.0,5.0,2.0,0.0,0.0,0.0
1103,0.0,0.0,1.0,Hispanic,0.75,6,9.0,,0.0,,14.495,2.0,2.0,2.0,0.0,3.0,1.0,2.0,1.0,1.0,0.0,0.0
1104,0.0,0.0,1.0,White,12.1501,5,14.0,14.0,0.0,0.0,21.08,8.0,2.0,3.0,0.0,0.0,5.0,3.0,1.0,,0.0,1.0
1105,0.0,0.0,1.0,White,12.1501,5,14.0,14.0,0.0,0.0,39.864,8.0,2.0,1.0,0.0,0.0,1.0,1.0,1.0,0.0,0.0,0.0
1106,0.0,0.0,0.0,White,1.029,5,12.0,10.0,1.0,,,4.0,3.0,4.0,0.0,0.0,5.0,5.0,3.0,0.0,0.0,0.0
1107,0.0,0.0,1.0,White,1.029,5,12.0,,1.0,0.0,,2.0,2.0,2.0,0.0,0.0,1.0,1.0,1.0,0.0,0.0,1.0
1108,1.0,0.0,0.0,Other,-0.87,4,15.0,12.0,0.0,0.0,29.364,2.0,2.0,2.0,0.0,0.0,4.0,2.0,2.0,0.0,0.0,1.0
1109,1.0,0.0,1.0,White,6.95,4,13.0,12.0,0.0,0.0,61.161,2.0,2.0,1.0,0.0,0.0,1.0,1.0,1.0,0.0,0.0,0.0
1110,1.0,,0.0,White,18.39,4,14.0,14.0,0.0,,,0.0,2.0,2.0,0.0,0.0,4.0,3.0,1.0,0.0,,0.0
1111,1.0,0.0,0.0,White,18.39,4,14.0,14.0,0.0,0.0,,2.0,2.0,2.0,0.0,6.0,1.0,1.0,1.0,0.0,,0.0
1112,1.0,0.0,0.0,White,33.61,4,12.0,16.0,0.0,0.0,,3.0,2.0,2.0,0.0,0.0,1.0,1.0,1.0,0.0,,0.0
1113,1.0,0.0,0.0,White,8.32,3,12.0,12.0,0.0,0.0,98.827,2.0,2.0,2.0,1.0,0.0,2.0,2.0,1.0,0.0,0.0,0.0
1114,1.0,0.0,1.0,Hispanic,8.075,5,12.0,12.0,0.0,0.0,34.749,2.0,2.0,3.0,0.0,0.0,3.0,2.0,1.0,0.0,0.0,0.0
1115,0.0,0.0,0.0,White,,4,16.0,16.0,0.0,,70.938,2.0,2.0,2.0,0.0,0.0,4.0,3.0,1.0,0.0,0.0,0.0
1116,1.0,0.0,1.0,White,27.35,4,17.0,13.0,0.0,0.0,86.26,1.0,2.0,2.0,0.0,0.0,1.0,1.0,1.0,0.0,0.0,0.0
1117,1.0,0.0,0.0,White,27.35,4,17.0,13.0,0.0,0.0,47.52,1.0,2.0,3.0,1.0,2.0,1.0,1.0,1.0,0.0,0.0,0.0
1118,1.0,0.0,1.0,White,60.0,4,12.0,12.0,0.0,0.0,91.258,2.0,1.0,4.0,0.0,0.0,4.0,5.0,1.0,0.0,1.0,0.0
1119,1.0,0.0,1.0,Hispanic,60.0,4,12.0,12.0,0.0,0.0,76.267,2.0,2.0,2.0,0.0,0.0,2.0,1.0,1.0,0.0,1.0,0.0
1120,1.0,0.0,1.0,White,39.15,3,10.0,12.0,0.0,,99.132,1.0,2.0,2.0,0.0,0.0,4.0,3.0,1.0,0.0,,0.0
1121,1.0,0.0,1.0,White,,4,12.0,12.0,0.0,,,10.0,3.0,3.0,1.0,0.0,3.0,3.0,2.0,0.0,0.0,0.0
1122,1.0,0.0,0.0,White,40.15,4,12.0,13.0,0.0,,95.644,3.0,2.0,2.0,0.0,0.0,2.0,3.0,1.0,0.0,0.0,0.0
1123,1.0,0.0,1.0,White,40.15,4,12.0,13.0,0.0,0.0,70.116,1.0,2.0,1.0,0.0,0.0,1.0,1.0,1.0,0.0,0.0,0.0
1124,0.0,0.0,0.0,Hispanic,0.45,4,10.0,10.0,0.0,0.0,20.702,15.0,3.0,3.0,0.0,2.0,5.0,1.0,1.0,1.0,0.0,1.0
1125,0.0,0.0,0.0,Black,,2,12.0,,0.0,,,0.0,3.0,3.0,0.0,2.0,1.0,1.0,1.0,0.0,0.0,0.0
1126,1.0,0.0,0.0,Black,,6,12.0,12.0,,0.0,75.659,8.0,2.0,2.0,0.0,0.0,3.0,3.0,2.0,0.0,0.0,0.0
1127,1.0,0.0,1.0,Black,-4.575,6,12.0,7.0,0.0,1.0,,7.0,2.0,4.0,0.0,0.0,3.0,3.0,1.0,1.0,0.0,1.0
1128,0.0,0.0,1.0,Black,13.1001,6,13.0,12.0,0.0,1.0,42.916,6.0,1.0,2.0,0.0,0.0,1.0,1.0,2.0,0.0,0.0,0.0
1129,1.0,0.0,0.0,White,0.25,4,15.0,12.0,1.0,,94.837,3.0,2.0,2.0,0.0,0.0,1.0,1.0,1.0,0.0,0.0,1.0
1130,0.0,0.0,0.0,White,0.25,4,15.0,12.0,1.0,,77.228,3.0,2.0,1.0,0.0,1.0,1.0,1.0,1.0,0.0,0.0,0.0
1131,1.0,0.0,0.0,White,0.275,4,12.0,12.0,0.0,0.0,24.545,3.0,2.0,2.0,0.0,0.0,2.0,1.0,1.0,0.0,0.0,0.0
1132,0.0,0.0,1.0,White,5.125,3,12.0,12.0,0.0,0.0,5.58,11.0,1.0,2.0,0.0,1.0,4.0,4.0,2.0,0.0,,0.0
1133,1.0,0.0,1.0,White,10.9801,4,12.0,12.0,0.0,0.0,67.804,2.0,2.0,2.0,0.0,0.0,2.0,2.0,1.0,0.0,0.0,0.0
1134,0.0,0.0,1.0,White,10.9801,4,12.0,12.0,0.0,,75.646,2.0,2.0,2.0,0.0,1.0,1.0,1.0,1.0,0.0,,0.0
1135,1.0,0.0,0.0,White,,5,16.0,18.0,0.0,0.0,80.559,3.0,2.0,2.0,0.0,0.0,2.0,1.0,1.0,1.0,0.0,0.0
1136,,,0.0,White,15.25,3,12.0,12.0,0.0,,,3.0,3.0,3.0,7.0,0.0,4.0,4.0,2.0,1.0,,1.0
1137,1.0,0.0,0.0,White,,3,16.0,,0.0,,,1.0,1.0,2.0,0.0,0.0,1.0,1.0,1.0,1.0,,0.0
1138,1.0,1.0,1.0,White,,4,18.0,20.0,0.0,,50.223,2.0,2.0,2.0,0.0,0.0,5.0,3.0,1.0,0.0,,0.0
1139,,,1.0,White,8.45,4,12.0,13.0,0.0,,,2.0,2.0,2.0,0.0,0.0,1.0,1.0,1.0,0.0,,0.0
1140,1.0,0.0,0.0,White,6.575,3,18.0,20.0,0.0,0.0,99.294,0.0,1.0,2.0,0.0,0.0,1.0,1.0,1.0,0.0,0.0,0.0
1141,1.0,0.0,0.0,White,11.45,3,18.0,12.0,0.0,,,2.0,2.0,3.0,0.0,0.0,2.0,1.0,1.0,0.0,0.0,0.0
1142,0.0,0.0,0.0,White,0.255,4,13.0,12.0,0.0,0.0,55.647,7.0,2.0,3.0,0.0,0.0,3.0,2.0,1.0,0.0,,0.0
1143,1.0,0.0,1.0,White,0.255,4,13.0,12.0,0.0,0.0,84.773,2.0,1.0,3.0,0.0,0.0,5.0,4.0,1.0,0.0,0.0,0.0
1144,0.0,0.0,1.0,White,0.255,4,13.0,12.0,0.0,0.0,56.86,20.0,2.0,2.0,0.0,0.0,3.0,3.0,1.0,0.0,0.0,0.0
1145,1.0,0.0,1.0,White,11.29,4,13.0,12.0,0.0,0.0,88.647,1.0,1.0,2.0,0.0,0.0,3.0,2.0,1.0,0.0,0.0,0.0
1146,1.0,0.0,1.0,White,11.29,4,13.0,12.0,0.0,0.0,73.49,0.0,2.0,2.0,0.0,0.0,3.0,1.0,1.0,0.0,0.0,0.0
1147,1.0,0.0,0.0,White,0.94,9,11.0,12.0,0.0,0.0,,0.0,2.0,2.0,0.0,0.0,2.0,2.0,1.0,0.0,1.0,0.0
1148,0.0,0.0,1.0,White,0.94,9,11.0,12.0,0.0,0.0,,4.0,2.0,3.0,0.0,0.0,4.0,2.0,2.0,0.0,0.0,0.0
1149,1.0,0.0,1.0,White,0.94,9,11.0,12.0,0.0,0.0,,0.0,2.0,3.0,0.0,0.0,3.0,2.0,1.0,0.0,0.0,0.0
1150,0.0,0.0,0.0,White,,2,16.0,14.0,0.0,0.0,64.591,,1.0,2.0,0.0,0.0,1.0,1.0,1.0,1.0,,0.0
1151,1.0,0.0,1.0,White,6.3,5,14.0,12.0,0.0,0.0,63.074,2.0,2.0,2.0,0.0,0.0,2.0,1.0,1.0,0.0,0.0,0.0
1152,0.0,0.0,1.0,Hispanic,2.875,4,12.0,3.0,0.0,0.0,35.676,4.0,3.0,2.0,1.0,0.0,5.0,4.0,1.0,0.0,0.0,0.0
1153,0.0,0.0,1.0,Hispanic,2.875,4,12.0,3.0,0.0,0.0,12.72,0.0,2.0,2.0,0.0,0.0,3.0,2.0,1.0,,0.0,0.0
1154,1.0,0.0,1.0,White,,5,12.0,,0.0,0.0,61.185,1.0,2.0,2.0,0.0,0.0,2.0,1.0,1.0,0.0,0.0,0.0
1155,0.0,1.0,0.0,White,25.85,4,14.0,18.0,0.0,0.0,51.844,15.0,2.0,2.0,0.0,0.0,4.0,2.0,1.0,0.0,0.0,1.0
1156,0.0,0.0,1.0,White,7.875,4,12.0,16.0,0.0,,20.373,0.0,1.0,3.0,0.0,0.0,1.0,1.0,1.0,0.0,,0.0
1157,0.0,0.0,0.0,Hispanic,,4,14.0,16.0,0.0,,44.559,5.0,1.0,3.0,0.0,0.0,5.0,3.0,1.0,1.0,,0.0
1158,1.0,1.0,0.0,White,60.0,5,17.0,19.0,0.0,0.0,,4.0,2.0,3.0,0.0,0.0,4.0,3.0,2.0,1.0,0.0,0.0
1159,1.0,0.0,0.0,White,,6,14.0,16.0,,0.0,,13.0,4.0,3.0,0.0,0.0,2.0,1.0,1.0,1.0,0.0,0.0
1160,0.0,0.0,1.0,Asian,,5,16.0,16.0,,0.0,,0.0,2.0,1.0,0.0,0.0,4.0,4.0,1.0,0.0,0.0,0.0
1161,0.0,0.0,0.0,White,,4,12.0,12.0,0.0,0.0,26.462,9.0,2.0,2.0,0.0,0.0,2.0,1.0,1.0,0.0,0.0,0.0
1162,1.0,0.0,0.0,White,20.02,6,14.0,12.0,1.0,,85.744,2.0,2.0,2.0,0.0,0.0,3.0,3.0,1.0,0.0,0.0,0.0
1163,1.0,0.0,0.0,White,20.02,6,12.0,18.0,0.0,0.0,85.523,4.0,2.0,2.0,0.0,0.0,1.0,1.0,1.0,0.0,0.0,0.0
1164,1.0,0.0,0.0,White,,4,12.0,12.0,,0.0,86.187,3.0,1.0,2.0,5.0,0.0,2.0,2.0,1.0,1.0,0.0,0.0
1165,1.0,0.0,1.0,White,,4,12.0,12.0,,0.0,68.159,8.0,2.0,2.0,1.0,0.0,4.0,1.0,1.0,0.0,0.0,0.0
1166,1.0,0.0,1.0,White,,3,12.0,,,,,10.0,2.0,2.0,0.0,3.0,4.0,4.0,1.0,0.0,1.0,1.0
1167,0.0,0.0,0.0,White,30.85,6,14.0,12.0,0.0,0.0,77.174,4.0,2.0,4.0,1.0,1.0,3.0,3.0,1.0,0.0,0.0,0.0
1168,0.0,0.0,0.0,White,30.85,6,14.0,12.0,0.0,,28.548,0.0,3.0,4.0,0.0,0.0,5.0,3.0,1.0,,0.0,1.0
1169,1.0,0.0,1.0,White,30.85,6,14.0,12.0,0.0,0.0,19.887,2.0,2.0,2.0,0.0,0.0,2.0,2.0,1.0,0.0,0.0,0.0
1170,1.0,0.0,0.0,White,16.25,5,12.0,18.0,0.0,,97.589,0.0,2.0,2.0,30.0,0.0,4.0,2.0,1.0,0.0,0.0,0.0
1171,1.0,0.0,0.0,White,16.25,5,12.0,18.0,0.0,0.0,83.906,0.0,2.0,2.0,0.0,0.0,2.0,1.0,1.0,0.0,0.0,0.0
1172,0.0,0.0,0.0,White,,4,12.0,12.0,,,,3.0,2.0,3.0,0.0,0.0,3.0,1.0,1.0,0.0,1.0,0.0
1173,1.0,0.0,1.0,White,,4,12.0,12.0,,0.0,,1.0,2.0,2.0,3.0,1.0,4.0,3.0,1.0,1.0,0.0,0.0
1174,1.0,0.0,0.0,White,,2,12.0,12.0,0.0,,,2.0,2.0,2.0,0.0,1.0,2.0,2.0,1.0,0.0,1.0,0.0
1175,1.0,0.0,1.0,White,2.17,3,14.0,12.0,0.0,0.0,76.363,3.0,1.0,2.0,0.0,0.0,2.0,2.0,1.0,0.0,0.0,0.0
1176,1.0,0.0,0.0,White,2.17,3,14.0,12.0,0.0,,11.057,10.0,2.0,3.0,0.0,4.0,3.0,2.0,2.0,0.0,0.0,0.0
1177,1.0,0.0,1.0,White,,5,13.0,,,,,8.0,2.0,3.0,0.0,0.0,5.0,2.0,1.0,1.0,,0.0
1178,1.0,0.0,0.0,White,9.33,2,12.0,16.0,0.0,,96.986,0.0,2.0,2.0,0.0,0.0,2.0,3.0,1.0,0.0,0.0,0.0
1179,1.0,0.0,0.0,White,11.63,4,16.0,16.0,0.0,,59.301,30.0,2.0,3.0,0.0,0.0,5.0,2.0,1.0,0.0,,0.0
1180,0.0,1.0,0.0,White,11.63,4,16.0,16.0,0.0,,79.907,29.0,2.0,3.0,2.0,0.0,3.0,1.0,1.0,1.0,,0.0
1181,1.0,0.0,1.0,White,,4,15.0,13.0,0.0,,98.082,0.0,2.0,1.0,0.0,0.0,2.0,,,0.0,,0.0
1182,0.0,0.0,1.0,White,6.275,5,12.0,11.0,0.0,0.0,48.873,2.0,2.0,3.0,0.0,0.0,4.0,4.0,1.0,0.0,,0.0
1183,0.0,0.0,0.0,White,6.275,5,12.0,11.0,0.0,0.0,38.968,7.0,2.0,3.0,0.0,0.0,2.0,1.0,1.0,0.0,0.0,1.0
1184,0.0,0.0,0.0,Hispanic,,3,13.0,12.0,0.0,0.0,50.407,14.0,2.0,2.0,1.0,0.0,3.0,3.0,1.0,0.0,0.0,1.0
1185,0.0,0.0,0.0,Hispanic,,3,13.0,12.0,0.0,0.0,92.172,7.0,3.0,3.0,2.0,0.0,3.0,2.0,1.0,0.0,0.0,1.0
1186,1.0,0.0,0.0,White,4.19,6,12.0,12.0,0.0,0.0,87.831,2.0,2.0,3.0,0.0,0.0,3.0,3.0,1.0,1.0,0.0,0.0
1187,1.0,0.0,1.0,Hispanic,4.19,6,12.0,12.0,0.0,0.0,78.417,0.0,2.0,2.0,0.0,0.0,2.0,1.0,1.0,0.0,1.0,0.0
1188,1.0,0.0,1.0,White,4.19,6,12.0,12.0,0.0,0.0,64.764,1.0,2.0,2.0,0.0,0.0,3.0,1.0,1.0,0.0,1.0,0.0
1189,1.0,0.0,0.0,White,9.9,4,13.0,16.0,0.0,0.0,94.937,2.0,2.0,2.0,0.0,0.0,4.0,2.0,1.0,1.0,1.0,0.0
1190,1.0,0.0,1.0,Hispanic,5.48,3,12.0,16.0,0.0,0.0,49.608,8.0,2.0,1.0,1.0,1.0,5.0,4.0,2.0,0.0,,0.0
1191,0.0,1.0,0.0,White,14.378,4,12.0,12.0,0.0,0.0,77.237,4.0,2.0,2.0,1.0,0.0,4.0,3.0,1.0,0.0,0.0,0.0
1192,0.0,0.0,0.0,White,0.4913,3,11.0,,0.0,,59.803,40.0,2.0,3.0,3.0,1.0,4.0,3.0,1.0,1.0,,0.0
1193,0.0,0.0,0.0,White,,4,12.0,11.0,0.0,0.0,92.341,3.0,1.0,1.0,0.0,0.0,3.0,1.0,1.0,0.0,0.0,0.0
1194,0.0,0.0,1.0,White,,4,12.0,11.0,0.0,0.0,93.79,2.0,2.0,1.0,0.0,0.0,3.0,2.0,1.0,0.0,0.0,0.0
1195,0.0,1.0,0.0,White,,4,,12.0,,0.0,,23.0,2.0,2.0,2.0,2.0,4.0,4.0,3.0,0.0,1.0,1.0
1196,0.0,0.0,0.0,White,,7,10.0,12.0,,0.0,,0.0,2.0,3.0,0.0,0.0,3.0,3.0,1.0,0.0,,1.0
1197,0.0,0.0,1.0,White,,7,10.0,12.0,,0.0,,1.0,1.0,1.0,3.0,0.0,2.0,1.0,2.0,1.0,,0.0
1198,0.0,0.0,0.0,White,19.1,5,12.0,,0.0,0.0,2.924,7.0,2.0,2.0,1.0,0.0,,,,0.0,1.0,0.0
1199,0.0,0.0,0.0,White,19.1,5,12.0,,0.0,1.0,91.272,1.0,2.0,2.0,10.0,0.0,5.0,3.0,1.0,0.0,1.0,0.0
1200,0.0,0.0,1.0,White,1.85,5,10.0,,0.0,,17.374,13.0,2.0,2.0,0.0,0.0,4.0,3.0,2.0,0.0,0.0,1.0
1201,1.0,0.0,0.0,White,1.85,5,10.0,,0.0,,21.345,10.0,2.0,2.0,15.0,4.0,4.0,4.0,5.0,0.0,,1.0
1202,0.0,0.0,0.0,Black,,4,12.0,11.0,0.0,0.0,24.292,5.0,2.0,3.0,0.0,0.0,1.0,2.0,2.0,1.0,,0.0
1203,0.0,0.0,1.0,Black,0.05,8,10.0,,1.0,0.0,1.591,4.0,2.0,2.0,0.0,0.0,1.0,1.0,1.0,0.0,0.0,0.0
1204,0.0,0.0,0.0,Black,0.05,8,10.0,,1.0,0.0,10.415,4.0,1.0,1.0,0.0,0.0,1.0,1.0,1.0,0.0,1.0,0.0
1205,1.0,1.0,1.0,Black,4.75,3,15.0,,0.0,0.0,69.265,7.0,2.0,3.0,0.0,0.0,3.0,4.0,2.0,0.0,,0.0
1206,0.0,0.0,1.0,Black,0.78,4,13.0,12.0,0.0,0.0,45.529,12.0,1.0,4.0,3.0,0.0,4.0,5.0,3.0,0.0,0.0,0.0
1207,1.0,0.0,0.0,Black,,3,12.0,14.0,,0.0,,3.0,2.0,2.0,0.0,0.0,2.0,2.0,1.0,0.0,,0.0
1208,1.0,0.0,0.0,Black,3.75,5,13.0,,0.0,0.0,19.891,15.0,2.0,3.0,0.0,2.0,4.0,2.0,4.0,0.0,0.0,1.0
1209,0.0,0.0,1.0,Black,0.05,6,12.0,,0.0,0.0,5.778,5.0,3.0,2.0,5.0,1.0,3.0,1.0,2.0,0.0,0.0,0.0
1210,0.0,0.0,0.0,Black,0.05,6,12.0,,0.0,1.0,5.207,5.0,4.0,2.0,10.0,0.0,1.0,1.0,1.0,0.0,0.0,0.0
1211,0.0,0.0,0.0,Black,0.075,5,11.0,,0.0,0.0,17.238,5.0,4.0,3.0,0.0,0.0,4.0,3.0,3.0,0.0,,0.0
1212,0.0,0.0,1.0,Black,0.075,5,11.0,,0.0,,15.333,2.0,1.0,3.0,1.0,0.0,5.0,4.0,1.0,0.0,0.0,0.0
1213,0.0,0.0,0.0,Black,0.075,5,11.0,,0.0,,11.276,2.0,3.0,4.0,20.0,0.0,5.0,1.0,1.0,0.0,,1.0
1214,0.0,0.0,0.0,Black,0.5155,3,11.0,,0.0,,2.675,0.0,2.0,3.0,0.0,0.0,1.0,1.0,2.0,0.0,0.0,0.0
1215,1.0,0.0,0.0,Black,,4,11.0,,,0.0,,0.0,2.0,1.0,0.0,0.0,1.0,2.0,1.0,0.0,0.0,0.0
1216,1.0,0.0,1.0,Black,,4,11.0,,,0.0,,2.0,2.0,2.0,0.0,0.0,1.0,1.0,1.0,1.0,,0.0
1217,0.0,0.0,0.0,Black,1.13,3,11.0,,0.0,,22.537,5.0,2.0,2.0,0.0,0.0,5.0,5.0,1.0,0.0,0.0,0.0
1218,0.0,0.0,0.0,Black,1.875,4,12.0,,0.0,0.0,24.37,0.0,2.0,2.0,0.0,0.0,4.0,4.0,2.0,0.0,0.0,0.0
1219,0.0,0.0,0.0,Black,0.75,5,12.0,,0.0,0.0,4.44,30.0,2.0,2.0,3.0,3.0,1.0,1.0,1.0,0.0,,0.0
1220,1.0,0.0,1.0,Black,0.75,4,12.0,,0.0,0.0,,8.0,2.0,2.0,0.0,0.0,3.0,1.0,2.0,0.0,0.0,0.0
1221,0.0,0.0,0.0,Black,,4,12.0,,,,,0.0,2.0,2.0,0.0,0.0,1.0,2.0,2.0,0.0,,0.0
1222,0.0,0.0,0.0,Black,3.865,3,13.0,16.0,0.0,0.0,13.782,8.0,2.0,1.0,1.0,1.0,2.0,1.0,1.0,0.0,0.0,1.0
1223,1.0,0.0,1.0,Black,1.95,3,15.0,10.0,0.0,0.0,73.106,19.0,2.0,2.0,0.0,0.0,4.0,4.0,1.0,0.0,,1.0
1224,0.0,0.0,0.0,Black,0.72,4,12.0,,1.0,0.0,,10.0,2.0,2.0,0.0,1.0,3.0,2.0,2.0,0.0,1.0,0.0
1225,1.0,0.0,1.0,Black,,4,13.0,12.0,0.0,,29.731,5.0,2.0,2.0,0.0,0.0,3.0,2.0,2.0,0.0,0.0,0.0
1226,1.0,0.0,0.0,Black,,5,15.0,12.0,0.0,0.0,57.412,4.0,2.0,2.0,0.0,0.0,3.0,3.0,1.0,0.0,0.0,0.0
1227,1.0,0.0,1.0,Other,60.0,4,16.0,20.0,0.0,0.0,73.604,2.0,2.0,2.0,0.0,0.0,1.0,1.0,1.0,0.0,1.0,0.0
1228,1.0,0.0,0.0,White,24.5,4,14.0,14.0,0.0,0.0,56.036,0.0,2.0,4.0,3.0,0.0,3.0,3.0,1.0,0.0,0.0,0.0
1229,1.0,0.0,1.0,White,20.8601,5,14.0,14.0,0.0,0.0,46.246,2.0,1.0,1.0,0.0,0.0,1.0,1.0,1.0,0.0,0.0,0.0
1230,1.0,0.0,0.0,White,19.5,4,16.0,12.0,0.0,,82.549,0.0,3.0,3.0,0.0,1.0,2.0,1.0,2.0,0.0,,1.0
1231,0.0,0.0,0.0,White,53.75,4,17.0,18.0,0.0,0.0,90.95,0.0,2.0,3.0,0.0,0.0,3.0,4.0,1.0,0.0,0.0,0.0
1232,1.0,0.0,0.0,White,53.75,4,17.0,18.0,0.0,0.0,39.201,0.0,2.0,2.0,0.0,0.0,4.0,3.0,1.0,0.0,0.0,0.0
1233,1.0,0.0,0.0,White,60.0,4,18.0,18.0,0.0,0.0,86.22,0.0,1.0,2.0,0.0,0.0,1.0,1.0,1.0,0.0,0.0,0.0
1234,1.0,0.0,0.0,White,,4,16.0,17.0,0.0,0.0,93.48,7.0,2.0,2.0,0.0,0.0,1.0,1.0,1.0,1.0,0.0,0.0
1235,1.0,0.0,0.0,White,60.0,5,16.0,16.0,0.0,0.0,92.624,0.0,1.0,1.0,0.0,0.0,1.0,1.0,1.0,0.0,0.0,0.0
1236,1.0,0.0,0.0,White,60.0,3,13.0,13.0,0.0,,,5.0,2.0,2.0,0.0,0.0,2.0,1.0,1.0,1.0,,0.0
1237,1.0,0.0,0.0,White,60.0,3,19.0,14.0,0.0,0.0,44.271,7.0,1.0,2.0,0.0,0.0,1.0,1.0,1.0,0.0,0.0,0.0
1238,0.0,0.0,1.0,White,21.4501,6,14.0,12.0,0.0,,,0.0,2.0,2.0,0.0,0.0,1.0,1.0,1.0,0.0,0.0,0.0
1239,1.0,0.0,0.0,White,48.4501,4,20.0,16.0,0.0,0.0,98.479,2.0,2.0,2.0,0.0,0.0,2.0,1.0,1.0,0.0,0.0,0.0
1240,1.0,0.0,0.0,White,52.2,4,16.0,18.0,0.0,0.0,49.811,1.0,2.0,1.0,0.0,0.0,3.0,2.0,1.0,0.0,0.0,0.0
1241,0.0,0.0,1.0,White,60.0,4,12.0,14.0,0.0,0.0,88.002,7.0,2.0,2.0,0.0,0.0,2.0,2.0,1.0,0.0,0.0,0.0
1242,0.0,,1.0,White,29.35,5,16.0,18.0,0.0,,,1.0,2.0,2.0,0.0,0.0,1.0,1.0,1.0,1.0,,0.0
1243,1.0,0.0,1.0,White,19.9,4,20.0,20.0,0.0,,,4.0,1.0,1.0,1.0,1.0,1.0,1.0,1.0,1.0,0.0,0.0
1244,1.0,0.0,0.0,White,60.0,5,16.0,20.0,0.0,,,1.0,1.0,1.0,3.0,0.0,5.0,3.0,2.0,0.0,,0.0
1245,1.0,0.0,1.0,White,42.5101,4,16.0,13.0,0.0,0.0,88.832,4.0,2.0,1.0,0.0,0.0,3.0,3.0,2.0,0.0,,0.0
1246,0.0,0.0,1.0,White,17.995,8,17.0,17.0,0.0,0.0,3.75,0.0,3.0,4.0,0.0,0.0,3.0,2.0,4.0,0.0,0.0,0.0
1247,1.0,0.0,0.0,White,17.995,8,17.0,17.0,0.0,0.0,100.0,3.0,2.0,2.0,0.0,0.0,3.0,3.0,1.0,0.0,0.0,0.0
1248,1.0,0.0,1.0,White,17.995,8,17.0,17.0,0.0,,74.027,3.0,2.0,1.0,0.0,0.0,,1.0,1.0,0.0,0.0,0.0
1249,1.0,0.0,1.0,White,30.45,4,14.0,16.0,0.0,0.0,37.433,14.0,2.0,3.0,0.0,0.0,4.0,3.0,1.0,0.0,0.0,0.0
1250,1.0,1.0,0.0,White,30.45,4,14.0,16.0,0.0,0.0,73.351,3.0,1.0,2.0,25.0,0.0,2.0,1.0,1.0,1.0,0.0,0.0
1251,0.0,0.0,0.0,White,21.725,6,16.0,16.0,0.0,0.0,87.686,7.0,2.0,2.0,0.0,0.0,3.0,2.0,1.0,0.0,0.0,0.0
1252,0.0,,0.0,Hispanic,21.725,6,14.0,,0.0,0.0,74.94,7.0,3.0,2.0,20.0,0.0,3.0,1.0,1.0,1.0,0.0,0.0
1253,1.0,0.0,1.0,White,11.23,4,14.0,16.0,0.0,0.0,63.285,1.0,2.0,3.0,0.0,0.0,2.0,1.0,1.0,0.0,0.0,0.0
1254,1.0,0.0,1.0,White,,4,16.0,16.0,,0.0,100.0,4.0,2.0,3.0,0.0,0.0,3.0,3.0,1.0,0.0,0.0,0.0
1255,,,0.0,Other,,4,10.0,13.0,,,,7.0,4.0,3.0,1.0,0.0,5.0,4.0,1.0,0.0,,0.0
1256,0.0,0.0,1.0,Other,,4,10.0,13.0,,0.0,,5.0,2.0,2.0,0.0,1.0,4.0,4.0,2.0,0.0,,1.0
1257,0.0,0.0,1.0,White,2.47,4,11.0,12.0,0.0,0.0,10.048,5.0,2.0,1.0,3.0,0.0,5.0,2.0,2.0,0.0,,0.0
1258,1.0,,1.0,White,,3,13.0,,1.0,,20.099,10.0,3.0,3.0,0.0,0.0,4.0,3.0,1.0,1.0,1.0,0.0
1259,0.0,0.0,0.0,White,,3,13.0,,1.0,,13.216,4.0,3.0,3.0,2.0,0.0,4.0,2.0,2.0,1.0,0.0,0.0
1260,0.0,0.0,0.0,White,1.75,4,12.0,10.0,0.0,0.0,,28.0,3.0,3.0,30.0,1.0,5.0,3.0,1.0,1.0,1.0,1.0
1261,1.0,0.0,0.0,White,3.62,6,12.0,13.0,0.0,0.0,13.241,5.0,2.0,2.0,0.0,0.0,4.0,4.0,1.0,0.0,0.0,1.0
1262,1.0,0.0,0.0,White,3.62,6,12.0,13.0,0.0,0.0,20.881,5.0,1.0,2.0,0.0,0.0,1.0,1.0,1.0,0.0,0.0,0.0
1263,1.0,0.0,0.0,White,,6,14.0,14.0,0.0,0.0,,9.0,2.0,2.0,0.0,0.0,1.0,1.0,1.0,0.0,0.0,0.0
1264,1.0,0.0,0.0,White,3.665,4,12.0,11.0,0.0,0.0,21.211,0.0,2.0,2.0,0.0,0.0,1.0,1.0,1.0,1.0,0.0,0.0
1265,1.0,0.0,1.0,White,24.14,4,13.0,12.0,0.0,0.0,68.369,4.0,2.0,3.0,0.0,0.0,4.0,4.0,2.0,0.0,0.0,0.0
1266,1.0,0.0,1.0,White,,4,12.0,9.0,,1.0,52.341,1.0,2.0,2.0,4.0,2.0,4.0,2.0,1.0,1.0,1.0,0.0
1267,1.0,0.0,0.0,White,60.0,4,14.0,16.0,0.0,0.0,98.145,0.0,2.0,1.0,0.0,0.0,2.0,2.0,1.0,1.0,0.0,0.0
1268,1.0,0.0,1.0,White,12.945,3,13.0,12.0,0.0,,20.327,6.0,1.0,1.0,0.0,0.0,5.0,5.0,1.0,0.0,0.0,0.0
1269,1.0,0.0,1.0,White,12.945,3,13.0,12.0,0.0,0.0,84.812,10.0,1.0,2.0,0.0,0.0,5.0,5.0,1.0,0.0,,1.0
1270,0.0,0.0,0.0,White,21.05,4,13.0,16.0,0.0,0.0,80.05,0.0,1.0,1.0,0.0,0.0,4.0,3.0,2.0,1.0,1.0,0.0
1271,1.0,0.0,1.0,White,,5,11.0,10.0,,0.0,,5.0,3.0,3.0,0.0,0.0,5.0,4.0,2.0,0.0,0.0,0.0
1272,0.0,0.0,0.0,White,3.9,4,12.0,,0.0,,,6.0,3.0,1.0,0.0,2.0,5.0,5.0,1.0,0.0,,0.0
1273,0.0,0.0,0.0,White,3.25,4,13.0,12.0,0.0,,49.199,3.0,4.0,3.0,0.0,0.0,5.0,5.0,1.0,0.0,1.0,0.0
1274,0.0,0.0,1.0,White,,4,12.0,12.0,,,72.045,12.0,3.0,3.0,10.0,0.0,3.0,3.0,2.0,0.0,,0.0
1275,0.0,0.0,1.0,White,6.9,4,11.0,12.0,0.0,0.0,,2.0,2.0,2.0,0.0,0.0,5.0,3.0,2.0,0.0,0.0,0.0
1276,1.0,0.0,1.0,White,27.453,5,,12.0,0.0,0.0,26.848,5.0,1.0,2.0,0.0,0.0,5.0,5.0,1.0,0.0,0.0,0.0
1277,1.0,0.0,0.0,White,,5,,12.0,,0.0,45.781,3.0,2.0,2.0,0.0,0.0,3.0,2.0,1.0,0.0,0.0,0.0
1278,1.0,0.0,0.0,White,23.9001,5,12.0,13.0,0.0,0.0,89.933,2.0,1.0,1.0,0.0,0.0,1.0,1.0,1.0,0.0,0.0,0.0
1279,1.0,0.0,0.0,White,23.9001,5,12.0,13.0,0.0,0.0,83.174,0.0,2.0,1.0,1.0,0.0,2.0,1.0,1.0,0.0,1.0,0.0
1280,0.0,0.0,0.0,Hispanic,,4,10.0,3.0,0.0,,58.832,1.0,1.0,2.0,0.0,0.0,2.0,1.0,1.0,0.0,,0.0
1281,1.0,0.0,0.0,White,21.15,5,13.0,12.0,0.0,0.0,87.092,0.0,2.0,2.0,0.0,0.0,1.0,1.0,1.0,0.0,0.0,0.0
1282,1.0,0.0,1.0,White,30.07,3,12.0,12.0,0.0,0.0,93.868,4.0,2.0,1.0,0.0,0.0,3.0,2.0,1.0,0.0,0.0,0.0
1283,0.0,0.0,0.0,White,30.07,3,12.0,12.0,0.0,,84.853,7.0,2.0,2.0,0.0,0.0,,,1.0,0.0,0.0,0.0
1284,1.0,0.0,0.0,White,8.99,6,,14.0,0.0,0.0,,11.0,2.0,4.0,0.0,1.0,3.0,3.0,2.0,0.0,0.0,1.0
1285,1.0,0.0,1.0,Other,60.0,5,12.0,20.0,0.0,0.0,,7.0,2.0,3.0,0.0,0.0,3.0,4.0,1.0,0.0,0.0,0.0
1286,1.0,0.0,0.0,White,25.125,5,16.0,19.0,0.0,0.0,86.944,5.0,1.0,1.0,0.0,0.0,1.0,1.0,1.0,1.0,1.0,0.0
1287,0.0,0.0,0.0,White,15.562,2,11.0,12.0,0.0,0.0,59.198,1.0,1.0,1.0,7.0,0.0,1.0,1.0,1.0,1.0,0.0,0.0
1288,1.0,0.0,0.0,White,25.35,3,17.0,16.0,0.0,0.0,89.647,3.0,2.0,3.0,0.0,0.0,1.0,1.0,1.0,0.0,1.0,0.0
1289,1.0,,0.0,Asian,60.0,3,16.0,16.0,0.0,,,0.0,2.0,2.0,1.0,0.0,2.0,3.0,1.0,0.0,,0.0
1290,0.0,0.0,1.0,White,,6,16.0,18.0,0.0,0.0,78.566,2.0,2.0,1.0,0.0,0.0,2.0,2.0,1.0,0.0,0.0,0.0
1291,1.0,0.0,0.0,White,38.35,4,13.0,16.0,0.0,0.0,,1.0,3.0,3.0,2.0,0.0,3.0,3.0,1.0,1.0,1.0,0.0
1292,1.0,0.0,1.0,White,24.75,4,15.0,15.0,0.0,0.0,32.744,0.0,2.0,4.0,0.0,0.0,3.0,2.0,1.0,0.0,1.0,0.0
1293,0.0,0.0,0.0,White,35.525,3,12.0,13.0,1.0,,77.914,4.0,2.0,2.0,0.0,0.0,2.0,1.0,1.0,1.0,0.0,0.0
1294,0.0,1.0,0.0,White,44.5002,4,16.0,16.0,0.0,0.0,58.64,5.0,1.0,2.0,0.0,0.0,1.0,1.0,1.0,0.0,0.0,0.0
1295,1.0,1.0,1.0,White,60.0,3,18.0,16.0,0.0,,78.654,5.0,2.0,3.0,0.0,0.0,4.0,4.0,1.0,1.0,1.0,0.0
1296,1.0,0.0,1.0,Black,,4,17.0,18.0,,0.0,83.738,1.0,2.0,1.0,0.0,0.0,3.0,1.0,1.0,0.0,0.0,0.0
1297,1.0,0.0,0.0,White,,4,16.0,18.0,0.0,0.0,54.161,2.0,2.0,2.0,0.0,0.0,4.0,4.0,2.0,0.0,0.0,0.0
1298,0.0,1.0,0.0,Black,20.1201,4,17.0,,0.0,,7.582,0.0,3.0,4.0,0.0,1.0,5.0,5.0,1.0,0.0,1.0,0.0
1299,1.0,0.0,0.0,White,,6,16.0,16.0,0.0,,22.869,4.0,3.0,2.0,0.0,0.0,1.0,1.0,1.0,0.0,0.0,0.0
1300,1.0,0.0,0.0,White,,6,16.0,16.0,0.0,,73.902,1.0,2.0,2.0,0.0,0.0,1.0,1.0,1.0,0.0,0.0,0.0
1301,1.0,0.0,0.0,White,17.4,4,12.0,15.0,0.0,0.0,33.169,0.0,2.0,2.0,0.0,0.0,1.0,1.0,1.0,1.0,0.0,0.0
1302,1.0,0.0,1.0,White,,6,12.0,14.0,0.0,0.0,80.862,3.0,2.0,2.0,0.0,0.0,3.0,2.0,1.0,0.0,,0.0
1303,0.0,0.0,1.0,White,,6,12.0,14.0,0.0,0.0,83.275,1.0,2.0,2.0,0.0,0.0,1.0,1.0,1.0,0.0,,0.0
1304,1.0,0.0,0.0,White,17.1001,3,19.0,12.0,0.0,,85.914,3.0,2.0,2.0,0.0,0.0,4.0,3.0,3.0,0.0,0.0,0.0
1305,0.0,0.0,0.0,White,17.1001,3,19.0,12.0,0.0,0.0,93.123,2.0,2.0,2.0,0.0,0.0,4.0,3.0,1.0,0.0,0.0,0.0
1306,1.0,1.0,1.0,White,21.15,3,13.0,13.0,0.0,0.0,75.071,3.0,2.0,2.0,0.0,0.0,3.0,3.0,2.0,0.0,0.0,0.0
1307,1.0,0.0,1.0,White,21.15,3,13.0,13.0,0.0,0.0,50.498,2.0,2.0,2.0,0.0,0.0,2.0,1.0,1.0,0.0,0.0,0.0
1308,0.0,0.0,1.0,White,60.0,5,17.0,16.0,0.0,0.0,94.901,2.0,2.0,2.0,0.0,0.0,2.0,2.0,1.0,0.0,0.0,0.0
1309,1.0,0.0,1.0,White,51.85,3,15.0,14.0,0.0,0.0,88.293,5.0,2.0,3.0,0.0,0.0,4.0,1.0,1.0,0.0,,0.0
1310,0.0,0.0,0.0,White,2.184,3,14.0,11.0,0.0,0.0,,16.0,2.0,2.0,0.0,0.0,3.0,4.0,1.0,0.0,0.0,1.0
1311,1.0,0.0,1.0,White,37.75,4,12.0,,0.0,0.0,,6.0,2.0,2.0,0.0,0.0,3.0,3.0,1.0,0.0,0.0,0.0
1312,1.0,0.0,1.0,White,,7,14.0,15.0,0.0,0.0,17.236,3.0,2.0,3.0,0.0,0.0,4.0,4.0,1.0,0.0,1.0,0.0
1313,1.0,0.0,1.0,White,,7,14.0,15.0,0.0,,85.18,1.0,2.0,2.0,3.0,0.0,3.0,2.0,1.0,0.0,0.0,0.0
1314,1.0,0.0,1.0,White,7.73,2,16.0,12.0,0.0,0.0,69.377,2.0,2.0,2.0,0.0,0.0,3.0,2.0,1.0,0.0,0.0,0.0
1315,0.0,0.0,1.0,White,18.95,5,12.0,2.0,0.0,0.0,78.297,1.0,2.0,3.0,0.0,0.0,3.0,2.0,1.0,0.0,1.0,0.0
1316,1.0,0.0,1.0,White,18.95,5,12.0,2.0,0.0,,37.357,2.0,2.0,3.0,1.0,0.0,3.0,2.0,1.0,0.0,,0.0
1317,1.0,0.0,1.0,White,6.445,4,12.0,10.0,0.0,,35.721,4.0,1.0,2.0,0.0,0.0,4.0,3.0,2.0,0.0,,0.0
1318,1.0,0.0,0.0,White,3.198,4,10.0,12.0,0.0,0.0,3.271,4.0,1.0,1.0,1.0,0.0,4.0,1.0,2.0,0.0,1.0,0.0
1319,0.0,1.0,1.0,White,2.185,4,12.0,11.0,0.0,0.0,50.494,2.0,2.0,1.0,1.0,0.0,3.0,1.0,1.0,0.0,0.0,0.0
1320,0.0,0.0,0.0,White,18.7,6,13.0,14.0,0.0,0.0,33.617,3.0,2.0,2.0,0.0,0.0,3.0,2.0,1.0,0.0,0.0,0.0
1321,0.0,0.0,0.0,White,18.7,6,13.0,14.0,0.0,0.0,23.247,2.0,3.0,2.0,0.0,0.0,3.0,1.0,1.0,0.0,0.0,0.0
1322,0.0,0.0,1.0,White,4.5,4,14.0,18.0,0.0,0.0,95.321,1.0,2.0,2.0,0.0,0.0,4.0,1.0,1.0,0.0,0.0,0.0
1323,0.0,0.0,0.0,Hispanic,10.455,6,14.0,13.0,0.0,0.0,94.021,5.0,2.0,2.0,5.0,1.0,1.0,1.0,1.0,1.0,0.0,0.0
1324,1.0,0.0,1.0,Black,0.865,4,12.0,12.0,1.0,0.0,,6.0,2.0,3.0,0.0,0.0,5.0,5.0,4.0,0.0,,0.0
1325,1.0,0.0,1.0,Black,,2,16.0,20.0,0.0,0.0,83.215,4.0,2.0,1.0,0.0,0.0,1.0,,,0.0,0.0,0.0
1326,0.0,0.0,0.0,White,1.7848,3,12.0,9.0,,0.0,33.716,3.0,2.0,2.0,4.0,0.0,2.0,1.0,2.0,0.0,0.0,1.0
1327,0.0,0.0,1.0,White,0.625,4,12.0,12.0,0.0,,,5.0,2.0,2.0,1.0,0.0,3.0,2.0,4.0,0.0,,0.0
1328,0.0,0.0,1.0,Black,8.8,2,14.0,10.0,0.0,0.0,51.977,0.0,4.0,2.0,0.0,0.0,2.0,3.0,1.0,0.0,0.0,0.0
1329,0.0,1.0,1.0,Hispanic,0.15,4,12.0,12.0,0.0,,30.896,10.0,3.0,3.0,4.0,0.0,4.0,2.0,5.0,0.0,0.0,0.0
1330,1.0,0.0,1.0,White,39.25,4,17.0,18.0,0.0,0.0,96.354,2.0,2.0,1.0,0.0,0.0,4.0,4.0,1.0,0.0,,0.0
1331,1.0,0.0,1.0,White,,5,16.0,18.0,0.0,,78.967,1.0,1.0,2.0,0.0,0.0,2.0,1.0,1.0,0.0,0.0,0.0
1332,1.0,0.0,0.0,White,,4,12.0,16.0,,0.0,74.174,4.0,2.0,1.0,0.0,0.0,3.0,2.0,1.0,0.0,,0.0
1333,1.0,0.0,1.0,White,,4,12.0,16.0,,,57.193,10.0,1.0,2.0,0.0,0.0,2.0,2.0,1.0,0.0,,0.0
1334,1.0,0.0,1.0,White,,2,18.0,20.0,0.0,0.0,,4.0,1.0,4.0,0.0,0.0,2.0,3.0,1.0,0.0,,0.0
1335,1.0,1.0,0.0,White,60.0,5,16.0,18.0,0.0,0.0,88.801,4.0,2.0,3.0,0.0,0.0,2.0,2.0,1.0,0.0,0.0,0.0
1336,1.0,0.0,0.0,White,60.0,5,16.0,18.0,0.0,0.0,79.563,1.0,2.0,2.0,0.0,0.0,1.0,1.0,1.0,0.0,0.0,0.0
1337,1.0,,1.0,White,31.5751,4,16.0,16.0,0.0,,88.993,3.0,2.0,2.0,0.0,0.0,2.0,1.0,2.0,0.0,,0.0
1338,1.0,0.0,1.0,White,,4,15.0,16.0,0.0,0.0,95.328,3.0,2.0,2.0,0.0,0.0,2.0,2.0,1.0,0.0,0.0,0.0
1339,1.0,0.0,0.0,White,60.0,4,13.0,17.0,0.0,0.0,48.055,5.0,2.0,1.0,0.0,0.0,3.0,4.0,1.0,0.0,,1.0
1340,,,1.0,White,60.0,4,13.0,17.0,0.0,,78.33,5.0,2.0,1.0,0.0,0.0,1.0,1.0,1.0,0.0,,0.0
1341,1.0,0.0,0.0,White,,4,18.0,19.0,0.0,0.0,87.617,3.0,2.0,2.0,0.0,1.0,3.0,2.0,2.0,0.0,0.0,0.0
1342,1.0,0.0,0.0,White,11.29,4,12.0,12.0,0.0,0.0,53.759,0.0,2.0,2.0,0.0,0.0,2.0,2.0,1.0,0.0,0.0,0.0
1343,1.0,0.0,0.0,White,13.65,4,16.0,16.0,0.0,0.0,,1.0,3.0,3.0,0.0,0.0,4.0,5.0,1.0,0.0,0.0,1.0
1344,0.0,0.0,1.0,White,13.65,4,16.0,16.0,0.0,0.0,41.1,3.0,1.0,1.0,0.0,0.0,2.0,1.0,1.0,0.0,0.0,0.0
1345,0.0,0.0,1.0,Black,,2,17.0,16.0,0.0,0.0,77.458,0.0,2.0,3.0,0.0,0.0,1.0,1.0,1.0,0.0,,0.0
1346,1.0,,0.0,Black,,4,14.0,13.0,,,,0.0,2.0,2.0,5.0,1.0,3.0,1.0,2.0,0.0,,0.0
1347,1.0,0.0,1.0,White,45.165,4,12.0,14.0,0.0,0.0,98.307,8.0,1.0,1.0,0.0,0.0,3.0,2.0,1.0,0.0,0.0,0.0
1348,1.0,0.0,0.0,White,6.48,4,12.0,16.0,0.0,,74.557,0.0,2.0,2.0,0.0,0.0,1.0,1.0,1.0,0.0,,0.0
1349,1.0,0.0,0.0,White,,4,16.0,18.0,0.0,0.0,37.574,2.0,2.0,3.0,1.0,0.0,4.0,2.0,3.0,1.0,0.0,0.0
1350,0.0,0.0,1.0,Hispanic,0.385,4,10.0,5.0,0.0,0.0,9.073,2.0,2.0,2.0,0.0,2.0,1.0,1.0,1.0,0.0,0.0,1.0
1351,1.0,0.0,0.0,Hispanic,0.75,5,,4.0,0.0,0.0,18.436,0.0,4.0,1.0,0.0,0.0,1.0,1.0,1.0,0.0,0.0,0.0
1352,0.0,0.0,0.0,Hispanic,0.75,5,,4.0,0.0,,4.204,0.0,2.0,2.0,0.0,0.0,1.0,1.0,1.0,0.0,0.0,0.0
1353,1.0,0.0,0.0,Hispanic,0.75,5,,4.0,0.0,0.0,14.176,0.0,2.0,2.0,1.0,0.0,1.0,1.0,1.0,0.0,0.0,0.0
1354,0.0,,1.0,Hispanic,,5,,,,,9.979,,2.0,2.0,,,1.0,1.0,1.0,0.0,,0.0
1355,0.0,0.0,1.0,Hispanic,,5,,,,,11.45,60.0,2.0,2.0,0.0,0.0,1.0,1.0,2.0,0.0,,0.0
1356,0.0,0.0,1.0,Hispanic,0.3,7,4.0,5.0,1.0,1.0,,2.0,2.0,1.0,0.0,0.0,1.0,1.0,1.0,0.0,,0.0
1357,1.0,0.0,1.0,Hispanic,0.3,7,4.0,5.0,1.0,0.0,,1.0,1.0,1.0,0.0,0.0,1.0,1.0,3.0,0.0,0.0,0.0
1358,0.0,0.0,1.0,Hispanic,0.3,7,4.0,5.0,1.0,0.0,,2.0,1.0,1.0,0.0,0.0,1.0,1.0,2.0,0.0,0.0,0.0
1359,1.0,1.0,0.0,Black,0.475,3,13.0,15.0,0.0,,,0.0,3.0,2.0,0.0,0.0,3.0,3.0,2.0,1.0,1.0,0.0
1360,1.0,0.0,0.0,Hispanic,60.0,4,12.0,16.0,0.0,0.0,87.685,0.0,1.0,2.0,0.0,0.0,2.0,1.0,1.0,,0.0,1.0
1361,1.0,0.0,0.0,Asian,60.0,4,12.0,16.0,0.0,0.0,95.761,1.0,2.0,2.0,0.0,0.0,1.0,1.0,1.0,0.0,0.0,0.0
1362,0.0,0.0,1.0,White,0.965,3,20.0,18.0,0.0,0.0,74.128,5.0,2.0,1.0,2.0,0.0,5.0,5.0,5.0,1.0,0.0,0.0
1363,0.0,0.0,0.0,Hispanic,7.53,5,15.0,,0.0,,,2.0,2.0,2.0,0.0,0.0,4.0,2.0,1.0,0.0,,0.0
1364,1.0,0.0,0.0,White,,5,12.0,10.0,0.0,1.0,20.042,3.0,2.0,2.0,0.0,0.0,5.0,2.0,2.0,0.0,0.0,0.0
1365,0.0,0.0,0.0,Hispanic,0.175,4,3.0,,0.0,,,1.0,2.0,2.0,0.0,0.0,1.0,1.0,1.0,0.0,,0.0
1366,1.0,0.0,0.0,Hispanic,5.8,5,12.0,12.0,0.0,0.0,,9.0,1.0,1.0,0.0,2.0,4.0,2.0,1.0,0.0,0.0,0.0
1367,1.0,1.0,0.0,White,5.6,4,14.0,12.0,0.0,0.0,93.929,3.0,2.0,4.0,0.0,0.0,1.0,1.0,1.0,0.0,0.0,0.0
1368,0.0,0.0,1.0,Hispanic,-3.37,5,12.0,9.0,0.0,0.0,20.468,0.0,2.0,1.0,0.0,0.0,2.0,1.0,1.0,0.0,0.0,0.0
1369,1.0,,1.0,White,1.275,4,13.0,12.0,0.0,0.0,96.337,0.0,2.0,2.0,2.0,0.0,1.0,1.0,1.0,0.0,0.0,0.0
1370,1.0,,1.0,White,8.0,4,16.0,16.0,0.0,0.0,,2.0,2.0,2.0,0.0,0.0,3.0,1.0,1.0,0.0,0.0,0.0
1371,1.0,0.0,0.0,White,,5,16.0,16.0,0.0,0.0,99.393,1.0,2.0,2.0,0.0,0.0,2.0,1.0,1.0,1.0,,0.0
1372,1.0,,1.0,White,,5,16.0,16.0,0.0,,75.604,1.0,2.0,2.0,0.0,0.0,2.0,1.0,2.0,0.0,,0.0
1373,1.0,0.0,0.0,White,39.875,4,12.0,16.0,0.0,0.0,96.334,0.0,2.0,2.0,0.0,1.0,2.0,2.0,1.0,0.0,0.0,0.0
1374,0.0,0.0,0.0,White,2.25,7,12.0,9.0,0.0,0.0,,5.0,2.0,1.0,5.0,1.0,4.0,2.0,1.0,1.0,0.0,0.0
1375,0.0,0.0,1.0,White,2.25,7,8.0,,0.0,1.0,,3.0,2.0,2.0,2.0,0.0,1.0,1.0,1.0,,0.0,0.0
1376,1.0,1.0,0.0,White,,6,16.0,,0.0,1.0,,5.0,2.0,2.0,0.0,0.0,4.0,3.0,1.0,1.0,0.0,0.0
1377,0.0,0.0,0.0,White,4.2,4,12.0,12.0,0.0,0.0,0.68,2.0,2.0,2.0,0.0,0.0,1.0,1.0,1.0,1.0,0.0,0.0
1378,0.0,0.0,0.0,White,1.25,4,12.0,,0.0,0.0,17.614,10.0,2.0,2.0,0.0,0.0,2.0,1.0,1.0,0.0,0.0,0.0
1379,1.0,0.0,1.0,White,1.25,4,12.0,,0.0,0.0,10.166,2.0,2.0,2.0,0.0,0.0,1.0,1.0,1.0,0.0,0.0,0.0
1380,1.0,0.0,1.0,White,12.8501,5,12.0,12.0,0.0,0.0,,1.0,2.0,4.0,0.0,0.0,4.0,2.0,3.0,1.0,0.0,0.0
1381,,,0.0,White,3.275,2,12.0,12.0,0.0,,,0.0,2.0,1.0,0.0,0.0,2.0,1.0,1.0,0.0,,0.0
1382,0.0,0.0,0.0,White,15.5,4,18.0,12.0,0.0,0.0,77.235,3.0,2.0,2.0,1.0,1.0,3.0,1.0,1.0,0.0,0.0,1.0
1383,0.0,0.0,0.0,White,0.925,6,14.0,11.0,0.0,,,10.0,2.0,4.0,10.0,0.0,2.0,1.0,2.0,1.0,0.0,0.0
1384,0.0,0.0,1.0,White,0.55,2,12.0,,0.0,0.0,,4.0,2.0,2.0,0.0,0.0,3.0,1.0,5.0,1.0,0.0,0.0
1385,0.0,1.0,1.0,White,0.355,2,12.0,,0.0,,,9.0,2.0,2.0,0.0,0.0,1.0,1.0,1.0,1.0,0.0,1.0
1386,0.0,0.0,1.0,Hispanic,0.05,6,12.0,,0.0,0.0,19.213,15.0,2.0,2.0,0.0,0.0,1.0,1.0,1.0,0.0,0.0,0.0
1387,0.0,0.0,1.0,Hispanic,0.05,6,12.0,,0.0,0.0,13.736,,2.0,2.0,0.0,0.0,1.0,1.0,1.0,0.0,0.0,0.0
1388,0.0,0.0,1.0,Hispanic,0.05,6,12.0,,0.0,0.0,8.872,1.0,2.0,3.0,1.0,0.0,1.0,1.0,3.0,0.0,0.0,0.0
1389,0.0,0.0,1.0,White,0.1585,5,9.0,,0.0,,5.981,0.0,4.0,1.0,0.0,0.0,5.0,4.0,5.0,0.0,,0.0
1390,1.0,0.0,0.0,White,,5,11.0,11.0,,0.0,30.273,1.0,1.0,1.0,0.0,0.0,1.0,1.0,1.0,0.0,0.0,0.0
1391,0.0,0.0,1.0,Hispanic,23.8001,10,5.0,4.0,0.0,,,3.0,2.0,2.0,0.0,0.0,2.0,3.0,3.0,1.0,1.0,0.0
1392,1.0,0.0,1.0,Hispanic,23.8001,10,4.0,5.0,0.0,0.0,23.372,10.0,2.0,2.0,0.0,0.0,3.0,2.0,4.0,0.0,0.0,0.0
1393,0.0,0.0,1.0,Hispanic,23.8001,10,4.0,5.0,0.0,0.0,6.74,,2.0,2.0,0.0,0.0,2.0,1.0,1.0,0.0,0.0,0.0
1394,0.0,0.0,0.0,Black,5.1751,5,12.0,12.0,0.0,0.0,15.021,5.0,2.0,3.0,8.0,1.0,1.0,1.0,3.0,0.0,0.0,0.0
1395,0.0,0.0,0.0,Black,0.615,4,12.0,,0.0,,5.648,1.0,1.0,1.0,0.0,1.0,2.0,,1.0,0.0,0.0,1.0
1396,0.0,0.0,0.0,Black,0.615,4,12.0,,0.0,0.0,0.961,2.0,2.0,2.0,0.0,2.0,1.0,1.0,3.0,0.0,0.0,1.0
1397,0.0,1.0,0.0,Black,1.05,7,,,0.0,0.0,10.056,6.0,2.0,2.0,1.0,4.0,5.0,2.0,5.0,1.0,0.0,1.0
1398,0.0,0.0,1.0,Black,2.125,5,12.0,12.0,0.0,,3.068,,2.0,1.0,,,2.0,5.0,5.0,0.0,1.0,0.0
1399,0.0,0.0,1.0,Black,3.33,3,13.0,11.0,1.0,0.0,26.045,,3.0,2.0,2.0,0.0,1.0,1.0,5.0,0.0,0.0,0.0
1400,1.0,0.0,0.0,Black,0.05,8,12.0,,0.0,0.0,47.984,3.0,2.0,3.0,0.0,0.0,3.0,3.0,3.0,0.0,0.0,0.0
1401,0.0,0.0,0.0,Black,0.05,8,12.0,,0.0,0.0,43.999,2.0,2.0,2.0,0.0,1.0,2.0,1.0,1.0,0.0,0.0,0.0
1402,0.0,0.0,0.0,White,16.4,3,12.0,14.0,0.0,0.0,,0.0,1.0,3.0,0.0,0.0,1.0,1.0,1.0,0.0,0.0,0.0
1403,0.0,0.0,1.0,White,6.355,3,12.0,15.0,0.0,0.0,30.616,0.0,1.0,2.0,0.0,0.0,3.0,3.0,2.0,0.0,,0.0
1404,1.0,,0.0,White,6.355,3,12.0,15.0,0.0,,50.768,,2.0,1.0,0.0,0.0,1.0,1.0,2.0,0.0,,0.0
1405,0.0,0.0,0.0,White,1.18,3,12.0,12.0,0.0,,,4.0,1.0,3.0,0.0,10.0,4.0,4.0,1.0,0.0,,1.0
1406,1.0,0.0,0.0,White,21.85,4,12.0,12.0,0.0,0.0,82.151,0.0,1.0,2.0,0.0,0.0,1.0,1.0,1.0,0.0,1.0,0.0
1407,1.0,0.0,0.0,White,18.4501,4,14.0,18.0,0.0,0.0,44.213,0.0,2.0,3.0,0.0,0.0,1.0,1.0,1.0,1.0,1.0,0.0
1408,1.0,,0.0,White,,3,12.0,16.0,0.0,,,20.0,2.0,2.0,0.0,0.0,4.0,4.0,1.0,0.0,,0.0
1409,1.0,0.0,0.0,White,8.05,5,,,1.0,,,4.0,2.0,3.0,0.0,0.0,2.0,2.0,1.0,1.0,1.0,1.0
1410,1.0,0.0,1.0,White,12.15,4,16.0,18.0,0.0,0.0,65.409,15.0,2.0,3.0,0.0,0.0,4.0,5.0,1.0,,0.0,1.0
1411,1.0,0.0,1.0,White,21.0501,4,20.0,17.0,0.0,0.0,75.344,0.0,2.0,2.0,0.0,0.0,4.0,4.0,1.0,0.0,0.0,0.0
1412,1.0,0.0,1.0,White,21.0501,4,20.0,17.0,0.0,0.0,84.423,1.0,2.0,2.0,0.0,0.0,1.0,1.0,1.0,0.0,0.0,0.0
1413,1.0,0.0,1.0,Hispanic,1.775,4,13.0,12.0,0.0,0.0,,1.0,2.0,2.0,0.0,0.0,1.0,1.0,1.0,0.0,0.0,1.0
1414,1.0,0.0,1.0,White,,5,12.0,14.0,0.0,0.0,,4.0,2.0,3.0,0.0,0.0,4.0,2.0,1.0,0.0,0.0,1.0
1415,0.0,0.0,1.0,White,6.4,5,12.0,10.0,0.0,0.0,34.335,3.0,2.0,2.0,0.0,0.0,5.0,3.0,1.0,0.0,,0.0
1416,1.0,0.0,1.0,White,,5,12.0,12.0,,0.0,71.954,0.0,2.0,2.0,0.0,0.0,2.0,3.0,3.0,1.0,0.0,1.0
1417,0.0,0.0,0.0,White,11.45,4,11.0,11.0,0.0,,,2.0,2.0,2.0,0.0,0.0,1.0,1.0,1.0,0.0,,1.0
1418,0.0,0.0,0.0,White,0.925,5,12.0,12.0,0.0,0.0,25.902,2.0,3.0,2.0,0.0,0.0,3.0,1.0,3.0,0.0,1.0,0.0
1419,0.0,0.0,1.0,White,-1.055,3,12.0,9.0,0.0,0.0,2.79,2.0,3.0,2.0,0.0,0.0,5.0,2.0,1.0,0.0,0.0,0.0
1420,0.0,0.0,1.0,White,-1.055,3,12.0,9.0,0.0,,47.397,4.0,3.0,3.0,5.0,0.0,3.0,2.0,1.0,1.0,0.0,1.0
1421,1.0,0.0,0.0,White,60.0,4,18.0,20.0,0.0,0.0,96.147,2.0,1.0,2.0,0.0,1.0,2.0,1.0,2.0,0.0,0.0,0.0
1422,0.0,0.0,1.0,Black,,2,16.0,12.0,0.0,1.0,59.644,4.0,3.0,3.0,0.0,0.0,4.0,2.0,2.0,1.0,0.0,0.0
1423,1.0,0.0,1.0,Black,10.5,4,12.0,15.0,0.0,,49.276,3.0,2.0,2.0,0.0,0.0,3.0,2.0,3.0,0.0,0.0,0.0
1424,0.0,0.0,1.0,Black,0.125,5,12.0,,0.0,0.0,1.069,,1.0,2.0,0.0,2.0,5.0,5.0,2.0,0.0,0.0,1.0
1425,0.0,0.0,0.0,Black,,6,,12.0,,0.0,8.77,,2.0,2.0,0.0,0.0,5.0,4.0,3.0,1.0,0.0,1.0
1426,0.0,0.0,0.0,Black,0.625,6,,,0.0,,3.223,,2.0,2.0,0.0,0.0,4.0,4.0,3.0,0.0,0.0,0.0
1427,0.0,0.0,1.0,Black,,6,,12.0,,0.0,0.841,2.0,2.0,3.0,0.0,0.0,1.0,1.0,1.0,1.0,0.0,0.0
1428,0.0,0.0,1.0,Black,,6,12.0,,0.0,,6.732,,4.0,3.0,,,5.0,,4.0,0.0,0.0,0.0
1429,1.0,0.0,1.0,White,19.67,4,14.0,16.0,0.0,0.0,56.251,2.0,2.0,2.0,0.0,0.0,2.0,4.0,1.0,0.0,,0.0
1430,1.0,0.0,1.0,White,19.67,4,14.0,16.0,0.0,0.0,65.843,2.0,2.0,2.0,0.0,0.0,1.0,1.0,1.0,0.0,,0.0
1431,1.0,1.0,0.0,White,17.05,5,18.0,18.0,0.0,0.0,33.549,3.0,2.0,2.0,3.0,0.0,4.0,4.0,1.0,1.0,,0.0
1432,0.0,0.0,1.0,White,17.05,5,18.0,18.0,0.0,0.0,58.124,1.0,2.0,2.0,2.0,0.0,4.0,3.0,1.0,1.0,0.0,0.0
1433,0.0,0.0,1.0,White,17.05,5,18.0,18.0,0.0,0.0,77.559,1.0,2.0,3.0,0.0,0.0,1.0,1.0,2.0,0.0,0.0,0.0
1434,1.0,0.0,0.0,White,,4,12.0,20.0,,,,3.0,2.0,2.0,0.0,0.0,3.0,3.0,1.0,0.0,0.0,0.0
1435,0.0,0.0,0.0,White,3.37,5,13.0,12.0,0.0,0.0,31.243,10.0,3.0,2.0,1.0,0.0,4.0,3.0,1.0,0.0,0.0,0.0
1436,1.0,0.0,1.0,White,3.37,5,13.0,12.0,0.0,0.0,24.156,0.0,1.0,4.0,5.0,5.0,4.0,2.0,4.0,1.0,0.0,1.0
1437,0.0,0.0,1.0,White,5.8,6,12.0,14.0,0.0,0.0,,5.0,2.0,2.0,0.0,0.0,4.0,3.0,2.0,0.0,,0.0
1438,1.0,0.0,1.0,White,17.6,4,20.0,18.0,0.0,0.0,87.052,1.0,2.0,2.0,0.0,0.0,1.0,1.0,1.0,0.0,0.0,0.0
1439,0.0,0.0,0.0,White,7.75,3,14.0,12.0,0.0,,8.992,3.0,2.0,1.0,0.0,0.0,3.0,3.0,2.0,0.0,0.0,1.0
1440,1.0,0.0,1.0,Asian,43.7501,3,10.0,20.0,0.0,0.0,74.327,1.0,1.0,1.0,0.0,0.0,2.0,1.0,1.0,0.0,0.0,0.0
1441,0.0,0.0,0.0,Asian,12.82,5,6.0,12.0,0.0,0.0,29.013,6.0,2.0,1.0,0.0,0.0,4.0,3.0,1.0,1.0,,0.0
1442,1.0,0.0,1.0,Asian,12.82,5,6.0,12.0,0.0,0.0,55.703,2.0,2.0,2.0,1.0,0.0,4.0,3.0,2.0,1.0,1.0,0.0
1443,0.0,0.0,0.0,Asian,12.82,5,6.0,12.0,0.0,0.0,38.482,3.0,1.0,2.0,0.0,0.0,3.0,1.0,1.0,0.0,0.0,0.0
1444,1.0,0.0,1.0,White,3.12,4,14.0,16.0,0.0,0.0,62.844,3.0,2.0,2.0,0.0,0.0,1.0,1.0,1.0,0.0,0.0,0.0
1445,1.0,0.0,1.0,White,23.75,5,16.0,16.0,0.0,0.0,93.452,2.0,2.0,2.0,0.0,0.0,4.0,2.0,1.0,0.0,0.0,0.0
1446,0.0,0.0,0.0,White,23.75,5,16.0,16.0,0.0,0.0,49.542,5.0,1.0,1.0,0.0,0.0,1.0,1.0,1.0,0.0,0.0,0.0
1447,0.0,0.0,0.0,White,9.25,4,14.0,16.0,0.0,0.0,77.991,1.0,2.0,2.0,0.0,1.0,1.0,1.0,1.0,0.0,0.0,1.0
1448,1.0,0.0,1.0,White,9.4,3,,,0.0,,,2.0,3.0,3.0,0.0,0.0,3.0,2.0,1.0,0.0,0.0,0.0
1449,1.0,0.0,0.0,White,19.82,3,17.0,16.0,0.0,0.0,41.118,3.0,2.0,1.0,0.0,0.0,3.0,3.0,1.0,0.0,,0.0
1450,0.0,0.0,1.0,White,59.25,3,17.0,19.0,0.0,0.0,100.0,1.0,1.0,2.0,0.0,0.0,1.0,1.0,1.0,0.0,0.0,0.0
1451,1.0,0.0,1.0,White,,5,14.0,18.0,,,,1.0,2.0,3.0,0.0,0.0,3.0,2.0,1.0,0.0,1.0,0.0
1452,0.0,0.0,0.0,Hispanic,7.05,6,16.0,16.0,0.0,0.0,55.649,1.0,2.0,2.0,0.0,0.0,2.0,1.0,1.0,0.0,0.0,1.0
1453,0.0,1.0,1.0,White,36.15,4,16.0,18.0,0.0,0.0,97.528,1.0,2.0,2.0,0.0,0.0,3.0,2.0,1.0,0.0,0.0,0.0
1454,1.0,0.0,1.0,White,60.0,4,17.0,20.0,0.0,0.0,98.512,3.0,2.0,2.0,0.0,0.0,3.0,3.0,1.0,0.0,0.0,0.0
1455,1.0,0.0,0.0,White,60.0,4,17.0,20.0,0.0,0.0,96.269,2.0,2.0,,0.0,0.0,1.0,1.0,1.0,0.0,0.0,0.0
1456,1.0,0.0,0.0,Asian,60.0,4,16.0,10.0,0.0,0.0,80.16,1.0,2.0,2.0,0.0,0.0,3.0,3.0,1.0,,,1.0
1457,1.0,0.0,0.0,White,,4,16.0,20.0,0.0,0.0,98.996,2.0,2.0,2.0,0.0,0.0,2.0,1.0,1.0,0.0,0.0,0.0
1458,1.0,0.0,0.0,White,33.3501,4,16.0,16.0,0.0,,,6.0,2.0,3.0,1.0,0.0,2.0,2.0,2.0,0.0,,0.0
1459,1.0,0.0,1.0,White,33.3501,4,16.0,16.0,0.0,,,3.0,1.0,1.0,0.0,0.0,1.0,1.0,1.0,0.0,0.0,0.0
1460,1.0,0.0,0.0,White,19.45,7,16.0,16.0,0.0,0.0,98.598,2.0,2.0,2.0,0.0,0.0,1.0,1.0,1.0,0.0,0.0,0.0
1461,1.0,0.0,0.0,White,,5,16.0,16.0,,0.0,,2.0,2.0,1.0,0.0,0.0,5.0,5.0,1.0,1.0,1.0,0.0
1462,0.0,0.0,1.0,White,,5,16.0,16.0,,0.0,95.589,5.0,2.0,1.0,0.0,0.0,1.0,1.0,1.0,0.0,0.0,0.0
1463,1.0,0.0,0.0,White,,3,14.0,18.0,,0.0,96.579,9.0,2.0,4.0,0.0,0.0,2.0,2.0,1.0,1.0,0.0,0.0
1464,1.0,0.0,1.0,Asian,42.0001,5,16.0,17.0,0.0,0.0,53.498,2.0,1.0,1.0,0.0,0.0,1.0,1.0,1.0,0.0,0.0,0.0
1465,0.0,,0.0,Black,0.9,4,12.0,12.0,0.0,,62.849,3.0,2.0,2.0,3.0,2.0,5.0,2.0,2.0,1.0,0.0,1.0
1466,1.0,0.0,1.0,Black,,5,16.0,16.0,0.0,0.0,76.56,1.0,3.0,3.0,0.0,0.0,1.0,1.0,1.0,0.0,0.0,0.0
1467,0.0,0.0,1.0,Black,0.465,3,12.0,12.0,0.0,,,3.0,2.0,2.0,0.0,0.0,5.0,3.0,1.0,0.0,,0.0
1468,1.0,,0.0,Black,0.81,3,12.0,12.0,0.0,1.0,53.755,15.0,2.0,3.0,0.0,0.0,2.0,1.0,1.0,0.0,0.0,0.0
1469,0.0,0.0,0.0,Black,6.35,4,12.0,12.0,0.0,0.0,13.078,5.0,2.0,1.0,0.0,0.0,1.0,1.0,1.0,0.0,0.0,1.0
1470,0.0,0.0,1.0,Black,0.095,5,15.0,14.0,0.0,1.0,28.346,1.0,2.0,4.0,0.0,0.0,5.0,3.0,1.0,1.0,1.0,1.0
1471,0.0,0.0,0.0,Black,0.095,5,15.0,14.0,0.0,1.0,10.554,15.0,2.0,1.0,0.0,2.0,4.0,2.0,5.0,1.0,0.0,1.0
1472,0.0,1.0,1.0,Black,6.96,5,14.0,,0.0,,,0.0,1.0,1.0,0.0,2.0,1.0,2.0,1.0,1.0,0.0,1.0
1473,0.0,0.0,0.0,Black,9.8001,5,18.0,16.0,0.0,0.0,73.874,3.0,2.0,2.0,0.0,0.0,2.0,1.0,1.0,0.0,0.0,0.0
1474,1.0,0.0,0.0,Hispanic,4.98,4,14.0,13.0,0.0,0.0,,5.0,2.0,3.0,0.0,0.0,3.0,3.0,2.0,1.0,1.0,0.0
1475,1.0,0.0,1.0,Hispanic,4.98,4,14.0,13.0,0.0,0.0,,3.0,2.0,2.0,0.0,0.0,3.0,2.0,1.0,0.0,0.0,0.0
1476,0.0,0.0,1.0,Black,32.25,6,12.0,14.0,0.0,0.0,42.197,10.0,2.0,2.0,0.0,0.0,3.0,3.0,1.0,0.0,0.0,0.0
1477,0.0,0.0,1.0,Black,32.25,6,12.0,14.0,0.0,0.0,34.832,3.0,2.0,3.0,0.0,0.0,3.0,4.0,1.0,0.0,0.0,0.0
1478,0.0,0.0,0.0,Black,11.0301,2,12.0,12.0,0.0,0.0,49.427,3.0,2.0,2.0,0.0,0.0,2.0,1.0,1.0,0.0,0.0,0.0
1479,1.0,0.0,1.0,Black,14.3,4,12.0,12.0,0.0,,10.432,5.0,2.0,2.0,0.0,0.0,3.0,3.0,1.0,0.0,1.0,0.0
1480,1.0,0.0,1.0,Black,14.3,4,12.0,12.0,0.0,,3.537,4.0,2.0,1.0,2.0,0.0,5.0,5.0,2.0,0.0,,0.0
1481,0.0,0.0,0.0,Black,0.205,4,12.0,12.0,1.0,0.0,42.127,3.0,2.0,2.0,1.0,0.0,2.0,1.0,2.0,0.0,0.0,0.0
1482,1.0,0.0,0.0,Black,0.48,2,12.0,12.0,0.0,0.0,,8.0,1.0,3.0,1.0,0.0,2.0,3.0,3.0,0.0,0.0,1.0
1483,1.0,0.0,0.0,Hispanic,0.375,5,2.0,4.0,0.0,,,1.0,2.0,2.0,0.0,2.0,1.0,1.0,2.0,1.0,0.0,0.0
1484,1.0,0.0,0.0,White,35.1001,4,13.0,13.0,0.0,0.0,81.152,0.0,2.0,2.0,0.0,0.0,2.0,2.0,1.0,0.0,1.0,1.0
1485,1.0,0.0,0.0,White,35.1001,4,13.0,13.0,0.0,0.0,49.125,0.0,1.0,1.0,0.0,0.0,4.0,2.0,1.0,0.0,0.0,1.0
1486,1.0,0.0,0.0,Asian,22.85,4,14.0,18.0,0.0,0.0,53.833,7.0,2.0,2.0,0.0,0.0,2.0,1.0,1.0,0.0,0.0,0.0
1487,1.0,0.0,1.0,White,24.45,5,16.0,20.0,0.0,0.0,88.479,2.0,1.0,3.0,0.0,0.0,3.0,3.0,1.0,0.0,0.0,0.0
1488,1.0,1.0,0.0,White,7.85,4,16.0,16.0,0.0,0.0,83.245,3.0,2.0,2.0,0.0,0.0,3.0,2.0,1.0,0.0,0.0,0.0
1489,0.0,0.0,1.0,White,7.85,4,16.0,16.0,0.0,0.0,45.82,0.0,2.0,3.0,0.0,0.0,3.0,2.0,1.0,0.0,0.0,0.0
1490,1.0,,1.0,White,60.0,4,17.0,18.0,0.0,,,7.0,2.0,2.0,0.0,0.0,1.0,1.0,1.0,0.0,,0.0
1491,1.0,0.0,0.0,Asian,12.5501,4,12.0,13.0,0.0,0.0,95.156,9.0,2.0,2.0,0.0,0.0,4.0,3.0,1.0,0.0,0.0,0.0
1492,0.0,0.0,1.0,White,13.03,3,16.0,16.0,0.0,,84.039,9.0,2.0,1.0,0.0,0.0,2.0,1.0,1.0,0.0,0.0,0.0
1493,0.0,0.0,0.0,White,13.49,6,16.0,16.0,0.0,0.0,94.937,2.0,2.0,3.0,0.0,0.0,2.0,1.0,1.0,0.0,1.0,0.0
1494,1.0,0.0,1.0,White,12.73,4,14.0,12.0,0.0,0.0,62.784,3.0,2.0,2.0,0.0,0.0,4.0,4.0,1.0,0.0,1.0,0.0
1495,1.0,0.0,1.0,White,26.5044,5,17.0,17.0,0.0,0.0,86.973,2.0,2.0,3.0,0.0,0.0,4.0,3.0,1.0,0.0,0.0,0.0
1496,0.0,0.0,1.0,White,26.5044,5,17.0,17.0,0.0,0.0,96.589,0.0,2.0,2.0,1.0,0.0,4.0,3.0,1.0,1.0,1.0,0.0
1497,1.0,1.0,1.0,White,,5,16.0,20.0,,0.0,86.558,9.0,2.0,1.0,0.0,0.0,3.0,1.0,1.0,0.0,0.0,0.0
1498,1.0,0.0,1.0,White,49.75,5,16.0,20.0,0.0,0.0,54.621,0.0,2.0,2.0,0.0,0.0,2.0,1.0,1.0,1.0,1.0,0.0
1499,1.0,0.0,1.0,Other,36.55,4,16.0,16.0,0.0,0.0,81.561,2.0,2.0,2.0,0.0,0.0,3.0,3.0,1.0,0.0,0.0,0.0
1500,1.0,0.0,1.0,Black,26.2,6,13.0,12.0,0.0,0.0,38.089,0.0,1.0,2.0,0.0,0.0,3.0,3.0,1.0,0.0,0.0,0.0
1501,0.0,0.0,1.0,White,,4,16.0,19.0,,,90.149,4.0,2.0,3.0,0.0,0.0,3.0,2.0,1.0,0.0,0.0,0.0
1502,1.0,0.0,1.0,Black,8.35,4,12.0,12.0,0.0,0.0,14.106,0.0,2.0,2.0,0.0,0.0,2.0,1.0,2.0,0.0,0.0,0.0
1503,1.0,0.0,0.0,White,12.6,3,15.0,12.0,0.0,1.0,77.556,4.0,1.0,3.0,0.0,3.0,3.0,2.0,1.0,0.0,0.0,0.0
1504,1.0,0.0,1.0,White,12.6,3,15.0,,0.0,0.0,59.316,,2.0,3.0,1.0,3.0,3.0,1.0,2.0,0.0,0.0,0.0
1505,0.0,0.0,0.0,Hispanic,,5,6.0,,,0.0,33.987,3.0,1.0,1.0,0.0,0.0,1.0,1.0,1.0,0.0,0.0,0.0
1506,0.0,0.0,1.0,Hispanic,0.3196,5,11.0,12.0,0.0,,42.695,7.0,2.0,3.0,0.0,0.0,4.0,1.0,2.0,1.0,0.0,0.0
1507,,,0.0,Hispanic,1.575,5,12.0,12.0,0.0,,,2.0,1.0,3.0,0.0,0.0,2.0,1.0,1.0,0.0,,0.0
1508,0.0,0.0,0.0,Other,-0.125,3,,,0.0,1.0,,,2.0,2.0,0.0,0.0,,,1.0,1.0,0.0,0.0
1509,0.0,0.0,1.0,Hispanic,,4,,,,0.0,27.574,1.0,2.0,2.0,0.0,0.0,4.0,1.0,1.0,0.0,0.0,1.0
1510,1.0,0.0,0.0,White,1.79,7,12.0,14.0,0.0,,32.868,1.0,4.0,4.0,0.0,0.0,4.0,4.0,3.0,0.0,0.0,0.0
1511,0.0,0.0,1.0,White,1.79,7,12.0,14.0,0.0,0.0,57.619,2.0,4.0,4.0,0.0,0.0,4.0,4.0,2.0,1.0,0.0,0.0
1512,0.0,0.0,1.0,White,1.79,7,12.0,14.0,0.0,0.0,7.928,13.0,4.0,4.0,0.0,0.0,4.0,2.0,4.0,0.0,0.0,1.0
1513,1.0,0.0,1.0,White,1.79,7,12.0,14.0,0.0,0.0,29.258,0.0,2.0,4.0,5.0,0.0,2.0,1.0,1.0,1.0,1.0,1.0
1514,1.0,,0.0,Black,,5,18.0,16.0,,,24.719,1.0,3.0,1.0,0.0,2.0,1.0,1.0,1.0,1.0,1.0,1.0
1515,1.0,0.0,0.0,Other,4.05,5,,,0.0,0.0,67.222,14.0,3.0,4.0,2.0,0.0,3.0,3.0,1.0,0.0,1.0,0.0
1516,1.0,0.0,1.0,Hispanic,2.25,6,14.0,17.0,0.0,,20.795,1.0,2.0,3.0,0.0,0.0,4.0,2.0,2.0,1.0,0.0,0.0
1517,1.0,1.0,1.0,Hispanic,,6,14.0,17.0,,0.0,34.318,0.0,2.0,3.0,0.0,0.0,4.0,1.0,1.0,0.0,0.0,0.0
1518,0.0,0.0,0.0,White,11.5501,4,,,0.0,0.0,96.95,7.0,2.0,2.0,5.0,0.0,1.0,1.0,1.0,0.0,1.0,0.0
1519,1.0,0.0,0.0,Other,,3,,,,0.0,88.443,1.0,1.0,2.0,0.0,0.0,1.0,1.0,1.0,0.0,0.0,0.0
1520,0.0,0.0,0.0,White,4.075,5,,,0.0,0.0,27.905,10.0,1.0,4.0,8.0,0.0,5.0,1.0,5.0,1.0,1.0,0.0
1521,0.0,0.0,1.0,White,,3,,,,0.0,,20.0,3.0,3.0,0.0,0.0,4.0,3.0,3.0,0.0,,0.0
1522,1.0,1.0,0.0,Other,3.955,5,,,0.0,0.0,99.296,0.0,2.0,2.0,0.0,0.0,1.0,1.0,5.0,0.0,0.0,0.0
1523,0.0,0.0,1.0,Black,,4,,,0.0,,,0.0,2.0,3.0,3.0,1.0,3.0,2.0,2.0,0.0,,0.0
1524,0.0,0.0,1.0,Black,,2,,,0.0,0.0,88.163,2.0,2.0,4.0,0.0,0.0,2.0,1.0,2.0,0.0,0.0,0.0
1525,1.0,1.0,0.0,Black,2.025,3,12.0,,0.0,0.0,67.73,1.0,2.0,2.0,0.0,0.0,2.0,4.0,2.0,0.0,0.0,0.0
1526,0.0,0.0,1.0,White,-0.545,3,,,0.0,0.0,,,2.0,3.0,0.0,0.0,1.0,1.0,1.0,0.0,,0.0
1527,0.0,0.0,1.0,Black,0.135,4,,,1.0,,,4.0,4.0,2.0,1.0,0.0,1.0,1.0,1.0,0.0,0.0,1.0
1528,0.0,0.0,1.0,Black,0.175,7,,,1.0,0.0,,10.0,2.0,1.0,0.0,0.0,3.0,1.0,4.0,0.0,,0.0
1529,,,0.0,Black,0.175,7,,,0.0,,,0.0,2.0,4.0,0.0,1.0,1.0,1.0,2.0,0.0,,0.0
1530,1.0,0.0,0.0,White,60.0,4,17.0,18.0,0.0,0.0,72.907,12.0,1.0,2.0,0.0,1.0,4.0,5.0,1.0,0.0,0.0,0.0
1531,1.0,0.0,1.0,White,60.0,4,17.0,18.0,0.0,0.0,71.025,2.0,2.0,2.0,0.0,0.0,1.0,1.0,1.0,0.0,0.0,0.0
1532,1.0,0.0,0.0,White,,2,,,0.0,,52.592,2.0,2.0,2.0,0.0,0.0,1.0,1.0,1.0,1.0,0.0,0.0
1533,1.0,0.0,1.0,White,,5,16.0,18.0,0.0,,67.837,12.0,3.0,3.0,1.0,0.0,2.0,1.0,2.0,0.0,0.0,0.0
1534,0.0,0.0,1.0,White,-0.005,3,12.0,6.0,1.0,0.0,25.157,8.0,3.0,1.0,2.0,0.0,3.0,4.0,2.0,0.0,0.0,0.0
1535,0.0,0.0,0.0,White,-0.005,3,12.0,6.0,1.0,0.0,22.468,9.0,2.0,2.0,0.0,2.0,2.0,1.0,2.0,0.0,0.0,1.0
1536,0.0,0.0,0.0,Hispanic,,3,3.0,6.0,,,,2.0,2.0,3.0,0.0,3.0,2.0,2.0,3.0,0.0,0.0,0.0
1537,0.0,0.0,1.0,White,,2,12.0,12.0,,,,5.0,3.0,1.0,3.0,0.0,5.0,,5.0,0.0,0.0,1.0
1538,1.0,,0.0,Hispanic,30.75,4,13.0,15.0,0.0,,,3.0,2.0,3.0,2.0,0.0,4.0,4.0,1.0,0.0,,0.0
1539,0.0,0.0,1.0,White,-7.25,5,12.0,,0.0,,45.247,3.0,2.0,2.0,10.0,0.0,4.0,3.0,2.0,1.0,0.0,0.0
1540,0.0,0.0,1.0,White,9.41,6,10.0,,0.0,0.0,24.137,20.0,1.0,3.0,0.0,0.0,4.0,1.0,2.0,1.0,0.0,0.0
1541,0.0,0.0,1.0,White,9.15,3,12.0,12.0,0.0,,83.145,0.0,2.0,2.0,1.0,0.0,1.0,1.0,1.0,0.0,0.0,1.0
1542,1.0,0.0,1.0,Hispanic,,4,14.0,14.0,0.0,0.0,27.83,4.0,1.0,1.0,0.0,0.0,1.0,1.0,1.0,0.0,0.0,0.0
1543,1.0,0.0,1.0,White,4.95,4,12.0,16.0,0.0,0.0,81.827,0.0,2.0,1.0,0.0,0.0,5.0,5.0,2.0,0.0,0.0,0.0
1544,1.0,0.0,1.0,White,4.95,4,12.0,16.0,0.0,0.0,87.534,2.0,1.0,2.0,0.0,0.0,2.0,1.0,2.0,1.0,0.0,0.0
1545,1.0,0.0,0.0,White,,4,12.0,12.0,1.0,0.0,75.347,1.0,2.0,2.0,0.0,0.0,1.0,1.0,1.0,0.0,0.0,0.0
1546,1.0,0.0,1.0,White,,4,12.0,12.0,1.0,0.0,90.453,4.0,2.0,3.0,0.0,0.0,2.0,1.0,1.0,0.0,0.0,0.0
1547,1.0,0.0,0.0,Hispanic,4.41,7,14.0,9.0,0.0,0.0,52.817,1.0,2.0,2.0,0.0,0.0,2.0,1.0,1.0,0.0,0.0,0.0
1548,0.0,,0.0,Hispanic,4.41,7,14.0,9.0,0.0,,59.391,5.0,2.0,1.0,0.0,0.0,2.0,2.0,1.0,1.0,,
1549,1.0,0.0,0.0,Hispanic,4.41,7,14.0,9.0,0.0,0.0,95.01,0.0,1.0,1.0,0.0,0.0,1.0,1.0,1.0,0.0,0.0,0.0
1550,1.0,0.0,1.0,White,,3,,,0.0,0.0,67.914,0.0,2.0,2.0,0.0,0.0,3.0,3.0,2.0,0.0,,0.0
1551,1.0,0.0,1.0,White,11.42,5,14.0,12.0,0.0,0.0,53.892,2.0,2.0,3.0,0.0,0.0,2.0,3.0,1.0,1.0,1.0,0.0
1552,0.0,0.0,0.0,White,11.42,5,14.0,12.0,0.0,0.0,64.106,0.0,2.0,2.0,0.0,1.0,1.0,1.0,1.0,0.0,0.0,0.0
1553,1.0,0.0,0.0,Black,0.395,3,12.0,11.0,0.0,0.0,,5.0,1.0,2.0,2.0,1.0,5.0,4.0,5.0,0.0,0.0,0.0
1554,1.0,0.0,0.0,Black,0.395,3,12.0,11.0,0.0,0.0,,6.0,1.0,1.0,0.0,0.0,3.0,2.0,1.0,0.0,0.0,0.0
1555,0.0,0.0,0.0,Black,0.8977,4,12.0,12.0,0.0,0.0,,35.0,2.0,2.0,0.0,4.0,4.0,4.0,1.0,0.0,,1.0
1556,0.0,0.0,0.0,Black,10.65,4,16.0,19.0,0.0,0.0,49.52,1.0,1.0,1.0,5.0,0.0,1.0,1.0,1.0,0.0,0.0,0.0
1557,1.0,0.0,1.0,Black,10.65,4,16.0,19.0,0.0,0.0,63.525,6.0,2.0,3.0,0.0,0.0,1.0,1.0,1.0,0.0,1.0,0.0
1558,0.0,0.0,0.0,Black,1.1075,2,12.0,11.0,0.0,0.0,,4.0,2.0,2.0,0.0,0.0,1.0,1.0,3.0,0.0,0.0,0.0
1559,1.0,0.0,0.0,White,-0.35,5,12.0,11.0,0.0,0.0,27.378,0.0,2.0,3.0,3.0,0.0,5.0,4.0,5.0,1.0,0.0,1.0
1560,0.0,0.0,0.0,Hispanic,0.285,3,11.0,9.0,0.0,0.0,50.201,3.0,2.0,2.0,0.0,0.0,1.0,1.0,1.0,0.0,0.0,0.0
1561,0.0,0.0,0.0,Hispanic,1.56,5,12.0,13.0,0.0,0.0,,4.0,1.0,2.0,0.0,0.0,,,,,0.0,0.0
1562,0.0,0.0,0.0,Hispanic,1.96,3,9.0,,0.0,1.0,35.833,2.0,1.0,2.0,0.0,2.0,1.0,1.0,1.0,0.0,0.0,1.0
1563,0.0,0.0,0.0,Black,3.225,5,12.0,,0.0,1.0,32.802,0.0,2.0,2.0,0.0,0.0,2.0,1.0,1.0,0.0,,0.0
1564,0.0,0.0,0.0,Black,5.95,4,12.0,,0.0,0.0,,28.0,3.0,3.0,0.0,1.0,4.0,5.0,1.0,0.0,,1.0
1565,1.0,0.0,1.0,Black,0.2635,2,14.0,12.0,0.0,,58.669,6.0,1.0,1.0,0.0,0.0,1.0,1.0,1.0,0.0,0.0,0.0
1566,0.0,0.0,1.0,Black,0.375,3,9.0,,0.0,,,0.0,2.0,3.0,0.0,0.0,3.0,1.0,1.0,0.0,0.0,1.0
1568,1.0,0.0,1.0,Black,35.4721,3,,12.0,0.0,0.0,,2.0,2.0,3.0,0.0,0.0,3.0,3.0,1.0,0.0,0.0,0.0
1569,0.0,0.0,0.0,Hispanic,0.475,4,7.0,5.0,0.0,0.0,,4.0,2.0,3.0,0.0,0.0,2.0,2.0,3.0,0.0,1.0,0.0
1570,1.0,0.0,0.0,Hispanic,,4,6.0,6.0,0.0,0.0,60.506,0.0,1.0,1.0,0.0,0.0,2.0,1.0,2.0,0.0,,0.0
1571,1.0,0.0,1.0,Hispanic,,4,6.0,6.0,0.0,0.0,39.541,2.0,2.0,2.0,0.0,0.0,1.0,1.0,1.0,,0.0,0.0
1572,1.0,0.0,0.0,White,13.65,6,13.0,16.0,0.0,0.0,65.921,0.0,3.0,2.0,0.0,0.0,4.0,4.0,1.0,0.0,0.0,0.0
1573,1.0,0.0,0.0,White,33.5,5,12.0,16.0,0.0,0.0,62.972,1.0,2.0,2.0,0.0,0.0,3.0,3.0,1.0,0.0,,0.0
1574,1.0,0.0,1.0,White,9.4,4,13.0,15.0,0.0,0.0,85.962,8.0,2.0,2.0,0.0,0.0,2.0,1.0,1.0,0.0,0.0,0.0
1575,1.0,0.0,1.0,White,,4,12.0,16.0,0.0,0.0,52.683,4.0,2.0,1.0,0.0,0.0,4.0,3.0,1.0,0.0,,0.0
1576,1.0,0.0,1.0,White,5.1,5,12.0,10.0,0.0,0.0,,0.0,2.0,2.0,1.0,0.0,4.0,5.0,1.0,1.0,1.0,1.0
1577,,,1.0,White,5.1,5,12.0,10.0,0.0,,,2.0,1.0,1.0,4.0,0.0,4.0,2.0,5.0,0.0,,0.0
1578,1.0,0.0,0.0,White,,5,13.0,12.0,0.0,0.0,38.641,0.0,3.0,3.0,0.0,0.0,2.0,4.0,2.0,0.0,0.0,1.0
1579,0.0,0.0,0.0,Black,,3,12.0,12.0,,0.0,,2.0,2.0,2.0,0.0,0.0,2.0,1.0,4.0,0.0,,0.0
1580,0.0,0.0,0.0,Black,2.4227,2,12.0,12.0,0.0,0.0,10.849,0.0,2.0,2.0,0.0,10.0,4.0,5.0,4.0,0.0,1.0,0.0
1581,0.0,,0.0,Asian,24.0,4,12.0,20.0,0.0,,,2.0,2.0,3.0,0.0,0.0,4.0,5.0,2.0,0.0,,0.0
1582,0.0,0.0,1.0,White,1.275,3,12.0,16.0,0.0,1.0,54.43,2.0,2.0,3.0,2.0,0.0,2.0,2.0,1.0,1.0,1.0,0.0
1583,0.0,1.0,0.0,Hispanic,,5,10.0,12.0,,0.0,,4.0,2.0,3.0,2.0,0.0,4.0,5.0,1.0,0.0,0.0,1.0
1584,0.0,0.0,1.0,Hispanic,,5,10.0,12.0,,0.0,,40.0,2.0,2.0,0.0,0.0,2.0,3.0,2.0,0.0,0.0,0.0
1585,0.0,0.0,1.0,Hispanic,,5,10.0,12.0,,0.0,,5.0,2.0,3.0,0.0,1.0,1.0,1.0,1.0,0.0,0.0,0.0
1586,1.0,0.0,0.0,Hispanic,1.95,5,15.0,16.0,0.0,,4.667,2.0,2.0,1.0,0.0,1.0,1.0,1.0,1.0,0.0,0.0,0.0
1587,0.0,0.0,1.0,White,-0.25,3,12.0,8.0,1.0,0.0,74.731,3.0,2.0,3.0,5.0,0.0,5.0,4.0,1.0,1.0,0.0,1.0
1588,0.0,0.0,1.0,White,-0.25,3,12.0,8.0,1.0,0.0,56.24,0.0,2.0,2.0,0.0,0.0,3.0,2.0,2.0,0.0,0.0,0.0
1589,0.0,0.0,0.0,Hispanic,0.25,6,6.0,,0.0,0.0,63.213,0.0,2.0,3.0,0.0,0.0,3.0,2.0,,0.0,0.0,0.0
1590,1.0,0.0,1.0,White,,9,12.0,15.0,,,,,2.0,1.0,,,1.0,1.0,1.0,0.0,0.0,0.0
1591,0.0,,0.0,White,,2,10.0,,,,,2.0,2.0,2.0,0.0,2.0,4.0,4.0,3.0,0.0,,0.0
1592,1.0,0.0,1.0,White,,5,16.0,16.0,0.0,0.0,91.74,2.0,1.0,1.0,0.0,0.0,3.0,3.0,1.0,0.0,0.0,0.0
1593,1.0,0.0,1.0,White,,5,16.0,16.0,,,38.139,6.0,2.0,1.0,0.0,0.0,5.0,5.0,3.0,0.0,0.0,1.0
1594,0.0,0.0,1.0,Black,12.0,6,16.0,16.0,0.0,0.0,28.798,60.0,4.0,3.0,20.0,25.0,3.0,4.0,2.0,,0.0,1.0
1595,0.0,0.0,1.0,Black,12.0,6,16.0,16.0,0.0,0.0,80.881,4.0,3.0,3.0,0.0,0.0,1.0,1.0,1.0,0.0,0.0,0.0
1596,0.0,0.0,0.0,Hispanic,1.83,4,12.0,12.0,0.0,,10.55,1.0,2.0,2.0,0.0,0.0,2.0,1.0,2.0,0.0,,0.0
1597,0.0,,0.0,Black,,4,12.0,,,,,1.0,2.0,2.0,0.0,1.0,2.0,3.0,1.0,0.0,,0.0
1598,0.0,0.0,1.0,Hispanic,0.175,7,9.0,6.0,0.0,,,43.0,2.0,1.0,0.0,0.0,5.0,3.0,3.0,0.0,,0.0
1599,0.0,0.0,1.0,Hispanic,0.175,7,9.0,6.0,0.0,,,5.0,1.0,1.0,3.0,0.0,4.0,1.0,2.0,0.0,0.0,0.0
1600,0.0,0.0,1.0,Hispanic,,3,,,,0.0,19.482,20.0,2.0,2.0,0.0,0.0,4.0,2.0,1.0,0.0,,0.0
1601,0.0,0.0,1.0,Hispanic,0.175,8,11.0,12.0,0.0,,,0.0,2.0,1.0,0.0,0.0,2.0,1.0,3.0,0.0,,0.0
1602,1.0,0.0,1.0,Hispanic,0.175,8,11.0,12.0,0.0,1.0,,0.0,2.0,2.0,0.0,0.0,1.0,1.0,1.0,0.0,0.0,0.0
1603,1.0,0.0,1.0,Hispanic,,3,6.0,,,,37.979,2.0,2.0,2.0,0.0,0.0,3.0,2.0,1.0,0.0,,0.0
1604,1.0,0.0,1.0,White,,6,14.0,14.0,,0.0,,3.0,2.0,2.0,0.0,0.0,3.0,4.0,1.0,0.0,0.0,0.0
1605,1.0,0.0,1.0,White,,6,14.0,14.0,,0.0,,2.0,2.0,2.0,0.0,0.0,3.0,3.0,2.0,0.0,0.0,0.0
1606,1.0,0.0,1.0,Hispanic,0.05,2,14.0,6.0,0.0,0.0,,10.0,2.0,3.0,0.0,0.0,4.0,4.0,3.0,0.0,,0.0
1607,0.0,0.0,0.0,Hispanic,0.05,3,,8.0,0.0,0.0,,0.0,1.0,1.0,0.0,1.0,1.0,1.0,1.0,0.0,,0.0
1608,1.0,,1.0,White,,5,11.0,19.0,,,,25.0,3.0,4.0,0.0,0.0,5.0,4.0,3.0,,,1.0
1609,0.0,0.0,0.0,White,,5,11.0,19.0,,0.0,,2.0,2.0,3.0,0.0,1.0,1.0,1.0,1.0,0.0,,0.0
1610,0.0,0.0,1.0,White,,6,16.0,15.0,0.0,,54.438,0.0,2.0,2.0,1.0,0.0,4.0,4.0,2.0,0.0,,0.0
1611,1.0,,1.0,White,,6,16.0,15.0,0.0,,53.933,9.0,2.0,1.0,0.0,0.0,2.0,4.0,1.0,0.0,,0.0
1612,1.0,1.0,1.0,White,,3,16.0,14.0,0.0,0.0,63.831,1.0,1.0,1.0,1.0,0.0,3.0,2.0,1.0,1.0,0.0,0.0
1613,,,0.0,White,,5,17.0,19.0,,,,2.0,1.0,2.0,0.0,0.0,1.0,1.0,1.0,0.0,,0.0
1614,1.0,0.0,1.0,White,34.4,4,16.0,19.0,0.0,0.0,,5.0,2.0,2.0,0.0,0.0,2.0,2.0,1.0,0.0,0.0,0.0
1615,0.0,0.0,0.0,Hispanic,,6,12.0,12.0,0.0,0.0,,6.0,1.0,1.0,0.0,0.0,,,,0.0,1.0,0.0
1616,1.0,0.0,1.0,White,27.6551,5,12.0,12.0,0.0,,6.08,4.0,3.0,3.0,0.0,0.0,4.0,5.0,4.0,0.0,,1.0
1617,1.0,0.0,0.0,White,4.85,4,16.0,14.0,0.0,0.0,,7.0,2.0,3.0,1.0,0.0,2.0,1.0,1.0,0.0,0.0,0.0
1618,0.0,0.0,0.0,White,-2.075,2,,12.0,0.0,0.0,88.521,2.0,2.0,2.0,50.0,0.0,3.0,2.0,1.0,1.0,1.0,0.0
1619,1.0,0.0,0.0,White,60.0,5,12.0,14.0,0.0,,84.682,4.0,2.0,2.0,2.0,0.0,3.0,3.0,1.0,0.0,0.0,1.0
1620,1.0,0.0,0.0,White,60.0,5,12.0,14.0,0.0,0.0,67.504,2.0,2.0,2.0,0.0,0.0,2.0,1.0,2.0,0.0,0.0,0.0
1621,0.0,0.0,0.0,White,,5,14.0,14.0,0.0,,,3.0,2.0,3.0,0.0,0.0,2.0,1.0,2.0,0.0,,0.0
1622,0.0,0.0,1.0,Other,18.85,2,18.0,19.0,0.0,0.0,80.619,18.0,1.0,2.0,0.0,0.0,3.0,1.0,1.0,0.0,0.0,0.0
1623,1.0,0.0,0.0,White,44.62,4,16.0,16.0,0.0,0.0,100.0,0.0,2.0,2.0,0.0,0.0,1.0,1.0,1.0,0.0,0.0,0.0
1624,1.0,0.0,1.0,White,,4,15.0,18.0,0.0,0.0,87.782,2.0,2.0,2.0,0.0,0.0,1.0,1.0,1.0,0.0,0.0,0.0
1625,0.0,,0.0,Hispanic,,7,12.0,9.0,0.0,,,8.0,1.0,1.0,0.0,0.0,4.0,3.0,3.0,0.0,,0.0
1626,0.0,1.0,0.0,Hispanic,,7,12.0,9.0,0.0,,,27.0,2.0,1.0,0.0,0.0,5.0,,4.0,0.0,,0.0
1627,1.0,0.0,0.0,Asian,0.375,3,11.0,,0.0,,71.904,0.0,2.0,2.0,0.0,0.0,3.0,3.0,2.0,0.0,0.0,1.0
1628,0.0,0.0,0.0,Asian,0.375,3,11.0,,0.0,0.0,51.676,0.0,2.0,4.0,0.0,4.0,1.0,1.0,1.0,0.0,0.0,0.0
1629,1.0,0.0,1.0,White,50.05,2,18.0,17.0,0.0,0.0,100.0,1.0,2.0,2.0,0.0,0.0,2.0,2.0,1.0,0.0,0.0,0.0
1630,1.0,0.0,1.0,White,12.92,4,12.0,12.0,0.0,0.0,92.749,3.0,1.0,1.0,0.0,0.0,1.0,1.0,1.0,0.0,0.0,0.0
1631,1.0,0.0,0.0,White,9.25,4,16.0,14.0,0.0,1.0,,1.0,3.0,4.0,0.0,0.0,3.0,4.0,1.0,0.0,,0.0
1632,1.0,0.0,0.0,White,2.2,5,13.0,14.0,0.0,0.0,76.6,3.0,2.0,1.0,1.0,0.0,2.0,1.0,1.0,1.0,1.0,0.0
1633,1.0,0.0,1.0,White,60.0,5,14.0,12.0,0.0,0.0,90.989,0.0,1.0,3.0,0.0,0.0,3.0,2.0,1.0,0.0,0.0,0.0
1634,1.0,0.0,1.0,White,60.0,5,14.0,12.0,0.0,0.0,83.88,0.0,1.0,1.0,0.0,0.0,3.0,2.0,1.0,0.0,0.0,0.0
1635,1.0,0.0,0.0,White,23.95,3,14.0,18.0,0.0,0.0,,0.0,2.0,1.0,0.0,0.0,4.0,3.0,1.0,0.0,,0.0
1636,0.0,0.0,0.0,White,57.2001,5,12.0,16.0,0.0,,,1.0,2.0,3.0,0.0,0.0,,,1.0,0.0,1.0,0.0
1637,0.0,1.0,0.0,White,0.725,5,8.0,,0.0,,60.045,3.0,3.0,4.0,0.0,0.0,1.0,1.0,1.0,1.0,0.0,1.0
1638,0.0,,0.0,White,27.17,6,12.0,18.0,0.0,,50.544,1.0,1.0,2.0,0.0,0.0,4.0,3.0,1.0,0.0,,0.0
1639,1.0,0.0,1.0,White,10.45,4,12.0,12.0,0.0,0.0,72.761,5.0,3.0,3.0,0.0,0.0,4.0,2.0,1.0,0.0,0.0,0.0
1640,1.0,0.0,0.0,White,6.23,4,14.0,12.0,0.0,,40.836,5.0,1.0,1.0,0.0,0.0,2.0,2.0,1.0,0.0,0.0,0.0
1641,0.0,0.0,1.0,White,6.23,4,14.0,,0.0,0.0,11.486,8.0,1.0,3.0,0.0,0.0,1.0,1.0,1.0,0.0,0.0,0.0
1642,0.0,0.0,1.0,White,60.0,5,18.0,20.0,0.0,0.0,84.037,2.0,2.0,2.0,0.0,0.0,2.0,1.0,1.0,0.0,0.0,0.0
1643,0.0,,0.0,White,43.1,2,13.0,12.0,0.0,,73.439,5.0,2.0,3.0,0.0,0.0,3.0,2.0,1.0,,,1.0
1644,1.0,0.0,1.0,White,30.1,6,14.0,,0.0,0.0,77.446,4.0,2.0,3.0,0.0,0.0,3.0,3.0,1.0,0.0,0.0,0.0
1645,1.0,0.0,0.0,White,60.0,4,,16.0,0.0,1.0,81.674,0.0,3.0,1.0,2.0,0.0,4.0,1.0,1.0,0.0,0.0,0.0
1646,1.0,0.0,0.0,White,,5,14.0,12.0,0.0,0.0,44.674,2.0,2.0,2.0,2.0,0.0,5.0,4.0,2.0,0.0,0.0,0.0
1647,1.0,0.0,1.0,White,7.5,5,13.0,7.0,0.0,0.0,94.433,2.0,2.0,1.0,0.0,0.0,4.0,2.0,1.0,,0.0,0.0
1648,0.0,1.0,0.0,White,2.18,3,11.0,,0.0,,73.517,3.0,3.0,2.0,0.0,0.0,3.0,1.0,1.0,1.0,1.0,0.0
1649,1.0,0.0,0.0,White,16.43,5,12.0,14.0,0.0,0.0,52.657,0.0,2.0,2.0,0.0,0.0,4.0,5.0,1.0,0.0,0.0,0.0
1650,,,0.0,White,,6,13.0,12.0,,,,1.0,2.0,2.0,0.0,0.0,3.0,3.0,2.0,0.0,,0.0
1651,1.0,0.0,1.0,White,19.0301,5,11.0,14.0,0.0,0.0,81.829,1.0,2.0,2.0,0.0,0.0,4.0,3.0,2.0,0.0,0.0,0.0
1652,1.0,,0.0,White,17.75,4,12.0,14.0,0.0,,94.943,3.0,2.0,2.0,0.0,0.0,2.0,2.0,1.0,0.0,,0.0
1653,0.0,0.0,0.0,White,10.6,6,16.0,16.0,0.0,,,1.0,1.0,1.0,0.0,2.0,4.0,1.0,1.0,0.0,0.0,
1654,1.0,0.0,0.0,White,11.55,4,12.0,16.0,0.0,0.0,84.828,2.0,2.0,3.0,0.0,0.0,3.0,3.0,2.0,0.0,,0.0
1655,1.0,0.0,0.0,White,-1.0,3,12.0,16.0,0.0,0.0,,0.0,1.0,2.0,1.0,0.0,3.0,1.0,1.0,1.0,,0.0
1656,1.0,0.0,0.0,Other,0.375,3,16.0,16.0,0.0,0.0,,2.0,1.0,1.0,0.0,0.0,1.0,1.0,1.0,0.0,1.0,0.0
1657,0.0,0.0,1.0,Black,,7,,,,,,6.0,3.0,4.0,0.0,0.0,3.0,1.0,1.0,0.0,,0.0
1658,0.0,,1.0,White,7.701,3,11.0,9.0,1.0,,,0.0,2.0,2.0,0.0,0.0,2.0,2.0,1.0,0.0,,0.0
1659,0.0,0.0,0.0,Hispanic,11.475,4,12.0,14.0,0.0,0.0,30.872,9.0,2.0,2.0,0.0,0.0,2.0,1.0,1.0,0.0,0.0,0.0
1660,,,1.0,White,60.0,3,16.0,16.0,0.0,,,0.0,1.0,1.0,0.0,0.0,1.0,1.0,1.0,0.0,,0.0
1661,1.0,0.0,0.0,Hispanic,60.0,4,14.0,20.0,0.0,0.0,,4.0,2.0,2.0,0.0,0.0,3.0,5.0,2.0,0.0,0.0,0.0
1662,0.0,0.0,0.0,White,0.315,4,9.0,11.0,0.0,0.0,,22.0,2.0,2.0,0.0,1.0,5.0,1.0,2.0,0.0,0.0,0.0
1663,0.0,0.0,1.0,Hispanic,4.07,3,10.0,11.0,0.0,0.0,,6.0,2.0,2.0,0.0,0.0,1.0,1.0,1.0,0.0,0.0,0.0
1664,0.0,0.0,0.0,White,,3,10.0,,,,41.416,4.0,2.0,4.0,4.0,0.0,1.0,1.0,1.0,0.0,,1.0
1665,0.0,0.0,0.0,White,0.42,4,10.0,,0.0,,62.886,1.0,2.0,2.0,0.0,0.0,4.0,4.0,2.0,1.0,1.0,1.0
1666,0.0,0.0,0.0,White,,5,10.0,10.0,0.0,0.0,29.184,6.0,2.0,3.0,0.0,0.0,4.0,2.0,1.0,1.0,1.0,1.0
1667,0.0,1.0,0.0,Asian,,4,4.0,,,,58.937,0.0,1.0,1.0,0.0,0.0,1.0,1.0,2.0,0.0,1.0,1.0
1668,0.0,0.0,0.0,White,1.375,3,,,0.0,0.0,22.826,0.0,2.0,2.0,2.0,1.0,3.0,1.0,2.0,0.0,,1.0
1669,1.0,,1.0,White,60.0,4,14.0,16.0,0.0,0.0,97.307,2.0,2.0,2.0,0.0,0.0,3.0,3.0,2.0,0.0,0.0,0.0
1670,0.0,0.0,1.0,White,60.0,11,14.0,18.0,0.0,0.0,83.205,3.0,2.0,2.0,0.0,0.0,3.0,3.0,1.0,0.0,0.0,0.0
1671,1.0,0.0,1.0,White,60.0,11,14.0,18.0,0.0,0.0,69.314,3.0,2.0,2.0,0.0,0.0,4.0,2.0,1.0,0.0,0.0,0.0
1672,1.0,0.0,1.0,White,60.0,11,14.0,18.0,0.0,0.0,81.439,5.0,2.0,2.0,0.0,0.0,2.0,1.0,1.0,0.0,0.0,0.0
1673,1.0,0.0,1.0,White,11.85,3,16.0,12.0,0.0,0.0,68.524,14.0,2.0,1.0,0.0,0.0,2.0,2.0,1.0,0.0,0.0,0.0
1674,1.0,0.0,1.0,White,,5,18.0,15.0,,0.0,44.381,12.0,2.0,2.0,0.0,0.0,3.0,3.0,1.0,0.0,0.0,0.0
1675,0.0,0.0,0.0,White,,5,18.0,15.0,,0.0,69.624,3.0,2.0,2.0,0.0,0.0,2.0,1.0,1.0,0.0,0.0,1.0
1676,1.0,0.0,0.0,White,15.25,5,18.0,16.0,0.0,0.0,62.494,8.0,2.0,2.0,0.0,0.0,2.0,4.0,1.0,0.0,0.0,0.0
1677,1.0,0.0,1.0,White,15.25,5,18.0,16.0,0.0,,95.557,0.0,1.0,3.0,15.0,0.0,4.0,4.0,2.0,1.0,0.0,0.0
1678,1.0,0.0,0.0,White,,4,,,,0.0,79.779,3.0,2.0,2.0,0.0,0.0,1.0,1.0,1.0,0.0,0.0,0.0
1679,1.0,0.0,1.0,White,14.275,5,12.0,16.0,0.0,0.0,36.118,2.0,2.0,2.0,0.0,0.0,3.0,3.0,2.0,0.0,0.0,0.0
1680,1.0,0.0,1.0,White,,4,17.0,16.0,0.0,0.0,89.719,0.0,2.0,2.0,0.0,0.0,2.0,2.0,1.0,0.0,0.0,0.0
1681,1.0,,0.0,White,,2,13.0,12.0,0.0,,85.032,6.0,2.0,2.0,0.0,0.0,2.0,3.0,1.0,1.0,,0.0
1682,1.0,0.0,1.0,White,60.0,3,16.0,16.0,0.0,0.0,35.171,2.0,2.0,2.0,0.0,0.0,3.0,4.0,1.0,1.0,0.0,0.0
1683,0.0,0.0,0.0,Hispanic,,5,12.0,,0.0,0.0,84.407,2.0,1.0,2.0,0.0,0.0,4.0,2.0,1.0,0.0,0.0,0.0
1684,0.0,0.0,1.0,Hispanic,,5,12.0,,0.0,0.0,,2.0,1.0,1.0,0.0,0.0,4.0,4.0,2.0,0.0,0.0,0.0
1685,1.0,0.0,0.0,Other,,4,16.0,16.0,,0.0,,12.0,1.0,1.0,0.0,0.0,3.0,4.0,1.0,0.0,1.0,0.0
1686,1.0,0.0,1.0,White,,5,17.0,17.0,0.0,0.0,,3.0,2.0,2.0,0.0,0.0,3.0,4.0,1.0,0.0,0.0,0.0
1687,1.0,0.0,0.0,White,24.6501,5,18.0,16.0,0.0,0.0,,0.0,3.0,2.0,0.0,0.0,1.0,1.0,1.0,0.0,0.0,0.0
1688,1.0,0.0,0.0,White,24.6501,5,18.0,16.0,0.0,0.0,,0.0,1.0,1.0,5.0,1.0,1.0,1.0,1.0,0.0,0.0,1.0
1689,0.0,0.0,1.0,White,1.45,5,12.0,9.0,0.0,1.0,43.037,8.0,2.0,1.0,4.0,0.0,4.0,1.0,3.0,0.0,0.0,0.0
1690,0.0,0.0,1.0,White,12.175,3,,12.0,0.0,,18.473,6.0,2.0,1.0,0.0,0.0,1.0,1.0,1.0,0.0,0.0,0.0
1691,0.0,0.0,1.0,White,12.175,3,,12.0,0.0,1.0,28.509,1.0,2.0,1.0,0.0,0.0,1.0,1.0,1.0,0.0,0.0,0.0
1692,1.0,0.0,0.0,White,60.0,4,12.0,12.0,0.0,1.0,82.197,2.0,1.0,2.0,0.0,0.0,2.0,2.0,1.0,0.0,0.0,0.0
1693,1.0,0.0,0.0,White,11.35,3,12.0,16.0,0.0,,57.315,0.0,2.0,1.0,30.0,1.0,2.0,1.0,1.0,0.0,0.0,0.0
1694,1.0,0.0,0.0,White,34.55,5,14.0,12.0,0.0,0.0,93.284,1.0,2.0,2.0,0.0,0.0,3.0,2.0,2.0,1.0,,0.0
1695,1.0,0.0,0.0,White,34.55,5,14.0,12.0,0.0,0.0,89.436,1.0,1.0,1.0,0.0,0.0,1.0,1.0,1.0,0.0,,0.0
1696,0.0,0.0,0.0,White,11.55,4,11.0,12.0,0.0,,53.148,0.0,2.0,1.0,0.0,1.0,4.0,2.0,1.0,0.0,0.0,1.0
1697,1.0,0.0,1.0,White,11.21,4,16.0,13.0,0.0,0.0,75.986,5.0,2.0,2.0,0.0,0.0,2.0,1.0,1.0,0.0,,0.0
1698,1.0,0.0,1.0,White,60.0,4,17.0,14.0,0.0,0.0,,5.0,1.0,1.0,0.0,0.0,1.0,1.0,1.0,0.0,0.0,0.0
1699,0.0,,0.0,White,60.0,4,17.0,14.0,0.0,,,7.0,2.0,2.0,0.0,0.0,2.0,1.0,2.0,0.0,,0.0
1700,1.0,0.0,0.0,White,,3,12.0,12.0,,,12.621,5.0,1.0,2.0,0.0,0.0,3.0,1.0,1.0,0.0,0.0,0.0
1701,1.0,0.0,0.0,White,,3,12.0,12.0,,0.0,27.137,3.0,1.0,1.0,0.0,0.0,1.0,1.0,1.0,0.0,0.0,0.0
1702,0.0,0.0,0.0,White,1.79,5,13.0,12.0,0.0,,17.443,0.0,2.0,3.0,0.0,0.0,2.0,1.0,1.0,1.0,1.0,0.0
1703,1.0,0.0,1.0,White,30.52,4,12.0,12.0,0.0,0.0,69.67,5.0,2.0,2.0,0.0,0.0,2.0,2.0,1.0,0.0,,0.0
1704,1.0,0.0,0.0,White,30.52,4,12.0,12.0,0.0,0.0,67.243,0.0,2.0,1.0,0.0,0.0,4.0,2.0,1.0,0.0,0.0,0.0
1705,0.0,0.0,1.0,White,0.505,4,9.0,10.0,0.0,,5.572,6.0,3.0,4.0,12.0,3.0,5.0,4.0,5.0,1.0,1.0,0.0
1706,0.0,0.0,1.0,White,0.505,4,9.0,,0.0,0.0,22.261,4.0,2.0,2.0,4.0,0.0,2.0,2.0,1.0,1.0,0.0,1.0
1707,,,0.0,Black,,4,12.0,13.0,,,,0.0,2.0,4.0,0.0,0.0,3.0,3.0,2.0,0.0,,0.0
1708,0.0,0.0,0.0,White,0.1,3,13.0,12.0,0.0,,,7.0,2.0,3.0,0.0,0.0,4.0,2.0,2.0,1.0,0.0,0.0
1709,1.0,0.0,1.0,White,20.75,8,13.0,20.0,0.0,,64.134,4.0,2.0,2.0,1.0,0.0,3.0,2.0,1.0,0.0,0.0,0.0
1710,0.0,0.0,0.0,White,20.75,8,12.0,15.0,0.0,,74.74,5.0,2.0,2.0,0.0,0.0,4.0,2.0,3.0,0.0,,0.0
1711,0.0,1.0,0.0,White,,4,12.0,12.0,,0.0,66.296,0.0,2.0,1.0,0.0,0.0,3.0,1.0,1.0,1.0,,0.0
1712,1.0,0.0,1.0,White,,4,12.0,13.0,,0.0,68.046,2.0,2.0,1.0,0.0,0.0,3.0,2.0,2.0,0.0,0.0,0.0
1713,1.0,0.0,1.0,White,11.4,4,16.0,13.0,0.0,0.0,,1.0,1.0,4.0,1.0,0.0,1.0,1.0,1.0,1.0,0.0,0.0
1714,0.0,0.0,0.0,Hispanic,0.525,6,2.0,,0.0,0.0,,0.0,1.0,1.0,0.0,0.0,,,,,0.0,1.0
1715,0.0,0.0,0.0,White,1.275,9,12.0,,0.0,,3.248,2.0,1.0,2.0,2.0,0.0,2.0,2.0,3.0,1.0,0.0,0.0
1716,0.0,0.0,1.0,White,1.275,9,12.0,,0.0,,12.375,1.0,2.0,2.0,0.0,0.0,3.0,1.0,1.0,0.0,,0.0
1717,0.0,0.0,1.0,White,1.275,9,12.0,,0.0,,17.884,,3.0,2.0,0.0,0.0,1.0,1.0,3.0,0.0,0.0,0.0
1718,0.0,0.0,1.0,Hispanic,,15,,,0.0,0.0,,20.0,1.0,1.0,0.0,0.0,1.0,1.0,1.0,0.0,,0.0
1719,0.0,0.0,1.0,Hispanic,,15,,2.0,0.0,0.0,14.999,10.0,2.0,1.0,0.0,0.0,1.0,1.0,1.0,0.0,0.0,0.0
1720,0.0,0.0,0.0,White,0.875,5,11.0,10.0,0.0,,7.252,0.0,2.0,1.0,0.0,0.0,4.0,1.0,1.0,0.0,0.0,0.0
1721,0.0,0.0,0.0,Hispanic,0.25,8,7.0,,0.0,0.0,,4.0,2.0,1.0,0.0,0.0,3.0,2.0,2.0,0.0,,0.0
1722,0.0,0.0,0.0,Hispanic,-0.26,5,7.0,8.0,0.0,0.0,,10.0,2.0,2.0,0.0,0.0,3.0,2.0,1.0,,0.0,1.0
1723,0.0,0.0,1.0,Hispanic,,7,,,,0.0,,,2.0,2.0,,,1.0,1.0,1.0,0.0,0.0,0.0
1724,0.0,0.0,0.0,Hispanic,,12,2.0,,0.0,,,10.0,2.0,2.0,0.0,0.0,2.0,2.0,2.0,0.0,,1.0
1725,0.0,,0.0,Hispanic,0.515,9,10.0,9.0,0.0,,,,2.0,2.0,,,3.0,1.0,4.0,0.0,,0.0
1726,0.0,,0.0,Hispanic,0.515,9,10.0,9.0,0.0,,,8.0,2.0,2.0,0.0,1.0,,,3.0,0.0,,1.0
1727,0.0,0.0,0.0,Hispanic,0.595,5,10.0,12.0,0.0,1.0,,6.0,2.0,2.0,0.0,0.0,1.0,1.0,2.0,0.0,0.0,0.0
1728,0.0,0.0,1.0,Hispanic,,4,,,0.0,,,5.0,2.0,2.0,0.0,0.0,3.0,2.0,3.0,1.0,0.0,0.0
1729,0.0,0.0,0.0,Hispanic,,4,,,0.0,,,0.0,2.0,2.0,0.0,0.0,2.0,1.0,2.0,0.0,0.0,1.0
1730,0.0,0.0,1.0,White,0.7,3,12.0,,0.0,1.0,,0.0,2.0,2.0,0.0,0.0,3.0,3.0,1.0,0.0,0.0,0.0
1731,0.0,,1.0,White,1.3,2,12.0,,1.0,,,10.0,4.0,4.0,50.0,14.0,3.0,3.0,5.0,1.0,,1.0
1732,0.0,0.0,0.0,White,,4,10.0,12.0,,0.0,,2.0,2.0,2.0,2.0,1.0,1.0,1.0,1.0,0.0,0.0,0.0
1733,0.0,0.0,1.0,White,,3,9.0,14.0,0.0,0.0,57.012,12.0,2.0,3.0,0.0,0.0,4.0,3.0,1.0,1.0,1.0,0.0
1734,0.0,0.0,0.0,White,,5,12.0,12.0,,0.0,19.004,10.0,2.0,3.0,10.0,2.0,3.0,1.0,3.0,0.0,0.0,0.0
1735,0.0,0.0,0.0,White,,5,14.0,12.0,0.0,0.0,67.524,3.0,2.0,2.0,0.0,0.0,2.0,2.0,1.0,0.0,0.0,1.0
1736,0.0,0.0,1.0,White,,5,14.0,12.0,0.0,,94.261,,1.0,3.0,0.0,0.0,3.0,1.0,1.0,0.0,0.0,1.0
1737,0.0,,0.0,White,7.86,4,14.0,11.0,0.0,,32.699,4.0,2.0,4.0,1.0,0.0,3.0,2.0,2.0,0.0,,0.0
1738,,,0.0,White,7.86,4,14.0,11.0,0.0,,80.385,0.0,2.0,1.0,0.0,0.0,2.0,2.0,2.0,0.0,,0.0
1739,0.0,0.0,1.0,White,2.535,4,12.0,12.0,0.0,0.0,33.271,1.0,2.0,1.0,0.0,0.0,4.0,1.0,1.0,0.0,0.0,0.0
1740,0.0,0.0,0.0,White,4.65,8,10.0,12.0,0.0,0.0,,0.0,2.0,2.0,0.0,2.0,1.0,,2.0,0.0,0.0,0.0
1741,0.0,0.0,0.0,White,4.65,8,10.0,12.0,0.0,0.0,,6.0,2.0,2.0,0.0,0.0,1.0,,,0.0,0.0,0.0
1742,,,1.0,White,,5,15.0,12.0,0.0,,,0.0,2.0,2.0,0.0,0.0,1.0,2.0,1.0,0.0,,0.0
1743,1.0,0.0,1.0,White,,5,15.0,12.0,0.0,,,0.0,1.0,1.0,0.0,0.0,1.0,1.0,1.0,0.0,,0.0
1744,0.0,0.0,0.0,White,7.43,5,12.0,13.0,0.0,0.0,26.271,3.0,2.0,1.0,0.0,0.0,1.0,1.0,2.0,0.0,1.0,0.0
1745,1.0,0.0,1.0,White,,3,12.0,,,0.0,43.797,2.0,3.0,2.0,1.0,1.0,1.0,1.0,1.0,0.0,0.0,0.0
1746,1.0,0.0,0.0,White,18.75,4,12.0,12.0,0.0,0.0,11.047,2.0,2.0,4.0,0.0,0.0,4.0,2.0,2.0,0.0,0.0,0.0
1747,0.0,0.0,1.0,White,1.8872,3,12.0,10.0,0.0,0.0,,10.0,2.0,1.0,0.0,0.0,5.0,4.0,2.0,0.0,0.0,0.0
1748,0.0,,0.0,Hispanic,0.085,3,15.0,16.0,0.0,,53.629,11.0,3.0,3.0,0.0,0.0,3.0,2.0,1.0,1.0,,1.0
1749,0.0,0.0,1.0,White,,4,,16.0,,0.0,,3.0,3.0,2.0,10.0,0.0,3.0,5.0,1.0,,,0.0
1750,0.0,0.0,1.0,White,0.675,4,12.0,12.0,0.0,,,10.0,2.0,2.0,0.0,0.0,5.0,3.0,1.0,1.0,,0.0
1751,1.0,0.0,1.0,White,1.3,4,12.0,15.0,0.0,,,10.0,2.0,2.0,0.0,0.0,3.0,3.0,1.0,0.0,,0.0
1752,1.0,0.0,1.0,White,24.0,3,16.0,19.0,0.0,0.0,90.154,0.0,2.0,2.0,0.0,0.0,3.0,1.0,1.0,1.0,0.0,0.0
1753,1.0,0.0,0.0,White,,2,18.0,18.0,0.0,0.0,83.275,8.0,1.0,2.0,0.0,0.0,3.0,2.0,1.0,1.0,1.0,0.0
1754,0.0,0.0,1.0,White,,3,15.0,16.0,0.0,1.0,,,4.0,4.0,,,4.0,3.0,1.0,,,0.0
1755,1.0,0.0,0.0,White,,3,16.0,14.0,0.0,0.0,93.563,3.0,1.0,1.0,0.0,0.0,2.0,2.0,1.0,1.0,0.0,0.0
1756,1.0,,1.0,White,11.42,4,16.0,16.0,0.0,,80.337,1.0,2.0,1.0,0.0,0.0,2.0,4.0,1.0,0.0,,0.0
1757,1.0,0.0,0.0,White,11.42,4,16.0,16.0,0.0,0.0,65.276,1.0,2.0,2.0,2.0,1.0,1.0,1.0,1.0,0.0,0.0,0.0
1758,1.0,0.0,0.0,White,22.82,4,20.0,15.0,0.0,,46.17,3.0,2.0,2.0,0.0,0.0,3.0,4.0,1.0,1.0,0.0,0.0
1759,0.0,0.0,0.0,White,2.3,4,16.0,16.0,1.0,0.0,,1.0,4.0,4.0,2.0,3.0,2.0,2.0,2.0,1.0,,0.0
1760,0.0,0.0,1.0,Black,,8,,12.0,0.0,,,60.0,4.0,3.0,0.0,0.0,4.0,,1.0,0.0,,0.0
1761,0.0,0.0,1.0,Black,,8,,12.0,,,,10.0,3.0,3.0,4.0,0.0,4.0,2.0,3.0,0.0,1.0,0.0
1762,0.0,,0.0,Black,,8,,12.0,,,,3.0,2.0,3.0,2.0,0.0,3.0,2.0,2.0,0.0,,0.0
1763,0.0,0.0,0.0,Black,,8,,12.0,,1.0,,15.0,2.0,3.0,0.0,0.0,3.0,2.0,2.0,0.0,,1.0
1764,,,0.0,White,,5,,,0.0,,,3.0,1.0,3.0,0.0,0.0,3.0,3.0,1.0,0.0,,0.0
1765,1.0,1.0,0.0,White,0.2273,2,12.0,,1.0,,72.076,0.0,3.0,2.0,1.0,0.0,2.0,1.0,3.0,1.0,1.0,0.0
1766,0.0,0.0,0.0,White,,5,9.0,16.0,0.0,0.0,58.786,3.0,2.0,2.0,0.0,0.0,1.0,1.0,1.0,1.0,0.0,0.0
1767,0.0,0.0,0.0,White,,5,,,1.0,0.0,,0.0,2.0,2.0,0.0,1.0,1.0,1.0,1.0,1.0,1.0,1.0
1768,1.0,1.0,0.0,Black,-1.55,3,12.0,12.0,0.0,0.0,21.099,2.0,2.0,1.0,0.0,0.0,3.0,3.0,1.0,0.0,0.0,0.0
1769,1.0,0.0,1.0,Black,-1.55,3,12.0,12.0,0.0,0.0,53.349,2.0,2.0,1.0,0.0,0.0,5.0,4.0,3.0,0.0,0.0,0.0
1770,1.0,0.0,0.0,Hispanic,0.175,4,13.0,14.0,0.0,,27.185,30.0,2.0,2.0,0.0,0.0,4.0,4.0,4.0,0.0,,1.0
1771,1.0,0.0,0.0,White,50.32,5,13.0,,0.0,0.0,,0.0,2.0,2.0,0.0,0.0,2.0,2.0,1.0,0.0,0.0,0.0
1772,1.0,0.0,1.0,White,5.55,5,14.0,16.0,0.0,0.0,93.809,2.0,2.0,2.0,0.0,0.0,3.0,3.0,1.0,0.0,0.0,0.0
1773,1.0,0.0,1.0,White,5.55,5,14.0,16.0,0.0,0.0,62.018,2.0,2.0,3.0,0.0,0.0,2.0,1.0,1.0,0.0,0.0,0.0
1774,1.0,0.0,1.0,White,,5,16.0,14.0,0.0,,19.156,0.0,2.0,1.0,0.0,0.0,,1.0,,0.0,0.0,0.0
1775,1.0,0.0,0.0,White,,6,12.0,12.0,,0.0,,5.0,2.0,2.0,0.0,0.0,3.0,2.0,1.0,0.0,0.0,0.0
1776,1.0,0.0,1.0,White,24.0651,3,16.0,12.0,0.0,0.0,77.83,4.0,3.0,4.0,0.0,0.0,4.0,4.0,1.0,0.0,1.0,0.0
1777,0.0,0.0,0.0,White,3.835,4,14.0,16.0,0.0,0.0,17.409,5.0,2.0,2.0,2.0,3.0,4.0,2.0,2.0,1.0,,0.0
1778,0.0,0.0,0.0,White,22.32,6,13.0,12.0,0.0,0.0,49.034,0.0,1.0,3.0,0.0,0.0,4.0,1.0,1.0,1.0,,1.0
1779,1.0,1.0,0.0,White,22.32,6,13.0,12.0,0.0,0.0,31.027,3.0,1.0,1.0,0.0,0.0,1.0,1.0,1.0,1.0,0.0,0.0
1780,1.0,0.0,1.0,White,,5,12.0,12.0,0.0,0.0,,0.0,1.0,2.0,0.0,0.0,3.0,2.0,1.0,0.0,0.0,0.0
1781,1.0,0.0,1.0,Hispanic,18.56,4,16.0,15.0,0.0,,86.563,8.0,2.0,2.0,0.0,0.0,1.0,1.0,1.0,0.0,0.0,0.0
1782,0.0,0.0,1.0,White,,3,12.0,12.0,,0.0,,3.0,2.0,3.0,0.0,0.0,3.0,2.0,2.0,0.0,,0.0
1783,1.0,0.0,1.0,White,41.65,4,12.0,14.0,0.0,0.0,54.214,4.0,2.0,2.0,0.0,0.0,4.0,5.0,1.0,0.0,0.0,0.0
1784,1.0,0.0,1.0,White,12.25,4,12.0,17.0,0.0,0.0,82.943,0.0,2.0,1.0,0.0,0.0,4.0,4.0,1.0,0.0,0.0,0.0
1785,0.0,0.0,1.0,White,1.15,4,11.0,11.0,0.0,0.0,,10.0,2.0,4.0,0.0,0.0,3.0,2.0,1.0,0.0,0.0,1.0
1786,0.0,0.0,1.0,Black,4.4,5,12.0,14.0,0.0,0.0,31.446,6.0,1.0,3.0,5.0,0.0,4.0,3.0,1.0,1.0,0.0,0.0
1787,0.0,0.0,0.0,Black,4.4,5,12.0,14.0,0.0,0.0,10.632,10.0,3.0,3.0,1.0,2.0,5.0,1.0,5.0,0.0,0.0,1.0
1788,0.0,1.0,0.0,Black,,7,14.0,8.0,0.0,,13.283,0.0,2.0,3.0,0.0,1.0,4.0,3.0,3.0,0.0,0.0,0.0
1789,0.0,0.0,1.0,Black,,7,14.0,8.0,0.0,0.0,11.463,0.0,3.0,3.0,0.0,0.0,2.0,1.0,2.0,0.0,0.0,1.0
1790,0.0,0.0,0.0,Black,4.15,4,12.0,12.0,0.0,0.0,1.295,5.0,2.0,2.0,0.0,0.0,3.0,2.0,2.0,0.0,0.0,0.0
1791,0.0,0.0,0.0,Black,4.15,4,12.0,12.0,0.0,0.0,19.362,7.0,2.0,3.0,0.0,0.0,3.0,2.0,3.0,0.0,0.0,0.0
1792,0.0,0.0,1.0,Black,4.65,4,11.0,10.0,0.0,,22.322,4.0,3.0,2.0,0.0,3.0,5.0,5.0,5.0,0.0,1.0,0.0
1793,0.0,0.0,1.0,Black,,6,17.0,14.0,0.0,0.0,26.292,1.0,1.0,2.0,1.0,1.0,2.0,2.0,2.0,0.0,,0.0
1794,0.0,0.0,0.0,Black,,6,17.0,14.0,0.0,0.0,14.599,4.0,2.0,3.0,1.0,0.0,3.0,3.0,2.0,0.0,,0.0
1795,0.0,0.0,0.0,Black,,4,16.0,,0.0,0.0,,2.0,2.0,4.0,10.0,2.0,3.0,3.0,2.0,1.0,0.0,0.0
1796,0.0,0.0,1.0,White,,2,9.0,12.0,0.0,,,24.0,2.0,3.0,0.0,0.0,4.0,5.0,1.0,0.0,,0.0
1797,1.0,0.0,0.0,White,34.2501,5,14.0,14.0,0.0,0.0,44.904,2.0,1.0,2.0,0.0,0.0,1.0,1.0,1.0,0.0,0.0,0.0
1798,0.0,0.0,1.0,White,1.6605,4,12.0,12.0,0.0,0.0,,0.0,1.0,3.0,1.0,1.0,3.0,3.0,3.0,0.0,0.0,0.0
1799,1.0,0.0,0.0,White,1.6605,4,12.0,12.0,0.0,0.0,59.594,2.0,2.0,2.0,0.0,0.0,1.0,1.0,1.0,0.0,0.0,0.0
1800,0.0,0.0,1.0,White,,5,10.0,,0.0,0.0,,0.0,1.0,2.0,0.0,0.0,3.0,1.0,1.0,0.0,0.0,0.0
1801,0.0,0.0,1.0,White,,4,12.0,15.0,,0.0,,10.0,3.0,3.0,0.0,0.0,3.0,2.0,1.0,1.0,0.0,0.0
1802,1.0,0.0,0.0,White,26.55,5,12.0,16.0,0.0,0.0,34.654,,1.0,1.0,0.0,0.0,1.0,1.0,1.0,0.0,0.0,0.0
1803,0.0,0.0,0.0,White,,3,12.0,11.0,,0.0,,4.0,2.0,2.0,0.0,0.0,3.0,2.0,1.0,0.0,0.0,0.0
1804,1.0,0.0,1.0,White,,4,12.0,12.0,0.0,0.0,92.562,5.0,1.0,2.0,0.0,0.0,2.0,1.0,1.0,0.0,0.0,0.0
1805,0.0,0.0,0.0,Black,2.875,5,12.0,18.0,0.0,0.0,49.511,1.0,1.0,1.0,0.0,0.0,2.0,1.0,1.0,0.0,0.0,0.0
1806,1.0,0.0,1.0,White,32.2001,4,12.0,12.0,0.0,,57.745,0.0,2.0,4.0,0.0,0.0,1.0,1.0,1.0,0.0,0.0,0.0
1807,1.0,0.0,0.0,White,1.26,3,13.0,13.0,0.0,0.0,78.616,21.0,2.0,3.0,9.0,1.0,4.0,3.0,1.0,0.0,,0.0
1808,1.0,0.0,0.0,White,13.2001,2,13.0,,0.0,0.0,,3.0,1.0,1.0,0.0,0.0,4.0,4.0,1.0,1.0,0.0,0.0
1809,0.0,0.0,0.0,Asian,1.1,6,16.0,16.0,0.0,0.0,92.454,0.0,2.0,1.0,0.0,0.0,1.0,1.0,,0.0,0.0,0.0
1810,0.0,0.0,0.0,Asian,1.1,6,16.0,16.0,0.0,0.0,64.358,0.0,2.0,2.0,0.0,0.0,1.0,1.0,1.0,0.0,0.0,0.0
1811,0.0,0.0,0.0,Asian,1.1,6,16.0,16.0,0.0,0.0,26.23,1.0,2.0,2.0,0.0,0.0,1.0,1.0,,0.0,0.0,0.0
1812,1.0,0.0,1.0,White,9.7,4,20.0,13.0,0.0,0.0,78.293,3.0,1.0,2.0,0.0,0.0,1.0,1.0,1.0,0.0,0.0,0.0
1813,1.0,0.0,0.0,White,5.6,6,12.0,12.0,0.0,0.0,26.85,5.0,2.0,4.0,0.0,0.0,4.0,5.0,1.0,1.0,0.0,0.0
1814,1.0,0.0,1.0,White,5.6,6,12.0,12.0,0.0,0.0,13.662,0.0,2.0,4.0,1.0,0.0,5.0,3.0,1.0,0.0,0.0,0.0
1815,1.0,0.0,0.0,White,8.075,5,14.0,16.0,0.0,0.0,51.759,0.0,2.0,2.0,0.0,0.0,3.0,4.0,1.0,0.0,0.0,0.0
1816,1.0,0.0,0.0,Hispanic,8.075,5,14.0,16.0,0.0,0.0,27.256,1.0,2.0,2.0,0.0,0.0,4.0,3.0,1.0,0.0,0.0,0.0
1817,1.0,0.0,0.0,White,,5,16.0,16.0,0.0,0.0,67.046,0.0,2.0,3.0,20.0,0.0,3.0,3.0,1.0,1.0,1.0,0.0
1818,1.0,0.0,1.0,Black,1.625,5,12.0,12.0,0.0,0.0,,0.0,2.0,2.0,0.0,0.0,4.0,2.0,5.0,0.0,0.0,0.0
1819,1.0,0.0,0.0,White,5.475,3,12.0,15.0,0.0,0.0,34.967,,2.0,2.0,0.0,1.0,3.0,3.0,1.0,0.0,1.0,1.0
1820,1.0,0.0,0.0,White,53.15,3,16.0,19.0,0.0,0.0,81.111,0.0,2.0,2.0,0.0,0.0,2.0,2.0,,0.0,0.0,0.0
1821,1.0,,1.0,White,1.29,4,14.0,16.0,0.0,,59.675,10.0,2.0,2.0,0.0,0.0,4.0,3.0,1.0,0.0,,0.0
1822,1.0,,1.0,White,1.29,4,14.0,16.0,0.0,,69.078,15.0,2.0,2.0,0.0,0.0,3.0,4.0,2.0,0.0,,0.0
1823,0.0,0.0,0.0,White,6.647,3,12.0,16.0,0.0,0.0,51.823,5.0,2.0,2.0,0.0,2.0,1.0,1.0,1.0,1.0,0.0,1.0
1824,1.0,0.0,1.0,White,9.8,4,16.0,18.0,0.0,0.0,76.073,3.0,2.0,2.0,0.0,0.0,1.0,1.0,1.0,0.0,0.0,0.0
1825,1.0,0.0,0.0,White,40.95,3,12.0,12.0,0.0,0.0,70.724,3.0,1.0,2.0,2.0,0.0,2.0,1.0,1.0,1.0,0.0,0.0
1826,1.0,0.0,0.0,White,,4,16.0,16.0,0.0,0.0,85.409,0.0,1.0,2.0,0.0,0.0,1.0,1.0,1.0,0.0,0.0,0.0
1827,1.0,0.0,0.0,White,14.4,5,12.0,16.0,0.0,0.0,52.93,5.0,2.0,2.0,0.0,0.0,2.0,1.0,1.0,1.0,0.0,1.0
1828,1.0,0.0,0.0,White,14.4,5,12.0,16.0,0.0,0.0,93.188,0.0,3.0,3.0,2.0,1.0,2.0,1.0,1.0,1.0,,0.0
1829,1.0,0.0,1.0,White,26.3,4,20.0,20.0,0.0,0.0,77.983,1.0,2.0,1.0,0.0,0.0,2.0,1.0,1.0,0.0,0.0,0.0
1830,1.0,0.0,0.0,White,23.475,6,12.0,20.0,0.0,0.0,84.631,5.0,2.0,2.0,0.0,0.0,4.0,4.0,1.0,0.0,0.0,0.0
1831,1.0,0.0,0.0,White,60.0,5,14.0,12.0,0.0,0.0,56.505,9.0,2.0,1.0,0.0,0.0,1.0,1.0,1.0,0.0,0.0,1.0
1832,1.0,0.0,0.0,White,-4.475,3,16.0,14.0,0.0,0.0,,1.0,2.0,2.0,0.0,0.0,1.0,1.0,1.0,0.0,,0.0
1833,1.0,0.0,1.0,White,6.765,7,9.0,10.0,0.0,0.0,39.234,0.0,1.0,1.0,0.0,0.0,3.0,1.0,1.0,0.0,0.0,0.0
1834,0.0,0.0,0.0,White,38.61,4,13.0,12.0,0.0,0.0,15.403,0.0,4.0,2.0,0.0,0.0,1.0,1.0,1.0,0.0,0.0,0.0
1835,0.0,,1.0,White,,4,12.0,12.0,,,,4.0,2.0,3.0,5.0,0.0,4.0,4.0,3.0,1.0,1.0,0.0
1836,1.0,0.0,0.0,White,30.5001,4,,,0.0,,95.854,4.0,2.0,2.0,0.0,0.0,3.0,2.0,1.0,0.0,0.0,0.0
1837,1.0,0.0,1.0,White,29.575,3,20.0,18.0,0.0,0.0,71.068,4.0,1.0,2.0,0.0,0.0,4.0,4.0,1.0,0.0,0.0,0.0
1838,1.0,1.0,0.0,White,60.0,3,,,0.0,0.0,85.466,3.0,2.0,1.0,0.0,2.0,4.0,3.0,1.0,0.0,0.0,0.0
1839,1.0,0.0,1.0,Black,2.675,6,18.0,18.0,1.0,0.0,85.899,2.0,1.0,2.0,0.0,0.0,2.0,2.0,1.0,0.0,0.0,0.0
1840,0.0,0.0,1.0,Black,2.675,6,18.0,18.0,1.0,0.0,99.655,10.0,2.0,3.0,0.0,0.0,1.0,1.0,1.0,0.0,0.0,0.0
1841,0.0,0.0,1.0,Black,2.675,6,18.0,18.0,1.0,0.0,45.647,2.0,1.0,3.0,0.0,0.0,4.0,2.0,1.0,1.0,1.0,0.0
1842,0.0,0.0,0.0,Black,0.175,5,10.0,11.0,0.0,0.0,2.003,13.0,2.0,1.0,0.0,0.0,1.0,1.0,1.0,0.0,0.0,1.0
1843,0.0,0.0,0.0,Asian,,11,10.0,11.0,,0.0,,10.0,2.0,3.0,0.0,2.0,3.0,2.0,3.0,0.0,0.0,1.0
1844,0.0,0.0,1.0,Asian,,11,10.0,11.0,,0.0,,4.0,2.0,4.0,0.0,0.0,3.0,1.0,4.0,0.0,0.0,0.0
1845,0.0,0.0,0.0,Black,-0.325,5,11.0,12.0,0.0,0.0,22.994,20.0,2.0,1.0,0.0,2.0,3.0,3.0,3.0,0.0,,1.0
1846,0.0,0.0,1.0,Black,-0.325,5,11.0,12.0,1.0,0.0,9.1,3.0,3.0,3.0,0.0,0.0,1.0,1.0,1.0,1.0,0.0,1.0
1847,1.0,0.0,0.0,Black,0.19,4,16.0,20.0,0.0,0.0,91.502,5.0,1.0,1.0,0.0,0.0,1.0,1.0,1.0,0.0,0.0,0.0
1848,0.0,,1.0,Other,8.58,3,12.0,12.0,0.0,,71.217,6.0,2.0,3.0,0.0,0.0,3.0,2.0,1.0,0.0,,0.0
1849,1.0,0.0,0.0,Black,4.82,3,12.0,16.0,0.0,0.0,26.059,0.0,2.0,2.0,0.0,0.0,5.0,5.0,1.0,0.0,0.0,0.0
1850,0.0,0.0,1.0,Black,1.12,4,12.0,16.0,0.0,,64.359,15.0,2.0,3.0,1.0,1.0,3.0,2.0,2.0,1.0,1.0,0.0
1851,1.0,0.0,0.0,Black,,4,12.0,16.0,,0.0,22.172,32.0,2.0,4.0,5.0,1.0,4.0,1.0,1.0,1.0,0.0,1.0
1852,0.0,,0.0,Asian,3.15,5,9.0,10.0,0.0,,,5.0,3.0,2.0,0.0,1.0,3.0,3.0,1.0,0.0,,0.0
1853,1.0,0.0,0.0,Black,8.63,5,20.0,16.0,0.0,0.0,72.455,1.0,2.0,2.0,0.0,0.0,1.0,1.0,1.0,0.0,0.0,0.0
1854,1.0,0.0,0.0,White,0.175,5,11.0,11.0,0.0,0.0,33.875,7.0,2.0,2.0,0.0,0.0,5.0,5.0,2.0,0.0,0.0,1.0
1855,1.0,,1.0,White,24.435,3,13.0,12.0,0.0,,69.12,2.0,2.0,3.0,0.0,0.0,4.0,4.0,2.0,1.0,1.0,0.0
1856,0.0,0.0,1.0,White,25.95,4,16.0,16.0,0.0,0.0,99.698,15.0,2.0,2.0,0.0,0.0,2.0,2.0,1.0,0.0,0.0,0.0
1857,1.0,0.0,0.0,White,25.95,4,16.0,16.0,0.0,0.0,89.855,3.0,2.0,2.0,0.0,0.0,2.0,1.0,1.0,1.0,1.0,0.0
1858,0.0,0.0,1.0,Asian,38.25,7,20.0,20.0,0.0,0.0,98.74,0.0,2.0,2.0,0.0,0.0,1.0,1.0,1.0,0.0,0.0,0.0
1859,0.0,,0.0,White,13.0,3,16.0,16.0,0.0,,60.012,15.0,2.0,3.0,0.0,0.0,3.0,3.0,1.0,0.0,,0.0
1860,1.0,0.0,1.0,White,31.56,4,12.0,14.0,0.0,0.0,96.727,4.0,2.0,3.0,0.0,0.0,3.0,1.0,1.0,0.0,0.0,0.0
1861,1.0,0.0,0.0,White,31.56,4,12.0,14.0,0.0,0.0,80.37,2.0,1.0,2.0,0.0,0.0,2.0,2.0,1.0,0.0,0.0,0.0
1862,0.0,0.0,1.0,White,53.25,4,18.0,16.0,0.0,0.0,83.526,4.0,3.0,4.0,0.0,1.0,1.0,1.0,1.0,0.0,0.0,0.0
1863,,,1.0,White,22.35,4,15.0,20.0,0.0,,,2.0,2.0,2.0,0.0,0.0,2.0,1.0,1.0,0.0,,0.0
1864,1.0,0.0,1.0,White,16.4001,8,18.0,17.0,0.0,0.0,72.828,8.0,2.0,3.0,0.0,0.0,3.0,2.0,2.0,0.0,1.0,0.0
1865,0.0,0.0,1.0,White,7.86,8,11.0,12.0,0.0,0.0,5.094,5.0,2.0,2.0,0.0,0.0,5.0,3.0,2.0,0.0,,0.0
1866,0.0,0.0,1.0,White,0.005,4,13.0,12.0,0.0,0.0,36.88,15.0,2.0,2.0,6.0,0.0,4.0,5.0,3.0,0.0,,0.0
1867,0.0,0.0,0.0,Other,0.6767,5,14.0,13.0,0.0,0.0,23.042,0.0,2.0,2.0,0.0,0.0,2.0,1.0,1.0,0.0,0.0,0.0
1868,1.0,0.0,0.0,Other,,5,14.0,13.0,,0.0,4.562,20.0,1.0,2.0,0.0,0.0,1.0,1.0,1.0,0.0,0.0,0.0
1869,0.0,0.0,0.0,Other,0.2575,6,12.0,14.0,0.0,1.0,67.733,2.0,2.0,2.0,1.0,1.0,2.0,1.0,1.0,0.0,,0.0
1870,0.0,0.0,1.0,Other,,6,12.0,14.0,,1.0,34.176,3.0,1.0,1.0,2.0,0.0,3.0,1.0,1.0,1.0,0.0,1.0
1871,0.0,0.0,0.0,Other,1.0309,3,,,0.0,0.0,2.101,8.0,2.0,1.0,0.0,0.0,4.0,1.0,1.0,0.0,0.0,0.0
1872,0.0,0.0,0.0,Hispanic,2.485,4,13.0,11.0,0.0,,12.042,20.0,2.0,3.0,1.0,3.0,4.0,2.0,2.0,1.0,0.0,1.0
1873,0.0,0.0,0.0,White,,6,11.0,12.0,0.0,0.0,61.196,2.0,1.0,4.0,2.0,0.0,5.0,3.0,2.0,1.0,1.0,0.0
1874,1.0,0.0,1.0,White,,6,11.0,12.0,0.0,0.0,57.322,2.0,2.0,3.0,0.0,0.0,4.0,3.0,1.0,0.0,0.0,0.0
1875,1.0,0.0,1.0,Asian,,2,,,,,34.667,3.0,2.0,2.0,0.0,0.0,3.0,1.0,2.0,0.0,0.0,0.0
1876,1.0,0.0,1.0,White,30.55,3,16.0,16.0,0.0,0.0,53.822,2.0,2.0,2.0,0.0,0.0,3.0,2.0,1.0,0.0,0.0,1.0
1877,0.0,0.0,1.0,White,2.4529,5,12.0,12.0,0.0,0.0,,6.0,3.0,3.0,1.0,1.0,4.0,5.0,3.0,0.0,,1.0
1878,0.0,0.0,0.0,White,2.4529,5,12.0,12.0,0.0,0.0,,2.0,2.0,3.0,1.0,3.0,3.0,1.0,1.0,0.0,0.0,0.0
1879,0.0,0.0,0.0,White,6.5,4,12.0,18.0,0.0,0.0,12.847,0.0,2.0,1.0,2.0,2.0,1.0,1.0,1.0,0.0,,0.0
1880,1.0,0.0,1.0,White,3.06,3,12.0,12.0,0.0,0.0,72.197,1.0,2.0,2.0,0.0,0.0,2.0,2.0,1.0,0.0,0.0,0.0
1881,0.0,0.0,0.0,Other,16.775,3,14.0,12.0,0.0,0.0,,,2.0,2.0,,,4.0,4.0,3.0,,,1.0
1882,1.0,0.0,0.0,White,,4,13.0,17.0,0.0,0.0,85.935,8.0,2.0,2.0,0.0,0.0,2.0,3.0,1.0,0.0,0.0,0.0
1883,0.0,0.0,1.0,White,,4,13.0,17.0,0.0,0.0,46.586,3.0,2.0,2.0,0.0,0.0,1.0,1.0,1.0,0.0,0.0,0.0
1884,1.0,0.0,1.0,White,,5,17.0,17.0,0.0,0.0,,6.0,2.0,3.0,0.0,0.0,3.0,3.0,1.0,0.0,0.0,0.0
1885,1.0,0.0,0.0,White,,5,17.0,17.0,0.0,0.0,,0.0,2.0,3.0,0.0,0.0,2.0,2.0,1.0,1.0,0.0,0.0
1886,0.0,0.0,0.0,White,8.16,6,13.0,13.0,0.0,0.0,47.733,10.0,2.0,3.0,10.0,0.0,2.0,1.0,1.0,1.0,0.0,0.0
1887,1.0,0.0,0.0,White,32.2001,4,20.0,20.0,0.0,,73.482,1.0,2.0,2.0,0.0,0.0,2.0,1.0,1.0,0.0,0.0,0.0
1888,1.0,0.0,0.0,White,5.595,5,10.0,10.0,0.0,0.0,78.908,5.0,2.0,1.0,1.0,0.0,1.0,1.0,1.0,1.0,1.0,0.0
1889,0.0,,1.0,White,1.1615,5,12.0,12.0,0.0,,24.026,10.0,2.0,2.0,0.0,0.0,3.0,2.0,1.0,0.0,,0.0
1890,0.0,,0.0,White,1.1615,5,12.0,12.0,0.0,,45.126,3.0,3.0,2.0,0.0,0.0,2.0,2.0,2.0,0.0,,1.0
1891,0.0,0.0,0.0,White,1.1615,5,12.0,12.0,0.0,,15.538,22.0,3.0,2.0,0.0,0.0,1.0,1.0,1.0,1.0,,0.0
1892,0.0,,0.0,White,8.875,4,13.0,12.0,0.0,,29.378,6.0,2.0,3.0,0.0,0.0,3.0,2.0,1.0,0.0,,0.0
1893,1.0,0.0,1.0,White,9.35,4,12.0,12.0,0.0,0.0,65.215,0.0,2.0,1.0,0.0,0.0,3.0,2.0,1.0,1.0,0.0,0.0
1894,1.0,0.0,1.0,White,14.7,4,13.0,17.0,0.0,0.0,31.442,7.0,2.0,3.0,20.0,1.0,4.0,4.0,3.0,0.0,0.0,0.0
1895,0.0,0.0,0.0,White,14.7,4,13.0,17.0,0.0,0.0,13.667,5.0,2.0,2.0,20.0,0.0,4.0,2.0,1.0,1.0,0.0,0.0
1896,1.0,0.0,0.0,White,8.95,3,12.0,14.0,0.0,0.0,72.64,5.0,1.0,1.0,3.0,3.0,5.0,5.0,1.0,1.0,0.0,1.0
1897,1.0,0.0,1.0,White,23.07,4,16.0,16.0,0.0,0.0,91.477,0.0,1.0,2.0,1.0,0.0,2.0,2.0,1.0,0.0,1.0,0.0
1898,1.0,0.0,1.0,White,23.07,4,16.0,16.0,0.0,0.0,79.084,2.0,2.0,3.0,0.0,0.0,2.0,1.0,1.0,0.0,0.0,0.0
1899,1.0,1.0,1.0,White,1.575,8,12.0,12.0,0.0,,70.197,8.0,2.0,2.0,0.0,0.0,4.0,3.0,1.0,0.0,0.0,0.0
1900,1.0,0.0,1.0,White,1.575,8,12.0,12.0,0.0,,64.721,12.0,1.0,2.0,0.0,0.0,4.0,2.0,1.0,0.0,1.0,0.0
1901,0.0,0.0,1.0,White,2.24,4,16.0,14.0,0.0,0.0,22.738,0.0,2.0,3.0,3.0,0.0,5.0,4.0,1.0,0.0,0.0,0.0
1902,0.0,0.0,0.0,White,2.24,4,16.0,14.0,0.0,0.0,21.999,2.0,3.0,3.0,0.0,2.0,2.0,1.0,1.0,0.0,0.0,0.0
1903,1.0,0.0,1.0,White,41.05,4,,,0.0,0.0,58.928,1.0,1.0,2.0,0.0,0.0,3.0,3.0,1.0,0.0,0.0,0.0
1904,1.0,1.0,0.0,Hispanic,41.05,4,,,0.0,0.0,71.435,0.0,2.0,3.0,0.0,0.0,2.0,1.0,1.0,0.0,0.0,0.0
1905,1.0,0.0,0.0,White,6.32,3,15.0,18.0,0.0,0.0,71.44,1.0,2.0,3.0,10.0,0.0,5.0,4.0,1.0,1.0,1.0,0.0
1906,1.0,0.0,1.0,White,3.45,2,12.0,12.0,0.0,,63.763,2.0,2.0,3.0,0.0,0.0,3.0,4.0,1.0,0.0,,0.0
1907,0.0,0.0,0.0,White,3.855,2,11.0,12.0,0.0,0.0,28.389,0.0,2.0,2.0,0.0,0.0,2.0,,,0.0,,0.0
1908,1.0,0.0,1.0,White,,5,13.0,12.0,0.0,0.0,69.209,3.0,2.0,3.0,0.0,0.0,3.0,3.0,1.0,0.0,0.0,0.0
1909,1.0,0.0,1.0,White,,5,13.0,12.0,0.0,0.0,78.704,5.0,2.0,3.0,0.0,0.0,2.0,1.0,1.0,0.0,0.0,0.0
1910,0.0,0.0,0.0,White,-4.824,4,13.0,12.0,0.0,0.0,12.099,3.0,2.0,2.0,0.0,0.0,5.0,3.0,1.0,0.0,,0.0
1911,0.0,0.0,0.0,White,-4.824,4,13.0,12.0,0.0,0.0,18.279,3.0,2.0,1.0,0.0,1.0,3.0,1.0,1.0,0.0,0.0,0.0
1912,1.0,0.0,1.0,White,3.18,2,13.0,10.0,0.0,,75.007,14.0,2.0,2.0,0.0,0.0,3.0,2.0,1.0,0.0,0.0,0.0
1913,0.0,0.0,1.0,White,0.0753,3,13.0,12.0,0.0,,19.044,,2.0,4.0,,,5.0,4.0,3.0,1.0,1.0,1.0
1914,0.0,0.0,0.0,Hispanic,0.98,2,14.0,12.0,0.0,0.0,85.375,8.0,2.0,2.0,0.0,0.0,1.0,2.0,1.0,0.0,0.0,0.0
1915,0.0,0.0,0.0,Black,-0.1,3,12.0,12.0,0.0,,,2.0,2.0,2.0,0.0,2.0,1.0,1.0,,0.0,,0.0
1916,1.0,1.0,1.0,White,7.4501,5,12.0,12.0,0.0,0.0,74.732,1.0,2.0,2.0,0.0,0.0,3.0,2.0,1.0,0.0,0.0,1.0
1917,1.0,0.0,1.0,White,22.75,2,16.0,16.0,0.0,,40.913,10.0,2.0,3.0,2.0,0.0,2.0,5.0,3.0,0.0,,1.0
1918,0.0,0.0,0.0,White,6.375,6,14.0,16.0,0.0,0.0,89.639,0.0,2.0,1.0,0.0,0.0,1.0,1.0,1.0,1.0,0.0,0.0
1919,1.0,1.0,0.0,White,6.375,6,14.0,16.0,0.0,0.0,72.831,12.0,1.0,2.0,0.0,0.0,1.0,1.0,1.0,0.0,0.0,0.0
1920,1.0,0.0,0.0,White,60.0,2,20.0,18.0,0.0,,16.257,4.0,2.0,1.0,0.0,1.0,2.0,2.0,1.0,0.0,,1.0
1921,1.0,0.0,1.0,White,2.175,5,16.0,12.0,0.0,0.0,69.511,0.0,1.0,1.0,2.0,0.0,1.0,1.0,1.0,0.0,0.0,0.0
1922,1.0,0.0,0.0,White,2.175,5,16.0,12.0,0.0,,60.013,1.0,1.0,2.0,0.0,0.0,1.0,1.0,1.0,0.0,0.0,0.0
1923,1.0,0.0,1.0,White,60.0,5,16.0,16.0,0.0,0.0,91.969,7.0,1.0,2.0,0.0,0.0,2.0,1.0,1.0,0.0,0.0,0.0
1924,0.0,0.0,1.0,White,53.95,8,13.0,14.0,0.0,0.0,80.637,7.0,1.0,2.0,0.0,0.0,2.0,1.0,1.0,0.0,,0.0
1925,1.0,1.0,0.0,White,36.9,4,,,0.0,0.0,32.697,4.0,2.0,2.0,0.0,0.0,4.0,3.0,2.0,1.0,1.0,0.0
1926,0.0,0.0,1.0,Hispanic,0.175,5,12.0,,0.0,,,5.0,2.0,2.0,0.0,0.0,2.0,1.0,1.0,,,0.0
1927,0.0,0.0,0.0,Hispanic,0.175,5,12.0,,0.0,,,0.0,2.0,3.0,1.0,0.0,2.0,1.0,3.0,,,0.0
1928,0.0,0.0,1.0,Hispanic,0.255,3,12.0,8.0,0.0,1.0,25.486,10.0,2.0,2.0,0.0,0.0,4.0,4.0,4.0,0.0,0.0,0.0
1929,0.0,0.0,0.0,Hispanic,0.255,3,12.0,8.0,0.0,1.0,36.119,10.0,2.0,3.0,2.0,2.0,2.0,2.0,2.0,1.0,0.0,0.0
1930,0.0,0.0,1.0,Hispanic,0.15,5,9.0,9.0,0.0,0.0,,3.0,1.0,1.0,0.0,0.0,1.0,1.0,2.0,0.0,,1.0
1931,0.0,0.0,0.0,White,,4,12.0,15.0,0.0,0.0,,3.0,2.0,2.0,15.0,1.0,2.0,1.0,2.0,0.0,0.0,1.0
1932,1.0,0.0,1.0,White,33.05,4,16.0,16.0,0.0,0.0,89.801,3.0,2.0,2.0,0.0,0.0,3.0,3.0,1.0,0.0,0.0,0.0
1933,1.0,0.0,0.0,White,0.23,2,14.0,12.0,0.0,0.0,98.824,1.0,1.0,1.0,0.0,0.0,2.0,1.0,1.0,0.0,0.0,0.0
1934,0.0,0.0,1.0,White,3.4,3,10.0,14.0,1.0,0.0,31.742,30.0,2.0,3.0,2.0,0.0,5.0,5.0,3.0,1.0,0.0,0.0
1935,0.0,1.0,0.0,White,0.05,3,13.0,12.0,0.0,,1.217,6.0,2.0,3.0,0.0,5.0,4.0,3.0,2.0,0.0,1.0,1.0
1936,,,0.0,Hispanic,0.25,5,,8.0,0.0,,7.622,0.0,2.0,2.0,0.0,0.0,1.0,1.0,1.0,0.0,,0.0
1937,1.0,0.0,0.0,Hispanic,1.465,3,13.0,10.0,1.0,1.0,77.544,2.0,1.0,2.0,0.0,0.0,3.0,2.0,2.0,1.0,0.0,0.0
1938,0.0,0.0,0.0,Hispanic,1.465,3,13.0,10.0,1.0,1.0,25.044,1.0,2.0,3.0,0.0,0.0,3.0,3.0,3.0,0.0,0.0,0.0
1939,0.0,0.0,1.0,Hispanic,3.13,4,10.0,10.0,0.0,0.0,8.747,7.0,2.0,3.0,1.0,1.0,2.0,2.0,1.0,0.0,,1.0
1940,0.0,0.0,1.0,Hispanic,,4,9.0,8.0,0.0,,40.541,6.0,2.0,2.0,0.0,0.0,3.0,2.0,2.0,0.0,,0.0
1941,0.0,0.0,1.0,Hispanic,1.175,5,5.0,,0.0,,9.38,1.0,3.0,2.0,1.0,0.0,3.0,2.0,3.0,0.0,0.0,0.0
1942,0.0,0.0,1.0,Hispanic,1.175,5,5.0,,0.0,0.0,7.67,1.0,2.0,2.0,0.0,1.0,3.0,2.0,3.0,0.0,0.0,0.0
1943,1.0,0.0,0.0,White,7.05,4,17.0,20.0,0.0,0.0,67.0,1.0,2.0,3.0,0.0,0.0,2.0,2.0,1.0,1.0,0.0,0.0
1944,1.0,1.0,0.0,White,7.05,4,17.0,20.0,0.0,0.0,70.219,1.0,2.0,2.0,0.0,0.0,1.0,1.0,1.0,0.0,0.0,1.0
1945,0.0,0.0,0.0,Black,1.3465,2,12.0,,0.0,,,1.0,2.0,2.0,0.0,0.0,1.0,1.0,1.0,0.0,0.0,0.0
1946,0.0,,1.0,White,,4,12.0,12.0,0.0,,81.44,2.0,3.0,3.0,0.0,0.0,1.0,1.0,1.0,0.0,,0.0
1947,1.0,1.0,1.0,White,4.6,4,13.0,,0.0,0.0,38.691,3.0,2.0,2.0,1.0,0.0,5.0,5.0,5.0,0.0,0.0,0.0
1948,0.0,0.0,0.0,White,0.05,4,10.0,,0.0,0.0,,4.0,2.0,2.0,0.0,3.0,1.0,1.0,1.0,0.0,0.0,1.0
1949,0.0,0.0,0.0,Black,0.755,2,16.0,12.0,0.0,0.0,23.068,0.0,2.0,1.0,0.0,0.0,1.0,1.0,2.0,1.0,0.0,0.0
1950,1.0,0.0,1.0,Other,2.5,4,13.0,13.0,0.0,0.0,,30.0,2.0,3.0,0.0,0.0,4.0,4.0,5.0,1.0,1.0,0.0
1951,0.0,0.0,0.0,White,9.25,6,12.0,11.0,0.0,0.0,,0.0,1.0,2.0,0.0,0.0,3.0,3.0,2.0,1.0,0.0,0.0
1952,0.0,0.0,0.0,Black,2.09,5,,12.0,0.0,,2.276,6.0,2.0,3.0,3.0,0.0,5.0,2.0,2.0,0.0,0.0,0.0
1953,0.0,0.0,1.0,Hispanic,3.825,8,3.0,3.0,0.0,0.0,11.105,10.0,2.0,2.0,0.0,0.0,2.0,2.0,3.0,0.0,1.0,0.0
1954,0.0,0.0,1.0,Black,3.69,5,,12.0,0.0,,11.027,10.0,3.0,2.0,2.0,2.0,1.0,1.0,2.0,1.0,0.0,0.0
1955,,,0.0,Black,2.4735,6,12.0,,0.0,,13.672,12.0,2.0,3.0,1.0,0.0,2.0,1.0,3.0,1.0,,1.0
1956,1.0,1.0,1.0,Black,2.4735,6,8.0,,1.0,0.0,25.968,2.0,2.0,2.0,5.0,4.0,3.0,3.0,2.0,1.0,0.0,0.0
1957,0.0,0.0,0.0,Hispanic,4.675,4,10.0,,0.0,0.0,28.424,3.0,2.0,2.0,0.0,1.0,1.0,2.0,3.0,0.0,0.0,0.0
1958,1.0,0.0,0.0,Hispanic,4.675,4,10.0,,0.0,0.0,16.651,5.0,2.0,1.0,0.0,0.0,1.0,1.0,1.0,0.0,,0.0
1959,0.0,1.0,1.0,Black,3.325,3,,,0.0,,37.804,,,,,,1.0,1.0,1.0,0.0,0.0,0.0
1960,0.0,0.0,0.0,Hispanic,,5,3.0,4.0,0.0,0.0,,1.0,2.0,2.0,0.0,0.0,2.0,1.0,3.0,0.0,0.0,0.0
1961,0.0,0.0,0.0,Hispanic,,5,3.0,4.0,0.0,0.0,,6.0,2.0,2.0,0.0,3.0,1.0,1.0,1.0,1.0,0.0,1.0
1962,1.0,0.0,1.0,White,11.5,3,13.0,12.0,0.0,,,2.0,1.0,1.0,0.0,0.0,2.0,1.0,1.0,0.0,0.0,1.0
1963,1.0,0.0,0.0,White,8.15,3,12.0,12.0,0.0,0.0,49.263,2.0,2.0,2.0,0.0,0.0,1.0,1.0,1.0,0.0,0.0,0.0
1964,1.0,0.0,1.0,White,2.9,3,15.0,10.0,0.0,,85.938,4.0,2.0,2.0,0.0,0.0,3.0,4.0,2.0,0.0,0.0,1.0
1965,0.0,,0.0,Hispanic,1.485,5,14.0,12.0,0.0,,70.696,8.0,2.0,3.0,2.0,0.0,2.0,2.0,1.0,0.0,,0.0
1966,1.0,0.0,0.0,Hispanic,4.15,5,16.0,16.0,0.0,0.0,12.588,10.0,2.0,2.0,0.0,0.0,,1.0,1.0,0.0,0.0,0.0
1967,1.0,0.0,0.0,Hispanic,4.36,5,13.0,13.0,0.0,0.0,33.299,3.0,2.0,2.0,0.0,0.0,2.0,2.0,2.0,1.0,0.0,0.0
1968,0.0,1.0,0.0,Hispanic,4.36,5,13.0,13.0,0.0,0.0,19.745,8.0,2.0,2.0,0.0,0.0,2.0,2.0,1.0,0.0,0.0,0.0
1969,0.0,0.0,1.0,Hispanic,4.36,5,13.0,13.0,0.0,0.0,54.08,6.0,2.0,1.0,0.0,0.0,2.0,1.0,1.0,0.0,0.0,0.0
1970,1.0,0.0,0.0,Other,9.0,4,16.0,14.0,0.0,0.0,95.947,2.0,2.0,2.0,1.0,0.0,1.0,1.0,2.0,1.0,1.0,0.0
1971,1.0,0.0,1.0,Black,-4.55,5,12.0,,0.0,,33.133,4.0,3.0,1.0,0.0,0.0,3.0,2.0,1.0,0.0,,0.0
1972,1.0,0.0,1.0,Black,-4.55,5,12.0,,0.0,,31.251,6.0,2.0,2.0,1.0,1.0,1.0,1.0,1.0,0.0,0.0,0.0
1973,1.0,0.0,0.0,White,31.35,6,15.0,16.0,0.0,0.0,59.661,4.0,2.0,2.0,0.0,0.0,1.0,1.0,1.0,0.0,0.0,1.0
1974,0.0,0.0,0.0,White,,3,13.0,12.0,,1.0,79.781,2.0,2.0,2.0,2.0,2.0,1.0,1.0,,1.0,0.0,1.0
1975,0.0,0.0,0.0,Hispanic,9.55,5,12.0,12.0,0.0,0.0,91.215,2.0,2.0,2.0,1.0,0.0,4.0,4.0,2.0,0.0,0.0,0.0
1976,0.0,0.0,0.0,Hispanic,9.55,5,12.0,12.0,0.0,0.0,26.572,0.0,2.0,1.0,0.0,0.0,1.0,1.0,1.0,0.0,0.0,0.0
1977,1.0,1.0,1.0,Black,0.155,4,13.0,11.0,0.0,0.0,72.03,14.0,2.0,2.0,0.0,0.0,2.0,2.0,1.0,1.0,0.0,0.0
1978,0.0,1.0,1.0,Hispanic,,3,10.0,11.0,,0.0,,6.0,2.0,2.0,0.0,0.0,3.0,3.0,1.0,0.0,0.0,0.0
1979,1.0,0.0,0.0,White,0.3525,3,13.0,12.0,0.0,,40.825,3.0,2.0,2.0,1.0,0.0,2.0,1.0,1.0,1.0,0.0,0.0
1980,0.0,0.0,1.0,Hispanic,-4.62,5,12.0,12.0,0.0,0.0,,15.0,2.0,4.0,1.0,0.0,3.0,4.0,4.0,0.0,0.0,0.0
1981,1.0,0.0,0.0,Hispanic,-4.62,5,12.0,12.0,0.0,,,23.0,3.0,4.0,15.0,2.0,5.0,4.0,4.0,0.0,0.0,0.0
1982,1.0,0.0,0.0,Hispanic,0.345,5,9.0,9.0,0.0,0.0,72.269,5.0,2.0,2.0,0.0,0.0,3.0,2.0,1.0,0.0,0.0,0.0
1983,0.0,0.0,1.0,Black,,4,14.0,12.0,,0.0,,0.0,2.0,1.0,0.0,0.0,4.0,2.0,1.0,0.0,,0.0
1984,0.0,0.0,1.0,Black,,4,14.0,12.0,,0.0,,0.0,2.0,2.0,0.0,0.0,1.0,1.0,1.0,0.0,0.0,0.0
1985,1.0,0.0,0.0,White,0.545,3,13.0,15.0,0.0,0.0,79.554,2.0,1.0,1.0,0.0,0.0,2.0,3.0,1.0,0.0,,0.0
1986,1.0,,1.0,White,-1.2,4,14.0,14.0,0.0,,,3.0,1.0,2.0,0.0,0.0,2.0,1.0,1.0,1.0,,0.0
1987,0.0,0.0,1.0,Hispanic,3.2,4,9.0,13.0,0.0,0.0,18.689,5.0,2.0,3.0,0.0,0.0,4.0,2.0,2.0,1.0,0.0,0.0
1988,1.0,0.0,1.0,White,-0.26,3,14.0,14.0,0.0,,6.96,10.0,2.0,1.0,3.0,0.0,4.0,4.0,5.0,0.0,0.0,1.0
1989,0.0,0.0,1.0,White,0.052,2,14.0,,0.0,,,15.0,1.0,1.0,0.0,0.0,3.0,,1.0,0.0,,0.0
1990,1.0,0.0,0.0,Hispanic,1.425,3,17.0,13.0,0.0,1.0,65.402,6.0,2.0,3.0,0.0,0.0,2.0,2.0,1.0,0.0,0.0,0.0
1991,1.0,0.0,1.0,Hispanic,-1.9375,4,18.0,14.0,0.0,0.0,68.479,3.0,1.0,2.0,0.0,0.0,4.0,4.0,2.0,0.0,0.0,0.0
1992,0.0,0.0,1.0,White,0.66,5,14.0,,0.0,0.0,,,3.0,4.0,0.0,0.0,4.0,5.0,3.0,0.0,,0.0
1993,0.0,0.0,0.0,White,0.66,5,14.0,,0.0,0.0,,,2.0,3.0,1.0,0.0,,,1.0,1.0,0.0,1.0
1994,1.0,0.0,0.0,White,,4,16.0,14.0,0.0,0.0,89.773,5.0,2.0,2.0,0.0,0.0,1.0,1.0,1.0,0.0,1.0,0.0
1995,1.0,0.0,1.0,White,60.0,4,,16.0,0.0,0.0,43.292,10.0,2.0,4.0,0.0,0.0,2.0,3.0,1.0,1.0,0.0,1.0
1996,1.0,0.0,0.0,White,60.0,4,,16.0,0.0,,87.225,0.0,1.0,1.0,1.0,0.0,2.0,2.0,1.0,0.0,0.0,0.0
1997,1.0,,1.0,Hispanic,,5,14.0,6.0,,,,3.0,1.0,3.0,0.0,0.0,3.0,3.0,1.0,0.0,,0.0
1998,1.0,0.0,1.0,Hispanic,,5,14.0,6.0,,0.0,,3.0,1.0,2.0,0.0,0.0,1.0,1.0,1.0,0.0,,0.0
1999,0.0,0.0,0.0,Black,,4,12.0,,0.0,,24.647,2.0,2.0,2.0,0.0,0.0,3.0,1.0,1.0,1.0,0.0,1.0
2000,0.0,0.0,0.0,Black,,4,12.0,5.0,0.0,1.0,3.967,5.0,2.0,3.0,1.0,0.0,1.0,1.0,1.0,1.0,0.0,1.0
2001,,0.0,1.0,White,,4,9.0,8.0,,0.0,,10.0,2.0,2.0,0.0,0.0,5.0,4.0,5.0,0.0,0.0,0.0
2002,0.0,0.0,1.0,White,,4,10.0,9.0,0.0,0.0,42.665,0.0,3.0,3.0,0.0,0.0,2.0,1.0,1.0,0.0,0.0,0.0
2003,0.0,0.0,0.0,White,6.465,6,9.0,10.0,0.0,,25.598,11.0,2.0,2.0,0.0,0.0,3.0,2.0,1.0,0.0,,0.0
2004,0.0,0.0,1.0,White,-0.1675,5,11.0,,1.0,,,8.0,3.0,3.0,0.0,0.0,4.0,3.0,5.0,0.0,0.0,0.0
2005,0.0,0.0,0.0,White,-0.1675,5,11.0,,0.0,0.0,,6.0,2.0,3.0,2.0,3.0,2.0,1.0,1.0,1.0,,1.0
2006,1.0,1.0,0.0,White,1.1086,3,12.0,9.0,0.0,0.0,94.797,2.0,2.0,3.0,0.0,0.0,3.0,3.0,2.0,0.0,1.0,0.0
2007,0.0,0.0,1.0,White,2.83,4,9.0,12.0,0.0,0.0,12.856,30.0,3.0,2.0,0.0,0.0,5.0,4.0,2.0,1.0,1.0,0.0
2008,0.0,0.0,1.0,White,2.83,4,9.0,12.0,0.0,,3.894,21.0,4.0,3.0,1.0,0.0,4.0,2.0,3.0,0.0,,1.0
2009,0.0,0.0,0.0,White,3.825,4,9.0,,0.0,0.0,3.994,29.0,2.0,3.0,2.0,1.0,5.0,4.0,5.0,0.0,0.0,0.0
2010,0.0,0.0,0.0,White,3.825,4,9.0,9.0,0.0,0.0,34.266,4.0,2.0,2.0,0.0,0.0,2.0,1.0,1.0,0.0,0.0,0.0
2011,0.0,0.0,1.0,White,0.4,5,12.0,,0.0,,25.644,4.0,2.0,3.0,0.0,0.0,4.0,4.0,3.0,0.0,0.0,0.0
2012,0.0,0.0,1.0,White,0.4,5,12.0,,0.0,1.0,,3.0,4.0,4.0,0.0,15.0,5.0,5.0,4.0,0.0,0.0,1.0
2013,0.0,0.0,0.0,White,0.67,3,,11.0,0.0,1.0,15.714,0.0,2.0,1.0,0.0,0.0,2.0,2.0,2.0,0.0,0.0,1.0
2014,0.0,0.0,0.0,White,5.425,3,8.0,7.0,0.0,0.0,,0.0,2.0,3.0,0.0,0.0,2.0,1.0,1.0,0.0,0.0,0.0
2015,0.0,0.0,1.0,Black,-0.175,3,11.0,,0.0,0.0,1.723,5.0,3.0,3.0,0.0,0.0,4.0,5.0,4.0,1.0,0.0,0.0
2016,0.0,0.0,1.0,Black,-0.175,3,11.0,,0.0,0.0,10.172,5.0,3.0,4.0,0.0,0.0,3.0,3.0,1.0,1.0,0.0,1.0
2017,0.0,0.0,1.0,Black,3.255,3,12.0,12.0,0.0,0.0,71.305,7.0,2.0,2.0,1.0,0.0,3.0,3.0,1.0,0.0,0.0,1.0
2018,0.0,0.0,0.0,Black,2.195,4,10.0,10.0,0.0,0.0,25.863,7.0,2.0,2.0,0.0,0.0,4.0,4.0,2.0,0.0,0.0,1.0
2019,0.0,0.0,0.0,Black,,3,12.0,,0.0,0.0,10.803,40.0,3.0,2.0,0.0,0.0,5.0,5.0,5.0,1.0,0.0,0.0
2020,0.0,0.0,1.0,Black,,4,10.0,,,1.0,29.4,10.0,2.0,2.0,0.0,0.0,2.0,1.0,1.0,0.0,,0.0
2021,0.0,,1.0,Black,1.805,3,11.0,12.0,0.0,,,10.0,1.0,2.0,0.0,2.0,3.0,3.0,1.0,0.0,,0.0
2022,0.0,0.0,1.0,Black,,4,12.0,12.0,0.0,0.0,14.494,5.0,2.0,2.0,0.0,0.0,3.0,2.0,1.0,0.0,0.0,0.0
2023,0.0,0.0,1.0,Black,,5,13.0,12.0,0.0,,2.872,0.0,2.0,3.0,1.0,0.0,5.0,2.0,,0.0,,0.0
2024,0.0,0.0,0.0,Black,,5,13.0,12.0,0.0,,2.754,0.0,3.0,1.0,0.0,1.0,,,1.0,0.0,,1.0
2025,0.0,0.0,1.0,Black,1.1,3,13.0,12.0,0.0,0.0,,1.0,1.0,2.0,0.0,0.0,3.0,1.0,1.0,0.0,0.0,1.0
2026,0.0,0.0,1.0,Black,-0.175,4,12.0,14.0,0.0,0.0,12.956,11.0,3.0,2.0,3.0,3.0,3.0,3.0,2.0,0.0,0.0,0.0
2027,1.0,0.0,1.0,White,,5,16.0,16.0,0.0,,81.228,0.0,2.0,2.0,0.0,0.0,3.0,,,0.0,0.0,0.0
2028,1.0,0.0,1.0,White,,5,16.0,16.0,0.0,0.0,65.556,,2.0,1.0,1.0,0.0,4.0,1.0,2.0,0.0,0.0,0.0
2029,0.0,1.0,0.0,White,20.7026,4,12.0,12.0,0.0,0.0,66.898,0.0,2.0,1.0,0.0,0.0,3.0,1.0,1.0,0.0,0.0,0.0
2030,0.0,0.0,0.0,Black,,2,18.0,14.0,0.0,0.0,67.068,0.0,2.0,3.0,0.0,0.0,2.0,1.0,1.0,0.0,0.0,0.0
2031,0.0,0.0,1.0,White,,5,12.0,12.0,0.0,,8.49,,2.0,2.0,0.0,0.0,5.0,3.0,,0.0,,0.0
2032,1.0,0.0,0.0,Black,0.248,3,12.0,,0.0,1.0,22.339,2.0,2.0,2.0,4.0,1.0,4.0,4.0,1.0,1.0,,1.0
2033,1.0,0.0,1.0,White,29.75,5,12.0,16.0,0.0,0.0,,1.0,2.0,1.0,0.0,0.0,3.0,2.0,1.0,0.0,0.0,0.0
2034,,,1.0,White,25.65,4,18.0,18.0,0.0,,62.397,3.0,1.0,2.0,0.0,0.0,2.0,1.0,1.0,0.0,,0.0
2035,1.0,0.0,0.0,White,,4,14.0,14.0,,,82.494,0.0,2.0,2.0,0.0,0.0,3.0,3.0,2.0,0.0,0.0,0.0
2036,0.0,0.0,1.0,Black,7.16,5,15.0,12.0,0.0,0.0,57.98,10.0,2.0,2.0,0.0,0.0,1.0,1.0,1.0,0.0,,0.0
2037,1.0,0.0,0.0,Hispanic,0.425,5,12.0,12.0,1.0,0.0,10.835,0.0,2.0,1.0,0.0,0.0,5.0,5.0,4.0,1.0,0.0,
2038,0.0,0.0,1.0,Black,0.425,5,12.0,12.0,1.0,,33.291,2.0,2.0,3.0,0.0,0.0,3.0,5.0,2.0,0.0,0.0,0.0
2039,1.0,0.0,1.0,White,8.1526,4,13.0,13.0,0.0,0.0,86.924,7.0,2.0,2.0,0.0,0.0,1.0,1.0,1.0,0.0,0.0,0.0
2040,1.0,0.0,1.0,White,12.6,5,16.0,16.0,0.0,0.0,95.918,4.0,2.0,3.0,0.0,0.0,4.0,4.0,1.0,1.0,1.0,0.0
2041,0.0,0.0,0.0,White,12.6,5,16.0,16.0,0.0,0.0,79.539,42.0,4.0,4.0,0.0,2.0,4.0,3.0,3.0,0.0,,1.0
2042,1.0,0.0,0.0,White,,4,12.0,18.0,0.0,0.0,91.123,5.0,1.0,1.0,0.0,0.0,3.0,2.0,1.0,1.0,0.0,0.0
2043,1.0,0.0,0.0,White,,4,12.0,18.0,0.0,0.0,82.023,5.0,2.0,1.0,0.0,0.0,1.0,1.0,1.0,0.0,0.0,0.0
2044,0.0,0.0,1.0,White,28.3501,4,16.0,16.0,0.0,,,10.0,2.0,2.0,0.0,0.0,4.0,3.0,1.0,0.0,,0.0
2045,1.0,0.0,0.0,White,28.3501,4,16.0,16.0,0.0,0.0,,2.0,1.0,1.0,1.0,0.0,3.0,2.0,1.0,0.0,1.0,0.0
2046,1.0,0.0,0.0,White,,4,20.0,16.0,,0.0,21.494,0.0,2.0,3.0,1.0,0.0,5.0,3.0,1.0,0.0,,0.0
2047,1.0,0.0,0.0,White,,4,20.0,16.0,,0.0,8.766,0.0,2.0,2.0,0.0,0.0,1.0,1.0,1.0,0.0,0.0,1.0
2048,1.0,0.0,0.0,White,0.0501,3,,20.0,0.0,,100.0,2.0,2.0,3.0,1.0,1.0,3.0,4.0,1.0,1.0,0.0,1.0
2049,0.0,0.0,0.0,White,,4,12.0,16.0,,0.0,28.619,0.0,2.0,3.0,0.0,0.0,3.0,4.0,2.0,0.0,,0.0
2050,1.0,0.0,0.0,White,,5,13.0,16.0,,,65.383,0.0,2.0,1.0,0.0,0.0,2.0,2.0,1.0,0.0,0.0,0.0
2051,1.0,0.0,0.0,White,,5,13.0,16.0,,0.0,93.136,0.0,1.0,1.0,0.0,0.0,3.0,2.0,1.0,0.0,0.0,0.0
2052,1.0,,1.0,White,16.0,6,13.0,12.0,0.0,,76.751,10.0,1.0,1.0,0.0,0.0,4.0,5.0,1.0,0.0,,0.0
2053,1.0,,1.0,White,16.0,6,13.0,12.0,0.0,,60.855,7.0,2.0,1.0,1.0,0.0,3.0,4.0,1.0,0.0,,0.0
2054,1.0,0.0,0.0,White,17.06,5,15.0,19.0,0.0,0.0,67.203,2.0,2.0,2.0,0.0,0.0,3.0,1.0,1.0,0.0,,1.0
2055,1.0,0.0,1.0,White,17.06,5,15.0,19.0,0.0,0.0,78.365,2.0,2.0,2.0,0.0,0.0,2.0,1.0,1.0,0.0,0.0,0.0
2056,1.0,0.0,1.0,White,-93.5251,6,13.0,16.0,0.0,0.0,94.948,2.0,1.0,2.0,0.0,0.0,2.0,1.0,1.0,0.0,0.0,0.0
2057,1.0,0.0,0.0,White,56.65,5,18.0,16.0,0.0,0.0,83.55,0.0,2.0,1.0,0.0,0.0,3.0,2.0,1.0,0.0,0.0,0.0
2058,1.0,0.0,0.0,White,56.65,5,18.0,16.0,0.0,,68.947,1.0,2.0,1.0,0.0,0.0,1.0,1.0,1.0,0.0,,0.0
2059,1.0,0.0,1.0,White,32.45,6,20.0,16.0,0.0,0.0,90.02,3.0,2.0,1.0,0.0,0.0,2.0,2.0,1.0,0.0,0.0,1.0
2060,1.0,0.0,0.0,White,32.45,6,20.0,16.0,0.0,0.0,64.563,2.0,1.0,1.0,0.0,0.0,1.0,1.0,1.0,0.0,0.0,1.0
2061,1.0,0.0,1.0,White,,5,16.0,10.0,,0.0,84.087,0.0,1.0,2.0,0.0,0.0,3.0,2.0,1.0,0.0,0.0,0.0
2062,1.0,0.0,0.0,White,49.8,3,18.0,19.0,0.0,0.0,100.0,0.0,2.0,2.0,0.0,0.0,3.0,1.0,1.0,0.0,1.0,0.0
2063,0.0,0.0,1.0,White,,4,18.0,17.0,0.0,0.0,58.75,0.0,2.0,2.0,0.0,0.0,4.0,4.0,2.0,0.0,0.0,0.0
2064,0.0,0.0,0.0,White,22.15,5,16.0,13.0,0.0,,,0.0,2.0,2.0,0.0,0.0,5.0,3.0,1.0,0.0,0.0,0.0
2065,1.0,0.0,0.0,White,22.15,5,16.0,13.0,0.0,,33.774,1.0,1.0,2.0,0.0,0.0,4.0,2.0,1.0,0.0,0.0,0.0
2066,1.0,0.0,1.0,White,,4,16.0,19.0,0.0,0.0,79.092,,2.0,2.0,0.0,0.0,2.0,2.0,1.0,0.0,0.0,0.0
2067,0.0,0.0,1.0,White,,4,16.0,19.0,0.0,0.0,69.759,,2.0,2.0,0.0,0.0,2.0,1.0,1.0,0.0,,0.0
2068,1.0,1.0,0.0,White,45.25,3,20.0,20.0,0.0,0.0,75.919,2.0,1.0,1.0,1.0,0.0,1.0,1.0,1.0,0.0,0.0,0.0
2069,0.0,0.0,1.0,White,45.25,3,20.0,20.0,0.0,0.0,100.0,,2.0,2.0,0.0,0.0,1.0,1.0,2.0,1.0,1.0,0.0
2070,1.0,0.0,0.0,White,,5,20.0,,0.0,,88.577,10.0,2.0,3.0,0.0,0.0,5.0,5.0,2.0,1.0,0.0,1.0
2071,1.0,0.0,0.0,White,25.1001,5,13.0,16.0,0.0,0.0,64.541,3.0,2.0,2.0,0.0,0.0,1.0,1.0,1.0,1.0,1.0,0.0
2072,0.0,0.0,0.0,White,50.5,5,16.0,13.0,0.0,0.0,99.668,5.0,2.0,2.0,0.0,0.0,1.0,1.0,1.0,0.0,0.0,0.0
2073,1.0,0.0,0.0,White,,3,18.0,,0.0,0.0,74.078,8.0,2.0,2.0,0.0,0.0,3.0,3.0,,0.0,,0.0
2074,1.0,0.0,0.0,White,16.55,4,14.0,14.0,0.0,0.0,60.6,0.0,2.0,2.0,0.0,0.0,3.0,3.0,2.0,0.0,0.0,0.0
2075,1.0,0.0,1.0,White,9.11,5,13.0,14.0,0.0,0.0,76.549,0.0,2.0,2.0,0.0,0.0,4.0,3.0,1.0,0.0,0.0,0.0
2076,1.0,0.0,0.0,White,7.962,5,12.0,12.0,0.0,,89.701,5.0,1.0,2.0,0.0,0.0,3.0,3.0,1.0,0.0,1.0,1.0
2077,1.0,0.0,1.0,White,7.962,5,12.0,12.0,0.0,0.0,90.204,1.0,3.0,2.0,0.0,0.0,3.0,3.0,1.0,0.0,0.0,0.0
2078,1.0,1.0,1.0,White,14.575,4,18.0,16.0,0.0,,81.194,4.0,3.0,3.0,0.0,0.0,2.0,1.0,1.0,1.0,0.0,0.0
2079,1.0,0.0,1.0,White,12.6,4,12.0,12.0,0.0,0.0,52.496,0.0,1.0,3.0,0.0,0.0,4.0,2.0,2.0,0.0,0.0,0.0
2080,1.0,0.0,1.0,White,12.6,4,12.0,12.0,0.0,0.0,94.958,7.0,2.0,3.0,0.0,0.0,2.0,1.0,1.0,0.0,0.0,0.0
2081,1.0,0.0,0.0,White,,5,12.0,16.0,0.0,0.0,84.887,1.0,2.0,2.0,1.0,0.0,3.0,2.0,2.0,1.0,,0.0
2082,0.0,1.0,0.0,White,23.7001,4,16.0,16.0,0.0,,49.822,10.0,2.0,3.0,0.0,0.0,3.0,2.0,1.0,0.0,,0.0
2083,1.0,0.0,1.0,White,13.8,4,13.0,19.0,0.0,0.0,70.555,1.0,2.0,3.0,0.0,0.0,3.0,4.0,1.0,0.0,0.0,1.0
2084,0.0,0.0,1.0,White,13.8,4,13.0,19.0,0.0,0.0,72.707,4.0,2.0,2.0,0.0,0.0,4.0,3.0,1.0,0.0,0.0,0.0
2085,1.0,0.0,1.0,White,7.98,5,16.0,14.0,0.0,,92.942,0.0,1.0,2.0,0.0,0.0,3.0,3.0,1.0,0.0,0.0,0.0
2086,1.0,0.0,0.0,White,7.98,5,16.0,14.0,0.0,,97.538,2.0,2.0,1.0,0.0,0.0,1.0,1.0,1.0,0.0,0.0,0.0
2087,1.0,0.0,0.0,White,,5,12.0,12.0,,0.0,,1.0,1.0,2.0,0.0,0.0,2.0,1.0,1.0,0.0,0.0,0.0
2088,1.0,0.0,0.0,White,23.3,3,13.0,12.0,0.0,0.0,76.341,5.0,3.0,2.0,2.0,0.0,5.0,3.0,3.0,1.0,1.0,0.0
2089,1.0,0.0,0.0,White,49.0001,5,16.0,16.0,0.0,0.0,86.654,2.0,2.0,1.0,0.0,0.0,3.0,4.0,1.0,0.0,0.0,0.0
2090,1.0,0.0,1.0,White,49.0001,5,16.0,16.0,0.0,0.0,99.241,2.0,2.0,2.0,0.0,0.0,3.0,2.0,1.0,0.0,1.0,0.0
2091,1.0,0.0,1.0,White,,5,16.0,16.0,0.0,0.0,92.593,4.0,1.0,1.0,0.0,0.0,2.0,1.0,1.0,0.0,0.0,0.0
2092,1.0,0.0,0.0,White,16.25,6,16.0,16.0,0.0,0.0,85.82,0.0,2.0,4.0,0.0,0.0,1.0,1.0,1.0,0.0,1.0,0.0
2093,0.0,0.0,0.0,Black,,5,13.0,13.0,0.0,0.0,19.094,3.0,2.0,3.0,1.0,5.0,4.0,4.0,5.0,0.0,0.0,0.0
2094,0.0,0.0,1.0,White,2.2475,4,16.0,14.0,0.0,0.0,57.882,5.0,2.0,2.0,1.0,0.0,3.0,4.0,1.0,0.0,0.0,0.0
2095,0.0,0.0,0.0,White,5.4636,4,13.0,12.0,0.0,0.0,35.916,5.0,2.0,4.0,0.0,0.0,3.0,3.0,2.0,0.0,0.0,0.0
2096,1.0,0.0,0.0,White,-1.04,3,16.0,12.0,0.0,0.0,85.528,6.0,1.0,1.0,0.0,0.0,1.0,1.0,1.0,0.0,0.0,0.0
2097,0.0,0.0,1.0,Black,-0.225,4,12.0,16.0,0.0,1.0,12.522,3.0,2.0,2.0,1.0,0.0,4.0,3.0,1.0,1.0,1.0,0.0
2098,0.0,0.0,1.0,Black,-0.19,5,8.0,,0.0,1.0,,5.0,2.0,3.0,0.0,0.0,5.0,3.0,2.0,0.0,,0.0
2099,0.0,1.0,0.0,Black,-0.025,5,10.0,,0.0,1.0,70.835,4.0,2.0,3.0,0.0,10.0,5.0,4.0,5.0,0.0,1.0,0.0
2100,0.0,0.0,0.0,Black,-0.025,5,10.0,,0.0,1.0,17.689,,2.0,2.0,0.0,7.0,5.0,4.0,5.0,1.0,1.0,0.0
2101,1.0,0.0,1.0,Black,,3,,,,0.0,40.241,0.0,2.0,1.0,3.0,1.0,3.0,1.0,3.0,1.0,1.0,0.0
2102,1.0,0.0,1.0,Black,0.405,7,12.0,12.0,0.0,0.0,24.844,25.0,1.0,2.0,0.0,0.0,5.0,1.0,2.0,0.0,0.0,0.0
2103,0.0,0.0,1.0,Black,0.405,7,12.0,12.0,0.0,0.0,37.476,5.0,2.0,2.0,0.0,0.0,2.0,1.0,2.0,1.0,0.0,0.0
2104,0.0,0.0,1.0,Black,0.88,3,12.0,12.0,0.0,0.0,35.738,2.0,4.0,2.0,2.0,1.0,3.0,2.0,1.0,0.0,0.0,1.0
2105,1.0,0.0,1.0,Black,7.465,5,12.0,,0.0,0.0,14.151,1.0,3.0,4.0,2.0,3.0,3.0,4.0,5.0,1.0,0.0,0.0
2106,1.0,0.0,1.0,Other,24.3493,3,18.0,17.0,0.0,0.0,27.771,0.0,2.0,3.0,0.0,0.0,4.0,5.0,3.0,0.0,0.0,1.0
2107,1.0,0.0,1.0,Black,4.68,3,13.0,12.0,0.0,1.0,61.498,1.0,2.0,2.0,0.0,0.0,3.0,4.0,2.0,0.0,0.0,0.0
2108,0.0,0.0,0.0,Black,0.975,3,12.0,,0.0,0.0,13.614,9.0,3.0,3.0,0.0,0.0,3.0,3.0,2.0,0.0,,0.0
2109,1.0,0.0,1.0,White,,4,14.0,14.0,0.0,,,3.0,2.0,2.0,3.0,0.0,3.0,1.0,1.0,1.0,1.0,0.0
2110,0.0,0.0,0.0,White,0.59,6,12.0,12.0,0.0,0.0,,25.0,4.0,4.0,0.0,0.0,4.0,5.0,1.0,1.0,0.0,0.0
2111,0.0,0.0,0.0,White,8.305,3,12.0,12.0,0.0,0.0,25.451,0.0,2.0,2.0,0.0,1.0,2.0,3.0,1.0,0.0,0.0,0.0
2112,1.0,0.0,1.0,White,7.58,4,16.0,12.0,0.0,0.0,98.502,0.0,1.0,1.0,0.0,0.0,2.0,1.0,1.0,0.0,0.0,0.0
2113,1.0,0.0,0.0,White,7.58,4,16.0,12.0,0.0,,85.179,0.0,2.0,2.0,0.0,0.0,1.0,1.0,1.0,0.0,0.0,0.0
2114,1.0,0.0,0.0,White,,5,12.0,,,0.0,,5.0,1.0,2.0,0.0,0.0,3.0,3.0,1.0,0.0,0.0,0.0
2115,0.0,0.0,1.0,White,0.79,3,12.0,11.0,1.0,0.0,,6.0,2.0,4.0,0.0,0.0,4.0,3.0,1.0,0.0,0.0,0.0
2116,0.0,0.0,0.0,White,,6,12.0,10.0,,,,2.0,2.0,2.0,0.0,0.0,4.0,4.0,2.0,1.0,1.0,0.0
2117,0.0,0.0,1.0,White,0.05,5,10.0,11.0,0.0,0.0,44.728,16.0,2.0,2.0,1.0,0.0,2.0,1.0,1.0,1.0,1.0,0.0
2118,0.0,0.0,0.0,White,0.05,5,10.0,11.0,0.0,0.0,16.213,12.0,2.0,1.0,20.0,5.0,1.0,1.0,1.0,1.0,0.0,0.0
2119,0.0,0.0,0.0,White,0.05,5,12.0,,0.0,,15.819,9.0,2.0,4.0,0.0,0.0,5.0,5.0,3.0,,1.0,1.0
2120,1.0,0.0,0.0,White,20.95,4,14.0,17.0,0.0,0.0,68.691,3.0,2.0,1.0,0.0,0.0,1.0,1.0,1.0,0.0,1.0,0.0
2121,0.0,,0.0,White,1.7602,4,14.0,17.0,0.0,0.0,58.884,5.0,1.0,4.0,0.0,0.0,2.0,3.0,2.0,1.0,1.0,0.0
2122,1.0,0.0,0.0,White,1.7602,4,14.0,17.0,0.0,0.0,43.902,,3.0,2.0,0.0,0.0,1.0,1.0,1.0,0.0,0.0,0.0
2123,1.0,0.0,0.0,White,1.1,4,16.0,12.0,0.0,0.0,68.136,7.0,2.0,2.0,0.0,0.0,2.0,3.0,1.0,1.0,,0.0
2124,0.0,0.0,1.0,White,1.1,4,16.0,12.0,0.0,0.0,55.643,5.0,2.0,1.0,2.0,0.0,5.0,4.0,2.0,1.0,0.0,0.0
2125,1.0,0.0,1.0,Hispanic,,4,12.0,18.0,0.0,,,3.0,1.0,1.0,0.0,0.0,3.0,1.0,1.0,1.0,0.0,0.0
2126,0.0,0.0,1.0,White,28.27,4,12.0,12.0,0.0,0.0,,0.0,1.0,3.0,6.0,0.0,5.0,5.0,1.0,0.0,0.0,0.0
2127,1.0,0.0,1.0,White,,5,12.0,14.0,0.0,,81.43,,,,,,4.0,4.0,,0.0,,0.0
2128,1.0,0.0,0.0,White,,5,12.0,14.0,0.0,0.0,27.349,1.0,2.0,3.0,0.0,0.0,3.0,3.0,2.0,0.0,,0.0
2129,1.0,0.0,0.0,Asian,,6,,,,0.0,47.91,1.0,2.0,1.0,0.0,0.0,1.0,1.0,1.0,0.0,0.0,0.0
2130,1.0,0.0,0.0,White,4.52,7,,12.0,0.0,0.0,91.337,1.0,2.0,2.0,0.0,0.0,3.0,1.0,2.0,0.0,0.0,0.0
2131,1.0,1.0,0.0,White,,6,14.0,12.0,0.0,,78.236,4.0,2.0,2.0,0.0,0.0,2.0,3.0,1.0,0.0,1.0,0.0
2132,1.0,0.0,1.0,White,,6,14.0,12.0,0.0,0.0,37.719,2.0,2.0,2.0,1.0,0.0,4.0,3.0,2.0,0.0,0.0,0.0
2133,1.0,0.0,1.0,White,,4,12.0,16.0,0.0,0.0,93.63,1.0,1.0,2.0,0.0,0.0,1.0,1.0,1.0,0.0,0.0,0.0
2134,1.0,0.0,0.0,Black,,3,14.0,14.0,0.0,,13.657,4.0,2.0,4.0,1.0,4.0,4.0,5.0,3.0,0.0,0.0,1.0
2135,1.0,0.0,1.0,Black,1.05,5,5.0,12.0,0.0,0.0,22.388,3.0,2.0,2.0,0.0,0.0,5.0,4.0,3.0,0.0,0.0,0.0
2136,1.0,0.0,0.0,White,0.675,5,16.0,,0.0,,36.484,7.0,1.0,1.0,0.0,1.0,3.0,,1.0,0.0,0.0,1.0
2137,0.0,0.0,0.0,White,8.25,3,14.0,13.0,0.0,0.0,49.108,0.0,2.0,2.0,0.0,0.0,1.0,1.0,1.0,0.0,0.0,0.0
2138,1.0,0.0,0.0,White,,4,12.0,12.0,0.0,,60.202,8.0,2.0,3.0,0.0,1.0,3.0,4.0,2.0,0.0,0.0,0.0
2139,0.0,0.0,0.0,White,-2.815,3,12.0,14.0,0.0,0.0,,5.0,2.0,3.0,3.0,0.0,3.0,4.0,2.0,0.0,0.0,1.0
2140,1.0,,1.0,White,,6,12.0,14.0,0.0,,89.919,4.0,2.0,2.0,0.0,0.0,2.0,2.0,1.0,0.0,,0.0
2141,1.0,0.0,0.0,White,17.755,3,12.0,13.0,0.0,0.0,53.137,4.0,2.0,2.0,0.0,0.0,1.0,1.0,1.0,0.0,0.0,0.0
2142,1.0,0.0,1.0,White,6.07,5,12.0,12.0,0.0,0.0,57.031,,2.0,2.0,,,1.0,1.0,1.0,0.0,0.0,0.0
2143,1.0,0.0,1.0,White,6.07,5,12.0,12.0,0.0,0.0,40.698,0.0,2.0,2.0,0.0,0.0,1.0,1.0,1.0,0.0,0.0,0.0
2144,1.0,0.0,0.0,White,7.72,5,14.0,16.0,0.0,,34.281,2.0,2.0,2.0,1.0,0.0,5.0,3.0,1.0,0.0,,0.0
2145,1.0,0.0,0.0,White,9.6502,3,12.0,,0.0,0.0,,1.0,2.0,3.0,0.0,0.0,3.0,3.0,1.0,1.0,1.0,0.0
2146,1.0,0.0,1.0,White,60.0,4,16.0,16.0,0.0,0.0,94.708,3.0,1.0,2.0,0.0,0.0,1.0,1.0,1.0,0.0,0.0,0.0
2147,1.0,0.0,0.0,White,17.25,4,14.0,14.0,0.0,0.0,92.476,9.0,2.0,3.0,0.0,0.0,3.0,2.0,1.0,0.0,0.0,0.0
2148,0.0,0.0,1.0,White,60.0,5,12.0,18.0,1.0,0.0,29.661,15.0,3.0,3.0,2.0,2.0,5.0,4.0,4.0,0.0,,0.0
2149,1.0,0.0,0.0,White,,4,14.0,19.0,0.0,0.0,,0.0,2.0,3.0,0.0,0.0,1.0,1.0,1.0,0.0,1.0,0.0
2150,0.0,0.0,0.0,White,,5,12.0,14.0,,0.0,33.444,1.0,1.0,2.0,0.0,0.0,4.0,5.0,,0.0,,0.0
2151,1.0,0.0,0.0,White,30.9501,5,12.0,14.0,,,72.993,0.0,2.0,2.0,0.0,0.0,2.0,3.0,1.0,0.0,0.0,0.0
2152,1.0,0.0,1.0,White,9.675,2,16.0,16.0,0.0,0.0,93.18,5.0,2.0,3.0,0.0,0.0,4.0,4.0,1.0,1.0,0.0,0.0
2153,0.0,0.0,1.0,White,-0.08,4,14.0,12.0,1.0,0.0,43.841,12.0,2.0,2.0,0.0,0.0,3.0,2.0,1.0,0.0,0.0,0.0
2154,0.0,0.0,0.0,White,0.08,5,10.0,9.0,1.0,,17.772,6.0,3.0,2.0,0.0,0.0,4.0,5.0,1.0,1.0,0.0,0.0
2155,0.0,0.0,1.0,White,0.53,5,10.0,12.0,,0.0,32.079,3.0,2.0,2.0,0.0,0.0,5.0,4.0,1.0,0.0,,0.0
2156,0.0,0.0,1.0,White,-0.6,4,12.0,,1.0,0.0,65.472,9.0,1.0,3.0,0.0,0.0,3.0,3.0,1.0,1.0,,0.0
2157,0.0,0.0,1.0,White,-1.585,7,8.0,10.0,0.0,1.0,37.558,20.0,2.0,2.0,0.0,0.0,4.0,5.0,1.0,0.0,0.0,1.0
2158,0.0,1.0,0.0,White,-1.585,7,8.0,10.0,0.0,1.0,1.283,30.0,2.0,2.0,10.0,10.0,4.0,5.0,2.0,1.0,0.0,1.0
2159,1.0,0.0,0.0,White,3.944,4,10.0,,1.0,,20.547,6.0,2.0,4.0,12.0,2.0,1.0,1.0,1.0,1.0,1.0,0.0
2160,0.0,0.0,1.0,Hispanic,-1.325,2,14.0,12.0,1.0,,38.536,7.0,3.0,3.0,0.0,0.0,1.0,1.0,1.0,0.0,0.0,1.0
2161,0.0,0.0,0.0,White,1.71,2,12.0,12.0,1.0,,,5.0,2.0,3.0,0.0,1.0,3.0,3.0,2.0,0.0,,1.0
2162,1.0,0.0,0.0,White,,4,16.0,19.0,0.0,0.0,94.075,0.0,1.0,2.0,0.0,0.0,3.0,2.0,1.0,0.0,0.0,0.0
2163,1.0,0.0,1.0,White,43.05,4,16.0,17.0,0.0,0.0,90.416,3.0,1.0,3.0,0.0,0.0,3.0,2.0,1.0,0.0,0.0,0.0
2164,1.0,0.0,0.0,White,-31.325,4,16.0,16.0,0.0,0.0,82.791,4.0,2.0,2.0,0.0,0.0,1.0,2.0,1.0,0.0,0.0,1.0
2165,1.0,0.0,0.0,White,39.0001,4,16.0,16.0,0.0,0.0,64.89,5.0,2.0,2.0,1.0,0.0,1.0,1.0,1.0,0.0,1.0,0.0
2166,0.0,0.0,0.0,White,-1.865,4,16.0,16.0,0.0,0.0,10.258,0.0,3.0,3.0,2.0,1.0,4.0,3.0,1.0,0.0,0.0,0.0
2167,1.0,0.0,0.0,White,-1.865,4,16.0,16.0,0.0,,75.942,6.0,2.0,2.0,3.0,2.0,2.0,1.0,1.0,1.0,1.0,0.0
2168,1.0,0.0,0.0,White,0.6,3,16.0,14.0,0.0,,86.587,4.0,2.0,2.0,0.0,0.0,2.0,1.0,1.0,0.0,,0.0
2169,1.0,0.0,1.0,White,41.62,3,16.0,16.0,0.0,,76.398,10.0,2.0,2.0,0.0,0.0,1.0,1.0,1.0,0.0,0.0,0.0
2170,1.0,0.0,1.0,Hispanic,5.05,3,14.0,,0.0,0.0,10.75,2.0,3.0,2.0,0.0,0.0,1.0,1.0,1.0,0.0,0.0,0.0
2171,1.0,0.0,1.0,Other,-10.45,5,20.0,16.0,0.0,0.0,82.748,5.0,1.0,1.0,0.0,0.0,1.0,1.0,1.0,0.0,0.0,0.0
2172,0.0,0.0,0.0,White,43.02,5,14.0,13.0,0.0,0.0,43.193,3.0,2.0,3.0,2.0,2.0,4.0,3.0,2.0,0.0,0.0,1.0
2173,0.0,0.0,0.0,White,,5,16.0,,0.0,,45.578,12.0,2.0,3.0,0.0,0.0,2.0,2.0,1.0,1.0,,0.0
2174,1.0,0.0,1.0,White,1.87,6,12.0,10.0,0.0,0.0,65.012,10.0,1.0,2.0,0.0,0.0,4.0,3.0,2.0,0.0,0.0,0.0
2175,0.0,0.0,0.0,White,1.87,6,12.0,10.0,0.0,0.0,,0.0,3.0,3.0,3.0,0.0,4.0,2.0,2.0,1.0,,1.0
2176,0.0,0.0,1.0,White,-0.095,5,12.0,12.0,0.0,0.0,49.926,0.0,2.0,2.0,1.0,0.0,2.0,2.0,1.0,0.0,0.0,1.0
2177,1.0,0.0,1.0,White,3.29,4,12.0,12.0,0.0,,96.575,5.0,1.0,1.0,0.0,0.0,1.0,1.0,1.0,0.0,0.0,0.0
2178,0.0,0.0,0.0,White,1.25,4,12.0,12.0,0.0,,2.746,2.0,2.0,2.0,0.0,12.0,1.0,1.0,1.0,0.0,0.0,0.0
2179,0.0,0.0,1.0,White,0.45,3,12.0,12.0,0.0,,,0.0,2.0,2.0,0.0,0.0,1.0,1.0,1.0,0.0,0.0,0.0
2180,0.0,0.0,1.0,White,11.125,3,15.0,16.0,0.0,1.0,,8.0,1.0,2.0,1.0,0.0,2.0,1.0,1.0,1.0,,0.0
2181,1.0,0.0,0.0,White,13.25,4,16.0,16.0,0.0,0.0,,2.0,2.0,2.0,0.0,0.0,3.0,4.0,1.0,0.0,0.0,0.0
2182,1.0,0.0,0.0,White,,5,14.0,14.0,0.0,0.0,80.748,0.0,1.0,1.0,0.0,0.0,2.0,2.0,1.0,0.0,0.0,0.0
2183,1.0,0.0,0.0,White,,5,14.0,14.0,0.0,0.0,91.84,0.0,2.0,2.0,0.0,0.0,3.0,1.0,1.0,0.0,0.0,0.0
2184,1.0,0.0,1.0,White,6.185,4,12.0,12.0,0.0,,29.951,5.0,3.0,2.0,0.0,0.0,4.0,4.0,1.0,0.0,0.0,0.0
2185,0.0,0.0,0.0,White,12.56,4,12.0,13.0,0.0,0.0,33.797,2.0,1.0,1.0,0.0,0.0,3.0,2.0,1.0,0.0,0.0,0.0
2186,0.0,0.0,0.0,White,38.525,4,12.0,12.0,0.0,0.0,,1.0,2.0,2.0,0.0,0.0,2.0,1.0,1.0,0.0,0.0,1.0
2187,0.0,0.0,0.0,White,26.68,4,12.0,12.0,0.0,0.0,80.143,5.0,2.0,2.0,0.0,0.0,1.0,1.0,1.0,1.0,1.0,0.0
2188,0.0,1.0,0.0,White,5.15,8,12.0,12.0,0.0,0.0,60.0,28.0,2.0,3.0,1.0,0.0,3.0,5.0,4.0,0.0,0.0,0.0
2189,0.0,0.0,0.0,White,,8,12.0,12.0,,0.0,49.275,1.0,2.0,2.0,0.0,0.0,3.0,5.0,1.0,0.0,0.0,0.0
2190,1.0,0.0,0.0,Asian,60.0,4,,,0.0,0.0,85.36,2.0,1.0,2.0,0.0,0.0,1.0,1.0,1.0,0.0,0.0,0.0
2191,1.0,0.0,1.0,White,60.0,3,14.0,20.0,0.0,0.0,90.918,4.0,2.0,2.0,0.0,0.0,2.0,1.0,1.0,0.0,0.0,0.0
2192,0.0,0.0,1.0,White,6.35,5,14.0,16.0,0.0,0.0,,2.0,2.0,2.0,0.0,0.0,3.0,3.0,1.0,0.0,0.0,1.0
2193,0.0,0.0,0.0,White,20.935,5,12.0,12.0,0.0,,5.429,1.0,2.0,2.0,0.0,0.0,3.0,3.0,1.0,0.0,0.0,0.0
2194,0.0,0.0,1.0,White,4.505,4,12.0,12.0,0.0,0.0,4.638,1.0,2.0,2.0,0.0,0.0,,1.0,1.0,0.0,0.0,0.0
2195,1.0,0.0,1.0,White,23.875,5,14.0,16.0,0.0,,71.158,2.0,2.0,2.0,0.0,0.0,1.0,1.0,1.0,0.0,0.0,0.0
2196,0.0,0.0,1.0,White,,4,8.0,,0.0,0.0,,0.0,1.0,3.0,0.0,0.0,,,,0.0,1.0,0.0
2197,1.0,0.0,0.0,White,,4,12.0,12.0,,,25.838,4.0,3.0,3.0,0.0,0.0,3.0,1.0,1.0,0.0,0.0,0.0
2198,0.0,0.0,1.0,White,42.15,5,12.0,13.0,0.0,,22.337,2.0,2.0,2.0,0.0,0.0,3.0,3.0,1.0,0.0,0.0,0.0
2199,0.0,,0.0,White,42.15,5,12.0,13.0,0.0,,35.954,3.0,1.0,2.0,0.0,0.0,1.0,1.0,1.0,0.0,,0.0
2200,1.0,0.0,0.0,Hispanic,60.0,3,18.0,20.0,0.0,,96.27,3.0,2.0,1.0,0.0,0.0,1.0,1.0,1.0,0.0,,0.0
2201,1.0,0.0,1.0,White,,5,16.0,20.0,0.0,0.0,40.239,6.0,2.0,1.0,0.0,0.0,4.0,3.0,1.0,0.0,,0.0
2202,1.0,0.0,1.0,White,51.25,4,16.0,16.0,0.0,0.0,,7.0,2.0,2.0,0.0,0.0,2.0,2.0,1.0,0.0,,0.0
2203,1.0,0.0,1.0,White,24.7001,5,12.0,18.0,0.0,,,0.0,2.0,2.0,0.0,0.0,1.0,1.0,1.0,0.0,0.0,0.0
2204,1.0,0.0,1.0,White,60.0,5,16.0,15.0,0.0,0.0,83.367,2.0,2.0,3.0,0.0,0.0,3.0,3.0,1.0,0.0,0.0,0.0
2205,1.0,0.0,0.0,White,9.22,4,18.0,20.0,0.0,0.0,99.249,1.0,2.0,2.0,0.0,0.0,3.0,4.0,1.0,0.0,0.0,0.0
2206,1.0,,0.0,White,9.22,4,18.0,20.0,0.0,0.0,89.762,20.0,1.0,3.0,0.0,3.0,1.0,1.0,1.0,0.0,0.0,0.0
2207,1.0,0.0,0.0,White,28.75,3,13.0,12.0,0.0,0.0,56.853,2.0,2.0,2.0,0.0,0.0,3.0,4.0,1.0,1.0,0.0,0.0
2208,1.0,0.0,0.0,White,39.85,4,16.0,16.0,0.0,0.0,96.961,1.0,2.0,2.0,0.0,0.0,,,1.0,0.0,0.0,0.0
2209,1.0,0.0,0.0,White,39.85,4,16.0,16.0,0.0,0.0,82.015,2.0,2.0,2.0,0.0,0.0,2.0,1.0,1.0,0.0,0.0,0.0
2210,0.0,0.0,0.0,White,11.92,4,17.0,18.0,0.0,0.0,94.085,0.0,2.0,2.0,0.0,0.0,4.0,3.0,1.0,0.0,1.0,1.0
2211,1.0,0.0,0.0,White,11.92,4,17.0,18.0,0.0,0.0,82.887,5.0,2.0,,0.0,0.0,1.0,1.0,,0.0,0.0,0.0
2212,0.0,0.0,0.0,White,,4,14.0,,0.0,0.0,77.782,0.0,2.0,3.0,0.0,0.0,4.0,2.0,1.0,1.0,1.0,0.0
2213,0.0,0.0,0.0,White,13.33,5,12.0,,0.0,0.0,83.36,0.0,2.0,2.0,0.0,0.0,2.0,1.0,1.0,1.0,0.0,0.0
2214,1.0,0.0,0.0,White,,4,12.0,14.0,,,43.857,1.0,2.0,2.0,0.0,1.0,3.0,4.0,1.0,0.0,,0.0
2215,1.0,0.0,0.0,White,,4,12.0,14.0,,0.0,89.965,2.0,2.0,1.0,2.0,4.0,3.0,1.0,1.0,1.0,,0.0
2216,,,1.0,White,,5,14.0,14.0,0.0,,75.137,2.0,2.0,3.0,0.0,0.0,2.0,4.0,1.0,0.0,,0.0
2217,0.0,0.0,1.0,White,,4,11.0,,0.0,,16.783,10.0,2.0,3.0,4.0,4.0,5.0,5.0,4.0,1.0,0.0,0.0
2218,1.0,0.0,0.0,White,13.625,4,18.0,18.0,0.0,0.0,21.847,1.0,1.0,2.0,2.0,0.0,3.0,1.0,1.0,1.0,,0.0
2219,1.0,0.0,1.0,White,1.575,4,12.0,12.0,0.0,0.0,,0.0,2.0,2.0,1.0,0.0,4.0,3.0,1.0,0.0,0.0,0.0
2220,1.0,0.0,0.0,White,1.575,4,12.0,12.0,0.0,0.0,,0.0,2.0,2.0,1.0,1.0,1.0,1.0,1.0,1.0,0.0,0.0
2221,,,0.0,White,23.75,5,16.0,18.0,0.0,,42.849,1.0,1.0,2.0,0.0,0.0,3.0,1.0,1.0,0.0,,0.0
2222,0.0,0.0,1.0,White,8.825,5,15.0,16.0,0.0,0.0,,14.0,3.0,4.0,0.0,0.0,3.0,4.0,1.0,0.0,,0.0
2223,0.0,0.0,1.0,White,8.825,5,15.0,16.0,0.0,0.0,,15.0,2.0,4.0,0.0,0.0,3.0,3.0,1.0,0.0,0.0,0.0
2224,0.0,,0.0,White,8.825,5,15.0,16.0,0.0,,,12.0,4.0,4.0,0.0,2.0,1.0,1.0,1.0,0.0,,0.0
2225,0.0,0.0,0.0,White,8.81,4,12.0,10.0,0.0,,57.518,10.0,3.0,2.0,0.0,0.0,2.0,1.0,1.0,0.0,0.0,0.0
2226,1.0,0.0,0.0,White,8.9,3,14.0,12.0,0.0,0.0,86.721,2.0,2.0,2.0,0.0,0.0,4.0,2.0,1.0,0.0,0.0,1.0
2227,0.0,0.0,0.0,White,0.585,5,10.0,12.0,0.0,0.0,2.155,1.0,2.0,2.0,0.0,0.0,1.0,1.0,1.0,0.0,0.0,0.0
2228,1.0,0.0,0.0,White,1.795,2,14.0,12.0,0.0,0.0,,3.0,2.0,1.0,0.0,0.0,2.0,2.0,1.0,0.0,0.0,1.0
2229,0.0,0.0,0.0,White,0.875,5,12.0,12.0,0.0,1.0,18.368,2.0,2.0,2.0,5.0,1.0,4.0,3.0,1.0,0.0,0.0,0.0
2230,0.0,0.0,0.0,White,0.875,5,12.0,12.0,0.0,,27.805,2.0,2.0,2.0,3.0,0.0,3.0,2.0,1.0,0.0,0.0,0.0
2231,1.0,1.0,1.0,Hispanic,8.27,4,12.0,12.0,0.0,0.0,,4.0,2.0,3.0,2.0,0.0,3.0,1.0,1.0,1.0,1.0,0.0
2232,0.0,0.0,1.0,White,29.55,4,12.0,8.0,0.0,,70.936,3.0,1.0,1.0,0.0,0.0,2.0,2.0,1.0,0.0,,0.0
2233,0.0,0.0,0.0,White,2.3,6,16.0,20.0,0.0,,65.383,0.0,2.0,4.0,0.0,0.0,1.0,1.0,1.0,0.0,0.0,1.0
2234,0.0,0.0,0.0,White,1.95,4,14.0,11.0,0.0,0.0,63.214,5.0,2.0,3.0,0.0,0.0,5.0,2.0,1.0,1.0,1.0,0.0
2235,0.0,0.0,0.0,White,34.5501,5,12.0,12.0,0.0,,44.917,1.0,2.0,1.0,1.0,0.0,3.0,1.0,3.0,0.0,0.0,0.0
2236,1.0,0.0,1.0,White,5.55,5,16.0,16.0,0.0,0.0,88.29,1.0,2.0,2.0,0.0,0.0,2.0,2.0,1.0,0.0,0.0,0.0
2237,1.0,0.0,0.0,White,13.25,3,16.0,20.0,0.0,0.0,53.072,1.0,2.0,3.0,0.0,0.0,1.0,1.0,1.0,0.0,0.0,0.0
2238,0.0,0.0,0.0,White,,3,14.0,16.0,,0.0,5.281,39.0,2.0,2.0,1.0,0.0,2.0,3.0,1.0,0.0,0.0,1.0
2239,0.0,,1.0,Asian,,8,3.0,4.0,,,9.221,0.0,1.0,2.0,0.0,0.0,1.0,1.0,1.0,0.0,,0.0
2240,0.0,,1.0,Asian,,8,3.0,4.0,,,22.758,4.0,2.0,2.0,0.0,0.0,2.0,1.0,2.0,0.0,,0.0
2241,1.0,,0.0,Asian,,8,3.0,4.0,,,26.028,3.0,1.0,2.0,0.0,0.0,2.0,1.0,2.0,0.0,,0.0
2242,0.0,0.0,0.0,Hispanic,,4,9.0,6.0,0.0,,15.349,5.0,2.0,3.0,0.0,0.0,5.0,5.0,3.0,1.0,,1.0
2243,0.0,0.0,1.0,Hispanic,,4,9.0,6.0,0.0,,9.854,4.0,2.0,2.0,0.0,0.0,2.0,2.0,4.0,0.0,,0.0
2244,0.0,0.0,1.0,White,,4,8.0,10.0,,0.0,,3.0,2.0,2.0,0.0,0.0,2.0,1.0,1.0,0.0,0.0,0.0
2245,1.0,0.0,1.0,White,9.6,4,12.0,12.0,0.0,0.0,,3.0,2.0,3.0,0.0,0.0,1.0,1.0,1.0,0.0,0.0,0.0
2246,1.0,0.0,0.0,White,4.65,3,13.0,12.0,0.0,0.0,,0.0,2.0,2.0,0.0,0.0,4.0,3.0,1.0,0.0,,0.0
2247,0.0,1.0,1.0,Hispanic,12.85,5,12.0,14.0,0.0,0.0,53.682,7.0,2.0,2.0,0.0,0.0,4.0,3.0,1.0,0.0,0.0,0.0
2248,1.0,0.0,1.0,White,6.777,5,14.0,14.0,0.0,0.0,,1.0,2.0,1.0,0.0,0.0,2.0,1.0,1.0,0.0,0.0,0.0
2249,1.0,0.0,1.0,White,2.65,4,12.0,14.0,0.0,0.0,49.666,0.0,2.0,2.0,0.0,0.0,4.0,4.0,1.0,0.0,,0.0
2250,1.0,0.0,0.0,White,30.075,3,12.0,12.0,0.0,0.0,90.18,3.0,2.0,2.0,0.0,0.0,2.0,3.0,1.0,0.0,0.0,0.0
2251,1.0,0.0,0.0,White,30.075,3,12.0,12.0,0.0,0.0,62.72,2.0,3.0,4.0,0.0,0.0,5.0,3.0,1.0,0.0,0.0,1.0
2252,1.0,0.0,0.0,White,29.85,3,13.0,,0.0,0.0,100.0,0.0,2.0,2.0,0.0,0.0,2.0,4.0,1.0,0.0,0.0,0.0
2253,1.0,0.0,0.0,White,29.85,3,13.0,,0.0,0.0,96.78,4.0,2.0,2.0,0.0,0.0,3.0,2.0,1.0,0.0,0.0,0.0
2254,1.0,0.0,0.0,White,25.7501,4,12.0,12.0,0.0,0.0,40.491,2.0,2.0,2.0,8.0,1.0,4.0,4.0,1.0,0.0,0.0,1.0
2255,0.0,0.0,0.0,White,3.025,6,12.0,12.0,0.0,0.0,40.85,1.0,2.0,2.0,0.0,0.0,2.0,2.0,1.0,0.0,,0.0
2256,0.0,0.0,0.0,White,3.025,6,12.0,12.0,0.0,0.0,38.672,1.0,2.0,2.0,0.0,0.0,1.0,1.0,1.0,0.0,0.0,0.0
2257,1.0,0.0,0.0,White,,5,15.0,18.0,0.0,0.0,68.92,2.0,4.0,3.0,30.0,0.0,4.0,5.0,1.0,1.0,1.0,0.0
2258,1.0,0.0,1.0,White,,5,15.0,18.0,0.0,0.0,90.594,3.0,2.0,2.0,0.0,0.0,1.0,1.0,1.0,0.0,,0.0
2260,0.0,0.0,1.0,White,6.275,5,12.0,12.0,0.0,0.0,,0.0,1.0,1.0,0.0,0.0,1.0,1.0,1.0,0.0,,0.0
2261,0.0,1.0,0.0,White,11.7401,5,13.0,11.0,1.0,0.0,36.48,2.0,2.0,3.0,1.0,2.0,4.0,2.0,1.0,0.0,1.0,1.0
2262,0.0,0.0,0.0,White,11.7401,5,13.0,11.0,1.0,,41.081,4.0,2.0,2.0,1.0,0.0,4.0,1.0,1.0,0.0,0.0,0.0
2263,0.0,0.0,1.0,White,1.7,4,12.0,12.0,0.0,0.0,19.945,0.0,2.0,2.0,1.0,0.0,3.0,3.0,1.0,0.0,0.0,0.0
2264,0.0,0.0,0.0,White,,7,12.0,12.0,1.0,0.0,6.63,4.0,1.0,1.0,0.0,1.0,3.0,2.0,4.0,0.0,0.0,0.0
2265,0.0,0.0,1.0,White,0.075,4,12.0,12.0,0.0,0.0,17.145,5.0,3.0,3.0,0.0,0.0,1.0,3.0,2.0,1.0,0.0,0.0
2266,0.0,0.0,0.0,White,0.075,4,12.0,12.0,0.0,0.0,80.238,0.0,2.0,2.0,0.0,0.0,1.0,1.0,1.0,0.0,0.0,0.0
2267,0.0,0.0,0.0,White,0.075,5,13.0,,0.0,0.0,50.806,2.0,2.0,2.0,0.0,0.0,1.0,1.0,1.0,0.0,,1.0
2268,,,1.0,White,19.825,6,12.0,12.0,0.0,,78.93,5.0,2.0,2.0,0.0,0.0,4.0,3.0,1.0,0.0,,0.0
2269,,,0.0,White,19.825,6,12.0,12.0,0.0,,80.074,0.0,2.0,2.0,0.0,0.0,4.0,3.0,1.0,0.0,,0.0
2270,1.0,0.0,1.0,White,,5,16.0,16.0,0.0,0.0,73.762,2.0,2.0,1.0,0.0,0.0,4.0,5.0,1.0,0.0,0.0,0.0
2271,1.0,0.0,1.0,White,36.95,4,12.0,16.0,0.0,0.0,47.904,2.0,2.0,2.0,0.0,0.0,3.0,2.0,1.0,0.0,0.0,0.0
2272,0.0,0.0,0.0,White,3.91,2,16.0,16.0,0.0,0.0,67.952,1.0,1.0,2.0,2.0,0.0,2.0,1.0,1.0,0.0,,1.0
2273,0.0,0.0,0.0,White,0.97,7,10.0,12.0,0.0,0.0,68.101,3.0,2.0,3.0,0.0,0.0,4.0,3.0,1.0,0.0,0.0,0.0
2274,0.0,0.0,0.0,Hispanic,0.75,5,6.0,,0.0,0.0,,40.0,2.0,,0.0,0.0,1.0,1.0,,0.0,0.0,1.0
2275,1.0,0.0,0.0,White,,4,9.0,12.0,0.0,0.0,90.598,5.0,3.0,2.0,0.0,0.0,3.0,2.0,1.0,1.0,0.0,0.0
2276,1.0,0.0,0.0,White,,4,9.0,12.0,0.0,,,3.0,2.0,2.0,0.0,0.0,3.0,1.0,2.0,0.0,0.0,0.0
2277,1.0,0.0,1.0,Hispanic,0.725,5,,12.0,1.0,0.0,,14.0,2.0,2.0,0.0,0.0,3.0,1.0,1.0,0.0,0.0,0.0
2278,0.0,0.0,0.0,Hispanic,0.725,5,12.0,6.0,0.0,0.0,36.978,2.0,2.0,3.0,0.0,1.0,4.0,2.0,1.0,0.0,0.0,0.0
2279,0.0,0.0,0.0,White,,2,13.0,12.0,0.0,,52.083,1.0,1.0,1.0,0.0,0.0,1.0,1.0,1.0,0.0,1.0,0.0
2280,1.0,0.0,1.0,Hispanic,,4,16.0,18.0,0.0,0.0,88.298,5.0,2.0,2.0,10.0,1.0,2.0,2.0,1.0,1.0,0.0,0.0
2281,1.0,0.0,0.0,Black,2.5534,3,14.0,14.0,0.0,,,7.0,2.0,2.0,0.0,0.0,2.0,2.0,2.0,0.0,0.0,
2282,0.0,0.0,0.0,Black,0.75,4,10.0,,0.0,,,5.0,2.0,3.0,6.0,6.0,1.0,1.0,2.0,0.0,0.0,1.0
2283,0.0,0.0,1.0,Black,0.375,3,10.0,12.0,0.0,1.0,0.0,86.0,2.0,2.0,0.0,0.0,5.0,2.0,3.0,0.0,0.0,0.0
2284,1.0,0.0,1.0,Black,0.375,6,,12.0,0.0,0.0,,3.0,1.0,1.0,0.0,0.0,5.0,2.0,2.0,0.0,,0.0
2285,0.0,0.0,0.0,Hispanic,0.05,7,12.0,,1.0,,19.208,45.0,4.0,2.0,0.0,0.0,1.0,1.0,1.0,0.0,,0.0
2286,0.0,0.0,1.0,Asian,1.085,3,12.0,13.0,0.0,0.0,29.837,5.0,2.0,3.0,0.0,0.0,4.0,3.0,2.0,0.0,0.0,1.0
2287,1.0,0.0,1.0,White,9.2511,4,14.0,16.0,0.0,0.0,,12.0,2.0,3.0,0.0,0.0,4.0,3.0,2.0,1.0,,0.0
2288,0.0,0.0,0.0,White,13.64,6,7.0,,0.0,0.0,,6.0,2.0,4.0,2.0,3.0,5.0,3.0,3.0,0.0,,0.0
2289,0.0,0.0,0.0,White,,4,17.0,14.0,0.0,,94.163,4.0,2.0,4.0,0.0,0.0,4.0,2.0,1.0,1.0,,0.0
2290,1.0,0.0,0.0,White,,4,17.0,17.0,0.0,0.0,85.526,6.0,1.0,3.0,5.0,0.0,2.0,1.0,1.0,1.0,1.0,0.0
2291,0.0,0.0,0.0,White,,3,12.0,12.0,,0.0,63.597,3.0,2.0,3.0,6.0,0.0,4.0,3.0,2.0,0.0,0.0,1.0
2292,1.0,0.0,0.0,White,,4,12.0,12.0,0.0,0.0,75.006,10.0,2.0,3.0,0.0,0.0,3.0,3.0,1.0,0.0,1.0,0.0
2293,1.0,0.0,1.0,White,2.25,4,14.0,12.0,0.0,1.0,21.501,10.0,2.0,3.0,0.0,0.0,2.0,3.0,1.0,0.0,0.0,0.0
2294,1.0,0.0,0.0,White,0.375,5,11.0,10.0,0.0,,,22.0,2.0,2.0,0.0,0.0,4.0,2.0,1.0,1.0,,0.0
2295,0.0,0.0,0.0,White,1.8,3,14.0,8.0,0.0,0.0,32.382,20.0,3.0,4.0,0.0,0.0,3.0,4.0,1.0,0.0,0.0,0.0
2296,0.0,0.0,0.0,White,2.155,6,18.0,16.0,0.0,0.0,66.282,0.0,2.0,2.0,0.0,0.0,2.0,1.0,2.0,1.0,,0.0
2297,1.0,0.0,0.0,White,6.1,5,12.0,12.0,0.0,0.0,12.22,1.0,3.0,3.0,0.0,0.0,4.0,4.0,2.0,0.0,0.0,0.0
2298,0.0,0.0,1.0,White,-2.625,4,16.0,14.0,1.0,0.0,55.41,3.0,1.0,2.0,0.0,0.0,1.0,1.0,2.0,0.0,0.0,0.0
2299,0.0,0.0,1.0,White,-2.625,4,16.0,14.0,1.0,0.0,67.517,1.0,1.0,1.0,0.0,0.0,1.0,1.0,1.0,0.0,0.0,0.0
2300,1.0,,0.0,Black,0.75,6,12.0,14.0,0.0,,39.714,3.0,2.0,2.0,0.0,0.0,3.0,2.0,1.0,0.0,,0.0
2301,1.0,,0.0,Black,0.75,6,12.0,14.0,0.0,,35.834,0.0,2.0,2.0,0.0,0.0,1.0,1.0,1.0,0.0,,0.0
2302,0.0,0.0,0.0,Black,,6,,14.0,0.0,,39.945,0.0,1.0,2.0,0.0,0.0,3.0,4.0,1.0,0.0,0.0,1.0
2303,0.0,1.0,0.0,Black,,6,,14.0,0.0,,15.947,30.0,2.0,3.0,0.0,0.0,3.0,5.0,2.0,0.0,0.0,1.0
2304,1.0,0.0,1.0,White,0.675,4,1.0,10.0,0.0,,66.667,1.0,1.0,2.0,0.0,0.0,4.0,4.0,1.0,0.0,0.0,0.0
2305,0.0,0.0,0.0,White,0.675,4,1.0,10.0,0.0,0.0,30.911,4.0,2.0,2.0,0.0,0.0,4.0,2.0,1.0,0.0,1.0,1.0
2306,0.0,0.0,0.0,White,,7,8.0,8.0,,0.0,26.424,5.0,2.0,4.0,0.0,0.0,4.0,2.0,1.0,0.0,,0.0
2307,0.0,0.0,1.0,White,,7,8.0,8.0,,0.0,77.205,0.0,2.0,1.0,0.0,0.0,1.0,1.0,1.0,0.0,0.0,0.0
2308,0.0,0.0,0.0,White,1.96,4,14.0,12.0,0.0,,95.023,7.0,2.0,2.0,0.0,0.0,2.0,1.0,2.0,0.0,1.0,0.0
2309,1.0,1.0,0.0,White,5.22,4,14.0,13.0,0.0,0.0,85.077,5.0,2.0,2.0,0.0,0.0,1.0,1.0,1.0,0.0,0.0,0.0
2310,0.0,0.0,0.0,White,-0.47,5,9.0,10.0,0.0,0.0,83.749,0.0,1.0,1.0,0.0,1.0,4.0,3.0,1.0,1.0,1.0,1.0
2311,0.0,0.0,1.0,White,-0.47,5,9.0,10.0,0.0,0.0,26.606,0.0,2.0,2.0,0.0,0.0,3.0,1.0,2.0,0.0,0.0,1.0
2312,0.0,0.0,0.0,White,0.375,6,10.0,11.0,0.0,0.0,44.46,50.0,2.0,4.0,8.0,1.0,5.0,4.0,2.0,1.0,1.0,1.0
2313,0.0,0.0,0.0,White,0.375,6,10.0,11.0,0.0,1.0,56.232,6.0,4.0,1.0,1.0,0.0,2.0,1.0,1.0,1.0,0.0,1.0
2314,0.0,0.0,0.0,White,0.375,6,10.0,11.0,0.0,0.0,17.107,4.0,2.0,2.0,1.0,0.0,1.0,1.0,2.0,0.0,0.0,1.0
2315,0.0,0.0,0.0,White,0.375,4,,12.0,0.0,,15.402,13.0,1.0,1.0,0.0,0.0,2.0,2.0,1.0,0.0,0.0,0.0
2316,1.0,0.0,0.0,Black,0.375,10,7.0,9.0,0.0,0.0,17.62,6.0,2.0,3.0,0.0,1.0,2.0,1.0,2.0,0.0,0.0,1.0
2317,0.0,0.0,1.0,Black,0.375,10,7.0,9.0,0.0,0.0,25.456,5.0,2.0,3.0,1.0,1.0,2.0,1.0,1.0,0.0,0.0,1.0
2318,0.0,1.0,1.0,White,9.1,3,11.0,12.0,0.0,0.0,53.747,0.0,2.0,2.0,0.0,2.0,4.0,3.0,1.0,0.0,1.0,0.0
2319,0.0,1.0,0.0,White,9.1,3,11.0,12.0,0.0,0.0,76.424,0.0,1.0,3.0,1.0,0.0,4.0,3.0,1.0,0.0,0.0,0.0
2320,0.0,0.0,1.0,White,-0.35,4,12.0,15.0,0.0,0.0,20.767,8.0,2.0,2.0,0.0,0.0,3.0,3.0,2.0,0.0,0.0,0.0
2321,0.0,0.0,1.0,White,20.3,5,12.0,13.0,0.0,0.0,,4.0,1.0,2.0,0.0,0.0,4.0,4.0,1.0,0.0,0.0,1.0
2322,0.0,0.0,1.0,White,20.3,5,12.0,13.0,0.0,1.0,,1.0,2.0,2.0,2.0,0.0,3.0,1.0,1.0,0.0,0.0,1.0
2323,0.0,0.0,1.0,White,0.85,3,15.0,10.0,0.0,0.0,2.047,13.0,3.0,4.0,1.0,0.0,5.0,5.0,2.0,0.0,0.0,0.0
2324,0.0,0.0,1.0,White,0.85,3,15.0,10.0,0.0,0.0,10.266,6.0,2.0,2.0,0.0,0.0,5.0,3.0,1.0,0.0,0.0,1.0
2325,0.0,0.0,0.0,White,1.75,4,12.0,12.0,0.0,0.0,79.063,3.0,2.0,3.0,0.0,0.0,3.0,2.0,1.0,0.0,0.0,0.0
2326,1.0,0.0,0.0,White,,5,13.0,15.0,0.0,0.0,22.038,10.0,1.0,1.0,0.0,0.0,3.0,2.0,1.0,0.0,0.0,0.0
2327,0.0,0.0,0.0,White,1.307,3,12.0,14.0,0.0,0.0,41.604,5.0,2.0,2.0,2.0,0.0,4.0,3.0,1.0,0.0,,1.0
2328,1.0,0.0,0.0,White,24.74,3,14.0,20.0,0.0,0.0,99.651,1.0,1.0,2.0,0.0,0.0,2.0,1.0,1.0,0.0,0.0,0.0
2329,1.0,1.0,0.0,White,44.25,5,20.0,20.0,0.0,,79.688,0.0,2.0,3.0,0.0,0.0,2.0,2.0,1.0,0.0,,0.0
2330,1.0,0.0,0.0,White,44.25,5,20.0,20.0,0.0,0.0,96.841,1.0,2.0,2.0,0.0,0.0,1.0,1.0,1.0,0.0,0.0,0.0
2331,1.0,0.0,0.0,White,0.455,4,14.0,16.0,0.0,0.0,83.458,1.0,2.0,2.0,0.0,0.0,5.0,5.0,2.0,0.0,0.0,0.0
2332,1.0,0.0,1.0,White,0.455,4,14.0,16.0,0.0,0.0,55.256,1.0,1.0,1.0,0.0,0.0,1.0,1.0,1.0,0.0,0.0,0.0
2333,0.0,0.0,0.0,White,9.53,4,14.0,13.0,0.0,0.0,72.88,3.0,2.0,2.0,0.0,0.0,3.0,2.0,2.0,0.0,0.0,0.0
2334,1.0,0.0,1.0,White,8.45,4,12.0,12.0,0.0,,,14.0,2.0,3.0,0.0,0.0,5.0,5.0,3.0,0.0,1.0,0.0
2335,1.0,0.0,1.0,White,8.45,4,12.0,12.0,0.0,0.0,,1.0,2.0,2.0,0.0,0.0,2.0,1.0,1.0,0.0,,0.0
2336,1.0,0.0,1.0,White,13.05,5,12.0,12.0,0.0,0.0,,10.0,1.0,1.0,0.0,0.0,3.0,2.0,1.0,0.0,0.0,0.0
2337,1.0,0.0,1.0,White,6.22,5,13.0,16.0,0.0,0.0,98.524,3.0,2.0,2.0,0.0,0.0,2.0,2.0,1.0,0.0,1.0,0.0
2338,1.0,0.0,0.0,White,6.22,5,13.0,16.0,0.0,0.0,70.305,1.0,2.0,2.0,0.0,0.0,3.0,2.0,1.0,0.0,0.0,0.0
2339,0.0,0.0,1.0,White,6.58,5,12.0,,0.0,0.0,98.722,0.0,1.0,4.0,0.0,0.0,2.0,1.0,1.0,0.0,1.0,0.0
2340,0.0,0.0,1.0,White,6.58,5,12.0,,0.0,0.0,92.452,2.0,1.0,2.0,1.0,0.0,4.0,2.0,1.0,0.0,1.0,0.0
2341,0.0,0.0,0.0,White,6.58,5,12.0,12.0,0.0,0.0,76.866,2.0,2.0,2.0,0.0,0.0,3.0,1.0,2.0,0.0,,0.0
2342,0.0,0.0,0.0,White,-1.1,5,12.0,12.0,1.0,0.0,76.481,0.0,2.0,3.0,0.0,0.0,1.0,2.0,1.0,0.0,1.0,0.0
2343,0.0,0.0,1.0,White,,4,12.0,12.0,,,75.126,0.0,2.0,2.0,10.0,0.0,3.0,2.0,1.0,0.0,1.0,0.0
2344,1.0,0.0,1.0,White,51.7001,5,18.0,14.0,0.0,0.0,71.146,2.0,2.0,2.0,0.0,0.0,1.0,1.0,1.0,0.0,,0.0
2345,1.0,0.0,1.0,White,21.5001,3,14.0,12.0,0.0,0.0,43.696,1.0,2.0,2.0,0.0,0.0,4.0,3.0,1.0,0.0,0.0,0.0
2346,1.0,0.0,0.0,White,43.95,4,12.0,16.0,0.0,0.0,77.774,0.0,1.0,3.0,0.0,0.0,3.0,4.0,1.0,0.0,0.0,0.0
2347,1.0,0.0,1.0,White,60.0,4,16.0,16.0,0.0,0.0,100.0,9.0,1.0,2.0,0.0,0.0,1.0,1.0,1.0,0.0,0.0,0.0
2348,0.0,0.0,1.0,White,,3,16.0,12.0,0.0,0.0,66.664,4.0,2.0,4.0,0.0,0.0,2.0,1.0,1.0,0.0,0.0,0.0
2349,0.0,0.0,0.0,White,,6,12.0,12.0,0.0,0.0,41.267,7.0,3.0,3.0,25.0,0.0,5.0,3.0,1.0,1.0,1.0,0.0
2350,1.0,0.0,0.0,White,,6,12.0,12.0,0.0,0.0,92.661,,2.0,3.0,1.0,0.0,3.0,2.0,1.0,0.0,1.0,0.0
2351,1.0,0.0,1.0,White,,6,12.0,12.0,0.0,0.0,44.904,3.0,2.0,2.0,0.0,0.0,,,,0.0,0.0,0.0
2352,1.0,1.0,0.0,White,5.95,3,16.0,16.0,0.0,0.0,80.593,10.0,1.0,3.0,0.0,0.0,2.0,1.0,1.0,0.0,0.0,0.0
2353,0.0,0.0,1.0,White,9.8,5,12.0,12.0,0.0,,53.985,2.0,2.0,2.0,0.0,0.0,4.0,3.0,3.0,1.0,,0.0
2354,0.0,0.0,1.0,Hispanic,4.425,5,12.0,,0.0,,85.331,1.0,1.0,2.0,0.0,0.0,4.0,3.0,2.0,0.0,,0.0
2355,0.0,0.0,0.0,Hispanic,4.425,5,12.0,16.0,0.0,0.0,,3.0,2.0,2.0,8.0,3.0,4.0,4.0,2.0,1.0,,0.0
2356,0.0,0.0,1.0,Hispanic,-0.045,4,12.0,8.0,0.0,0.0,36.386,3.0,2.0,1.0,3.0,1.0,1.0,1.0,1.0,0.0,0.0,1.0
2357,0.0,0.0,0.0,Black,,6,10.0,9.0,,0.0,,1.0,2.0,2.0,0.0,0.0,2.0,1.0,1.0,1.0,0.0,0.0
2358,0.0,0.0,0.0,Black,,6,10.0,9.0,,1.0,,1.0,2.0,2.0,0.0,0.0,2.0,1.0,1.0,0.0,0.0,0.0
2359,1.0,0.0,1.0,Black,,2,12.0,12.0,0.0,0.0,11.232,20.0,2.0,2.0,0.0,0.0,4.0,3.0,,0.0,,0.0
2360,1.0,0.0,0.0,Black,-0.95,4,10.0,12.0,1.0,,28.259,5.0,3.0,4.0,2.0,1.0,4.0,3.0,3.0,0.0,0.0,0.0
2361,0.0,1.0,0.0,Black,10.45,3,12.0,12.0,0.0,1.0,,30.0,2.0,2.0,0.0,0.0,3.0,4.0,5.0,0.0,,0.0
2362,0.0,0.0,0.0,Black,0.857,5,13.0,,0.0,0.0,44.637,3.0,1.0,1.0,0.0,0.0,1.0,1.0,1.0,0.0,0.0,1.0
2363,1.0,,0.0,Black,,4,12.0,12.0,0.0,,48.317,3.0,2.0,4.0,0.0,0.0,4.0,4.0,1.0,0.0,,0.0
2364,1.0,0.0,1.0,Black,,4,12.0,12.0,0.0,0.0,35.178,1.0,2.0,1.0,2.0,2.0,3.0,3.0,3.0,0.0,0.0,0.0
2365,0.0,0.0,0.0,White,,4,12.0,12.0,0.0,0.0,6.293,2.0,2.0,2.0,4.0,0.0,1.0,1.0,,0.0,0.0,0.0
2366,0.0,0.0,1.0,Hispanic,,4,11.0,12.0,0.0,0.0,60.19,2.0,2.0,2.0,2.0,0.0,5.0,4.0,1.0,0.0,1.0,0.0
2367,0.0,,0.0,White,17.05,4,12.0,12.0,0.0,,36.395,15.0,2.0,3.0,0.0,1.0,4.0,2.0,1.0,0.0,,1.0
2368,1.0,0.0,1.0,White,17.05,4,12.0,12.0,0.0,0.0,69.402,3.0,2.0,4.0,0.0,3.0,5.0,5.0,1.0,0.0,0.0,1.0
2369,0.0,0.0,0.0,White,0.7621,2,12.0,6.0,0.0,,48.976,5.0,3.0,3.0,0.0,0.0,3.0,1.0,2.0,0.0,,0.0
2370,0.0,1.0,0.0,White,4.35,4,12.0,13.0,0.0,0.0,,30.0,1.0,3.0,5.0,2.0,4.0,4.0,1.0,1.0,,1.0
2371,1.0,0.0,0.0,White,,5,18.0,20.0,0.0,0.0,39.558,0.0,1.0,1.0,0.0,0.0,1.0,1.0,1.0,0.0,0.0,0.0
2372,1.0,0.0,0.0,White,1.285,2,14.0,12.0,0.0,,48.317,1.0,2.0,2.0,0.0,0.0,3.0,3.0,1.0,0.0,0.0,0.0
2373,1.0,0.0,0.0,White,,6,12.0,,0.0,0.0,46.168,0.0,2.0,2.0,0.0,0.0,2.0,2.0,1.0,1.0,1.0,0.0
2374,0.0,0.0,0.0,White,,6,12.0,,0.0,,50.505,1.0,2.0,2.0,0.0,0.0,2.0,1.0,1.0,0.0,0.0,0.0
2375,1.0,0.0,0.0,White,,6,12.0,,0.0,0.0,69.103,6.0,2.0,2.0,0.0,0.0,1.0,1.0,1.0,0.0,0.0,0.0
2376,1.0,0.0,0.0,Asian,18.25,4,,,0.0,0.0,98.782,3.0,2.0,2.0,0.0,0.0,3.0,4.0,1.0,0.0,0.0,0.0
2377,1.0,0.0,0.0,White,,5,16.0,14.0,0.0,0.0,99.676,,2.0,2.0,0.0,0.0,1.0,1.0,1.0,0.0,0.0,0.0
2378,1.0,0.0,1.0,White,19.07,8,13.0,,0.0,0.0,63.908,6.0,2.0,4.0,0.0,0.0,4.0,4.0,2.0,0.0,0.0,0.0
2379,1.0,0.0,0.0,White,19.07,8,13.0,,0.0,,21.699,11.0,2.0,2.0,0.0,0.0,2.0,1.0,1.0,0.0,0.0,0.0
2380,0.0,0.0,1.0,White,,6,14.0,18.0,0.0,0.0,63.13,0.0,1.0,1.0,2.0,0.0,4.0,2.0,1.0,1.0,0.0,0.0
2381,1.0,0.0,0.0,White,,5,,,0.0,0.0,44.553,0.0,2.0,1.0,0.0,0.0,1.0,1.0,1.0,0.0,0.0,0.0
2382,0.0,0.0,0.0,Hispanic,8.0,5,14.0,14.0,0.0,,90.519,15.0,2.0,2.0,0.0,0.0,4.0,2.0,1.0,0.0,0.0,0.0
2383,1.0,0.0,0.0,Black,,4,14.0,14.0,0.0,0.0,76.955,2.0,3.0,4.0,7.0,0.0,2.0,2.0,1.0,1.0,0.0,1.0
2384,1.0,0.0,0.0,White,23.6001,4,14.0,14.0,0.0,,57.613,0.0,2.0,1.0,0.0,0.0,4.0,4.0,1.0,0.0,0.0,0.0
2385,1.0,0.0,0.0,White,23.6001,4,14.0,14.0,0.0,,43.562,1.0,2.0,2.0,0.0,0.0,3.0,2.0,1.0,0.0,0.0,0.0
2386,1.0,0.0,1.0,White,,7,12.0,14.0,0.0,0.0,,0.0,2.0,3.0,0.0,0.0,3.0,4.0,1.0,0.0,0.0,0.0
2387,0.0,0.0,0.0,White,,7,,12.0,0.0,0.0,,3.0,2.0,2.0,0.0,2.0,4.0,5.0,2.0,0.0,0.0,1.0
2388,0.0,0.0,0.0,White,,7,12.0,14.0,0.0,0.0,,6.0,2.0,3.0,0.0,0.0,4.0,4.0,3.0,1.0,0.0,1.0
2389,1.0,0.0,0.0,Black,0.375,6,10.0,11.0,0.0,0.0,,4.0,3.0,2.0,3.0,0.0,5.0,3.0,1.0,1.0,0.0,0.0
2390,0.0,0.0,1.0,Black,0.375,6,10.0,11.0,0.0,0.0,,2.0,2.0,3.0,0.0,0.0,2.0,1.0,2.0,0.0,0.0,0.0
2391,0.0,0.0,1.0,Black,0.375,6,10.0,11.0,0.0,0.0,,0.0,2.0,3.0,4.0,0.0,3.0,1.0,1.0,0.0,0.0,0.0
2392,1.0,0.0,1.0,White,8.77,6,12.0,17.0,0.0,0.0,62.25,0.0,1.0,2.0,0.0,0.0,4.0,3.0,2.0,0.0,0.0,0.0
2393,1.0,0.0,0.0,White,8.77,6,12.0,17.0,0.0,0.0,42.428,3.0,2.0,2.0,0.0,0.0,3.0,1.0,2.0,0.0,0.0,1.0
2394,1.0,0.0,0.0,White,,4,15.0,13.0,,0.0,87.388,2.0,2.0,2.0,0.0,0.0,1.0,1.0,1.0,0.0,0.0,0.0
2395,0.0,0.0,0.0,White,10.75,4,20.0,17.0,0.0,0.0,68.35,0.0,2.0,1.0,0.0,0.0,2.0,2.0,1.0,0.0,0.0,0.0
2396,1.0,0.0,1.0,White,48.15,4,16.0,16.0,0.0,0.0,88.026,0.0,2.0,3.0,0.0,0.0,3.0,3.0,1.0,0.0,1.0,0.0
2397,1.0,0.0,0.0,White,5.8,5,14.0,19.0,0.0,0.0,78.152,0.0,1.0,1.0,0.0,0.0,1.0,1.0,1.0,0.0,0.0,0.0
2398,1.0,0.0,0.0,White,5.8,5,14.0,19.0,0.0,0.0,43.565,0.0,1.0,1.0,0.0,0.0,1.0,1.0,1.0,0.0,0.0,0.0
2399,1.0,0.0,1.0,White,6.055,5,12.0,16.0,0.0,0.0,35.0,2.0,3.0,3.0,1.0,0.0,4.0,3.0,1.0,0.0,0.0,0.0
2400,1.0,1.0,1.0,White,6.055,5,12.0,16.0,0.0,,22.11,2.0,2.0,3.0,0.0,0.0,5.0,3.0,1.0,0.0,0.0,0.0
2401,1.0,0.0,1.0,White,6.055,5,12.0,16.0,0.0,0.0,26.548,7.0,3.0,2.0,0.0,0.0,5.0,5.0,1.0,0.0,0.0,0.0
2402,1.0,0.0,0.0,White,18.65,5,11.0,12.0,0.0,0.0,23.921,0.0,2.0,2.0,0.0,0.0,1.0,1.0,1.0,0.0,0.0,0.0
2403,1.0,0.0,1.0,White,,4,12.0,12.0,0.0,0.0,89.586,0.0,1.0,2.0,0.0,0.0,4.0,4.0,1.0,0.0,0.0,0.0
2404,0.0,0.0,0.0,White,,4,12.0,12.0,0.0,,38.132,1.0,2.0,2.0,0.0,1.0,1.0,1.0,1.0,1.0,0.0,0.0
2405,1.0,0.0,1.0,White,,4,12.0,14.0,0.0,,91.149,0.0,2.0,3.0,0.0,0.0,4.0,3.0,1.0,0.0,0.0,0.0
2406,0.0,0.0,1.0,White,,4,12.0,14.0,0.0,,91.656,2.0,2.0,2.0,0.0,0.0,4.0,2.0,2.0,0.0,0.0,0.0
2407,1.0,0.0,0.0,White,,4,16.0,12.0,0.0,0.0,66.812,2.0,3.0,3.0,0.0,0.0,3.0,3.0,1.0,1.0,0.0,0.0
2408,1.0,0.0,0.0,White,,4,16.0,12.0,0.0,,37.396,3.0,2.0,4.0,0.0,0.0,5.0,5.0,1.0,0.0,1.0,1.0
2409,1.0,0.0,0.0,White,8.3585,6,12.0,12.0,0.0,1.0,33.663,1.0,2.0,4.0,0.0,0.0,4.0,3.0,3.0,0.0,1.0,0.0
2410,1.0,0.0,0.0,White,8.3585,6,12.0,12.0,0.0,0.0,37.454,3.0,1.0,1.0,0.0,0.0,1.0,,,1.0,1.0,0.0
2411,0.0,1.0,0.0,White,0.65,9,12.0,14.0,0.0,0.0,20.507,4.0,3.0,3.0,0.0,0.0,2.0,1.0,1.0,0.0,0.0,1.0
2412,1.0,0.0,1.0,White,8.85,4,12.0,16.0,0.0,,78.371,3.0,1.0,2.0,0.0,0.0,3.0,2.0,1.0,0.0,,0.0
2413,,,1.0,Hispanic,0.475,4,16.0,16.0,0.0,,,2.0,2.0,3.0,0.0,0.0,1.0,1.0,1.0,0.0,,0.0
2414,1.0,0.0,0.0,Hispanic,,3,12.0,12.0,,0.0,57.614,3.0,2.0,2.0,0.0,0.0,1.0,1.0,1.0,0.0,0.0,0.0
2415,1.0,0.0,1.0,White,7.4,5,12.0,,0.0,,50.965,1.0,2.0,1.0,0.0,0.0,4.0,3.0,1.0,0.0,,0.0
2416,0.0,0.0,1.0,Other,18.73,6,12.0,14.0,0.0,,79.482,0.0,1.0,1.0,0.0,0.0,5.0,5.0,1.0,0.0,,0.0
2417,0.0,0.0,0.0,White,3.42,3,12.0,12.0,0.0,0.0,,4.0,3.0,2.0,0.0,0.0,5.0,2.0,4.0,0.0,0.0,0.0
2418,0.0,0.0,0.0,Hispanic,,7,12.0,12.0,,1.0,24.14,2.0,2.0,2.0,0.0,1.0,4.0,2.0,1.0,0.0,0.0,0.0
2419,0.0,0.0,0.0,Hispanic,2.95,7,12.0,12.0,0.0,1.0,15.43,0.0,1.0,1.0,0.0,1.0,1.0,1.0,1.0,0.0,,1.0
2420,1.0,0.0,1.0,White,27.15,4,12.0,12.0,0.0,0.0,69.098,2.0,2.0,2.0,0.0,0.0,1.0,1.0,1.0,0.0,0.0,0.0
2421,1.0,,0.0,White,2.49,3,17.0,18.0,0.0,,70.58,0.0,2.0,3.0,0.0,0.0,2.0,4.0,1.0,1.0,,0.0
2422,1.0,0.0,0.0,White,2.49,3,17.0,18.0,0.0,,96.904,9.0,2.0,3.0,50.0,0.0,2.0,2.0,1.0,0.0,1.0,0.0
2423,1.0,0.0,0.0,White,14.2,4,16.0,13.0,0.0,0.0,76.009,0.0,2.0,2.0,0.0,0.0,5.0,3.0,2.0,0.0,0.0,1.0
2424,1.0,0.0,1.0,White,14.2,4,16.0,13.0,0.0,,21.666,2.0,2.0,3.0,0.0,0.0,4.0,1.0,1.0,0.0,,0.0
2425,0.0,0.0,0.0,White,26.175,6,12.0,13.0,0.0,,68.696,0.0,2.0,2.0,0.0,0.0,3.0,1.0,2.0,0.0,0.0,0.0
2426,0.0,0.0,1.0,White,4.8,6,12.0,12.0,0.0,0.0,55.637,6.0,2.0,2.0,0.0,0.0,4.0,5.0,1.0,0.0,,0.0
2427,0.0,0.0,1.0,White,12.65,7,10.0,8.0,0.0,0.0,5.137,5.0,2.0,2.0,0.0,1.0,5.0,3.0,2.0,0.0,,0.0
2428,,,0.0,White,,4,16.0,12.0,0.0,,,3.0,2.0,1.0,0.0,0.0,3.0,2.0,1.0,0.0,,0.0
2429,,,0.0,White,,4,16.0,12.0,0.0,,,0.0,2.0,1.0,0.0,0.0,1.0,1.0,1.0,0.0,,0.0
2430,0.0,0.0,1.0,White,,6,10.0,12.0,,0.0,32.807,5.0,2.0,1.0,0.0,0.0,4.0,3.0,1.0,0.0,0.0,0.0
2431,1.0,0.0,0.0,White,,5,12.0,12.0,0.0,0.0,70.807,2.0,1.0,4.0,0.0,0.0,2.0,1.0,1.0,0.0,,0.0
2432,1.0,0.0,1.0,White,15.05,5,12.0,10.0,,,62.684,0.0,2.0,1.0,0.0,0.0,4.0,3.0,1.0,0.0,1.0,0.0
2433,0.0,0.0,1.0,White,15.05,5,12.0,10.0,0.0,0.0,12.337,0.0,2.0,2.0,0.0,0.0,4.0,1.0,1.0,0.0,0.0,0.0
2434,1.0,0.0,0.0,White,8.17,4,12.0,13.0,0.0,0.0,78.235,8.0,2.0,2.0,0.0,0.0,3.0,3.0,1.0,1.0,1.0,0.0
2435,1.0,0.0,1.0,White,8.17,4,12.0,13.0,0.0,0.0,71.937,9.0,2.0,2.0,0.0,0.0,3.0,1.0,1.0,0.0,1.0,0.0
2436,1.0,0.0,0.0,White,11.752,5,12.0,12.0,0.0,,19.914,0.0,2.0,2.0,0.0,0.0,3.0,3.0,1.0,0.0,,0.0
2437,1.0,0.0,1.0,White,11.752,5,12.0,12.0,0.0,,52.481,4.0,2.0,1.0,0.0,0.0,3.0,1.0,1.0,0.0,,0.0
2438,0.0,0.0,1.0,White,1.075,3,12.0,12.0,0.0,0.0,,2.0,2.0,2.0,2.0,5.0,4.0,2.0,1.0,0.0,0.0,0.0
2439,1.0,0.0,0.0,White,1.365,4,12.0,14.0,0.0,0.0,90.412,10.0,1.0,2.0,0.0,0.0,3.0,1.0,1.0,0.0,0.0,0.0
2440,0.0,,1.0,Black,4.85,4,12.0,16.0,0.0,0.0,,4.0,2.0,2.0,0.0,0.0,4.0,4.0,2.0,0.0,0.0,0.0
2441,1.0,0.0,0.0,Black,4.85,4,12.0,16.0,0.0,0.0,27.965,0.0,2.0,3.0,0.0,0.0,2.0,2.0,1.0,0.0,0.0,0.0
2442,0.0,0.0,0.0,Hispanic,15.5001,5,13.0,9.0,0.0,0.0,23.523,3.0,1.0,1.0,0.0,1.0,4.0,2.0,1.0,0.0,,0.0
2443,1.0,0.0,1.0,Hispanic,15.5001,5,13.0,9.0,0.0,0.0,84.573,0.0,2.0,3.0,0.0,0.0,1.0,1.0,1.0,0.0,0.0,0.0
2444,0.0,1.0,1.0,Black,7.35,3,12.0,14.0,0.0,0.0,36.663,3.0,2.0,3.0,0.0,0.0,1.0,1.0,1.0,1.0,,1.0
2445,0.0,0.0,1.0,White,-0.525,5,11.0,12.0,0.0,,32.309,21.0,3.0,2.0,10.0,0.0,5.0,3.0,1.0,0.0,0.0,1.0
2446,1.0,0.0,1.0,White,-0.525,5,11.0,12.0,0.0,0.0,,5.0,2.0,3.0,0.0,0.0,1.0,1.0,1.0,1.0,0.0,0.0
2447,0.0,0.0,0.0,White,5.85,4,10.0,,0.0,0.0,23.715,90.0,2.0,4.0,0.0,4.0,4.0,3.0,2.0,0.0,0.0,1.0
2448,1.0,0.0,1.0,White,3.3,3,18.0,11.0,0.0,0.0,,1.0,2.0,2.0,0.0,0.0,2.0,3.0,1.0,0.0,0.0,0.0
2449,0.0,,0.0,White,3.075,5,12.0,7.0,0.0,,,5.0,3.0,2.0,0.0,1.0,5.0,5.0,2.0,1.0,1.0,1.0
2450,0.0,,1.0,White,3.075,5,12.0,7.0,0.0,,,4.0,2.0,2.0,0.0,0.0,2.0,1.0,1.0,0.0,,0.0
2451,1.0,0.0,0.0,White,0.325,2,12.0,11.0,0.0,0.0,,5.0,2.0,3.0,1.0,1.0,4.0,3.0,2.0,1.0,,0.0
2452,0.0,0.0,1.0,White,0.25,5,10.0,,0.0,0.0,27.227,2.0,2.0,4.0,0.0,1.0,3.0,1.0,1.0,0.0,0.0,0.0
2453,0.0,0.0,0.0,White,0.25,5,10.0,,0.0,0.0,,8.0,2.0,2.0,0.0,0.0,1.0,1.0,1.0,0.0,0.0,0.0
2454,0.0,0.0,1.0,Hispanic,0.155,4,12.0,8.0,1.0,,32.467,15.0,2.0,2.0,0.0,0.0,2.0,3.0,1.0,0.0,,0.0
2455,0.0,0.0,0.0,Hispanic,0.155,4,12.0,8.0,1.0,0.0,2.452,9.0,3.0,1.0,0.0,0.0,2.0,1.0,1.0,0.0,,1.0
2456,1.0,1.0,1.0,White,0.0,4,12.0,12.0,0.0,0.0,53.969,10.0,2.0,3.0,0.0,0.0,4.0,4.0,2.0,0.0,0.0,0.0
2457,0.0,,1.0,White,0.0,4,12.0,12.0,0.0,1.0,46.657,8.0,2.0,2.0,0.0,0.0,1.0,1.0,2.0,0.0,0.0,0.0
2458,1.0,0.0,0.0,White,9.4,3,16.0,16.0,0.0,,96.23,3.0,2.0,2.0,0.0,0.0,2.0,2.0,1.0,0.0,0.0,0.0
2459,1.0,,0.0,White,19.325,5,12.0,16.0,0.0,,91.026,3.0,2.0,2.0,0.0,0.0,2.0,2.0,1.0,0.0,,0.0
2460,1.0,,0.0,White,19.325,5,12.0,16.0,0.0,,93.295,1.0,2.0,2.0,0.0,0.0,3.0,2.0,1.0,0.0,,0.0
2461,1.0,0.0,0.0,White,35.2,5,16.0,16.0,0.0,0.0,88.931,2.0,1.0,1.0,0.0,0.0,1.0,2.0,1.0,0.0,0.0,0.0
2462,0.0,0.0,1.0,White,17.67,5,16.0,17.0,0.0,0.0,33.231,3.0,2.0,3.0,1.0,0.0,5.0,5.0,1.0,0.0,,0.0
2463,1.0,0.0,0.0,White,17.67,5,16.0,17.0,0.0,0.0,53.753,2.0,1.0,2.0,2.0,2.0,2.0,1.0,1.0,1.0,0.0,1.0
2464,1.0,0.0,1.0,White,27.975,6,14.0,14.0,0.0,0.0,94.483,1.0,3.0,2.0,0.0,0.0,3.0,4.0,1.0,0.0,0.0,0.0
2465,1.0,0.0,1.0,White,27.975,6,14.0,14.0,0.0,0.0,49.136,5.0,1.0,2.0,0.0,0.0,2.0,2.0,1.0,0.0,0.0,0.0
2466,1.0,0.0,0.0,White,26.0,4,16.0,16.0,0.0,0.0,92.921,2.0,2.0,2.0,0.0,0.0,2.0,1.0,1.0,0.0,0.0,0.0
2467,1.0,0.0,0.0,White,,4,15.0,14.0,,,,10.0,2.0,3.0,0.0,0.0,3.0,1.0,1.0,0.0,0.0,0.0
2468,1.0,0.0,0.0,White,20.63,5,12.0,18.0,0.0,,76.008,1.0,2.0,2.0,0.0,0.0,2.0,2.0,1.0,0.0,0.0,0.0
2469,0.0,0.0,0.0,White,6.925,4,,,0.0,0.0,,3.0,2.0,4.0,0.0,0.0,1.0,1.0,1.0,1.0,0.0,0.0
2470,0.0,0.0,0.0,White,6.925,4,12.0,13.0,0.0,,96.462,5.0,2.0,3.0,1.0,0.0,4.0,1.0,1.0,1.0,0.0,0.0
2471,,,1.0,White,,4,12.0,13.0,,,,1.0,2.0,2.0,0.0,0.0,4.0,4.0,2.0,0.0,,0.0
2472,1.0,0.0,1.0,White,-0.125,4,14.0,18.0,0.0,0.0,,2.0,2.0,2.0,0.0,0.0,3.0,2.0,1.0,0.0,0.0,0.0
2473,0.0,0.0,1.0,White,3.95,5,12.0,,0.0,,54.9,2.0,2.0,1.0,0.0,0.0,4.0,2.0,1.0,0.0,0.0,0.0
2474,0.0,0.0,1.0,White,3.95,5,12.0,12.0,0.0,0.0,26.496,,2.0,2.0,2.0,0.0,2.0,1.0,1.0,0.0,0.0,0.0
2475,0.0,0.0,1.0,Hispanic,11.45,5,14.0,13.0,0.0,,42.842,5.0,2.0,3.0,0.0,0.0,4.0,3.0,1.0,0.0,0.0,1.0
2476,1.0,0.0,1.0,White,11.45,5,14.0,13.0,0.0,,71.417,7.0,2.0,2.0,0.0,0.0,3.0,1.0,1.0,0.0,0.0,0.0
2477,1.0,0.0,0.0,White,7.125,4,12.0,13.0,0.0,0.0,81.618,1.0,1.0,1.0,0.0,0.0,2.0,1.0,1.0,1.0,1.0,0.0
2478,1.0,0.0,1.0,Asian,3.675,4,,,0.0,0.0,87.857,1.0,2.0,2.0,0.0,0.0,1.0,2.0,2.0,0.0,1.0,0.0
2479,1.0,0.0,0.0,Asian,3.675,4,,,0.0,,86.791,2.0,2.0,3.0,1.0,1.0,2.0,1.0,1.0,0.0,0.0,0.0
2480,1.0,0.0,0.0,White,48.1751,5,20.0,20.0,0.0,0.0,96.704,4.0,2.0,2.0,0.0,0.0,2.0,1.0,1.0,0.0,0.0,0.0
2481,1.0,0.0,0.0,White,3.4355,3,10.0,10.0,0.0,0.0,58.241,2.0,2.0,2.0,0.0,0.0,1.0,1.0,1.0,0.0,1.0,0.0
2482,0.0,0.0,1.0,White,16.7,5,14.0,12.0,0.0,0.0,70.446,0.0,2.0,2.0,0.0,0.0,2.0,4.0,1.0,0.0,0.0,0.0
2483,0.0,0.0,0.0,White,4.3373,4,12.0,10.0,0.0,,75.525,2.0,2.0,2.0,0.0,0.0,2.0,1.0,1.0,0.0,0.0,0.0
2484,1.0,0.0,0.0,White,4.3373,4,12.0,10.0,0.0,,14.912,2.0,2.0,2.0,2.0,2.0,2.0,1.0,1.0,0.0,1.0,0.0
2485,0.0,1.0,0.0,White,13.925,4,12.0,12.0,0.0,,70.771,6.0,2.0,2.0,0.0,0.0,4.0,4.0,2.0,0.0,0.0,1.0
2486,1.0,0.0,1.0,White,,2,13.0,8.0,0.0,,,4.0,2.0,2.0,0.0,0.0,4.0,3.0,2.0,0.0,0.0,0.0
2487,1.0,0.0,0.0,White,,4,12.0,16.0,,0.0,54.543,5.0,2.0,3.0,0.0,0.0,4.0,3.0,2.0,1.0,0.0,0.0
2488,0.0,0.0,1.0,White,,4,12.0,16.0,,0.0,39.305,4.0,2.0,2.0,0.0,0.0,1.0,1.0,1.0,0.0,0.0,1.0
2489,1.0,1.0,1.0,White,6.16,4,15.0,18.0,0.0,,92.51,6.0,2.0,3.0,2.0,0.0,3.0,3.0,1.0,1.0,1.0,0.0
2490,0.0,0.0,0.0,White,,5,15.0,15.0,0.0,0.0,,2.0,2.0,2.0,0.0,1.0,1.0,1.0,1.0,0.0,0.0,1.0
2491,0.0,0.0,1.0,White,,5,15.0,15.0,0.0,0.0,94.72,5.0,1.0,2.0,0.0,0.0,2.0,1.0,1.0,0.0,0.0,0.0
2492,1.0,0.0,0.0,White,3.245,4,19.0,12.0,0.0,,89.588,15.0,2.0,3.0,1.0,0.0,3.0,3.0,1.0,1.0,1.0,0.0
2493,1.0,0.0,1.0,White,15.945,6,12.0,18.0,0.0,0.0,91.837,0.0,2.0,2.0,0.0,0.0,2.0,2.0,1.0,0.0,0.0,0.0
2494,1.0,0.0,1.0,White,15.945,6,12.0,18.0,0.0,0.0,47.055,0.0,1.0,2.0,0.0,0.0,1.0,1.0,1.0,0.0,0.0,0.0
2495,1.0,0.0,1.0,White,6.62,5,14.0,18.0,0.0,0.0,85.764,1.0,2.0,2.0,0.0,0.0,3.0,3.0,,0.0,,0.0
2496,1.0,0.0,0.0,White,,4,18.0,20.0,0.0,0.0,96.832,4.0,2.0,2.0,0.0,0.0,1.0,1.0,1.0,0.0,0.0,0.0
2497,1.0,0.0,0.0,White,2.8,4,13.0,12.0,0.0,0.0,70.129,0.0,3.0,4.0,5.0,0.0,4.0,2.0,3.0,0.0,0.0,1.0
2498,1.0,0.0,0.0,White,4.4975,6,13.0,12.0,0.0,0.0,,0.0,2.0,2.0,0.0,0.0,3.0,3.0,1.0,0.0,0.0,0.0
2499,0.0,0.0,0.0,White,4.4975,6,13.0,12.0,0.0,,,1.0,1.0,3.0,0.0,0.0,3.0,2.0,1.0,1.0,0.0,0.0
2500,1.0,0.0,0.0,White,4.4975,6,13.0,12.0,0.0,0.0,32.536,0.0,2.0,2.0,0.0,0.0,4.0,3.0,2.0,0.0,,0.0
2501,1.0,0.0,1.0,Hispanic,0.4825,4,16.0,12.0,0.0,0.0,,0.0,2.0,3.0,0.0,0.0,2.0,3.0,2.0,0.0,0.0,0.0
2502,0.0,0.0,1.0,White,0.7,3,12.0,10.0,,0.0,1.386,1.0,2.0,3.0,0.0,0.0,5.0,4.0,2.0,0.0,1.0,0.0
2503,1.0,0.0,0.0,White,,3,12.0,12.0,0.0,0.0,84.477,3.0,2.0,3.0,0.0,0.0,3.0,2.0,1.0,0.0,0.0,0.0
2504,1.0,0.0,1.0,White,7.46,5,15.0,19.0,0.0,0.0,86.4,0.0,2.0,2.0,0.0,0.0,2.0,2.0,1.0,0.0,0.0,0.0
2505,0.0,1.0,1.0,White,10.605,4,12.0,11.0,0.0,0.0,41.987,3.0,2.0,2.0,0.0,0.0,5.0,4.0,3.0,0.0,1.0,0.0
2506,0.0,0.0,0.0,White,1.87,4,11.0,9.0,0.0,,29.546,6.0,4.0,2.0,3.0,0.0,4.0,1.0,1.0,0.0,0.0,0.0
2507,0.0,0.0,0.0,White,17.67,3,9.0,8.0,0.0,,13.051,20.0,3.0,2.0,0.0,3.0,2.0,1.0,1.0,0.0,0.0,0.0
2508,0.0,0.0,0.0,White,,7,12.0,12.0,0.0,0.0,73.746,1.0,2.0,3.0,0.0,1.0,4.0,2.0,1.0,0.0,1.0,0.0
2509,0.0,0.0,1.0,White,3.435,5,13.0,11.0,0.0,0.0,35.148,10.0,2.0,2.0,0.0,0.0,5.0,4.0,1.0,1.0,1.0,0.0
2510,1.0,0.0,1.0,White,3.435,5,13.0,11.0,0.0,,76.595,6.0,2.0,3.0,0.0,0.0,3.0,1.0,1.0,0.0,0.0,0.0
2511,0.0,,0.0,White,3.8,4,14.0,12.0,0.0,,,5.0,2.0,2.0,0.0,0.0,5.0,4.0,1.0,0.0,,0.0
2512,0.0,0.0,1.0,White,2.585,5,11.0,14.0,0.0,0.0,2.454,2.0,2.0,2.0,0.0,1.0,3.0,2.0,2.0,0.0,0.0,0.0
2513,1.0,0.0,0.0,White,9.49,5,12.0,12.0,0.0,0.0,69.345,6.0,1.0,2.0,0.0,0.0,3.0,2.0,1.0,0.0,0.0,0.0
2514,0.0,0.0,0.0,White,4.505,5,13.0,12.0,0.0,0.0,85.095,0.0,2.0,2.0,3.0,0.0,3.0,2.0,1.0,1.0,,0.0
2515,1.0,0.0,0.0,White,4.505,5,13.0,12.0,0.0,0.0,74.554,8.0,2.0,2.0,1.0,2.0,1.0,1.0,1.0,1.0,0.0,0.0
2516,0.0,0.0,0.0,White,9.125,3,12.0,9.0,0.0,0.0,,5.0,2.0,2.0,0.0,0.0,4.0,3.0,1.0,0.0,,1.0
2517,0.0,0.0,0.0,White,9.125,3,12.0,9.0,0.0,0.0,,10.0,1.0,2.0,0.0,0.0,1.0,1.0,1.0,0.0,,0.0
2518,1.0,0.0,1.0,White,9.75,5,15.0,12.0,0.0,0.0,21.044,4.0,2.0,2.0,0.0,0.0,4.0,2.0,1.0,0.0,0.0,0.0
2519,1.0,0.0,0.0,White,9.75,5,15.0,12.0,0.0,0.0,,0.0,2.0,2.0,0.0,0.0,4.0,2.0,1.0,0.0,0.0,0.0
2520,0.0,0.0,0.0,White,9.25,5,12.0,,0.0,0.0,16.462,9.0,3.0,4.0,3.0,0.0,3.0,2.0,1.0,1.0,,1.0
2521,1.0,0.0,1.0,White,0.2062,5,12.0,12.0,0.0,,62.355,10.0,2.0,2.0,0.0,0.0,1.0,1.0,1.0,0.0,0.0,0.0
2522,0.0,0.0,0.0,White,17.886,4,12.0,16.0,0.0,0.0,97.634,0.0,1.0,2.0,0.0,0.0,3.0,3.0,1.0,0.0,0.0,0.0
2523,1.0,0.0,0.0,White,17.886,4,12.0,16.0,0.0,0.0,84.294,0.0,2.0,2.0,0.0,0.0,1.0,1.0,1.0,0.0,0.0,0.0
2524,1.0,0.0,0.0,White,9.895,4,14.0,14.0,0.0,0.0,78.872,2.0,2.0,2.0,0.0,0.0,2.0,1.0,2.0,0.0,0.0,0.0
2525,1.0,0.0,0.0,White,9.895,4,14.0,14.0,0.0,,59.939,4.0,2.0,2.0,0.0,0.0,3.0,1.0,1.0,0.0,0.0,0.0
2526,1.0,0.0,0.0,White,27.66,4,12.0,14.0,0.0,,85.565,1.0,1.0,2.0,0.0,0.0,3.0,2.0,1.0,0.0,0.0,0.0
2527,1.0,0.0,0.0,White,4.5,3,12.0,12.0,0.0,,97.445,2.0,1.0,1.0,0.0,0.0,2.0,1.0,1.0,0.0,0.0,0.0
2528,0.0,0.0,1.0,White,19.8561,4,12.0,12.0,0.0,0.0,61.33,0.0,2.0,2.0,0.0,0.0,2.0,2.0,1.0,0.0,0.0,0.0
2529,0.0,0.0,1.0,White,15.82,3,12.0,12.0,0.0,0.0,70.381,10.0,2.0,2.0,1.0,1.0,4.0,2.0,1.0,0.0,0.0,0.0
2530,0.0,0.0,0.0,White,7.455,4,12.0,12.0,0.0,0.0,60.071,4.0,2.0,3.0,0.0,0.0,5.0,4.0,1.0,0.0,0.0,0.0
2531,0.0,0.0,1.0,White,7.455,4,12.0,12.0,0.0,0.0,63.621,4.0,3.0,2.0,0.0,0.0,4.0,4.0,3.0,0.0,0.0,0.0
2532,0.0,0.0,1.0,White,7.375,4,12.0,12.0,1.0,0.0,,4.0,2.0,3.0,2.0,1.0,3.0,1.0,1.0,0.0,,0.0
2533,0.0,0.0,0.0,White,,4,12.0,,,1.0,,9.0,2.0,2.0,0.0,1.0,4.0,1.0,1.0,0.0,0.0,1.0
2534,0.0,0.0,0.0,White,,4,12.0,,,1.0,,14.0,2.0,3.0,1.0,0.0,2.0,2.0,1.0,1.0,0.0,1.0
2535,0.0,0.0,0.0,White,1.86,5,12.0,12.0,0.0,0.0,6.735,12.0,3.0,3.0,1.0,0.0,5.0,4.0,1.0,0.0,,1.0
2536,0.0,0.0,0.0,White,1.86,5,12.0,12.0,0.0,0.0,40.246,2.0,2.0,3.0,0.0,0.0,5.0,3.0,1.0,0.0,,1.0
2537,1.0,0.0,0.0,White,2.38,4,12.0,12.0,0.0,0.0,,3.0,2.0,2.0,0.0,0.0,2.0,1.0,1.0,0.0,1.0,0.0
2538,0.0,0.0,1.0,White,,3,12.0,12.0,0.0,0.0,,0.0,2.0,2.0,0.0,0.0,3.0,3.0,1.0,0.0,,0.0
2539,0.0,,1.0,White,4.81,4,13.0,14.0,0.0,,,6.0,2.0,2.0,0.0,0.0,3.0,2.0,1.0,1.0,,0.0
2540,,,1.0,White,,5,16.0,11.0,0.0,,,8.0,2.0,2.0,0.0,0.0,3.0,2.0,1.0,0.0,,0.0
2541,1.0,0.0,0.0,White,,5,16.0,11.0,0.0,0.0,,1.0,2.0,2.0,0.0,0.0,2.0,1.0,1.0,1.0,,0.0
2542,0.0,1.0,0.0,White,7.26,5,12.0,12.0,0.0,,66.111,16.0,1.0,1.0,1.0,0.0,3.0,4.0,2.0,1.0,,0.0
2543,1.0,0.0,1.0,White,7.26,5,12.0,12.0,0.0,0.0,92.358,10.0,1.0,2.0,0.0,0.0,3.0,3.0,1.0,0.0,,0.0
2544,1.0,0.0,1.0,White,17.75,4,12.0,10.0,0.0,0.0,79.727,3.0,2.0,2.0,0.0,0.0,3.0,3.0,2.0,1.0,0.0,0.0
2545,0.0,0.0,0.0,White,8.55,4,10.0,12.0,0.0,0.0,10.623,5.0,2.0,1.0,2.0,0.0,2.0,1.0,1.0,0.0,0.0,0.0
2546,0.0,0.0,0.0,White,,5,12.0,12.0,0.0,0.0,,,2.0,1.0,,,1.0,1.0,2.0,0.0,,0.0
2547,1.0,0.0,1.0,White,10.75,4,12.0,12.0,0.0,0.0,,2.0,2.0,2.0,0.0,0.0,4.0,2.0,3.0,0.0,0.0,0.0
2548,1.0,0.0,0.0,White,10.75,4,12.0,12.0,0.0,0.0,,2.0,2.0,2.0,0.0,0.0,3.0,1.0,1.0,0.0,0.0,0.0
2549,1.0,0.0,1.0,White,36.4401,4,12.0,8.0,0.0,,21.349,0.0,3.0,2.0,0.0,0.0,4.0,1.0,2.0,0.0,,0.0
2550,0.0,0.0,1.0,White,36.4401,4,12.0,8.0,0.0,,48.309,3.0,3.0,2.0,0.0,0.0,4.0,3.0,2.0,0.0,,0.0
2551,0.0,0.0,1.0,White,0.2775,6,12.0,12.0,0.0,,31.981,0.0,2.0,2.0,0.0,0.0,3.0,3.0,2.0,0.0,0.0,0.0
2552,1.0,0.0,0.0,White,5.7,4,12.0,12.0,0.0,0.0,92.368,1.0,1.0,3.0,0.0,0.0,1.0,1.0,1.0,0.0,0.0,1.0
2553,1.0,0.0,1.0,White,5.25,4,11.0,12.0,0.0,0.0,30.062,6.0,2.0,2.0,0.0,0.0,3.0,2.0,1.0,0.0,0.0,0.0
2554,1.0,1.0,1.0,White,,4,16.0,14.0,0.0,0.0,,5.0,2.0,2.0,0.0,0.0,1.0,1.0,1.0,0.0,0.0,0.0
2555,1.0,0.0,1.0,White,23.85,4,12.0,12.0,0.0,0.0,43.118,8.0,2.0,2.0,0.0,0.0,2.0,1.0,1.0,0.0,0.0,0.0
2556,0.0,1.0,1.0,Hispanic,23.7,3,11.0,8.0,0.0,0.0,57.771,9.0,2.0,3.0,0.0,0.0,3.0,2.0,1.0,0.0,0.0,0.0
2557,1.0,0.0,1.0,White,2.575,4,14.0,14.0,0.0,0.0,97.197,1.0,1.0,1.0,0.0,0.0,1.0,1.0,1.0,0.0,0.0,0.0
2558,1.0,0.0,0.0,White,60.0,3,16.0,18.0,0.0,0.0,90.668,7.0,3.0,2.0,0.0,0.0,4.0,3.0,1.0,1.0,0.0,1.0
2559,0.0,0.0,1.0,White,-0.165,3,10.0,11.0,0.0,1.0,33.975,8.0,2.0,3.0,1.0,0.0,5.0,3.0,1.0,1.0,0.0,0.0
2560,1.0,0.0,0.0,White,18.49,5,12.0,16.0,0.0,0.0,51.359,3.0,2.0,2.0,0.0,0.0,4.0,5.0,1.0,0.0,,0.0
2561,0.0,0.0,1.0,White,18.49,5,12.0,16.0,0.0,0.0,36.511,3.0,2.0,3.0,0.0,0.0,4.0,4.0,3.0,0.0,1.0,0.0
2562,0.0,1.0,0.0,White,5.9,4,12.0,12.0,0.0,0.0,80.262,5.0,2.0,3.0,0.0,0.0,2.0,2.0,1.0,0.0,0.0,0.0
2563,1.0,0.0,0.0,White,6.93,6,12.0,,0.0,0.0,53.705,9.0,2.0,2.0,5.0,3.0,3.0,3.0,2.0,0.0,0.0,0.0
2564,1.0,0.0,0.0,White,59.25,4,16.0,16.0,0.0,0.0,74.898,0.0,1.0,2.0,0.0,0.0,3.0,1.0,1.0,0.0,0.0,0.0
2565,1.0,0.0,1.0,White,3.35,5,15.0,16.0,0.0,0.0,,0.0,2.0,2.0,0.0,0.0,1.0,2.0,1.0,0.0,0.0,0.0
2566,1.0,0.0,0.0,White,3.35,5,15.0,16.0,0.0,0.0,,2.0,2.0,2.0,0.0,0.0,1.0,1.0,1.0,0.0,0.0,0.0
2567,1.0,0.0,1.0,White,,3,12.0,16.0,0.0,0.0,74.584,3.0,2.0,2.0,0.0,0.0,3.0,3.0,1.0,0.0,1.0,0.0
2568,0.0,0.0,0.0,White,,3,12.0,11.0,0.0,,52.4,5.0,3.0,3.0,8.0,2.0,5.0,1.0,1.0,1.0,1.0,1.0
2569,0.0,0.0,0.0,White,,3,12.0,11.0,0.0,,79.806,0.0,2.0,1.0,0.0,0.0,1.0,1.0,1.0,0.0,0.0,0.0
2570,0.0,0.0,1.0,White,,4,12.0,12.0,0.0,0.0,32.92,0.0,2.0,2.0,0.0,0.0,3.0,2.0,1.0,0.0,0.0,0.0
2571,0.0,0.0,1.0,White,,4,12.0,12.0,0.0,0.0,31.842,0.0,2.0,1.0,0.0,0.0,2.0,1.0,1.0,0.0,0.0,0.0
2572,1.0,0.0,1.0,White,,3,18.0,18.0,0.0,0.0,50.16,5.0,2.0,2.0,0.0,0.0,3.0,2.0,1.0,0.0,0.0,0.0
2573,1.0,0.0,0.0,White,31.6501,4,20.0,20.0,0.0,0.0,66.086,0.0,1.0,1.0,12.0,0.0,2.0,1.0,3.0,1.0,1.0,0.0
2574,1.0,0.0,0.0,White,4.78,3,,16.0,1.0,0.0,14.925,2.0,2.0,2.0,0.0,0.0,4.0,3.0,2.0,0.0,0.0,0.0
2575,1.0,0.0,0.0,White,17.55,6,16.0,18.0,0.0,0.0,92.395,1.0,2.0,2.0,0.0,0.0,2.0,2.0,1.0,0.0,0.0,0.0
2576,1.0,0.0,0.0,White,17.55,6,16.0,18.0,0.0,0.0,78.656,,1.0,2.0,0.0,0.0,2.0,1.0,1.0,0.0,0.0,0.0
2577,1.0,0.0,1.0,White,11.8,4,13.0,15.0,0.0,0.0,59.442,15.0,2.0,2.0,0.0,0.0,5.0,2.0,1.0,0.0,0.0,0.0
2578,1.0,,0.0,White,,4,12.0,11.0,0.0,,92.062,2.0,2.0,2.0,0.0,0.0,3.0,3.0,1.0,0.0,,0.0
2579,1.0,0.0,1.0,White,28.02,4,12.0,20.0,0.0,0.0,90.565,1.0,2.0,2.0,0.0,0.0,3.0,4.0,1.0,0.0,0.0,0.0
2580,1.0,0.0,1.0,White,28.02,4,12.0,20.0,0.0,0.0,69.858,4.0,2.0,2.0,0.0,0.0,3.0,3.0,1.0,0.0,0.0,0.0
2581,1.0,0.0,0.0,White,4.15,5,16.0,16.0,0.0,0.0,91.153,3.0,2.0,2.0,2.0,3.0,1.0,1.0,2.0,0.0,0.0,0.0
2582,1.0,0.0,1.0,White,15.601,5,12.0,12.0,0.0,,46.703,3.0,2.0,3.0,0.0,0.0,2.0,1.0,1.0,0.0,0.0,0.0
2583,1.0,0.0,1.0,White,15.715,3,16.0,17.0,0.0,0.0,71.858,2.0,1.0,2.0,0.0,0.0,2.0,1.0,1.0,0.0,0.0,0.0
2584,1.0,0.0,0.0,White,11.95,4,12.0,16.0,0.0,0.0,43.085,3.0,2.0,3.0,0.0,0.0,1.0,1.0,1.0,0.0,0.0,0.0
2585,1.0,0.0,0.0,Asian,,6,,,,0.0,,0.0,1.0,2.0,2.0,0.0,3.0,2.0,3.0,0.0,,0.0
2586,0.0,0.0,1.0,White,0.235,4,10.0,12.0,0.0,0.0,28.718,7.0,2.0,2.0,3.0,0.0,3.0,1.0,1.0,1.0,0.0,1.0
2587,1.0,,1.0,White,0.525,5,12.0,12.0,0.0,,58.553,5.0,1.0,1.0,0.0,0.0,1.0,1.0,1.0,0.0,,0.0
2588,0.0,0.0,1.0,White,0.525,5,12.0,12.0,0.0,,,2.0,1.0,1.0,0.0,0.0,1.0,1.0,1.0,1.0,0.0,0.0
2589,0.0,0.0,0.0,White,,3,14.0,12.0,,0.0,72.559,,3.0,4.0,0.0,0.0,2.0,1.0,1.0,0.0,,0.0
2590,0.0,0.0,1.0,White,-0.174,3,12.0,,0.0,,16.489,,2.0,2.0,5.0,0.0,3.0,3.0,2.0,1.0,0.0,0.0
2591,1.0,0.0,0.0,White,46.1001,5,13.0,16.0,0.0,,68.426,1.0,2.0,2.0,0.0,0.0,1.0,1.0,1.0,0.0,0.0,0.0
2592,1.0,0.0,1.0,White,,3,18.0,19.0,0.0,0.0,81.58,5.0,2.0,2.0,1.0,0.0,4.0,4.0,1.0,0.0,0.0,0.0
2593,1.0,0.0,0.0,White,6.2,4,18.0,18.0,0.0,0.0,97.527,2.0,1.0,2.0,0.0,0.0,1.0,1.0,1.0,0.0,,0.0
2594,1.0,0.0,0.0,White,9.355,2,,20.0,0.0,0.0,98.329,7.0,2.0,3.0,30.0,10.0,4.0,3.0,2.0,1.0,0.0,1.0
2595,0.0,0.0,0.0,White,2.878,4,12.0,12.0,0.0,0.0,56.381,17.0,2.0,3.0,12.0,2.0,3.0,2.0,2.0,1.0,0.0,1.0
2596,1.0,0.0,0.0,White,4.59,6,17.0,10.0,0.0,0.0,80.291,10.0,2.0,2.0,0.0,0.0,4.0,3.0,1.0,0.0,0.0,0.0
2597,1.0,0.0,0.0,White,,6,17.0,10.0,,0.0,71.091,0.0,2.0,4.0,0.0,0.0,3.0,2.0,1.0,0.0,0.0,0.0
2598,0.0,0.0,0.0,White,,4,14.0,14.0,0.0,0.0,67.622,8.0,2.0,3.0,2.0,0.0,2.0,1.0,1.0,1.0,0.0,0.0
2599,1.0,0.0,1.0,White,10.71,4,14.0,14.0,0.0,0.0,34.136,1.0,2.0,2.0,0.0,0.0,3.0,3.0,1.0,0.0,0.0,0.0
2600,1.0,1.0,1.0,White,10.71,4,14.0,14.0,0.0,0.0,47.771,0.0,2.0,2.0,0.0,0.0,2.0,1.0,1.0,0.0,0.0,0.0
2601,0.0,0.0,1.0,White,5.65,4,12.0,18.0,0.0,0.0,46.487,3.0,4.0,4.0,0.0,0.0,4.0,4.0,1.0,0.0,0.0,0.0
2602,0.0,0.0,0.0,Black,6.335,4,12.0,12.0,0.0,,2.669,0.0,2.0,4.0,4.0,0.0,2.0,2.0,1.0,0.0,,1.0
2603,1.0,0.0,0.0,White,18.4701,4,17.0,16.0,0.0,0.0,87.654,4.0,2.0,2.0,0.0,0.0,1.0,1.0,1.0,0.0,0.0,1.0
2604,0.0,0.0,0.0,White,0.235,5,13.0,13.0,1.0,0.0,,1.0,1.0,1.0,0.0,0.0,1.0,1.0,1.0,1.0,0.0,0.0
2605,0.0,,0.0,White,36.85,5,14.0,13.0,0.0,,24.519,2.0,3.0,2.0,0.0,0.0,1.0,1.0,1.0,0.0,,0.0
2606,0.0,0.0,0.0,White,3.17,3,12.0,14.0,0.0,0.0,77.68,,2.0,2.0,0.0,0.0,3.0,2.0,1.0,1.0,,0.0
2607,1.0,0.0,1.0,White,13.44,5,12.0,12.0,0.0,0.0,63.868,1.0,2.0,2.0,0.0,0.0,2.0,2.0,1.0,0.0,0.0,0.0
2608,0.0,0.0,0.0,White,13.44,5,12.0,12.0,0.0,0.0,47.848,0.0,2.0,2.0,0.0,1.0,2.0,1.0,1.0,0.0,0.0,0.0
2609,0.0,0.0,0.0,White,10.65,6,12.0,13.0,0.0,0.0,33.425,2.0,2.0,2.0,0.0,0.0,3.0,1.0,1.0,0.0,0.0,0.0
2610,1.0,0.0,1.0,White,,5,13.0,13.0,0.0,0.0,58.065,5.0,2.0,2.0,0.0,0.0,2.0,1.0,1.0,0.0,0.0,0.0
2611,1.0,0.0,0.0,White,1.2,4,,11.0,0.0,0.0,79.232,5.0,2.0,3.0,0.0,0.0,4.0,2.0,1.0,0.0,0.0,1.0
2612,0.0,0.0,1.0,White,1.2,4,,11.0,0.0,0.0,55.87,2.0,2.0,1.0,0.0,0.0,1.0,1.0,1.0,0.0,0.0,1.0
2613,0.0,0.0,0.0,White,11.515,3,12.0,12.0,0.0,,67.23,2.0,2.0,2.0,0.0,0.0,1.0,2.0,1.0,0.0,,0.0
2614,1.0,0.0,0.0,White,14.145,6,12.0,,0.0,0.0,90.532,20.0,1.0,2.0,2.0,0.0,2.0,1.0,1.0,1.0,0.0,0.0
2615,1.0,0.0,0.0,White,7.805,8,12.0,14.0,0.0,0.0,74.656,0.0,2.0,2.0,0.0,0.0,2.0,2.0,1.0,0.0,0.0,0.0
2616,1.0,0.0,0.0,White,60.0,4,16.0,20.0,0.0,0.0,99.61,1.0,2.0,2.0,0.0,0.0,4.0,4.0,2.0,1.0,1.0,0.0
2617,1.0,0.0,1.0,White,,4,17.0,20.0,0.0,0.0,47.398,10.0,2.0,2.0,0.0,0.0,3.0,3.0,1.0,0.0,0.0,0.0
2618,1.0,0.0,0.0,White,10.0,5,16.0,18.0,0.0,0.0,97.655,1.0,2.0,1.0,0.0,0.0,1.0,1.0,1.0,1.0,0.0,0.0
2619,1.0,0.0,1.0,White,,3,16.0,18.0,0.0,0.0,63.736,0.0,1.0,2.0,0.0,0.0,4.0,2.0,1.0,1.0,0.0,1.0
2620,1.0,,1.0,White,32.89,3,16.0,12.0,0.0,,53.477,1.0,2.0,2.0,0.0,0.0,2.0,2.0,1.0,0.0,,0.0
2621,1.0,0.0,1.0,White,17.0701,3,18.0,16.0,0.0,0.0,66.594,3.0,2.0,2.0,0.0,0.0,3.0,1.0,1.0,0.0,0.0,0.0
2622,0.0,0.0,0.0,White,7.4725,4,13.0,12.0,0.0,0.0,46.535,1.0,2.0,2.0,0.0,0.0,3.0,2.0,1.0,0.0,0.0,1.0
2623,1.0,0.0,0.0,White,7.4725,4,13.0,12.0,0.0,0.0,32.67,0.0,2.0,1.0,0.0,0.0,2.0,1.0,1.0,0.0,0.0,0.0
2624,1.0,0.0,0.0,White,,5,12.0,12.0,0.0,0.0,77.697,2.0,2.0,3.0,0.0,0.0,2.0,3.0,1.0,0.0,0.0,0.0
2625,1.0,0.0,1.0,White,19.4,6,12.0,12.0,0.0,0.0,65.526,1.0,2.0,3.0,0.0,0.0,3.0,2.0,1.0,0.0,0.0,0.0
2626,1.0,0.0,1.0,White,19.4,6,12.0,12.0,0.0,0.0,72.399,2.0,2.0,2.0,0.0,0.0,2.0,2.0,1.0,0.0,0.0,0.0
2627,0.0,0.0,0.0,White,,3,,,0.0,,4.947,4.0,2.0,,0.0,0.0,1.0,1.0,1.0,0.0,0.0,0.0
2628,1.0,0.0,0.0,White,7.72,6,13.0,15.0,0.0,,47.03,10.0,2.0,2.0,0.0,0.0,3.0,1.0,1.0,0.0,0.0,0.0
2629,0.0,0.0,0.0,White,7.477,6,12.0,12.0,0.0,0.0,28.505,,2.0,3.0,0.0,0.0,2.0,,1.0,0.0,0.0,0.0
2630,0.0,0.0,0.0,White,7.477,6,12.0,12.0,0.0,0.0,14.356,3.0,1.0,1.0,0.0,0.0,1.0,1.0,1.0,0.0,0.0,0.0
2631,0.0,0.0,0.0,White,7.477,6,12.0,12.0,0.0,0.0,47.147,,3.0,2.0,0.0,0.0,1.0,1.0,1.0,0.0,0.0,0.0
2632,0.0,0.0,1.0,White,,3,,,,,,2.0,2.0,2.0,0.0,2.0,5.0,5.0,2.0,0.0,0.0,0.0
2633,1.0,0.0,0.0,White,17.55,5,16.0,16.0,0.0,,,7.0,2.0,2.0,0.0,0.0,1.0,1.0,1.0,0.0,1.0,0.0
2634,1.0,0.0,1.0,White,,4,18.0,16.0,0.0,0.0,52.211,4.0,3.0,3.0,0.0,0.0,2.0,3.0,1.0,0.0,,0.0
2635,1.0,0.0,1.0,White,,4,14.0,12.0,0.0,1.0,87.933,8.0,1.0,2.0,0.0,0.0,2.0,2.0,1.0,1.0,0.0,0.0
2636,1.0,0.0,1.0,White,33.75,5,15.0,17.0,0.0,,81.216,4.0,2.0,2.0,0.0,0.0,1.0,1.0,1.0,0.0,0.0,0.0
2637,1.0,0.0,0.0,White,26.27,6,12.0,15.0,0.0,0.0,92.056,5.0,1.0,2.0,1.0,0.0,2.0,2.0,1.0,0.0,0.0,0.0
2638,1.0,0.0,1.0,White,23.65,4,14.0,14.0,0.0,0.0,97.088,1.0,1.0,2.0,0.0,0.0,3.0,3.0,1.0,0.0,0.0,0.0
2639,1.0,0.0,1.0,White,31.295,4,16.0,16.0,0.0,,80.73,0.0,2.0,2.0,0.0,0.0,2.0,2.0,1.0,0.0,0.0,1.0
2640,1.0,0.0,1.0,White,31.295,4,16.0,16.0,0.0,0.0,90.584,2.0,2.0,2.0,0.0,0.0,1.0,1.0,1.0,0.0,0.0,0.0
2641,0.0,0.0,0.0,White,0.375,2,9.0,,0.0,0.0,4.503,2.0,3.0,3.0,0.0,22.0,5.0,2.0,5.0,,0.0,1.0
2642,0.0,1.0,1.0,White,2.0153,4,10.0,,1.0,0.0,63.501,5.0,1.0,2.0,1.0,0.0,3.0,2.0,1.0,0.0,0.0,0.0
2643,0.0,0.0,0.0,White,-0.975,4,10.0,,0.0,1.0,23.119,6.0,2.0,2.0,2.0,0.0,4.0,4.0,4.0,0.0,0.0,1.0
2644,0.0,0.0,0.0,White,1.285,5,9.0,13.0,0.0,,32.398,0.0,3.0,2.0,0.0,1.0,2.0,2.0,2.0,0.0,0.0,0.0
2645,1.0,1.0,1.0,Other,-0.4169,4,12.0,,0.0,0.0,52.838,8.0,2.0,3.0,0.0,0.0,4.0,3.0,3.0,1.0,0.0,1.0
2648,0.0,0.0,0.0,White,1.46,4,12.0,12.0,0.0,0.0,11.875,21.0,3.0,4.0,1.0,1.0,3.0,3.0,1.0,0.0,,0.0
2649,0.0,0.0,0.0,White,-4.825,4,9.0,,1.0,1.0,1.105,4.0,1.0,1.0,6.0,0.0,5.0,3.0,2.0,0.0,0.0,0.0
2650,1.0,,1.0,White,0.36,5,10.0,11.0,1.0,,14.569,6.0,1.0,2.0,0.0,1.0,1.0,1.0,1.0,0.0,,0.0
2651,0.0,0.0,0.0,White,1.6,3,10.0,11.0,0.0,1.0,30.895,10.0,2.0,3.0,4.0,4.0,4.0,3.0,1.0,1.0,0.0,0.0
2652,0.0,0.0,0.0,White,-0.345,4,12.0,16.0,0.0,0.0,66.244,4.0,2.0,2.0,0.0,0.0,1.0,1.0,1.0,0.0,0.0,0.0
2653,0.0,1.0,1.0,White,,3,9.0,,1.0,,7.219,20.0,4.0,4.0,1.0,0.0,4.0,4.0,3.0,1.0,1.0,0.0
2654,1.0,0.0,1.0,White,2.655,5,12.0,12.0,0.0,0.0,37.46,4.0,4.0,1.0,0.0,0.0,4.0,3.0,2.0,0.0,0.0,0.0
2655,1.0,0.0,1.0,White,,5,12.0,12.0,,0.0,57.303,3.0,3.0,2.0,0.0,0.0,4.0,3.0,3.0,0.0,0.0,0.0
2656,0.0,0.0,1.0,White,-0.25,4,15.0,11.0,0.0,1.0,30.231,,2.0,4.0,,,5.0,5.0,3.0,0.0,1.0,0.0
2657,0.0,0.0,1.0,White,-0.25,4,15.0,11.0,0.0,,20.999,5.0,2.0,2.0,0.0,1.0,4.0,4.0,2.0,0.0,0.0,0.0
2658,1.0,0.0,0.0,White,,5,16.0,14.0,0.0,0.0,88.685,5.0,2.0,4.0,0.0,1.0,2.0,2.0,1.0,1.0,1.0,0.0
2659,1.0,0.0,1.0,White,,3,16.0,16.0,0.0,,77.132,0.0,1.0,3.0,0.0,0.0,4.0,3.0,1.0,0.0,0.0,0.0
2660,1.0,0.0,0.0,White,18.8501,6,12.0,14.0,0.0,0.0,35.953,0.0,1.0,2.0,0.0,0.0,4.0,4.0,1.0,0.0,0.0,0.0
2661,1.0,0.0,0.0,White,18.8501,6,12.0,12.0,0.0,0.0,62.48,1.0,2.0,1.0,0.0,1.0,2.0,1.0,1.0,0.0,1.0,0.0
2662,1.0,0.0,0.0,White,35.0001,4,17.0,17.0,0.0,0.0,74.288,0.0,2.0,2.0,0.0,0.0,2.0,2.0,1.0,0.0,0.0,0.0
2663,1.0,0.0,1.0,Other,,4,14.0,16.0,0.0,,54.941,5.0,2.0,3.0,1.0,0.0,4.0,4.0,2.0,0.0,0.0,0.0
2664,1.0,0.0,1.0,White,,5,16.0,13.0,0.0,0.0,39.869,0.0,2.0,3.0,0.0,0.0,2.0,1.0,1.0,0.0,0.0,0.0
2665,1.0,0.0,0.0,White,,5,16.0,13.0,0.0,0.0,43.724,1.0,2.0,2.0,0.0,0.0,1.0,1.0,1.0,0.0,0.0,1.0
2666,0.0,1.0,0.0,White,18.45,5,13.0,14.0,0.0,0.0,39.081,3.0,1.0,2.0,0.0,0.0,1.0,1.0,1.0,0.0,0.0,0.0
2667,1.0,0.0,1.0,White,48.45,4,15.0,20.0,0.0,,96.95,5.0,2.0,1.0,0.0,0.0,1.0,1.0,1.0,0.0,0.0,0.0
2668,0.0,0.0,0.0,White,40.0001,5,12.0,16.0,0.0,0.0,71.591,2.0,3.0,2.0,0.0,0.0,3.0,3.0,1.0,0.0,0.0,0.0
2669,1.0,0.0,1.0,White,26.2,6,17.0,17.0,0.0,0.0,55.339,2.0,2.0,2.0,0.0,0.0,4.0,4.0,2.0,0.0,0.0,0.0
2670,1.0,0.0,1.0,White,17.05,5,12.0,14.0,0.0,0.0,97.936,0.0,1.0,1.0,0.0,0.0,1.0,1.0,1.0,0.0,0.0,0.0
2671,0.0,,1.0,White,,10,12.0,12.0,0.0,,36.892,1.0,2.0,2.0,0.0,0.0,4.0,4.0,1.0,0.0,,0.0
2672,1.0,0.0,1.0,White,17.1982,4,13.0,14.0,0.0,0.0,78.768,0.0,1.0,2.0,2.0,0.0,4.0,4.0,1.0,0.0,0.0,0.0
2673,1.0,0.0,0.0,White,17.1982,4,13.0,14.0,0.0,0.0,64.023,0.0,2.0,3.0,0.0,0.0,3.0,2.0,1.0,0.0,0.0,0.0
2674,1.0,0.0,1.0,White,-1.489,4,14.0,13.0,0.0,0.0,66.562,0.0,2.0,2.0,0.0,0.0,2.0,3.0,1.0,1.0,1.0,0.0
2675,1.0,0.0,1.0,White,-1.489,4,14.0,13.0,0.0,0.0,41.484,0.0,2.0,2.0,0.0,0.0,1.0,1.0,1.0,0.0,0.0,0.0
2676,1.0,0.0,0.0,White,8.38,4,12.0,12.0,0.0,0.0,79.314,5.0,2.0,2.0,3.0,1.0,1.0,1.0,1.0,1.0,0.0,0.0
2677,1.0,0.0,0.0,White,7.2,4,13.0,14.0,0.0,,47.798,0.0,1.0,1.0,0.0,0.0,1.0,1.0,1.0,0.0,0.0,0.0
2678,1.0,0.0,0.0,White,7.2,4,13.0,14.0,0.0,,38.69,0.0,2.0,2.0,0.0,0.0,1.0,1.0,1.0,1.0,0.0,0.0
2679,1.0,0.0,1.0,White,3.245,4,12.0,12.0,0.0,0.0,47.703,3.0,2.0,2.0,0.0,0.0,4.0,2.0,1.0,0.0,0.0,0.0
2680,0.0,0.0,1.0,White,7.4749,3,12.0,14.0,0.0,0.0,99.697,2.0,2.0,2.0,0.0,0.0,3.0,3.0,1.0,0.0,1.0,0.0
2681,1.0,0.0,1.0,White,0.275,3,16.0,16.0,0.0,0.0,98.421,9.0,1.0,2.0,0.0,0.0,3.0,2.0,1.0,0.0,0.0,0.0
2682,0.0,0.0,0.0,Black,0.745,4,16.0,12.0,0.0,0.0,74.239,2.0,2.0,1.0,1.0,0.0,3.0,1.0,1.0,1.0,0.0,0.0
2683,1.0,0.0,0.0,Black,0.745,4,16.0,12.0,0.0,,26.253,3.0,1.0,2.0,15.0,3.0,2.0,4.0,1.0,1.0,0.0,1.0
2684,0.0,0.0,1.0,White,-1.73,5,14.0,12.0,0.0,0.0,22.66,4.0,1.0,4.0,2.0,1.0,1.0,1.0,3.0,0.0,0.0,0.0
2685,0.0,0.0,1.0,White,2.075,3,11.0,12.0,0.0,0.0,51.055,3.0,3.0,3.0,1.0,0.0,4.0,4.0,2.0,0.0,,0.0
2686,0.0,0.0,1.0,White,9.09,3,12.0,12.0,0.0,,60.541,9.0,1.0,2.0,1.0,0.0,4.0,2.0,2.0,0.0,0.0,0.0
2687,1.0,0.0,1.0,White,,4,17.0,14.0,,,66.928,3.0,2.0,2.0,0.0,0.0,4.0,3.0,2.0,0.0,0.0,0.0
2688,0.0,0.0,0.0,White,4.9,2,13.0,14.0,0.0,0.0,37.468,5.0,2.0,2.0,0.0,0.0,2.0,3.0,1.0,0.0,0.0,0.0
2689,1.0,0.0,0.0,White,0.6226,6,13.0,12.0,0.0,,47.308,2.0,2.0,2.0,0.0,0.0,3.0,3.0,1.0,0.0,0.0,0.0
2690,0.0,0.0,0.0,White,0.6226,6,13.0,12.0,0.0,,6.831,0.0,2.0,1.0,0.0,0.0,3.0,1.0,3.0,0.0,0.0,0.0
2691,1.0,0.0,1.0,White,3.32,4,12.0,14.0,0.0,0.0,22.588,1.0,2.0,2.0,0.0,0.0,1.0,3.0,1.0,0.0,0.0,1.0
2692,0.0,0.0,0.0,White,0.225,3,12.0,10.0,0.0,,25.206,5.0,2.0,2.0,1.0,0.0,2.0,4.0,1.0,0.0,1.0,0.0
2693,1.0,0.0,0.0,White,0.225,3,12.0,10.0,0.0,,49.724,2.0,2.0,2.0,0.0,0.0,1.0,1.0,1.0,0.0,0.0,0.0
2694,0.0,0.0,0.0,White,0.4,4,13.0,11.0,1.0,0.0,,36.0,3.0,2.0,0.0,0.0,4.0,2.0,1.0,0.0,1.0,0.0
2695,0.0,0.0,0.0,White,0.4,4,13.0,11.0,0.0,0.0,7.758,40.0,2.0,2.0,0.0,0.0,5.0,4.0,2.0,0.0,0.0,1.0
2696,0.0,0.0,0.0,White,0.4,4,13.0,11.0,0.0,0.0,35.373,9.0,2.0,3.0,0.0,0.0,4.0,3.0,1.0,0.0,,1.0
2697,0.0,0.0,0.0,White,1.645,4,12.0,11.0,0.0,0.0,28.805,6.0,3.0,4.0,0.0,0.0,4.0,4.0,1.0,0.0,0.0,0.0
2698,1.0,0.0,1.0,White,,5,14.0,20.0,0.0,0.0,66.501,0.0,2.0,2.0,0.0,0.0,2.0,3.0,1.0,0.0,0.0,0.0
2699,1.0,0.0,1.0,White,13.105,4,14.0,14.0,0.0,0.0,94.181,3.0,2.0,2.0,0.0,0.0,1.0,1.0,1.0,1.0,0.0,0.0
2700,1.0,0.0,0.0,White,13.105,4,14.0,14.0,0.0,0.0,72.445,1.0,2.0,2.0,0.0,0.0,1.0,1.0,1.0,0.0,0.0,0.0
2701,1.0,0.0,0.0,White,16.55,4,16.0,14.0,0.0,0.0,89.196,11.0,3.0,3.0,3.0,0.0,4.0,5.0,1.0,0.0,1.0,0.0
2702,0.0,0.0,0.0,White,10.735,5,12.0,12.0,0.0,0.0,58.603,2.0,3.0,2.0,0.0,0.0,1.0,1.0,1.0,1.0,0.0,0.0
2703,1.0,0.0,0.0,White,6.185,5,12.0,14.0,0.0,0.0,59.023,0.0,2.0,2.0,0.0,0.0,2.0,3.0,1.0,0.0,0.0,0.0
2704,1.0,0.0,0.0,White,14.9,6,12.0,16.0,0.0,0.0,9.825,1.0,2.0,4.0,0.0,0.0,2.0,2.0,1.0,0.0,1.0,0.0
2705,1.0,0.0,1.0,White,51.75,3,12.0,14.0,0.0,0.0,30.501,0.0,2.0,1.0,0.0,0.0,2.0,2.0,1.0,0.0,0.0,0.0
2706,0.0,1.0,0.0,White,0.35,6,12.0,12.0,0.0,0.0,54.035,5.0,1.0,1.0,0.0,0.0,2.0,1.0,1.0,0.0,0.0,0.0
2707,1.0,0.0,1.0,White,0.35,6,12.0,12.0,0.0,0.0,46.71,0.0,2.0,2.0,0.0,0.0,2.0,1.0,1.0,0.0,0.0,0.0
2708,0.0,0.0,1.0,White,0.35,6,12.0,12.0,0.0,0.0,92.658,0.0,2.0,2.0,0.0,0.0,1.0,1.0,1.0,1.0,0.0,0.0
2709,1.0,0.0,1.0,White,21.805,6,15.0,16.0,0.0,0.0,99.236,5.0,2.0,3.0,0.0,0.0,4.0,3.0,1.0,0.0,0.0,0.0
2710,1.0,0.0,0.0,White,21.805,6,15.0,16.0,0.0,0.0,100.0,0.0,2.0,2.0,0.0,0.0,1.0,1.0,1.0,0.0,0.0,0.0
2711,1.0,0.0,0.0,White,2.451,5,8.0,11.0,0.0,0.0,97.69,12.0,2.0,2.0,0.0,0.0,1.0,1.0,1.0,1.0,0.0,0.0
2712,0.0,0.0,1.0,White,2.025,4,11.0,,0.0,1.0,4.156,2.0,2.0,2.0,0.0,0.0,1.0,1.0,1.0,0.0,,0.0
2713,0.0,0.0,0.0,White,2.025,4,11.0,11.0,0.0,0.0,6.086,3.0,2.0,2.0,0.0,1.0,1.0,1.0,1.0,0.0,,0.0
2714,1.0,0.0,0.0,White,4.525,4,12.0,12.0,0.0,0.0,99.012,4.0,2.0,2.0,0.0,2.0,1.0,1.0,2.0,0.0,0.0,0.0
2715,0.0,0.0,0.0,White,0.4249,3,9.0,10.0,0.0,1.0,6.446,3.0,2.0,3.0,0.0,0.0,4.0,1.0,1.0,1.0,,0.0
2716,0.0,0.0,0.0,Black,1.135,2,16.0,12.0,1.0,0.0,80.121,3.0,2.0,4.0,0.0,1.0,1.0,1.0,1.0,1.0,,0.0
2717,0.0,0.0,1.0,Black,0.05,5,11.0,,0.0,0.0,9.13,10.0,3.0,2.0,0.0,0.0,3.0,3.0,3.0,0.0,0.0,0.0
2718,0.0,0.0,1.0,Black,0.05,5,11.0,12.0,0.0,0.0,8.859,15.0,2.0,2.0,0.0,0.0,5.0,1.0,1.0,0.0,0.0,0.0
2719,0.0,0.0,0.0,Black,0.05,5,11.0,12.0,0.0,,11.434,0.0,2.0,1.0,1.0,0.0,2.0,1.0,1.0,0.0,0.0,1.0
2720,0.0,0.0,1.0,Black,-0.4989,5,10.0,12.0,1.0,0.0,17.973,16.0,4.0,3.0,0.0,0.0,4.0,4.0,1.0,0.0,0.0,0.0
2721,1.0,0.0,0.0,Black,-0.4989,5,10.0,12.0,1.0,0.0,9.223,5.0,2.0,3.0,1.0,0.0,2.0,2.0,2.0,1.0,0.0,0.0
2722,0.0,0.0,1.0,Black,,3,10.0,10.0,,1.0,31.176,2.0,3.0,3.0,0.0,0.0,4.0,4.0,1.0,0.0,,0.0
2723,0.0,0.0,1.0,Black,-0.2979,4,12.0,14.0,0.0,0.0,13.06,0.0,1.0,1.0,0.0,0.0,1.0,1.0,1.0,1.0,1.0,0.0
2724,1.0,0.0,1.0,Black,1.925,3,13.0,13.0,0.0,0.0,13.75,9.0,2.0,3.0,0.0,0.0,3.0,4.0,3.0,0.0,,0.0
2725,1.0,0.0,1.0,White,,5,16.0,16.0,0.0,0.0,81.49,7.0,2.0,,0.0,0.0,1.0,1.0,1.0,0.0,,0.0
2726,1.0,0.0,1.0,Asian,,3,,,,,95.001,3.0,2.0,2.0,0.0,0.0,3.0,3.0,1.0,0.0,,0.0
2727,1.0,0.0,0.0,Hispanic,7.85,4,12.0,16.0,0.0,0.0,66.812,2.0,1.0,2.0,0.0,0.0,2.0,1.0,1.0,0.0,0.0,0.0
2728,1.0,0.0,0.0,White,,4,16.0,16.0,0.0,0.0,,2.0,1.0,1.0,0.0,0.0,1.0,1.0,1.0,0.0,0.0,0.0
2729,0.0,0.0,1.0,White,,4,12.0,,,0.0,0.631,6.0,3.0,2.0,5.0,0.0,,,,,1.0,0.0
2730,1.0,0.0,0.0,White,,4,16.0,16.0,0.0,0.0,91.806,18.0,2.0,1.0,0.0,0.0,2.0,2.0,1.0,0.0,0.0,0.0
2731,0.0,0.0,0.0,White,19.4,5,17.0,16.0,0.0,0.0,97.433,3.0,2.0,1.0,0.0,0.0,2.0,2.0,1.0,0.0,0.0,0.0
2732,1.0,0.0,0.0,White,3.425,4,14.0,14.0,0.0,0.0,70.407,3.0,1.0,2.0,0.0,0.0,2.0,1.0,1.0,0.0,0.0,1.0
2733,0.0,0.0,0.0,White,20.2001,3,20.0,19.0,0.0,0.0,69.75,4.0,2.0,2.0,0.0,0.0,3.0,2.0,1.0,0.0,0.0,0.0
2734,1.0,0.0,1.0,White,,8,16.0,18.0,0.0,0.0,94.333,0.0,2.0,2.0,0.0,0.0,1.0,1.0,1.0,0.0,0.0,0.0
2735,1.0,0.0,0.0,Hispanic,,8,,,1.0,0.0,19.952,1.0,2.0,2.0,0.0,0.0,1.0,1.0,1.0,0.0,0.0,0.0
2736,0.0,0.0,0.0,White,,8,,,0.0,0.0,18.834,0.0,1.0,2.0,0.0,0.0,1.0,1.0,1.0,1.0,0.0,0.0
2737,1.0,0.0,0.0,White,9.375,5,13.0,12.0,0.0,0.0,79.494,2.0,2.0,2.0,0.0,0.0,2.0,2.0,1.0,0.0,0.0,0.0
2738,1.0,1.0,0.0,White,9.375,5,13.0,12.0,0.0,0.0,77.092,0.0,1.0,1.0,0.0,0.0,1.0,1.0,1.0,0.0,0.0,0.0
2739,1.0,0.0,1.0,White,2.075,4,12.0,11.0,1.0,0.0,45.145,10.0,2.0,4.0,0.0,0.0,4.0,2.0,1.0,0.0,0.0,0.0
2740,0.0,0.0,1.0,White,37.23,5,12.0,12.0,0.0,0.0,22.495,3.0,2.0,4.0,2.0,0.0,5.0,3.0,1.0,0.0,0.0,0.0
2741,0.0,0.0,0.0,White,19.2,4,,,0.0,0.0,36.224,0.0,2.0,3.0,0.0,0.0,1.0,2.0,1.0,0.0,0.0,0.0
2742,0.0,0.0,0.0,White,12.0,4,16.0,18.0,0.0,0.0,51.882,2.0,2.0,2.0,0.0,0.0,3.0,2.0,1.0,0.0,0.0,0.0
2743,0.0,0.0,0.0,White,12.0,4,16.0,18.0,0.0,0.0,30.544,1.0,1.0,2.0,0.0,0.0,3.0,3.0,2.0,0.0,0.0,0.0
2744,1.0,0.0,1.0,White,,4,14.0,20.0,0.0,0.0,18.264,5.0,2.0,3.0,0.0,0.0,1.0,1.0,1.0,0.0,0.0,0.0
2745,0.0,0.0,1.0,White,-0.15,3,10.0,15.0,0.0,,,12.0,2.0,2.0,0.0,0.0,4.0,3.0,1.0,0.0,0.0,0.0
2746,0.0,0.0,1.0,Hispanic,3.67,4,12.0,15.0,0.0,0.0,56.258,10.0,2.0,2.0,1.0,2.0,2.0,1.0,1.0,1.0,0.0,0.0
2747,0.0,0.0,0.0,White,4.7588,2,12.0,14.0,0.0,,31.976,0.0,2.0,2.0,0.0,0.0,3.0,2.0,1.0,1.0,0.0,0.0
2748,1.0,0.0,1.0,White,16.7,2,17.0,17.0,0.0,,,0.0,2.0,2.0,0.0,0.0,1.0,1.0,1.0,1.0,0.0,0.0
2749,0.0,0.0,1.0,White,7.9001,5,12.0,13.0,0.0,0.0,38.287,2.0,1.0,3.0,5.0,0.0,4.0,3.0,2.0,1.0,1.0,0.0
2750,1.0,0.0,1.0,White,7.9001,5,12.0,13.0,0.0,0.0,54.296,1.0,2.0,2.0,0.0,0.0,2.0,2.0,2.0,0.0,0.0,0.0
2751,1.0,0.0,1.0,White,,2,17.0,12.0,,,75.291,1.0,2.0,2.0,0.0,0.0,1.0,1.0,1.0,1.0,0.0,0.0
2752,0.0,0.0,0.0,White,-0.82,4,14.0,12.0,0.0,0.0,28.709,3.0,1.0,2.0,0.0,0.0,4.0,2.0,2.0,,0.0,1.0
2753,1.0,0.0,0.0,White,-0.82,4,14.0,12.0,0.0,0.0,48.465,0.0,2.0,3.0,0.0,0.0,2.0,1.0,1.0,0.0,0.0,0.0
2754,1.0,0.0,1.0,Asian,,6,12.0,12.0,,0.0,83.923,1.0,2.0,2.0,0.0,0.0,2.0,1.0,1.0,0.0,0.0,0.0
2755,1.0,0.0,0.0,Asian,,6,12.0,12.0,,0.0,78.416,1.0,2.0,2.0,0.0,0.0,2.0,1.0,1.0,1.0,0.0,0.0
2756,1.0,0.0,0.0,White,,4,16.0,16.0,,0.0,92.833,3.0,1.0,2.0,0.0,1.0,1.0,1.0,1.0,1.0,1.0,0.0
2757,0.0,1.0,1.0,White,8.55,4,18.0,16.0,0.0,0.0,94.897,3.0,2.0,2.0,0.0,0.0,1.0,1.0,1.0,0.0,0.0,0.0
2758,1.0,0.0,0.0,White,,6,12.0,17.0,,0.0,86.272,2.0,2.0,3.0,0.0,0.0,2.0,3.0,1.0,0.0,1.0,0.0
2759,0.0,0.0,0.0,White,,3,12.0,,0.0,1.0,19.597,2.0,2.0,2.0,0.0,0.0,,,,0.0,0.0,0.0
2760,0.0,0.0,1.0,White,0.75,4,11.0,11.0,1.0,0.0,11.202,,3.0,3.0,,,3.0,3.0,2.0,0.0,0.0,0.0
2761,1.0,0.0,0.0,White,,3,12.0,12.0,0.0,1.0,61.233,4.0,2.0,3.0,2.0,1.0,4.0,3.0,3.0,1.0,0.0,0.0
2762,1.0,0.0,0.0,White,6.8,4,14.0,18.0,0.0,0.0,68.397,0.0,2.0,3.0,0.0,0.0,4.0,3.0,1.0,0.0,0.0,0.0
2763,0.0,1.0,1.0,White,5.25,4,12.0,12.0,0.0,1.0,42.996,1.0,1.0,1.0,0.0,0.0,1.0,1.0,1.0,0.0,0.0,0.0
2764,1.0,0.0,1.0,Black,,7,11.0,12.0,,0.0,88.455,14.0,2.0,2.0,0.0,0.0,2.0,1.0,1.0,0.0,0.0,0.0
2765,1.0,0.0,0.0,White,,2,14.0,16.0,0.0,,67.58,3.0,1.0,1.0,90.0,0.0,2.0,1.0,1.0,0.0,,0.0
2766,0.0,0.0,0.0,White,14.4,4,10.0,13.0,0.0,0.0,11.802,4.0,2.0,1.0,0.0,2.0,3.0,1.0,3.0,0.0,0.0,1.0
2767,0.0,1.0,1.0,White,2.35,4,11.0,14.0,0.0,0.0,41.538,1.0,2.0,2.0,1.0,0.0,4.0,5.0,1.0,0.0,0.0,1.0
2768,1.0,0.0,1.0,White,,5,16.0,19.0,,0.0,91.993,5.0,1.0,2.0,5.0,0.0,2.0,2.0,1.0,0.0,0.0,0.0
2769,1.0,,1.0,White,25.2621,3,13.0,12.0,0.0,,45.173,1.0,2.0,2.0,0.0,0.0,3.0,2.0,1.0,1.0,1.0,0.0
2770,1.0,0.0,1.0,White,3.12,5,12.0,12.0,0.0,0.0,70.408,1.0,2.0,2.0,0.0,0.0,3.0,3.0,,0.0,0.0,0.0
2771,1.0,,1.0,White,26.0001,3,17.0,17.0,0.0,,47.508,2.0,2.0,2.0,0.0,0.0,5.0,4.0,1.0,0.0,,0.0
2772,1.0,,1.0,White,10.55,4,12.0,12.0,0.0,,81.475,3.0,1.0,1.0,0.0,0.0,3.0,1.0,1.0,0.0,,0.0
2773,1.0,1.0,0.0,White,,4,,,0.0,,,,1.0,2.0,0.0,1.0,3.0,2.0,1.0,1.0,,1.0
2774,0.0,0.0,0.0,White,,4,,,0.0,,,2.0,2.0,2.0,0.0,0.0,2.0,2.0,1.0,1.0,,1.0
2775,1.0,0.0,0.0,White,19.5,6,14.0,14.0,0.0,0.0,85.58,3.0,2.0,3.0,0.0,0.0,2.0,1.0,1.0,0.0,,0.0
2776,1.0,0.0,0.0,White,19.5,6,14.0,14.0,0.0,0.0,68.704,4.0,2.0,2.0,0.0,0.0,1.0,1.0,1.0,0.0,,0.0
2777,1.0,0.0,1.0,White,14.55,5,16.0,16.0,0.0,0.0,75.553,3.0,2.0,2.0,0.0,0.0,2.0,2.0,1.0,0.0,0.0,0.0
2778,1.0,0.0,0.0,White,14.55,5,16.0,16.0,0.0,0.0,97.072,3.0,1.0,2.0,0.0,0.0,2.0,1.0,1.0,0.0,0.0,0.0
2779,1.0,0.0,0.0,White,9.375,4,12.0,,0.0,0.0,93.516,2.0,2.0,2.0,0.0,0.0,2.0,2.0,1.0,0.0,0.0,0.0
2780,0.0,0.0,1.0,White,3.35,3,12.0,12.0,0.0,0.0,,3.0,2.0,1.0,0.0,0.0,4.0,2.0,1.0,0.0,0.0,0.0
2781,1.0,0.0,1.0,White,44.75,4,12.0,12.0,0.0,0.0,48.893,7.0,2.0,2.0,0.0,0.0,5.0,3.0,1.0,0.0,0.0,0.0
2782,1.0,0.0,1.0,White,16.25,3,12.0,14.0,0.0,0.0,87.405,5.0,1.0,1.0,0.0,0.0,3.0,4.0,1.0,0.0,0.0,0.0
2783,1.0,0.0,1.0,White,14.55,5,12.0,14.0,0.0,,,0.0,1.0,1.0,0.0,0.0,3.0,3.0,2.0,0.0,,0.0
2784,1.0,0.0,1.0,White,,5,15.0,18.0,0.0,0.0,38.702,1.0,2.0,4.0,0.0,0.0,5.0,5.0,3.0,0.0,0.0,0.0
2785,0.0,0.0,1.0,White,,5,15.0,18.0,0.0,0.0,36.595,2.0,2.0,3.0,1.0,0.0,3.0,1.0,1.0,0.0,0.0,0.0
2786,0.0,0.0,0.0,White,8.05,4,12.0,12.0,0.0,0.0,,1.0,2.0,1.0,0.0,2.0,1.0,3.0,1.0,0.0,,0.0
2787,1.0,0.0,1.0,White,12.25,4,13.0,13.0,0.0,0.0,97.208,5.0,1.0,2.0,0.0,0.0,2.0,3.0,1.0,0.0,0.0,0.0
2788,0.0,0.0,0.0,White,12.25,4,13.0,13.0,0.0,0.0,86.885,1.0,1.0,4.0,0.0,0.0,3.0,3.0,1.0,0.0,0.0,0.0
2789,1.0,0.0,0.0,White,2.7,5,12.0,9.0,0.0,,,2.0,2.0,2.0,0.0,0.0,3.0,2.0,1.0,0.0,0.0,1.0
2790,0.0,0.0,0.0,White,,5,12.0,14.0,0.0,0.0,,1.0,1.0,2.0,0.0,0.0,3.0,3.0,2.0,0.0,1.0,0.0
2791,1.0,0.0,0.0,White,,5,12.0,14.0,0.0,0.0,85.451,2.0,2.0,3.0,0.0,0.0,1.0,1.0,1.0,0.0,0.0,0.0
2792,0.0,1.0,1.0,White,59.9001,3,17.0,16.0,0.0,0.0,96.142,2.0,3.0,2.0,0.0,0.0,2.0,1.0,1.0,1.0,1.0,0.0
2793,1.0,0.0,1.0,White,,3,10.0,,,,57.829,2.0,2.0,2.0,2.0,0.0,2.0,2.0,2.0,0.0,0.0,0.0
2794,0.0,0.0,0.0,White,,4,12.0,12.0,,0.0,,5.0,2.0,1.0,2.0,0.0,3.0,1.0,1.0,1.0,0.0,0.0
2795,0.0,1.0,0.0,White,,5,15.0,14.0,,0.0,,5.0,2.0,2.0,0.0,0.0,4.0,4.0,2.0,1.0,1.0,0.0
2796,1.0,0.0,1.0,White,,5,15.0,14.0,,,,2.0,2.0,2.0,0.0,0.0,2.0,2.0,2.0,0.0,0.0,0.0
2797,1.0,0.0,1.0,White,,4,13.0,17.0,0.0,,80.893,10.0,3.0,2.0,0.0,0.0,5.0,4.0,1.0,0.0,1.0,0.0
2798,0.0,0.0,0.0,White,,5,14.0,12.0,,0.0,21.624,1.0,2.0,3.0,0.0,0.0,2.0,1.0,1.0,0.0,0.0,1.0
2799,0.0,0.0,0.0,Black,,4,,12.0,0.0,0.0,79.651,5.0,2.0,2.0,2.0,0.0,5.0,3.0,2.0,1.0,1.0,0.0
2800,0.0,0.0,0.0,Black,,4,11.0,12.0,0.0,0.0,23.132,2.0,3.0,1.0,1.0,0.0,5.0,2.0,1.0,0.0,0.0,1.0
2801,1.0,0.0,1.0,White,,4,19.0,14.0,0.0,0.0,87.998,5.0,2.0,2.0,1.0,0.0,3.0,2.0,1.0,0.0,0.0,0.0
2802,0.0,0.0,1.0,White,48.7701,5,13.0,13.0,0.0,0.0,50.436,1.0,2.0,2.0,0.0,0.0,2.0,2.0,1.0,0.0,0.0,0.0
2803,1.0,0.0,1.0,White,30.8,4,17.0,16.0,0.0,,48.056,2.0,1.0,1.0,0.0,0.0,3.0,2.0,1.0,0.0,0.0,0.0
2804,0.0,0.0,1.0,White,30.8,4,17.0,16.0,0.0,,43.479,2.0,1.0,1.0,0.0,0.0,3.0,3.0,1.0,0.0,0.0,0.0
2805,0.0,0.0,1.0,White,4.13,2,12.0,13.0,0.0,0.0,60.566,6.0,3.0,3.0,0.0,0.0,4.0,,1.0,1.0,1.0,0.0
2806,1.0,0.0,1.0,White,32.25,5,16.0,16.0,0.0,0.0,85.134,1.0,2.0,1.0,0.0,0.0,4.0,4.0,2.0,0.0,0.0,0.0
2807,0.0,0.0,0.0,White,32.25,5,16.0,16.0,0.0,0.0,67.574,3.0,2.0,2.0,2.0,0.0,4.0,3.0,2.0,0.0,0.0,0.0
2808,0.0,0.0,0.0,White,,3,12.0,12.0,,,,7.0,2.0,2.0,2.0,0.0,4.0,4.0,3.0,0.0,,1.0
2809,0.0,0.0,1.0,Black,,16,12.0,13.0,,0.0,20.392,12.0,4.0,3.0,0.0,0.0,3.0,2.0,4.0,0.0,0.0,1.0
2810,0.0,0.0,0.0,Black,,16,12.0,13.0,,0.0,19.638,10.0,3.0,2.0,1.0,6.0,4.0,3.0,4.0,0.0,0.0,0.0
2811,0.0,0.0,1.0,Black,1.99,6,12.0,12.0,0.0,1.0,,2.0,2.0,1.0,0.0,0.0,1.0,1.0,1.0,0.0,,0.0
2812,1.0,1.0,1.0,White,3.27,3,12.0,15.0,0.0,0.0,66.849,9.0,3.0,4.0,0.0,0.0,4.0,5.0,4.0,0.0,0.0,0.0
2813,0.0,1.0,0.0,Black,0.875,5,13.0,12.0,0.0,0.0,66.652,3.0,2.0,1.0,0.0,0.0,4.0,2.0,2.0,0.0,1.0,1.0
2814,0.0,0.0,0.0,Black,,5,11.0,,0.0,,1.008,0.0,2.0,2.0,0.0,0.0,5.0,2.0,3.0,1.0,,1.0
2815,0.0,0.0,1.0,Black,,5,11.0,,0.0,0.0,1.602,1.0,3.0,3.0,0.0,1.0,,3.0,4.0,0.0,,0.0
2816,0.0,0.0,1.0,Black,,5,11.0,,0.0,0.0,4.148,5.0,2.0,3.0,0.0,1.0,2.0,5.0,1.0,0.0,0.0,1.0
2817,1.0,0.0,1.0,White,22.31,3,12.0,12.0,0.0,,54.189,0.0,2.0,2.0,0.0,0.0,3.0,3.0,2.0,0.0,,0.0
2818,1.0,0.0,1.0,White,-0.8454,6,16.0,20.0,1.0,0.0,94.594,3.0,2.0,1.0,0.0,0.0,1.0,1.0,1.0,0.0,0.0,0.0
2819,1.0,0.0,0.0,Black,2.375,4,14.0,14.0,0.0,0.0,37.76,23.0,2.0,3.0,0.0,0.0,3.0,1.0,3.0,0.0,,1.0
2820,1.0,0.0,1.0,Black,2.375,4,14.0,14.0,0.0,0.0,80.738,0.0,3.0,2.0,5.0,0.0,1.0,2.0,2.0,1.0,,0.0
2821,0.0,0.0,1.0,Black,0.025,3,,12.0,0.0,0.0,1.523,10.0,2.0,1.0,0.0,0.0,3.0,3.0,3.0,0.0,0.0,0.0
2822,0.0,1.0,0.0,Black,-0.3182,3,11.0,,0.0,1.0,,2.0,4.0,4.0,1.0,0.0,2.0,3.0,2.0,0.0,0.0,1.0
2823,0.0,0.0,0.0,Black,0.05,4,12.0,12.0,0.0,,,5.0,4.0,4.0,0.0,0.0,5.0,5.0,4.0,0.0,1.0,0.0
2824,0.0,0.0,1.0,Black,5.75,4,16.0,,0.0,,18.646,0.0,2.0,2.0,0.0,0.0,2.0,3.0,2.0,0.0,,1.0
2825,0.0,0.0,0.0,Black,5.75,4,,,0.0,0.0,3.338,0.0,1.0,1.0,0.0,1.0,2.0,2.0,4.0,1.0,0.0,1.0
2826,0.0,0.0,1.0,Black,5.75,4,,,0.0,1.0,4.301,5.0,2.0,3.0,99.0,0.0,1.0,1.0,5.0,0.0,0.0,0.0
2827,0.0,0.0,1.0,Black,,5,11.0,,,0.0,,8.0,2.0,1.0,0.0,0.0,1.0,1.0,1.0,1.0,0.0,0.0
2828,1.0,0.0,1.0,Black,-0.23,3,16.0,16.0,0.0,0.0,48.789,0.0,1.0,2.0,0.0,0.0,5.0,5.0,5.0,0.0,0.0,0.0
2829,0.0,1.0,0.0,White,0.752,2,12.0,,0.0,,53.488,60.0,2.0,4.0,7.0,1.0,5.0,4.0,3.0,1.0,1.0,0.0
2830,0.0,0.0,0.0,Black,2.4,3,12.0,12.0,0.0,,,3.0,2.0,2.0,0.0,0.0,2.0,1.0,2.0,1.0,,0.0
2831,0.0,0.0,0.0,White,8.425,6,11.0,12.0,0.0,0.0,,25.0,3.0,4.0,0.0,0.0,5.0,5.0,1.0,0.0,,0.0
2832,0.0,0.0,1.0,White,8.425,6,11.0,12.0,0.0,0.0,,8.0,2.0,2.0,0.0,0.0,3.0,4.0,1.0,0.0,,0.0
2833,1.0,0.0,0.0,White,21.7,5,16.0,12.0,0.0,0.0,87.07,3.0,2.0,2.0,0.0,0.0,1.0,1.0,1.0,0.0,0.0,0.0
2834,1.0,0.0,1.0,White,6.05,3,,12.0,0.0,0.0,,1.0,2.0,2.0,0.0,0.0,3.0,2.0,2.0,0.0,0.0,0.0
2835,0.0,0.0,0.0,White,,3,12.0,16.0,0.0,0.0,52.189,4.0,1.0,2.0,0.0,0.0,3.0,3.0,2.0,0.0,,1.0
2836,1.0,0.0,1.0,Black,,5,14.0,13.0,,0.0,16.513,5.0,2.0,2.0,0.0,0.0,3.0,4.0,2.0,0.0,,1.0
2837,1.0,,1.0,Black,,5,14.0,13.0,,,54.625,1.0,2.0,2.0,0.0,0.0,2.0,3.0,1.0,0.0,,0.0
2838,1.0,,1.0,Black,,3,11.0,,,,,2.0,1.0,1.0,0.0,0.0,3.0,3.0,3.0,0.0,,0.0
2839,0.0,0.0,1.0,White,,3,16.0,15.0,0.0,0.0,64.788,6.0,2.0,4.0,0.0,0.0,3.0,3.0,2.0,1.0,0.0,0.0
2840,1.0,0.0,1.0,White,0.063,4,14.0,,1.0,,64.15,2.0,2.0,2.0,0.0,0.0,1.0,1.0,1.0,0.0,0.0,0.0
2841,1.0,0.0,1.0,White,,5,13.0,14.0,,0.0,,2.0,2.0,2.0,0.0,0.0,1.0,1.0,1.0,0.0,0.0,0.0
2842,0.0,0.0,1.0,White,6.25,4,12.0,10.0,0.0,0.0,,0.0,3.0,2.0,0.0,1.0,4.0,3.0,1.0,,,1.0
2843,1.0,0.0,1.0,White,1.25,3,15.0,12.0,0.0,0.0,70.32,10.0,2.0,2.0,0.0,1.0,4.0,4.0,1.0,0.0,,0.0
2844,1.0,0.0,1.0,White,1.25,3,15.0,12.0,0.0,0.0,69.919,5.0,2.0,3.0,0.0,0.0,2.0,1.0,1.0,0.0,0.0,0.0
2845,0.0,0.0,1.0,White,1.95,3,12.0,11.0,0.0,0.0,42.019,3.0,1.0,2.0,4.0,0.0,4.0,3.0,3.0,1.0,,0.0
2846,0.0,0.0,0.0,White,0.225,3,13.0,7.0,0.0,1.0,,20.0,1.0,2.0,0.0,5.0,4.0,4.0,1.0,0.0,0.0,0.0
2847,0.0,1.0,1.0,White,0.225,3,12.0,,0.0,1.0,,6.0,2.0,2.0,0.0,0.0,2.0,1.0,1.0,0.0,0.0,1.0
2848,1.0,0.0,1.0,White,,3,12.0,11.0,,0.0,61.463,6.0,2.0,3.0,0.0,0.0,4.0,3.0,1.0,0.0,1.0,1.0
2849,,0.0,1.0,White,0.4251,4,9.0,10.0,1.0,0.0,,15.0,2.0,2.0,2.0,1.0,3.0,3.0,3.0,0.0,0.0,1.0
2850,0.0,0.0,0.0,White,9.345,5,12.0,12.0,0.0,0.0,,8.0,2.0,2.0,1.0,0.0,4.0,3.0,1.0,1.0,1.0,0.0
2851,0.0,0.0,0.0,White,9.17,4,12.0,11.0,0.0,0.0,53.033,5.0,2.0,1.0,0.0,0.0,2.0,2.0,1.0,0.0,0.0,1.0
2852,,,1.0,White,,6,10.0,12.0,,,,0.0,1.0,2.0,10.0,1.0,1.0,1.0,1.0,0.0,,0.0
2853,0.0,0.0,1.0,White,,4,12.0,7.0,,,33.867,3.0,2.0,2.0,0.0,0.0,4.0,3.0,1.0,0.0,0.0,1.0
2854,0.0,0.0,0.0,White,2.25,4,12.0,6.0,0.0,0.0,52.855,1.0,2.0,2.0,30.0,30.0,5.0,4.0,2.0,0.0,1.0,1.0
2855,1.0,0.0,1.0,White,3.025,4,13.0,12.0,0.0,0.0,,6.0,1.0,1.0,0.0,0.0,1.0,1.0,1.0,0.0,0.0,0.0
2856,0.0,0.0,1.0,White,3.025,4,13.0,12.0,0.0,0.0,,8.0,2.0,2.0,0.0,0.0,3.0,1.0,1.0,0.0,0.0,0.0
2857,,,0.0,White,3.425,2,12.0,12.0,0.0,,,8.0,2.0,2.0,0.0,0.0,4.0,4.0,1.0,0.0,,0.0
2858,1.0,0.0,0.0,White,4.545,2,9.0,12.0,0.0,0.0,70.024,3.0,1.0,1.0,99.0,0.0,5.0,4.0,3.0,1.0,0.0,0.0
2859,0.0,0.0,1.0,White,,3,8.0,,,0.0,61.633,3.0,2.0,2.0,0.0,0.0,3.0,2.0,1.0,0.0,,0.0
2860,0.0,0.0,0.0,White,,3,10.0,9.0,,1.0,9.578,23.0,2.0,2.0,1.0,12.0,5.0,2.0,1.0,0.0,0.0,1.0
2861,0.0,0.0,1.0,White,,3,10.0,9.0,,1.0,3.174,10.0,1.0,1.0,1.0,0.0,5.0,5.0,1.0,0.0,0.0,
2862,0.0,1.0,0.0,White,,4,12.0,12.0,,0.0,64.682,6.0,3.0,4.0,30.0,1.0,4.0,4.0,1.0,0.0,,1.0
2863,0.0,0.0,0.0,White,,4,12.0,12.0,,,22.475,0.0,2.0,4.0,2.0,1.0,3.0,2.0,1.0,0.0,,1.0
2864,0.0,0.0,1.0,White,,6,10.0,13.0,,0.0,28.905,90.0,3.0,4.0,7.0,13.0,5.0,5.0,3.0,0.0,,1.0
2865,0.0,0.0,1.0,White,0.375,6,10.0,12.0,0.0,0.0,34.734,3.0,2.0,1.0,0.0,0.0,3.0,2.0,1.0,0.0,0.0,1.0
2866,1.0,0.0,0.0,White,0.55,4,9.0,12.0,0.0,0.0,39.414,5.0,1.0,3.0,3.0,1.0,4.0,4.0,2.0,1.0,0.0,0.0
2867,0.0,0.0,0.0,White,0.55,4,9.0,12.0,0.0,0.0,2.213,0.0,1.0,2.0,1.0,0.0,2.0,1.0,1.0,0.0,0.0,0.0
2868,0.0,0.0,0.0,White,,5,9.0,8.0,,0.0,,4.0,2.0,2.0,0.0,0.0,4.0,3.0,2.0,1.0,1.0,0.0
2869,1.0,0.0,1.0,White,,4,16.0,16.0,0.0,,97.007,1.0,1.0,2.0,0.0,0.0,2.0,4.0,1.0,0.0,,0.0
2870,1.0,0.0,1.0,White,,6,16.0,16.0,,0.0,72.318,7.0,2.0,3.0,0.0,0.0,1.0,1.0,1.0,0.0,0.0,0.0
2871,1.0,0.0,0.0,White,,5,19.0,20.0,0.0,0.0,55.39,0.0,1.0,3.0,0.0,1.0,3.0,1.0,1.0,0.0,0.0,0.0
2872,0.0,0.0,0.0,White,,5,19.0,20.0,0.0,,31.601,5.0,4.0,3.0,0.0,5.0,4.0,1.0,1.0,0.0,0.0,0.0
2873,1.0,0.0,0.0,White,,3,15.0,15.0,0.0,0.0,94.819,5.0,2.0,3.0,0.0,0.0,3.0,2.0,1.0,0.0,0.0,0.0
2874,1.0,0.0,0.0,White,,4,18.0,20.0,0.0,0.0,100.0,7.0,2.0,1.0,0.0,0.0,3.0,3.0,1.0,0.0,0.0,0.0
2875,1.0,0.0,0.0,White,,4,16.0,,0.0,,87.645,2.0,2.0,2.0,0.0,0.0,1.0,1.0,1.0,0.0,0.0,0.0
2876,1.0,0.0,0.0,White,,6,20.0,20.0,,0.0,100.0,3.0,2.0,2.0,0.0,0.0,2.0,3.0,1.0,0.0,0.0,0.0
2877,1.0,0.0,1.0,White,,6,20.0,20.0,,0.0,85.901,2.0,2.0,2.0,0.0,0.0,1.0,1.0,1.0,0.0,0.0,0.0
2878,1.0,0.0,1.0,White,1.251,5,12.0,,0.0,,38.257,0.0,1.0,2.0,0.0,0.0,1.0,1.0,1.0,0.0,,0.0
2879,,,1.0,White,1.251,5,12.0,,0.0,,82.492,2.0,1.0,1.0,0.0,0.0,1.0,1.0,1.0,0.0,,0.0
2880,1.0,0.0,0.0,White,1.251,5,12.0,,0.0,0.0,55.597,4.0,1.0,1.0,0.0,0.0,1.0,1.0,1.0,0.0,,0.0
2881,,,0.0,White,14.96,3,12.0,15.0,0.0,,95.952,3.0,2.0,2.0,0.0,0.0,3.0,2.0,2.0,0.0,,1.0
2882,0.0,0.0,0.0,Asian,,7,,9.0,,0.0,,0.0,2.0,3.0,0.0,0.0,3.0,4.0,3.0,0.0,0.0,0.0
2883,1.0,0.0,0.0,Asian,,7,,9.0,,0.0,68.93,3.0,2.0,1.0,0.0,0.0,1.0,1.0,1.0,0.0,0.0,0.0
2884,1.0,0.0,0.0,White,-0.35,2,13.0,,0.0,,57.113,3.0,2.0,3.0,0.0,0.0,1.0,1.0,1.0,1.0,0.0,0.0
2885,0.0,0.0,1.0,White,0.975,4,16.0,14.0,0.0,0.0,30.229,200.0,2.0,4.0,2.0,0.0,5.0,3.0,4.0,1.0,0.0,1.0
2886,1.0,0.0,0.0,Black,9.15,2,20.0,14.0,0.0,,48.068,1.0,2.0,1.0,0.0,0.0,1.0,1.0,1.0,0.0,0.0,0.0
2887,0.0,0.0,1.0,Black,,5,16.0,18.0,0.0,0.0,44.725,1.0,2.0,2.0,0.0,1.0,3.0,2.0,1.0,1.0,0.0,0.0
2888,1.0,0.0,0.0,White,,4,12.0,15.0,0.0,,91.731,0.0,2.0,2.0,0.0,0.0,1.0,1.0,1.0,0.0,0.0,0.0
2889,1.0,0.0,1.0,White,,7,12.0,12.0,0.0,,46.88,1.0,2.0,2.0,0.0,0.0,4.0,3.0,1.0,0.0,,0.0
2890,1.0,,0.0,White,,7,12.0,12.0,0.0,,44.386,0.0,2.0,2.0,0.0,2.0,4.0,3.0,2.0,0.0,,0.0
2891,0.0,0.0,0.0,White,,7,12.0,12.0,0.0,0.0,18.284,1.0,2.0,2.0,0.0,0.0,1.0,1.0,1.0,0.0,,0.0
2892,0.0,0.0,1.0,White,,3,12.0,12.0,,0.0,,0.0,2.0,2.0,0.0,0.0,3.0,4.0,1.0,1.0,,0.0
2893,0.0,0.0,0.0,Asian,,8,10.0,20.0,,,,3.0,2.0,1.0,2.0,3.0,3.0,1.0,1.0,0.0,,
2894,1.0,1.0,1.0,White,40.75,4,16.0,20.0,0.0,0.0,93.976,4.0,1.0,2.0,0.0,0.0,4.0,3.0,1.0,0.0,0.0,0.0
2895,1.0,0.0,0.0,Other,59.0,2,11.0,,0.0,,8.676,2.0,1.0,3.0,0.0,5.0,3.0,2.0,1.0,0.0,0.0,0.0
2896,0.0,,0.0,White,,5,12.0,12.0,0.0,,57.305,60.0,2.0,2.0,0.0,0.0,3.0,3.0,1.0,0.0,,0.0
2897,1.0,,0.0,White,,5,12.0,12.0,0.0,,10.2,2.0,2.0,2.0,0.0,2.0,2.0,3.0,1.0,0.0,,1.0
2898,1.0,0.0,0.0,White,40.45,4,20.0,20.0,0.0,0.0,85.189,2.0,1.0,1.0,0.0,0.0,1.0,1.0,1.0,1.0,0.0,0.0
2899,1.0,1.0,0.0,White,60.0,3,12.0,16.0,0.0,,26.323,4.0,2.0,2.0,0.0,0.0,2.0,2.0,1.0,0.0,0.0,0.0
2900,1.0,1.0,0.0,White,32.05,4,16.0,17.0,0.0,0.0,71.105,1.0,2.0,2.0,1.0,0.0,2.0,2.0,1.0,0.0,0.0,1.0
2901,0.0,0.0,0.0,White,-2.77,6,12.0,11.0,0.0,,60.001,2.0,3.0,1.0,1.0,3.0,4.0,2.0,3.0,1.0,,1.0
2902,1.0,0.0,1.0,White,-0.45,4,14.0,12.0,0.0,0.0,65.82,1.0,2.0,2.0,0.0,0.0,1.0,1.0,1.0,1.0,,0.0
2903,0.0,0.0,1.0,Hispanic,,5,,,,,,2.0,2.0,1.0,2.0,0.0,3.0,1.0,1.0,0.0,,0.0
2904,0.0,0.0,0.0,White,1.66,4,10.0,12.0,0.0,0.0,20.439,20.0,2.0,2.0,0.0,0.0,2.0,1.0,1.0,0.0,0.0,1.0
2905,1.0,0.0,1.0,White,,5,17.0,19.0,0.0,0.0,98.369,3.0,2.0,2.0,0.0,0.0,4.0,3.0,1.0,0.0,0.0,0.0
2906,1.0,0.0,0.0,White,,5,17.0,19.0,0.0,0.0,74.931,2.0,1.0,2.0,0.0,0.0,1.0,1.0,1.0,0.0,0.0,0.0
2907,1.0,0.0,0.0,White,60.0,3,18.0,16.0,0.0,0.0,67.914,0.0,2.0,2.0,0.0,0.0,2.0,1.0,1.0,1.0,1.0,0.0
2908,0.0,0.0,0.0,White,1.645,5,14.0,13.0,0.0,0.0,62.433,0.0,2.0,3.0,0.0,0.0,3.0,1.0,5.0,0.0,1.0,0.0
2909,0.0,0.0,1.0,White,6.92,6,,11.0,0.0,0.0,27.453,6.0,2.0,3.0,0.0,0.0,3.0,1.0,1.0,0.0,0.0,1.0
2910,1.0,1.0,0.0,Black,3.45,3,19.0,14.0,0.0,,93.256,4.0,2.0,3.0,0.0,0.0,4.0,3.0,1.0,1.0,0.0,0.0
2911,0.0,0.0,0.0,White,1.2965,4,12.0,12.0,0.0,0.0,28.553,0.0,2.0,2.0,0.0,0.0,5.0,4.0,1.0,0.0,0.0,1.0
2912,1.0,0.0,1.0,White,1.2965,4,12.0,12.0,0.0,0.0,38.834,1.0,1.0,2.0,0.0,0.0,3.0,2.0,1.0,0.0,0.0,0.0
2913,0.0,0.0,1.0,White,1.2965,4,12.0,12.0,0.0,0.0,40.805,4.0,2.0,3.0,3.0,0.0,4.0,2.0,2.0,1.0,1.0,0.0
2914,1.0,1.0,1.0,White,12.2,4,16.0,12.0,0.0,0.0,44.781,1.0,2.0,2.0,0.0,0.0,3.0,3.0,2.0,0.0,0.0,0.0
2915,1.0,1.0,0.0,Black,18.37,5,16.0,18.0,0.0,0.0,56.898,0.0,1.0,2.0,0.0,0.0,3.0,2.0,1.0,1.0,0.0,0.0
2916,1.0,1.0,0.0,White,-0.515,3,12.0,12.0,1.0,0.0,72.091,12.0,2.0,1.0,0.0,0.0,4.0,3.0,1.0,0.0,0.0,0.0
2917,1.0,,0.0,White,11.425,4,14.0,13.0,0.0,,69.045,0.0,2.0,4.0,10.0,1.0,4.0,3.0,1.0,1.0,,0.0
2918,1.0,,0.0,White,10.63,6,12.0,12.0,0.0,,91.789,0.0,2.0,1.0,0.0,0.0,2.0,2.0,1.0,0.0,,0.0
2919,,,0.0,White,10.63,6,12.0,12.0,0.0,,57.73,0.0,2.0,2.0,0.0,0.0,1.0,1.0,1.0,0.0,,0.0
2920,0.0,,0.0,White,2.3,3,12.0,8.0,0.0,,,0.0,2.0,3.0,0.0,0.0,2.0,2.0,2.0,1.0,,1.0
2921,0.0,0.0,0.0,White,,5,12.0,12.0,,0.0,33.656,5.0,2.0,2.0,0.0,0.0,4.0,3.0,1.0,0.0,,1.0
2922,0.0,0.0,1.0,White,,5,12.0,12.0,,1.0,55.392,15.0,2.0,2.0,0.0,0.0,2.0,1.0,1.0,0.0,0.0,0.0
2923,0.0,0.0,0.0,White,24.48,4,12.0,14.0,0.0,,17.059,3.0,1.0,2.0,0.0,0.0,1.0,1.0,1.0,0.0,0.0,0.0
2924,0.0,0.0,1.0,White,8.0238,6,12.0,7.0,0.0,0.0,76.38,1.0,2.0,2.0,0.0,0.0,3.0,2.0,1.0,0.0,,0.0
2925,0.0,0.0,0.0,White,8.0238,6,12.0,7.0,0.0,0.0,15.733,1.0,2.0,2.0,0.0,1.0,1.0,2.0,1.0,0.0,0.0,0.0
2926,1.0,0.0,0.0,White,57.05,3,13.0,10.0,0.0,0.0,62.016,0.0,3.0,3.0,45.0,2.0,3.0,3.0,2.0,1.0,0.0,0.0
2927,0.0,0.0,1.0,White,58.95,3,10.0,12.0,0.0,0.0,13.293,2.0,3.0,2.0,3.0,0.0,4.0,2.0,1.0,0.0,0.0,0.0
2928,1.0,,1.0,White,7.25,8,13.0,12.0,1.0,,52.636,6.0,2.0,2.0,0.0,0.0,4.0,3.0,2.0,0.0,,0.0
2929,1.0,0.0,1.0,White,7.25,8,13.0,12.0,1.0,,61.129,2.0,2.0,2.0,0.0,0.0,2.0,2.0,1.0,1.0,0.0,0.0
2930,1.0,0.0,0.0,White,7.25,8,13.0,12.0,1.0,0.0,49.98,2.0,2.0,3.0,0.0,0.0,1.0,1.0,1.0,0.0,0.0,0.0
2931,0.0,0.0,0.0,Hispanic,9.275,5,14.0,12.0,0.0,0.0,,4.0,2.0,3.0,0.0,0.0,1.0,2.0,1.0,0.0,,0.0
2932,0.0,0.0,1.0,White,12.7201,5,14.0,13.0,0.0,0.0,46.679,7.0,2.0,2.0,0.0,0.0,3.0,1.0,1.0,0.0,1.0,0.0
2933,0.0,0.0,1.0,White,12.7201,5,14.0,13.0,0.0,0.0,55.883,15.0,2.0,2.0,0.0,0.0,5.0,2.0,1.0,0.0,0.0,0.0
2934,1.0,0.0,1.0,White,4.3,5,8.0,8.0,0.0,0.0,31.098,5.0,2.0,3.0,0.0,0.0,4.0,3.0,2.0,0.0,0.0,0.0
2935,0.0,0.0,1.0,White,4.3,5,8.0,8.0,0.0,0.0,,0.0,2.0,2.0,0.0,0.0,1.0,1.0,1.0,0.0,0.0,0.0
2936,0.0,0.0,1.0,White,11.825,4,10.0,11.0,0.0,0.0,10.162,6.0,3.0,2.0,0.0,0.0,5.0,5.0,2.0,0.0,0.0,0.0
2937,1.0,0.0,1.0,White,,3,16.0,20.0,0.0,0.0,77.605,3.0,1.0,2.0,0.0,0.0,1.0,1.0,1.0,0.0,0.0,0.0
2938,1.0,0.0,0.0,White,60.0,6,20.0,20.0,0.0,0.0,99.608,0.0,2.0,2.0,0.0,0.0,2.0,2.0,1.0,1.0,0.0,0.0
2939,1.0,0.0,0.0,White,60.0,6,20.0,20.0,0.0,0.0,91.499,0.0,1.0,2.0,0.0,0.0,1.0,1.0,1.0,0.0,0.0,0.0
2940,0.0,0.0,1.0,White,,5,16.0,20.0,0.0,0.0,19.232,0.0,2.0,2.0,0.0,0.0,3.0,2.0,1.0,1.0,1.0,0.0
2941,1.0,0.0,0.0,White,,5,16.0,20.0,0.0,0.0,76.618,0.0,2.0,2.0,0.0,0.0,1.0,1.0,1.0,0.0,0.0,0.0
2942,1.0,0.0,1.0,White,,6,16.0,18.0,0.0,0.0,78.515,0.0,2.0,2.0,0.0,0.0,1.0,1.0,1.0,0.0,0.0,0.0
2943,1.0,0.0,1.0,White,,6,16.0,18.0,0.0,0.0,20.987,1.0,2.0,3.0,0.0,0.0,2.0,5.0,1.0,0.0,0.0,0.0
2944,1.0,0.0,1.0,White,60.0,4,14.0,16.0,0.0,,76.961,3.0,1.0,2.0,2.0,0.0,1.0,1.0,1.0,0.0,0.0,0.0
2945,1.0,0.0,0.0,White,,5,16.0,19.0,0.0,0.0,85.093,3.0,1.0,2.0,0.0,0.0,2.0,2.0,5.0,0.0,0.0,0.0
2946,1.0,0.0,1.0,White,,5,16.0,19.0,0.0,0.0,63.473,2.0,1.0,1.0,0.0,0.0,1.0,1.0,1.0,0.0,0.0,0.0
2947,0.0,0.0,0.0,White,0.35,4,11.0,9.0,1.0,0.0,17.531,4.0,3.0,4.0,0.0,0.0,4.0,2.0,4.0,0.0,0.0,0.0
2948,0.0,0.0,1.0,White,2.6175,3,15.0,11.0,0.0,,38.181,11.0,3.0,2.0,0.0,0.0,2.0,1.0,2.0,0.0,0.0,1.0
2949,0.0,0.0,0.0,White,9.55,4,8.0,15.0,0.0,0.0,31.485,1.0,2.0,2.0,0.0,0.0,2.0,1.0,2.0,0.0,1.0,0.0
2950,1.0,0.0,0.0,White,5.15,5,13.0,19.0,0.0,0.0,79.761,7.0,2.0,2.0,1.0,0.0,4.0,5.0,1.0,1.0,1.0,0.0
2951,1.0,0.0,0.0,White,5.15,5,13.0,19.0,0.0,0.0,71.565,4.0,1.0,2.0,0.0,0.0,2.0,3.0,3.0,1.0,0.0,0.0
2952,0.0,0.0,1.0,White,14.85,5,12.0,13.0,0.0,0.0,87.994,0.0,1.0,1.0,0.0,0.0,2.0,1.0,1.0,1.0,0.0,0.0
2953,1.0,1.0,1.0,Black,,4,15.0,14.0,0.0,0.0,24.06,0.0,1.0,2.0,0.0,0.0,4.0,1.0,1.0,0.0,1.0,0.0
2954,1.0,0.0,0.0,Black,,4,15.0,14.0,0.0,0.0,26.258,0.0,1.0,3.0,0.0,0.0,3.0,1.0,1.0,1.0,1.0,0.0
2955,0.0,0.0,0.0,White,5.375,5,12.0,7.0,0.0,0.0,8.169,5.0,1.0,1.0,0.0,0.0,1.0,1.0,1.0,0.0,0.0,1.0
2956,1.0,0.0,1.0,White,3.325,4,14.0,13.0,0.0,0.0,,5.0,1.0,2.0,0.0,0.0,5.0,3.0,1.0,0.0,,0.0
2957,1.0,1.0,0.0,White,8.35,5,16.0,16.0,0.0,0.0,76.169,4.0,1.0,1.0,0.0,0.0,3.0,2.0,1.0,0.0,,0.0
2958,0.0,0.0,1.0,White,6.21,2,12.0,12.0,1.0,,44.544,60.0,3.0,2.0,3.0,0.0,5.0,5.0,4.0,0.0,0.0,0.0
2959,0.0,0.0,0.0,Black,3.301,5,16.0,,0.0,1.0,4.452,4.0,4.0,2.0,1.0,0.0,5.0,5.0,5.0,0.0,,0.0
2960,0.0,0.0,0.0,Hispanic,2.85,6,12.0,12.0,0.0,,,1.0,2.0,2.0,0.0,0.0,2.0,2.0,1.0,1.0,,0.0
2961,0.0,0.0,1.0,Black,5.6,2,12.0,16.0,0.0,0.0,10.601,7.0,2.0,2.0,0.0,0.0,4.0,4.0,2.0,0.0,0.0,0.0
2962,1.0,0.0,1.0,Other,-2.05,3,16.0,18.0,0.0,0.0,,7.0,3.0,2.0,0.0,0.0,5.0,5.0,3.0,1.0,0.0,0.0
2963,0.0,,0.0,White,0.81,4,10.0,,0.0,,36.431,1.0,2.0,2.0,0.0,0.0,5.0,1.0,1.0,0.0,,0.0
2964,0.0,0.0,0.0,White,13.8,6,14.0,11.0,0.0,,,0.0,2.0,2.0,0.0,0.0,5.0,3.0,1.0,0.0,,0.0
2965,1.0,0.0,0.0,White,-0.375,3,12.0,10.0,0.0,,69.272,4.0,3.0,2.0,10.0,0.0,3.0,1.0,3.0,1.0,1.0,0.0
2966,0.0,0.0,1.0,Hispanic,-0.4065,5,12.0,11.0,0.0,0.0,1.784,1.0,2.0,2.0,0.0,1.0,1.0,4.0,1.0,0.0,,0.0
2967,0.0,,0.0,White,-0.4065,5,12.0,11.0,0.0,,18.914,8.0,2.0,2.0,0.0,0.0,1.0,1.0,1.0,1.0,,0.0
2968,0.0,,0.0,White,0.055,4,9.0,12.0,0.0,1.0,26.368,5.0,2.0,2.0,0.0,0.0,1.0,1.0,1.0,1.0,1.0,0.0
2969,0.0,1.0,0.0,White,,4,12.0,14.0,,,54.747,8.0,2.0,1.0,0.0,0.0,1.0,1.0,1.0,0.0,0.0,0.0
2970,0.0,0.0,1.0,White,1.77,5,14.0,9.0,0.0,,78.325,6.0,2.0,3.0,2.0,2.0,4.0,4.0,3.0,1.0,0.0,1.0
2971,0.0,,0.0,Hispanic,5.78,3,12.0,12.0,0.0,,27.488,6.0,2.0,2.0,0.0,0.0,3.0,4.0,1.0,0.0,,0.0
2972,0.0,0.0,0.0,White,2.5,3,9.0,12.0,0.0,0.0,23.729,5.0,2.0,1.0,1.0,4.0,5.0,1.0,2.0,0.0,0.0,1.0
2973,,,0.0,White,0.825,4,12.0,11.0,0.0,,,5.0,2.0,2.0,0.0,0.0,3.0,5.0,2.0,0.0,,0.0
2974,,,1.0,White,0.825,4,12.0,11.0,0.0,,,2.0,2.0,1.0,0.0,0.0,3.0,1.0,1.0,0.0,,0.0
2975,0.0,,0.0,White,14.875,3,12.0,12.0,0.0,,69.409,2.0,2.0,3.0,0.0,0.0,1.0,1.0,1.0,0.0,,1.0
2976,1.0,0.0,0.0,White,0.045,2,16.0,16.0,0.0,0.0,69.353,7.0,1.0,1.0,0.0,0.0,1.0,1.0,1.0,0.0,1.0,0.0
2977,0.0,0.0,0.0,White,0.32,4,12.0,12.0,0.0,0.0,32.258,2.0,2.0,2.0,0.0,0.0,2.0,2.0,1.0,1.0,1.0,0.0
2978,0.0,0.0,0.0,White,0.2345,3,12.0,12.0,0.0,,46.282,1.0,1.0,1.0,0.0,0.0,2.0,2.0,1.0,1.0,0.0,0.0
2979,1.0,0.0,0.0,White,9.45,3,12.0,10.0,0.0,0.0,39.677,4.0,1.0,1.0,0.0,1.0,3.0,2.0,2.0,0.0,0.0,0.0
2980,0.0,0.0,0.0,White,2.1,4,19.0,18.0,0.0,0.0,67.11,2.0,2.0,2.0,0.0,0.0,3.0,2.0,2.0,1.0,0.0,0.0
2981,1.0,0.0,0.0,White,8.98,4,18.0,16.0,0.0,0.0,99.515,0.0,2.0,2.0,0.0,0.0,1.0,1.0,,0.0,0.0,0.0
2982,1.0,0.0,1.0,White,2.35,4,15.0,14.0,0.0,0.0,86.691,6.0,1.0,4.0,3.0,0.0,4.0,2.0,1.0,0.0,0.0,0.0
2983,1.0,0.0,0.0,White,,5,17.0,,,0.0,35.961,5.0,2.0,3.0,0.0,0.0,3.0,4.0,1.0,0.0,0.0,0.0
2984,1.0,0.0,0.0,White,,6,16.0,16.0,0.0,0.0,42.451,7.0,2.0,3.0,2.0,0.0,1.0,5.0,1.0,0.0,0.0,0.0
2985,1.0,0.0,1.0,White,,6,16.0,16.0,0.0,0.0,80.569,2.0,2.0,3.0,0.0,0.0,1.0,1.0,1.0,1.0,0.0,0.0
2986,1.0,0.0,1.0,White,7.26,3,18.0,12.0,0.0,0.0,89.758,3.0,3.0,2.0,0.0,0.0,2.0,2.0,1.0,0.0,0.0,0.0
2987,1.0,0.0,1.0,White,3.3,4,13.0,18.0,0.0,0.0,83.087,2.0,2.0,2.0,0.0,0.0,2.0,1.0,1.0,0.0,0.0,0.0
2988,0.0,0.0,0.0,White,9.825,4,12.0,12.0,0.0,0.0,77.463,3.0,2.0,2.0,0.0,0.0,3.0,1.0,1.0,0.0,0.0,1.0
2989,1.0,0.0,1.0,White,24.45,4,16.0,14.0,0.0,0.0,53.8,2.0,2.0,1.0,0.0,0.0,4.0,3.0,2.0,0.0,0.0,0.0
2990,1.0,0.0,0.0,White,30.6,4,16.0,19.0,0.0,0.0,85.945,3.0,2.0,2.0,0.0,1.0,3.0,2.0,2.0,0.0,,0.0
2991,1.0,0.0,1.0,White,12.55,4,14.0,13.0,0.0,,51.697,8.0,2.0,3.0,0.0,0.0,4.0,4.0,2.0,0.0,,0.0
2992,1.0,0.0,0.0,White,15.325,4,17.0,14.0,0.0,0.0,94.782,0.0,2.0,1.0,0.0,0.0,3.0,4.0,2.0,1.0,0.0,0.0
2993,1.0,0.0,0.0,White,15.325,4,17.0,14.0,0.0,0.0,97.787,2.0,1.0,1.0,0.0,0.0,1.0,1.0,1.0,0.0,0.0,0.0
2994,0.0,0.0,0.0,White,16.9,5,12.0,11.0,0.0,,18.87,6.0,2.0,3.0,0.0,0.0,4.0,3.0,2.0,0.0,,0.0
2995,1.0,0.0,0.0,White,,5,18.0,16.0,0.0,0.0,90.479,5.0,2.0,1.0,1.0,1.0,1.0,1.0,1.0,0.0,,0.0
2996,0.0,,0.0,Black,0.2171,4,14.0,,0.0,,5.626,5.0,2.0,4.0,0.0,0.0,3.0,3.0,3.0,0.0,,1.0
2997,1.0,0.0,1.0,White,8.05,3,18.0,16.0,0.0,0.0,91.391,7.0,3.0,3.0,0.0,0.0,3.0,3.0,1.0,0.0,0.0,0.0
2998,0.0,0.0,1.0,White,5.86,3,14.0,14.0,0.0,0.0,39.356,10.0,2.0,2.0,0.0,0.0,1.0,1.0,1.0,0.0,0.0,0.0
2999,0.0,0.0,0.0,Black,,4,12.0,,0.0,1.0,,0.0,2.0,2.0,1.0,0.0,4.0,2.0,2.0,0.0,,0.0
3000,,,1.0,White,5.9,3,14.0,12.0,0.0,,,,2.0,2.0,0.0,0.0,2.0,1.0,1.0,1.0,,0.0
3001,0.0,0.0,0.0,White,12.5,2,9.0,13.0,0.0,,69.747,16.0,1.0,1.0,0.0,0.0,1.0,1.0,1.0,1.0,0.0,1.0
3002,0.0,0.0,1.0,White,,3,12.0,11.0,,1.0,61.807,,2.0,2.0,0.0,0.0,5.0,4.0,1.0,1.0,1.0,0.0
3003,0.0,0.0,0.0,White,15.4961,7,12.0,12.0,0.0,1.0,43.199,16.0,2.0,3.0,0.0,0.0,4.0,3.0,1.0,0.0,0.0,0.0
3004,0.0,0.0,0.0,White,17.775,4,16.0,12.0,0.0,0.0,85.24,6.0,1.0,2.0,2.0,0.0,2.0,2.0,1.0,1.0,0.0,0.0
3005,0.0,0.0,1.0,White,17.775,4,16.0,12.0,0.0,0.0,71.083,7.0,1.0,2.0,0.0,0.0,1.0,1.0,2.0,0.0,0.0,0.0
3006,0.0,0.0,1.0,White,37.1001,3,12.0,12.0,0.0,0.0,43.391,3.0,2.0,3.0,0.0,0.0,3.0,3.0,2.0,0.0,0.0,0.0
3007,1.0,0.0,1.0,White,37.1001,3,12.0,12.0,0.0,0.0,50.387,3.0,2.0,3.0,0.0,0.0,2.0,2.0,1.0,0.0,,0.0
3008,0.0,0.0,0.0,Hispanic,12.75,3,12.0,12.0,0.0,0.0,12.07,5.0,2.0,2.0,0.0,0.0,1.0,1.0,1.0,0.0,0.0,0.0
3009,1.0,0.0,1.0,White,4.5,5,12.0,12.0,0.0,0.0,76.476,4.0,2.0,2.0,0.0,0.0,3.0,2.0,1.0,0.0,0.0,0.0
3010,1.0,0.0,1.0,White,,4,14.0,12.0,,,,2.0,2.0,2.0,0.0,0.0,4.0,3.0,1.0,0.0,0.0,0.0
3011,0.0,0.0,0.0,White,,4,14.0,12.0,,,,1.0,2.0,3.0,0.0,0.0,2.0,2.0,1.0,0.0,0.0,1.0
3012,1.0,0.0,1.0,White,6.38,5,16.0,17.0,0.0,0.0,82.528,2.0,2.0,2.0,1.0,0.0,4.0,2.0,1.0,0.0,0.0,0.0
3013,1.0,0.0,1.0,White,60.0,4,12.0,12.0,0.0,0.0,44.044,5.0,2.0,2.0,0.0,0.0,4.0,4.0,2.0,0.0,0.0,0.0
3014,1.0,1.0,1.0,White,33.65,4,18.0,17.0,0.0,0.0,40.705,19.0,2.0,3.0,0.0,1.0,4.0,4.0,2.0,0.0,0.0,0.0
3015,0.0,1.0,0.0,White,33.65,4,18.0,17.0,0.0,0.0,63.572,1.0,2.0,2.0,0.0,0.0,2.0,1.0,1.0,0.0,0.0,0.0
3016,1.0,0.0,0.0,White,14.7401,5,16.0,14.0,0.0,0.0,84.611,5.0,2.0,2.0,0.0,0.0,1.0,1.0,1.0,1.0,0.0,0.0
3017,1.0,0.0,1.0,White,22.19,4,12.0,12.0,0.0,0.0,62.077,0.0,2.0,2.0,0.0,0.0,1.0,1.0,1.0,0.0,0.0,0.0
3018,0.0,0.0,1.0,White,14.18,5,14.0,13.0,0.0,0.0,7.706,6.0,1.0,2.0,0.0,0.0,1.0,2.0,1.0,0.0,0.0,0.0
3019,1.0,0.0,0.0,White,19.37,6,13.0,15.0,0.0,0.0,87.382,0.0,2.0,2.0,0.0,0.0,2.0,2.0,1.0,0.0,0.0,0.0
3020,1.0,0.0,0.0,White,19.37,6,13.0,15.0,0.0,,18.904,1.0,2.0,2.0,0.0,0.0,2.0,1.0,1.0,0.0,0.0,0.0
3021,1.0,0.0,1.0,White,17.8,5,17.0,12.0,0.0,0.0,85.023,7.0,2.0,2.0,0.0,0.0,3.0,4.0,2.0,1.0,0.0,0.0
3022,1.0,0.0,1.0,White,17.8,5,17.0,12.0,0.0,0.0,97.424,2.0,1.0,2.0,0.0,0.0,1.0,1.0,1.0,0.0,0.0,0.0
3023,1.0,0.0,1.0,White,52.05,5,12.0,12.0,0.0,0.0,64.698,3.0,2.0,2.0,0.0,0.0,2.0,2.0,1.0,0.0,0.0,0.0
3024,1.0,0.0,0.0,White,52.05,5,12.0,10.0,0.0,0.0,22.289,4.0,2.0,2.0,0.0,0.0,1.0,1.0,2.0,0.0,0.0,0.0
3025,1.0,0.0,1.0,White,1.15,6,12.0,10.0,0.0,,72.639,0.0,2.0,2.0,0.0,0.0,4.0,3.0,2.0,0.0,0.0,0.0
3026,1.0,0.0,1.0,White,9.15,6,12.0,12.0,,0.0,11.857,6.0,2.0,3.0,0.0,0.0,4.0,2.0,3.0,0.0,0.0,0.0
3027,1.0,0.0,0.0,White,7.85,3,12.0,12.0,0.0,0.0,80.35,3.0,2.0,2.0,0.0,0.0,1.0,1.0,1.0,0.0,0.0,0.0
3028,0.0,0.0,1.0,White,8.375,4,12.0,14.0,0.0,0.0,11.128,0.0,2.0,2.0,0.0,0.0,4.0,2.0,1.0,0.0,0.0,0.0
3029,0.0,0.0,1.0,White,1.8,5,14.0,14.0,0.0,0.0,35.549,15.0,2.0,3.0,0.0,0.0,5.0,5.0,4.0,0.0,,0.0
3030,0.0,0.0,1.0,White,1.8,5,14.0,14.0,0.0,0.0,45.699,20.0,2.0,2.0,10.0,2.0,3.0,3.0,2.0,1.0,1.0,0.0
3031,1.0,0.0,1.0,White,,4,17.0,13.0,0.0,0.0,60.92,4.0,2.0,1.0,0.0,0.0,3.0,3.0,2.0,0.0,0.0,0.0
3032,0.0,1.0,0.0,White,5.15,3,12.0,11.0,0.0,0.0,41.937,6.0,4.0,3.0,0.0,2.0,3.0,2.0,1.0,1.0,0.0,0.0
3033,0.0,0.0,0.0,White,5.15,3,12.0,11.0,0.0,0.0,0.513,10.0,4.0,4.0,0.0,3.0,4.0,5.0,2.0,,0.0,1.0
3034,,,0.0,White,2.8525,3,13.0,12.0,0.0,,31.324,0.0,2.0,2.0,0.0,0.0,1.0,1.0,1.0,0.0,,0.0
3035,0.0,0.0,0.0,White,3.675,6,11.0,8.0,0.0,,8.449,24.0,2.0,3.0,0.0,0.0,4.0,2.0,2.0,0.0,0.0,1.0
3036,1.0,0.0,0.0,Hispanic,,4,12.0,11.0,0.0,0.0,,5.0,1.0,1.0,0.0,0.0,1.0,1.0,1.0,0.0,0.0,0.0
3037,0.0,0.0,1.0,Hispanic,,4,12.0,11.0,0.0,0.0,38.465,3.0,2.0,2.0,0.0,0.0,1.0,1.0,1.0,0.0,0.0,0.0
3038,1.0,0.0,0.0,White,,4,17.0,14.0,0.0,0.0,96.007,2.0,1.0,2.0,2.0,0.0,4.0,2.0,1.0,1.0,0.0,0.0
3039,1.0,0.0,1.0,White,10.75,5,12.0,14.0,0.0,0.0,68.699,5.0,2.0,2.0,0.0,0.0,3.0,2.0,1.0,0.0,0.0,0.0
3040,1.0,0.0,1.0,Other,5.07,3,16.0,16.0,0.0,,79.452,25.0,2.0,2.0,0.0,1.0,5.0,4.0,1.0,0.0,,0.0
3041,1.0,0.0,1.0,Other,5.07,3,16.0,16.0,0.0,0.0,56.644,9.0,2.0,2.0,0.0,0.0,2.0,1.0,1.0,0.0,0.0,0.0
3042,0.0,0.0,0.0,White,0.13,3,11.0,,1.0,,60.5,3.0,1.0,2.0,0.0,0.0,3.0,1.0,1.0,0.0,,0.0
3043,0.0,0.0,0.0,White,6.1501,4,12.0,,0.0,0.0,67.871,6.0,2.0,2.0,0.0,0.0,2.0,1.0,2.0,0.0,,0.0
3044,0.0,0.0,0.0,Black,26.2251,14,12.0,13.0,0.0,0.0,,35.0,2.0,2.0,0.0,0.0,4.0,3.0,2.0,1.0,,1.0
3045,1.0,0.0,1.0,White,1.0,6,12.0,12.0,1.0,,47.417,1.0,2.0,2.0,0.0,0.0,2.0,1.0,1.0,0.0,0.0,0.0
3046,1.0,0.0,1.0,Black,6.0611,6,15.0,13.0,0.0,0.0,11.812,4.0,2.0,3.0,0.0,1.0,4.0,4.0,2.0,0.0,0.0,0.0
3047,1.0,0.0,1.0,White,6.55,2,18.0,,0.0,,94.347,6.0,2.0,2.0,0.0,0.0,4.0,2.0,1.0,0.0,0.0,0.0
3048,1.0,0.0,0.0,White,22.35,4,12.0,12.0,0.0,0.0,49.691,46.0,3.0,1.0,2.0,0.0,4.0,3.0,2.0,0.0,,0.0
3049,1.0,0.0,1.0,White,,5,18.0,20.0,0.0,,87.781,10.0,2.0,3.0,0.0,0.0,2.0,2.0,1.0,0.0,0.0,0.0
3050,1.0,0.0,1.0,White,,5,18.0,20.0,0.0,,74.363,2.0,2.0,2.0,0.0,0.0,3.0,,,0.0,,0.0
3051,1.0,0.0,1.0,White,,4,20.0,12.0,0.0,0.0,87.294,7.0,2.0,2.0,0.0,0.0,3.0,3.0,1.0,0.0,0.0,0.0
3052,0.0,0.0,1.0,White,9.15,4,12.0,18.0,0.0,0.0,42.899,20.0,2.0,1.0,0.0,0.0,4.0,5.0,2.0,0.0,0.0,0.0
3053,0.0,0.0,0.0,White,9.15,4,12.0,18.0,0.0,0.0,74.425,10.0,2.0,2.0,0.0,0.0,3.0,3.0,1.0,0.0,0.0,0.0
3054,0.0,0.0,1.0,White,2.4755,2,14.0,12.0,0.0,1.0,9.473,24.0,2.0,2.0,1.0,5.0,2.0,1.0,1.0,1.0,1.0,0.0
3055,1.0,1.0,0.0,White,2.8,4,12.0,11.0,0.0,0.0,39.081,3.0,3.0,3.0,0.0,1.0,4.0,1.0,1.0,0.0,0.0,0.0
3056,0.0,0.0,0.0,White,4.9621,5,12.0,10.0,0.0,0.0,14.785,7.0,2.0,3.0,0.0,0.0,5.0,3.0,1.0,0.0,0.0,1.0
3057,0.0,0.0,0.0,White,4.9621,5,12.0,10.0,0.0,0.0,43.733,4.0,2.0,1.0,1.0,0.0,1.0,1.0,1.0,1.0,0.0,0.0
3058,1.0,0.0,0.0,Other,0.7751,4,11.0,12.0,0.0,,,2.0,2.0,1.0,0.0,0.0,3.0,1.0,1.0,0.0,,0.0
3059,1.0,0.0,0.0,White,7.1,3,16.0,14.0,0.0,0.0,73.934,6.0,2.0,3.0,0.0,0.0,2.0,1.0,1.0,0.0,0.0,0.0
3060,1.0,0.0,1.0,White,18.18,5,12.0,12.0,0.0,0.0,27.095,1.0,2.0,3.0,0.0,0.0,2.0,3.0,1.0,0.0,,0.0
3061,0.0,0.0,0.0,White,18.18,5,12.0,12.0,0.0,,27.696,7.0,3.0,3.0,0.0,0.0,,,1.0,0.0,,0.0
3062,1.0,0.0,1.0,White,,4,12.0,13.0,0.0,,37.19,4.0,2.0,2.0,0.0,0.0,2.0,1.0,1.0,0.0,,0.0
3063,1.0,0.0,0.0,White,5.65,5,12.0,12.0,0.0,,24.107,4.0,2.0,2.0,0.0,0.0,2.0,1.0,1.0,0.0,0.0,0.0
3064,0.0,0.0,0.0,White,2.15,5,16.0,12.0,,0.0,66.24,3.0,2.0,2.0,,0.0,,1.0,,1.0,0.0,0.0
3065,0.0,0.0,0.0,White,6.83,3,12.0,8.0,0.0,0.0,6.849,,3.0,4.0,5.0,1.0,5.0,5.0,1.0,0.0,0.0,1.0
3066,1.0,0.0,1.0,White,5.645,4,14.0,12.0,1.0,0.0,32.662,9.0,2.0,1.0,0.0,0.0,1.0,1.0,1.0,0.0,0.0,0.0
3067,0.0,0.0,1.0,White,6.385,5,12.0,12.0,0.0,0.0,96.045,2.0,2.0,2.0,0.0,0.0,3.0,3.0,1.0,0.0,0.0,0.0
3068,1.0,0.0,0.0,White,6.385,5,12.0,12.0,0.0,0.0,46.865,10.0,2.0,2.0,0.0,0.0,1.0,1.0,1.0,0.0,0.0,0.0
3069,0.0,0.0,0.0,White,7.3916,3,16.0,12.0,0.0,0.0,,6.0,1.0,1.0,0.0,0.0,3.0,3.0,1.0,0.0,0.0,0.0
3070,1.0,0.0,1.0,White,1.45,4,11.0,12.0,0.0,0.0,28.542,0.0,3.0,3.0,0.0,0.0,3.0,4.0,1.0,1.0,,0.0
3071,1.0,0.0,1.0,White,9.7005,4,19.0,14.0,0.0,,99.131,3.0,2.0,2.0,0.0,0.0,2.0,4.0,1.0,1.0,1.0,0.0
3072,1.0,0.0,0.0,White,9.7005,4,19.0,14.0,0.0,0.0,90.605,12.0,2.0,2.0,10.0,3.0,3.0,2.0,1.0,0.0,1.0,1.0
3073,1.0,0.0,1.0,White,13.57,4,14.0,12.0,0.0,0.0,95.182,1.0,2.0,2.0,0.0,0.0,3.0,4.0,1.0,0.0,0.0,0.0
3074,1.0,0.0,0.0,White,13.57,4,14.0,12.0,0.0,0.0,75.222,5.0,2.0,1.0,0.0,0.0,2.0,1.0,1.0,0.0,0.0,0.0
3075,1.0,0.0,0.0,White,15.755,4,12.0,12.0,0.0,,35.779,2.0,2.0,1.0,0.0,0.0,2.0,3.0,1.0,0.0,0.0,0.0
3076,1.0,0.0,0.0,Hispanic,58.625,3,14.0,12.0,0.0,0.0,85.574,5.0,2.0,2.0,0.0,0.0,1.0,1.0,1.0,0.0,0.0,0.0
3077,0.0,0.0,0.0,White,18.1301,4,12.0,13.0,0.0,0.0,71.146,2.0,2.0,2.0,0.0,1.0,1.0,1.0,1.0,1.0,0.0,0.0
3078,0.0,0.0,1.0,Black,1.53,2,12.0,12.0,0.0,0.0,,4.0,2.0,1.0,0.0,0.0,2.0,2.0,1.0,0.0,0.0,0.0
3079,1.0,0.0,1.0,White,11.25,4,16.0,18.0,0.0,0.0,79.945,0.0,2.0,2.0,0.0,0.0,4.0,4.0,2.0,0.0,0.0,0.0
3080,1.0,0.0,0.0,White,11.25,4,16.0,18.0,0.0,,5.799,6.0,2.0,2.0,0.0,1.0,2.0,2.0,2.0,1.0,0.0,0.0
3081,0.0,,1.0,White,5.83,6,12.0,12.0,0.0,,60.684,0.0,2.0,1.0,0.0,0.0,4.0,3.0,1.0,0.0,,0.0
3082,0.0,,0.0,White,3.525,2,12.0,12.0,0.0,,57.944,1.0,2.0,2.0,2.0,1.0,1.0,1.0,1.0,0.0,,0.0
3083,1.0,0.0,1.0,White,34.35,4,16.0,18.0,0.0,,58.936,6.0,2.0,4.0,20.0,3.0,5.0,4.0,1.0,1.0,,1.0
3084,1.0,0.0,0.0,White,15.5,5,15.0,18.0,0.0,0.0,99.166,10.0,1.0,1.0,0.0,0.0,1.0,1.0,1.0,0.0,0.0,0.0
3085,1.0,0.0,1.0,White,15.5,5,15.0,18.0,0.0,0.0,79.022,1.0,1.0,1.0,0.0,0.0,1.0,1.0,1.0,0.0,0.0,0.0
3086,1.0,0.0,1.0,White,4.75,4,12.0,10.0,0.0,,61.093,3.0,1.0,1.0,1.0,0.0,1.0,1.0,1.0,0.0,0.0,0.0
3087,1.0,0.0,1.0,White,6.8,3,16.0,12.0,0.0,0.0,71.257,0.0,2.0,2.0,0.0,0.0,1.0,1.0,2.0,0.0,0.0,0.0
3088,1.0,0.0,0.0,White,,3,16.0,20.0,,0.0,,1.0,2.0,2.0,0.0,0.0,2.0,1.0,1.0,1.0,,0.0
3089,1.0,0.0,0.0,White,17.2,3,13.0,13.0,0.0,0.0,64.993,2.0,2.0,1.0,0.0,0.0,4.0,4.0,1.0,1.0,1.0,0.0
3090,1.0,1.0,0.0,White,31.45,5,14.0,12.0,0.0,,39.975,5.0,2.0,2.0,0.0,0.0,4.0,3.0,1.0,0.0,0.0,0.0
3091,1.0,0.0,0.0,White,31.45,5,14.0,14.0,0.0,0.0,62.72,10.0,1.0,2.0,5.0,1.0,1.0,1.0,1.0,1.0,0.0,0.0
3092,0.0,,0.0,White,14.675,4,18.0,18.0,0.0,,68.898,1.0,2.0,2.0,0.0,0.0,1.0,1.0,1.0,0.0,,0.0
3093,0.0,0.0,1.0,White,23.05,5,12.0,11.0,0.0,0.0,89.04,4.0,2.0,2.0,0.0,0.0,3.0,2.0,1.0,1.0,0.0,0.0
3094,1.0,0.0,0.0,White,10.4,5,14.0,20.0,0.0,0.0,,3.0,2.0,2.0,0.0,0.0,4.0,3.0,1.0,0.0,0.0,0.0
3095,0.0,0.0,0.0,White,5.0,5,12.0,17.0,,0.0,,40.0,3.0,3.0,0.0,0.0,1.0,1.0,1.0,1.0,,1.0
3096,1.0,0.0,1.0,White,,3,13.0,12.0,,0.0,,3.0,2.0,2.0,0.0,0.0,2.0,3.0,1.0,0.0,1.0,0.0
3097,0.0,0.0,0.0,White,1.665,7,13.0,19.0,0.0,0.0,27.442,1.0,1.0,3.0,0.0,0.0,,,,0.0,0.0,1.0
3098,0.0,1.0,0.0,White,1.665,7,13.0,19.0,0.0,0.0,5.653,0.0,1.0,1.0,0.0,0.0,1.0,1.0,1.0,0.0,,0.0
3099,1.0,0.0,1.0,White,60.0,4,14.0,18.0,0.0,0.0,69.261,1.0,2.0,1.0,0.0,0.0,2.0,1.0,1.0,0.0,0.0,0.0
3100,0.0,0.0,1.0,Black,,2,12.0,12.0,0.0,,,6.0,2.0,2.0,2.0,0.0,1.0,1.0,1.0,0.0,,0.0
3101,0.0,0.0,0.0,Black,-4.0,6,13.0,13.0,0.0,0.0,,15.0,2.0,2.0,0.0,0.0,2.0,1.0,1.0,0.0,,1.0
3102,0.0,0.0,0.0,Black,0.265,4,12.0,6.0,1.0,0.0,16.606,3.0,2.0,4.0,0.0,4.0,3.0,4.0,4.0,0.0,,1.0
3103,0.0,0.0,0.0,Black,0.265,4,12.0,6.0,1.0,0.0,3.031,0.0,3.0,2.0,0.0,1.0,1.0,1.0,1.0,0.0,0.0,0.0
3104,0.0,0.0,0.0,Black,0.05,2,11.0,12.0,1.0,0.0,,,3.0,4.0,,,5.0,5.0,5.0,0.0,,0.0
3105,0.0,0.0,1.0,Black,0.175,3,12.0,12.0,0.0,0.0,,15.0,2.0,4.0,0.0,0.0,2.0,4.0,2.0,0.0,,0.0
3106,1.0,0.0,0.0,White,27.7501,4,20.0,13.0,0.0,0.0,,5.0,2.0,2.0,0.0,0.0,4.0,1.0,2.0,0.0,0.0,1.0
3107,1.0,0.0,0.0,White,,4,12.0,14.0,0.0,0.0,45.353,6.0,2.0,2.0,0.0,0.0,2.0,1.0,1.0,0.0,0.0,0.0
3108,0.0,0.0,0.0,Hispanic,,6,6.0,4.0,,0.0,0.578,2.0,4.0,1.0,0.0,2.0,3.0,3.0,1.0,0.0,0.0,1.0
3109,0.0,0.0,0.0,Hispanic,,6,6.0,4.0,,,,2.0,3.0,2.0,0.0,5.0,2.0,1.0,2.0,0.0,0.0,1.0
3110,0.0,0.0,0.0,White,8.75,6,14.0,,0.0,0.0,27.23,1.0,2.0,3.0,0.0,1.0,3.0,1.0,4.0,0.0,0.0,1.0
3111,1.0,0.0,0.0,Other,,5,8.0,12.0,,,,1.0,1.0,1.0,0.0,0.0,1.0,4.0,2.0,0.0,0.0,0.0
3112,,,1.0,White,,3,12.0,12.0,0.0,,45.267,2.0,2.0,2.0,0.0,0.0,1.0,1.0,1.0,0.0,,0.0
3113,0.0,0.0,0.0,Black,3.43,5,14.0,12.0,0.0,0.0,30.815,2.0,2.0,3.0,1.0,1.0,4.0,1.0,4.0,1.0,0.0,0.0
3114,0.0,0.0,0.0,Black,0.845,4,12.0,,0.0,0.0,,3.0,4.0,4.0,0.0,0.0,3.0,3.0,1.0,0.0,,0.0
3115,1.0,0.0,1.0,Black,0.845,4,12.0,,0.0,,,6.0,3.0,2.0,2.0,0.0,1.0,1.0,1.0,0.0,,0.0
3116,0.0,0.0,1.0,Hispanic,3.225,6,11.0,10.0,0.0,0.0,17.958,10.0,2.0,4.0,0.0,0.0,3.0,4.0,4.0,0.0,,0.0
3117,0.0,0.0,1.0,Hispanic,3.225,6,11.0,10.0,0.0,0.0,21.198,7.0,2.0,2.0,0.0,0.0,1.0,1.0,1.0,0.0,,0.0
3118,1.0,0.0,1.0,Black,-6.605,5,12.0,,0.0,0.0,,0.0,2.0,3.0,0.0,0.0,5.0,2.0,3.0,0.0,,0.0
3119,0.0,1.0,0.0,White,0.65,5,,12.0,0.0,0.0,,8.0,1.0,1.0,0.0,0.0,4.0,2.0,2.0,0.0,1.0,1.0
3120,0.0,0.0,0.0,White,0.65,5,,12.0,0.0,,60.471,2.0,2.0,1.0,0.0,0.0,4.0,3.0,1.0,1.0,,1.0
3121,1.0,1.0,0.0,White,0.7,5,13.0,,0.0,0.0,87.268,4.0,1.0,2.0,2.0,1.0,1.0,1.0,2.0,0.0,1.0,0.0
3122,0.0,0.0,0.0,White,3.3,4,11.0,12.0,0.0,0.0,9.585,2.0,3.0,3.0,2.0,0.0,3.0,1.0,5.0,0.0,0.0,0.0
3123,0.0,0.0,1.0,White,2.675,4,12.0,13.0,0.0,0.0,41.619,10.0,2.0,3.0,0.0,0.0,1.0,1.0,1.0,0.0,0.0,0.0
3124,0.0,0.0,1.0,Black,,4,12.0,,,,,15.0,2.0,3.0,0.0,0.0,3.0,2.0,1.0,1.0,,0.0
3125,1.0,0.0,1.0,White,-0.55,5,12.0,13.0,0.0,,50.045,1.0,1.0,1.0,0.0,0.0,1.0,1.0,1.0,0.0,0.0,0.0
3126,0.0,0.0,1.0,Other,0.995,6,9.0,12.0,0.0,0.0,,,4.0,4.0,1.0,1.0,1.0,1.0,1.0,0.0,0.0,1.0
3127,0.0,0.0,0.0,White,0.995,6,12.0,12.0,0.0,,29.232,10.0,1.0,2.0,0.0,4.0,1.0,1.0,1.0,0.0,0.0,1.0
3128,1.0,0.0,0.0,White,0.175,3,14.0,12.0,0.0,0.0,60.604,2.0,2.0,3.0,0.0,0.0,1.0,2.0,1.0,0.0,0.0,0.0
3129,0.0,0.0,1.0,White,,8,12.0,12.0,0.0,0.0,53.892,15.0,2.0,1.0,5.0,0.0,5.0,5.0,1.0,1.0,1.0,1.0
3130,0.0,0.0,0.0,White,,8,12.0,12.0,0.0,0.0,28.738,1.0,4.0,2.0,0.0,1.0,1.0,1.0,1.0,0.0,0.0,0.0
3131,1.0,0.0,0.0,White,60.0,3,14.0,14.0,0.0,,62.278,6.0,2.0,1.0,0.0,0.0,1.0,2.0,1.0,0.0,,0.0
3132,1.0,0.0,1.0,White,60.0,4,15.0,14.0,0.0,0.0,78.804,5.0,2.0,2.0,0.0,0.0,2.0,2.0,1.0,0.0,0.0,0.0
3134,1.0,0.0,1.0,White,32.7,6,16.0,16.0,0.0,0.0,,6.0,2.0,2.0,1.0,0.0,3.0,2.0,1.0,0.0,0.0,0.0
3135,0.0,1.0,0.0,White,9.95,5,14.0,12.0,0.0,0.0,56.789,0.0,2.0,1.0,0.0,0.0,1.0,1.0,1.0,0.0,1.0,0.0
3136,0.0,0.0,0.0,White,9.95,5,14.0,12.0,0.0,,62.372,0.0,2.0,2.0,2.0,0.0,1.0,1.0,1.0,1.0,0.0,1.0
3137,0.0,0.0,0.0,White,4.79,5,11.0,10.0,0.0,0.0,58.233,6.0,2.0,3.0,0.0,0.0,3.0,3.0,2.0,0.0,0.0,0.0
3138,0.0,0.0,0.0,White,31.45,4,12.0,14.0,0.0,0.0,73.77,2.0,2.0,2.0,0.0,0.0,2.0,3.0,1.0,0.0,,0.0
3139,0.0,0.0,0.0,White,,4,12.0,12.0,0.0,,10.247,6.0,2.0,2.0,0.0,1.0,4.0,4.0,1.0,1.0,0.0,0.0
3140,1.0,0.0,1.0,White,,6,16.0,16.0,0.0,0.0,98.174,0.0,2.0,2.0,0.0,0.0,4.0,3.0,2.0,0.0,0.0,0.0
3141,1.0,0.0,0.0,White,,6,16.0,16.0,0.0,0.0,94.264,1.0,2.0,1.0,0.0,0.0,1.0,1.0,1.0,0.0,0.0,0.0
3142,1.0,0.0,0.0,White,11.85,4,12.0,12.0,0.0,0.0,94.536,2.0,2.0,3.0,0.0,0.0,3.0,4.0,1.0,0.0,0.0,0.0
3143,0.0,0.0,0.0,White,15.05,4,12.0,17.0,0.0,,64.015,0.0,2.0,2.0,0.0,0.0,1.0,1.0,1.0,0.0,,0.0
3144,1.0,0.0,1.0,White,,3,15.0,14.0,0.0,0.0,86.623,4.0,1.0,1.0,0.0,0.0,,,,0.0,0.0,0.0
3145,1.0,0.0,0.0,White,6.6,5,16.0,18.0,0.0,0.0,97.499,0.0,2.0,2.0,0.0,0.0,3.0,,,0.0,1.0,0.0
3146,1.0,0.0,0.0,White,14.45,4,12.0,12.0,0.0,0.0,89.556,4.0,3.0,2.0,0.0,1.0,3.0,2.0,1.0,0.0,0.0,0.0
3147,0.0,,0.0,Hispanic,,3,,,1.0,,98.597,3.0,2.0,4.0,30.0,2.0,,,,0.0,1.0,1.0
3148,1.0,0.0,1.0,White,,5,12.0,13.0,0.0,0.0,81.017,0.0,2.0,1.0,0.0,0.0,1.0,1.0,1.0,0.0,0.0,0.0
3149,0.0,0.0,0.0,White,,5,12.0,13.0,0.0,0.0,62.234,0.0,2.0,2.0,0.0,0.0,1.0,1.0,1.0,0.0,0.0,0.0
3150,0.0,0.0,0.0,White,9.4,4,9.0,12.0,0.0,0.0,31.961,1.0,2.0,1.0,3.0,1.0,3.0,2.0,2.0,0.0,0.0,1.0
3151,0.0,0.0,1.0,White,9.4,4,9.0,12.0,0.0,0.0,48.265,15.0,2.0,2.0,5.0,1.0,2.0,1.0,2.0,0.0,0.0,0.0
3152,0.0,0.0,0.0,White,1.175,2,16.0,,0.0,0.0,,0.0,3.0,3.0,1.0,0.0,1.0,,1.0,,0.0,0.0
3153,1.0,0.0,1.0,White,,5,12.0,12.0,0.0,0.0,55.156,0.0,2.0,2.0,0.0,0.0,3.0,3.0,2.0,0.0,0.0,0.0
3154,1.0,0.0,0.0,White,11.95,3,17.0,16.0,0.0,0.0,81.717,4.0,2.0,2.0,0.0,0.0,2.0,4.0,1.0,0.0,0.0,0.0
3155,1.0,0.0,1.0,White,,4,13.0,14.0,0.0,,54.185,2.0,2.0,2.0,0.0,0.0,3.0,4.0,2.0,0.0,0.0,0.0
3156,1.0,0.0,0.0,White,,3,16.0,12.0,0.0,0.0,87.586,1.0,1.0,3.0,0.0,0.0,1.0,1.0,1.0,0.0,0.0,0.0
3157,0.0,0.0,0.0,White,,5,15.0,16.0,,0.0,,0.0,2.0,3.0,0.0,1.0,4.0,5.0,1.0,0.0,,0.0
3158,0.0,,0.0,White,,5,15.0,16.0,,,,7.0,3.0,3.0,0.0,1.0,4.0,4.0,2.0,1.0,,0.0
3159,1.0,1.0,1.0,White,2.221,2,15.0,,0.0,0.0,36.451,10.0,2.0,3.0,0.0,0.0,4.0,4.0,2.0,0.0,1.0,0.0
3160,0.0,,1.0,White,0.775,2,11.0,12.0,0.0,,,10.0,2.0,1.0,0.0,0.0,5.0,3.0,3.0,0.0,,0.0
3161,1.0,0.0,1.0,White,4.75,3,12.0,12.0,0.0,0.0,73.582,0.0,2.0,3.0,0.0,0.0,3.0,2.0,1.0,0.0,,0.0
3162,1.0,1.0,1.0,White,2.55,5,17.0,13.0,0.0,1.0,94.497,6.0,2.0,2.0,0.0,0.0,1.0,1.0,1.0,0.0,0.0,0.0
3163,0.0,0.0,0.0,White,27.75,3,14.0,14.0,0.0,0.0,68.766,1.0,2.0,2.0,3.0,0.0,4.0,3.0,1.0,0.0,0.0,1.0
3164,0.0,0.0,1.0,White,0.825,4,16.0,16.0,0.0,0.0,,4.0,2.0,1.0,0.0,0.0,3.0,2.0,1.0,0.0,0.0,0.0
3165,0.0,0.0,1.0,White,-0.192,5,10.0,14.0,0.0,0.0,41.908,4.0,2.0,2.0,0.0,0.0,4.0,3.0,2.0,0.0,0.0,0.0
3166,1.0,0.0,1.0,White,-3.036,5,16.0,12.0,0.0,0.0,88.756,5.0,2.0,3.0,0.0,0.0,2.0,2.0,1.0,0.0,0.0,0.0
3167,0.0,0.0,0.0,White,-0.62,4,16.0,,0.0,,77.472,,2.0,2.0,0.0,0.0,2.0,1.0,1.0,0.0,0.0,1.0
3168,0.0,0.0,1.0,White,-0.62,4,16.0,,0.0,,45.885,5.0,4.0,3.0,1.0,0.0,2.0,1.0,1.0,0.0,0.0,1.0
3169,1.0,0.0,1.0,White,,3,15.0,,0.0,,47.838,7.0,2.0,4.0,5.0,0.0,2.0,1.0,1.0,0.0,0.0,0.0
3170,1.0,0.0,1.0,White,,2,15.0,9.0,0.0,0.0,84.131,14.0,2.0,3.0,0.0,0.0,4.0,5.0,2.0,0.0,0.0,0.0
3171,1.0,0.0,0.0,White,4.39,5,16.0,12.0,0.0,0.0,93.254,0.0,2.0,2.0,0.0,0.0,1.0,1.0,1.0,0.0,0.0,0.0
3172,0.0,0.0,0.0,Hispanic,4.34,3,10.0,10.0,0.0,1.0,4.712,15.0,2.0,1.0,0.0,0.0,1.0,1.0,2.0,1.0,0.0,0.0
3173,0.0,0.0,0.0,White,1.27,5,12.0,10.0,0.0,,21.919,32.0,1.0,1.0,0.0,0.0,4.0,3.0,4.0,0.0,0.0,0.0
3174,0.0,0.0,0.0,White,1.27,5,12.0,10.0,0.0,1.0,75.05,3.0,2.0,2.0,0.0,0.0,1.0,1.0,2.0,0.0,,1.0
3175,1.0,0.0,1.0,White,0.08,5,13.0,12.0,0.0,,71.666,1.0,1.0,2.0,0.0,0.0,2.0,3.0,1.0,0.0,0.0,0.0
3176,1.0,0.0,0.0,White,0.08,5,13.0,12.0,0.0,0.0,83.592,1.0,1.0,1.0,0.0,0.0,2.0,1.0,1.0,0.0,,0.0
3177,0.0,0.0,1.0,White,0.08,5,13.0,12.0,0.0,,83.901,0.0,1.0,1.0,0.0,0.0,1.0,1.0,1.0,0.0,0.0,0.0
3178,0.0,1.0,1.0,Hispanic,2.355,6,15.0,13.0,0.0,0.0,18.75,,,,,,,,,0.0,0.0,0.0
3179,1.0,0.0,1.0,Hispanic,2.355,6,15.0,13.0,0.0,,30.556,1.0,2.0,2.0,0.0,0.0,1.0,1.0,1.0,0.0,0.0,0.0
3180,1.0,0.0,1.0,White,49.388,2,16.0,12.0,0.0,0.0,84.894,0.0,1.0,2.0,0.0,0.0,4.0,4.0,1.0,0.0,0.0,0.0
3181,1.0,0.0,0.0,White,5.05,4,18.0,16.0,0.0,0.0,85.497,,2.0,2.0,1.0,0.0,,,1.0,0.0,0.0,0.0
3182,0.0,0.0,1.0,White,5.05,4,18.0,16.0,0.0,1.0,61.002,0.0,2.0,2.0,0.0,0.0,3.0,2.0,1.0,1.0,0.0,0.0
3183,1.0,0.0,1.0,White,2.35,4,16.0,16.0,0.0,0.0,67.776,3.0,1.0,1.0,0.0,0.0,4.0,2.0,4.0,0.0,0.0,0.0
3184,0.0,1.0,0.0,White,6.375,8,,,0.0,,44.288,3.0,2.0,1.0,0.0,0.0,3.0,3.0,2.0,0.0,1.0,0.0
3185,0.0,,1.0,White,2.07,8,,14.0,,,9.058,1.0,2.0,4.0,0.0,0.0,2.0,,1.0,0.0,,0.0
3186,1.0,0.0,1.0,White,16.225,4,13.0,16.0,0.0,0.0,79.16,3.0,2.0,2.0,0.0,0.0,2.0,3.0,1.0,0.0,0.0,0.0
3187,1.0,0.0,0.0,White,16.225,4,13.0,16.0,0.0,0.0,58.19,2.0,2.0,3.0,0.0,0.0,2.0,2.0,1.0,1.0,0.0,0.0
3188,1.0,0.0,1.0,White,4.875,5,8.0,12.0,0.0,0.0,76.749,4.0,2.0,3.0,0.0,0.0,3.0,4.0,2.0,0.0,,1.0
3189,1.0,0.0,1.0,White,37.7,6,12.0,12.0,0.0,0.0,88.002,3.0,2.0,3.0,0.0,0.0,4.0,4.0,2.0,0.0,1.0,0.0
3190,0.0,0.0,1.0,White,37.7,6,12.0,12.0,0.0,0.0,40.163,2.0,2.0,3.0,0.0,0.0,4.0,5.0,3.0,0.0,,0.0
3191,,,0.0,White,,3,16.0,14.0,0.0,,33.074,1.0,3.0,1.0,0.0,0.0,1.0,1.0,1.0,0.0,,0.0
3192,1.0,0.0,1.0,White,53.42,5,16.0,16.0,0.0,0.0,82.346,1.0,2.0,2.0,0.0,0.0,3.0,4.0,2.0,0.0,0.0,0.0
3193,1.0,0.0,0.0,White,53.42,5,16.0,16.0,0.0,,73.085,,2.0,2.0,0.0,0.0,1.0,,,0.0,0.0,0.0
3194,1.0,0.0,0.0,White,25.55,5,17.0,14.0,0.0,0.0,88.323,1.0,2.0,1.0,0.0,0.0,1.0,1.0,1.0,0.0,0.0,0.0
3195,1.0,1.0,1.0,White,15.75,3,14.0,18.0,0.0,0.0,82.388,6.0,2.0,2.0,0.0,0.0,3.0,2.0,1.0,0.0,1.0,0.0
3196,1.0,0.0,1.0,White,28.0,6,16.0,14.0,0.0,0.0,92.454,3.0,2.0,2.0,0.0,0.0,2.0,1.0,1.0,0.0,0.0,0.0
3197,1.0,0.0,0.0,White,28.0,6,16.0,14.0,0.0,0.0,90.799,0.0,2.0,3.0,0.0,0.0,2.0,3.0,1.0,1.0,0.0,0.0
3198,1.0,0.0,0.0,White,28.0,6,16.0,14.0,0.0,,91.889,0.0,2.0,2.0,0.0,0.0,1.0,1.0,1.0,0.0,0.0,0.0
3199,1.0,0.0,1.0,White,0.975,3,13.0,12.0,1.0,0.0,,0.0,1.0,3.0,0.0,0.0,4.0,2.0,1.0,0.0,1.0,
3200,1.0,0.0,1.0,White,,4,12.0,12.0,0.0,0.0,21.559,2.0,2.0,2.0,0.0,0.0,4.0,4.0,2.0,0.0,0.0,0.0
3201,0.0,0.0,0.0,White,,4,12.0,12.0,0.0,,57.247,4.0,2.0,2.0,0.0,0.0,4.0,3.0,1.0,1.0,0.0,1.0
3202,0.0,0.0,0.0,Other,2.935,4,10.0,10.0,0.0,0.0,14.531,4.0,2.0,2.0,0.0,0.0,2.0,1.0,2.0,0.0,0.0,0.0
3203,0.0,0.0,1.0,Hispanic,0.12,5,9.0,,0.0,0.0,47.644,5.0,2.0,2.0,0.0,0.0,3.0,2.0,2.0,0.0,0.0,1.0
3204,0.0,1.0,1.0,Hispanic,0.12,5,9.0,12.0,0.0,0.0,14.199,3.0,3.0,2.0,0.0,1.0,3.0,2.0,1.0,0.0,0.0,1.0
3205,0.0,0.0,0.0,White,0.15,6,10.0,20.0,0.0,,17.277,5.0,2.0,3.0,0.0,1.0,4.0,4.0,2.0,1.0,,1.0
3206,0.0,0.0,1.0,Other,1.295,5,15.0,,0.0,,31.672,17.0,1.0,2.0,0.0,0.0,5.0,3.0,2.0,0.0,0.0,0.0
3207,0.0,0.0,0.0,White,0.33,4,,,,0.0,,0.0,1.0,2.0,0.0,1.0,1.0,1.0,1.0,1.0,0.0,0.0
3208,,,0.0,White,0.33,4,,,0.0,,,2.0,2.0,2.0,4.0,1.0,3.0,1.0,2.0,1.0,,0.0
3209,0.0,0.0,0.0,White,0.33,4,,,1.0,0.0,,7.0,2.0,2.0,0.0,0.0,1.0,3.0,4.0,,,1.0
3210,1.0,0.0,1.0,White,22.85,4,19.0,13.0,0.0,,61.451,2.0,2.0,1.0,0.0,0.0,2.0,1.0,1.0,1.0,0.0,0.0
3211,1.0,0.0,1.0,White,,5,18.0,16.0,0.0,0.0,52.748,1.0,2.0,3.0,0.0,0.0,3.0,2.0,1.0,1.0,0.0,0.0
3212,1.0,1.0,0.0,White,6.59,4,12.0,14.0,0.0,0.0,76.424,2.0,1.0,1.0,0.0,0.0,1.0,1.0,1.0,1.0,0.0,0.0
3213,1.0,0.0,1.0,White,4.55,8,,,0.0,0.0,78.499,2.0,1.0,1.0,0.0,0.0,3.0,1.0,1.0,0.0,0.0,0.0
3214,0.0,0.0,1.0,Hispanic,14.2001,6,13.0,15.0,0.0,0.0,33.68,0.0,2.0,2.0,0.0,0.0,1.0,1.0,1.0,0.0,0.0,0.0
3215,1.0,0.0,0.0,White,13.95,5,16.0,18.0,0.0,0.0,65.037,3.0,1.0,3.0,0.0,0.0,3.0,2.0,1.0,0.0,0.0,0.0
3216,1.0,0.0,0.0,White,27.34,5,18.0,16.0,0.0,0.0,89.207,5.0,3.0,3.0,2.0,0.0,1.0,1.0,1.0,0.0,0.0,0.0
3217,1.0,1.0,0.0,White,60.0,4,18.0,16.0,0.0,0.0,,1.0,2.0,2.0,0.0,0.0,2.0,2.0,1.0,0.0,,0.0
3218,1.0,0.0,1.0,White,60.0,4,18.0,16.0,0.0,0.0,,1.0,2.0,2.0,0.0,0.0,2.0,1.0,1.0,0.0,,0.0
3219,1.0,0.0,0.0,Hispanic,24.8,3,12.0,12.0,0.0,0.0,56.849,0.0,1.0,2.0,0.0,0.0,3.0,1.0,1.0,0.0,0.0,0.0
3220,0.0,0.0,0.0,White,8.45,4,17.0,16.0,0.0,0.0,35.519,0.0,1.0,3.0,0.0,0.0,2.0,1.0,1.0,0.0,0.0,0.0
3221,1.0,0.0,1.0,White,3.25,3,14.0,12.0,0.0,0.0,84.18,20.0,2.0,2.0,0.0,0.0,3.0,2.0,1.0,0.0,0.0,0.0
3222,1.0,0.0,0.0,White,,5,15.0,,0.0,0.0,92.761,5.0,2.0,3.0,3.0,0.0,4.0,3.0,1.0,1.0,0.0,0.0
3223,0.0,0.0,1.0,White,,5,15.0,,0.0,0.0,92.189,4.0,1.0,3.0,0.0,0.0,4.0,3.0,1.0,0.0,,0.0
3224,0.0,0.0,0.0,White,60.0,5,9.0,12.0,0.0,0.0,26.386,8.0,2.0,2.0,0.0,3.0,2.0,1.0,1.0,0.0,,0.0
3225,0.0,0.0,1.0,White,10.95,3,,14.0,0.0,0.0,16.435,6.0,1.0,1.0,0.0,0.0,4.0,4.0,1.0,0.0,1.0,0.0
3226,1.0,,0.0,White,60.0,3,12.0,8.0,0.0,,37.133,4.0,3.0,4.0,1.0,1.0,5.0,3.0,,1.0,,0.0
3227,0.0,0.0,1.0,Hispanic,,5,12.0,12.0,,0.0,56.313,4.0,1.0,2.0,0.0,0.0,3.0,2.0,1.0,0.0,,0.0
3228,0.0,0.0,1.0,White,,5,12.0,12.0,,0.0,78.114,2.0,2.0,1.0,0.0,0.0,4.0,2.0,1.0,0.0,,0.0
3229,1.0,0.0,1.0,White,,5,,12.0,,0.0,39.125,1.0,1.0,2.0,0.0,0.0,3.0,2.0,1.0,0.0,0.0,0.0
3230,0.0,0.0,1.0,White,6.1801,6,,12.0,0.0,0.0,44.238,2.0,2.0,1.0,0.0,0.0,2.0,2.0,1.0,0.0,0.0,0.0
3231,1.0,0.0,0.0,White,0.4102,4,14.0,9.0,0.0,,28.894,10.0,1.0,2.0,2.0,0.0,3.0,1.0,,0.0,0.0,1.0
3232,1.0,0.0,1.0,White,0.4102,4,14.0,9.0,0.0,0.0,21.891,9.0,1.0,2.0,0.0,0.0,,,,0.0,1.0,0.0
3233,1.0,0.0,1.0,White,0.45,3,,10.0,0.0,0.0,60.274,11.0,2.0,3.0,0.0,0.0,4.0,4.0,1.0,0.0,,0.0
3234,0.0,,0.0,White,,3,12.0,,,,0.549,1.0,1.0,4.0,0.0,0.0,1.0,4.0,1.0,0.0,1.0,0.0
3235,0.0,0.0,1.0,White,,2,12.0,14.0,,0.0,88.646,30.0,3.0,4.0,0.0,0.0,3.0,4.0,,0.0,,0.0
3236,1.0,0.0,1.0,White,,3,13.0,12.0,,,47.872,0.0,2.0,2.0,0.0,0.0,2.0,2.0,1.0,0.0,0.0,0.0
3237,1.0,0.0,1.0,White,15.25,4,18.0,12.0,0.0,0.0,83.489,4.0,1.0,1.0,0.0,0.0,2.0,1.0,1.0,0.0,0.0,0.0
3238,1.0,0.0,1.0,White,60.0,4,12.0,16.0,0.0,0.0,91.429,0.0,1.0,1.0,0.0,0.0,4.0,3.0,2.0,0.0,0.0,0.0
3239,0.0,0.0,1.0,White,60.0,4,12.0,16.0,0.0,0.0,89.391,5.0,2.0,2.0,0.0,0.0,2.0,1.0,1.0,0.0,0.0,0.0
3240,0.0,0.0,1.0,White,27.05,5,12.0,12.0,0.0,0.0,30.508,2.0,2.0,3.0,0.0,0.0,4.0,3.0,2.0,0.0,0.0,0.0
3241,0.0,0.0,1.0,Hispanic,,4,14.0,,0.0,0.0,31.03,10.0,2.0,3.0,3.0,0.0,4.0,2.0,2.0,0.0,,0.0
3242,1.0,0.0,1.0,White,8.42,3,16.0,16.0,0.0,0.0,66.357,3.0,3.0,3.0,0.0,0.0,3.0,1.0,1.0,0.0,0.0,0.0
3243,0.0,0.0,1.0,Hispanic,19.45,2,16.0,18.0,0.0,0.0,,7.0,1.0,3.0,0.0,0.0,4.0,3.0,2.0,0.0,,0.0
3244,1.0,0.0,0.0,White,-0.03,6,12.0,12.0,0.0,,99.656,2.0,2.0,2.0,0.0,0.0,3.0,2.0,3.0,0.0,0.0,0.0
3245,1.0,0.0,0.0,White,-0.125,3,10.0,10.0,0.0,,,0.0,3.0,1.0,2.0,1.0,1.0,1.0,1.0,0.0,0.0,0.0
3246,0.0,,0.0,Black,2.3671,3,12.0,13.0,0.0,,41.965,0.0,2.0,2.0,7.0,1.0,3.0,4.0,2.0,0.0,,0.0
3247,0.0,0.0,0.0,White,11.7001,5,13.0,15.0,0.0,0.0,33.802,0.0,2.0,2.0,0.0,0.0,4.0,3.0,2.0,1.0,,0.0
3248,1.0,0.0,1.0,White,4.55,4,12.0,16.0,0.0,0.0,84.788,2.0,2.0,2.0,0.0,0.0,3.0,2.0,1.0,0.0,1.0,0.0
3249,1.0,0.0,1.0,White,7.375,2,12.0,18.0,0.0,1.0,70.263,5.0,2.0,3.0,2.0,0.0,2.0,4.0,2.0,0.0,,0.0
3250,1.0,0.0,1.0,White,4.155,7,12.0,12.0,0.0,0.0,62.034,,2.0,1.0,0.0,0.0,4.0,5.0,1.0,0.0,0.0,0.0
3251,1.0,0.0,1.0,Other,4.155,7,12.0,12.0,0.0,0.0,84.136,3.0,2.0,1.0,0.0,0.0,2.0,1.0,1.0,0.0,0.0,0.0
3252,1.0,0.0,1.0,Other,4.155,7,12.0,12.0,0.0,0.0,80.985,1.0,1.0,1.0,0.0,0.0,3.0,1.0,1.0,0.0,0.0,0.0
3253,1.0,0.0,0.0,White,,4,16.0,13.0,0.0,0.0,35.741,0.0,2.0,3.0,1.0,4.0,2.0,1.0,1.0,1.0,1.0,0.0
3254,0.0,0.0,1.0,White,5.01,4,12.0,13.0,0.0,0.0,16.615,30.0,2.0,3.0,0.0,0.0,4.0,4.0,1.0,1.0,1.0,0.0
3255,0.0,0.0,1.0,White,1.7,5,13.0,14.0,0.0,0.0,61.634,3.0,2.0,3.0,0.0,0.0,4.0,4.0,2.0,0.0,1.0,0.0
3256,0.0,0.0,0.0,White,1.7,5,13.0,14.0,0.0,0.0,61.863,0.0,2.0,2.0,2.0,0.0,1.0,1.0,1.0,0.0,0.0,0.0
3257,1.0,0.0,1.0,White,16.85,3,,12.0,0.0,,81.12,3.0,2.0,2.0,0.0,0.0,2.0,2.0,1.0,0.0,0.0,0.0
3258,1.0,0.0,0.0,White,5.33,4,13.0,16.0,0.0,0.0,53.053,6.0,2.0,2.0,0.0,0.0,3.0,3.0,1.0,0.0,0.0,0.0
3259,0.0,0.0,0.0,White,,4,15.0,12.0,0.0,0.0,40.237,,2.0,2.0,0.0,0.0,4.0,4.0,,1.0,0.0,0.0
3260,0.0,0.0,0.0,White,8.9,3,14.0,14.0,0.0,0.0,2.258,1.0,2.0,3.0,0.0,0.0,2.0,1.0,1.0,0.0,,0.0
3261,0.0,0.0,1.0,White,5.45,5,14.0,15.0,0.0,0.0,43.619,8.0,2.0,1.0,0.0,0.0,4.0,3.0,1.0,0.0,0.0,0.0
3262,0.0,0.0,0.0,White,5.45,5,14.0,15.0,0.0,,,3.0,2.0,1.0,0.0,0.0,2.0,1.0,1.0,0.0,0.0,0.0
3263,0.0,0.0,0.0,White,0.575,3,12.0,12.0,1.0,0.0,51.326,8.0,1.0,2.0,0.0,0.0,2.0,1.0,1.0,0.0,0.0,0.0
3264,1.0,,1.0,Asian,-5.85,3,12.0,18.0,0.0,,61.841,0.0,2.0,2.0,0.0,0.0,3.0,4.0,1.0,0.0,,0.0
3265,0.0,,1.0,White,,3,12.0,12.0,0.0,,86.568,6.0,1.0,2.0,0.0,0.0,2.0,1.0,1.0,0.0,,0.0
3266,1.0,0.0,0.0,White,0.9,3,12.0,12.0,0.0,0.0,66.661,2.0,3.0,2.0,0.0,0.0,3.0,2.0,1.0,0.0,,0.0
3267,1.0,0.0,1.0,White,6.125,5,12.0,,0.0,0.0,82.886,2.0,2.0,2.0,0.0,0.0,4.0,4.0,1.0,1.0,0.0,0.0
3268,0.0,0.0,1.0,White,2.86,5,10.0,10.0,0.0,,21.493,5.0,2.0,4.0,0.0,0.0,4.0,2.0,1.0,1.0,0.0,0.0
3269,0.0,0.0,0.0,White,2.86,5,10.0,10.0,0.0,0.0,0.892,30.0,4.0,3.0,0.0,1.0,4.0,3.0,2.0,0.0,0.0,0.0
3270,0.0,0.0,0.0,White,5.75,3,16.0,16.0,0.0,0.0,40.136,10.0,2.0,4.0,0.0,0.0,4.0,5.0,3.0,0.0,0.0,1.0
3271,0.0,0.0,0.0,White,0.3,4,16.0,12.0,0.0,,41.925,10.0,4.0,4.0,0.0,0.0,2.0,2.0,2.0,1.0,1.0,0.0
3272,0.0,0.0,1.0,White,0.3,4,16.0,12.0,0.0,0.0,44.607,5.0,2.0,2.0,0.0,0.0,3.0,3.0,2.0,0.0,0.0,0.0
3273,1.0,0.0,0.0,White,1.0785,2,15.0,20.0,0.0,0.0,88.94,5.0,2.0,4.0,0.0,0.0,5.0,3.0,2.0,0.0,1.0,0.0
3274,0.0,0.0,0.0,White,11.44,4,12.0,12.0,0.0,0.0,35.38,2.0,2.0,2.0,0.0,1.0,3.0,4.0,1.0,0.0,0.0,0.0
3275,0.0,0.0,0.0,White,15.45,3,12.0,12.0,0.0,0.0,,1.0,2.0,2.0,0.0,0.0,4.0,4.0,1.0,0.0,,0.0
3276,1.0,0.0,1.0,White,,4,18.0,13.0,0.0,0.0,80.684,0.0,2.0,2.0,0.0,0.0,2.0,1.0,1.0,0.0,0.0,0.0
3277,1.0,0.0,1.0,White,12.28,3,12.0,14.0,0.0,,46.521,1.0,2.0,1.0,0.0,0.0,3.0,3.0,2.0,0.0,,0.0
3278,,,1.0,White,12.28,3,12.0,14.0,0.0,,4.316,0.0,1.0,2.0,0.0,0.0,2.0,1.0,1.0,0.0,,0.0
3279,1.0,0.0,1.0,White,7.25,4,19.0,15.0,0.0,0.0,90.299,6.0,1.0,1.0,0.0,0.0,2.0,1.0,1.0,0.0,0.0,0.0
3280,0.0,,1.0,White,7.8,4,13.0,12.0,0.0,,50.26,20.0,2.0,2.0,0.0,0.0,4.0,4.0,1.0,0.0,,0.0
3281,1.0,0.0,0.0,White,37.1,3,12.0,16.0,0.0,0.0,90.82,2.0,2.0,2.0,0.0,0.0,1.0,1.0,1.0,0.0,0.0,0.0
3282,1.0,0.0,1.0,White,23.05,4,18.0,16.0,0.0,0.0,25.97,2.0,2.0,2.0,0.0,0.0,3.0,2.0,1.0,0.0,0.0,0.0
3283,1.0,0.0,0.0,White,8.55,4,16.0,20.0,0.0,0.0,74.688,0.0,2.0,1.0,2.0,0.0,3.0,1.0,1.0,0.0,0.0,0.0
3284,1.0,0.0,1.0,White,7.225,4,12.0,10.0,0.0,0.0,93.718,0.0,2.0,2.0,0.0,0.0,1.0,1.0,1.0,0.0,0.0,0.0
3285,0.0,0.0,0.0,White,0.25,5,11.0,12.0,0.0,,15.063,2.0,2.0,2.0,0.0,0.0,1.0,1.0,1.0,0.0,0.0,0.0
3286,0.0,0.0,0.0,White,0.175,4,7.0,5.0,0.0,0.0,,6.0,2.0,2.0,0.0,0.0,1.0,1.0,3.0,0.0,1.0,0.0
3287,1.0,0.0,0.0,Other,,4,,,,0.0,64.763,2.0,1.0,2.0,0.0,0.0,3.0,2.0,2.0,0.0,0.0,0.0
3288,1.0,0.0,1.0,Other,,4,,,,0.0,84.513,1.0,1.0,2.0,1.0,0.0,1.0,1.0,1.0,0.0,0.0,0.0
3289,0.0,0.0,0.0,White,1.0504,2,,13.0,0.0,,7.924,7.0,4.0,2.0,0.0,0.0,5.0,2.0,1.0,0.0,0.0,0.0
3290,0.0,0.0,0.0,White,0.455,4,9.0,10.0,0.0,0.0,23.803,2.0,2.0,1.0,0.0,10.0,5.0,1.0,4.0,0.0,1.0,0.0
3291,0.0,0.0,1.0,White,0.25,4,12.0,9.0,0.0,,31.503,3.0,2.0,2.0,0.0,0.0,,,1.0,0.0,,0.0
3292,0.0,1.0,1.0,White,0.25,4,12.0,9.0,0.0,,31.955,3.0,2.0,1.0,1.0,0.0,,,,1.0,1.0,1.0
3293,1.0,0.0,0.0,White,7.25,4,9.0,12.0,0.0,0.0,65.744,5.0,2.0,3.0,1.0,0.0,4.0,4.0,2.0,1.0,1.0,0.0
3294,0.0,0.0,0.0,White,,3,16.0,12.0,0.0,0.0,,5.0,2.0,2.0,1.0,0.0,3.0,2.0,1.0,1.0,,1.0
3295,1.0,0.0,1.0,White,0.178,2,14.0,14.0,0.0,0.0,,0.0,2.0,2.0,0.0,0.0,3.0,4.0,1.0,0.0,0.0,0.0
3296,0.0,0.0,1.0,White,2.55,5,9.0,9.0,0.0,0.0,4.519,14.0,3.0,4.0,2.0,0.0,3.0,1.0,3.0,0.0,0.0,0.0
3297,0.0,1.0,1.0,Black,5.52,4,12.0,12.0,0.0,0.0,36.832,9.0,2.0,2.0,0.0,0.0,1.0,1.0,1.0,0.0,0.0,0.0
3298,0.0,0.0,1.0,Black,-0.825,6,10.0,11.0,0.0,1.0,,6.0,3.0,3.0,0.0,0.0,4.0,2.0,1.0,0.0,0.0,0.0
3299,0.0,0.0,0.0,Black,-0.825,6,10.0,10.0,0.0,,0.764,,1.0,1.0,,,5.0,3.0,1.0,0.0,0.0,1.0
3300,0.0,0.0,0.0,Black,0.625,4,13.0,11.0,0.0,0.0,55.855,2.0,2.0,2.0,1.0,1.0,1.0,1.0,1.0,0.0,1.0,0.0
3301,0.0,0.0,0.0,Black,0.915,4,13.0,9.0,0.0,,,1.0,2.0,1.0,0.0,0.0,1.0,1.0,1.0,0.0,0.0,0.0
3302,0.0,0.0,1.0,White,2.1175,4,11.0,,0.0,0.0,45.882,13.0,1.0,2.0,0.0,0.0,1.0,1.0,2.0,0.0,0.0,0.0
3303,1.0,0.0,1.0,White,7.55,3,9.0,12.0,0.0,0.0,30.856,0.0,2.0,2.0,0.0,0.0,4.0,2.0,3.0,0.0,0.0,1.0
3304,1.0,0.0,0.0,White,1.45,3,8.0,8.0,0.0,0.0,,5.0,2.0,2.0,0.0,0.0,2.0,1.0,1.0,0.0,,0.0
3305,1.0,0.0,0.0,Black,0.475,2,12.0,12.0,0.0,0.0,12.919,2.0,2.0,2.0,0.0,0.0,4.0,1.0,1.0,0.0,0.0,0.0
3306,1.0,0.0,1.0,White,5.35,3,12.0,12.0,0.0,0.0,,0.0,2.0,2.0,0.0,0.0,4.0,3.0,2.0,0.0,,0.0
3307,1.0,0.0,1.0,White,1.635,3,12.0,12.0,0.0,0.0,,8.0,1.0,3.0,5.0,0.0,4.0,3.0,4.0,0.0,0.0,0.0
3308,0.0,0.0,1.0,White,15.07,4,12.0,12.0,0.0,0.0,55.886,0.0,2.0,2.0,2.0,0.0,4.0,2.0,1.0,1.0,1.0,0.0
3309,0.0,0.0,0.0,White,,4,8.0,8.0,,,,2.0,3.0,2.0,1.0,1.0,5.0,2.0,1.0,1.0,0.0,0.0
3310,0.0,0.0,0.0,White,5.45,5,14.0,12.0,0.0,0.0,34.132,3.0,2.0,2.0,0.0,0.0,5.0,5.0,1.0,0.0,0.0,1.0
3311,0.0,0.0,0.0,White,5.45,5,14.0,12.0,0.0,0.0,57.45,3.0,2.0,2.0,0.0,0.0,2.0,1.0,2.0,0.0,0.0,1.0
3312,0.0,0.0,1.0,White,14.45,4,16.0,12.0,0.0,0.0,25.769,3.0,2.0,3.0,0.0,0.0,3.0,3.0,1.0,0.0,0.0,0.0
3313,0.0,0.0,1.0,White,14.45,4,16.0,12.0,0.0,0.0,24.59,1.0,2.0,2.0,0.0,0.0,1.0,1.0,1.0,0.0,0.0,0.0
3314,0.0,,0.0,White,7.355,4,12.0,8.0,0.0,,,3.0,4.0,2.0,0.0,5.0,5.0,5.0,3.0,0.0,1.0,1.0
3315,0.0,0.0,0.0,White,3.802,5,10.0,,0.0,1.0,62.351,0.0,2.0,2.0,1.0,0.0,1.0,1.0,1.0,1.0,0.0,0.0
3316,0.0,0.0,1.0,White,3.802,5,10.0,,0.0,,93.703,1.0,1.0,1.0,0.0,0.0,3.0,2.0,1.0,0.0,0.0,0.0
3317,0.0,0.0,1.0,White,3.802,5,10.0,,0.0,0.0,43.625,3.0,2.0,2.0,0.0,0.0,1.0,1.0,1.0,0.0,0.0,0.0
3318,0.0,0.0,1.0,White,2.6575,6,12.0,12.0,0.0,,42.601,1.0,1.0,2.0,0.0,0.0,1.0,1.0,1.0,0.0,0.0,0.0
3319,1.0,0.0,1.0,White,1.1615,2,12.0,12.0,0.0,0.0,2.648,2.0,2.0,3.0,3.0,0.0,4.0,1.0,2.0,0.0,0.0,0.0
3320,1.0,0.0,1.0,White,2.1,2,12.0,12.0,0.0,0.0,,1.0,2.0,2.0,0.0,0.0,1.0,1.0,1.0,0.0,,0.0
3321,0.0,0.0,0.0,White,,5,14.0,,,0.0,27.152,30.0,3.0,4.0,0.0,0.0,5.0,3.0,3.0,0.0,0.0,1.0
3322,0.0,0.0,0.0,White,36.72,4,14.0,12.0,0.0,0.0,31.24,5.0,1.0,1.0,2.0,0.0,1.0,1.0,1.0,0.0,0.0,0.0
3323,1.0,0.0,1.0,White,,2,12.0,12.0,,0.0,11.054,7.0,2.0,3.0,0.0,0.0,3.0,4.0,1.0,0.0,,0.0
3324,1.0,0.0,1.0,White,51.7001,3,20.0,12.0,0.0,0.0,68.552,0.0,3.0,3.0,0.0,0.0,4.0,3.0,1.0,0.0,0.0,0.0
3325,0.0,0.0,0.0,White,60.0,5,18.0,20.0,0.0,0.0,98.744,1.0,2.0,1.0,0.0,0.0,1.0,2.0,1.0,0.0,0.0,0.0
3326,1.0,1.0,1.0,Black,-0.5298,2,12.0,14.0,0.0,0.0,43.622,0.0,1.0,1.0,1.0,0.0,4.0,2.0,2.0,1.0,1.0,0.0
3327,0.0,0.0,0.0,White,7.6101,2,12.0,12.0,0.0,0.0,,10.0,2.0,4.0,0.0,0.0,4.0,3.0,1.0,0.0,0.0,1.0
3328,0.0,0.0,0.0,White,33.2251,4,12.0,12.0,0.0,0.0,21.859,3.0,3.0,4.0,0.0,0.0,3.0,2.0,1.0,0.0,,0.0
3329,0.0,0.0,1.0,White,14.7101,4,10.0,12.0,0.0,,34.162,5.0,2.0,2.0,0.0,0.0,1.0,1.0,1.0,0.0,0.0,0.0
3330,1.0,0.0,0.0,White,,4,12.0,12.0,,,,4.0,1.0,2.0,0.0,0.0,4.0,2.0,1.0,0.0,,0.0
3331,1.0,,1.0,White,,4,12.0,12.0,,,,1.0,2.0,2.0,0.0,0.0,4.0,3.0,2.0,0.0,,0.0
3332,0.0,0.0,0.0,White,15.13,5,12.0,10.0,0.0,,57.429,0.0,2.0,2.0,10.0,0.0,4.0,1.0,2.0,1.0,1.0,1.0
3333,0.0,0.0,0.0,White,,5,12.0,10.0,,,30.495,3.0,1.0,2.0,2.0,0.0,1.0,1.0,1.0,0.0,0.0,1.0
3334,0.0,0.0,1.0,White,,4,12.0,12.0,0.0,0.0,31.709,7.0,2.0,1.0,0.0,0.0,5.0,5.0,3.0,0.0,,0.0
3335,0.0,1.0,0.0,White,2.03,2,12.0,,0.0,,23.29,12.0,2.0,2.0,0.0,0.0,3.0,3.0,3.0,0.0,0.0,0.0
3336,0.0,0.0,0.0,Hispanic,1.2,7,5.0,,0.0,0.0,,13.0,2.0,2.0,0.0,1.0,1.0,1.0,2.0,1.0,,0.0
3337,1.0,1.0,1.0,Hispanic,0.85,6,7.0,12.0,0.0,0.0,,9.0,2.0,2.0,0.0,0.0,4.0,3.0,2.0,0.0,0.0,0.0
3338,1.0,0.0,0.0,Hispanic,0.85,6,7.0,12.0,0.0,0.0,,9.0,2.0,3.0,0.0,0.0,1.0,1.0,2.0,0.0,0.0,0.0
3339,0.0,0.0,1.0,Hispanic,0.85,7,7.0,7.0,0.0,,19.039,9.0,3.0,2.0,0.0,0.0,4.0,3.0,3.0,0.0,,0.0
3340,0.0,0.0,0.0,White,3.44,5,12.0,9.0,0.0,,10.959,2.0,2.0,2.0,2.0,2.0,2.0,1.0,1.0,0.0,0.0,1.0
3341,1.0,0.0,0.0,Hispanic,10.45,5,16.0,16.0,0.0,0.0,87.121,5.0,1.0,2.0,0.0,0.0,1.0,1.0,1.0,0.0,0.0,0.0
3342,0.0,,1.0,White,-7.414,5,14.0,16.0,0.0,,72.462,9.0,2.0,3.0,0.0,0.0,4.0,4.0,2.0,0.0,,1.0
3343,0.0,0.0,0.0,White,-7.414,5,14.0,12.0,0.0,0.0,7.475,0.0,2.0,2.0,0.0,0.0,4.0,2.0,2.0,0.0,0.0,0.0
3344,0.0,0.0,0.0,White,-7.414,5,14.0,16.0,0.0,,11.32,3.0,3.0,2.0,0.0,1.0,3.0,1.0,2.0,0.0,0.0,0.0
3345,1.0,0.0,1.0,Hispanic,,4,12.0,12.0,0.0,0.0,64.152,5.0,3.0,2.0,0.0,0.0,3.0,4.0,1.0,0.0,0.0,0.0
3346,1.0,0.0,1.0,Hispanic,,4,12.0,12.0,0.0,0.0,50.607,6.0,3.0,2.0,0.0,0.0,3.0,3.0,1.0,0.0,0.0,0.0
3347,0.0,0.0,0.0,White,8.95,5,12.0,13.0,0.0,0.0,94.169,2.0,1.0,2.0,0.0,0.0,1.0,1.0,1.0,0.0,0.0,0.0
3348,0.0,0.0,1.0,White,6.6965,3,14.0,12.0,0.0,0.0,75.015,4.0,3.0,3.0,6.0,5.0,3.0,3.0,2.0,0.0,1.0,0.0
3349,0.0,0.0,1.0,White,6.6965,3,14.0,12.0,0.0,0.0,96.275,2.0,2.0,3.0,6.0,0.0,3.0,2.0,1.0,1.0,0.0,0.0
3350,0.0,0.0,0.0,White,22.45,6,12.0,12.0,,0.0,31.77,3.0,3.0,2.0,0.0,0.0,3.0,2.0,1.0,0.0,,0.0
3351,0.0,1.0,0.0,White,33.35,6,12.0,12.0,,0.0,48.686,4.0,1.0,3.0,1.0,1.0,5.0,3.0,3.0,0.0,,1.0
3352,0.0,0.0,0.0,White,22.45,6,12.0,12.0,0.0,0.0,15.437,10.0,2.0,2.0,1.0,1.0,3.0,2.0,1.0,1.0,,0.0
3353,1.0,0.0,1.0,Hispanic,31.95,3,2.0,12.0,0.0,0.0,35.023,1.0,2.0,2.0,1.0,0.0,5.0,1.0,3.0,0.0,0.0,0.0
3354,1.0,0.0,0.0,White,0.31,4,13.0,15.0,0.0,0.0,45.835,0.0,1.0,1.0,0.0,0.0,1.0,1.0,1.0,0.0,,0.0
3355,0.0,0.0,1.0,White,0.31,4,13.0,15.0,0.0,0.0,77.827,4.0,2.0,2.0,0.0,0.0,2.0,3.0,1.0,0.0,,0.0
3356,1.0,0.0,0.0,White,1.0,4,10.0,12.0,0.0,0.0,,8.0,2.0,2.0,0.0,0.0,2.0,1.0,1.0,1.0,0.0,1.0
3357,1.0,,1.0,White,,5,,,,,,5.0,1.0,1.0,0.0,0.0,1.0,1.0,1.0,0.0,,0.0
3358,0.0,0.0,1.0,White,0.05,6,12.0,12.0,0.0,,,5.0,2.0,2.0,0.0,0.0,3.0,2.0,2.0,0.0,0.0,1.0
3359,1.0,1.0,0.0,White,0.05,6,12.0,12.0,0.0,1.0,,6.0,2.0,3.0,10.0,0.0,4.0,2.0,3.0,0.0,1.0,0.0
3360,1.0,0.0,1.0,Hispanic,0.615,2,8.0,3.0,0.0,0.0,7.575,6.0,3.0,2.0,0.0,1.0,5.0,3.0,3.0,0.0,,0.0
3361,0.0,0.0,1.0,White,13.3501,3,12.0,12.0,0.0,0.0,17.515,1.0,3.0,4.0,3.0,0.0,5.0,5.0,4.0,1.0,0.0,1.0
3362,0.0,0.0,0.0,Hispanic,0.05,4,8.0,11.0,0.0,0.0,,0.0,3.0,2.0,5.0,8.0,1.0,1.0,1.0,0.0,,0.0
3363,1.0,0.0,1.0,White,2.7,4,14.0,12.0,0.0,,83.854,0.0,2.0,2.0,0.0,0.0,3.0,4.0,1.0,0.0,0.0,0.0
3364,1.0,0.0,1.0,White,2.7,4,14.0,12.0,0.0,,83.691,2.0,2.0,2.0,0.0,0.0,2.0,1.0,1.0,0.0,0.0,0.0
3365,1.0,0.0,1.0,White,0.75,5,12.0,12.0,0.0,0.0,13.563,7.0,1.0,2.0,3.0,0.0,2.0,1.0,1.0,0.0,0.0,0.0
3366,0.0,0.0,0.0,White,0.495,4,12.0,12.0,0.0,0.0,66.508,5.0,3.0,1.0,0.0,2.0,2.0,1.0,1.0,0.0,0.0,1.0
3367,0.0,0.0,0.0,White,10.55,3,12.0,9.0,0.0,0.0,6.538,1.0,2.0,2.0,0.0,1.0,4.0,5.0,2.0,0.0,0.0,0.0
3368,0.0,0.0,1.0,White,9.375,4,14.0,16.0,0.0,0.0,72.939,2.0,1.0,2.0,0.0,0.0,1.0,1.0,1.0,0.0,0.0,0.0
3369,1.0,0.0,0.0,White,1.775,3,12.0,,0.0,0.0,99.552,5.0,1.0,2.0,0.0,0.0,2.0,2.0,2.0,0.0,0.0,0.0
3370,1.0,0.0,0.0,White,18.3301,4,12.0,12.0,0.0,0.0,50.727,5.0,2.0,2.0,0.0,0.0,1.0,1.0,1.0,0.0,,0.0
3371,1.0,,1.0,White,18.3301,4,12.0,12.0,0.0,,43.143,3.0,1.0,2.0,0.0,0.0,1.0,1.0,1.0,0.0,,0.0
3372,0.0,0.0,0.0,White,29.5,4,16.0,13.0,0.0,,55.907,6.0,2.0,1.0,0.0,0.0,1.0,1.0,1.0,1.0,0.0,0.0
3373,0.0,,0.0,White,29.5,4,16.0,13.0,0.0,,38.959,6.0,2.0,2.0,0.0,0.0,1.0,1.0,1.0,0.0,,0.0
3374,1.0,0.0,0.0,White,34.5,4,12.0,12.0,0.0,0.0,69.915,3.0,2.0,2.0,0.0,0.0,3.0,3.0,2.0,1.0,0.0,0.0
3375,0.0,,1.0,White,34.5,4,12.0,12.0,0.0,,49.101,1.0,2.0,2.0,0.0,0.0,1.0,1.0,1.0,0.0,,0.0
3376,0.0,0.0,1.0,Hispanic,14.65,5,14.0,13.0,0.0,0.0,75.979,3.0,1.0,1.0,0.0,0.0,1.0,1.0,1.0,0.0,,0.0
3377,1.0,0.0,1.0,White,10.79,3,20.0,15.0,0.0,,92.301,0.0,2.0,2.0,3.0,1.0,1.0,1.0,1.0,1.0,0.0,0.0
3378,1.0,0.0,0.0,White,9.575,4,13.0,15.0,0.0,,74.05,9.0,2.0,3.0,0.0,0.0,1.0,1.0,1.0,0.0,0.0,0.0
3379,1.0,0.0,0.0,White,12.025,5,16.0,18.0,0.0,0.0,89.321,0.0,2.0,2.0,0.0,0.0,2.0,2.0,1.0,0.0,0.0,0.0
3380,1.0,0.0,1.0,White,12.025,5,16.0,18.0,0.0,0.0,74.176,0.0,1.0,1.0,0.0,0.0,1.0,1.0,1.0,0.0,0.0,0.0
3381,1.0,0.0,1.0,White,8.75,3,18.0,19.0,0.0,0.0,63.134,10.0,2.0,4.0,2.0,0.0,3.0,4.0,2.0,0.0,,1.0
3382,0.0,0.0,0.0,Hispanic,0.85,7,5.0,8.0,0.0,0.0,2.486,2.0,2.0,2.0,3.0,2.0,4.0,2.0,3.0,0.0,0.0,1.0
3383,1.0,0.0,1.0,Black,,4,8.0,8.0,,,57.328,1.0,2.0,3.0,0.0,0.0,4.0,4.0,2.0,1.0,0.0,0.0
3384,0.0,1.0,0.0,Black,0.9,9,11.0,,0.0,1.0,7.723,21.0,3.0,3.0,0.0,0.0,5.0,4.0,2.0,,0.0,1.0
3385,0.0,0.0,0.0,Black,0.9,9,11.0,12.0,0.0,,13.75,37.0,2.0,2.0,0.0,0.0,5.0,5.0,3.0,0.0,0.0,1.0
3386,1.0,0.0,0.0,Black,11.45,4,16.0,9.0,0.0,0.0,45.519,6.0,2.0,2.0,0.0,0.0,3.0,2.0,1.0,0.0,,0.0
3387,0.0,0.0,0.0,Hispanic,5.4,3,14.0,9.0,0.0,,25.137,0.0,3.0,2.0,1.0,0.0,2.0,3.0,2.0,1.0,1.0,1.0
3388,1.0,0.0,0.0,Black,,4,16.0,14.0,,0.0,71.226,3.0,2.0,2.0,0.0,0.0,1.0,1.0,1.0,0.0,,0.0
3389,0.0,0.0,0.0,Black,,3,,,0.0,0.0,16.319,3.0,2.0,2.0,0.0,0.0,1.0,1.0,2.0,0.0,0.0,0.0
3390,0.0,0.0,0.0,White,,4,14.0,12.0,0.0,0.0,27.976,5.0,2.0,2.0,0.0,0.0,2.0,3.0,,0.0,,0.0
3391,1.0,0.0,1.0,White,,4,14.0,12.0,0.0,0.0,78.004,7.0,2.0,2.0,0.0,0.0,2.0,1.0,1.0,0.0,0.0,0.0
3392,0.0,0.0,0.0,Hispanic,,4,7.0,12.0,,0.0,1.513,21.0,3.0,2.0,0.0,0.0,5.0,4.0,4.0,0.0,,1.0
3393,1.0,0.0,1.0,Black,10.415,2,16.0,16.0,0.0,,,1.0,1.0,2.0,0.0,0.0,3.0,2.0,1.0,0.0,,0.0
3394,1.0,0.0,0.0,Hispanic,,6,12.0,16.0,0.0,0.0,,1.0,2.0,2.0,0.0,0.0,2.0,3.0,2.0,0.0,0.0,0.0
3395,1.0,0.0,0.0,Hispanic,,6,12.0,16.0,0.0,0.0,,0.0,1.0,2.0,0.0,0.0,3.0,2.0,2.0,0.0,0.0,0.0
3396,,,0.0,White,-1.025,3,12.0,11.0,0.0,,54.965,0.0,2.0,2.0,0.0,0.0,3.0,2.0,2.0,0.0,,0.0
3397,0.0,0.0,1.0,White,-1.025,3,12.0,11.0,0.0,,47.078,,3.0,3.0,0.0,0.0,5.0,4.0,2.0,0.0,,0.0
3398,1.0,0.0,1.0,Black,6.85,3,15.0,18.0,1.0,0.0,81.534,0.0,2.0,2.0,0.0,0.0,1.0,1.0,,0.0,0.0,0.0
3399,1.0,0.0,0.0,White,,4,16.0,16.0,,0.0,23.069,1.0,2.0,1.0,1.0,0.0,1.0,1.0,2.0,0.0,0.0,1.0
3400,0.0,0.0,0.0,White,0.45,4,11.0,10.0,0.0,0.0,15.042,3.0,2.0,3.0,0.0,0.0,3.0,3.0,1.0,0.0,,0.0
3401,0.0,0.0,1.0,White,0.45,4,,,0.0,0.0,,6.0,2.0,3.0,0.0,1.0,5.0,3.0,1.0,0.0,0.0,
3402,0.0,0.0,1.0,White,1.72,5,14.0,12.0,0.0,0.0,11.559,5.0,2.0,2.0,0.0,0.0,4.0,3.0,2.0,0.0,0.0,0.0
3403,0.0,0.0,1.0,White,1.72,5,14.0,12.0,0.0,0.0,8.051,12.0,2.0,2.0,0.0,0.0,3.0,4.0,1.0,0.0,,0.0
3405,0.0,0.0,1.0,White,,5,13.0,12.0,,0.0,8.263,4.0,2.0,2.0,1.0,0.0,1.0,1.0,4.0,0.0,0.0,0.0
3406,1.0,1.0,1.0,White,,4,12.0,12.0,0.0,0.0,88.617,0.0,1.0,2.0,15.0,0.0,5.0,4.0,3.0,1.0,1.0,1.0
3407,1.0,1.0,0.0,White,,4,13.0,14.0,1.0,0.0,11.115,3.0,2.0,3.0,0.0,0.0,3.0,1.0,1.0,0.0,,0.0
3408,0.0,0.0,1.0,White,8.75,3,14.0,12.0,0.0,,87.285,1.0,1.0,1.0,0.0,0.0,2.0,1.0,1.0,0.0,0.0,0.0
3409,1.0,0.0,0.0,Black,2.75,3,13.0,12.0,0.0,,32.655,0.0,1.0,1.0,1.0,0.0,3.0,1.0,1.0,0.0,0.0,1.0
3410,1.0,,1.0,White,20.65,3,12.0,12.0,0.0,0.0,91.285,2.0,2.0,1.0,1.0,0.0,2.0,1.0,1.0,0.0,0.0,1.0
3411,1.0,0.0,1.0,Black,,3,16.0,16.0,0.0,0.0,76.81,3.0,2.0,2.0,0.0,0.0,1.0,1.0,1.0,0.0,0.0,0.0
3412,0.0,0.0,0.0,White,3.95,3,15.0,16.0,0.0,0.0,,0.0,1.0,1.0,0.0,0.0,4.0,1.0,1.0,1.0,1.0,0.0
3413,0.0,0.0,1.0,White,21.25,4,16.0,12.0,0.0,0.0,43.09,2.0,1.0,2.0,0.0,0.0,1.0,1.0,1.0,0.0,0.0,0.0
3414,1.0,0.0,1.0,White,60.0,3,14.0,,0.0,0.0,79.631,3.0,2.0,2.0,2.0,0.0,2.0,1.0,1.0,0.0,0.0,0.0
3415,1.0,0.0,1.0,White,10.15,6,14.0,13.0,0.0,0.0,92.137,2.0,2.0,3.0,0.0,0.0,1.0,1.0,1.0,0.0,0.0,0.0
3416,1.0,0.0,1.0,White,45.5,3,14.0,15.0,0.0,0.0,69.116,0.0,2.0,2.0,0.0,0.0,4.0,3.0,2.0,0.0,0.0,0.0
3417,1.0,0.0,1.0,White,32.55,3,16.0,12.0,0.0,0.0,81.812,1.0,2.0,2.0,0.0,0.0,1.0,1.0,1.0,0.0,0.0,0.0
3418,1.0,0.0,0.0,White,15.75,4,18.0,16.0,0.0,0.0,50.379,1.0,2.0,1.0,0.0,0.0,3.0,1.0,1.0,0.0,0.0,0.0
3419,1.0,1.0,0.0,White,15.75,4,18.0,16.0,0.0,0.0,44.46,2.0,2.0,2.0,0.0,0.0,2.0,1.0,1.0,0.0,0.0,0.0
3420,,0.0,1.0,White,4.79,4,13.0,13.0,0.0,0.0,,0.0,3.0,3.0,0.0,0.0,5.0,4.0,2.0,0.0,0.0,0.0
3421,0.0,0.0,0.0,White,4.79,4,13.0,13.0,0.0,,,0.0,2.0,1.0,0.0,0.0,2.0,1.0,1.0,0.0,0.0,0.0
3422,1.0,0.0,1.0,White,,4,16.0,16.0,0.0,0.0,89.78,2.0,2.0,2.0,1.0,0.0,3.0,2.0,1.0,0.0,0.0,0.0
3423,1.0,0.0,1.0,White,,4,18.0,13.0,0.0,,42.485,7.0,4.0,4.0,10.0,1.0,5.0,5.0,1.0,0.0,,1.0
3424,1.0,0.0,0.0,White,,4,18.0,13.0,0.0,,14.372,7.0,2.0,2.0,50.0,20.0,5.0,4.0,3.0,1.0,,0.0
3425,0.0,0.0,0.0,White,0.375,4,12.0,12.0,0.0,,35.128,6.0,4.0,3.0,0.0,0.0,2.0,1.0,1.0,0.0,0.0,0.0
3426,0.0,0.0,1.0,White,,3,,,,0.0,40.241,,4.0,4.0,,,3.0,3.0,3.0,0.0,,0.0
3427,0.0,0.0,1.0,White,,3,9.0,16.0,,0.0,,2.0,2.0,2.0,0.0,0.0,3.0,3.0,2.0,0.0,0.0,0.0
3428,0.0,0.0,1.0,White,0.825,5,8.0,7.0,0.0,0.0,,4.0,2.0,1.0,2.0,0.0,4.0,5.0,2.0,1.0,0.0,0.0
3429,0.0,0.0,1.0,Other,2.555,4,15.0,12.0,0.0,0.0,71.505,3.0,2.0,2.0,0.0,0.0,2.0,1.0,1.0,0.0,0.0,0.0
3430,0.0,1.0,1.0,White,2.25,2,12.0,12.0,0.0,0.0,,3.0,2.0,2.0,5.0,0.0,4.0,5.0,1.0,0.0,1.0,0.0
3431,0.0,0.0,1.0,Other,,4,,,,0.0,73.029,0.0,1.0,3.0,2.0,0.0,2.0,1.0,1.0,1.0,0.0,0.0
3432,0.0,0.0,1.0,Other,,4,,,,0.0,55.273,0.0,2.0,3.0,0.0,0.0,2.0,1.0,2.0,0.0,0.0,1.0
3433,0.0,1.0,0.0,Black,,7,14.0,12.0,0.0,0.0,,0.0,2.0,1.0,0.0,2.0,1.0,1.0,1.0,1.0,,0.0
3434,1.0,0.0,0.0,White,11.05,5,13.0,13.0,0.0,,58.17,2.0,2.0,2.0,0.0,0.0,4.0,4.0,2.0,0.0,,0.0
3435,1.0,0.0,0.0,White,25.0,4,16.0,14.0,0.0,0.0,98.665,4.0,2.0,2.0,20.0,0.0,1.0,1.0,2.0,1.0,0.0,0.0
3436,0.0,0.0,0.0,White,0.92,4,10.0,9.0,0.0,0.0,9.031,22.0,2.0,2.0,3.0,1.0,2.0,2.0,1.0,0.0,0.0,1.0
3437,0.0,0.0,1.0,White,1.75,4,12.0,,,,42.191,15.0,2.0,3.0,0.0,0.0,2.0,1.0,1.0,0.0,0.0,0.0
3438,0.0,0.0,1.0,White,0.225,5,10.0,8.0,1.0,0.0,0.501,7.0,4.0,4.0,10.0,5.0,5.0,4.0,1.0,1.0,0.0,0.0
3439,0.0,1.0,0.0,White,0.225,5,10.0,8.0,1.0,0.0,67.89,7.0,2.0,4.0,11.0,6.0,4.0,1.0,5.0,1.0,0.0,1.0
3440,0.0,0.0,0.0,White,2.61,5,12.0,13.0,0.0,0.0,2.115,2.0,2.0,2.0,0.0,0.0,1.0,1.0,4.0,1.0,1.0,0.0
3441,1.0,0.0,1.0,White,60.0,5,16.0,16.0,0.0,0.0,59.77,0.0,2.0,2.0,0.0,0.0,4.0,3.0,1.0,0.0,0.0,0.0
3442,0.0,1.0,1.0,White,,6,14.0,13.0,,0.0,,13.0,2.0,2.0,1.0,0.0,3.0,3.0,1.0,0.0,0.0,0.0
3443,1.0,0.0,1.0,White,0.225,4,12.0,8.0,0.0,0.0,88.535,3.0,2.0,2.0,0.0,0.0,2.0,1.0,1.0,0.0,1.0,0.0
3444,0.0,0.0,1.0,White,-0.115,6,9.0,12.0,0.0,0.0,,9.0,2.0,2.0,0.0,0.0,4.0,3.0,3.0,0.0,0.0,0.0
3445,0.0,0.0,1.0,Black,5.253,3,11.0,,0.0,0.0,20.265,4.0,4.0,3.0,0.0,0.0,4.0,3.0,1.0,0.0,0.0,0.0
3446,1.0,0.0,0.0,White,36.5001,4,,,1.0,0.0,59.384,2.0,2.0,4.0,0.0,0.0,4.0,4.0,1.0,0.0,0.0,0.0
3447,1.0,0.0,0.0,White,36.5001,4,,,1.0,0.0,37.346,3.0,2.0,2.0,0.0,0.0,1.0,1.0,2.0,0.0,0.0,0.0
3448,1.0,,0.0,White,9.88,4,13.0,13.0,1.0,,93.528,4.0,2.0,2.0,0.0,0.0,3.0,4.0,2.0,0.0,,0.0
3449,1.0,0.0,0.0,White,,3,16.0,12.0,0.0,0.0,48.583,6.0,2.0,4.0,0.0,0.0,3.0,4.0,1.0,1.0,0.0,0.0
3450,0.0,0.0,0.0,White,,4,14.0,12.0,1.0,0.0,63.545,3.0,1.0,2.0,0.0,0.0,3.0,3.0,2.0,1.0,0.0,0.0
3451,0.0,0.0,0.0,White,,4,14.0,12.0,1.0,,54.05,2.0,2.0,2.0,0.0,0.0,3.0,2.0,1.0,0.0,0.0,1.0
3452,1.0,0.0,1.0,White,,4,,,,0.0,,0.0,2.0,2.0,0.0,0.0,1.0,2.0,1.0,0.0,,0.0
3453,1.0,,1.0,White,41.45,4,14.0,16.0,0.0,,14.664,3.0,2.0,1.0,1.0,0.0,2.0,2.0,1.0,0.0,,0.0
3454,1.0,0.0,0.0,White,42.05,4,16.0,14.0,0.0,0.0,93.339,3.0,2.0,1.0,0.0,0.0,1.0,2.0,1.0,0.0,0.0,0.0
3455,1.0,0.0,1.0,Asian,,5,16.0,20.0,0.0,0.0,20.76,10.0,2.0,3.0,0.0,0.0,3.0,2.0,1.0,0.0,0.0,0.0
3456,0.0,0.0,0.0,White,,4,14.0,16.0,0.0,0.0,98.818,2.0,2.0,2.0,0.0,0.0,1.0,1.0,1.0,0.0,0.0,0.0
3457,1.0,0.0,0.0,White,60.0,5,18.0,18.0,0.0,0.0,88.892,3.0,1.0,2.0,0.0,0.0,1.0,1.0,1.0,0.0,0.0,0.0
3458,1.0,0.0,0.0,White,60.0,5,18.0,18.0,0.0,0.0,86.862,3.0,2.0,2.0,1.0,0.0,1.0,1.0,2.0,0.0,0.0,0.0
3459,0.0,0.0,0.0,White,16.54,6,20.0,12.0,0.0,0.0,54.168,3.0,3.0,2.0,2.0,0.0,1.0,1.0,1.0,0.0,0.0,0.0
3460,1.0,0.0,1.0,White,,4,18.0,16.0,,0.0,,2.0,1.0,2.0,0.0,0.0,3.0,2.0,1.0,0.0,,0.0
3461,1.0,0.0,1.0,White,,4,18.0,16.0,,0.0,,12.0,1.0,2.0,0.0,0.0,3.0,4.0,1.0,0.0,,1.0
3462,1.0,0.0,1.0,White,,5,,,,,,2.0,2.0,3.0,0.0,0.0,5.0,5.0,2.0,0.0,0.0,0.0
3463,1.0,0.0,1.0,White,22.73,5,12.0,12.0,0.0,0.0,59.542,0.0,2.0,3.0,0.0,0.0,3.0,2.0,1.0,0.0,0.0,0.0
3464,1.0,0.0,0.0,White,22.73,5,12.0,12.0,0.0,0.0,40.12,2.0,2.0,2.0,0.0,0.0,3.0,2.0,1.0,0.0,0.0,0.0
3465,0.0,1.0,0.0,White,5.2725,4,17.0,13.0,0.0,,58.235,3.0,2.0,2.0,0.0,0.0,4.0,3.0,1.0,,0.0,1.0
3466,0.0,0.0,0.0,White,5.2725,4,17.0,13.0,0.0,0.0,42.322,0.0,2.0,2.0,0.0,0.0,4.0,4.0,2.0,0.0,1.0,1.0
3467,1.0,0.0,0.0,White,57.0,3,13.0,20.0,0.0,0.0,75.689,8.0,2.0,3.0,2.0,0.0,2.0,2.0,2.0,0.0,0.0,0.0
3468,1.0,0.0,0.0,White,8.025,4,16.0,16.0,0.0,0.0,92.129,3.0,1.0,2.0,0.0,0.0,1.0,1.0,1.0,0.0,0.0,0.0
3469,1.0,0.0,0.0,White,15.925,3,14.0,14.0,0.0,0.0,20.403,3.0,2.0,2.0,0.0,0.0,3.0,1.0,2.0,0.0,0.0,0.0
3470,1.0,0.0,1.0,White,28.93,4,14.0,13.0,0.0,0.0,82.731,1.0,2.0,2.0,0.0,0.0,3.0,1.0,1.0,0.0,1.0,0.0
3471,1.0,0.0,0.0,White,28.93,4,14.0,13.0,0.0,0.0,88.111,1.0,2.0,2.0,3.0,1.0,1.0,1.0,1.0,0.0,0.0,0.0
3472,1.0,0.0,0.0,White,27.25,4,20.0,20.0,0.0,,95.695,3.0,2.0,1.0,0.0,0.0,2.0,1.0,2.0,0.0,0.0,0.0
3473,0.0,0.0,0.0,White,29.75,4,16.0,12.0,0.0,0.0,8.396,0.0,3.0,2.0,0.0,0.0,3.0,3.0,1.0,0.0,0.0,0.0
3474,0.0,0.0,0.0,White,21.0,6,13.0,16.0,0.0,0.0,44.117,3.0,2.0,3.0,0.0,0.0,3.0,3.0,1.0,0.0,,0.0
3475,1.0,0.0,1.0,White,21.0,6,13.0,16.0,0.0,0.0,93.375,3.0,2.0,3.0,0.0,0.0,1.0,1.0,1.0,0.0,0.0,0.0
3476,1.0,0.0,0.0,White,14.1001,4,17.0,12.0,0.0,0.0,82.598,2.0,2.0,3.0,2.0,0.0,1.0,1.0,2.0,1.0,1.0,0.0
3477,0.0,0.0,1.0,White,,5,12.0,12.0,,0.0,57.659,3.0,2.0,2.0,5.0,0.0,4.0,3.0,1.0,1.0,,0.0
3478,0.0,0.0,1.0,White,,5,12.0,12.0,,,31.579,4.0,2.0,2.0,0.0,0.0,3.0,2.0,1.0,0.0,,0.0
3479,0.0,0.0,1.0,White,7.35,4,12.0,15.0,0.0,0.0,49.283,,2.0,3.0,,,3.0,2.0,1.0,0.0,,0.0
3480,,,1.0,White,7.35,4,12.0,15.0,0.0,,15.766,3.0,3.0,2.0,0.0,0.0,3.0,2.0,1.0,0.0,,0.0
3481,1.0,0.0,1.0,Other,5.75,5,12.0,12.0,0.0,0.0,81.165,3.0,2.0,2.0,0.0,0.0,3.0,3.0,1.0,0.0,0.0,0.0
3482,1.0,0.0,0.0,White,5.75,5,12.0,12.0,0.0,,62.888,3.0,2.0,1.0,0.0,0.0,,,2.0,0.0,0.0,1.0
3483,1.0,0.0,1.0,White,1.246,4,16.0,14.0,0.0,0.0,65.782,10.0,2.0,3.0,0.0,0.0,3.0,1.0,1.0,0.0,,0.0
3484,1.0,0.0,1.0,White,10.8,4,12.0,12.0,0.0,0.0,50.061,2.0,2.0,1.0,0.0,0.0,1.0,1.0,1.0,0.0,0.0,0.0
3485,0.0,0.0,0.0,White,10.8,4,12.0,12.0,0.0,0.0,39.125,5.0,2.0,3.0,1.0,1.0,1.0,1.0,1.0,0.0,0.0,1.0
3486,1.0,0.0,0.0,White,,3,16.0,16.0,0.0,0.0,67.764,0.0,2.0,3.0,0.0,0.0,4.0,5.0,3.0,0.0,0.0,0.0
3487,1.0,0.0,0.0,White,37.1001,3,16.0,14.0,0.0,0.0,72.417,2.0,2.0,1.0,0.0,0.0,1.0,1.0,2.0,0.0,0.0,0.0
3488,1.0,0.0,1.0,White,,3,14.0,12.0,1.0,0.0,24.835,0.0,4.0,4.0,4.0,1.0,5.0,5.0,5.0,0.0,0.0,0.0
3489,1.0,0.0,1.0,Black,-0.025,2,12.0,,0.0,0.0,84.367,2.0,2.0,2.0,0.0,0.0,2.0,1.0,1.0,0.0,0.0,0.0
3490,0.0,,1.0,Black,,5,14.0,,,,,7.0,3.0,3.0,0.0,0.0,4.0,1.0,1.0,0.0,,0.0
3491,,,0.0,Black,,5,14.0,16.0,,,,3.0,1.0,3.0,0.0,1.0,1.0,1.0,1.0,0.0,,0.0
3492,0.0,0.0,1.0,Black,-0.215,3,11.0,12.0,1.0,0.0,31.366,40.0,2.0,2.0,0.0,0.0,3.0,3.0,2.0,1.0,,0.0
3493,0.0,,0.0,Black,-0.215,3,11.0,12.0,1.0,,13.311,2.0,2.0,2.0,0.0,1.0,1.0,1.0,1.0,1.0,,1.0
3494,0.0,0.0,1.0,Black,,3,12.0,12.0,,0.0,24.234,10.0,2.0,3.0,0.0,0.0,4.0,4.0,1.0,0.0,,0.0
3495,0.0,0.0,0.0,Black,-0.325,3,12.0,11.0,0.0,1.0,27.301,2.0,2.0,2.0,0.0,1.0,2.0,1.0,3.0,0.0,0.0,0.0
3496,0.0,0.0,0.0,Black,1.4,3,14.0,12.0,0.0,0.0,62.671,6.0,2.0,2.0,0.0,0.0,3.0,2.0,1.0,1.0,1.0,1.0
3497,0.0,0.0,1.0,White,0.195,4,8.0,10.0,1.0,0.0,35.358,7.0,2.0,3.0,0.0,0.0,1.0,1.0,1.0,0.0,0.0,0.0
3498,1.0,0.0,1.0,White,6.45,4,,,0.0,0.0,97.332,5.0,2.0,2.0,0.0,0.0,2.0,2.0,1.0,0.0,0.0,0.0
3499,1.0,1.0,0.0,White,,5,14.0,15.0,,,30.537,0.0,2.0,2.0,0.0,0.0,5.0,2.0,1.0,0.0,,1.0
3500,1.0,0.0,0.0,White,,5,14.0,15.0,,0.0,17.147,3.0,2.0,4.0,0.0,0.0,3.0,2.0,1.0,1.0,0.0,0.0
3501,0.0,0.0,1.0,Black,,4,12.0,14.0,0.0,1.0,1.459,3.0,2.0,2.0,0.0,0.0,5.0,2.0,1.0,0.0,,0.0
3502,1.0,0.0,0.0,Black,0.55,4,13.0,,0.0,0.0,29.647,3.0,2.0,3.0,0.0,0.0,2.0,,2.0,,,0.0
3503,1.0,0.0,1.0,Black,3.7257,5,12.0,12.0,0.0,1.0,23.631,5.0,2.0,1.0,0.0,0.0,4.0,5.0,1.0,0.0,0.0,0.0
3504,1.0,0.0,1.0,Black,1.1,4,16.0,12.0,0.0,1.0,41.862,0.0,3.0,3.0,1.0,0.0,3.0,3.0,1.0,0.0,0.0,0.0
3505,0.0,0.0,0.0,Black,,4,12.0,,,0.0,11.334,5.0,2.0,2.0,0.0,0.0,3.0,1.0,1.0,0.0,,0.0
3506,1.0,0.0,1.0,Black,,4,12.0,,,0.0,11.13,10.0,1.0,2.0,0.0,2.0,2.0,1.0,1.0,0.0,0.0,0.0
3507,1.0,0.0,1.0,Black,4.75,5,12.0,,0.0,0.0,21.372,10.0,2.0,4.0,0.0,0.0,5.0,4.0,1.0,0.0,0.0,0.0
3508,0.0,1.0,0.0,Black,4.75,5,12.0,,0.0,0.0,12.616,12.0,4.0,4.0,2.0,5.0,5.0,2.0,,1.0,1.0,1.0
3509,0.0,0.0,0.0,Black,,4,13.0,12.0,1.0,0.0,3.428,0.0,2.0,2.0,0.0,0.0,1.0,1.0,1.0,0.0,0.0,0.0
3510,1.0,0.0,1.0,Black,1.96,2,13.0,12.0,0.0,0.0,30.892,1.0,2.0,2.0,0.0,0.0,4.0,3.0,2.0,0.0,0.0,0.0
3511,0.0,0.0,0.0,Black,5.7,4,12.0,11.0,0.0,0.0,25.114,2.0,2.0,3.0,0.0,0.0,3.0,3.0,1.0,0.0,,0.0
3512,0.0,0.0,1.0,Black,,7,12.0,,,0.0,11.718,6.0,2.0,3.0,0.0,0.0,5.0,1.0,1.0,0.0,0.0,0.0
3513,1.0,0.0,0.0,Black,,7,12.0,,,,26.253,5.0,2.0,1.0,0.0,0.0,1.0,1.0,1.0,0.0,0.0,0.0
3514,0.0,0.0,0.0,Black,,7,12.0,,,,,9.0,1.0,4.0,0.0,0.0,2.0,1.0,1.0,0.0,0.0,0.0
3515,0.0,0.0,0.0,Other,1.15,3,14.0,12.0,0.0,0.0,78.584,1.0,2.0,2.0,0.0,0.0,1.0,1.0,2.0,0.0,0.0,0.0
3516,0.0,0.0,0.0,Black,10.255,4,,,0.0,1.0,41.843,5.0,2.0,2.0,50.0,50.0,3.0,3.0,1.0,1.0,0.0,1.0
3517,1.0,0.0,1.0,Black,2.65,6,8.0,12.0,0.0,,38.913,8.0,3.0,3.0,0.0,0.0,2.0,1.0,1.0,0.0,0.0,0.0
3518,0.0,0.0,0.0,White,,4,,,,0.0,17.931,0.0,2.0,2.0,0.0,0.0,3.0,2.0,1.0,0.0,0.0,0.0
3520,1.0,0.0,0.0,Asian,2.71,6,,10.0,0.0,0.0,57.244,3.0,1.0,4.0,0.0,0.0,2.0,2.0,2.0,1.0,0.0,0.0
3521,1.0,0.0,1.0,White,2.405,2,11.0,10.0,0.0,0.0,26.426,0.0,2.0,3.0,2.0,0.0,4.0,5.0,2.0,0.0,1.0,0.0
3522,0.0,0.0,1.0,White,5.4008,4,13.0,10.0,0.0,,41.49,2.0,3.0,2.0,0.0,0.0,1.0,1.0,1.0,1.0,0.0,0.0
3523,1.0,0.0,0.0,White,,4,14.0,16.0,,,91.075,1.0,2.0,3.0,0.0,1.0,2.0,1.0,1.0,0.0,0.0,0.0
3524,1.0,0.0,1.0,Black,1.85,9,12.0,,0.0,0.0,,0.0,2.0,2.0,0.0,0.0,3.0,2.0,1.0,0.0,,0.0
3525,0.0,0.0,0.0,Black,1.85,9,12.0,,0.0,0.0,,0.0,2.0,2.0,0.0,0.0,3.0,2.0,1.0,0.0,,0.0
3526,1.0,0.0,1.0,White,6.3701,5,9.0,9.0,0.0,0.0,33.141,4.0,2.0,2.0,0.0,0.0,2.0,2.0,1.0,0.0,,0.0
3527,1.0,0.0,1.0,White,17.5001,4,13.0,16.0,0.0,0.0,92.945,2.0,2.0,3.0,1.0,0.0,2.0,2.0,1.0,1.0,0.0,0.0
3528,0.0,0.0,0.0,White,0.485,6,13.0,10.0,0.0,0.0,13.008,4.0,2.0,1.0,0.0,0.0,1.0,1.0,2.0,0.0,0.0,0.0
3529,1.0,0.0,1.0,Hispanic,,5,11.0,,0.0,0.0,81.135,4.0,1.0,2.0,0.0,0.0,2.0,1.0,1.0,0.0,,0.0
3530,1.0,0.0,0.0,White,2.54,3,15.0,12.0,0.0,0.0,85.212,7.0,2.0,3.0,0.0,2.0,3.0,1.0,2.0,1.0,0.0,0.0
3531,0.0,0.0,1.0,Black,1.4951,3,14.0,12.0,1.0,0.0,0.84,7.0,2.0,3.0,3.0,0.0,3.0,5.0,5.0,0.0,,0.0
3532,0.0,1.0,1.0,White,0.225,4,12.0,,1.0,1.0,21.479,4.0,2.0,4.0,0.0,0.0,3.0,1.0,1.0,0.0,1.0,1.0
3533,1.0,0.0,0.0,White,,3,12.0,9.0,0.0,0.0,59.47,6.0,3.0,4.0,2.0,0.0,3.0,3.0,1.0,0.0,1.0,0.0
3534,1.0,0.0,1.0,White,19.25,3,11.0,12.0,0.0,,,6.0,2.0,3.0,1.0,0.0,3.0,2.0,1.0,0.0,,0.0
3535,1.0,0.0,1.0,White,,3,12.0,14.0,0.0,0.0,64.306,4.0,1.0,2.0,0.0,0.0,4.0,2.0,1.0,1.0,0.0,0.0
3536,1.0,0.0,1.0,White,8.5,4,13.0,12.0,0.0,0.0,61.108,5.0,1.0,1.0,0.0,0.0,1.0,1.0,1.0,0.0,0.0,0.0
3537,1.0,0.0,1.0,Black,6.645,3,18.0,14.0,0.0,0.0,96.665,3.0,1.0,1.0,0.0,0.0,3.0,3.0,1.0,0.0,0.0,0.0
3538,1.0,0.0,0.0,White,3.7154,4,12.0,12.0,0.0,0.0,67.576,1.0,2.0,2.0,0.0,0.0,3.0,3.0,1.0,0.0,0.0,0.0
3539,0.0,0.0,0.0,White,0.9,5,12.0,8.0,0.0,0.0,36.134,6.0,1.0,1.0,0.0,0.0,3.0,2.0,1.0,0.0,0.0,0.0
3540,1.0,0.0,1.0,Black,,7,11.0,12.0,,0.0,,5.0,2.0,2.0,0.0,0.0,3.0,3.0,1.0,0.0,,0.0
3541,0.0,0.0,1.0,White,0.625,2,12.0,,0.0,,58.842,5.0,2.0,2.0,0.0,0.0,3.0,3.0,2.0,0.0,0.0,1.0
3542,1.0,0.0,1.0,Black,2.88,2,,11.0,0.0,0.0,12.0,8.0,3.0,3.0,1.0,0.0,1.0,1.0,1.0,0.0,0.0,0.0
3543,0.0,0.0,0.0,Black,,3,11.0,10.0,0.0,0.0,10.865,6.0,2.0,2.0,0.0,1.0,2.0,2.0,1.0,0.0,0.0,0.0
3544,0.0,0.0,0.0,White,,3,,12.0,0.0,,88.978,2.0,2.0,1.0,0.0,0.0,1.0,1.0,1.0,1.0,0.0,0.0
3545,0.0,0.0,0.0,White,9.57,2,,,0.0,1.0,42.369,5.0,1.0,2.0,10.0,1.0,1.0,1.0,1.0,1.0,0.0,1.0
3546,1.0,0.0,0.0,Black,4.2,3,12.0,11.0,0.0,0.0,41.892,2.0,2.0,3.0,0.0,0.0,1.0,1.0,1.0,0.0,0.0,0.0
3547,0.0,0.0,0.0,Black,4.2,3,12.0,11.0,0.0,0.0,42.156,6.0,2.0,1.0,0.0,0.0,1.0,1.0,1.0,0.0,0.0,0.0
3548,1.0,0.0,1.0,White,21.63,3,16.0,18.0,0.0,0.0,46.241,4.0,2.0,2.0,0.0,0.0,1.0,1.0,1.0,1.0,0.0,0.0
3549,1.0,0.0,0.0,White,21.63,3,16.0,18.0,0.0,0.0,72.542,4.0,2.0,1.0,0.0,0.0,1.0,1.0,1.0,1.0,0.0,0.0
3550,1.0,0.0,1.0,White,22.75,4,14.0,12.0,0.0,0.0,71.299,4.0,2.0,2.0,0.0,0.0,3.0,2.0,1.0,0.0,0.0,0.0
3551,0.0,0.0,0.0,Asian,1.475,7,14.0,14.0,0.0,,47.072,2.0,2.0,2.0,0.0,0.0,3.0,2.0,2.0,0.0,0.0,0.0
3552,1.0,1.0,1.0,White,3.0,2,14.0,12.0,0.0,0.0,32.487,1.0,1.0,2.0,0.0,0.0,4.0,5.0,1.0,0.0,1.0,0.0
3553,1.0,0.0,1.0,White,20.225,4,16.0,16.0,0.0,0.0,42.859,11.0,2.0,2.0,0.0,0.0,3.0,3.0,1.0,0.0,0.0,0.0
3554,0.0,0.0,0.0,White,20.225,4,16.0,16.0,0.0,0.0,62.401,2.0,2.0,1.0,0.0,0.0,2.0,1.0,1.0,1.0,1.0,0.0
3555,1.0,0.0,1.0,White,10.57,5,12.0,12.0,0.0,0.0,56.006,3.0,2.0,1.0,1.0,0.0,3.0,4.0,1.0,0.0,0.0,0.0
3556,1.0,0.0,0.0,White,10.57,5,12.0,12.0,0.0,0.0,93.668,4.0,1.0,1.0,1.0,0.0,2.0,1.0,1.0,0.0,0.0,1.0
3557,0.0,0.0,0.0,White,4.8905,5,16.0,14.0,0.0,0.0,81.868,2.0,2.0,2.0,5.0,0.0,1.0,1.0,1.0,0.0,1.0,1.0
3558,0.0,0.0,0.0,White,13.15,4,12.0,15.0,0.0,0.0,98.553,4.0,2.0,3.0,0.0,0.0,1.0,1.0,1.0,0.0,0.0,0.0
3559,1.0,0.0,0.0,White,27.95,4,16.0,18.0,0.0,,79.383,2.0,2.0,2.0,1.0,0.0,4.0,3.0,1.0,0.0,,0.0
3560,0.0,0.0,0.0,White,6.175,3,20.0,16.0,0.0,0.0,67.176,5.0,2.0,4.0,10.0,0.0,4.0,3.0,2.0,1.0,1.0,0.0
3561,1.0,1.0,1.0,White,,4,16.0,16.0,0.0,0.0,94.859,1.0,2.0,2.0,0.0,0.0,1.0,1.0,1.0,0.0,0.0,0.0
3562,1.0,0.0,1.0,White,,5,12.0,14.0,0.0,0.0,84.629,2.0,2.0,2.0,0.0,0.0,1.0,1.0,1.0,0.0,0.0,0.0
3563,1.0,0.0,0.0,White,,5,12.0,14.0,0.0,0.0,83.918,,2.0,2.0,0.0,0.0,1.0,1.0,1.0,0.0,0.0,0.0
3564,0.0,0.0,0.0,White,2.35,3,12.0,,0.0,,18.541,0.0,2.0,3.0,0.0,1.0,4.0,5.0,1.0,0.0,,0.0
3565,0.0,1.0,0.0,White,2.35,3,12.0,,0.0,0.0,7.808,1.0,2.0,2.0,0.0,0.0,1.0,1.0,1.0,0.0,0.0,1.0
3566,0.0,0.0,1.0,Black,,4,12.0,12.0,,,8.673,0.0,2.0,2.0,3.0,1.0,4.0,4.0,3.0,1.0,,0.0
3567,0.0,0.0,1.0,White,2.175,4,12.0,12.0,0.0,0.0,,2.0,1.0,1.0,0.0,0.0,3.0,2.0,1.0,0.0,,0.0
3568,1.0,,0.0,Asian,3.125,5,13.0,,1.0,,60.459,14.0,2.0,4.0,0.0,0.0,2.0,2.0,1.0,0.0,1.0,0.0
3569,0.0,0.0,0.0,White,11.0,3,12.0,14.0,0.0,0.0,49.333,0.0,3.0,2.0,0.0,0.0,4.0,3.0,1.0,0.0,0.0,0.0
3570,0.0,0.0,0.0,White,13.075,3,8.0,12.0,0.0,0.0,26.898,12.0,2.0,3.0,0.0,0.0,4.0,1.0,1.0,0.0,,0.0
3571,0.0,0.0,0.0,White,13.075,3,,12.0,0.0,0.0,9.952,7.0,2.0,2.0,0.0,0.0,1.0,1.0,2.0,1.0,0.0,1.0
3572,0.0,0.0,0.0,White,2.0,4,12.0,12.0,0.0,0.0,,0.0,2.0,3.0,0.0,0.0,1.0,1.0,1.0,0.0,0.0,0.0
3573,0.0,0.0,0.0,White,4.95,3,12.0,,0.0,,11.276,0.0,2.0,4.0,0.0,0.0,4.0,2.0,1.0,0.0,,1.0
3574,0.0,0.0,0.0,White,,2,16.0,12.0,0.0,0.0,74.795,3.0,3.0,2.0,0.0,0.0,4.0,3.0,3.0,0.0,0.0,0.0
3575,1.0,0.0,1.0,Black,6.22,5,16.0,16.0,0.0,,30.093,,2.0,2.0,,,1.0,1.0,1.0,0.0,,0.0
3576,1.0,0.0,1.0,White,22.9,6,,12.0,0.0,0.0,40.241,6.0,2.0,1.0,0.0,0.0,4.0,1.0,1.0,0.0,0.0,0.0
3577,0.0,0.0,1.0,Hispanic,0.8231,6,13.0,16.0,0.0,0.0,80.031,0.0,2.0,2.0,0.0,0.0,,,,0.0,0.0,0.0
3578,1.0,0.0,1.0,White,0.8231,6,13.0,16.0,0.0,0.0,98.486,,2.0,2.0,,,,,,0.0,0.0,0.0
3579,1.0,0.0,1.0,Black,,4,14.0,13.0,0.0,0.0,45.994,0.0,2.0,2.0,3.0,0.0,4.0,1.0,2.0,0.0,0.0,0.0
3580,0.0,,0.0,Black,15.4001,6,12.0,,0.0,,15.286,30.0,1.0,3.0,0.0,1.0,2.0,2.0,1.0,,,1.0
3581,1.0,0.0,1.0,Hispanic,9.25,5,9.0,9.0,0.0,0.0,54.678,0.0,2.0,2.0,0.0,0.0,2.0,,,0.0,0.0,0.0
3582,1.0,0.0,0.0,Hispanic,9.25,5,9.0,9.0,0.0,0.0,65.808,4.0,2.0,3.0,2.0,0.0,2.0,2.0,1.0,1.0,0.0,0.0
3583,1.0,0.0,1.0,Black,0.025,5,12.0,,0.0,1.0,60.372,0.0,2.0,2.0,12.0,1.0,3.0,2.0,2.0,0.0,0.0,0.0
3584,1.0,0.0,0.0,Black,12.3,3,16.0,8.0,0.0,,69.506,2.0,2.0,2.0,15.0,0.0,2.0,1.0,1.0,0.0,0.0,0.0
3585,0.0,0.0,1.0,White,7.25,3,,11.0,0.0,0.0,26.948,2.0,2.0,2.0,0.0,0.0,3.0,1.0,1.0,0.0,0.0,0.0
3586,1.0,0.0,1.0,Black,14.0,2,12.0,12.0,0.0,0.0,51.322,0.0,3.0,3.0,0.0,0.0,4.0,2.0,3.0,0.0,0.0,0.0
3587,1.0,0.0,0.0,Black,29.4001,3,14.0,12.0,0.0,0.0,91.661,0.0,1.0,1.0,0.0,0.0,1.0,1.0,1.0,0.0,0.0,0.0
3588,1.0,0.0,1.0,White,13.015,3,12.0,16.0,0.0,0.0,79.568,1.0,2.0,2.0,0.0,0.0,4.0,2.0,1.0,0.0,0.0,0.0
3589,1.0,0.0,0.0,Black,,6,13.0,,0.0,,65.135,0.0,2.0,3.0,0.0,0.0,1.0,1.0,1.0,,0.0,0.0
3590,0.0,0.0,1.0,Black,0.8,2,12.0,12.0,0.0,,14.452,13.0,2.0,2.0,0.0,0.0,3.0,4.0,2.0,1.0,1.0,0.0
3591,0.0,0.0,0.0,Black,,2,14.0,13.0,0.0,0.0,26.135,1.0,3.0,1.0,0.0,0.0,3.0,4.0,2.0,0.0,,0.0
3592,1.0,0.0,0.0,Black,,3,13.0,,0.0,,56.899,1.0,4.0,4.0,0.0,0.0,4.0,1.0,1.0,0.0,0.0,0.0
3593,1.0,0.0,1.0,White,3.225,5,12.0,14.0,0.0,1.0,37.219,10.0,3.0,3.0,0.0,0.0,3.0,2.0,1.0,0.0,0.0,0.0
3594,1.0,0.0,1.0,Black,2.65,3,14.0,,0.0,0.0,65.507,1.0,1.0,3.0,0.0,0.0,2.0,1.0,1.0,0.0,0.0,0.0
3595,1.0,0.0,1.0,White,,3,16.0,14.0,,,,5.0,1.0,2.0,0.0,0.0,1.0,1.0,1.0,0.0,0.0,0.0
3596,0.0,,1.0,White,,5,12.0,14.0,0.0,,52.636,10.0,2.0,3.0,2.0,0.0,3.0,4.0,1.0,0.0,1.0,0.0
3597,1.0,0.0,1.0,White,9.7,4,12.0,,0.0,0.0,4.378,7.0,4.0,4.0,0.0,0.0,5.0,4.0,1.0,0.0,0.0,0.0
3598,1.0,0.0,1.0,Black,13.975,4,18.0,14.0,0.0,0.0,76.823,4.0,2.0,2.0,0.0,0.0,2.0,2.0,1.0,0.0,0.0,0.0
3599,1.0,0.0,0.0,Black,13.975,4,18.0,14.0,0.0,0.0,84.526,1.0,3.0,3.0,0.0,1.0,1.0,1.0,1.0,1.0,0.0,1.0
3600,0.0,0.0,1.0,Black,,4,10.0,12.0,,0.0,,0.0,2.0,3.0,0.0,0.0,4.0,5.0,1.0,0.0,0.0,0.0
3601,1.0,0.0,1.0,Black,7.5,4,14.0,16.0,0.0,0.0,76.442,0.0,2.0,2.0,0.0,0.0,2.0,1.0,1.0,1.0,1.0,0.0
3602,1.0,0.0,0.0,Hispanic,2.55,4,12.0,11.0,0.0,,10.009,1.0,2.0,2.0,0.0,0.0,4.0,3.0,1.0,0.0,1.0,0.0
3603,1.0,0.0,0.0,Hispanic,2.55,4,12.0,11.0,0.0,0.0,12.799,0.0,3.0,3.0,0.0,0.0,2.0,1.0,1.0,0.0,0.0,0.0
3604,1.0,0.0,1.0,White,5.25,3,12.0,13.0,0.0,0.0,53.199,5.0,2.0,2.0,0.0,0.0,3.0,1.0,1.0,0.0,0.0,0.0
3605,,,0.0,White,16.305,3,16.0,,0.0,,71.759,7.0,3.0,3.0,1.0,1.0,3.0,2.0,2.0,0.0,,0.0
3606,1.0,0.0,0.0,White,38.75,6,17.0,19.0,0.0,0.0,82.038,1.0,2.0,2.0,0.0,0.0,1.0,1.0,1.0,0.0,,0.0
3607,0.0,0.0,1.0,White,8.1,4,12.0,16.0,0.0,,44.129,13.0,1.0,1.0,0.0,0.0,3.0,1.0,1.0,0.0,,0.0
3608,0.0,1.0,1.0,White,10.0501,5,17.0,12.0,0.0,0.0,36.585,15.0,2.0,2.0,1.0,0.0,4.0,4.0,1.0,1.0,0.0,1.0
3609,0.0,0.0,0.0,White,10.0501,5,17.0,8.0,0.0,0.0,18.692,20.0,3.0,2.0,0.0,0.0,4.0,1.0,1.0,1.0,0.0,1.0
3610,1.0,0.0,0.0,White,,3,15.0,12.0,0.0,,,0.0,2.0,2.0,0.0,0.0,3.0,2.0,1.0,0.0,0.0,0.0
3611,1.0,0.0,1.0,White,9.25,5,16.0,14.0,0.0,0.0,62.803,2.0,1.0,2.0,0.0,0.0,4.0,2.0,1.0,0.0,0.0,0.0
3612,1.0,0.0,1.0,White,,5,16.0,14.0,,,61.631,2.0,2.0,2.0,0.0,0.0,3.0,2.0,1.0,0.0,0.0,0.0
3613,0.0,0.0,1.0,White,30.3001,4,14.0,14.0,0.0,,32.271,5.0,2.0,1.0,0.0,0.0,2.0,1.0,1.0,1.0,,0.0
3614,1.0,0.0,1.0,White,,4,16.0,16.0,0.0,0.0,97.626,5.0,2.0,2.0,0.0,0.0,1.0,1.0,1.0,0.0,0.0,0.0
3615,1.0,0.0,1.0,White,,5,14.0,16.0,0.0,,81.168,6.0,2.0,3.0,0.0,0.0,3.0,3.0,1.0,0.0,,0.0
3616,1.0,0.0,0.0,White,,5,14.0,16.0,0.0,,54.397,0.0,2.0,4.0,1.0,1.0,3.0,1.0,2.0,1.0,0.0,1.0
3617,0.0,0.0,1.0,White,,4,16.0,12.0,,,,29.0,4.0,4.0,7.0,1.0,3.0,3.0,2.0,1.0,,1.0
3618,0.0,0.0,0.0,White,,4,16.0,12.0,,0.0,,6.0,2.0,3.0,2.0,2.0,4.0,3.0,3.0,1.0,0.0,1.0
3619,0.0,0.0,1.0,White,13.745,2,12.0,12.0,0.0,0.0,82.067,3.0,2.0,2.0,0.0,0.0,2.0,2.0,1.0,0.0,0.0,0.0
3620,0.0,0.0,0.0,Hispanic,-0.55,5,12.0,12.0,0.0,,22.799,1.0,2.0,1.0,1.0,0.0,2.0,2.0,1.0,1.0,0.0,0.0
3621,1.0,0.0,0.0,Black,11.34,5,14.0,14.0,0.0,0.0,,0.0,2.0,1.0,0.0,0.0,3.0,2.0,1.0,0.0,,0.0
3622,0.0,0.0,0.0,Hispanic,,4,12.0,16.0,,0.0,,105.0,3.0,2.0,9.0,2.0,5.0,5.0,3.0,1.0,,1.0
3623,1.0,0.0,0.0,Black,3.05,3,14.0,15.0,0.0,0.0,31.974,6.0,2.0,1.0,0.0,0.0,2.0,2.0,1.0,0.0,0.0,0.0
3624,0.0,0.0,1.0,Black,28.75,4,15.0,14.0,0.0,0.0,76.751,5.0,2.0,3.0,0.0,0.0,3.0,2.0,1.0,0.0,0.0,0.0
3625,0.0,0.0,0.0,Black,-0.046,3,14.0,12.0,1.0,0.0,95.932,6.0,2.0,1.0,4.0,0.0,1.0,1.0,1.0,0.0,1.0,0.0
3626,1.0,0.0,0.0,Black,0.385,4,14.0,12.0,0.0,1.0,49.78,0.0,1.0,4.0,2.0,1.0,1.0,1.0,1.0,1.0,0.0,0.0
3627,0.0,0.0,1.0,Black,-2.0628,3,14.0,12.0,0.0,,80.249,3.0,2.0,3.0,0.0,0.0,3.0,3.0,2.0,1.0,0.0,0.0
3628,1.0,1.0,1.0,Black,-2.0628,3,14.0,12.0,0.0,0.0,82.629,0.0,2.0,3.0,0.0,0.0,4.0,4.0,2.0,0.0,0.0,0.0
3629,1.0,0.0,0.0,Hispanic,0.275,2,12.0,15.0,0.0,0.0,,2.0,2.0,2.0,0.0,0.0,1.0,1.0,1.0,1.0,,1.0
3630,1.0,0.0,0.0,Black,,3,12.0,,,0.0,28.553,,3.0,2.0,1.0,1.0,3.0,2.0,1.0,1.0,,0.0
3631,0.0,0.0,1.0,White,2.16,6,14.0,10.0,0.0,0.0,85.498,11.0,2.0,2.0,0.0,0.0,4.0,3.0,1.0,0.0,0.0,1.0
3632,1.0,0.0,0.0,Black,21.85,5,14.0,14.0,0.0,0.0,64.19,0.0,1.0,1.0,0.0,0.0,3.0,2.0,1.0,0.0,,0.0
3633,0.0,0.0,1.0,Black,0.7525,4,12.0,12.0,0.0,,3.638,,2.0,2.0,0.0,0.0,,,1.0,0.0,0.0,0.0
3634,0.0,0.0,1.0,Black,,3,15.0,,0.0,,80.289,4.0,2.0,2.0,1.0,1.0,1.0,1.0,1.0,0.0,0.0,1.0
3635,0.0,0.0,0.0,Black,,5,,,,0.0,24.709,3.0,2.0,2.0,5.0,2.0,4.0,4.0,1.0,0.0,0.0,1.0
3636,0.0,0.0,0.0,Black,4.425,3,11.0,12.0,0.0,,24.959,5.0,2.0,3.0,0.0,0.0,5.0,1.0,1.0,,,0.0
3637,1.0,0.0,1.0,Black,4.05,3,14.0,12.0,0.0,0.0,73.122,5.0,2.0,1.0,1.0,0.0,1.0,1.0,1.0,0.0,0.0,0.0
3638,1.0,0.0,1.0,Black,,2,14.0,12.0,0.0,0.0,54.581,35.0,2.0,3.0,0.0,0.0,3.0,3.0,1.0,1.0,,0.0
3639,1.0,0.0,1.0,Black,-0.945,4,12.0,12.0,0.0,0.0,25.535,6.0,2.0,2.0,0.0,0.0,2.0,1.0,1.0,0.0,0.0,0.0
3640,1.0,0.0,0.0,White,60.0,4,16.0,18.0,0.0,0.0,75.91,2.0,2.0,2.0,1.0,0.0,1.0,1.0,1.0,1.0,0.0,0.0
3641,1.0,0.0,1.0,Black,6.25,3,15.0,12.0,0.0,0.0,52.442,0.0,2.0,2.0,0.0,0.0,1.0,1.0,2.0,0.0,0.0,0.0
3642,1.0,0.0,0.0,White,2.925,4,15.0,12.0,0.0,,49.824,2.0,2.0,2.0,0.0,0.0,3.0,3.0,1.0,0.0,0.0,1.0
3643,1.0,0.0,0.0,White,2.925,4,15.0,12.0,0.0,0.0,85.931,2.0,2.0,2.0,0.0,0.0,1.0,1.0,1.0,0.0,0.0,0.0
3644,1.0,0.0,1.0,Hispanic,3.575,3,16.0,14.0,0.0,0.0,86.353,0.0,2.0,1.0,0.0,0.0,3.0,2.0,1.0,0.0,0.0,0.0
3645,1.0,0.0,0.0,Hispanic,19.67,3,16.0,16.0,0.0,0.0,68.893,3.0,2.0,3.0,1.0,1.0,3.0,4.0,2.0,0.0,0.0,0.0
3646,1.0,0.0,0.0,Black,12.48,3,18.0,16.0,0.0,0.0,57.986,0.0,2.0,1.0,0.0,0.0,2.0,1.0,1.0,0.0,0.0,0.0
3647,1.0,0.0,0.0,Asian,38.25,5,14.0,14.0,0.0,0.0,76.262,1.0,2.0,1.0,0.0,0.0,1.0,1.0,1.0,0.0,0.0,0.0
3648,1.0,0.0,1.0,Hispanic,-0.01,5,13.0,12.0,0.0,0.0,48.114,3.0,2.0,3.0,1.0,0.0,3.0,4.0,2.0,0.0,1.0,1.0
3649,0.0,0.0,0.0,Black,4.505,3,12.0,16.0,0.0,0.0,10.889,12.0,1.0,4.0,0.0,1.0,1.0,1.0,5.0,0.0,,0.0
3650,0.0,0.0,0.0,Black,0.35,7,14.0,15.0,0.0,0.0,,0.0,4.0,3.0,0.0,0.0,3.0,1.0,1.0,0.0,0.0,0.0
3651,0.0,0.0,0.0,Black,0.35,7,14.0,15.0,0.0,0.0,,0.0,2.0,2.0,0.0,0.0,1.0,1.0,2.0,0.0,0.0,0.0
3652,0.0,0.0,0.0,Black,0.35,7,14.0,15.0,0.0,0.0,,1.0,3.0,1.0,0.0,0.0,1.0,1.0,1.0,0.0,0.0,0.0
3653,0.0,0.0,0.0,Black,0.05,8,13.0,,0.0,,3.871,15.0,2.0,4.0,0.0,1.0,2.0,2.0,1.0,0.0,,0.0
3654,0.0,0.0,0.0,Black,0.05,5,,,0.0,1.0,,0.0,2.0,2.0,5.0,5.0,2.0,1.0,3.0,1.0,1.0,1.0
3655,0.0,0.0,1.0,Black,0.05,5,,,0.0,,,3.0,2.0,2.0,0.0,0.0,1.0,1.0,1.0,0.0,0.0,0.0
3656,0.0,0.0,0.0,White,1.4,4,14.0,12.0,0.0,1.0,20.061,9.0,2.0,3.0,98.0,10.0,5.0,4.0,3.0,1.0,,1.0
3657,0.0,0.0,0.0,Black,0.475,3,12.0,,0.0,0.0,,2.0,2.0,3.0,0.0,2.0,1.0,1.0,1.0,0.0,1.0,0.0
3658,1.0,0.0,0.0,White,,4,12.0,12.0,,,,4.0,2.0,3.0,0.0,0.0,3.0,2.0,1.0,0.0,0.0,0.0
3659,1.0,0.0,0.0,Black,,3,18.0,20.0,0.0,0.0,,0.0,2.0,3.0,0.0,0.0,4.0,4.0,2.0,0.0,,0.0
3660,1.0,0.0,0.0,White,29.375,4,14.0,14.0,0.0,,61.613,1.0,2.0,3.0,1.0,0.0,5.0,2.0,2.0,0.0,0.0,0.0
3661,0.0,0.0,1.0,White,-2.65,4,12.0,12.0,0.0,,86.318,1.0,2.0,2.0,0.0,0.0,4.0,3.0,1.0,0.0,0.0,0.0
3662,1.0,0.0,1.0,White,-2.65,4,12.0,12.0,0.0,,43.372,5.0,2.0,2.0,0.0,0.0,1.0,1.0,1.0,0.0,,0.0
3663,0.0,0.0,0.0,Black,29.65,4,16.0,16.0,0.0,,90.539,0.0,2.0,3.0,0.0,0.0,3.0,2.0,1.0,0.0,,0.0
3664,1.0,,0.0,White,10.255,5,16.0,16.0,0.0,,27.237,3.0,2.0,2.0,0.0,0.0,1.0,1.0,1.0,0.0,,0.0
3665,0.0,,0.0,White,10.255,5,16.0,16.0,0.0,,11.417,0.0,2.0,2.0,0.0,0.0,1.0,1.0,1.0,0.0,,0.0
3666,0.0,0.0,0.0,Hispanic,2.25,4,15.0,,0.0,1.0,40.205,4.0,2.0,2.0,0.0,0.0,3.0,2.0,2.0,,,1.0
3667,0.0,0.0,1.0,Other,,4,,,,0.0,16.597,10.0,3.0,2.0,0.0,0.0,3.0,4.0,2.0,0.0,,1.0
3668,1.0,0.0,0.0,Hispanic,4.57,7,,,0.0,0.0,,0.0,2.0,2.0,0.0,3.0,3.0,1.0,1.0,0.0,,0.0
3669,1.0,0.0,0.0,Hispanic,17.935,4,12.0,14.0,0.0,0.0,,14.0,2.0,,0.0,2.0,2.0,2.0,3.0,0.0,0.0,0.0
3670,0.0,0.0,1.0,Hispanic,,2,,,,1.0,,10.0,2.0,2.0,0.0,5.0,4.0,1.0,2.0,0.0,0.0,1.0
3671,0.0,0.0,0.0,Hispanic,0.435,4,12.0,12.0,0.0,,,0.0,2.0,2.0,0.0,0.0,1.0,1.0,1.0,0.0,0.0,0.0
3672,0.0,0.0,0.0,Hispanic,0.235,3,9.0,10.0,0.0,,,17.0,2.0,2.0,0.0,0.0,3.0,2.0,1.0,0.0,,0.0
3673,0.0,,1.0,Black,-0.375,3,15.0,12.0,0.0,,,0.0,2.0,2.0,0.0,0.0,3.0,2.0,1.0,0.0,,0.0
3674,1.0,0.0,0.0,Black,8.27,3,12.0,12.0,0.0,0.0,,3.0,2.0,4.0,0.0,0.0,4.0,2.0,2.0,0.0,,0.0
3675,0.0,,0.0,Black,5.5,5,16.0,,0.0,,,5.0,3.0,3.0,0.0,1.0,3.0,1.0,2.0,0.0,,0.0
3676,0.0,0.0,0.0,Black,5.5,5,16.0,,0.0,,,1.0,3.0,1.0,2.0,1.0,1.0,1.0,1.0,0.0,1.0,1.0
3677,1.0,1.0,1.0,Black,7.3026,2,12.0,10.0,0.0,0.0,,7.0,2.0,4.0,0.0,0.0,3.0,1.0,1.0,0.0,1.0,0.0
3678,0.0,0.0,1.0,Black,,3,,,,0.0,,18.0,2.0,2.0,0.0,1.0,3.0,1.0,1.0,0.0,1.0,
3679,1.0,0.0,0.0,Black,,3,,12.0,,,72.158,3.0,2.0,2.0,0.0,1.0,1.0,1.0,1.0,0.0,,0.0
3680,1.0,0.0,0.0,Hispanic,21.45,6,,,0.0,,,2.0,2.0,2.0,0.0,0.0,3.0,2.0,1.0,0.0,0.0,0.0
3681,1.0,0.0,1.0,Hispanic,-0.105,3,12.0,5.0,0.0,0.0,,1.0,2.0,1.0,0.0,0.0,2.0,1.0,1.0,0.0,0.0,0.0
3682,0.0,0.0,1.0,Hispanic,0.22,4,18.0,18.0,0.0,0.0,51.797,3.0,2.0,2.0,0.0,0.0,1.0,1.0,1.0,0.0,0.0,0.0
3683,1.0,0.0,0.0,Hispanic,2.4,4,,,0.0,0.0,11.608,6.0,4.0,2.0,1.0,0.0,3.0,1.0,2.0,0.0,0.0,1.0
3684,1.0,0.0,0.0,Hispanic,0.475,3,,,0.0,0.0,57.619,21.0,2.0,3.0,0.0,2.0,1.0,,1.0,0.0,0.0,0.0
3685,1.0,0.0,0.0,Hispanic,0.8,4,,,0.0,0.0,,0.0,2.0,3.0,0.0,0.0,2.0,1.0,1.0,0.0,0.0,0.0
3686,1.0,1.0,0.0,Hispanic,0.8,4,,,0.0,0.0,,2.0,2.0,2.0,0.0,0.0,1.0,1.0,1.0,0.0,1.0,0.0
3687,0.0,0.0,0.0,Hispanic,-1.6,5,16.0,14.0,0.0,0.0,30.579,15.0,2.0,1.0,0.0,0.0,3.0,2.0,3.0,0.0,0.0,1.0
3688,,,1.0,Hispanic,-1.6,5,16.0,14.0,0.0,,0.405,0.0,3.0,3.0,0.0,0.0,1.0,1.0,2.0,0.0,0.0,0.0
3689,1.0,0.0,1.0,Hispanic,0.175,5,10.0,13.0,0.0,,59.771,0.0,1.0,2.0,0.0,0.0,1.0,1.0,1.0,0.0,0.0,0.0
3690,1.0,0.0,0.0,Hispanic,5.25,4,12.0,12.0,0.0,1.0,13.484,1.0,2.0,2.0,25.0,25.0,1.0,1.0,1.0,1.0,0.0,0.0
3691,1.0,0.0,1.0,Black,0.175,4,7.0,,0.0,0.0,6.669,2.0,2.0,2.0,0.0,0.0,1.0,1.0,3.0,0.0,0.0,0.0
3692,1.0,0.0,0.0,White,,4,12.0,13.0,0.0,,17.571,12.0,1.0,2.0,1.0,0.0,4.0,2.0,1.0,0.0,0.0,0.0
3693,0.0,0.0,0.0,Hispanic,,4,12.0,13.0,0.0,0.0,48.954,3.0,2.0,2.0,4.0,1.0,2.0,1.0,1.0,0.0,0.0,0.0
3694,0.0,0.0,1.0,Hispanic,,5,,,,0.0,,0.0,3.0,1.0,0.0,0.0,2.0,2.0,4.0,0.0,0.0,0.0
3695,1.0,0.0,0.0,Hispanic,1.675,4,8.0,7.0,0.0,,17.881,2.0,2.0,2.0,0.0,0.0,1.0,1.0,1.0,0.0,0.0,0.0
3696,1.0,0.0,1.0,Hispanic,1.675,4,8.0,7.0,0.0,,36.333,4.0,2.0,2.0,0.0,0.0,2.0,1.0,2.0,0.0,0.0,0.0
3697,0.0,0.0,1.0,Black,0.295,3,11.0,,0.0,,5.217,0.0,2.0,2.0,0.0,2.0,3.0,1.0,1.0,0.0,0.0,0.0
3698,0.0,1.0,0.0,White,0.29,4,,,0.0,1.0,,36.0,2.0,2.0,1.0,1.0,1.0,1.0,,0.0,,0.0
3699,0.0,0.0,1.0,Hispanic,2.255,4,2.0,19.0,0.0,0.0,8.641,20.0,3.0,1.0,0.0,0.0,5.0,4.0,3.0,0.0,,0.0
3700,0.0,,1.0,Hispanic,0.435,5,,,0.0,,22.639,47.0,4.0,3.0,0.0,7.0,3.0,4.0,3.0,0.0,,1.0
3701,0.0,0.0,0.0,Hispanic,0.435,5,,,0.0,,11.909,42.0,2.0,3.0,0.0,20.0,3.0,2.0,2.0,0.0,1.0,1.0
3702,1.0,0.0,0.0,Hispanic,,4,12.0,12.0,0.0,0.0,,3.0,2.0,2.0,0.0,0.0,1.0,1.0,3.0,0.0,0.0,0.0
3703,1.0,0.0,1.0,Hispanic,0.235,4,12.0,12.0,0.0,,10.214,0.0,2.0,1.0,0.0,0.0,1.0,1.0,1.0,0.0,,0.0
3704,0.0,0.0,1.0,Hispanic,,3,16.0,16.0,0.0,0.0,26.727,2.0,2.0,3.0,0.0,0.0,5.0,4.0,2.0,0.0,0.0,0.0
3705,1.0,,1.0,White,42.0401,3,18.0,20.0,0.0,0.0,86.359,1.0,1.0,2.0,0.0,0.0,1.0,1.0,1.0,0.0,0.0,0.0
3706,,,0.0,White,60.0,4,16.0,16.0,0.0,,54.64,1.0,2.0,3.0,0.0,0.0,1.0,1.0,1.0,0.0,,0.0
3707,0.0,0.0,0.0,Black,0.395,3,11.0,,0.0,1.0,2.483,5.0,3.0,3.0,0.0,0.0,5.0,3.0,1.0,0.0,,1.0
3709,0.0,0.0,0.0,Black,3.17,4,,12.0,0.0,0.0,14.568,3.0,1.0,1.0,0.0,0.0,1.0,1.0,1.0,1.0,,0.0
3710,1.0,0.0,1.0,Black,7.51,5,12.0,12.0,0.0,0.0,20.904,5.0,1.0,2.0,0.0,0.0,3.0,2.0,1.0,1.0,0.0,0.0
3711,0.0,0.0,1.0,Black,,4,11.0,,0.0,0.0,26.684,25.0,2.0,4.0,1.0,0.0,4.0,3.0,1.0,0.0,,0.0
3712,1.0,0.0,1.0,Hispanic,0.9505,3,14.0,12.0,0.0,0.0,11.267,4.0,1.0,2.0,0.0,1.0,4.0,2.0,1.0,0.0,0.0,0.0
3713,1.0,0.0,1.0,White,30.1501,6,13.0,13.0,0.0,0.0,48.8,7.0,2.0,2.0,0.0,0.0,4.0,3.0,2.0,0.0,0.0,0.0
3714,1.0,0.0,0.0,White,30.1501,6,13.0,13.0,0.0,0.0,75.923,3.0,2.0,2.0,0.0,0.0,3.0,1.0,1.0,0.0,0.0,1.0
3715,0.0,0.0,0.0,White,30.1501,6,13.0,13.0,0.0,0.0,0.138,3.0,2.0,3.0,0.0,0.0,1.0,1.0,1.0,0.0,0.0,1.0
3716,0.0,0.0,1.0,Black,0.465,5,12.0,12.0,0.0,0.0,2.262,0.0,2.0,2.0,0.0,1.0,3.0,3.0,1.0,0.0,0.0,1.0
3717,0.0,0.0,1.0,Black,0.465,5,12.0,12.0,0.0,0.0,0.37,0.0,1.0,2.0,0.0,0.0,4.0,4.0,3.0,0.0,0.0,0.0
3718,0.0,0.0,1.0,Black,0.465,5,12.0,12.0,0.0,0.0,5.513,2.0,2.0,2.0,0.0,0.0,3.0,1.0,1.0,0.0,0.0,0.0
3719,0.0,1.0,0.0,Hispanic,0.418,3,12.0,10.0,0.0,0.0,9.728,1.0,2.0,2.0,0.0,0.0,3.0,1.0,1.0,,0.0,1.0
3720,,,1.0,White,,3,12.0,14.0,,,,1.0,2.0,2.0,0.0,0.0,1.0,1.0,1.0,0.0,,0.0
3721,0.0,0.0,0.0,White,,3,12.0,16.0,,,,6.0,2.0,1.0,1.0,2.0,5.0,3.0,2.0,0.0,,1.0
3722,0.0,0.0,1.0,White,3.66,3,12.0,9.0,0.0,,28.052,3.0,2.0,4.0,0.0,0.0,4.0,3.0,2.0,0.0,0.0,0.0
3723,1.0,0.0,0.0,White,,4,13.0,,,,63.984,2.0,1.0,3.0,1.0,1.0,5.0,5.0,1.0,0.0,0.0,0.0
3724,1.0,0.0,0.0,Asian,9.85,4,12.0,,0.0,0.0,,0.0,2.0,2.0,0.0,0.0,4.0,4.0,1.0,0.0,,1.0
3725,1.0,0.0,0.0,White,3.87,4,14.0,13.0,0.0,0.0,94.502,2.0,2.0,2.0,0.0,0.0,3.0,1.0,1.0,1.0,0.0,0.0
3726,1.0,0.0,1.0,Hispanic,,5,13.0,13.0,0.0,0.0,,3.0,2.0,3.0,0.0,0.0,5.0,4.0,2.0,0.0,0.0,0.0
3727,1.0,1.0,1.0,Hispanic,,5,13.0,13.0,0.0,0.0,,1.0,1.0,2.0,0.0,0.0,3.0,3.0,2.0,0.0,1.0,0.0
3728,0.0,0.0,0.0,White,5.26,3,11.0,12.0,0.0,0.0,60.706,0.0,1.0,2.0,3.0,0.0,2.0,1.0,1.0,0.0,0.0,0.0
3729,0.0,0.0,1.0,White,0.355,5,16.0,11.0,0.0,0.0,8.912,,2.0,2.0,,,5.0,3.0,4.0,0.0,0.0,0.0
3730,0.0,0.0,1.0,White,4.33,4,12.0,8.0,0.0,0.0,,3.0,2.0,2.0,0.0,0.0,2.0,1.0,1.0,0.0,0.0,0.0
3731,0.0,0.0,0.0,White,2.9,3,14.0,16.0,0.0,0.0,95.707,6.0,3.0,3.0,4.0,0.0,3.0,3.0,2.0,1.0,0.0,0.0
3732,0.0,0.0,0.0,Black,7.8801,5,13.0,12.0,0.0,,12.216,5.0,3.0,3.0,0.0,0.0,3.0,5.0,1.0,0.0,0.0,1.0
3733,0.0,0.0,0.0,Black,0.85,5,12.0,9.0,,,14.202,3.0,1.0,1.0,0.0,0.0,4.0,1.0,2.0,0.0,,0.0
3734,0.0,0.0,0.0,Black,7.88,4,12.0,12.0,0.0,0.0,4.096,2.0,3.0,2.0,0.0,0.0,4.0,2.0,2.0,0.0,0.0,0.0
3735,1.0,0.0,1.0,Asian,1.7,6,12.0,12.0,0.0,,39.516,1.0,2.0,2.0,0.0,0.0,3.0,1.0,1.0,0.0,,0.0
3736,1.0,,1.0,White,-1.695,5,12.0,16.0,0.0,0.0,73.559,10.0,2.0,2.0,0.0,0.0,3.0,2.0,1.0,1.0,0.0,0.0
3737,0.0,0.0,0.0,Black,9.075,4,12.0,12.0,0.0,0.0,9.221,1.0,2.0,2.0,0.0,0.0,5.0,1.0,1.0,0.0,0.0,0.0
3738,1.0,0.0,0.0,Hispanic,3.165,5,12.0,16.0,0.0,0.0,85.713,2.0,2.0,2.0,0.0,0.0,1.0,1.0,1.0,0.0,0.0,0.0
3739,1.0,0.0,1.0,Black,7.945,4,12.0,12.0,0.0,0.0,69.722,3.0,1.0,2.0,0.0,0.0,2.0,1.0,1.0,0.0,0.0,1.0
3740,0.0,0.0,1.0,Black,7.945,4,12.0,12.0,0.0,0.0,44.898,1.0,2.0,2.0,0.0,0.0,1.0,1.0,1.0,1.0,0.0,1.0
3741,0.0,0.0,1.0,White,3.08,4,12.0,12.0,0.0,0.0,57.791,3.0,2.0,2.0,2.0,0.0,5.0,3.0,4.0,1.0,0.0,0.0
3742,0.0,0.0,1.0,White,7.45,4,12.0,11.0,0.0,0.0,30.298,0.0,2.0,2.0,0.0,0.0,5.0,2.0,1.0,0.0,,0.0
3743,0.0,1.0,0.0,Black,,5,12.0,12.0,,1.0,,4.0,3.0,2.0,0.0,0.0,2.0,3.0,1.0,0.0,,1.0
3744,0.0,0.0,1.0,Black,,5,12.0,12.0,,0.0,,2.0,3.0,3.0,0.0,2.0,1.0,1.0,1.0,1.0,,0.0
3745,0.0,1.0,1.0,Black,1.62,4,13.0,12.0,0.0,0.0,48.864,2.0,2.0,2.0,0.0,0.0,2.0,1.0,2.0,0.0,0.0,0.0
3746,0.0,0.0,0.0,Black,5.56,2,12.0,10.0,0.0,0.0,51.333,3.0,4.0,4.0,0.0,0.0,5.0,4.0,5.0,0.0,0.0,1.0
3747,0.0,0.0,1.0,Black,3.92,6,12.0,12.0,0.0,0.0,5.824,5.0,3.0,2.0,0.0,0.0,3.0,5.0,3.0,0.0,0.0,0.0
3748,1.0,0.0,1.0,Hispanic,,4,12.0,11.0,0.0,0.0,39.399,5.0,2.0,3.0,0.0,0.0,4.0,3.0,2.0,0.0,0.0,0.0
3749,0.0,0.0,0.0,Black,5.5471,2,11.0,11.0,0.0,0.0,19.265,3.0,2.0,1.0,0.0,1.0,1.0,3.0,1.0,0.0,,0.0
3750,0.0,0.0,0.0,Black,0.515,7,14.0,12.0,0.0,1.0,0.358,2.0,2.0,1.0,0.0,0.0,4.0,4.0,1.0,1.0,0.0,0.0
3751,1.0,0.0,1.0,Black,0.515,7,14.0,,0.0,1.0,50.524,4.0,4.0,2.0,2.0,0.0,5.0,3.0,2.0,1.0,1.0,0.0
3752,0.0,0.0,1.0,White,0.175,6,12.0,,0.0,,,90.0,2.0,3.0,0.0,0.0,2.0,1.0,1.0,0.0,0.0,1.0
3753,0.0,0.0,1.0,White,0.175,6,12.0,,0.0,,,29.0,2.0,2.0,0.0,0.0,3.0,4.0,2.0,0.0,0.0,1.0
3754,0.0,0.0,1.0,Black,11.4501,3,11.0,12.0,0.0,0.0,60.68,0.0,1.0,1.0,0.0,0.0,1.0,1.0,1.0,0.0,0.0,0.0
3755,0.0,0.0,0.0,Black,-1.395,3,10.0,,0.0,,14.877,0.0,2.0,3.0,0.0,0.0,5.0,3.0,4.0,1.0,1.0,1.0
3756,0.0,0.0,1.0,Black,-1.395,3,10.0,,0.0,1.0,8.023,3.0,2.0,2.0,1.0,1.0,4.0,3.0,3.0,0.0,0.0,0.0
3757,0.0,0.0,0.0,Black,9.0,5,12.0,12.0,0.0,0.0,,2.0,4.0,3.0,0.0,0.0,1.0,1.0,1.0,0.0,0.0,1.0
3758,0.0,0.0,1.0,Black,9.0,5,12.0,12.0,0.0,0.0,,1.0,2.0,2.0,0.0,0.0,1.0,1.0,1.0,0.0,0.0,0.0
3759,0.0,0.0,0.0,Black,5.71,5,12.0,12.0,0.0,,14.584,2.0,2.0,2.0,0.0,0.0,1.0,1.0,1.0,0.0,0.0,1.0
3760,0.0,0.0,0.0,Black,4.715,3,12.0,12.0,0.0,1.0,17.255,1.0,2.0,3.0,0.0,0.0,3.0,4.0,1.0,0.0,,0.0
3761,1.0,0.0,1.0,Black,4.715,3,12.0,12.0,0.0,1.0,17.981,3.0,2.0,2.0,0.0,0.0,2.0,1.0,1.0,0.0,0.0,0.0
3762,0.0,0.0,0.0,Black,4.35,4,12.0,12.0,0.0,,74.808,6.0,2.0,2.0,0.0,0.0,2.0,1.0,2.0,0.0,,0.0
3763,0.0,0.0,0.0,White,5.585,4,12.0,12.0,0.0,0.0,4.877,0.0,2.0,3.0,2.0,1.0,2.0,1.0,1.0,0.0,1.0,0.0
3764,0.0,0.0,1.0,White,6.2285,3,12.0,12.0,0.0,0.0,54.165,1.0,2.0,3.0,1.0,0.0,2.0,1.0,3.0,1.0,0.0,0.0
3765,0.0,0.0,1.0,Black,14.29,5,12.0,,0.0,1.0,33.393,0.0,3.0,2.0,0.0,0.0,1.0,1.0,1.0,0.0,0.0,0.0
3766,1.0,1.0,1.0,White,2.495,3,16.0,12.0,0.0,0.0,,6.0,3.0,4.0,0.0,1.0,2.0,2.0,3.0,0.0,1.0,0.0
3767,0.0,1.0,1.0,White,9.25,5,14.0,12.0,0.0,0.0,20.272,7.0,2.0,2.0,20.0,4.0,4.0,2.0,4.0,0.0,0.0,1.0
3768,1.0,0.0,0.0,White,2.75,5,18.0,11.0,0.0,0.0,91.133,2.0,2.0,2.0,0.0,0.0,4.0,3.0,2.0,1.0,0.0,0.0
3769,0.0,1.0,0.0,White,2.75,5,18.0,11.0,0.0,0.0,85.86,3.0,3.0,4.0,3.0,0.0,3.0,1.0,2.0,1.0,1.0,1.0
3770,1.0,0.0,0.0,White,2.75,5,18.0,11.0,0.0,0.0,97.979,2.0,2.0,2.0,0.0,0.0,1.0,1.0,1.0,0.0,0.0,0.0
3771,0.0,0.0,1.0,Black,7.2,4,14.0,12.0,0.0,0.0,68.648,1.0,2.0,2.0,0.0,0.0,4.0,2.0,1.0,0.0,0.0,0.0
3772,0.0,0.0,0.0,White,5.4,4,11.0,12.0,0.0,0.0,57.196,0.0,1.0,1.0,1.0,1.0,1.0,1.0,2.0,0.0,0.0,0.0
3773,0.0,0.0,0.0,White,5.4,4,11.0,12.0,0.0,0.0,44.338,0.0,2.0,2.0,5.0,3.0,2.0,1.0,1.0,1.0,0.0,1.0
3774,0.0,0.0,1.0,White,,5,12.0,12.0,,0.0,36.293,0.0,2.0,1.0,0.0,0.0,3.0,2.0,1.0,0.0,0.0,0.0
3775,0.0,0.0,1.0,White,,5,12.0,12.0,,0.0,17.978,1.0,2.0,2.0,0.0,0.0,4.0,2.0,2.0,0.0,0.0,0.0
3776,0.0,0.0,1.0,White,8.38,5,12.0,12.0,0.0,0.0,0.0,1.0,3.0,2.0,0.0,0.0,1.0,1.0,1.0,0.0,0.0,0.0
3777,1.0,0.0,0.0,Other,7.371,4,16.0,12.0,0.0,0.0,70.011,8.0,2.0,2.0,0.0,0.0,3.0,3.0,2.0,0.0,0.0,0.0
3778,0.0,0.0,1.0,White,0.115,4,8.0,12.0,0.0,0.0,4.468,0.0,2.0,1.0,1.0,0.0,5.0,2.0,2.0,0.0,,0.0
3779,0.0,0.0,1.0,White,0.115,4,8.0,12.0,0.0,0.0,25.7,0.0,1.0,1.0,0.0,0.0,4.0,1.0,3.0,0.0,0.0,0.0
3780,,,0.0,White,,5,12.0,10.0,,,47.193,0.0,2.0,2.0,0.0,0.0,4.0,2.0,1.0,0.0,,0.0
3781,,,0.0,White,,5,12.0,10.0,,,73.929,0.0,1.0,1.0,0.0,0.0,2.0,1.0,1.0,0.0,,0.0
3782,0.0,0.0,1.0,White,0.205,3,14.0,12.0,0.0,0.0,,3.0,2.0,1.0,3.0,0.0,3.0,4.0,3.0,1.0,1.0,0.0
3783,1.0,0.0,0.0,Black,,3,14.0,12.0,0.0,0.0,13.882,2.0,2.0,2.0,0.0,0.0,3.0,1.0,1.0,0.0,0.0,0.0
3784,1.0,0.0,1.0,White,2.55,6,16.0,12.0,0.0,,65.158,3.0,2.0,3.0,0.0,0.0,4.0,2.0,1.0,0.0,0.0,0.0
3785,0.0,0.0,0.0,White,2.55,6,16.0,12.0,0.0,,30.634,3.0,2.0,2.0,0.0,1.0,3.0,1.0,1.0,1.0,0.0,0.0
3786,1.0,0.0,1.0,White,13.0001,4,12.0,18.0,0.0,,66.003,1.0,1.0,3.0,0.0,0.0,1.0,1.0,1.0,0.0,0.0,0.0
3787,1.0,0.0,0.0,White,6.5,5,16.0,16.0,0.0,0.0,94.489,2.0,1.0,1.0,0.0,1.0,1.0,2.0,1.0,1.0,1.0,0.0
3788,0.0,,0.0,Black,,5,14.0,12.0,,,50.929,0.0,2.0,2.0,0.0,0.0,2.0,1.0,1.0,1.0,,0.0
3789,0.0,0.0,1.0,Black,2.435,5,19.0,16.0,0.0,0.0,92.11,0.0,2.0,1.0,0.0,0.0,2.0,1.0,2.0,1.0,1.0,0.0
3790,0.0,,0.0,Black,9.0,3,10.0,11.0,0.0,,14.769,0.0,2.0,2.0,0.0,1.0,1.0,1.0,1.0,,,1.0
3791,1.0,0.0,1.0,Black,,4,12.0,14.0,,0.0,68.816,2.0,2.0,3.0,4.0,0.0,4.0,4.0,3.0,0.0,0.0,0.0
3792,0.0,0.0,0.0,Black,,4,12.0,,,0.0,32.207,2.0,3.0,1.0,0.0,0.0,3.0,3.0,1.0,1.0,,0.0
3793,0.0,0.0,0.0,Black,0.75,5,11.0,,0.0,0.0,17.35,0.0,1.0,1.0,0.0,1.0,1.0,1.0,2.0,0.0,0.0,0.0
3794,1.0,,0.0,Black,4.756,2,7.0,,0.0,,,13.0,2.0,2.0,0.0,0.0,5.0,3.0,2.0,0.0,,0.0
3795,0.0,0.0,0.0,Black,1.92,6,9.0,10.0,0.0,0.0,18.019,2.0,4.0,4.0,0.0,2.0,4.0,1.0,1.0,0.0,,1.0
3796,0.0,0.0,0.0,Black,1.92,6,9.0,10.0,0.0,0.0,23.837,2.0,3.0,4.0,0.0,0.0,4.0,2.0,4.0,1.0,,1.0
3797,0.0,0.0,0.0,Black,0.675,6,8.0,,0.0,1.0,0.612,2.0,1.0,2.0,0.0,0.0,1.0,1.0,3.0,1.0,0.0,0.0
3798,,,1.0,Black,0.05,4,11.0,12.0,1.0,,8.248,2.0,1.0,1.0,0.0,1.0,2.0,1.0,1.0,0.0,,0.0
3799,1.0,0.0,1.0,Hispanic,,4,13.0,12.0,,0.0,29.629,0.0,2.0,3.0,0.0,0.0,3.0,1.0,,1.0,0.0,0.0
3800,1.0,0.0,0.0,Hispanic,,4,13.0,12.0,,0.0,70.496,3.0,2.0,1.0,0.0,0.0,1.0,1.0,1.0,1.0,0.0,0.0
3801,0.0,0.0,1.0,Black,0.92,3,12.0,12.0,0.0,,15.675,3.0,2.0,1.0,0.0,0.0,4.0,3.0,1.0,1.0,,0.0
3802,0.0,0.0,0.0,Other,20.4001,4,,,0.0,0.0,49.178,1.0,2.0,4.0,0.0,0.0,1.0,1.0,1.0,0.0,0.0,0.0
3803,0.0,0.0,1.0,White,0.79,7,12.0,12.0,0.0,0.0,72.593,8.0,2.0,2.0,2.0,1.0,4.0,3.0,1.0,1.0,1.0,0.0
3804,,,1.0,Black,,2,8.0,,0.0,,42.53,3.0,2.0,2.0,0.0,0.0,1.0,1.0,1.0,0.0,,0.0
3805,0.0,0.0,0.0,White,1.975,3,14.0,12.0,0.0,0.0,68.082,11.0,2.0,3.0,1.0,1.0,4.0,3.0,3.0,0.0,0.0,0.0
3806,0.0,0.0,1.0,Black,0.175,4,10.0,,0.0,,2.504,17.0,2.0,2.0,0.0,0.0,2.0,3.0,5.0,0.0,0.0,0.0
3807,1.0,0.0,1.0,Black,1.75,4,10.0,12.0,0.0,0.0,34.753,7.0,1.0,2.0,0.0,0.0,1.0,1.0,1.0,0.0,0.0,0.0
3808,0.0,0.0,0.0,Black,0.375,6,12.0,16.0,1.0,0.0,5.094,3.0,2.0,2.0,0.0,1.0,4.0,1.0,2.0,0.0,0.0,0.0
3809,0.0,0.0,0.0,Black,0.375,6,12.0,15.0,1.0,1.0,71.763,21.0,2.0,2.0,0.0,0.0,3.0,1.0,1.0,0.0,0.0,0.0
3810,0.0,0.0,1.0,Hispanic,0.75,4,9.0,12.0,0.0,,27.285,10.0,3.0,4.0,0.0,0.0,2.0,2.0,1.0,0.0,0.0,0.0
3811,0.0,0.0,0.0,Hispanic,0.75,4,11.0,,0.0,,18.042,8.0,2.0,3.0,2.0,0.0,2.0,2.0,1.0,0.0,1.0,0.0
3812,0.0,0.0,1.0,Black,,5,10.0,12.0,,0.0,7.263,5.0,3.0,2.0,0.0,0.0,3.0,2.0,2.0,0.0,0.0,0.0
3813,1.0,0.0,0.0,White,,4,12.0,9.0,,0.0,,1.0,2.0,3.0,0.0,0.0,1.0,2.0,1.0,0.0,0.0,0.0
3814,1.0,0.0,0.0,White,2.85,7,12.0,12.0,0.0,0.0,38.487,3.0,2.0,2.0,0.0,0.0,3.0,3.0,1.0,0.0,0.0,0.0
3815,1.0,0.0,1.0,Hispanic,2.85,7,16.0,16.0,0.0,0.0,48.361,6.0,2.0,2.0,0.0,0.0,4.0,3.0,1.0,0.0,0.0,0.0
3816,1.0,0.0,0.0,White,2.85,7,,16.0,0.0,0.0,89.749,3.0,1.0,2.0,0.0,0.0,2.0,1.0,1.0,0.0,0.0,0.0
3817,1.0,0.0,0.0,Asian,,4,18.0,19.0,0.0,,,0.0,1.0,1.0,0.0,0.0,1.0,1.0,1.0,0.0,0.0,0.0
3818,0.0,0.0,1.0,White,1.23,5,14.0,7.0,0.0,0.0,,13.0,2.0,3.0,2.0,0.0,4.0,4.0,2.0,1.0,1.0,0.0
3819,0.0,0.0,1.0,White,60.0,6,12.0,12.0,0.0,0.0,49.114,5.0,2.0,3.0,0.0,0.0,3.0,3.0,1.0,0.0,0.0,0.0
3820,0.0,0.0,1.0,White,60.0,6,12.0,12.0,0.0,0.0,28.611,7.0,2.0,1.0,30.0,0.0,4.0,3.0,4.0,1.0,0.0,0.0
3821,1.0,0.0,1.0,Black,1.345,3,14.0,12.0,0.0,,58.256,0.0,1.0,2.0,0.0,0.0,3.0,1.0,2.0,0.0,0.0,0.0
3822,1.0,0.0,1.0,White,-3.8,2,16.0,12.0,1.0,0.0,96.184,3.0,2.0,3.0,1.0,0.0,3.0,3.0,2.0,0.0,0.0,0.0
3823,0.0,0.0,1.0,Other,0.065,3,14.0,13.0,0.0,,86.672,8.0,3.0,3.0,0.0,0.0,1.0,1.0,1.0,0.0,0.0,0.0
3824,0.0,0.0,1.0,White,12.9,3,10.0,17.0,0.0,0.0,34.543,4.0,2.0,3.0,0.0,0.0,3.0,4.0,2.0,0.0,,0.0
3825,0.0,0.0,1.0,White,,4,9.0,,,,,5.0,1.0,4.0,30.0,0.0,4.0,2.0,3.0,0.0,0.0,0.0
3826,0.0,0.0,0.0,Black,20.6001,6,,11.0,0.0,0.0,,2.0,2.0,2.0,0.0,1.0,4.0,3.0,1.0,0.0,0.0,0.0
3827,1.0,0.0,0.0,Black,20.6001,6,14.0,12.0,0.0,0.0,4.788,2.0,2.0,2.0,0.0,2.0,2.0,1.0,1.0,0.0,0.0,1.0
3828,0.0,0.0,1.0,White,5.76,4,11.0,12.0,0.0,0.0,17.477,9.0,2.0,2.0,8.0,0.0,4.0,2.0,1.0,,0.0,1.0
3829,0.0,0.0,0.0,White,,4,14.0,12.0,0.0,0.0,19.14,7.0,2.0,2.0,0.0,0.0,1.0,1.0,1.0,0.0,0.0,0.0
3830,0.0,0.0,1.0,White,2.95,5,14.0,9.0,0.0,0.0,18.671,6.0,3.0,3.0,0.0,3.0,5.0,5.0,2.0,0.0,0.0,0.0
3831,0.0,0.0,0.0,White,2.95,5,14.0,9.0,0.0,0.0,7.832,5.0,3.0,3.0,0.0,2.0,4.0,5.0,3.0,1.0,0.0,0.0
3832,0.0,0.0,1.0,White,0.8108,5,10.0,14.0,0.0,0.0,83.914,5.0,2.0,2.0,0.0,0.0,4.0,3.0,1.0,0.0,0.0,0.0
3833,0.0,0.0,1.0,White,4.1238,3,12.0,9.0,0.0,0.0,30.887,7.0,2.0,2.0,0.0,0.0,2.0,2.0,1.0,0.0,0.0,0.0
3834,0.0,0.0,0.0,White,1.4503,4,12.0,16.0,0.0,,,33.0,3.0,3.0,2.0,0.0,2.0,2.0,1.0,1.0,0.0,0.0
3835,0.0,0.0,0.0,White,0.15,4,12.0,9.0,1.0,,,10.0,3.0,2.0,3.0,0.0,5.0,3.0,4.0,1.0,0.0,0.0
3836,1.0,0.0,0.0,Black,7.36,2,12.0,,0.0,0.0,,0.0,2.0,2.0,0.0,0.0,3.0,3.0,1.0,0.0,0.0,0.0
3837,1.0,0.0,1.0,White,,2,14.0,14.0,0.0,0.0,63.904,5.0,1.0,1.0,0.0,0.0,1.0,1.0,,0.0,1.0,0.0
3838,0.0,1.0,1.0,White,,3,14.0,14.0,0.0,0.0,97.26,1.0,2.0,2.0,2.0,0.0,2.0,1.0,1.0,1.0,1.0,1.0
3839,0.0,0.0,0.0,White,8.57,4,,,0.0,0.0,54.468,25.0,2.0,3.0,0.0,0.0,3.0,3.0,2.0,0.0,,0.0
3840,0.0,0.0,0.0,White,8.57,4,,,0.0,0.0,0.288,25.0,2.0,3.0,20.0,0.0,1.0,1.0,1.0,0.0,0.0,0.0
3841,0.0,0.0,1.0,Black,,4,12.0,12.0,,0.0,67.063,2.0,2.0,2.0,0.0,0.0,2.0,1.0,1.0,1.0,,0.0
3842,0.0,0.0,1.0,Black,,4,12.0,12.0,,0.0,48.448,2.0,2.0,3.0,0.0,0.0,4.0,5.0,1.0,1.0,,0.0
3843,1.0,0.0,1.0,White,2.055,5,12.0,12.0,0.0,,55.197,2.0,1.0,3.0,1.0,0.0,1.0,2.0,1.0,1.0,0.0,0.0
3844,0.0,0.0,0.0,Black,,5,,,,0.0,16.014,15.0,2.0,2.0,0.0,1.0,5.0,5.0,3.0,0.0,,0.0
3845,0.0,0.0,0.0,Black,,5,,,,,25.193,7.0,2.0,2.0,0.0,0.0,1.0,1.0,1.0,0.0,,0.0
3846,0.0,0.0,1.0,Black,,3,14.0,19.0,,,,0.0,2.0,2.0,0.0,0.0,1.0,1.0,1.0,1.0,,0.0
3847,1.0,0.0,1.0,White,0.13,3,,11.0,0.0,0.0,51.417,6.0,4.0,3.0,1.0,0.0,2.0,1.0,,0.0,0.0,0.0
3848,0.0,0.0,0.0,White,0.875,3,12.0,,0.0,0.0,73.451,0.0,2.0,2.0,25.0,0.0,4.0,3.0,3.0,0.0,0.0,0.0
3849,0.0,0.0,0.0,White,5.0,2,15.0,12.0,0.0,1.0,64.465,8.0,2.0,4.0,0.0,0.0,1.0,1.0,1.0,1.0,1.0,1.0
3850,1.0,0.0,0.0,White,4.26,4,12.0,12.0,0.0,0.0,98.01,0.0,1.0,1.0,0.0,0.0,2.0,1.0,1.0,0.0,0.0,0.0
3851,0.0,0.0,0.0,White,4.26,4,12.0,12.0,0.0,0.0,49.927,0.0,3.0,4.0,0.0,0.0,3.0,1.0,1.0,0.0,0.0,0.0
3852,1.0,0.0,0.0,White,3.435,4,,13.0,0.0,0.0,94.494,1.0,2.0,2.0,0.0,0.0,2.0,1.0,3.0,0.0,0.0,0.0
3853,1.0,0.0,1.0,White,3.435,4,,13.0,0.0,0.0,80.259,3.0,2.0,2.0,3.0,0.0,2.0,1.0,1.0,1.0,1.0,0.0
3854,0.0,0.0,0.0,Black,,5,,13.0,0.0,,36.962,0.0,1.0,1.0,0.0,0.0,3.0,2.0,3.0,0.0,0.0,0.0
3855,1.0,1.0,1.0,Black,,4,14.0,13.0,0.0,0.0,76.601,2.0,2.0,2.0,1.0,0.0,1.0,1.0,1.0,1.0,1.0,0.0
3856,0.0,0.0,1.0,Black,0.75,4,12.0,12.0,0.0,1.0,24.54,0.0,2.0,3.0,0.0,0.0,3.0,,,0.0,0.0,0.0
3857,0.0,0.0,0.0,Black,0.79,5,13.0,,1.0,0.0,5.653,0.0,3.0,2.0,0.0,1.0,4.0,1.0,1.0,0.0,0.0,0.0
3858,0.0,0.0,0.0,Black,0.375,8,,,0.0,0.0,,2.0,2.0,2.0,0.0,0.0,1.0,1.0,1.0,,0.0,0.0
3859,0.0,0.0,0.0,Black,8.6,3,12.0,12.0,0.0,0.0,4.327,20.0,4.0,2.0,0.0,0.0,3.0,3.0,1.0,0.0,,1.0
3860,0.0,0.0,0.0,Black,,4,13.0,12.0,0.0,0.0,30.806,0.0,1.0,1.0,0.0,0.0,4.0,5.0,3.0,1.0,0.0,0.0
3861,0.0,0.0,1.0,Black,,3,13.0,12.0,0.0,,11.508,1.0,2.0,3.0,0.0,0.0,3.0,1.0,2.0,,0.0,0.0
3862,1.0,0.0,1.0,Black,0.125,4,14.0,13.0,0.0,0.0,40.155,12.0,2.0,2.0,0.0,1.0,5.0,3.0,1.0,0.0,1.0,1.0
3863,0.0,0.0,0.0,Black,,11,11.0,,,0.0,21.505,11.0,2.0,1.0,0.0,0.0,2.0,1.0,1.0,0.0,0.0,0.0
3864,0.0,0.0,1.0,Black,5.2,4,12.0,12.0,0.0,0.0,7.497,4.0,2.0,2.0,0.0,0.0,5.0,4.0,4.0,0.0,0.0,0.0
3865,1.0,0.0,1.0,Black,2.5,3,16.0,12.0,0.0,0.0,64.478,3.0,1.0,3.0,0.0,2.0,3.0,3.0,4.0,0.0,0.0,0.0
3866,1.0,0.0,1.0,Black,1.85,3,10.0,,0.0,1.0,,10.0,2.0,1.0,0.0,0.0,1.0,1.0,1.0,0.0,0.0,0.0
3867,1.0,0.0,1.0,Black,,4,12.0,,,,23.558,4.0,1.0,1.0,2.0,0.0,2.0,1.0,1.0,0.0,0.0,0.0
3868,0.0,0.0,1.0,Black,,4,12.0,16.0,,1.0,5.908,11.0,2.0,2.0,0.0,0.0,1.0,1.0,1.0,0.0,0.0,0.0
3869,0.0,0.0,1.0,Black,5.8301,8,12.0,11.0,0.0,0.0,1.758,10.0,2.0,2.0,0.0,0.0,5.0,2.0,1.0,0.0,0.0,0.0
3870,0.0,0.0,1.0,White,,4,,10.0,0.0,0.0,,1.0,2.0,1.0,1.0,0.0,3.0,4.0,3.0,1.0,1.0,0.0
3871,0.0,0.0,0.0,White,,4,12.0,14.0,,0.0,10.896,4.0,2.0,3.0,0.0,0.0,5.0,4.0,,0.0,0.0,0.0
3872,0.0,0.0,0.0,White,13.885,5,12.0,14.0,0.0,0.0,3.956,4.0,2.0,2.0,1.0,0.0,3.0,3.0,4.0,0.0,,0.0
3873,1.0,0.0,1.0,White,6.2,2,12.0,12.0,0.0,,34.437,0.0,2.0,2.0,0.0,0.0,3.0,2.0,1.0,1.0,,0.0
3874,1.0,0.0,1.0,White,-0.025,2,12.0,,0.0,0.0,77.919,2.0,2.0,2.0,1.0,0.0,3.0,2.0,2.0,0.0,0.0,0.0
3875,1.0,0.0,1.0,Other,,8,12.0,16.0,,,18.95,5.0,2.0,3.0,2.0,0.0,4.0,3.0,1.0,0.0,0.0,0.0
3876,0.0,0.0,0.0,White,0.878,4,11.0,12.0,0.0,0.0,11.377,6.0,2.0,2.0,1.0,0.0,1.0,1.0,1.0,1.0,0.0,0.0
3877,0.0,0.0,0.0,Black,0.255,4,12.0,11.0,0.0,0.0,,2.0,2.0,3.0,1.0,2.0,2.0,1.0,1.0,0.0,0.0,0.0
3878,1.0,0.0,0.0,Black,14.1001,2,16.0,16.0,0.0,0.0,85.277,1.0,2.0,2.0,4.0,0.0,4.0,4.0,3.0,0.0,0.0,0.0
3879,1.0,0.0,1.0,Black,1.75,8,12.0,12.0,0.0,0.0,20.572,0.0,2.0,2.0,0.0,1.0,1.0,1.0,1.0,0.0,0.0,0.0
3880,1.0,0.0,0.0,Black,2.75,5,14.0,12.0,0.0,0.0,,0.0,3.0,2.0,0.0,0.0,5.0,1.0,1.0,0.0,,0.0
3881,1.0,0.0,0.0,White,17.0501,8,12.0,12.0,0.0,0.0,45.585,3.0,2.0,2.0,0.0,0.0,3.0,2.0,1.0,0.0,,0.0
3882,0.0,0.0,0.0,White,-0.11,2,10.0,,0.0,0.0,64.763,4.0,2.0,2.0,4.0,0.0,3.0,3.0,2.0,0.0,0.0,0.0
3883,1.0,0.0,1.0,White,3.135,6,12.0,13.0,0.0,,20.662,0.0,1.0,2.0,0.0,0.0,3.0,4.0,1.0,0.0,0.0,0.0
3884,1.0,0.0,0.0,Black,7.45,5,17.0,12.0,0.0,0.0,69.099,5.0,2.0,2.0,0.0,1.0,1.0,1.0,1.0,0.0,0.0,0.0
3885,0.0,0.0,1.0,Black,7.73,3,13.0,12.0,0.0,0.0,19.183,15.0,1.0,1.0,0.0,0.0,3.0,1.0,2.0,0.0,0.0,0.0
3886,0.0,0.0,0.0,Black,2.05,4,,,0.0,,4.313,10.0,2.0,2.0,1.0,1.0,1.0,2.0,4.0,1.0,0.0,1.0
3887,1.0,0.0,1.0,Black,2.45,4,12.0,12.0,0.0,,57.903,0.0,2.0,2.0,0.0,0.0,5.0,4.0,2.0,0.0,0.0,0.0
3888,0.0,0.0,0.0,Black,2.45,4,12.0,12.0,0.0,0.0,32.051,10.0,2.0,2.0,0.0,0.0,4.0,,,0.0,,
3889,0.0,0.0,0.0,White,3.815,3,6.0,9.0,1.0,0.0,,6.0,1.0,1.0,0.0,0.0,5.0,1.0,2.0,0.0,0.0,0.0
3890,0.0,0.0,1.0,Hispanic,40.55,3,12.0,11.0,0.0,0.0,32.079,7.0,2.0,3.0,1.0,0.0,3.0,2.0,2.0,0.0,0.0,0.0
3891,1.0,0.0,1.0,Hispanic,,3,12.0,10.0,0.0,0.0,57.597,1.0,1.0,2.0,0.0,0.0,3.0,3.0,2.0,0.0,1.0,0.0
3892,0.0,0.0,0.0,White,,5,12.0,14.0,0.0,0.0,5.17,10.0,2.0,2.0,2.0,1.0,4.0,3.0,2.0,0.0,,1.0
3893,0.0,0.0,0.0,White,,5,12.0,14.0,0.0,,,2.0,1.0,4.0,1.0,1.0,3.0,1.0,1.0,0.0,0.0,0.0
3894,0.0,0.0,1.0,White,24.63,5,16.0,16.0,0.0,0.0,100.0,6.0,2.0,2.0,0.0,0.0,4.0,4.0,2.0,0.0,0.0,0.0
3895,1.0,0.0,0.0,White,32.9001,6,18.0,20.0,0.0,0.0,93.197,5.0,1.0,2.0,2.0,0.0,2.0,1.0,1.0,0.0,0.0,0.0
3896,1.0,0.0,0.0,White,32.9001,6,18.0,20.0,0.0,0.0,91.167,6.0,2.0,1.0,0.0,1.0,1.0,1.0,1.0,0.0,0.0,0.0
3897,0.0,0.0,1.0,White,6.35,4,12.0,12.0,0.0,,79.235,6.0,2.0,2.0,0.0,0.0,2.0,1.0,1.0,0.0,0.0,0.0
3898,1.0,,0.0,White,13.07,4,12.0,12.0,0.0,,,2.0,2.0,1.0,0.0,0.0,1.0,1.0,1.0,0.0,,0.0
3899,1.0,0.0,1.0,White,13.675,4,9.0,9.0,0.0,0.0,24.565,5.0,2.0,2.0,0.0,0.0,4.0,4.0,1.0,0.0,0.0,0.0
3900,0.0,0.0,1.0,White,32.25,4,12.0,12.0,0.0,0.0,70.455,7.0,2.0,2.0,0.0,0.0,2.0,2.0,1.0,0.0,0.0,0.0
3901,1.0,0.0,1.0,White,-0.065,4,12.0,12.0,0.0,,40.735,3.0,1.0,1.0,0.0,0.0,1.0,1.0,1.0,0.0,0.0,0.0
3902,0.0,0.0,0.0,White,13.04,3,12.0,12.0,0.0,,28.389,2.0,2.0,2.0,0.0,0.0,1.0,1.0,1.0,0.0,,0.0
3903,1.0,0.0,0.0,White,11.7,5,12.0,12.0,0.0,,80.478,0.0,2.0,2.0,0.0,0.0,2.0,4.0,1.0,0.0,0.0,0.0
3904,0.0,0.0,0.0,White,16.94,3,12.0,14.0,0.0,0.0,39.64,15.0,2.0,1.0,0.0,0.0,3.0,2.0,1.0,0.0,,0.0
3905,0.0,0.0,1.0,White,15.85,5,12.0,16.0,0.0,0.0,76.418,5.0,2.0,2.0,0.0,0.0,3.0,2.0,2.0,0.0,0.0,0.0
3906,1.0,0.0,1.0,White,15.85,5,12.0,16.0,0.0,,84.568,3.0,1.0,1.0,0.0,0.0,1.0,1.0,1.0,0.0,0.0,0.0
3907,0.0,0.0,1.0,White,7.35,3,14.0,16.0,0.0,0.0,,3.0,4.0,2.0,2.0,0.0,5.0,4.0,1.0,1.0,0.0,0.0
3908,1.0,0.0,0.0,White,2.25,4,12.0,10.0,0.0,0.0,36.408,0.0,2.0,2.0,1.0,0.0,2.0,1.0,1.0,1.0,0.0,0.0
3909,0.0,1.0,1.0,White,,2,12.0,10.0,0.0,,,37.0,4.0,4.0,1.0,1.0,5.0,3.0,3.0,1.0,0.0,0.0
3910,0.0,0.0,0.0,White,0.175,5,12.0,12.0,0.0,0.0,,1.0,3.0,3.0,0.0,0.0,1.0,1.0,1.0,0.0,0.0,0.0
3911,1.0,0.0,1.0,White,7.26,5,12.0,11.0,0.0,0.0,78.206,3.0,2.0,2.0,1.0,0.0,3.0,3.0,2.0,0.0,0.0,0.0
3912,0.0,0.0,1.0,White,10.85,5,16.0,8.0,0.0,0.0,55.963,20.0,1.0,2.0,0.0,0.0,5.0,5.0,3.0,0.0,0.0,0.0
3913,0.0,0.0,1.0,White,10.85,5,16.0,8.0,0.0,1.0,8.275,5.0,1.0,1.0,0.0,0.0,1.0,1.0,1.0,0.0,0.0,1.0
3914,,,0.0,White,,3,12.0,12.0,0.0,,,1.0,2.0,2.0,0.0,0.0,5.0,3.0,1.0,0.0,,0.0
3915,1.0,0.0,0.0,White,19.3,3,13.0,12.0,0.0,1.0,34.061,1.0,1.0,1.0,0.0,0.0,2.0,1.0,1.0,0.0,0.0,0.0
3916,1.0,0.0,1.0,Asian,10.0753,3,16.0,11.0,0.0,0.0,95.754,3.0,2.0,2.0,0.0,0.0,2.0,2.0,1.0,0.0,0.0,0.0
3917,0.0,0.0,0.0,Hispanic,2.05,4,12.0,9.0,0.0,,7.931,2.0,3.0,4.0,0.0,0.0,4.0,5.0,3.0,0.0,,0.0
3918,0.0,0.0,0.0,Black,2.05,4,12.0,9.0,0.0,0.0,0.0,3.0,1.0,1.0,0.0,0.0,1.0,1.0,2.0,0.0,0.0,0.0
3919,0.0,0.0,1.0,Black,0.475,6,12.0,,0.0,,4.392,3.0,3.0,1.0,0.0,0.0,4.0,4.0,1.0,1.0,,0.0
3920,0.0,0.0,1.0,Black,0.475,5,16.0,16.0,0.0,0.0,14.216,0.0,2.0,2.0,2.0,2.0,1.0,1.0,1.0,0.0,0.0,0.0
3921,0.0,0.0,0.0,Black,,6,8.0,,,1.0,6.94,14.0,2.0,2.0,0.0,0.0,5.0,5.0,1.0,0.0,0.0,1.0
3922,0.0,0.0,1.0,Black,,6,,,,1.0,0.71,35.0,2.0,2.0,0.0,1.0,1.0,,,0.0,0.0,0.0
3923,0.0,0.0,0.0,Black,,6,,,,0.0,9.831,50.0,2.0,2.0,0.0,0.0,3.0,2.0,1.0,0.0,0.0,0.0
3924,0.0,0.0,1.0,Black,,6,,,,0.0,1.658,6.0,3.0,2.0,1.0,2.0,1.0,1.0,1.0,1.0,,0.0
3925,0.0,0.0,1.0,Black,,6,,,,0.0,5.406,5.0,2.0,2.0,0.0,1.0,3.0,3.0,2.0,0.0,0.0,1.0
3926,0.0,0.0,1.0,Black,,5,6.0,,,,1.732,0.0,3.0,3.0,0.0,0.0,1.0,1.0,5.0,1.0,0.0,0.0
3927,0.0,0.0,1.0,Black,,5,6.0,,,0.0,,10.0,2.0,2.0,0.0,0.0,,,,0.0,0.0,0.0
3928,0.0,0.0,1.0,Black,,5,6.0,,,0.0,2.493,99.0,4.0,3.0,0.0,1.0,1.0,1.0,1.0,0.0,0.0,0.0
3929,0.0,0.0,0.0,Black,0.175,5,13.0,,0.0,0.0,10.672,0.0,2.0,3.0,0.0,0.0,1.0,1.0,2.0,0.0,0.0,0.0
3930,0.0,0.0,1.0,Hispanic,,5,12.0,,,1.0,,,3.0,3.0,,,2.0,1.0,4.0,0.0,,0.0
3931,0.0,0.0,0.0,Hispanic,,5,,,,1.0,,,2.0,2.0,,,1.0,1.0,1.0,0.0,,1.0
3932,0.0,0.0,1.0,Hispanic,0.15,5,8.0,,0.0,0.0,,30.0,2.0,1.0,0.0,0.0,3.0,2.0,1.0,0.0,0.0,0.0
3933,0.0,0.0,1.0,Hispanic,0.31,8,3.0,3.0,0.0,,,,2.0,3.0,,,1.0,1.0,1.0,0.0,0.0,0.0
3934,0.0,0.0,1.0,Hispanic,,5,6.0,,,0.0,,9.0,2.0,3.0,0.0,0.0,4.0,3.0,2.0,0.0,0.0,1.0
3935,1.0,0.0,1.0,Black,,3,17.0,16.0,0.0,0.0,35.803,0.0,2.0,2.0,0.0,0.0,5.0,5.0,3.0,0.0,0.0,0.0
3936,0.0,0.0,0.0,White,1.83,4,12.0,9.0,0.0,0.0,56.976,3.0,3.0,2.0,2.0,1.0,3.0,1.0,2.0,0.0,0.0,1.0
3937,1.0,0.0,1.0,White,2.28,4,13.0,10.0,0.0,,71.841,2.0,2.0,3.0,2.0,0.0,,,,1.0,0.0,0.0
3938,1.0,1.0,0.0,Asian,,5,16.0,14.0,,0.0,72.386,0.0,2.0,2.0,0.0,0.0,5.0,5.0,,1.0,1.0,0.0
3939,0.0,0.0,1.0,White,3.19,2,16.0,16.0,0.0,0.0,93.719,4.0,1.0,2.0,0.0,0.0,4.0,4.0,1.0,0.0,1.0,0.0
3940,0.0,0.0,1.0,Black,,3,12.0,16.0,,0.0,62.677,,2.0,2.0,0.0,0.0,2.0,2.0,1.0,0.0,0.0,1.0
3941,0.0,0.0,1.0,White,0.682,4,,12.0,0.0,0.0,15.353,0.0,2.0,2.0,0.0,0.0,1.0,1.0,1.0,0.0,,0.0
3942,0.0,0.0,0.0,Black,0.375,2,,,0.0,0.0,,0.0,1.0,1.0,0.0,4.0,5.0,5.0,2.0,0.0,0.0,1.0
3943,1.0,0.0,1.0,White,8.0,4,12.0,15.0,0.0,0.0,88.401,13.0,2.0,3.0,0.0,0.0,3.0,3.0,1.0,0.0,0.0,0.0
3944,1.0,0.0,0.0,White,8.0,4,12.0,15.0,0.0,0.0,99.296,3.0,1.0,2.0,0.0,0.0,1.0,1.0,1.0,1.0,0.0,0.0
3945,0.0,1.0,1.0,White,4.952,4,10.0,12.0,0.0,0.0,,0.0,3.0,2.0,0.0,1.0,5.0,2.0,1.0,0.0,0.0,0.0
3946,0.0,0.0,0.0,White,4.952,4,10.0,12.0,0.0,,,6.0,2.0,2.0,10.0,0.0,4.0,1.0,1.0,1.0,0.0,0.0
3947,0.0,0.0,0.0,White,,7,,,,0.0,33.725,6.0,2.0,3.0,2.0,0.0,3.0,1.0,1.0,0.0,0.0,1.0
3948,,,1.0,White,,4,12.0,12.0,0.0,,,6.0,2.0,3.0,0.0,0.0,5.0,2.0,2.0,0.0,,0.0
3949,0.0,0.0,0.0,White,3.84,4,12.0,12.0,0.0,0.0,4.823,15.0,2.0,2.0,0.0,0.0,2.0,2.0,1.0,0.0,0.0,1.0
3950,0.0,0.0,0.0,White,,3,12.0,12.0,,0.0,,15.0,3.0,2.0,0.0,2.0,4.0,1.0,1.0,0.0,1.0,1.0
3951,0.0,0.0,0.0,Black,1.675,3,16.0,15.0,0.0,,46.822,2.0,2.0,3.0,0.0,0.0,3.0,1.0,1.0,1.0,0.0,1.0
3952,0.0,0.0,1.0,White,11.17,5,10.0,7.0,0.0,0.0,43.916,2.0,2.0,3.0,0.0,0.0,4.0,3.0,2.0,0.0,0.0,0.0
3953,0.0,0.0,0.0,White,11.17,5,12.0,11.0,0.0,,42.865,2.0,2.0,2.0,0.0,0.0,4.0,2.0,1.0,0.0,1.0,0.0
3954,0.0,0.0,1.0,White,,4,,,,,19.523,,1.0,2.0,0.0,0.0,2.0,1.0,1.0,0.0,,0.0
3955,0.0,0.0,1.0,White,,3,12.0,12.0,,0.0,10.529,25.0,2.0,2.0,0.0,0.0,3.0,3.0,2.0,0.0,0.0,0.0
3956,1.0,0.0,0.0,Black,,8,12.0,12.0,0.0,0.0,64.517,4.0,2.0,3.0,0.0,0.0,3.0,3.0,1.0,1.0,0.0,0.0
3957,0.0,0.0,0.0,Black,,8,12.0,12.0,0.0,0.0,60.496,3.0,2.0,2.0,1.0,0.0,4.0,4.0,1.0,0.0,0.0,0.0
3958,0.0,0.0,0.0,Black,,8,,,0.0,0.0,32.983,0.0,3.0,3.0,0.0,0.0,3.0,2.0,1.0,1.0,,0.0
3959,1.0,0.0,0.0,Black,,8,12.0,12.0,,0.0,43.172,0.0,3.0,4.0,0.0,0.0,2.0,1.0,1.0,0.0,0.0,
3960,1.0,0.0,0.0,Black,,8,,,,0.0,72.105,2.0,2.0,2.0,0.0,0.0,1.0,1.0,1.0,0.0,0.0,0.0
3961,1.0,0.0,0.0,White,28.78,5,13.0,13.0,0.0,,94.225,3.0,2.0,2.0,1.0,0.0,3.0,3.0,1.0,0.0,0.0,0.0
3962,0.0,0.0,0.0,White,28.78,5,13.0,13.0,0.0,0.0,48.853,0.0,2.0,2.0,0.0,0.0,2.0,1.0,1.0,1.0,0.0,0.0
3963,1.0,,1.0,White,60.0,4,12.0,16.0,0.0,,73.198,3.0,2.0,2.0,5.0,0.0,4.0,3.0,1.0,1.0,1.0,1.0
3964,1.0,0.0,1.0,White,60.0,4,12.0,16.0,0.0,,48.611,0.0,2.0,3.0,0.0,0.0,1.0,1.0,1.0,0.0,0.0,0.0
3965,1.0,0.0,1.0,White,60.0,4,16.0,16.0,0.0,0.0,83.563,0.0,1.0,1.0,0.0,0.0,1.0,1.0,1.0,0.0,0.0,0.0
3966,1.0,0.0,1.0,White,60.0,4,18.0,20.0,0.0,0.0,95.192,1.0,2.0,2.0,0.0,0.0,1.0,1.0,1.0,0.0,0.0,0.0
3967,1.0,0.0,0.0,White,60.0,4,,,0.0,,88.964,5.0,3.0,2.0,0.0,0.0,2.0,2.0,1.0,0.0,0.0,1.0
3968,1.0,0.0,1.0,White,60.0,3,13.0,14.0,0.0,0.0,,4.0,2.0,2.0,0.0,0.0,3.0,1.0,1.0,0.0,,0.0
3969,1.0,1.0,0.0,White,38.0,3,16.0,16.0,0.0,0.0,,1.0,2.0,2.0,0.0,0.0,2.0,1.0,1.0,0.0,0.0,0.0
3970,0.0,0.0,1.0,White,27.75,5,15.0,10.0,0.0,0.0,90.829,21.0,2.0,3.0,2.0,0.0,4.0,3.0,2.0,1.0,1.0,1.0
3971,1.0,0.0,1.0,White,27.75,5,15.0,10.0,0.0,0.0,91.959,15.0,2.0,2.0,0.0,0.0,1.0,1.0,1.0,0.0,0.0,0.0
3972,0.0,0.0,1.0,White,0.32,4,10.0,12.0,0.0,0.0,34.112,15.0,3.0,4.0,1.0,0.0,4.0,5.0,3.0,0.0,,0.0
3973,1.0,0.0,1.0,Black,15.77,4,12.0,12.0,0.0,1.0,2.995,0.0,2.0,4.0,0.0,0.0,2.0,1.0,1.0,0.0,0.0,0.0
3974,1.0,0.0,0.0,Black,15.77,4,12.0,12.0,0.0,1.0,26.896,3.0,2.0,2.0,0.0,1.0,3.0,2.0,1.0,0.0,0.0,0.0
3975,1.0,,1.0,White,22.1,3,16.0,16.0,0.0,,,1.0,1.0,1.0,0.0,0.0,5.0,5.0,1.0,0.0,,0.0
3976,1.0,0.0,1.0,White,,4,14.0,12.0,,0.0,63.859,15.0,3.0,2.0,0.0,0.0,2.0,1.0,1.0,1.0,,1.0
3977,0.0,0.0,1.0,White,0.575,4,10.0,12.0,0.0,0.0,,2.0,1.0,1.0,0.0,0.0,1.0,1.0,1.0,0.0,,0.0
3978,1.0,0.0,1.0,White,13.135,2,17.0,16.0,0.0,,29.481,0.0,2.0,2.0,0.0,0.0,3.0,3.0,1.0,0.0,,0.0
3979,1.0,0.0,1.0,White,12.91,5,12.0,12.0,0.0,0.0,23.138,2.0,2.0,3.0,0.0,0.0,5.0,4.0,1.0,0.0,0.0,0.0
3980,1.0,0.0,0.0,White,12.91,5,12.0,12.0,0.0,0.0,78.098,3.0,1.0,1.0,0.0,0.0,1.0,1.0,1.0,0.0,0.0,0.0
3981,0.0,0.0,0.0,White,3.525,3,8.0,10.0,0.0,0.0,30.16,4.0,2.0,2.0,0.0,2.0,2.0,1.0,2.0,0.0,,0.0
3982,1.0,0.0,1.0,White,23.98,3,14.0,16.0,0.0,0.0,50.632,3.0,2.0,3.0,0.0,0.0,3.0,2.0,1.0,0.0,1.0,0.0
3983,1.0,0.0,1.0,White,0.9,3,10.0,12.0,0.0,,80.897,6.0,1.0,1.0,0.0,0.0,1.0,1.0,1.0,0.0,0.0,0.0
3984,0.0,0.0,1.0,White,2.825,4,14.0,13.0,0.0,0.0,7.752,10.0,1.0,3.0,3.0,0.0,3.0,1.0,1.0,0.0,0.0,1.0
3985,1.0,0.0,1.0,White,12.0,4,12.0,14.0,0.0,0.0,,0.0,1.0,1.0,0.0,0.0,5.0,2.0,1.0,0.0,,0.0
3986,0.0,0.0,0.0,White,12.0,4,12.0,14.0,0.0,,,13.0,2.0,4.0,2.0,2.0,4.0,1.0,2.0,1.0,,0.0
3987,0.0,0.0,0.0,White,,4,12.0,16.0,0.0,,18.439,3.0,2.0,3.0,0.0,0.0,3.0,1.0,1.0,0.0,,0.0
3988,0.0,0.0,0.0,White,4.075,4,20.0,20.0,0.0,,84.913,2.0,2.0,2.0,0.0,0.0,1.0,1.0,1.0,0.0,0.0,0.0
3989,0.0,0.0,1.0,White,4.075,4,14.0,18.0,0.0,,99.379,1.0,1.0,2.0,0.0,0.0,1.0,1.0,1.0,0.0,0.0,0.0
3990,1.0,0.0,1.0,White,25.25,3,14.0,12.0,0.0,,35.34,3.0,2.0,2.0,1.0,0.0,3.0,1.0,1.0,0.0,,0.0
3991,0.0,0.0,0.0,White,4.29,2,16.0,14.0,0.0,0.0,28.1,6.0,3.0,2.0,0.0,0.0,4.0,4.0,2.0,1.0,0.0,0.0
3992,1.0,0.0,1.0,White,3.65,3,12.0,14.0,0.0,0.0,37.994,6.0,2.0,2.0,0.0,0.0,4.0,2.0,1.0,0.0,0.0,0.0
3993,0.0,0.0,0.0,White,3.65,3,12.0,14.0,0.0,0.0,31.022,5.0,2.0,2.0,0.0,1.0,2.0,1.0,1.0,1.0,0.0,0.0
3994,0.0,0.0,0.0,White,9.0,4,12.0,16.0,0.0,,82.895,15.0,2.0,4.0,3.0,0.0,2.0,1.0,3.0,0.0,0.0,0.0
3995,0.0,0.0,0.0,White,2.625,6,10.0,12.0,0.0,0.0,1.21,,2.0,1.0,,,2.0,,1.0,0.0,,1.0
3996,0.0,0.0,0.0,White,2.625,6,10.0,12.0,0.0,0.0,9.246,5.0,2.0,4.0,0.0,0.0,3.0,3.0,2.0,0.0,,1.0
3997,0.0,0.0,0.0,White,,5,12.0,11.0,0.0,,13.266,,3.0,4.0,,1.0,3.0,3.0,2.0,0.0,,0.0
3998,1.0,0.0,0.0,White,,2,14.0,16.0,0.0,,45.561,2.0,2.0,2.0,1.0,0.0,3.0,2.0,2.0,0.0,0.0,0.0
3999,1.0,0.0,1.0,Hispanic,-0.125,4,,,0.0,,49.856,0.0,2.0,3.0,0.0,0.0,3.0,3.0,2.0,0.0,,0.0
4000,1.0,0.0,1.0,White,16.55,4,9.0,10.0,0.0,0.0,77.97,1.0,2.0,2.0,2.0,0.0,2.0,3.0,1.0,0.0,1.0,0.0
4001,0.0,0.0,0.0,White,5.82,3,12.0,13.0,0.0,0.0,,2.0,3.0,3.0,0.0,0.0,2.0,3.0,1.0,0.0,0.0,1.0
4002,1.0,0.0,0.0,White,,3,12.0,14.0,0.0,0.0,80.175,3.0,2.0,3.0,0.0,0.0,2.0,2.0,1.0,0.0,0.0,0.0
4003,1.0,0.0,0.0,White,20.55,5,12.0,17.0,0.0,0.0,95.276,3.0,4.0,3.0,0.0,2.0,2.0,4.0,1.0,0.0,0.0,0.0
4004,1.0,0.0,0.0,Hispanic,20.55,5,12.0,17.0,0.0,0.0,81.914,0.0,2.0,2.0,1.0,1.0,1.0,1.0,1.0,0.0,0.0,0.0
4005,1.0,0.0,0.0,White,31.875,4,11.0,12.0,1.0,0.0,41.692,2.0,2.0,2.0,0.0,0.0,4.0,2.0,1.0,0.0,,0.0
4006,1.0,0.0,0.0,Hispanic,17.625,5,12.0,13.0,0.0,0.0,31.636,3.0,2.0,2.0,0.0,0.0,1.0,1.0,1.0,1.0,0.0,0.0
4007,0.0,0.0,0.0,White,,2,12.0,12.0,,0.0,,17.0,3.0,3.0,5.0,1.0,3.0,3.0,2.0,1.0,,1.0
4008,1.0,0.0,0.0,White,15.75,4,13.0,12.0,0.0,0.0,76.716,0.0,2.0,2.0,0.0,0.0,1.0,1.0,1.0,0.0,0.0,0.0
4009,0.0,0.0,0.0,White,,4,13.0,12.0,,0.0,59.169,1.0,2.0,2.0,0.0,0.0,2.0,2.0,1.0,1.0,0.0,0.0
4010,1.0,0.0,1.0,White,3.275,6,15.0,16.0,0.0,,40.462,0.0,2.0,2.0,0.0,0.0,4.0,5.0,1.0,0.0,,0.0
4011,1.0,0.0,0.0,White,22.25,4,14.0,14.0,0.0,,97.1,0.0,2.0,2.0,0.0,0.0,1.0,2.0,1.0,0.0,0.0,0.0
4012,1.0,0.0,1.0,White,3.495,4,16.0,15.0,0.0,0.0,48.17,0.0,2.0,2.0,0.0,0.0,2.0,2.0,1.0,0.0,0.0,0.0
4013,1.0,0.0,0.0,White,3.495,4,16.0,15.0,0.0,,82.439,1.0,2.0,2.0,0.0,0.0,2.0,1.0,1.0,0.0,0.0,0.0
4014,0.0,0.0,0.0,White,3.88,4,14.0,10.0,0.0,0.0,74.589,12.0,2.0,2.0,0.0,0.0,2.0,2.0,1.0,0.0,0.0,1.0
4015,1.0,,1.0,White,0.259,5,13.0,14.0,0.0,0.0,50.945,11.0,2.0,1.0,40.0,1.0,5.0,1.0,1.0,1.0,0.0,0.0
4016,0.0,0.0,0.0,White,0.575,3,10.0,12.0,0.0,0.0,84.179,1.0,1.0,1.0,2.0,1.0,2.0,2.0,1.0,,0.0,1.0
4017,1.0,0.0,1.0,White,0.575,3,10.0,12.0,0.0,0.0,86.312,2.0,2.0,2.0,0.0,0.0,1.0,1.0,1.0,1.0,0.0,0.0
4018,1.0,0.0,1.0,White,,4,14.0,12.0,,,68.486,3.0,2.0,1.0,0.0,0.0,2.0,4.0,1.0,0.0,0.0,0.0
4019,1.0,0.0,1.0,White,1.67,4,11.0,12.0,0.0,0.0,62.473,4.0,2.0,2.0,0.0,0.0,1.0,1.0,1.0,0.0,0.0,0.0
4020,1.0,0.0,1.0,White,8.45,4,13.0,12.0,0.0,0.0,,3.0,2.0,1.0,0.0,0.0,4.0,4.0,1.0,0.0,0.0,0.0
4021,0.0,0.0,0.0,White,,4,12.0,12.0,,0.0,51.512,2.0,2.0,2.0,0.0,0.0,4.0,4.0,2.0,0.0,0.0,1.0
4022,1.0,0.0,1.0,White,10.3401,2,,,0.0,0.0,89.509,4.0,2.0,1.0,2.0,0.0,4.0,1.0,1.0,0.0,0.0,1.0
4023,1.0,0.0,1.0,White,9.6,6,14.0,14.0,0.0,,71.064,3.0,2.0,1.0,0.0,0.0,2.0,1.0,1.0,0.0,0.0,0.0
4024,1.0,0.0,1.0,Black,58.8,4,13.0,15.0,0.0,0.0,55.552,20.0,2.0,2.0,0.0,0.0,5.0,4.0,3.0,0.0,0.0,0.0
4025,0.0,0.0,0.0,White,,3,12.0,12.0,0.0,0.0,30.962,3.0,2.0,3.0,1.0,0.0,4.0,2.0,2.0,1.0,0.0,0.0
4026,1.0,0.0,1.0,White,6.35,2,16.0,16.0,0.0,0.0,82.367,6.0,2.0,4.0,0.0,0.0,3.0,4.0,1.0,0.0,0.0,1.0
4027,1.0,1.0,1.0,White,19.6,4,,,0.0,0.0,,0.0,1.0,3.0,7.0,0.0,4.0,4.0,2.0,1.0,0.0,0.0
4028,1.0,0.0,1.0,White,16.3,6,16.0,17.0,0.0,0.0,67.295,12.0,3.0,2.0,0.0,0.0,4.0,3.0,1.0,0.0,0.0,0.0
4029,1.0,0.0,0.0,White,16.3,6,16.0,12.0,0.0,,29.708,4.0,1.0,1.0,50.0,5.0,3.0,1.0,1.0,1.0,0.0,0.0
4030,1.0,0.0,0.0,White,9.9312,5,12.0,12.0,0.0,,61.733,7.0,2.0,1.0,2.0,1.0,2.0,2.0,2.0,1.0,1.0,1.0
4031,0.0,0.0,0.0,White,2.625,3,12.0,12.0,0.0,0.0,37.429,1.0,2.0,3.0,1.0,0.0,4.0,3.0,2.0,0.0,1.0,0.0
4032,1.0,0.0,1.0,White,,4,16.0,,,,79.132,2.0,2.0,3.0,0.0,0.0,4.0,4.0,1.0,0.0,0.0,0.0
4033,1.0,0.0,0.0,White,,4,16.0,,,,47.261,2.0,2.0,2.0,0.0,0.0,3.0,2.0,1.0,1.0,0.0,1.0
4034,1.0,1.0,1.0,White,10.02,3,14.0,14.0,0.0,0.0,76.785,0.0,2.0,1.0,0.0,0.0,4.0,3.0,2.0,0.0,0.0,0.0
4035,0.0,0.0,1.0,White,10.65,4,9.0,12.0,0.0,0.0,16.52,3.0,2.0,3.0,4.0,0.0,3.0,4.0,1.0,0.0,0.0,1.0
4036,0.0,0.0,1.0,White,10.65,4,9.0,12.0,0.0,,17.482,4.0,2.0,2.0,0.0,0.0,4.0,2.0,1.0,0.0,,1.0
4037,0.0,1.0,0.0,White,15.4,5,12.0,13.0,0.0,0.0,50.927,2.0,2.0,2.0,0.0,0.0,3.0,2.0,2.0,0.0,0.0,0.0
4038,1.0,0.0,0.0,White,8.95,4,12.0,,0.0,0.0,60.022,0.0,2.0,2.0,0.0,0.0,3.0,3.0,1.0,0.0,0.0,0.0
4039,0.0,0.0,1.0,Black,3.75,2,16.0,,0.0,,57.287,3.0,2.0,4.0,0.0,0.0,5.0,5.0,3.0,0.0,0.0,0.0
4040,1.0,0.0,1.0,White,16.1,6,12.0,12.0,0.0,,98.952,10.0,2.0,3.0,0.0,0.0,3.0,3.0,3.0,0.0,0.0,0.0
4041,1.0,0.0,0.0,White,16.1,6,12.0,12.0,0.0,0.0,82.357,15.0,2.0,1.0,5.0,0.0,2.0,1.0,1.0,0.0,0.0,0.0
4042,0.0,0.0,1.0,White,16.85,5,12.0,12.0,0.0,,74.997,6.0,2.0,3.0,0.0,0.0,4.0,4.0,1.0,0.0,0.0,0.0
4043,0.0,0.0,0.0,White,0.9755,4,,10.0,0.0,,12.203,1.0,2.0,1.0,0.0,2.0,3.0,3.0,3.0,0.0,,0.0
4044,0.0,0.0,0.0,White,0.9755,4,12.0,12.0,0.0,,17.032,22.0,4.0,4.0,0.0,10.0,2.0,3.0,4.0,1.0,,1.0
4045,0.0,1.0,0.0,White,0.775,2,12.0,16.0,1.0,,,10.0,1.0,1.0,2.0,0.0,1.0,1.0,1.0,0.0,0.0,0.0
4046,0.0,0.0,1.0,Black,0.7156,4,17.0,12.0,0.0,0.0,23.807,2.0,2.0,2.0,0.0,0.0,3.0,4.0,2.0,0.0,1.0,0.0
4047,1.0,0.0,1.0,Black,0.7156,4,17.0,12.0,0.0,0.0,25.528,3.0,2.0,3.0,1.0,0.0,1.0,1.0,1.0,0.0,0.0,1.0
4048,0.0,1.0,0.0,White,2.7659,5,12.0,10.0,0.0,,0.297,15.0,2.0,4.0,0.0,1.0,5.0,5.0,3.0,1.0,1.0,
4049,1.0,0.0,1.0,White,,4,12.0,12.0,0.0,0.0,56.619,3.0,1.0,1.0,0.0,0.0,2.0,1.0,1.0,0.0,0.0,0.0
4050,1.0,0.0,0.0,White,1.875,5,12.0,12.0,0.0,,83.346,2.0,2.0,2.0,0.0,0.0,2.0,1.0,1.0,1.0,0.0,0.0
4051,0.0,0.0,0.0,White,1.875,5,12.0,12.0,0.0,0.0,27.025,3.0,2.0,2.0,0.0,1.0,1.0,1.0,1.0,0.0,0.0,0.0
4052,0.0,0.0,1.0,White,2.08,3,9.0,8.0,0.0,1.0,26.62,6.0,2.0,4.0,0.0,0.0,4.0,3.0,1.0,1.0,,1.0
4053,1.0,0.0,1.0,White,0.16,5,,,0.0,0.0,95.875,0.0,1.0,1.0,0.0,0.0,3.0,3.0,3.0,0.0,0.0,0.0
4054,1.0,0.0,0.0,Hispanic,1.31,6,13.0,6.0,0.0,0.0,38.105,9.0,2.0,2.0,0.0,0.0,2.0,2.0,1.0,1.0,0.0,0.0
4055,0.0,0.0,1.0,Hispanic,1.31,6,13.0,6.0,0.0,0.0,22.344,3.0,3.0,4.0,0.0,0.0,4.0,4.0,3.0,0.0,0.0,0.0
4056,0.0,0.0,0.0,White,,4,11.0,,,,,0.0,2.0,4.0,0.0,1.0,1.0,1.0,1.0,0.0,0.0,1.0
4057,0.0,0.0,0.0,White,6.1,5,12.0,12.0,0.0,0.0,58.151,0.0,2.0,2.0,99.0,0.0,4.0,2.0,2.0,1.0,,0.0
4058,1.0,0.0,1.0,Hispanic,6.1,5,12.0,12.0,0.0,0.0,45.178,0.0,2.0,2.0,0.0,0.0,3.0,2.0,2.0,0.0,0.0,0.0
4059,0.0,0.0,0.0,White,9.45,3,10.0,9.0,0.0,0.0,20.201,10.0,2.0,2.0,1.0,0.0,3.0,3.0,3.0,1.0,0.0,1.0
4060,0.0,0.0,1.0,White,-48.7,2,11.0,12.0,0.0,1.0,23.44,10.0,2.0,3.0,0.0,0.0,2.0,1.0,1.0,0.0,0.0,0.0
4061,0.0,0.0,1.0,White,2.7,6,,,0.0,0.0,51.869,10.0,2.0,2.0,0.0,0.0,3.0,3.0,2.0,0.0,0.0,1.0
4062,1.0,0.0,1.0,White,1.7,5,12.0,15.0,0.0,0.0,97.934,0.0,2.0,2.0,0.0,0.0,3.0,3.0,1.0,1.0,1.0,0.0
4063,0.0,0.0,0.0,Black,,2,12.0,12.0,,0.0,63.423,5.0,2.0,2.0,0.0,1.0,4.0,4.0,3.0,0.0,0.0,1.0
4064,1.0,0.0,0.0,White,9.84,3,14.0,16.0,0.0,0.0,86.453,2.0,2.0,3.0,5.0,0.0,4.0,2.0,1.0,0.0,0.0,0.0
4065,0.0,0.0,0.0,White,,7,12.0,12.0,,,77.986,6.0,2.0,2.0,1.0,0.0,3.0,4.0,1.0,0.0,0.0,0.0
4066,0.0,0.0,0.0,White,0.53,7,12.0,12.0,0.0,0.0,2.659,7.0,3.0,3.0,0.0,0.0,3.0,2.0,3.0,0.0,0.0,1.0
4067,0.0,0.0,1.0,White,0.53,7,12.0,12.0,0.0,,81.606,8.0,2.0,2.0,0.0,0.0,2.0,2.0,1.0,0.0,0.0,0.0
4068,0.0,,0.0,Black,,3,11.0,12.0,,,,3.0,1.0,3.0,0.0,1.0,4.0,4.0,1.0,0.0,1.0,0.0
4069,0.0,0.0,1.0,Black,,3,11.0,12.0,,,2.427,3.0,2.0,2.0,0.0,0.0,3.0,1.0,1.0,0.0,1.0,1.0
4070,1.0,0.0,0.0,White,,3,19.0,19.0,0.0,0.0,,0.0,1.0,1.0,8.0,4.0,1.0,1.0,1.0,0.0,0.0,0.0
4071,1.0,0.0,1.0,White,9.67,5,14.0,13.0,0.0,0.0,48.261,5.0,2.0,1.0,0.0,0.0,2.0,1.0,1.0,1.0,0.0,0.0
4072,0.0,0.0,0.0,White,0.8775,3,10.0,12.0,0.0,,68.505,7.0,3.0,2.0,1.0,0.0,1.0,4.0,1.0,1.0,0.0,0.0
4073,1.0,0.0,0.0,Other,1.972,4,13.0,12.0,0.0,0.0,19.289,0.0,2.0,2.0,2.0,5.0,4.0,3.0,2.0,0.0,0.0,0.0
4074,0.0,0.0,1.0,Other,6.875,4,12.0,10.0,0.0,0.0,66.855,6.0,2.0,2.0,1.0,0.0,4.0,2.0,1.0,1.0,0.0,0.0
4075,0.0,0.0,1.0,White,2.5,4,10.0,10.0,0.0,1.0,82.276,6.0,2.0,2.0,1.0,0.0,5.0,3.0,1.0,0.0,,0.0
4076,0.0,0.0,1.0,White,2.5,4,10.0,10.0,0.0,1.0,39.257,10.0,1.0,1.0,1.0,0.0,5.0,4.0,1.0,0.0,0.0,0.0
4077,1.0,0.0,0.0,White,35.8701,3,16.0,16.0,0.0,0.0,3.086,3.0,2.0,3.0,0.0,0.0,3.0,1.0,2.0,0.0,0.0,0.0
4078,0.0,0.0,1.0,White,1.6,3,12.0,12.0,0.0,0.0,36.106,4.0,1.0,1.0,0.0,0.0,2.0,2.0,1.0,0.0,0.0,0.0
4079,0.0,0.0,0.0,White,1.6,3,12.0,12.0,0.0,,13.725,2.0,2.0,1.0,0.0,3.0,1.0,1.0,1.0,0.0,1.0,0.0
4080,0.0,0.0,0.0,Hispanic,2.05,4,14.0,16.0,0.0,0.0,62.642,4.0,2.0,3.0,0.0,0.0,4.0,4.0,2.0,0.0,0.0,0.0
4081,1.0,1.0,1.0,White,,4,16.0,17.0,0.0,0.0,64.508,0.0,1.0,1.0,0.0,0.0,2.0,2.0,1.0,0.0,0.0,0.0
4082,1.0,0.0,1.0,Black,,5,10.0,,,,,2.0,3.0,4.0,0.0,0.0,4.0,2.0,1.0,0.0,,0.0
4083,1.0,1.0,1.0,Black,,5,10.0,,,,,6.0,1.0,2.0,0.0,0.0,2.0,,,0.0,1.0,0.0
4084,1.0,0.0,0.0,Hispanic,-0.795,2,7.0,,0.0,,71.46,7.0,2.0,2.0,0.0,0.0,2.0,1.0,2.0,0.0,0.0,0.0
4085,0.0,0.0,0.0,White,0.845,3,14.0,14.0,0.0,0.0,,4.0,3.0,3.0,6.0,4.0,4.0,1.0,3.0,0.0,0.0,0.0
4086,0.0,0.0,0.0,White,-0.19,6,10.0,,0.0,,,1.0,2.0,3.0,0.0,3.0,3.0,1.0,2.0,0.0,0.0,1.0
4087,1.0,0.0,0.0,White,,5,12.0,15.0,0.0,0.0,53.215,0.0,2.0,1.0,1.0,0.0,4.0,4.0,1.0,0.0,0.0,
4088,0.0,,1.0,White,,5,12.0,15.0,0.0,,69.965,20.0,2.0,2.0,0.0,0.0,4.0,3.0,3.0,0.0,,0.0
4089,0.0,0.0,1.0,Black,,5,12.0,12.0,0.0,0.0,18.583,10.0,2.0,3.0,0.0,0.0,,,2.0,0.0,0.0,0.0
4090,1.0,0.0,1.0,Black,,5,12.0,12.0,0.0,0.0,13.411,0.0,2.0,2.0,0.0,0.0,1.0,1.0,1.0,0.0,0.0,0.0
4091,0.0,1.0,1.0,Black,1.385,4,12.0,,0.0,0.0,13.573,7.0,4.0,3.0,0.0,0.0,2.0,1.0,5.0,0.0,0.0,0.0
4092,1.0,0.0,1.0,Black,,4,14.0,,0.0,0.0,,16.0,3.0,2.0,4.0,4.0,3.0,1.0,3.0,1.0,0.0,1.0
4093,0.0,0.0,1.0,White,,4,,,,1.0,,,1.0,,0.0,0.0,3.0,4.0,2.0,0.0,,1.0
4094,0.0,1.0,1.0,White,,4,12.0,12.0,,0.0,,15.0,1.0,2.0,0.0,0.0,3.0,2.0,2.0,1.0,0.0,0.0
4095,0.0,0.0,0.0,White,60.0,3,,,0.0,0.0,,14.0,2.0,3.0,2.0,6.0,4.0,2.0,1.0,0.0,0.0,1.0
4096,0.0,0.0,0.0,White,60.0,3,,,0.0,,,4.0,1.0,2.0,0.0,0.0,2.0,1.0,1.0,1.0,0.0,1.0
4097,1.0,0.0,0.0,White,14.5501,4,16.0,17.0,0.0,0.0,56.876,2.0,2.0,2.0,0.0,0.0,2.0,2.0,1.0,0.0,0.0,0.0
4098,0.0,0.0,1.0,White,,4,12.0,12.0,0.0,0.0,34.454,4.0,2.0,4.0,4.0,0.0,4.0,4.0,3.0,0.0,0.0,0.0
4099,1.0,0.0,1.0,White,,4,,,0.0,0.0,82.012,4.0,2.0,2.0,0.0,0.0,3.0,3.0,2.0,0.0,0.0,0.0
4100,1.0,0.0,0.0,White,,4,,,0.0,0.0,84.504,2.0,2.0,3.0,0.0,0.0,2.0,,2.0,0.0,0.0,0.0
4101,1.0,0.0,0.0,White,,3,16.0,16.0,0.0,0.0,92.602,5.0,2.0,2.0,2.0,0.0,2.0,1.0,1.0,1.0,0.0,0.0
4102,1.0,,1.0,White,,3,,,0.0,,,16.0,2.0,2.0,1.0,0.0,3.0,3.0,2.0,1.0,,0.0
4103,1.0,0.0,1.0,Hispanic,,5,16.0,16.0,0.0,0.0,14.488,6.0,2.0,2.0,0.0,0.0,4.0,4.0,2.0,0.0,0.0,0.0
4104,1.0,0.0,1.0,White,,5,16.0,16.0,0.0,0.0,33.198,11.0,1.0,1.0,0.0,0.0,2.0,1.0,1.0,0.0,0.0,0.0
4105,1.0,1.0,1.0,White,5.04,3,16.0,14.0,0.0,,28.184,3.0,2.0,3.0,7.0,0.0,3.0,3.0,2.0,0.0,0.0,0.0
4106,0.0,0.0,0.0,White,-6.0499,4,12.0,18.0,0.0,,1.343,5.0,2.0,2.0,0.0,0.0,3.0,1.0,1.0,0.0,1.0,0.0
4107,1.0,0.0,0.0,White,-6.0499,4,12.0,18.0,0.0,0.0,,5.0,2.0,2.0,10.0,1.0,2.0,1.0,2.0,0.0,0.0,0.0
4108,1.0,0.0,0.0,White,,2,12.0,,0.0,0.0,58.604,5.0,2.0,3.0,15.0,0.0,4.0,3.0,1.0,0.0,,0.0
4109,1.0,0.0,0.0,White,2.75,4,12.0,14.0,0.0,0.0,74.177,4.0,2.0,1.0,0.0,0.0,2.0,1.0,1.0,0.0,0.0,0.0
4110,1.0,0.0,0.0,White,,4,,16.0,0.0,0.0,37.059,0.0,2.0,2.0,0.0,0.0,3.0,1.0,2.0,1.0,1.0,0.0
4111,1.0,0.0,1.0,White,,4,,16.0,0.0,0.0,85.124,12.0,2.0,2.0,1.0,0.0,3.0,2.0,1.0,0.0,0.0,0.0
4112,1.0,0.0,0.0,White,,4,18.0,20.0,0.0,,83.625,2.0,2.0,2.0,0.0,0.0,2.0,2.0,1.0,0.0,,0.0
4113,1.0,,0.0,White,,4,18.0,20.0,0.0,,98.828,3.0,2.0,2.0,0.0,0.0,2.0,2.0,1.0,0.0,,0.0
4114,1.0,,1.0,White,10.2,2,12.0,,0.0,,91.409,3.0,2.0,1.0,0.0,0.0,2.0,2.0,1.0,0.0,,0.0
4115,0.0,1.0,1.0,Hispanic,0.175,4,11.0,,0.0,0.0,10.179,5.0,2.0,2.0,0.0,0.0,4.0,5.0,1.0,0.0,0.0,0.0
4116,1.0,0.0,1.0,White,6.25,4,12.0,,0.0,,21.864,4.0,2.0,2.0,0.0,0.0,3.0,2.0,1.0,0.0,0.0,0.0
4117,0.0,0.0,1.0,White,,3,9.0,8.0,,,5.124,0.0,3.0,3.0,5.0,2.0,4.0,3.0,3.0,1.0,,1.0
4118,1.0,0.0,1.0,White,1.285,3,14.0,12.0,0.0,0.0,82.821,4.0,1.0,2.0,0.0,0.0,2.0,2.0,1.0,0.0,1.0,0.0
4119,0.0,0.0,0.0,White,,6,11.0,10.0,0.0,0.0,2.045,4.0,3.0,2.0,0.0,4.0,4.0,3.0,1.0,0.0,,0.0
4120,0.0,0.0,0.0,White,3.3,6,10.0,7.0,0.0,0.0,49.276,4.0,2.0,3.0,0.0,0.0,2.0,4.0,1.0,0.0,0.0,1.0
4121,0.0,0.0,0.0,White,3.3,6,10.0,7.0,0.0,0.0,18.13,4.0,2.0,2.0,1.0,1.0,3.0,2.0,2.0,0.0,,1.0
4122,0.0,0.0,1.0,White,3.604,4,12.0,11.0,0.0,,16.576,7.0,2.0,3.0,0.0,0.0,4.0,5.0,2.0,0.0,0.0,0.0
4123,0.0,0.0,0.0,Hispanic,0.8799,4,12.0,,0.0,0.0,21.256,5.0,2.0,2.0,0.0,0.0,2.0,4.0,1.0,0.0,0.0,0.0
4124,0.0,0.0,1.0,Hispanic,0.8799,4,12.0,,0.0,0.0,67.148,5.0,2.0,3.0,0.0,0.0,4.0,3.0,2.0,0.0,0.0,0.0
4125,0.0,0.0,0.0,Hispanic,0.1255,10,6.0,,1.0,0.0,72.609,4.0,2.0,2.0,0.0,0.0,3.0,3.0,2.0,0.0,0.0,0.0
4126,0.0,0.0,0.0,Hispanic,0.1255,10,6.0,,1.0,0.0,58.523,5.0,2.0,3.0,1.0,0.0,3.0,4.0,1.0,0.0,1.0,0.0
4127,0.0,0.0,1.0,Hispanic,0.1255,10,6.0,,1.0,,12.089,1.0,2.0,2.0,0.0,0.0,1.0,1.0,1.0,0.0,,0.0
4128,1.0,0.0,0.0,White,0.575,6,14.0,12.0,0.0,0.0,68.903,9.0,2.0,2.0,0.0,0.0,1.0,1.0,2.0,0.0,0.0,0.0
4129,0.0,0.0,0.0,White,0.177,3,10.0,12.0,0.0,0.0,73.727,2.0,2.0,2.0,1.0,0.0,2.0,1.0,1.0,0.0,0.0,0.0
4130,0.0,1.0,1.0,White,,3,12.0,12.0,0.0,,52.186,0.0,1.0,2.0,0.0,0.0,1.0,1.0,1.0,0.0,0.0,0.0
4131,1.0,0.0,0.0,White,5.05,6,12.0,,0.0,0.0,90.137,3.0,2.0,3.0,1.0,0.0,3.0,3.0,1.0,0.0,0.0,0.0
4132,1.0,0.0,1.0,White,5.05,6,12.0,12.0,0.0,0.0,82.539,3.0,2.0,1.0,0.0,0.0,3.0,3.0,1.0,0.0,0.0,0.0
4133,1.0,0.0,0.0,White,5.05,6,,12.0,0.0,0.0,48.252,1.0,2.0,1.0,0.0,0.0,1.0,1.0,1.0,0.0,0.0,0.0
4134,1.0,0.0,0.0,White,10.665,5,12.0,12.0,0.0,,56.414,0.0,1.0,1.0,0.0,0.0,1.0,1.0,1.0,0.0,0.0,0.0
4135,1.0,0.0,1.0,White,10.665,5,12.0,12.0,0.0,0.0,24.785,3.0,2.0,2.0,0.0,0.0,1.0,1.0,1.0,0.0,0.0,0.0
4136,1.0,0.0,1.0,White,26.85,5,16.0,14.0,0.0,0.0,98.875,0.0,1.0,3.0,0.0,0.0,2.0,2.0,1.0,0.0,0.0,0.0
4137,1.0,0.0,1.0,White,26.85,5,16.0,14.0,0.0,0.0,96.547,1.0,2.0,2.0,0.0,0.0,1.0,1.0,1.0,0.0,0.0,0.0
4138,1.0,0.0,1.0,White,6.63,5,12.0,16.0,0.0,0.0,94.2,0.0,2.0,2.0,0.0,0.0,1.0,1.0,1.0,0.0,0.0,0.0
4139,1.0,0.0,0.0,White,6.63,5,12.0,16.0,0.0,0.0,82.978,0.0,2.0,1.0,0.0,0.0,1.0,1.0,1.0,0.0,0.0,0.0
4140,0.0,0.0,1.0,White,5.64,4,18.0,14.0,0.0,0.0,77.743,2.0,2.0,3.0,10.0,1.0,4.0,1.0,1.0,0.0,0.0,0.0
4141,1.0,1.0,1.0,White,3.45,5,13.0,12.0,0.0,0.0,83.171,3.0,1.0,1.0,0.0,0.0,2.0,1.0,1.0,0.0,0.0,0.0
4142,0.0,0.0,0.0,White,3.45,5,13.0,12.0,0.0,0.0,46.625,5.0,1.0,1.0,0.0,0.0,1.0,1.0,2.0,0.0,0.0,0.0
4143,1.0,1.0,1.0,White,7.1,5,12.0,12.0,0.0,0.0,32.394,6.0,2.0,2.0,0.0,0.0,2.0,2.0,1.0,0.0,0.0,0.0
4144,0.0,0.0,0.0,White,53.52,5,,,0.0,0.0,41.136,0.0,2.0,2.0,0.0,0.0,5.0,5.0,,0.0,0.0,0.0
4145,1.0,0.0,1.0,White,53.52,5,18.0,12.0,0.0,0.0,81.706,0.0,1.0,1.0,0.0,0.0,1.0,1.0,1.0,0.0,0.0,0.0
4146,0.0,0.0,1.0,Hispanic,1.1814,3,10.0,12.0,1.0,,97.782,2.0,2.0,2.0,0.0,0.0,2.0,2.0,1.0,0.0,0.0,0.0
4147,1.0,0.0,1.0,Hispanic,1.1814,3,10.0,12.0,1.0,0.0,99.053,0.0,2.0,2.0,0.0,0.0,2.0,1.0,1.0,0.0,0.0,0.0
4148,1.0,0.0,1.0,White,9.8,4,7.0,13.0,0.0,0.0,12.912,11.0,4.0,3.0,16.0,1.0,5.0,5.0,1.0,1.0,0.0,0.0
4149,1.0,0.0,0.0,White,,5,12.0,14.0,0.0,0.0,79.078,,2.0,2.0,,,1.0,1.0,1.0,0.0,,0.0
4150,0.0,0.0,0.0,White,,5,12.0,14.0,0.0,,86.795,,1.0,1.0,,,1.0,1.0,1.0,0.0,,0.0
4151,1.0,0.0,1.0,White,,5,12.0,14.0,0.0,,38.772,,1.0,1.0,,,1.0,1.0,1.0,0.0,0.0,0.0
4152,1.0,0.0,0.0,White,,6,12.0,12.0,0.0,0.0,46.165,5.0,1.0,2.0,0.0,0.0,3.0,2.0,1.0,0.0,,0.0
4153,1.0,0.0,0.0,White,,6,12.0,12.0,0.0,0.0,66.179,4.0,2.0,2.0,0.0,1.0,1.0,1.0,1.0,0.0,,0.0
4154,1.0,0.0,0.0,White,,4,12.0,14.0,,0.0,,0.0,2.0,2.0,0.0,0.0,3.0,3.0,1.0,0.0,,0.0
4155,0.0,0.0,0.0,White,,4,12.0,14.0,,0.0,,1.0,2.0,3.0,0.0,0.0,2.0,3.0,1.0,0.0,,0.0
4156,1.0,0.0,0.0,White,,3,12.0,12.0,0.0,0.0,41.165,2.0,2.0,1.0,0.0,1.0,1.0,1.0,1.0,0.0,,0.0
4157,1.0,,1.0,White,8.15,5,12.0,12.0,0.0,,63.163,1.0,2.0,4.0,0.0,0.0,4.0,4.0,2.0,0.0,,0.0
4158,1.0,0.0,0.0,White,16.32,4,16.0,18.0,0.0,0.0,99.339,0.0,2.0,2.0,0.0,0.0,2.0,2.0,1.0,1.0,0.0,0.0
4159,1.0,0.0,1.0,White,,4,16.0,18.0,0.0,0.0,88.666,3.0,2.0,2.0,0.0,0.0,2.0,2.0,1.0,1.0,0.0,0.0
4160,1.0,0.0,0.0,White,,5,16.0,19.0,0.0,0.0,89.615,,2.0,2.0,2.0,0.0,3.0,3.0,1.0,0.0,0.0,0.0
4161,1.0,0.0,0.0,White,,5,16.0,19.0,0.0,0.0,67.207,3.0,2.0,2.0,0.0,0.0,2.0,1.0,2.0,0.0,0.0,0.0
4162,1.0,0.0,0.0,White,35.75,3,16.0,16.0,0.0,,60.285,5.0,2.0,1.0,0.0,2.0,2.0,1.0,1.0,0.0,0.0,0.0
4163,0.0,0.0,1.0,White,,5,16.0,16.0,0.0,0.0,71.629,,,,,,1.0,1.0,1.0,0.0,1.0,0.0
4164,,,1.0,White,,5,16.0,16.0,0.0,,95.567,1.0,1.0,1.0,0.0,0.0,1.0,1.0,1.0,0.0,,0.0
4165,0.0,0.0,0.0,White,0.705,5,14.0,12.0,0.0,0.0,91.813,3.0,1.0,2.0,0.0,1.0,1.0,2.0,1.0,0.0,0.0,0.0
4166,0.0,0.0,0.0,White,0.705,5,14.0,12.0,0.0,0.0,41.066,0.0,3.0,1.0,0.0,1.0,1.0,1.0,1.0,0.0,0.0,0.0
4167,0.0,0.0,1.0,Hispanic,9.6,4,12.0,9.0,0.0,0.0,8.527,1.0,2.0,2.0,0.0,0.0,1.0,1.0,1.0,0.0,1.0,0.0
4168,1.0,0.0,0.0,Black,0.71,3,12.0,12.0,0.0,0.0,18.531,5.0,2.0,3.0,2.0,0.0,1.0,1.0,1.0,1.0,0.0,0.0
4169,1.0,0.0,1.0,Black,,3,12.0,,0.0,,31.138,0.0,2.0,2.0,0.0,0.0,2.0,2.0,1.0,0.0,,0.0
4170,0.0,0.0,1.0,Black,1.0,5,11.0,12.0,0.0,0.0,2.658,7.0,2.0,2.0,0.0,0.0,2.0,3.0,1.0,0.0,0.0,0.0
4171,1.0,0.0,0.0,Black,1.0,5,11.0,12.0,0.0,0.0,8.254,6.0,2.0,2.0,5.0,0.0,3.0,4.0,2.0,1.0,0.0,0.0
4172,0.0,0.0,0.0,Hispanic,2.63,6,,12.0,0.0,0.0,6.737,5.0,3.0,3.0,1.0,0.0,5.0,3.0,1.0,0.0,0.0,1.0
4173,0.0,0.0,0.0,Hispanic,2.63,6,,12.0,0.0,,18.897,20.0,2.0,3.0,0.0,0.0,3.0,1.0,1.0,0.0,0.0,1.0
4174,1.0,0.0,1.0,Black,0.225,4,12.0,12.0,0.0,1.0,26.289,3.0,2.0,2.0,0.0,0.0,2.0,2.0,1.0,1.0,0.0,0.0
4175,1.0,0.0,1.0,Black,0.225,4,12.0,12.0,0.0,0.0,36.402,3.0,2.0,2.0,1.0,1.0,2.0,2.0,2.0,1.0,1.0,0.0
4176,1.0,0.0,0.0,Black,0.375,5,13.0,12.0,0.0,0.0,5.465,2.0,3.0,2.0,0.0,0.0,3.0,3.0,3.0,1.0,,0.0
4177,1.0,0.0,1.0,Black,0.375,5,13.0,12.0,0.0,0.0,35.117,5.0,2.0,1.0,0.0,0.0,3.0,4.0,5.0,0.0,0.0,0.0
4178,0.0,0.0,1.0,Black,0.375,5,13.0,12.0,0.0,0.0,23.471,3.0,1.0,1.0,0.0,0.0,2.0,2.0,2.0,0.0,0.0,0.0
4179,0.0,0.0,0.0,Black,0.435,4,10.0,,0.0,0.0,8.033,40.0,2.0,2.0,0.0,0.0,3.0,2.0,1.0,0.0,1.0,0.0
4180,0.0,0.0,0.0,White,22.625,10,12.0,12.0,1.0,0.0,20.441,,4.0,4.0,,,4.0,5.0,1.0,0.0,0.0,0.0
4181,0.0,0.0,0.0,White,22.625,10,12.0,12.0,1.0,0.0,33.03,15.0,1.0,2.0,0.0,0.0,2.0,1.0,1.0,,0.0,1.0
4182,0.0,0.0,1.0,Hispanic,0.05,5,10.0,,1.0,,30.471,15.0,3.0,3.0,0.0,0.0,4.0,3.0,1.0,0.0,0.0,0.0
4183,0.0,0.0,1.0,Hispanic,0.05,5,10.0,,1.0,,15.16,,2.0,2.0,0.0,0.0,1.0,1.0,1.0,0.0,0.0,0.0
4184,0.0,0.0,0.0,Hispanic,0.05,5,10.0,,1.0,,1.859,,3.0,2.0,0.0,0.0,2.0,1.0,3.0,0.0,0.0,0.0
4185,0.0,0.0,1.0,Black,,5,12.0,,0.0,0.0,6.846,5.0,2.0,3.0,2.0,0.0,5.0,5.0,1.0,1.0,0.0,0.0
4186,0.0,0.0,1.0,White,1.285,6,14.0,16.0,0.0,0.0,52.831,1.0,2.0,2.0,0.0,1.0,2.0,1.0,1.0,0.0,0.0,0.0
4187,0.0,0.0,0.0,White,13.05,5,12.0,12.0,0.0,,71.638,12.0,2.0,3.0,5.0,2.0,4.0,3.0,1.0,0.0,,0.0
4188,0.0,,0.0,White,13.05,5,12.0,12.0,0.0,,65.183,5.0,2.0,2.0,0.0,0.0,4.0,2.0,1.0,0.0,,0.0
4189,0.0,,0.0,White,11.97,3,11.0,10.0,0.0,,,4.0,2.0,1.0,2.0,1.0,2.0,1.0,1.0,0.0,,0.0
4190,0.0,0.0,0.0,White,36.7001,4,13.0,12.0,0.0,0.0,42.407,2.0,2.0,3.0,0.0,0.0,2.0,3.0,2.0,0.0,1.0,0.0
4191,1.0,0.0,1.0,White,36.7001,4,13.0,12.0,0.0,0.0,53.321,5.0,2.0,3.0,0.0,0.0,4.0,4.0,2.0,0.0,1.0,0.0
4192,0.0,0.0,0.0,Hispanic,0.375,4,12.0,10.0,1.0,1.0,33.964,5.0,2.0,3.0,0.0,1.0,3.0,4.0,2.0,0.0,,0.0
4193,1.0,,0.0,Hispanic,0.375,4,12.0,10.0,1.0,1.0,43.811,2.0,1.0,2.0,0.0,0.0,2.0,1.0,3.0,0.0,0.0,0.0
4194,0.0,0.0,1.0,Hispanic,2.5,5,8.0,7.0,0.0,0.0,47.702,20.0,2.0,1.0,0.0,1.0,4.0,2.0,3.0,0.0,0.0,0.0
4195,0.0,0.0,1.0,Hispanic,0.175,6,10.0,,0.0,,6.311,5.0,2.0,2.0,0.0,0.0,3.0,3.0,2.0,0.0,,0.0
4196,0.0,0.0,0.0,Hispanic,0.175,6,10.0,,0.0,,11.862,1.0,2.0,3.0,0.0,1.0,,,1.0,0.0,0.0,1.0
4197,0.0,0.0,1.0,Hispanic,0.175,6,10.0,,0.0,0.0,16.366,9.0,2.0,2.0,0.0,0.0,2.0,2.0,2.0,0.0,0.0,0.0
4198,1.0,0.0,0.0,White,15.535,4,12.0,16.0,0.0,0.0,68.961,3.0,3.0,1.0,0.0,0.0,1.0,1.0,1.0,0.0,0.0,0.0
4199,0.0,0.0,0.0,White,0.56,3,12.0,12.0,0.0,0.0,93.102,2.0,1.0,1.0,17.0,0.0,2.0,1.0,1.0,0.0,0.0,0.0
4200,0.0,0.0,1.0,White,6.075,2,12.0,11.0,0.0,,32.081,4.0,2.0,1.0,0.0,0.0,4.0,3.0,2.0,0.0,0.0,1.0
4201,0.0,0.0,1.0,White,6.3375,4,12.0,14.0,0.0,0.0,10.615,0.0,2.0,2.0,0.0,0.0,4.0,2.0,5.0,1.0,0.0,0.0
4202,0.0,,0.0,White,6.3375,4,12.0,14.0,0.0,0.0,79.171,5.0,2.0,3.0,10.0,2.0,1.0,2.0,1.0,1.0,0.0,1.0
4203,1.0,0.0,1.0,White,,4,14.0,18.0,0.0,0.0,55.805,3.0,2.0,3.0,2.0,0.0,4.0,3.0,1.0,0.0,0.0,0.0
4204,1.0,0.0,0.0,White,12.64,5,12.0,12.0,0.0,0.0,74.215,1.0,2.0,2.0,0.0,0.0,1.0,1.0,2.0,0.0,0.0,0.0
4205,1.0,0.0,0.0,White,3.355,4,16.0,16.0,0.0,0.0,57.236,5.0,2.0,2.0,0.0,0.0,1.0,1.0,1.0,0.0,0.0,0.0
4206,0.0,0.0,1.0,White,11.2,2,14.0,14.0,0.0,0.0,85.89,25.0,2.0,3.0,0.0,0.0,3.0,4.0,1.0,0.0,0.0,0.0
4207,0.0,1.0,1.0,White,51.69,6,16.0,18.0,0.0,0.0,78.44,5.0,2.0,2.0,0.0,0.0,3.0,2.0,2.0,1.0,1.0,0.0
4208,0.0,0.0,0.0,White,51.69,6,16.0,18.0,0.0,0.0,93.318,4.0,2.0,2.0,2.0,0.0,1.0,1.0,1.0,0.0,0.0,0.0
4209,0.0,0.0,0.0,Black,1.05,3,12.0,12.0,0.0,0.0,1.446,3.0,2.0,2.0,0.0,0.0,3.0,2.0,3.0,0.0,0.0,0.0
4210,1.0,0.0,1.0,Black,4.725,3,12.0,10.0,0.0,0.0,45.618,3.0,2.0,2.0,0.0,0.0,4.0,4.0,2.0,0.0,0.0,1.0
4211,0.0,0.0,0.0,Hispanic,,6,12.0,9.0,,,39.319,,2.0,2.0,,,3.0,5.0,4.0,0.0,0.0,0.0
4212,0.0,0.0,1.0,Hispanic,7.0,6,10.0,12.0,0.0,0.0,,6.0,2.0,2.0,0.0,0.0,3.0,3.0,1.0,0.0,0.0,0.0
4213,1.0,0.0,1.0,Black,,4,12.0,14.0,0.0,0.0,77.36,3.0,2.0,1.0,0.0,0.0,1.0,1.0,1.0,0.0,0.0,0.0
4214,1.0,0.0,0.0,White,60.0,4,14.0,16.0,0.0,,90.887,1.0,1.0,2.0,0.0,0.0,1.0,1.0,1.0,0.0,0.0,1.0
4215,1.0,0.0,1.0,White,,2,15.0,13.0,0.0,0.0,75.294,26.0,4.0,4.0,0.0,0.0,3.0,2.0,2.0,1.0,0.0,1.0
4216,1.0,0.0,1.0,White,6.375,4,12.0,12.0,0.0,0.0,48.357,3.0,2.0,2.0,0.0,0.0,4.0,3.0,3.0,0.0,,0.0
4217,1.0,0.0,0.0,White,6.375,4,12.0,12.0,0.0,0.0,84.093,5.0,1.0,2.0,0.0,0.0,3.0,2.0,2.0,0.0,0.0,0.0
4218,0.0,0.0,1.0,White,2.42,3,12.0,12.0,0.0,0.0,,12.0,2.0,3.0,1.0,0.0,5.0,4.0,3.0,,1.0,1.0
4219,1.0,0.0,1.0,White,,3,14.0,14.0,0.0,0.0,83.503,8.0,2.0,3.0,0.0,0.0,2.0,1.0,1.0,0.0,0.0,0.0
4220,1.0,0.0,1.0,Black,,4,12.0,9.0,,0.0,20.648,30.0,2.0,4.0,3.0,3.0,5.0,5.0,4.0,1.0,0.0,1.0
4221,0.0,0.0,0.0,Black,0.375,3,14.0,,0.0,,42.776,21.0,1.0,4.0,0.0,1.0,1.0,1.0,1.0,0.0,0.0,0.0
4222,1.0,0.0,0.0,Black,-0.15,6,13.0,12.0,1.0,0.0,,6.0,2.0,2.0,0.0,0.0,2.0,1.0,1.0,0.0,0.0,0.0
4223,0.0,1.0,1.0,Black,-0.15,6,13.0,12.0,1.0,0.0,,6.0,2.0,2.0,0.0,1.0,3.0,1.0,1.0,0.0,0.0,0.0
4224,0.0,0.0,1.0,Black,1.075,3,9.0,,0.0,0.0,5.697,6.0,2.0,3.0,2.0,0.0,4.0,2.0,2.0,1.0,,0.0
4225,0.0,,0.0,Black,,6,11.0,12.0,,,,0.0,1.0,3.0,0.0,2.0,4.0,5.0,2.0,0.0,,0.0
4226,0.0,0.0,0.0,Black,,6,11.0,12.0,,0.0,,0.0,2.0,2.0,0.0,0.0,4.0,1.0,2.0,0.0,0.0,1.0
4227,0.0,0.0,1.0,Black,,6,11.0,12.0,,0.0,,4.0,2.0,3.0,0.0,0.0,,,,0.0,0.0,1.0
4228,0.0,0.0,0.0,Black,,4,14.0,12.0,0.0,0.0,,5.0,2.0,2.0,0.0,2.0,3.0,2.0,1.0,0.0,,1.0
4229,1.0,0.0,1.0,White,25.05,3,16.0,4.0,0.0,0.0,51.116,3.0,1.0,2.0,3.0,0.0,1.0,1.0,1.0,0.0,0.0,0.0
4230,,,0.0,Black,,6,,,,,,0.0,2.0,2.0,0.0,0.0,5.0,5.0,1.0,0.0,,1.0
4231,,,1.0,Black,,6,,,1.0,,,0.0,1.0,2.0,0.0,0.0,4.0,4.0,1.0,0.0,,0.0
4232,,,0.0,Black,,6,,,1.0,,,0.0,2.0,3.0,5.0,3.0,4.0,2.0,2.0,0.0,,0.0
4233,,,0.0,White,,7,12.0,14.0,,,,0.0,2.0,3.0,0.0,0.0,5.0,3.0,2.0,0.0,,0.0
4234,0.0,0.0,1.0,White,,7,12.0,14.0,,,,38.0,2.0,2.0,1.0,0.0,5.0,1.0,2.0,0.0,0.0,0.0
4235,1.0,0.0,1.0,Black,16.75,4,10.0,14.0,0.0,0.0,45.565,8.0,2.0,4.0,5.0,0.0,3.0,2.0,4.0,0.0,1.0,0.0
4236,0.0,0.0,1.0,Black,0.375,3,14.0,,0.0,0.0,61.967,12.0,2.0,1.0,0.0,0.0,5.0,3.0,3.0,0.0,0.0,0.0
4237,0.0,0.0,0.0,Black,0.375,3,14.0,,0.0,0.0,30.889,10.0,2.0,2.0,0.0,0.0,4.0,3.0,2.0,0.0,0.0,0.0
4238,1.0,0.0,1.0,Black,0.375,2,12.0,12.0,0.0,0.0,,0.0,2.0,2.0,0.0,0.0,5.0,4.0,2.0,1.0,0.0,0.0
4239,0.0,0.0,0.0,Hispanic,2.55,4,16.0,12.0,0.0,0.0,81.571,2.0,1.0,2.0,1.0,0.0,1.0,1.0,1.0,0.0,0.0,0.0
4240,1.0,1.0,0.0,Hispanic,6.1081,4,14.0,,0.0,,37.832,6.0,1.0,1.0,0.0,0.0,1.0,1.0,1.0,1.0,0.0,0.0
4241,1.0,0.0,1.0,Black,2.375,5,12.0,12.0,0.0,0.0,,2.0,1.0,1.0,0.0,0.0,1.0,1.0,1.0,0.0,0.0,0.0
4242,0.0,0.0,1.0,Black,2.375,5,10.0,13.0,0.0,0.0,,0.0,2.0,2.0,0.0,1.0,1.0,1.0,1.0,1.0,,0.0
4243,0.0,0.0,0.0,White,4.8001,4,12.0,,0.0,,,20.0,1.0,1.0,0.0,0.0,4.0,2.0,2.0,0.0,,1.0
4244,0.0,0.0,0.0,White,4.8001,4,12.0,,0.0,1.0,,2.0,2.0,2.0,3.0,0.0,3.0,2.0,4.0,1.0,,0.0
4245,0.0,0.0,0.0,Black,5.35,4,12.0,12.0,0.0,1.0,4.36,17.0,2.0,2.0,0.0,1.0,4.0,2.0,3.0,0.0,0.0,0.0
4246,1.0,0.0,1.0,Black,5.35,4,12.0,12.0,0.0,0.0,25.95,8.0,2.0,3.0,0.0,0.0,2.0,1.0,3.0,0.0,0.0,0.0
4247,0.0,0.0,0.0,Black,0.75,9,11.0,12.0,0.0,,17.715,10.0,2.0,3.0,3.0,1.0,3.0,1.0,3.0,0.0,,1.0
4248,0.0,0.0,1.0,White,5.28,3,12.0,10.0,0.0,0.0,25.468,8.0,4.0,3.0,0.0,0.0,5.0,3.0,1.0,0.0,0.0,0.0
4249,1.0,0.0,1.0,White,-4.605,3,10.0,14.0,0.0,1.0,,10.0,3.0,2.0,0.0,0.0,5.0,5.0,2.0,1.0,0.0,0.0
4250,0.0,0.0,1.0,White,8.59,5,11.0,,0.0,,3.172,5.0,2.0,2.0,0.0,0.0,5.0,5.0,1.0,0.0,,1.0
4251,0.0,,0.0,White,8.59,5,11.0,,0.0,,9.832,15.0,2.0,2.0,3.0,0.0,2.0,1.0,1.0,1.0,,0.0
4252,1.0,0.0,0.0,White,4.8398,4,12.0,12.0,1.0,0.0,28.048,2.0,1.0,1.0,0.0,2.0,1.0,1.0,1.0,1.0,0.0,0.0
4253,0.0,0.0,1.0,White,4.981,3,11.0,5.0,0.0,0.0,14.982,5.0,2.0,2.0,0.0,0.0,4.0,2.0,1.0,0.0,0.0,0.0
4254,1.0,0.0,1.0,White,,3,12.0,11.0,0.0,1.0,84.416,3.0,2.0,3.0,0.0,0.0,5.0,4.0,2.0,0.0,0.0,0.0
4255,0.0,0.0,1.0,White,,6,14.0,12.0,,,15.771,5.0,2.0,2.0,0.0,0.0,2.0,4.0,1.0,1.0,1.0,0.0
4256,1.0,0.0,0.0,White,,3,18.0,16.0,0.0,0.0,96.532,2.0,2.0,1.0,0.0,0.0,2.0,2.0,1.0,0.0,0.0,0.0
4257,0.0,1.0,1.0,White,25.58,5,,12.0,0.0,0.0,23.265,3.0,2.0,2.0,0.0,0.0,2.0,2.0,1.0,1.0,0.0,0.0
4258,0.0,,0.0,White,25.58,5,,12.0,0.0,0.0,3.895,9.0,1.0,2.0,2.0,0.0,5.0,5.0,3.0,1.0,1.0,0.0
4259,1.0,0.0,0.0,White,4.15,3,12.0,12.0,0.0,0.0,79.253,7.0,2.0,2.0,10.0,0.0,4.0,4.0,2.0,1.0,0.0,1.0
4260,1.0,0.0,1.0,White,2.4,2,12.0,,0.0,,96.279,5.0,2.0,2.0,0.0,0.0,3.0,3.0,2.0,0.0,0.0,0.0
4261,1.0,0.0,0.0,Hispanic,,4,5.0,12.0,,0.0,4.063,2.0,2.0,2.0,0.0,0.0,2.0,,1.0,0.0,1.0,0.0
4262,0.0,0.0,1.0,Hispanic,-0.39,3,9.0,,0.0,,20.329,,3.0,3.0,,,3.0,3.0,1.0,0.0,,1.0
4263,0.0,0.0,0.0,Hispanic,43.65,4,14.0,13.0,0.0,0.0,82.532,3.0,1.0,1.0,0.0,0.0,2.0,2.0,1.0,0.0,0.0,0.0
4264,1.0,0.0,1.0,Hispanic,43.65,4,14.0,13.0,0.0,0.0,96.218,6.0,2.0,1.0,0.0,0.0,2.0,1.0,1.0,0.0,0.0,0.0
4265,1.0,0.0,0.0,White,6.95,3,16.0,17.0,0.0,0.0,95.219,5.0,1.0,2.0,0.0,0.0,3.0,4.0,1.0,0.0,0.0,0.0
4266,1.0,0.0,0.0,Hispanic,,3,12.0,14.0,0.0,0.0,78.622,5.0,2.0,3.0,0.0,0.0,3.0,1.0,1.0,0.0,0.0,0.0
4267,1.0,0.0,0.0,White,10.55,3,12.0,12.0,0.0,,82.85,0.0,2.0,3.0,0.0,0.0,3.0,2.0,1.0,0.0,,0.0
4268,0.0,0.0,0.0,White,,3,9.0,13.0,,0.0,20.743,2.0,2.0,2.0,1.0,0.0,1.0,1.0,1.0,0.0,0.0,0.0
4269,1.0,0.0,0.0,White,,5,17.0,,0.0,0.0,36.625,6.0,2.0,2.0,0.0,1.0,2.0,2.0,1.0,0.0,0.0,0.0
4270,0.0,0.0,0.0,Hispanic,0.75,4,12.0,12.0,0.0,1.0,28.173,2.0,4.0,3.0,1.0,1.0,4.0,2.0,2.0,0.0,,0.0
4271,0.0,0.0,1.0,Hispanic,0.75,4,12.0,12.0,0.0,,41.647,5.0,3.0,1.0,0.0,0.0,5.0,5.0,4.0,1.0,1.0,1.0
4272,1.0,0.0,1.0,White,8.15,4,16.0,,0.0,0.0,24.721,7.0,2.0,3.0,0.0,0.0,3.0,3.0,1.0,0.0,0.0,0.0
4273,1.0,0.0,1.0,White,8.15,4,16.0,,0.0,,73.963,10.0,2.0,4.0,1.0,0.0,5.0,4.0,1.0,0.0,0.0,0.0
4274,0.0,0.0,0.0,White,8.15,4,16.0,,0.0,0.0,42.261,3.0,1.0,2.0,1.0,0.0,2.0,2.0,1.0,0.0,,0.0
4275,0.0,0.0,0.0,White,4.8,4,12.0,12.0,0.0,0.0,29.818,1.0,2.0,2.0,0.0,0.0,4.0,1.0,3.0,0.0,0.0,0.0
4276,0.0,0.0,1.0,White,7.43,6,11.0,11.0,0.0,0.0,,1.0,2.0,4.0,0.0,0.0,5.0,2.0,4.0,0.0,1.0,0.0
4277,1.0,0.0,0.0,White,10.75,5,12.0,,0.0,,83.831,0.0,2.0,2.0,0.0,0.0,4.0,2.0,1.0,0.0,0.0,0.0
4278,1.0,0.0,0.0,White,10.75,5,12.0,,0.0,,89.587,0.0,2.0,2.0,0.0,0.0,2.0,1.0,1.0,0.0,0.0,0.0
4279,1.0,0.0,0.0,Other,1.635,6,12.0,14.0,0.0,0.0,93.614,0.0,2.0,3.0,0.0,0.0,3.0,1.0,1.0,0.0,1.0,0.0
4280,1.0,0.0,0.0,Other,1.635,6,12.0,14.0,0.0,0.0,52.248,0.0,1.0,1.0,0.0,0.0,1.0,1.0,1.0,0.0,0.0,0.0
4281,1.0,0.0,1.0,White,,4,16.0,16.0,0.0,0.0,56.454,2.0,1.0,2.0,0.0,0.0,2.0,2.0,1.0,0.0,0.0,0.0
4282,0.0,0.0,1.0,White,34.6001,4,16.0,18.0,0.0,0.0,88.12,1.0,2.0,1.0,0.0,0.0,1.0,1.0,1.0,0.0,0.0,0.0
4283,1.0,0.0,1.0,Hispanic,,4,12.0,12.0,0.0,0.0,55.597,23.0,2.0,1.0,0.0,0.0,3.0,2.0,2.0,0.0,0.0,1.0
4284,0.0,0.0,0.0,Hispanic,5.61,4,12.0,14.0,0.0,0.0,11.863,4.0,3.0,2.0,1.0,0.0,3.0,4.0,4.0,0.0,,0.0
4285,1.0,0.0,0.0,Hispanic,5.61,4,12.0,14.0,0.0,0.0,11.482,7.0,2.0,2.0,0.0,0.0,4.0,4.0,4.0,1.0,0.0,0.0
4286,0.0,1.0,0.0,White,16.65,4,13.0,12.0,0.0,0.0,75.714,3.0,2.0,2.0,0.0,0.0,4.0,3.0,2.0,0.0,0.0,1.0
4287,1.0,0.0,1.0,White,16.65,4,13.0,12.0,0.0,0.0,90.384,8.0,2.0,2.0,0.0,0.0,2.0,2.0,1.0,0.0,0.0,0.0
4288,1.0,0.0,0.0,White,2.7,5,14.0,18.0,0.0,0.0,81.259,3.0,2.0,4.0,0.0,0.0,3.0,3.0,1.0,0.0,0.0,0.0
4289,1.0,0.0,0.0,Hispanic,,4,16.0,12.0,,0.0,,4.0,1.0,2.0,0.0,0.0,3.0,1.0,1.0,0.0,0.0,0.0
4290,1.0,0.0,1.0,White,7.65,5,14.0,16.0,0.0,0.0,76.579,0.0,2.0,2.0,0.0,0.0,4.0,3.0,3.0,0.0,0.0,0.0
4291,0.0,0.0,0.0,White,7.65,5,12.0,16.0,0.0,0.0,48.461,2.0,2.0,3.0,1.0,0.0,3.0,4.0,2.0,1.0,,1.0
4292,1.0,0.0,0.0,Hispanic,,5,,,,0.0,,3.0,2.0,2.0,0.0,1.0,3.0,1.0,1.0,1.0,0.0,0.0
4293,1.0,0.0,1.0,White,7.15,4,18.0,20.0,0.0,,72.988,0.0,2.0,2.0,0.0,0.0,2.0,2.0,1.0,0.0,,0.0
4294,1.0,0.0,0.0,White,7.15,4,18.0,20.0,0.0,0.0,77.112,4.0,2.0,2.0,1.0,0.0,2.0,1.0,1.0,0.0,0.0,0.0
4295,1.0,0.0,0.0,White,11.325,4,13.0,16.0,0.0,0.0,98.216,3.0,2.0,2.0,0.0,0.0,1.0,1.0,1.0,0.0,0.0,0.0
4296,1.0,0.0,0.0,White,19.6,5,16.0,16.0,0.0,0.0,99.676,2.0,2.0,2.0,0.0,0.0,1.0,1.0,2.0,0.0,0.0,0.0
4297,1.0,0.0,1.0,White,0.755,3,13.0,12.0,0.0,0.0,73.208,0.0,2.0,2.0,0.0,0.0,4.0,5.0,1.0,0.0,0.0,0.0
4298,1.0,0.0,1.0,White,0.755,3,13.0,12.0,0.0,0.0,82.876,0.0,2.0,3.0,0.0,0.0,4.0,3.0,3.0,0.0,0.0,0.0
4299,0.0,0.0,0.0,White,,4,16.0,9.0,0.0,0.0,74.226,,2.0,4.0,0.0,0.0,3.0,3.0,3.0,0.0,0.0,1.0
4300,1.0,0.0,0.0,White,,4,16.0,9.0,0.0,0.0,93.986,2.0,2.0,3.0,17.0,1.0,4.0,3.0,3.0,1.0,0.0,1.0
4301,1.0,0.0,1.0,Hispanic,,5,12.0,14.0,0.0,,75.25,5.0,1.0,2.0,0.0,0.0,2.0,3.0,2.0,0.0,0.0,0.0
4302,0.0,0.0,0.0,Hispanic,,5,6.0,7.0,,,,4.0,2.0,2.0,0.0,0.0,3.0,2.0,1.0,0.0,0.0,0.0
4303,0.0,0.0,1.0,Hispanic,,4,,,,,,,2.0,3.0,10.0,0.0,5.0,3.0,2.0,1.0,1.0,0.0
4304,1.0,0.0,1.0,White,2.6,6,14.0,,0.0,,71.293,5.0,2.0,2.0,0.0,0.0,4.0,2.0,2.0,1.0,0.0,0.0
4305,0.0,0.0,0.0,White,2.6,6,14.0,,0.0,,63.039,7.0,2.0,3.0,3.0,1.0,4.0,3.0,2.0,0.0,0.0,1.0
4306,,,1.0,White,1.05,3,11.0,,0.0,,24.951,15.0,2.0,2.0,0.0,0.0,3.0,4.0,1.0,0.0,,0.0
4307,0.0,0.0,0.0,Hispanic,0.25,4,12.0,10.0,0.0,0.0,13.601,3.0,2.0,1.0,0.0,0.0,1.0,1.0,2.0,1.0,0.0,1.0
4308,0.0,0.0,1.0,Hispanic,1.25,4,,,0.0,0.0,,5.0,2.0,2.0,0.0,0.0,3.0,3.0,2.0,1.0,0.0,0.0
4309,1.0,0.0,1.0,Hispanic,0.175,6,9.0,,0.0,,20.579,4.0,1.0,1.0,0.0,0.0,2.0,1.0,2.0,0.0,0.0,0.0
4310,0.0,0.0,0.0,Hispanic,0.175,6,9.0,,0.0,,8.495,0.0,2.0,2.0,0.0,0.0,2.0,2.0,2.0,0.0,0.0,0.0
4311,0.0,0.0,0.0,Hispanic,0.25,6,11.0,7.0,0.0,1.0,42.883,1.0,1.0,1.0,0.0,0.0,3.0,2.0,2.0,0.0,,1.0
4312,0.0,0.0,0.0,Hispanic,0.25,6,11.0,7.0,0.0,1.0,77.643,1.0,2.0,3.0,20.0,0.0,4.0,3.0,2.0,1.0,1.0,0.0
4313,1.0,0.0,0.0,Hispanic,0.25,6,9.0,12.0,0.0,,32.301,0.0,3.0,2.0,0.0,0.0,2.0,1.0,3.0,0.0,0.0,0.0
4314,1.0,0.0,1.0,Hispanic,0.375,3,8.0,,0.0,,64.7,0.0,2.0,2.0,0.0,0.0,3.0,2.0,3.0,0.0,1.0,0.0
4315,0.0,0.0,1.0,Hispanic,0.05,2,,,0.0,0.0,20.563,4.0,2.0,2.0,5.0,1.0,4.0,3.0,5.0,0.0,0.0,0.0
4316,0.0,0.0,1.0,Hispanic,0.05,4,9.0,16.0,1.0,0.0,20.506,5.0,1.0,4.0,0.0,0.0,2.0,2.0,2.0,0.0,0.0,0.0
4317,0.0,0.0,0.0,Hispanic,0.05,4,9.0,16.0,0.0,0.0,20.449,5.0,2.0,2.0,0.0,0.0,3.0,1.0,2.0,0.0,0.0,1.0
4318,0.0,0.0,1.0,Hispanic,,4,8.0,,,,,15.0,3.0,3.0,0.0,0.0,3.0,4.0,4.0,0.0,0.0,1.0
4319,0.0,0.0,1.0,Hispanic,,4,8.0,,,,,6.0,2.0,2.0,0.0,0.0,4.0,2.0,1.0,0.0,,0.0
4320,0.0,0.0,0.0,Black,0.6,2,13.0,7.0,0.0,,19.315,2.0,3.0,3.0,2.0,2.0,1.0,1.0,1.0,0.0,0.0,1.0
4321,0.0,0.0,0.0,Hispanic,0.07,2,,,0.0,,1.809,10.0,1.0,1.0,1.0,5.0,3.0,3.0,3.0,0.0,,1.0
4322,0.0,0.0,0.0,Hispanic,0.175,3,6.0,,0.0,0.0,45.522,1.0,2.0,1.0,2.0,0.0,1.0,1.0,1.0,1.0,0.0,0.0
4323,0.0,0.0,0.0,Hispanic,0.05,4,11.0,9.0,1.0,0.0,,5.0,1.0,2.0,0.0,0.0,2.0,4.0,3.0,0.0,0.0,1.0
4324,0.0,0.0,1.0,Hispanic,0.175,3,10.0,,0.0,0.0,68.82,4.0,2.0,2.0,0.0,0.0,2.0,1.0,2.0,0.0,0.0,0.0
4325,1.0,0.0,1.0,Hispanic,1.15,4,12.0,10.0,0.0,0.0,49.372,2.0,1.0,2.0,0.0,0.0,2.0,1.0,3.0,0.0,0.0,0.0
4326,0.0,0.0,0.0,Hispanic,,4,6.0,6.0,0.0,0.0,24.535,3.0,1.0,1.0,0.0,0.0,1.0,1.0,1.0,0.0,0.0,0.0
4327,1.0,,1.0,White,27.75,4,12.0,16.0,0.0,,94.372,0.0,2.0,3.0,0.0,0.0,1.0,3.0,,0.0,,0.0
4328,1.0,0.0,0.0,White,27.75,4,12.0,16.0,0.0,0.0,46.246,1.0,2.0,4.0,0.0,0.0,2.0,2.0,2.0,0.0,,0.0
4329,0.0,0.0,0.0,Hispanic,0.18,10,11.0,,1.0,0.0,19.029,0.0,2.0,2.0,2.0,3.0,1.0,4.0,4.0,1.0,1.0,1.0
4330,1.0,0.0,1.0,Hispanic,0.18,10,11.0,,1.0,0.0,36.183,4.0,1.0,2.0,0.0,0.0,3.0,5.0,2.0,0.0,0.0,0.0
4331,1.0,0.0,0.0,Hispanic,0.18,10,11.0,,1.0,0.0,43.352,2.0,1.0,4.0,0.0,0.0,2.0,2.0,1.0,1.0,0.0,0.0
4332,0.0,0.0,0.0,Hispanic,0.18,10,11.0,,1.0,0.0,16.924,14.0,1.0,2.0,0.0,1.0,1.0,1.0,1.0,0.0,0.0,1.0
4333,1.0,0.0,1.0,Hispanic,2.755,5,7.0,,0.0,,,5.0,1.0,3.0,0.0,1.0,4.0,4.0,3.0,0.0,0.0,0.0
4334,0.0,0.0,0.0,Hispanic,5.01,6,10.0,7.0,0.0,0.0,4.463,6.0,1.0,1.0,2.0,1.0,1.0,1.0,1.0,0.0,0.0,0.0
4335,1.0,0.0,1.0,Hispanic,7.555,3,14.0,12.0,0.0,0.0,36.506,4.0,2.0,3.0,2.0,0.0,2.0,1.0,1.0,1.0,,0.0
4336,1.0,,1.0,White,60.0,6,19.0,12.0,0.0,,39.274,25.0,3.0,3.0,2.0,0.0,4.0,2.0,2.0,0.0,,0.0
4337,0.0,0.0,0.0,White,60.0,6,19.0,12.0,0.0,,3.667,15.0,2.0,2.0,0.0,0.0,3.0,1.0,2.0,0.0,,0.0
4338,1.0,0.0,1.0,White,0.85,3,15.0,,0.0,0.0,38.865,6.0,2.0,2.0,0.0,1.0,5.0,3.0,1.0,0.0,0.0,0.0
4339,0.0,0.0,0.0,White,3.429,3,10.0,9.0,0.0,,9.643,0.0,1.0,2.0,1.0,4.0,1.0,1.0,1.0,0.0,0.0,0.0
4340,1.0,0.0,1.0,White,,5,14.0,12.0,0.0,,62.908,15.0,1.0,1.0,0.0,0.0,1.0,1.0,1.0,0.0,0.0,0.0
4341,0.0,0.0,0.0,White,,5,16.0,12.0,0.0,0.0,34.548,6.0,2.0,3.0,50.0,0.0,4.0,1.0,1.0,1.0,0.0,0.0
4342,0.0,0.0,0.0,Hispanic,1.205,7,9.0,5.0,1.0,0.0,1.075,28.0,3.0,2.0,0.0,2.0,2.0,1.0,2.0,0.0,,0.0
4343,0.0,0.0,1.0,Hispanic,1.205,7,9.0,5.0,0.0,,25.237,10.0,2.0,2.0,0.0,0.0,2.0,1.0,1.0,0.0,0.0,0.0
4344,0.0,0.0,0.0,White,,3,13.0,,0.0,,57.695,,2.0,3.0,0.0,1.0,3.0,2.0,1.0,1.0,,0.0
4345,1.0,1.0,1.0,White,0.905,5,13.0,14.0,0.0,0.0,58.387,2.0,2.0,3.0,8.0,0.0,4.0,5.0,,0.0,1.0,0.0
4346,1.0,0.0,1.0,White,0.905,5,13.0,14.0,0.0,0.0,43.084,3.0,2.0,2.0,1.0,0.0,2.0,1.0,1.0,0.0,0.0,0.0
4347,0.0,0.0,0.0,White,0.905,5,13.0,14.0,0.0,0.0,59.257,2.0,4.0,2.0,1.0,0.0,2.0,2.0,1.0,0.0,0.0,1.0
4348,0.0,0.0,1.0,White,1.975,3,14.0,12.0,0.0,0.0,64.356,9.0,4.0,4.0,25.0,0.0,4.0,5.0,,1.0,0.0,1.0
4349,0.0,0.0,0.0,White,1.485,4,14.0,12.0,0.0,0.0,72.735,0.0,1.0,2.0,0.0,0.0,4.0,5.0,3.0,1.0,0.0,0.0
4350,0.0,0.0,1.0,Hispanic,-0.7,2,12.0,12.0,0.0,0.0,26.44,10.0,3.0,3.0,0.0,0.0,4.0,,1.0,0.0,0.0,0.0
4351,0.0,0.0,1.0,Hispanic,-0.4193,4,15.0,12.0,0.0,,29.576,21.0,3.0,3.0,0.0,1.0,4.0,2.0,4.0,1.0,,1.0
4352,0.0,0.0,0.0,Hispanic,0.475,3,10.0,12.0,0.0,0.0,1.059,,1.0,2.0,0.0,0.0,5.0,,4.0,,0.0,1.0
4353,0.0,0.0,1.0,Hispanic,,2,,12.0,,0.0,52.693,30.0,2.0,2.0,0.0,0.0,3.0,5.0,1.0,0.0,0.0,0.0
4354,0.0,0.0,0.0,Hispanic,0.1,3,9.0,,0.0,,5.812,0.0,3.0,2.0,0.0,0.0,4.0,2.0,1.0,0.0,0.0,0.0
4355,0.0,,1.0,White,0.045,3,14.0,,1.0,0.0,0.75,0.0,2.0,2.0,1.0,0.0,3.0,2.0,3.0,0.0,,0.0
4356,1.0,0.0,0.0,White,0.045,3,14.0,,0.0,0.0,1.826,0.0,2.0,2.0,0.0,0.0,1.0,1.0,1.0,1.0,1.0,0.0
4357,0.0,0.0,1.0,Other,0.525,5,12.0,12.0,0.0,1.0,23.113,9.0,2.0,2.0,3.0,5.0,4.0,4.0,3.0,0.0,,0.0
4358,0.0,0.0,1.0,Other,0.525,5,12.0,12.0,0.0,0.0,25.193,6.0,2.0,2.0,0.0,0.0,3.0,2.0,2.0,1.0,0.0,0.0
4359,0.0,0.0,0.0,White,4.5,3,17.0,14.0,0.0,0.0,64.181,3.0,2.0,1.0,0.0,0.0,1.0,1.0,2.0,0.0,0.0,0.0
4360,0.0,,0.0,Hispanic,0.377,3,11.0,7.0,0.0,,,2.0,2.0,1.0,0.0,0.0,3.0,2.0,2.0,0.0,,1.0
4361,0.0,1.0,1.0,Hispanic,-0.125,4,13.0,13.0,0.0,,31.012,7.0,2.0,4.0,0.0,0.0,5.0,4.0,3.0,0.0,0.0,0.0
4362,0.0,0.0,0.0,White,5.0655,3,12.0,11.0,0.0,0.0,31.729,1.0,2.0,1.0,0.0,0.0,3.0,1.0,2.0,0.0,0.0,0.0
4363,1.0,,0.0,White,,5,16.0,18.0,0.0,0.0,38.432,1.0,2.0,2.0,1.0,0.0,3.0,2.0,2.0,0.0,0.0,0.0
4364,0.0,0.0,0.0,White,,5,16.0,18.0,0.0,,37.179,2.0,2.0,1.0,2.0,0.0,4.0,3.0,3.0,1.0,0.0,0.0
4365,1.0,0.0,1.0,White,,5,16.0,16.0,0.0,0.0,93.591,2.0,2.0,2.0,0.0,0.0,1.0,1.0,1.0,0.0,0.0,0.0
4366,1.0,0.0,1.0,Hispanic,18.41,5,15.0,17.0,0.0,0.0,22.02,2.0,2.0,2.0,0.0,0.0,3.0,2.0,4.0,0.0,0.0,0.0
4367,1.0,0.0,1.0,White,,6,14.0,10.0,0.0,0.0,65.032,0.0,2.0,1.0,0.0,0.0,3.0,1.0,1.0,0.0,0.0,0.0
4368,1.0,0.0,1.0,Hispanic,14.35,4,12.0,12.0,0.0,,71.259,3.0,1.0,1.0,0.0,0.0,3.0,2.0,2.0,0.0,0.0,0.0
4369,0.0,0.0,1.0,White,5.275,4,12.0,12.0,0.0,0.0,74.404,1.0,2.0,2.0,0.0,0.0,3.0,3.0,1.0,0.0,0.0,0.0
4370,1.0,0.0,1.0,White,15.675,2,14.0,12.0,0.0,,15.28,2.0,2.0,2.0,0.0,0.0,4.0,3.0,3.0,1.0,,0.0
4371,1.0,1.0,1.0,Hispanic,2.36,3,12.0,12.0,0.0,0.0,7.178,5.0,2.0,3.0,0.0,0.0,4.0,3.0,5.0,0.0,,0.0
4372,0.0,0.0,1.0,Hispanic,7.22,2,16.0,18.0,0.0,0.0,59.281,3.0,1.0,2.0,0.0,0.0,1.0,1.0,1.0,0.0,0.0,0.0
4373,0.0,0.0,1.0,Hispanic,8.4248,3,10.0,3.0,0.0,0.0,9.679,3.0,2.0,3.0,1.0,1.0,4.0,2.0,4.0,1.0,0.0,0.0
4374,0.0,0.0,0.0,Hispanic,,4,11.0,,,0.0,9.202,,1.0,1.0,0.0,0.0,1.0,1.0,2.0,0.0,,0.0
4375,1.0,,1.0,Hispanic,22.25,4,14.0,14.0,0.0,0.0,65.669,3.0,2.0,3.0,0.0,1.0,2.0,1.0,1.0,0.0,0.0,1.0
4376,0.0,0.0,1.0,Hispanic,2.825,3,12.0,14.0,0.0,,,0.0,1.0,2.0,0.0,0.0,4.0,3.0,1.0,0.0,0.0,1.0
4377,1.0,1.0,1.0,White,26.85,4,16.0,16.0,0.0,0.0,98.223,0.0,2.0,3.0,2.0,0.0,4.0,4.0,2.0,1.0,0.0,0.0
4378,0.0,0.0,0.0,Hispanic,9.1,5,12.0,19.0,0.0,0.0,29.243,0.0,2.0,2.0,0.0,0.0,2.0,2.0,2.0,0.0,,0.0
4379,1.0,0.0,0.0,Hispanic,14.175,4,14.0,16.0,0.0,0.0,29.248,4.0,2.0,1.0,0.0,0.0,1.0,1.0,,0.0,0.0,0.0
4380,1.0,0.0,1.0,Hispanic,,5,16.0,16.0,0.0,0.0,85.23,,2.0,2.0,0.0,0.0,2.0,2.0,1.0,0.0,0.0,0.0
4381,1.0,0.0,0.0,White,11.4001,4,20.0,18.0,0.0,0.0,62.54,2.0,2.0,2.0,0.0,0.0,2.0,1.0,1.0,0.0,0.0,0.0
4382,1.0,,1.0,White,19.475,6,12.0,12.0,0.0,,25.334,0.0,1.0,1.0,0.0,0.0,2.0,2.0,1.0,0.0,,0.0
4383,0.0,,0.0,White,1.74,5,9.0,16.0,0.0,,61.436,2.0,1.0,1.0,0.0,1.0,2.0,1.0,1.0,0.0,,0.0
4384,0.0,0.0,1.0,Hispanic,6.65,4,12.0,15.0,0.0,0.0,13.845,0.0,2.0,2.0,0.0,0.0,4.0,4.0,3.0,0.0,,0.0
4385,0.0,0.0,0.0,Hispanic,6.65,4,12.0,15.0,0.0,,8.028,5.0,2.0,2.0,0.0,0.0,3.0,3.0,4.0,0.0,,1.0
4386,0.0,0.0,0.0,Hispanic,2.525,6,12.0,12.0,0.0,0.0,5.739,8.0,2.0,2.0,0.0,0.0,3.0,2.0,2.0,0.0,,1.0
4387,0.0,1.0,0.0,White,60.0,6,12.0,,0.0,0.0,18.758,2.0,2.0,1.0,3.0,10.0,4.0,4.0,3.0,1.0,1.0,0.0
4388,1.0,0.0,1.0,Hispanic,2.03,4,12.0,14.0,0.0,0.0,18.444,5.0,2.0,4.0,6.0,0.0,4.0,5.0,2.0,1.0,0.0,0.0
4389,0.0,0.0,0.0,Hispanic,-0.8705,5,16.0,11.0,0.0,0.0,13.079,22.0,3.0,3.0,0.0,5.0,3.0,1.0,2.0,0.0,0.0,0.0
4390,0.0,0.0,0.0,Hispanic,-0.8705,5,16.0,11.0,0.0,0.0,0.15,10.0,3.0,2.0,2.0,1.0,5.0,3.0,4.0,1.0,0.0,0.0
4391,1.0,1.0,1.0,Hispanic,5.705,4,9.0,8.0,0.0,0.0,51.174,3.0,2.0,2.0,0.0,0.0,4.0,3.0,1.0,1.0,1.0,0.0
4392,1.0,0.0,1.0,Hispanic,13.0001,4,11.0,12.0,0.0,0.0,,4.0,2.0,1.0,0.0,0.0,3.0,2.0,2.0,0.0,0.0,0.0
4393,0.0,0.0,1.0,Hispanic,4.58,5,11.0,11.0,0.0,0.0,1.81,3.0,1.0,1.0,0.0,0.0,4.0,4.0,5.0,0.0,0.0,0.0
4394,0.0,0.0,1.0,Hispanic,4.58,5,11.0,11.0,0.0,0.0,3.285,3.0,2.0,2.0,0.0,0.0,1.0,4.0,5.0,0.0,,0.0
4395,1.0,0.0,1.0,Hispanic,1.765,3,14.0,14.0,0.0,0.0,34.958,7.0,2.0,2.0,0.0,1.0,1.0,1.0,2.0,0.0,0.0,0.0
4396,1.0,0.0,0.0,Hispanic,0.05,6,12.0,12.0,1.0,0.0,21.052,5.0,2.0,2.0,0.0,0.0,1.0,2.0,2.0,0.0,0.0,1.0
4397,0.0,0.0,0.0,Hispanic,0.8484,3,8.0,,0.0,0.0,16.79,3.0,2.0,2.0,0.0,0.0,1.0,1.0,1.0,0.0,0.0,0.0
4398,0.0,0.0,1.0,Hispanic,35.6,3,12.0,12.0,0.0,0.0,74.375,0.0,1.0,3.0,0.0,0.0,1.0,1.0,1.0,0.0,,1.0
4399,1.0,0.0,1.0,Hispanic,3.39,4,13.0,12.0,0.0,0.0,73.646,3.0,2.0,2.0,0.0,0.0,3.0,3.0,1.0,0.0,0.0,0.0
4400,1.0,0.0,1.0,Hispanic,4.876,6,12.0,6.0,0.0,0.0,28.355,10.0,2.0,2.0,0.0,0.0,4.0,5.0,4.0,0.0,0.0,0.0
4401,0.0,0.0,0.0,Hispanic,4.876,6,12.0,6.0,0.0,,2.08,3.0,2.0,3.0,0.0,0.0,4.0,3.0,2.0,0.0,0.0,1.0
4402,0.0,1.0,0.0,Hispanic,0.12,2,12.0,12.0,0.0,0.0,24.049,5.0,2.0,2.0,1.0,1.0,3.0,2.0,2.0,0.0,0.0,0.0
4403,0.0,0.0,0.0,Hispanic,2.345,5,11.0,11.0,0.0,0.0,11.321,3.0,2.0,3.0,0.0,0.0,4.0,5.0,4.0,0.0,0.0,1.0
4404,0.0,,1.0,White,,6,12.0,11.0,0.0,,8.96,,2.0,3.0,,,4.0,2.0,2.0,0.0,,0.0
4405,1.0,0.0,0.0,White,5.2,6,12.0,16.0,0.0,0.0,84.858,3.0,2.0,1.0,0.0,0.0,2.0,1.0,1.0,0.0,,0.0
4406,1.0,0.0,1.0,White,13.5,5,16.0,12.0,0.0,0.0,97.182,5.0,2.0,3.0,0.0,0.0,3.0,2.0,1.0,0.0,0.0,0.0
4407,1.0,1.0,0.0,White,37.25,5,16.0,16.0,0.0,0.0,83.369,4.0,2.0,2.0,0.0,0.0,1.0,1.0,1.0,0.0,0.0,0.0
4408,1.0,0.0,1.0,Hispanic,4.85,5,12.0,16.0,0.0,0.0,61.107,1.0,2.0,2.0,0.0,0.0,2.0,2.0,1.0,1.0,0.0,0.0
4409,1.0,0.0,1.0,White,5.975,4,14.0,14.0,0.0,0.0,75.681,0.0,2.0,2.0,0.0,0.0,1.0,1.0,1.0,0.0,,0.0
4410,0.0,0.0,1.0,White,,13,20.0,13.0,0.0,0.0,66.666,2.0,1.0,2.0,0.0,0.0,2.0,3.0,1.0,0.0,0.0,0.0
4411,0.0,0.0,0.0,White,,13,20.0,13.0,0.0,,39.32,0.0,2.0,2.0,0.0,0.0,1.0,1.0,1.0,0.0,,0.0
4412,0.0,0.0,1.0,White,,13,20.0,,0.0,0.0,30.333,2.0,1.0,2.0,0.0,0.0,1.0,1.0,1.0,0.0,0.0,0.0
4413,1.0,0.0,0.0,White,,4,18.0,20.0,0.0,,81.029,0.0,2.0,2.0,0.0,0.0,1.0,1.0,1.0,0.0,,0.0
4414,0.0,0.0,1.0,White,22.3101,5,12.0,14.0,0.0,0.0,32.072,0.0,2.0,2.0,2.0,1.0,1.0,1.0,1.0,0.0,0.0,0.0
4415,1.0,0.0,0.0,Hispanic,39.85,6,16.0,14.0,0.0,,27.0,2.0,2.0,3.0,0.0,0.0,3.0,3.0,1.0,0.0,0.0,0.0
4416,1.0,0.0,0.0,Hispanic,39.85,6,16.0,14.0,0.0,,52.433,3.0,2.0,2.0,0.0,0.0,2.0,1.0,1.0,0.0,0.0,1.0
4417,0.0,0.0,1.0,White,33.5,3,10.0,12.0,0.0,0.0,40.851,1.0,2.0,1.0,0.0,0.0,3.0,3.0,1.0,1.0,1.0,0.0
4418,1.0,0.0,1.0,Other,,4,12.0,14.0,,0.0,,0.0,1.0,3.0,0.0,0.0,3.0,4.0,1.0,0.0,,0.0
4419,0.0,1.0,1.0,Other,,4,12.0,14.0,,0.0,,2.0,1.0,2.0,0.0,0.0,1.0,1.0,1.0,0.0,0.0,0.0
4420,1.0,,0.0,White,21.75,4,16.0,16.0,0.0,,,5.0,2.0,2.0,0.0,0.0,4.0,2.0,2.0,0.0,,0.0
4421,1.0,0.0,0.0,Black,3.375,2,13.0,12.0,0.0,,,2.0,2.0,3.0,0.0,0.0,3.0,3.0,2.0,0.0,0.0,0.0
4422,0.0,0.0,0.0,Black,,3,16.0,11.0,,,,2.0,2.0,3.0,0.0,0.0,3.0,3.0,3.0,0.0,0.0,1.0
4423,1.0,0.0,1.0,Black,,3,16.0,16.0,0.0,0.0,68.434,2.0,2.0,3.0,0.0,0.0,1.0,2.0,1.0,1.0,1.0,0.0
4424,1.0,0.0,0.0,Black,,5,13.0,16.0,0.0,0.0,8.705,1.0,2.0,1.0,1.0,2.0,1.0,1.0,1.0,0.0,,0.0
4425,1.0,0.0,0.0,Black,,5,13.0,14.0,,0.0,3.81,2.0,2.0,3.0,2.0,4.0,4.0,2.0,2.0,0.0,,1.0
4426,1.0,0.0,0.0,Black,,5,13.0,16.0,,,34.959,,2.0,2.0,2.0,1.0,1.0,1.0,1.0,0.0,,0.0
4427,0.0,0.0,1.0,Black,8.28,3,14.0,14.0,0.0,0.0,31.243,0.0,2.0,2.0,0.0,0.0,3.0,5.0,2.0,0.0,,0.0
4428,1.0,0.0,1.0,Black,19.3251,4,14.0,14.0,0.0,0.0,47.603,7.0,3.0,2.0,0.0,0.0,1.0,3.0,1.0,1.0,0.0,0.0
4429,0.0,0.0,1.0,Other,,4,15.0,9.0,0.0,,47.445,,4.0,4.0,,,4.0,5.0,3.0,0.0,,0.0
4430,0.0,0.0,1.0,White,8.8,4,12.0,13.0,0.0,0.0,,,2.0,2.0,0.0,0.0,3.0,2.0,1.0,0.0,0.0,0.0
4431,0.0,0.0,1.0,White,6.35,3,12.0,12.0,0.0,1.0,82.171,1.0,2.0,3.0,0.0,2.0,2.0,1.0,1.0,1.0,0.0,0.0
4432,1.0,0.0,0.0,Hispanic,7.195,3,11.0,,0.0,0.0,27.681,5.0,2.0,2.0,4.0,0.0,2.0,1.0,2.0,1.0,,0.0
4433,0.0,0.0,1.0,White,4.925,2,10.0,12.0,0.0,0.0,21.178,6.0,2.0,2.0,0.0,0.0,2.0,1.0,2.0,0.0,,0.0
4434,1.0,0.0,1.0,Black,,4,12.0,12.0,0.0,0.0,83.055,4.0,2.0,2.0,0.0,0.0,2.0,1.0,1.0,1.0,0.0,0.0
4435,0.0,0.0,1.0,White,0.3753,2,10.0,12.0,1.0,0.0,,3.0,2.0,2.0,0.0,0.0,2.0,2.0,1.0,1.0,,0.0
4436,0.0,0.0,0.0,Black,,3,13.0,14.0,,,62.034,0.0,2.0,2.0,0.0,0.0,2.0,2.0,1.0,0.0,,0.0
4437,1.0,0.0,0.0,Black,3.925,3,13.0,14.0,0.0,0.0,52.157,0.0,2.0,1.0,0.0,0.0,2.0,1.0,1.0,0.0,0.0,0.0
4438,0.0,0.0,1.0,White,1.95,2,13.0,,0.0,,61.544,26.0,2.0,3.0,2.0,1.0,4.0,5.0,4.0,1.0,1.0,1.0
4439,1.0,0.0,1.0,White,-9.75,5,14.0,,0.0,0.0,,10.0,2.0,2.0,1.0,0.0,1.0,4.0,1.0,0.0,0.0,0.0
4440,1.0,1.0,0.0,White,-9.75,5,14.0,,0.0,,,1.0,2.0,2.0,0.0,0.0,2.0,1.0,1.0,0.0,0.0,0.0
4441,0.0,0.0,0.0,White,25.2,3,18.0,16.0,0.0,0.0,94.363,0.0,2.0,3.0,0.0,0.0,1.0,1.0,1.0,0.0,0.0,0.0
4442,1.0,0.0,1.0,White,6.975,3,16.0,,0.0,0.0,70.541,2.0,1.0,1.0,0.0,0.0,1.0,3.0,1.0,0.0,0.0,0.0
4443,0.0,0.0,1.0,White,13.2,4,14.0,12.0,0.0,0.0,93.994,4.0,2.0,3.0,2.0,2.0,4.0,2.0,1.0,0.0,0.0,0.0
4444,0.0,0.0,0.0,White,13.2,4,14.0,12.0,0.0,0.0,64.384,2.0,2.0,2.0,0.0,0.0,4.0,3.0,1.0,0.0,0.0,1.0
4445,1.0,0.0,0.0,White,,3,12.0,16.0,,0.0,84.232,5.0,2.0,2.0,0.0,1.0,2.0,4.0,1.0,1.0,,0.0
4446,1.0,1.0,0.0,White,,4,,,,0.0,59.867,2.0,2.0,1.0,0.0,0.0,3.0,3.0,1.0,0.0,0.0,0.0
4447,1.0,0.0,1.0,White,,4,20.0,20.0,0.0,0.0,93.34,0.0,1.0,2.0,0.0,0.0,,1.0,,0.0,0.0,0.0
4448,1.0,0.0,0.0,White,27.95,3,16.0,15.0,0.0,0.0,95.997,0.0,1.0,1.0,0.0,0.0,1.0,,1.0,1.0,0.0,1.0
4449,1.0,0.0,1.0,Hispanic,,6,14.0,16.0,0.0,0.0,69.504,0.0,2.0,2.0,0.0,0.0,4.0,4.0,,0.0,0.0,0.0
4450,1.0,0.0,0.0,White,21.9,4,20.0,16.0,0.0,0.0,95.341,1.0,1.0,2.0,0.0,0.0,1.0,1.0,1.0,0.0,0.0,0.0
4451,1.0,0.0,0.0,White,14.55,3,12.0,12.0,0.0,0.0,77.427,3.0,2.0,2.0,7.0,1.0,4.0,3.0,3.0,0.0,0.0,1.0
4452,1.0,0.0,1.0,White,21.28,4,12.0,11.0,0.0,0.0,87.288,4.0,3.0,4.0,0.0,0.0,4.0,3.0,1.0,0.0,0.0,0.0
4453,0.0,0.0,0.0,White,21.28,4,12.0,11.0,0.0,0.0,42.768,2.0,2.0,2.0,0.0,0.0,3.0,1.0,1.0,0.0,0.0,0.0
4454,0.0,0.0,0.0,Hispanic,,4,12.0,16.0,0.0,0.0,1.769,2.0,3.0,3.0,1.0,0.0,4.0,3.0,1.0,0.0,0.0,0.0
4455,1.0,0.0,0.0,White,6.52,4,14.0,12.0,0.0,0.0,89.089,2.0,2.0,1.0,0.0,0.0,1.0,1.0,1.0,1.0,0.0,0.0
4456,1.0,0.0,0.0,White,36.75,4,16.0,16.0,0.0,0.0,67.652,2.0,2.0,2.0,0.0,0.0,2.0,2.0,1.0,0.0,0.0,0.0
4457,1.0,0.0,0.0,Hispanic,4.45,4,14.0,14.0,0.0,0.0,76.958,0.0,2.0,2.0,0.0,0.0,1.0,1.0,1.0,0.0,0.0,0.0
4458,0.0,0.0,0.0,White,,3,14.0,16.0,0.0,0.0,97.885,8.0,2.0,2.0,0.0,0.0,1.0,1.0,1.0,0.0,0.0,0.0
4459,1.0,0.0,1.0,White,,4,16.0,14.0,,0.0,48.861,5.0,2.0,2.0,0.0,0.0,4.0,5.0,2.0,0.0,0.0,0.0
4460,1.0,0.0,0.0,White,,4,16.0,14.0,,0.0,76.783,3.0,2.0,2.0,2.0,1.0,2.0,1.0,1.0,,0.0,0.0
4461,0.0,0.0,1.0,Hispanic,13.0,8,12.0,,0.0,0.0,18.571,13.0,2.0,2.0,0.0,0.0,4.0,5.0,4.0,0.0,0.0,0.0
4462,0.0,0.0,1.0,Hispanic,,4,6.0,11.0,0.0,0.0,6.841,3.0,2.0,2.0,0.0,1.0,1.0,1.0,1.0,0.0,0.0,0.0
4463,0.0,0.0,0.0,White,,4,12.0,13.0,0.0,0.0,13.935,5.0,3.0,2.0,0.0,1.0,3.0,1.0,2.0,0.0,,1.0
4464,0.0,0.0,0.0,White,,4,12.0,13.0,0.0,0.0,14.174,0.0,3.0,1.0,1.0,2.0,2.0,1.0,1.0,0.0,0.0,0.0
4465,0.0,0.0,1.0,White,2.75,4,17.0,,0.0,0.0,46.286,,2.0,2.0,,,2.0,1.0,1.0,0.0,0.0,0.0
4466,0.0,0.0,0.0,White,5.385,6,11.0,,0.0,0.0,8.363,31.0,2.0,2.0,0.0,0.0,3.0,4.0,3.0,0.0,,1.0
4467,0.0,0.0,1.0,White,,3,14.0,12.0,0.0,0.0,54.334,2.0,2.0,1.0,0.0,0.0,1.0,1.0,1.0,1.0,0.0,0.0
4468,0.0,0.0,0.0,White,8.425,3,10.0,12.0,0.0,0.0,36.386,2.0,2.0,3.0,2.0,4.0,4.0,3.0,1.0,1.0,,0.0
4469,0.0,0.0,1.0,White,13.69,4,12.0,10.0,0.0,1.0,50.063,3.0,2.0,2.0,1.0,0.0,4.0,4.0,2.0,0.0,0.0,0.0
4470,0.0,1.0,1.0,White,0.635,4,12.0,,0.0,0.0,43.278,5.0,2.0,4.0,1.0,0.0,4.0,5.0,2.0,1.0,1.0,0.0
4471,1.0,0.0,1.0,White,,5,16.0,15.0,,0.0,99.592,3.0,2.0,2.0,1.0,0.0,1.0,1.0,1.0,0.0,0.0,0.0
4472,1.0,,0.0,White,18.1382,5,12.0,,0.0,,41.646,5.0,2.0,2.0,15.0,1.0,4.0,4.0,2.0,0.0,,0.0
4473,0.0,,1.0,White,,4,,,,,76.169,3.0,2.0,2.0,0.0,0.0,3.0,5.0,2.0,0.0,,0.0
4474,0.0,0.0,1.0,Hispanic,11.155,5,12.0,12.0,0.0,,30.47,50.0,2.0,3.0,0.0,0.0,3.0,5.0,1.0,0.0,,1.0
4475,1.0,0.0,0.0,White,21.1,3,16.0,16.0,0.0,0.0,22.265,12.0,3.0,2.0,0.0,0.0,4.0,4.0,1.0,0.0,0.0,0.0
4476,1.0,,1.0,White,19.8001,3,,16.0,0.0,0.0,75.48,7.0,1.0,2.0,1.0,0.0,4.0,1.0,1.0,1.0,1.0,0.0
4477,0.0,1.0,0.0,White,,3,16.0,13.0,0.0,0.0,69.557,2.0,2.0,3.0,0.0,0.0,4.0,3.0,1.0,0.0,1.0,0.0
4478,1.0,0.0,1.0,White,15.55,4,12.0,16.0,0.0,,56.196,6.0,2.0,2.0,0.0,0.0,3.0,4.0,1.0,0.0,0.0,1.0
4479,1.0,0.0,0.0,White,13.95,5,12.0,12.0,0.0,0.0,51.863,3.0,2.0,1.0,0.0,0.0,1.0,1.0,,0.0,0.0,0.0
4480,0.0,0.0,1.0,Hispanic,0.98,3,14.0,14.0,0.0,0.0,38.123,0.0,2.0,3.0,0.0,0.0,2.0,1.0,1.0,1.0,1.0,1.0
4481,1.0,0.0,0.0,Hispanic,8.45,4,,16.0,0.0,0.0,58.334,3.0,2.0,2.0,0.0,0.0,1.0,1.0,1.0,0.0,0.0,0.0
4482,0.0,0.0,0.0,Hispanic,0.375,4,16.0,10.0,0.0,1.0,37.636,25.0,2.0,2.0,1.0,0.0,3.0,1.0,2.0,1.0,1.0,1.0
4483,0.0,0.0,0.0,Hispanic,0.05,4,8.0,9.0,0.0,,17.202,1.0,2.0,1.0,1.0,0.0,3.0,3.0,3.0,0.0,,0.0
4484,1.0,0.0,0.0,White,,3,12.0,12.0,1.0,0.0,24.876,5.0,2.0,2.0,0.0,0.0,3.0,4.0,5.0,0.0,0.0,0.0
4485,0.0,,0.0,Hispanic,,8,6.0,12.0,,,,4.0,3.0,3.0,0.0,7.0,3.0,4.0,4.0,1.0,,0.0
4486,0.0,0.0,0.0,Hispanic,,8,6.0,12.0,,0.0,,3.0,2.0,1.0,0.0,3.0,4.0,1.0,4.0,0.0,,1.0
4487,0.0,0.0,1.0,White,0.037,4,14.0,12.0,0.0,1.0,,3.0,2.0,2.0,1.0,0.0,1.0,1.0,2.0,0.0,0.0,0.0
4488,0.0,0.0,1.0,White,0.05,2,14.0,11.0,0.0,0.0,6.287,0.0,2.0,3.0,0.0,0.0,4.0,4.0,3.0,1.0,0.0,1.0
4489,0.0,0.0,0.0,Hispanic,0.01,4,5.0,5.0,1.0,,6.364,,3.0,2.0,,,2.0,2.0,2.0,0.0,0.0,0.0
4490,0.0,0.0,1.0,Hispanic,0.9622,4,12.0,12.0,0.0,0.0,36.578,10.0,2.0,2.0,0.0,0.0,2.0,2.0,2.0,0.0,0.0,0.0
4491,0.0,0.0,0.0,Hispanic,0.9622,4,12.0,12.0,0.0,0.0,17.522,10.0,2.0,2.0,0.0,0.0,2.0,1.0,1.0,0.0,0.0,1.0
4492,0.0,0.0,0.0,Hispanic,7.4,5,6.0,6.0,0.0,0.0,35.854,20.0,2.0,2.0,0.0,0.0,2.0,3.0,2.0,0.0,0.0,1.0
4493,1.0,0.0,1.0,Hispanic,,4,12.0,13.0,0.0,0.0,24.691,10.0,1.0,3.0,0.0,0.0,1.0,,1.0,0.0,0.0,0.0
4494,0.0,1.0,0.0,Hispanic,-0.25,6,9.0,,0.0,0.0,10.767,8.0,2.0,2.0,0.0,2.0,1.0,1.0,3.0,0.0,0.0,0.0
4495,0.0,0.0,1.0,Hispanic,1.55,2,3.0,,0.0,1.0,44.099,5.0,1.0,2.0,0.0,0.0,2.0,1.0,1.0,1.0,0.0,1.0
4496,0.0,0.0,1.0,Hispanic,2.116,2,13.0,8.0,0.0,1.0,6.554,6.0,2.0,3.0,2.0,0.0,4.0,3.0,4.0,0.0,0.0,1.0
4497,0.0,0.0,0.0,Hispanic,11.9777,9,7.0,4.0,1.0,0.0,15.556,25.0,2.0,2.0,0.0,0.0,3.0,5.0,4.0,0.0,0.0,0.0
4498,1.0,0.0,0.0,Hispanic,11.9777,9,7.0,4.0,1.0,0.0,43.345,10.0,2.0,4.0,0.0,0.0,2.0,3.0,3.0,0.0,0.0,1.0
4499,0.0,0.0,1.0,Hispanic,11.9777,9,7.0,4.0,1.0,0.0,11.153,25.0,2.0,2.0,0.0,0.0,3.0,4.0,4.0,0.0,0.0,1.0
4500,0.0,0.0,0.0,Hispanic,2.298,4,14.0,6.0,0.0,0.0,23.712,20.0,3.0,2.0,5.0,7.0,1.0,1.0,3.0,1.0,0.0,1.0
4501,0.0,1.0,1.0,Hispanic,-0.2,4,10.0,12.0,0.0,1.0,8.79,25.0,2.0,2.0,0.0,0.0,2.0,1.0,1.0,0.0,0.0,0.0
4502,0.0,0.0,0.0,Hispanic,6.35,4,12.0,13.0,0.0,0.0,1.26,0.0,1.0,1.0,0.0,1.0,2.0,2.0,4.0,0.0,,0.0
4503,0.0,0.0,0.0,Hispanic,-0.13,6,6.0,6.0,0.0,1.0,15.618,10.0,2.0,2.0,0.0,0.0,3.0,3.0,2.0,0.0,,1.0
4504,0.0,0.0,1.0,Hispanic,-0.13,6,6.0,6.0,0.0,0.0,0.108,6.0,2.0,2.0,0.0,0.0,3.0,3.0,1.0,0.0,,0.0
4505,0.0,0.0,0.0,White,3.61,5,16.0,,0.0,0.0,,7.0,2.0,3.0,1.0,0.0,4.0,4.0,1.0,0.0,0.0,1.0
4506,1.0,0.0,0.0,White,6.625,4,10.0,12.0,0.0,0.0,50.869,2.0,2.0,3.0,0.0,0.0,2.0,3.0,1.0,0.0,0.0,0.0
4507,,,0.0,White,,4,12.0,12.0,0.0,,65.118,2.0,2.0,2.0,0.0,0.0,3.0,4.0,1.0,0.0,,0.0
4508,0.0,1.0,1.0,White,,5,12.0,14.0,,,12.763,4.0,2.0,2.0,0.0,0.0,3.0,3.0,3.0,0.0,,1.0
4509,0.0,0.0,0.0,White,8.75,3,14.0,,0.0,,,0.0,2.0,3.0,16.0,0.0,3.0,2.0,1.0,1.0,1.0,0.0
4510,1.0,1.0,1.0,Hispanic,,4,9.0,10.0,,0.0,49.688,3.0,2.0,3.0,0.0,0.0,3.0,4.0,2.0,0.0,0.0,1.0
4511,0.0,0.0,0.0,Hispanic,,4,9.0,10.0,,0.0,56.165,4.0,2.0,2.0,20.0,0.0,2.0,1.0,1.0,1.0,1.0,0.0
4512,1.0,0.0,1.0,White,5.695,2,12.0,14.0,0.0,0.0,61.275,1.0,2.0,2.0,0.0,0.0,3.0,4.0,1.0,0.0,0.0,0.0
4513,0.0,0.0,0.0,White,7.65,4,14.0,12.0,0.0,0.0,44.298,0.0,1.0,3.0,3.0,0.0,4.0,4.0,2.0,1.0,0.0,0.0
4514,1.0,0.0,0.0,White,7.65,4,14.0,12.0,0.0,0.0,62.781,0.0,1.0,1.0,0.0,0.0,4.0,2.0,3.0,1.0,0.0,0.0
4515,1.0,0.0,0.0,Hispanic,3.575,5,16.0,14.0,0.0,,42.223,4.0,2.0,2.0,0.0,0.0,2.0,2.0,1.0,0.0,0.0,0.0
4516,1.0,0.0,0.0,Hispanic,3.575,5,16.0,14.0,0.0,0.0,65.606,2.0,2.0,2.0,0.0,0.0,3.0,1.0,1.0,0.0,0.0,0.0
4517,1.0,0.0,1.0,White,,4,15.0,18.0,0.0,0.0,65.445,0.0,1.0,2.0,1.0,0.0,2.0,1.0,1.0,1.0,0.0,0.0
4518,1.0,0.0,0.0,White,,5,12.0,14.0,,0.0,,5.0,2.0,3.0,0.0,1.0,4.0,4.0,1.0,0.0,,1.0
4519,0.0,0.0,0.0,White,16.5,3,13.0,12.0,0.0,0.0,12.591,3.0,1.0,1.0,0.0,0.0,1.0,1.0,1.0,0.0,0.0,1.0
4520,1.0,0.0,0.0,Hispanic,4.96,4,12.0,12.0,0.0,,46.271,2.0,1.0,2.0,0.0,0.0,1.0,1.0,2.0,0.0,0.0,1.0
4521,1.0,0.0,1.0,Hispanic,4.96,4,12.0,12.0,0.0,0.0,87.569,2.0,2.0,2.0,0.0,0.0,2.0,2.0,1.0,0.0,0.0,0.0
4522,1.0,0.0,0.0,White,13.75,4,16.0,16.0,0.0,0.0,96.138,6.0,2.0,3.0,0.0,0.0,2.0,1.0,1.0,0.0,,1.0
4523,0.0,1.0,1.0,Hispanic,4.745,5,14.0,18.0,0.0,,48.173,0.0,2.0,2.0,0.0,0.0,2.0,2.0,1.0,1.0,1.0,0.0
4524,0.0,0.0,1.0,Hispanic,4.745,5,14.0,18.0,0.0,0.0,84.104,45.0,1.0,2.0,0.0,0.0,2.0,4.0,1.0,0.0,0.0,0.0
4525,1.0,0.0,0.0,White,60.0,4,17.0,18.0,0.0,0.0,100.0,,1.0,1.0,0.0,0.0,1.0,1.0,1.0,0.0,1.0,0.0
4526,0.0,,0.0,White,0.57,5,12.0,14.0,0.0,,38.69,1.0,3.0,2.0,0.0,0.0,2.0,1.0,1.0,0.0,,1.0
4527,1.0,0.0,0.0,White,,5,12.0,14.0,,0.0,18.143,0.0,2.0,2.0,0.0,0.0,2.0,1.0,1.0,0.0,,0.0
4528,1.0,0.0,0.0,White,15.625,4,16.0,14.0,0.0,0.0,95.655,0.0,2.0,2.0,0.0,0.0,2.0,3.0,1.0,0.0,1.0,0.0
4529,0.0,0.0,1.0,White,0.11,5,11.0,,0.0,,3.806,,1.0,1.0,,,2.0,1.0,1.0,0.0,,0.0
4530,0.0,,0.0,White,3.325,4,14.0,16.0,0.0,,6.198,1.0,2.0,2.0,2.0,0.0,4.0,3.0,2.0,0.0,,0.0
4531,1.0,0.0,1.0,White,0.12,2,11.0,13.0,0.0,,34.659,,2.0,2.0,0.0,0.0,4.0,3.0,1.0,1.0,0.0,0.0
4532,1.0,0.0,1.0,White,,3,20.0,16.0,,,69.386,1.0,1.0,1.0,0.0,0.0,1.0,1.0,1.0,0.0,0.0,0.0
4533,0.0,0.0,0.0,White,,5,14.0,18.0,0.0,0.0,95.112,3.0,2.0,2.0,0.0,0.0,1.0,1.0,1.0,1.0,1.0,0.0
4534,1.0,0.0,1.0,White,,5,14.0,18.0,0.0,0.0,89.28,3.0,2.0,1.0,0.0,0.0,2.0,3.0,1.0,0.0,0.0,0.0
4535,0.0,0.0,0.0,White,,5,14.0,18.0,0.0,0.0,40.458,1.0,2.0,2.0,0.0,0.0,1.0,1.0,1.0,0.0,,0.0
4536,1.0,0.0,1.0,White,-11.025,7,4.0,20.0,0.0,0.0,87.426,4.0,2.0,2.0,0.0,0.0,2.0,1.0,1.0,0.0,0.0,0.0
4537,0.0,0.0,0.0,White,-11.025,7,4.0,20.0,0.0,0.0,98.151,1.0,1.0,2.0,0.0,0.0,1.0,1.0,1.0,1.0,0.0,0.0
4539,1.0,0.0,1.0,White,15.4,5,16.0,17.0,0.0,0.0,62.035,0.0,2.0,2.0,0.0,0.0,2.0,2.0,2.0,0.0,0.0,0.0
4540,1.0,1.0,0.0,White,4.28,4,12.0,14.0,0.0,0.0,86.691,1.0,2.0,3.0,0.0,0.0,1.0,2.0,1.0,0.0,0.0,0.0
4541,0.0,0.0,1.0,White,2.282,5,10.0,12.0,0.0,0.0,13.989,3.0,2.0,2.0,0.0,0.0,4.0,4.0,1.0,0.0,,1.0
4542,0.0,0.0,1.0,White,2.282,5,10.0,12.0,0.0,0.0,38.191,,3.0,4.0,0.0,0.0,,,1.0,0.0,0.0,0.0
4543,0.0,0.0,0.0,Hispanic,1.83,4,8.0,6.0,0.0,,15.873,9.0,2.0,2.0,1.0,0.0,1.0,1.0,1.0,1.0,0.0,1.0
4544,1.0,0.0,0.0,White,1.23,4,12.0,8.0,0.0,0.0,47.907,8.0,3.0,2.0,10.0,1.0,2.0,1.0,2.0,1.0,0.0,1.0
4545,0.0,0.0,0.0,Asian,,3,12.0,12.0,0.0,0.0,16.113,0.0,2.0,2.0,0.0,0.0,3.0,1.0,1.0,0.0,0.0,1.0
4546,1.0,0.0,0.0,White,6.4,3,14.0,16.0,0.0,0.0,28.185,1.0,2.0,2.0,0.0,0.0,4.0,3.0,2.0,0.0,0.0,0.0
4547,1.0,0.0,0.0,White,,4,16.0,18.0,0.0,0.0,96.497,1.0,2.0,2.0,0.0,0.0,3.0,3.0,1.0,0.0,0.0,0.0
4548,0.0,0.0,1.0,White,,4,16.0,18.0,0.0,0.0,85.536,2.0,1.0,1.0,0.0,0.0,3.0,1.0,1.0,0.0,0.0,0.0
4549,0.0,0.0,1.0,White,,4,12.0,13.0,0.0,0.0,49.688,4.0,2.0,2.0,2.0,0.0,5.0,5.0,2.0,0.0,0.0,1.0
4550,1.0,0.0,1.0,Other,9.15,6,18.0,14.0,0.0,0.0,75.186,2.0,1.0,2.0,0.0,0.0,1.0,1.0,,1.0,0.0,0.0
4551,0.0,0.0,0.0,White,-0.475,7,14.0,14.0,0.0,0.0,17.694,1.0,2.0,1.0,0.0,0.0,1.0,1.0,1.0,0.0,0.0,0.0
4552,1.0,0.0,1.0,White,17.5,5,14.0,14.0,0.0,0.0,51.546,2.0,2.0,2.0,5.0,0.0,2.0,2.0,2.0,0.0,0.0,0.0
4553,0.0,0.0,1.0,White,17.5,5,14.0,14.0,0.0,0.0,43.512,2.0,1.0,2.0,0.0,1.0,3.0,2.0,1.0,0.0,0.0,0.0
4554,0.0,0.0,1.0,White,,6,12.0,12.0,,0.0,,,2.0,2.0,,,4.0,3.0,1.0,0.0,,0.0
4555,0.0,1.0,0.0,Hispanic,,4,12.0,11.0,0.0,0.0,38.502,25.0,2.0,2.0,0.0,0.0,3.0,5.0,3.0,0.0,0.0,0.0
4556,0.0,0.0,1.0,White,14.875,3,13.0,10.0,0.0,0.0,66.08,2.0,2.0,2.0,0.0,0.0,2.0,1.0,1.0,0.0,,0.0
4557,1.0,0.0,1.0,White,37.275,5,12.0,15.0,0.0,0.0,56.884,4.0,2.0,2.0,1.0,0.0,3.0,1.0,1.0,0.0,0.0,0.0
4558,0.0,0.0,1.0,White,0.125,2,12.0,11.0,0.0,1.0,29.368,6.0,1.0,1.0,5.0,0.0,4.0,5.0,3.0,0.0,1.0,0.0
4559,0.0,0.0,1.0,White,0.575,5,12.0,12.0,0.0,0.0,54.618,11.0,2.0,2.0,0.0,0.0,5.0,4.0,1.0,0.0,0.0,0.0
4560,1.0,0.0,1.0,White,0.575,5,12.0,12.0,0.0,0.0,53.564,7.0,3.0,3.0,0.0,0.0,2.0,3.0,1.0,0.0,0.0,1.0
4561,1.0,0.0,1.0,White,60.0,4,12.0,14.0,0.0,0.0,44.799,6.0,1.0,1.0,0.0,0.0,3.0,2.0,1.0,0.0,0.0,0.0
4562,0.0,0.0,0.0,White,60.0,4,12.0,14.0,0.0,0.0,4.868,0.0,1.0,2.0,0.0,0.0,2.0,1.0,1.0,0.0,0.0,0.0
4563,0.0,0.0,1.0,White,7.885,4,,18.0,0.0,,63.094,8.0,2.0,2.0,0.0,0.0,3.0,3.0,1.0,0.0,,0.0
4564,0.0,0.0,0.0,White,14.45,4,,,0.0,0.0,87.113,6.0,1.0,1.0,0.0,0.0,1.0,1.0,1.0,0.0,0.0,0.0
4565,0.0,0.0,1.0,White,,3,12.0,12.0,0.0,,,6.0,2.0,2.0,0.0,0.0,2.0,1.0,1.0,0.0,0.0,0.0
4566,,,1.0,White,,3,14.0,14.0,,,,5.0,2.0,2.0,0.0,0.0,1.0,1.0,1.0,0.0,,0.0
4567,1.0,,0.0,White,,3,12.0,12.0,,,32.07,9.0,4.0,2.0,0.0,0.0,4.0,5.0,2.0,0.0,,0.0
4568,1.0,0.0,1.0,White,,4,12.0,,0.0,0.0,65.859,0.0,1.0,2.0,0.0,0.0,2.0,1.0,1.0,0.0,0.0,0.0
4569,0.0,0.0,0.0,White,9.09,4,14.0,12.0,0.0,,34.22,9.0,2.0,2.0,0.0,0.0,1.0,1.0,1.0,0.0,,0.0
4570,0.0,0.0,0.0,White,9.09,4,14.0,12.0,0.0,,38.359,2.0,2.0,3.0,2.0,2.0,2.0,2.0,1.0,0.0,0.0,0.0
4571,0.0,0.0,0.0,White,8.35,4,14.0,13.0,0.0,0.0,21.946,0.0,2.0,3.0,0.0,2.0,1.0,1.0,2.0,1.0,0.0,0.0
4572,0.0,1.0,0.0,Other,-0.825,4,12.0,,1.0,,,10.0,3.0,1.0,0.0,0.0,3.0,3.0,1.0,1.0,,0.0
4573,0.0,0.0,0.0,White,21.76,4,14.0,16.0,0.0,0.0,46.743,0.0,2.0,2.0,0.0,0.0,4.0,2.0,3.0,0.0,0.0,1.0
4574,1.0,0.0,0.0,White,16.125,4,18.0,20.0,0.0,0.0,53.504,4.0,2.0,4.0,10.0,0.0,1.0,,2.0,1.0,1.0,0.0
4575,0.0,0.0,1.0,White,0.455,4,12.0,14.0,0.0,,67.293,10.0,2.0,2.0,2.0,0.0,3.0,3.0,1.0,0.0,,0.0
4576,1.0,0.0,0.0,White,,4,11.0,12.0,,0.0,,,2.0,2.0,0.0,0.0,1.0,1.0,1.0,0.0,0.0,0.0
4577,1.0,0.0,0.0,White,,4,11.0,12.0,,,,2.0,2.0,2.0,0.0,0.0,1.0,1.0,1.0,0.0,1.0,0.0
4578,1.0,0.0,1.0,White,38.12,3,18.0,18.0,0.0,0.0,64.492,1.0,1.0,1.0,0.0,0.0,4.0,4.0,1.0,0.0,0.0,0.0
4579,0.0,0.0,1.0,White,0.05,7,12.0,12.0,0.0,0.0,40.605,18.0,3.0,2.0,1.0,0.0,3.0,4.0,2.0,0.0,0.0,0.0
4580,0.0,0.0,0.0,White,0.05,7,12.0,12.0,0.0,0.0,73.523,0.0,2.0,2.0,0.0,0.0,1.0,1.0,2.0,0.0,0.0,0.0
4581,0.0,0.0,1.0,White,14.975,4,14.0,18.0,0.0,0.0,56.513,7.0,2.0,3.0,0.0,0.0,4.0,3.0,1.0,0.0,0.0,0.0
4582,1.0,0.0,0.0,White,,4,14.0,18.0,,0.0,78.973,3.0,1.0,2.0,0.0,0.0,1.0,1.0,1.0,0.0,0.0,0.0
4583,0.0,1.0,1.0,White,-0.8637,2,16.0,,0.0,,84.719,3.0,1.0,2.0,0.0,0.0,2.0,1.0,1.0,0.0,0.0,0.0
4584,1.0,0.0,1.0,Other,,5,,,,0.0,,1.0,2.0,3.0,0.0,0.0,3.0,2.0,2.0,0.0,0.0,0.0
4585,0.0,0.0,0.0,White,0.46,4,12.0,12.0,0.0,0.0,,10.0,2.0,2.0,0.0,0.0,1.0,1.0,1.0,0.0,0.0,0.0
4586,0.0,0.0,0.0,White,,4,14.0,12.0,0.0,0.0,36.636,5.0,2.0,2.0,1.0,0.0,2.0,2.0,1.0,0.0,,1.0
4587,0.0,0.0,0.0,White,0.305,4,5.0,,0.0,0.0,69.071,10.0,2.0,2.0,0.0,1.0,3.0,3.0,2.0,0.0,0.0,1.0
4588,1.0,0.0,1.0,Asian,5.25,6,10.0,8.0,0.0,0.0,16.823,2.0,1.0,1.0,0.0,0.0,4.0,4.0,1.0,0.0,0.0,0.0
4589,1.0,0.0,0.0,Asian,5.25,6,10.0,8.0,0.0,0.0,22.722,1.0,1.0,3.0,0.0,0.0,2.0,1.0,1.0,0.0,0.0,0.0
4590,1.0,0.0,1.0,Other,1.15,3,16.0,12.0,0.0,,67.673,,2.0,2.0,0.0,0.0,2.0,1.0,1.0,0.0,0.0,0.0
4591,1.0,0.0,0.0,White,0.13,3,12.0,12.0,0.0,0.0,73.848,10.0,3.0,2.0,0.0,0.0,2.0,1.0,1.0,0.0,0.0,0.0
4592,0.0,0.0,0.0,Hispanic,3.1341,3,14.0,12.0,0.0,0.0,79.588,2.0,3.0,2.0,2.0,1.0,2.0,1.0,1.0,1.0,0.0,0.0
4593,1.0,,1.0,Other,0.06,4,11.0,,0.0,,35.446,5.0,2.0,1.0,0.0,0.0,1.0,1.0,2.0,1.0,1.0,0.0
4594,0.0,0.0,1.0,Other,28.55,5,14.0,,0.0,0.0,13.82,8.0,3.0,3.0,5.0,0.0,5.0,3.0,5.0,1.0,1.0,1.0
4595,0.0,,1.0,White,7.55,4,12.0,12.0,0.0,,43.992,5.0,2.0,2.0,12.0,0.0,4.0,4.0,2.0,1.0,,0.0
4596,1.0,0.0,0.0,Other,9.5401,4,18.0,14.0,1.0,0.0,56.835,,2.0,2.0,,,5.0,3.0,3.0,0.0,,0.0
4597,1.0,1.0,1.0,White,22.15,4,14.0,15.0,0.0,0.0,63.464,3.0,2.0,3.0,0.0,0.0,3.0,2.0,1.0,0.0,0.0,0.0
4598,1.0,1.0,1.0,White,22.15,4,14.0,15.0,0.0,0.0,40.815,0.0,2.0,2.0,0.0,0.0,1.0,1.0,1.0,0.0,0.0,0.0
4599,0.0,0.0,1.0,White,,4,12.0,12.0,,0.0,94.616,4.0,2.0,2.0,2.0,0.0,2.0,3.0,2.0,0.0,0.0,0.0
4600,1.0,0.0,0.0,White,13.95,2,12.0,12.0,0.0,0.0,59.571,5.0,2.0,2.0,0.0,0.0,1.0,1.0,1.0,0.0,0.0,0.0
4601,0.0,0.0,1.0,White,5.65,5,12.0,12.0,0.0,0.0,38.906,10.0,2.0,2.0,0.0,0.0,2.0,3.0,1.0,0.0,,1.0
4602,0.0,0.0,0.0,White,5.65,5,12.0,12.0,0.0,0.0,30.48,0.0,2.0,2.0,0.0,0.0,2.0,1.0,1.0,0.0,0.0,0.0
4603,0.0,0.0,1.0,White,13.61,2,16.0,14.0,0.0,0.0,60.12,10.0,2.0,2.0,0.0,0.0,5.0,4.0,1.0,0.0,0.0,1.0
4604,0.0,0.0,0.0,White,,3,12.0,16.0,,,,5.0,2.0,2.0,2.0,0.0,3.0,3.0,1.0,1.0,1.0,0.0
4605,,,1.0,White,,3,12.0,16.0,,,,8.0,3.0,2.0,0.0,0.0,3.0,3.0,1.0,1.0,,0.0
4606,0.0,0.0,0.0,White,22.15,4,16.0,12.0,0.0,,31.358,3.0,2.0,3.0,0.0,0.0,3.0,3.0,1.0,0.0,0.0,1.0
4607,0.0,0.0,1.0,White,0.19,3,12.0,12.0,0.0,0.0,28.247,4.0,2.0,1.0,1.0,0.0,1.0,1.0,1.0,0.0,1.0,0.0
4608,0.0,0.0,1.0,White,2.67,4,10.0,13.0,0.0,1.0,,10.0,3.0,3.0,2.0,1.0,3.0,3.0,1.0,1.0,1.0,0.0
4609,0.0,0.0,0.0,White,13.3501,7,16.0,16.0,0.0,0.0,69.513,4.0,2.0,4.0,0.0,0.0,3.0,1.0,1.0,1.0,0.0,1.0
4610,1.0,0.0,1.0,White,,4,13.0,14.0,0.0,,83.713,5.0,2.0,3.0,1.0,0.0,4.0,5.0,2.0,0.0,,1.0
4611,0.0,0.0,1.0,White,0.95,6,13.0,10.0,0.0,0.0,56.349,1.0,1.0,3.0,0.0,1.0,3.0,4.0,1.0,1.0,,0.0
4612,1.0,0.0,1.0,White,9.81,6,14.0,14.0,0.0,0.0,,2.0,2.0,1.0,0.0,0.0,1.0,1.0,1.0,0.0,0.0,0.0
4613,1.0,0.0,0.0,Other,35.74,5,12.0,12.0,0.0,0.0,34.888,8.0,2.0,1.0,0.0,0.0,5.0,1.0,1.0,1.0,1.0,0.0
4614,0.0,0.0,0.0,Hispanic,0.87,3,10.0,11.0,0.0,0.0,75.776,2.0,2.0,1.0,0.0,0.0,4.0,4.0,1.0,1.0,0.0,0.0
4615,0.0,0.0,0.0,White,18.65,5,14.0,16.0,0.0,0.0,68.197,2.0,2.0,3.0,1.0,0.0,3.0,2.0,2.0,0.0,0.0,0.0
4616,0.0,0.0,0.0,White,,6,12.0,14.0,0.0,0.0,,3.0,2.0,2.0,0.0,0.0,2.0,3.0,1.0,1.0,,0.0
4617,0.0,1.0,0.0,White,23.65,9,12.0,14.0,0.0,0.0,44.816,6.0,2.0,2.0,0.0,0.0,4.0,3.0,2.0,0.0,0.0,0.0
4618,0.0,0.0,1.0,White,23.65,9,12.0,14.0,0.0,0.0,59.062,10.0,3.0,4.0,3.0,5.0,5.0,4.0,3.0,0.0,0.0,1.0
4619,1.0,0.0,1.0,White,10.38,4,12.0,12.0,0.0,,34.218,8.0,2.0,3.0,0.0,0.0,5.0,3.0,3.0,1.0,0.0,0.0
4620,0.0,0.0,1.0,White,3.84,5,14.0,10.0,0.0,,75.233,12.0,2.0,2.0,0.0,0.0,3.0,2.0,1.0,1.0,,0.0
4621,0.0,0.0,1.0,Other,37.2001,5,13.0,14.0,0.0,0.0,39.833,0.0,2.0,2.0,0.0,0.0,2.0,1.0,1.0,0.0,0.0,0.0
4622,1.0,0.0,0.0,White,35.45,4,14.0,13.0,0.0,0.0,46.357,7.0,3.0,3.0,20.0,0.0,4.0,3.0,3.0,1.0,0.0,1.0
4623,1.0,0.0,0.0,White,35.45,4,14.0,13.0,0.0,0.0,37.239,4.0,2.0,2.0,0.0,0.0,5.0,1.0,1.0,1.0,0.0,0.0
4624,0.0,0.0,0.0,White,1.095,4,13.0,12.0,0.0,0.0,7.218,10.0,2.0,2.0,3.0,0.0,3.0,2.0,2.0,1.0,1.0,0.0
4625,0.0,0.0,0.0,Black,1.39,5,12.0,10.0,0.0,0.0,1.376,10.0,3.0,2.0,40.0,1.0,5.0,4.0,4.0,0.0,,1.0
4626,0.0,0.0,1.0,White,10.9,3,15.0,,0.0,0.0,18.641,13.0,1.0,2.0,0.0,0.0,4.0,4.0,4.0,0.0,0.0,0.0
4627,0.0,1.0,0.0,White,2.055,2,14.0,13.0,0.0,,3.557,10.0,2.0,3.0,1.0,2.0,5.0,5.0,5.0,,1.0,1.0
4628,0.0,0.0,1.0,Other,0.75,2,12.0,12.0,1.0,,32.783,4.0,2.0,3.0,0.0,0.0,5.0,4.0,2.0,0.0,,0.0
4629,1.0,0.0,0.0,White,2.02,4,14.0,17.0,1.0,0.0,97.784,0.0,2.0,2.0,0.0,0.0,3.0,3.0,2.0,1.0,1.0,0.0
4630,0.0,0.0,1.0,White,2.02,4,14.0,17.0,1.0,0.0,74.711,1.0,2.0,2.0,0.0,0.0,3.0,2.0,2.0,0.0,0.0,0.0
4631,1.0,0.0,0.0,Other,,2,,,0.0,0.0,84.582,2.0,1.0,2.0,0.0,0.0,1.0,1.0,1.0,1.0,0.0,0.0
4632,0.0,0.0,0.0,White,10.0,5,11.0,11.0,0.0,,38.498,6.0,2.0,2.0,5.0,0.0,3.0,1.0,2.0,0.0,1.0,0.0
4633,0.0,0.0,1.0,Other,17.025,4,13.0,13.0,0.0,0.0,35.062,0.0,2.0,1.0,1.0,1.0,3.0,2.0,1.0,1.0,0.0,0.0
4634,1.0,0.0,1.0,White,44.5001,8,12.0,7.0,0.0,0.0,76.741,1.0,2.0,2.0,0.0,0.0,2.0,1.0,1.0,1.0,0.0,0.0
4635,1.0,0.0,1.0,Asian,44.5001,8,12.0,7.0,0.0,0.0,39.89,2.0,2.0,1.0,0.0,0.0,4.0,3.0,2.0,1.0,0.0,0.0
4636,1.0,0.0,0.0,Hispanic,12.0983,3,14.0,12.0,0.0,,84.844,7.0,2.0,2.0,3.0,0.0,2.0,2.0,1.0,0.0,0.0,0.0
4637,0.0,0.0,0.0,Hispanic,,7,12.0,14.0,,0.0,,0.0,3.0,2.0,0.0,0.0,2.0,1.0,1.0,0.0,0.0,0.0
4638,0.0,0.0,0.0,Hispanic,,7,12.0,14.0,,0.0,55.111,1.0,2.0,3.0,0.0,0.0,1.0,1.0,1.0,0.0,1.0,0.0
4639,0.0,0.0,0.0,Black,,3,14.0,12.0,0.0,,6.391,2.0,1.0,1.0,2.0,0.0,4.0,2.0,1.0,0.0,0.0,1.0
4640,0.0,0.0,0.0,White,,5,17.0,,0.0,0.0,18.407,,3.0,2.0,,,5.0,3.0,2.0,0.0,1.0,0.0
4641,1.0,,0.0,White,33.75,5,14.0,13.0,0.0,,28.857,3.0,2.0,3.0,1.0,1.0,2.0,2.0,1.0,0.0,,0.0
4642,1.0,0.0,0.0,White,33.75,5,14.0,13.0,0.0,,68.287,1.0,1.0,2.0,0.0,0.0,1.0,1.0,1.0,0.0,0.0,0.0
4643,1.0,0.0,0.0,Asian,12.55,3,16.0,16.0,0.0,0.0,99.184,3.0,2.0,2.0,0.0,0.0,3.0,5.0,1.0,0.0,0.0,0.0
4644,1.0,0.0,0.0,Asian,12.55,3,16.0,16.0,0.0,,88.357,0.0,2.0,3.0,0.0,0.0,2.0,1.0,1.0,0.0,0.0,0.0
4645,1.0,0.0,0.0,White,,4,16.0,11.0,0.0,,82.6,2.0,2.0,2.0,0.0,0.0,1.0,1.0,1.0,0.0,0.0,0.0
4646,1.0,0.0,0.0,White,,4,,16.0,,0.0,,2.0,2.0,3.0,0.0,1.0,1.0,1.0,1.0,0.0,0.0,0.0
4647,0.0,0.0,1.0,White,,5,19.0,19.0,0.0,0.0,78.117,1.0,2.0,2.0,0.0,0.0,3.0,3.0,3.0,0.0,0.0,0.0
4648,1.0,1.0,1.0,White,,5,19.0,19.0,0.0,0.0,68.223,2.0,2.0,2.0,0.0,0.0,4.0,2.0,1.0,0.0,0.0,0.0
4649,1.0,0.0,1.0,Other,0.395,3,14.0,13.0,0.0,1.0,87.753,4.0,2.0,2.0,2.0,0.0,4.0,4.0,1.0,0.0,1.0,0.0
4650,0.0,0.0,1.0,Black,0.18,9,,,1.0,0.0,1.423,22.0,2.0,3.0,0.0,0.0,4.0,4.0,5.0,1.0,1.0,0.0
4651,0.0,0.0,1.0,Black,0.18,9,,,1.0,,0.349,4.0,3.0,3.0,0.0,1.0,5.0,5.0,1.0,0.0,,1.0
4652,1.0,,1.0,Black,7.955,6,12.0,12.0,0.0,,,3.0,2.0,3.0,0.0,0.0,5.0,4.0,2.0,0.0,,0.0
4653,1.0,,0.0,Black,7.955,6,12.0,12.0,0.0,,9.679,5.0,4.0,3.0,0.0,3.0,1.0,1.0,1.0,0.0,,0.0
4654,1.0,0.0,0.0,Black,0.1,5,12.0,,1.0,0.0,31.388,13.0,2.0,2.0,2.0,0.0,5.0,5.0,3.0,0.0,0.0,0.0
4655,1.0,1.0,1.0,White,-0.5108,5,12.0,,0.0,,43.992,0.0,2.0,3.0,1.0,0.0,1.0,1.0,1.0,0.0,0.0,1.0
4656,0.0,0.0,1.0,Black,0.05,5,12.0,12.0,0.0,0.0,2.387,6.0,2.0,3.0,0.0,0.0,4.0,2.0,3.0,0.0,0.0,0.0
4657,1.0,0.0,1.0,Black,0.05,5,12.0,12.0,0.0,0.0,1.735,5.0,2.0,2.0,0.0,1.0,4.0,2.0,2.0,0.0,0.0,0.0
4658,1.0,0.0,1.0,Black,60.0,6,13.0,16.0,0.0,0.0,10.471,8.0,2.0,3.0,0.0,0.0,5.0,3.0,1.0,0.0,1.0,0.0
4659,,,0.0,Black,,6,13.0,16.0,,,49.489,8.0,2.0,4.0,0.0,0.0,4.0,3.0,1.0,0.0,,0.0
4660,0.0,0.0,0.0,Black,,2,12.0,,,0.0,88.788,7.0,2.0,3.0,0.0,0.0,3.0,4.0,1.0,1.0,,0.0
4661,0.0,0.0,0.0,Other,,3,,,,0.0,29.411,0.0,2.0,3.0,0.0,0.0,3.0,3.0,1.0,0.0,0.0,0.0
4662,1.0,0.0,1.0,White,,6,14.0,16.0,0.0,0.0,95.22,0.0,2.0,2.0,0.0,0.0,1.0,1.0,1.0,0.0,,0.0
4663,1.0,0.0,0.0,White,17.95,3,12.0,14.0,0.0,0.0,68.064,5.0,2.0,2.0,0.0,0.0,2.0,2.0,2.0,0.0,0.0,0.0
4664,0.0,0.0,1.0,White,,3,12.0,12.0,1.0,,11.567,8.0,1.0,1.0,0.0,0.0,4.0,1.0,5.0,1.0,0.0,0.0
4665,0.0,0.0,0.0,Asian,,5,14.0,14.0,,,,10.0,2.0,2.0,0.0,0.0,4.0,3.0,3.0,0.0,,1.0
4666,0.0,0.0,0.0,White,,3,11.0,13.0,0.0,0.0,49.515,8.0,2.0,3.0,1.0,6.0,4.0,4.0,3.0,1.0,0.0,0.0
4667,0.0,0.0,1.0,White,,3,11.0,13.0,0.0,0.0,41.851,7.0,1.0,3.0,0.0,0.0,2.0,1.0,1.0,1.0,,1.0
4668,0.0,0.0,0.0,Hispanic,0.475,5,14.0,10.0,0.0,0.0,34.426,6.0,2.0,2.0,0.0,0.0,1.0,1.0,2.0,1.0,0.0,0.0
4669,0.0,0.0,0.0,White,19.575,3,12.0,12.0,0.0,0.0,21.26,5.0,3.0,3.0,0.0,0.0,1.0,1.0,2.0,0.0,0.0,0.0
4670,0.0,0.0,1.0,Hispanic,1.07,5,13.0,12.0,0.0,0.0,33.127,20.0,2.0,2.0,0.0,0.0,3.0,4.0,2.0,0.0,0.0,0.0
4671,1.0,0.0,1.0,Hispanic,1.07,5,13.0,12.0,0.0,0.0,55.554,32.0,2.0,3.0,0.0,0.0,3.0,4.0,2.0,0.0,0.0,0.0
4672,0.0,0.0,1.0,Other,7.78,4,16.0,12.0,0.0,0.0,21.536,25.0,2.0,3.0,1.0,0.0,4.0,4.0,1.0,0.0,1.0,0.0
4673,1.0,0.0,1.0,Other,7.78,4,16.0,12.0,0.0,0.0,60.777,0.0,2.0,1.0,0.0,0.0,2.0,2.0,1.0,0.0,0.0,0.0
4674,1.0,0.0,1.0,White,0.9,3,11.0,12.0,0.0,0.0,61.613,30.0,1.0,2.0,0.0,0.0,3.0,1.0,2.0,0.0,1.0,0.0
4675,0.0,0.0,1.0,Black,,3,11.0,,0.0,1.0,10.17,4.0,3.0,3.0,0.0,0.0,5.0,5.0,3.0,1.0,0.0,0.0
4676,0.0,0.0,1.0,Other,,4,,,,0.0,,10.0,2.0,4.0,0.0,1.0,3.0,5.0,3.0,0.0,,0.0
4677,1.0,0.0,1.0,Other,,4,,,,0.0,,2.0,2.0,2.0,0.0,0.0,3.0,2.0,1.0,0.0,,0.0
4678,0.0,0.0,1.0,Hispanic,,8,,,0.0,,,0.0,1.0,1.0,0.0,0.0,1.0,1.0,1.0,0.0,,
4679,1.0,0.0,0.0,Hispanic,,8,13.0,12.0,,0.0,73.036,7.0,2.0,4.0,0.0,0.0,4.0,3.0,1.0,1.0,0.0,0.0
4680,0.0,0.0,0.0,White,-0.685,3,14.0,13.0,1.0,0.0,40.243,21.0,3.0,4.0,0.0,0.0,3.0,2.0,3.0,1.0,0.0,1.0
4681,1.0,0.0,0.0,White,,5,8.0,12.0,,,18.576,1.0,2.0,2.0,0.0,0.0,3.0,2.0,2.0,0.0,,0.0
4682,1.0,0.0,0.0,Other,,3,11.0,12.0,0.0,0.0,4.327,16.0,2.0,3.0,0.0,2.0,5.0,3.0,3.0,0.0,,0.0
4683,0.0,0.0,1.0,Other,,3,,,,0.0,55.561,4.0,2.0,3.0,0.0,0.0,2.0,3.0,1.0,0.0,,0.0
4684,0.0,0.0,1.0,Other,,3,,,,0.0,58.703,4.0,2.0,1.0,0.0,0.0,3.0,1.0,1.0,0.0,,0.0
4685,0.0,0.0,1.0,White,,4,12.0,13.0,0.0,0.0,,10.0,2.0,2.0,0.0,0.0,2.0,4.0,2.0,0.0,,0.0
4686,1.0,0.0,1.0,Other,10.35,4,15.0,4.0,0.0,,70.806,1.0,2.0,2.0,0.0,0.0,3.0,3.0,1.0,0.0,0.0,0.0
4687,1.0,0.0,1.0,White,2.95,5,11.0,12.0,0.0,0.0,81.336,0.0,2.0,1.0,0.0,0.0,1.0,1.0,1.0,0.0,0.0,0.0
4688,0.0,0.0,1.0,Other,,5,3.0,7.0,,0.0,46.267,0.0,1.0,2.0,0.0,0.0,3.0,4.0,2.0,0.0,0.0,0.0
4689,1.0,0.0,1.0,Other,,5,3.0,7.0,,,29.553,0.0,1.0,2.0,0.0,0.0,2.0,1.0,1.0,0.0,0.0,0.0
4690,0.0,0.0,0.0,White,,4,11.0,,0.0,0.0,57.34,5.0,2.0,2.0,0.0,0.0,3.0,4.0,1.0,0.0,0.0,1.0
4691,1.0,0.0,0.0,White,,4,11.0,,0.0,0.0,25.145,,2.0,3.0,0.0,0.0,2.0,2.0,2.0,1.0,0.0,0.0
4692,0.0,0.0,0.0,White,0.295,3,11.0,12.0,0.0,0.0,,67.0,2.0,2.0,0.0,0.0,5.0,5.0,2.0,0.0,,1.0
4693,0.0,0.0,0.0,Hispanic,0.425,3,12.0,12.0,0.0,0.0,43.886,5.0,2.0,2.0,0.0,0.0,3.0,2.0,3.0,1.0,,1.0
4694,0.0,0.0,1.0,Hispanic,0.425,3,12.0,12.0,0.0,0.0,89.566,6.0,2.0,3.0,1.0,0.0,1.0,1.0,1.0,0.0,0.0,0.0
4695,0.0,0.0,1.0,Hispanic,0.475,2,,,0.0,,23.825,10.0,2.0,2.0,0.0,1.0,3.0,3.0,2.0,0.0,,0.0
4696,1.0,0.0,1.0,Hispanic,5.225,4,7.0,12.0,0.0,0.0,13.158,7.0,2.0,2.0,0.0,0.0,3.0,5.0,2.0,1.0,0.0,0.0
4697,1.0,0.0,1.0,White,0.715,3,13.0,,0.0,,36.072,11.0,1.0,1.0,0.0,0.0,1.0,1.0,1.0,0.0,0.0,0.0
4698,1.0,0.0,1.0,Hispanic,0.475,7,6.0,3.0,0.0,0.0,4.13,0.0,3.0,2.0,0.0,0.0,1.0,1.0,1.0,1.0,,0.0
4699,1.0,0.0,1.0,Hispanic,0.475,7,6.0,3.0,0.0,0.0,2.872,14.0,3.0,2.0,0.0,0.0,3.0,4.0,2.0,0.0,,0.0
4700,1.0,0.0,1.0,Hispanic,0.475,7,6.0,3.0,0.0,0.0,16.433,14.0,2.0,2.0,0.0,0.0,3.0,4.0,3.0,0.0,0.0,0.0
4701,0.0,0.0,0.0,Hispanic,,8,,,,0.0,3.829,1.0,1.0,1.0,0.0,0.0,1.0,1.0,1.0,0.0,,0.0
4702,1.0,0.0,0.0,Hispanic,,5,14.0,10.0,0.0,0.0,85.854,3.0,2.0,2.0,0.0,0.0,1.0,1.0,1.0,0.0,0.0,0.0
4703,1.0,0.0,0.0,Other,21.2,6,13.0,12.0,0.0,,37.419,10.0,2.0,2.0,0.0,0.0,3.0,1.0,2.0,0.0,0.0,0.0
4704,0.0,,1.0,Other,0.575,3,4.0,,0.0,,46.224,30.0,2.0,2.0,1.0,1.0,2.0,1.0,1.0,1.0,,0.0
4705,0.0,0.0,0.0,Hispanic,0.07,6,8.0,,0.0,0.0,,2.0,2.0,2.0,0.0,0.0,1.0,1.0,1.0,0.0,,0.0
4706,1.0,0.0,1.0,Hispanic,11.9,5,12.0,12.0,0.0,,94.715,1.0,2.0,3.0,0.0,0.0,2.0,3.0,1.0,0.0,,0.0
4707,1.0,0.0,1.0,Hispanic,11.9,5,12.0,12.0,0.0,0.0,56.102,2.0,2.0,3.0,2.0,0.0,2.0,1.0,1.0,0.0,,0.0
4708,0.0,0.0,1.0,White,,4,11.0,12.0,0.0,0.0,72.265,4.0,2.0,2.0,1.0,0.0,3.0,2.0,2.0,0.0,0.0,0.0
4709,0.0,,0.0,White,,4,11.0,12.0,0.0,0.0,30.796,0.0,2.0,3.0,1.0,1.0,2.0,1.0,1.0,0.0,0.0,0.0
4710,1.0,0.0,0.0,White,15.25,5,13.0,13.0,0.0,0.0,89.261,5.0,3.0,2.0,0.0,0.0,2.0,3.0,1.0,1.0,1.0,0.0
4711,0.0,1.0,1.0,White,15.25,5,13.0,13.0,0.0,0.0,98.417,11.0,3.0,3.0,1.0,0.0,2.0,4.0,1.0,0.0,0.0,0.0
4712,0.0,0.0,0.0,Other,,4,8.0,8.0,0.0,,0.143,7.0,2.0,2.0,5.0,0.0,2.0,1.0,1.0,1.0,0.0,0.0
4713,0.0,0.0,0.0,White,,5,12.0,12.0,,,1.229,1.0,1.0,3.0,0.0,0.0,4.0,3.0,1.0,0.0,,0.0
4714,1.0,0.0,1.0,White,16.8,4,14.0,12.0,0.0,0.0,34.819,2.0,3.0,3.0,0.0,0.0,2.0,5.0,3.0,0.0,0.0,0.0
4715,0.0,0.0,1.0,Hispanic,7.575,2,,,0.0,,6.639,0.0,2.0,1.0,0.0,0.0,4.0,1.0,3.0,0.0,,0.0
4716,1.0,0.0,1.0,White,,5,13.0,14.0,0.0,0.0,52.412,5.0,2.0,1.0,0.0,0.0,1.0,1.0,1.0,0.0,0.0,0.0
4717,0.0,0.0,0.0,Hispanic,,7,2.0,2.0,,0.0,8.215,0.0,2.0,2.0,0.0,0.0,2.0,2.0,3.0,0.0,,0.0
4718,0.0,0.0,1.0,Hispanic,14.125,7,2.0,2.0,0.0,0.0,16.254,0.0,3.0,3.0,0.0,0.0,4.0,4.0,2.0,0.0,,0.0
4719,1.0,0.0,1.0,White,23.05,5,16.0,18.0,0.0,0.0,94.102,2.0,2.0,2.0,0.0,0.0,2.0,3.0,1.0,0.0,0.0,0.0
4720,1.0,0.0,1.0,White,1.59,4,12.0,,0.0,,60.387,3.0,2.0,2.0,0.0,0.0,2.0,2.0,2.0,1.0,1.0,0.0
4721,0.0,0.0,1.0,White,2.6,3,14.0,11.0,0.0,0.0,56.437,10.0,2.0,3.0,0.0,0.0,4.0,3.0,2.0,0.0,0.0,0.0
4722,1.0,0.0,1.0,White,2.6,3,14.0,11.0,0.0,0.0,36.833,3.0,2.0,2.0,0.0,0.0,4.0,2.0,1.0,0.0,0.0,0.0
4723,1.0,0.0,1.0,White,26.25,4,18.0,17.0,0.0,0.0,29.088,5.0,3.0,2.0,0.0,0.0,2.0,1.0,1.0,0.0,0.0,0.0
4724,0.0,0.0,0.0,Other,0.675,5,18.0,19.0,0.0,0.0,79.89,1.0,2.0,2.0,0.0,0.0,2.0,3.0,1.0,0.0,0.0,0.0
4725,1.0,0.0,1.0,White,,5,14.0,12.0,0.0,,55.251,7.0,1.0,2.0,0.0,0.0,1.0,2.0,1.0,1.0,1.0,0.0
4726,0.0,0.0,1.0,White,15.225,4,,10.0,,0.0,44.613,5.0,2.0,2.0,2.0,0.0,4.0,4.0,2.0,0.0,,0.0
4727,,,0.0,White,11.87,3,13.0,16.0,0.0,,6.113,5.0,2.0,2.0,0.0,0.0,3.0,2.0,1.0,0.0,,0.0
4728,1.0,0.0,1.0,White,13.17,4,13.0,12.0,0.0,0.0,60.238,2.0,1.0,1.0,0.0,0.0,5.0,5.0,1.0,0.0,1.0,0.0
4729,0.0,0.0,1.0,White,24.565,3,15.0,14.0,0.0,0.0,13.71,7.0,2.0,4.0,2.0,0.0,2.0,4.0,2.0,0.0,1.0,0.0
4730,1.0,0.0,1.0,White,,3,17.0,14.0,0.0,0.0,52.445,0.0,2.0,4.0,0.0,0.0,3.0,4.0,2.0,0.0,0.0,0.0
4731,1.0,0.0,0.0,White,21.25,6,17.0,18.0,0.0,0.0,89.38,4.0,2.0,2.0,0.0,0.0,2.0,2.0,1.0,0.0,0.0,0.0
4732,1.0,0.0,1.0,White,21.25,6,17.0,18.0,0.0,0.0,99.069,6.0,1.0,1.0,0.0,0.0,1.0,1.0,1.0,0.0,0.0,0.0
4733,0.0,0.0,1.0,Hispanic,0.145,3,11.0,8.0,0.0,0.0,20.076,2.0,2.0,2.0,0.0,0.0,1.0,1.0,1.0,0.0,0.0,0.0
4734,0.0,0.0,0.0,Hispanic,2.295,6,9.0,3.0,0.0,0.0,0.362,2.0,2.0,2.0,0.0,1.0,3.0,2.0,1.0,0.0,0.0,0.0
4735,0.0,0.0,0.0,Hispanic,8.05,4,12.0,,0.0,0.0,,15.0,2.0,2.0,5.0,10.0,4.0,5.0,5.0,0.0,0.0,0.0
4736,1.0,0.0,0.0,White,-0.225,5,14.0,10.0,0.0,0.0,76.309,5.0,3.0,2.0,0.0,0.0,2.0,1.0,2.0,1.0,1.0,0.0
4737,0.0,1.0,0.0,White,23.7601,5,12.0,12.0,0.0,,25.471,3.0,2.0,2.0,0.0,0.0,4.0,4.0,2.0,0.0,0.0,0.0
4738,0.0,0.0,1.0,White,,5,,,,,,10.0,1.0,2.0,0.0,0.0,3.0,2.0,2.0,0.0,0.0,0.0
4739,1.0,0.0,1.0,Hispanic,1.27,5,17.0,12.0,0.0,0.0,84.094,3.0,2.0,2.0,1.0,0.0,1.0,1.0,1.0,0.0,0.0,0.0
4740,1.0,0.0,0.0,Hispanic,17.675,8,12.0,12.0,0.0,0.0,33.212,10.0,1.0,2.0,0.0,0.0,3.0,4.0,3.0,0.0,0.0,0.0
4741,0.0,0.0,1.0,Hispanic,17.675,8,12.0,12.0,0.0,,50.053,2.0,3.0,2.0,0.0,0.0,2.0,3.0,2.0,0.0,0.0,0.0
4742,0.0,0.0,1.0,Hispanic,8.48,5,12.0,14.0,0.0,0.0,18.815,0.0,2.0,2.0,0.0,0.0,2.0,2.0,1.0,1.0,0.0,1.0
4743,0.0,0.0,0.0,Black,16.87,4,12.0,14.0,0.0,0.0,30.552,0.0,2.0,2.0,0.0,0.0,2.0,1.0,2.0,0.0,0.0,1.0
4744,1.0,0.0,0.0,White,5.68,5,11.0,14.0,0.0,0.0,,3.0,2.0,2.0,2.0,0.0,2.0,1.0,2.0,1.0,0.0,1.0
4745,0.0,0.0,0.0,Hispanic,4.87,5,12.0,,0.0,0.0,42.924,5.0,2.0,2.0,0.0,0.0,2.0,1.0,1.0,0.0,0.0,0.0
4746,1.0,0.0,0.0,Asian,,5,12.0,12.0,,,41.927,7.0,1.0,1.0,0.0,0.0,1.0,1.0,1.0,1.0,,0.0
4747,1.0,0.0,1.0,Black,7.205,3,20.0,14.0,0.0,0.0,22.758,1.0,2.0,3.0,0.0,0.0,2.0,2.0,1.0,0.0,0.0,0.0
4748,1.0,0.0,1.0,White,4.38,3,14.0,16.0,0.0,0.0,73.388,15.0,2.0,3.0,1.0,1.0,1.0,1.0,1.0,0.0,1.0,0.0
4749,0.0,0.0,0.0,White,1.76,3,12.0,12.0,0.0,0.0,46.659,1.0,1.0,2.0,0.0,0.0,4.0,5.0,4.0,0.0,0.0,1.0
4750,0.0,0.0,0.0,White,4.05,4,12.0,12.0,0.0,0.0,67.153,3.0,2.0,2.0,0.0,0.0,2.0,2.0,1.0,0.0,0.0,0.0
4751,1.0,0.0,0.0,White,2.425,7,17.0,19.0,0.0,0.0,72.105,0.0,2.0,2.0,0.0,0.0,1.0,1.0,1.0,0.0,0.0,0.0
4752,1.0,0.0,0.0,White,,4,12.0,12.0,,0.0,19.183,7.0,2.0,1.0,0.0,0.0,3.0,3.0,1.0,0.0,1.0,1.0
4753,1.0,0.0,1.0,White,,4,12.0,12.0,,0.0,19.781,8.0,2.0,2.0,6.0,1.0,2.0,2.0,2.0,0.0,0.0,0.0
4754,1.0,0.0,1.0,Other,,6,12.0,11.0,,,,6.0,2.0,2.0,0.0,0.0,2.0,2.0,2.0,0.0,,0.0
4755,0.0,0.0,1.0,Hispanic,0.075,4,17.0,,1.0,0.0,27.656,4.0,2.0,3.0,1.0,0.0,3.0,5.0,1.0,0.0,,0.0
4756,1.0,0.0,1.0,Asian,,6,,,,,24.378,0.0,2.0,2.0,0.0,0.0,4.0,3.0,2.0,0.0,0.0,0.0
4757,1.0,0.0,1.0,Asian,,6,,,,0.0,17.36,0.0,2.0,2.0,0.0,0.0,,2.0,1.0,0.0,0.0,0.0
4758,1.0,0.0,1.0,Black,2.4188,5,14.0,8.0,0.0,0.0,77.261,16.0,3.0,4.0,0.0,0.0,4.0,5.0,3.0,0.0,,0.0
4759,1.0,0.0,0.0,White,1.555,4,9.0,12.0,0.0,0.0,90.763,6.0,2.0,2.0,0.0,0.0,3.0,3.0,1.0,0.0,0.0,0.0
4760,0.0,0.0,1.0,White,1.555,4,9.0,12.0,0.0,0.0,59.3,2.0,1.0,2.0,0.0,0.0,1.0,,1.0,1.0,0.0,1.0
4761,0.0,0.0,1.0,White,0.87,3,13.0,14.0,1.0,0.0,83.513,4.0,2.0,2.0,0.0,0.0,3.0,1.0,1.0,1.0,,1.0
4762,1.0,0.0,0.0,Hispanic,0.695,3,12.0,12.0,0.0,0.0,34.419,6.0,2.0,1.0,0.0,0.0,1.0,1.0,1.0,0.0,0.0,0.0
4763,1.0,0.0,0.0,White,6.875,2,14.0,16.0,0.0,,96.906,6.0,2.0,1.0,0.0,0.0,2.0,1.0,1.0,0.0,0.0,0.0
4764,0.0,0.0,0.0,Hispanic,0.355,3,7.0,8.0,0.0,0.0,,6.0,2.0,2.0,1.0,0.0,3.0,3.0,2.0,0.0,0.0,0.0
4765,1.0,0.0,0.0,Asian,,10,,16.0,,0.0,32.881,0.0,2.0,2.0,0.0,0.0,2.0,2.0,4.0,0.0,,0.0
4766,0.0,0.0,0.0,Hispanic,,4,12.0,14.0,0.0,0.0,,4.0,2.0,2.0,0.0,0.0,4.0,3.0,2.0,0.0,,0.0
4767,0.0,0.0,1.0,Hispanic,,4,12.0,14.0,0.0,,,5.0,,2.0,0.0,0.0,2.0,2.0,1.0,0.0,,1.0
4768,0.0,0.0,1.0,Hispanic,0.495,5,9.0,12.0,0.0,,59.057,4.0,2.0,3.0,0.0,0.0,4.0,3.0,3.0,0.0,0.0,0.0
4769,1.0,0.0,0.0,White,2.05,4,13.0,12.0,0.0,0.0,,0.0,2.0,2.0,0.0,0.0,2.0,3.0,1.0,0.0,,0.0
4770,1.0,0.0,1.0,White,4.55,3,14.0,20.0,0.0,0.0,,1.0,2.0,2.0,3.0,0.0,4.0,3.0,1.0,0.0,,0.0
4771,1.0,0.0,1.0,Other,-1.445,2,13.0,16.0,0.0,0.0,,4.0,2.0,2.0,0.0,0.0,2.0,1.0,2.0,0.0,0.0,0.0
4772,1.0,0.0,1.0,Hispanic,0.75,3,14.0,11.0,0.0,0.0,73.298,3.0,2.0,2.0,0.0,0.0,1.0,1.0,1.0,0.0,0.0,0.0
4773,0.0,0.0,1.0,Hispanic,0.235,4,6.0,14.0,0.0,0.0,42.185,2.0,2.0,3.0,0.0,0.0,3.0,2.0,2.0,0.0,0.0,0.0
4774,0.0,0.0,0.0,Hispanic,0.235,4,6.0,14.0,0.0,0.0,21.164,0.0,2.0,2.0,0.0,0.0,1.0,1.0,2.0,0.0,0.0,0.0
4775,0.0,0.0,1.0,Hispanic,2.49,7,12.0,3.0,0.0,0.0,6.958,6.0,2.0,4.0,0.0,1.0,3.0,2.0,5.0,0.0,0.0,0.0
4776,1.0,0.0,0.0,Hispanic,5.3129,4,2.0,2.0,1.0,0.0,48.138,0.0,1.0,2.0,0.0,0.0,2.0,1.0,1.0,0.0,0.0,0.0
4777,1.0,0.0,1.0,Hispanic,0.288,6,6.0,11.0,0.0,0.0,,10.0,3.0,2.0,0.0,0.0,4.0,5.0,5.0,0.0,,0.0
4778,0.0,0.0,1.0,Hispanic,2.375,6,2.0,,0.0,,,0.0,2.0,1.0,0.0,0.0,4.0,3.0,5.0,0.0,0.0,0.0
4779,0.0,0.0,1.0,Hispanic,5.55,7,12.0,12.0,0.0,0.0,45.366,9.0,2.0,2.0,0.0,1.0,5.0,3.0,1.0,0.0,0.0,1.0
4780,0.0,0.0,0.0,Hispanic,4.675,7,8.0,13.0,0.0,0.0,,14.0,2.0,1.0,0.0,0.0,2.0,3.0,5.0,0.0,1.0,0.0
4781,0.0,0.0,0.0,White,0.3836,3,11.0,10.0,0.0,0.0,2.618,20.0,2.0,4.0,2.0,0.0,3.0,3.0,1.0,,1.0,1.0
4782,1.0,0.0,0.0,Hispanic,,3,9.0,10.0,0.0,1.0,,3.0,2.0,2.0,0.0,0.0,2.0,3.0,2.0,0.0,0.0,0.0
4783,0.0,0.0,1.0,Hispanic,,3,9.0,10.0,0.0,0.0,,3.0,2.0,2.0,0.0,0.0,2.0,2.0,1.0,0.0,0.0,0.0
4784,0.0,0.0,1.0,Hispanic,0.075,5,,6.0,0.0,0.0,13.435,0.0,2.0,2.0,0.0,0.0,1.0,1.0,1.0,0.0,0.0,0.0
4785,1.0,0.0,1.0,Hispanic,11.555,6,12.0,12.0,0.0,0.0,61.479,2.0,1.0,3.0,1.0,0.0,1.0,3.0,2.0,0.0,0.0,0.0
4786,0.0,0.0,1.0,Hispanic,11.555,6,12.0,12.0,0.0,0.0,52.399,4.0,2.0,2.0,0.0,0.0,1.0,1.0,1.0,0.0,0.0,0.0
4787,1.0,0.0,0.0,White,,4,15.0,18.0,0.0,0.0,52.219,3.0,1.0,2.0,2.0,0.0,2.0,2.0,1.0,0.0,1.0,0.0
4788,1.0,0.0,0.0,White,,4,16.0,12.0,0.0,0.0,98.261,2.0,2.0,,0.0,0.0,3.0,3.0,2.0,0.0,0.0,0.0
4789,1.0,0.0,1.0,White,,4,16.0,12.0,0.0,0.0,56.924,1.0,2.0,,0.0,0.0,3.0,3.0,1.0,0.0,0.0,0.0
4790,0.0,,0.0,White,1.75,3,13.0,20.0,0.0,0.0,77.219,13.0,2.0,3.0,4.0,1.0,3.0,1.0,4.0,0.0,1.0,1.0
4791,0.0,,0.0,White,,4,16.0,16.0,0.0,,,3.0,2.0,2.0,0.0,0.0,3.0,5.0,1.0,0.0,,0.0
4792,0.0,0.0,1.0,White,,4,14.0,15.0,,0.0,59.929,5.0,2.0,1.0,0.0,0.0,2.0,2.0,1.0,0.0,0.0,0.0
4793,1.0,0.0,0.0,White,,5,16.0,17.0,,0.0,,1.0,2.0,1.0,0.0,0.0,3.0,3.0,2.0,0.0,0.0,0.0
4794,1.0,0.0,0.0,Asian,,4,16.0,16.0,0.0,,,1.0,2.0,2.0,0.0,0.0,3.0,1.0,2.0,1.0,,0.0
4795,1.0,0.0,1.0,Hispanic,0.115,7,12.0,,0.0,0.0,,4.0,2.0,2.0,0.0,3.0,2.0,3.0,1.0,0.0,0.0,0.0
4796,1.0,1.0,1.0,White,,4,14.0,12.0,,0.0,28.103,5.0,2.0,2.0,1.0,0.0,3.0,3.0,4.0,1.0,0.0,1.0
4797,1.0,0.0,1.0,White,1.95,4,16.0,12.0,0.0,0.0,81.956,6.0,1.0,2.0,0.0,0.0,2.0,1.0,1.0,1.0,0.0,0.0
4798,0.0,0.0,0.0,Hispanic,,5,13.0,20.0,0.0,0.0,37.775,4.0,1.0,1.0,2.0,0.0,1.0,1.0,1.0,1.0,0.0,0.0
4799,1.0,0.0,0.0,White,9.23,3,14.0,16.0,0.0,0.0,73.21,1.0,2.0,2.0,0.0,0.0,2.0,2.0,1.0,1.0,1.0,0.0
4800,0.0,0.0,0.0,White,1.175,3,11.0,12.0,0.0,,42.726,7.0,2.0,1.0,0.0,0.0,2.0,1.0,1.0,0.0,0.0,1.0
4801,1.0,1.0,1.0,White,23.7,3,13.0,16.0,0.0,0.0,89.023,3.0,2.0,3.0,1.0,0.0,3.0,2.0,2.0,0.0,0.0,0.0
4802,1.0,1.0,1.0,White,-0.095,4,16.0,16.0,0.0,0.0,,8.0,1.0,1.0,0.0,0.0,2.0,2.0,1.0,0.0,0.0,0.0
4803,1.0,0.0,0.0,White,6.96,4,14.0,15.0,0.0,0.0,64.954,1.0,2.0,3.0,0.0,0.0,1.0,1.0,1.0,0.0,0.0,0.0
4804,1.0,0.0,1.0,White,5.08,5,12.0,12.0,0.0,0.0,39.886,0.0,2.0,2.0,0.0,0.0,4.0,2.0,1.0,0.0,,0.0
4805,0.0,0.0,0.0,White,0.5,4,11.0,10.0,0.0,0.0,57.602,5.0,2.0,2.0,0.0,0.0,1.0,1.0,1.0,0.0,0.0,0.0
4806,0.0,0.0,1.0,White,1.635,4,14.0,,1.0,,48.726,0.0,1.0,3.0,0.0,0.0,2.0,1.0,1.0,0.0,1.0,0.0
4807,0.0,0.0,1.0,White,-0.515,3,12.0,12.0,0.0,,68.145,1.0,2.0,2.0,0.0,0.0,4.0,3.0,1.0,0.0,0.0,0.0
4808,0.0,0.0,0.0,White,0.85,3,9.0,12.0,0.0,1.0,,4.0,2.0,2.0,0.0,0.0,2.0,1.0,1.0,,0.0,1.0
4809,0.0,0.0,1.0,White,-0.4241,3,11.0,11.0,0.0,0.0,,4.0,1.0,1.0,0.0,0.0,2.0,1.0,1.0,0.0,,0.0
4810,0.0,0.0,0.0,White,6.105,6,11.0,12.0,0.0,,23.489,5.0,2.0,2.0,0.0,1.0,3.0,3.0,1.0,0.0,0.0,1.0
4811,0.0,0.0,1.0,White,6.105,6,11.0,12.0,0.0,0.0,54.258,1.0,1.0,2.0,1.0,0.0,2.0,3.0,1.0,0.0,0.0,0.0
4812,1.0,0.0,1.0,White,10.19,4,16.0,13.0,0.0,0.0,90.86,1.0,3.0,,0.0,0.0,1.0,1.0,1.0,1.0,0.0,0.0
4813,1.0,1.0,0.0,White,17.99,3,18.0,16.0,0.0,0.0,62.617,0.0,2.0,2.0,0.0,0.0,3.0,,1.0,0.0,0.0,0.0
4814,1.0,0.0,0.0,White,20.275,3,12.0,20.0,0.0,0.0,89.008,7.0,3.0,3.0,0.0,0.0,1.0,1.0,1.0,0.0,1.0,0.0
4815,0.0,0.0,1.0,White,4.21,7,20.0,20.0,0.0,0.0,100.0,3.0,1.0,2.0,0.0,0.0,1.0,1.0,1.0,0.0,0.0,0.0
4816,1.0,0.0,1.0,White,,5,13.0,12.0,0.0,0.0,85.215,9.0,2.0,3.0,0.0,0.0,3.0,4.0,1.0,0.0,0.0,0.0
4817,0.0,0.0,0.0,White,,5,13.0,12.0,0.0,,92.098,1.0,3.0,4.0,0.0,0.0,4.0,2.0,1.0,1.0,,0.0
4818,1.0,0.0,0.0,White,22.5,4,14.0,14.0,0.0,0.0,95.58,0.0,2.0,1.0,0.0,0.0,1.0,1.0,1.0,0.0,0.0,0.0
4819,0.0,0.0,0.0,White,,4,20.0,5.0,0.0,,75.651,0.0,2.0,2.0,0.0,0.0,,,1.0,0.0,0.0,1.0
4820,1.0,0.0,0.0,White,7.43,4,14.0,12.0,0.0,0.0,97.8,2.0,1.0,2.0,0.0,0.0,3.0,2.0,1.0,0.0,0.0,0.0
4821,1.0,0.0,1.0,White,7.43,4,14.0,12.0,0.0,,77.652,3.0,2.0,1.0,0.0,0.0,1.0,1.0,1.0,0.0,0.0,0.0
4822,1.0,1.0,1.0,White,7.43,4,14.0,12.0,0.0,0.0,78.734,6.0,1.0,1.0,0.0,0.0,1.0,1.0,1.0,0.0,1.0,0.0
4823,,,1.0,White,12.5,5,12.0,12.0,0.0,,76.867,6.0,2.0,2.0,0.0,0.0,4.0,4.0,1.0,0.0,,0.0
4824,0.0,,0.0,White,,4,12.0,12.0,0.0,,50.988,0.0,2.0,2.0,0.0,0.0,3.0,3.0,1.0,0.0,,0.0
4825,1.0,0.0,1.0,White,25.25,4,13.0,11.0,0.0,,49.115,5.0,2.0,3.0,0.0,0.0,4.0,2.0,2.0,1.0,1.0,0.0
4826,1.0,0.0,0.0,White,38.4,4,14.0,16.0,0.0,,98.327,3.0,2.0,3.0,0.0,0.0,3.0,2.0,1.0,0.0,0.0,0.0
4827,1.0,0.0,0.0,White,38.4,4,14.0,16.0,0.0,0.0,49.221,3.0,2.0,3.0,0.0,0.0,4.0,3.0,1.0,0.0,0.0,0.0
4828,1.0,0.0,1.0,White,15.775,4,12.0,12.0,0.0,0.0,,0.0,1.0,2.0,0.0,0.0,3.0,3.0,2.0,0.0,0.0,0.0
4829,1.0,0.0,1.0,White,2.455,5,13.0,13.0,1.0,,9.427,0.0,2.0,2.0,2.0,0.0,3.0,2.0,1.0,1.0,0.0,0.0
4830,0.0,0.0,0.0,White,11.35,4,18.0,20.0,0.0,0.0,95.93,1.0,1.0,2.0,0.0,0.0,1.0,1.0,1.0,0.0,0.0,0.0
4831,0.0,0.0,0.0,White,0.25,2,12.0,12.0,0.0,0.0,,5.0,3.0,3.0,5.0,1.0,3.0,2.0,2.0,1.0,0.0,0.0
4832,1.0,0.0,0.0,White,6.33,5,16.0,16.0,0.0,0.0,91.591,2.0,1.0,3.0,0.0,0.0,1.0,1.0,1.0,0.0,0.0,1.0
4833,0.0,1.0,0.0,White,27.3863,4,19.0,20.0,0.0,0.0,100.0,,,,,,3.0,3.0,1.0,1.0,1.0,0.0
4834,0.0,0.0,1.0,White,-0.021,4,11.0,10.0,0.0,0.0,63.168,20.0,2.0,3.0,0.0,0.0,4.0,3.0,1.0,1.0,1.0,0.0
4835,1.0,0.0,0.0,White,-0.021,4,11.0,10.0,0.0,0.0,37.739,10.0,2.0,2.0,0.0,0.0,3.0,1.0,1.0,0.0,0.0,0.0
4836,0.0,0.0,0.0,White,27.05,4,14.0,13.0,0.0,0.0,55.07,0.0,2.0,2.0,0.0,0.0,4.0,3.0,2.0,0.0,0.0,0.0
4837,1.0,0.0,1.0,White,16.07,5,16.0,12.0,0.0,0.0,66.693,5.0,2.0,2.0,0.0,0.0,3.0,2.0,1.0,0.0,0.0,0.0
4838,1.0,0.0,1.0,White,17.045,4,12.0,12.0,0.0,0.0,53.674,1.0,1.0,2.0,0.0,0.0,5.0,3.0,1.0,0.0,0.0,0.0
4839,1.0,0.0,0.0,White,45.55,5,12.0,12.0,0.0,0.0,54.946,0.0,2.0,1.0,1.0,1.0,1.0,1.0,1.0,1.0,0.0,0.0
4840,1.0,0.0,0.0,White,23.85,4,12.0,16.0,0.0,,23.402,3.0,2.0,2.0,0.0,0.0,3.0,2.0,1.0,0.0,0.0,0.0
4841,1.0,0.0,1.0,White,7.025,4,8.0,15.0,0.0,0.0,84.073,10.0,2.0,2.0,1.0,0.0,4.0,3.0,1.0,0.0,0.0,0.0
4842,1.0,0.0,1.0,White,7.025,4,8.0,15.0,0.0,0.0,92.27,9.0,2.0,2.0,0.0,0.0,5.0,1.0,1.0,0.0,0.0,1.0
4843,0.0,0.0,1.0,White,,5,,12.0,0.0,0.0,54.58,1.0,2.0,2.0,1.0,0.0,4.0,3.0,1.0,0.0,,0.0
4844,0.0,0.0,0.0,White,,5,12.0,11.0,0.0,,13.325,1.0,1.0,4.0,6.0,0.0,4.0,3.0,2.0,1.0,1.0,0.0
4845,0.0,0.0,0.0,White,6.45,4,12.0,11.0,0.0,0.0,68.012,5.0,2.0,1.0,0.0,0.0,4.0,4.0,1.0,0.0,0.0,0.0
4846,0.0,1.0,1.0,White,6.45,4,12.0,11.0,0.0,0.0,15.777,5.0,3.0,3.0,2.0,0.0,4.0,3.0,1.0,0.0,0.0,0.0
4847,0.0,1.0,0.0,White,3.745,2,10.0,,0.0,,56.578,10.0,4.0,3.0,0.0,6.0,4.0,5.0,1.0,0.0,1.0,1.0
4848,0.0,0.0,0.0,White,6.67,4,12.0,12.0,0.0,0.0,64.711,2.0,2.0,3.0,1.0,0.0,2.0,1.0,1.0,0.0,,0.0
4849,0.0,0.0,0.0,White,11.71,5,13.0,16.0,0.0,0.0,47.756,2.0,2.0,1.0,0.0,0.0,1.0,1.0,1.0,0.0,,0.0
4850,0.0,0.0,1.0,Asian,,6,14.0,,,0.0,45.413,3.0,1.0,3.0,0.0,0.0,4.0,4.0,3.0,0.0,0.0,0.0
4851,0.0,0.0,0.0,Asian,,6,,,,,71.887,3.0,1.0,2.0,0.0,0.0,1.0,1.0,1.0,0.0,0.0,0.0
4852,0.0,0.0,1.0,White,60.0,4,14.0,16.0,0.0,0.0,67.479,4.0,2.0,2.0,0.0,0.0,2.0,3.0,1.0,0.0,0.0,0.0
4853,1.0,0.0,0.0,White,29.35,4,17.0,18.0,0.0,0.0,85.126,0.0,2.0,2.0,1.0,0.0,1.0,,1.0,1.0,0.0,0.0
4854,,,1.0,White,,6,6.0,10.0,0.0,,29.988,9.0,2.0,3.0,0.0,0.0,3.0,4.0,2.0,0.0,,0.0
4855,1.0,0.0,1.0,Other,13.85,4,12.0,12.0,0.0,0.0,62.33,4.0,2.0,2.0,0.0,0.0,2.0,1.0,1.0,0.0,0.0,0.0
4856,0.0,0.0,1.0,Hispanic,7.4001,6,4.0,,0.0,0.0,58.139,18.0,2.0,2.0,0.0,0.0,5.0,4.0,2.0,0.0,0.0,0.0
4857,0.0,0.0,1.0,Hispanic,7.4001,6,2.0,,0.0,0.0,3.353,17.0,2.0,3.0,0.0,0.0,1.0,1.0,1.0,0.0,0.0,1.0
4858,1.0,0.0,1.0,White,6.29,5,17.0,17.0,0.0,0.0,97.702,1.0,2.0,2.0,0.0,0.0,1.0,1.0,1.0,0.0,0.0,0.0
4859,1.0,0.0,1.0,White,0.175,2,12.0,12.0,0.0,,76.132,15.0,2.0,3.0,5.0,0.0,4.0,3.0,1.0,0.0,,0.0
4860,0.0,0.0,1.0,White,4.7,3,13.0,,0.0,,24.319,2.0,2.0,2.0,0.0,0.0,4.0,3.0,1.0,0.0,0.0,0.0
4861,0.0,0.0,0.0,White,,4,12.0,12.0,0.0,,15.832,10.0,3.0,3.0,0.0,0.0,4.0,4.0,2.0,0.0,0.0,0.0
4862,1.0,0.0,1.0,White,1.07,3,12.0,11.0,0.0,0.0,59.635,6.0,1.0,1.0,0.0,0.0,2.0,2.0,1.0,0.0,0.0,0.0
4863,0.0,0.0,0.0,White,3.45,5,16.0,14.0,0.0,0.0,82.847,3.0,2.0,2.0,0.0,0.0,3.0,2.0,1.0,0.0,0.0,0.0
4864,1.0,0.0,0.0,White,3.45,5,16.0,14.0,0.0,0.0,55.075,6.0,3.0,3.0,2.0,1.0,1.0,1.0,1.0,0.0,0.0,1.0
4865,0.0,0.0,1.0,White,3.56,5,16.0,12.0,0.0,0.0,52.554,16.0,2.0,3.0,2.0,0.0,4.0,2.0,1.0,0.0,0.0,1.0
4866,1.0,0.0,0.0,White,3.5,3,12.0,12.0,0.0,,81.61,0.0,2.0,3.0,0.0,0.0,2.0,1.0,1.0,0.0,0.0,0.0
4867,0.0,0.0,1.0,White,4.45,5,8.0,,0.0,0.0,2.308,3.0,2.0,2.0,5.0,0.0,,1.0,1.0,0.0,0.0,0.0
4868,0.0,0.0,1.0,White,1.875,7,11.0,11.0,0.0,0.0,2.573,0.0,2.0,3.0,0.0,0.0,5.0,5.0,1.0,0.0,0.0,0.0
4869,0.0,0.0,0.0,White,,4,11.0,,0.0,,15.171,4.0,1.0,4.0,0.0,1.0,2.0,2.0,1.0,0.0,0.0,1.0
4870,1.0,0.0,0.0,White,,4,12.0,12.0,0.0,0.0,93.08,1.0,1.0,2.0,0.0,0.0,2.0,2.0,1.0,0.0,0.0,0.0
4871,1.0,0.0,1.0,White,,3,13.0,,,0.0,89.185,7.0,1.0,3.0,0.0,0.0,4.0,3.0,3.0,0.0,0.0,0.0
4872,1.0,0.0,0.0,White,,3,13.0,,,,55.194,1.0,1.0,1.0,1.0,0.0,1.0,1.0,1.0,0.0,0.0,0.0
4873,1.0,0.0,1.0,White,7.5,7,12.0,12.0,0.0,0.0,51.127,8.0,2.0,3.0,0.0,0.0,1.0,3.0,1.0,0.0,0.0,0.0
4874,0.0,0.0,0.0,White,7.5,7,12.0,12.0,0.0,0.0,3.272,5.0,2.0,2.0,0.0,1.0,1.0,1.0,1.0,0.0,0.0,0.0
4875,1.0,0.0,1.0,White,,5,14.0,12.0,0.0,0.0,64.686,6.0,2.0,4.0,0.0,0.0,1.0,2.0,1.0,0.0,0.0,0.0
4876,1.0,0.0,1.0,White,,7,14.0,14.0,0.0,0.0,87.924,0.0,2.0,2.0,0.0,0.0,5.0,5.0,1.0,0.0,0.0,0.0
4877,1.0,0.0,1.0,White,,7,14.0,14.0,0.0,,45.857,0.0,1.0,1.0,0.0,0.0,1.0,,,0.0,1.0,0.0
4878,1.0,0.0,1.0,White,,5,12.0,12.0,0.0,0.0,91.577,3.0,2.0,3.0,0.0,0.0,3.0,2.0,1.0,0.0,0.0,0.0
4879,1.0,0.0,1.0,White,2.2,2,14.0,,0.0,0.0,,8.0,1.0,2.0,0.0,0.0,1.0,1.0,1.0,0.0,0.0,0.0
4880,0.0,0.0,1.0,White,0.455,6,12.0,9.0,0.0,,18.097,5.0,2.0,2.0,3.0,0.0,5.0,2.0,4.0,0.0,,1.0
4881,1.0,0.0,1.0,White,8.55,3,14.0,14.0,0.0,0.0,,1.0,2.0,2.0,0.0,0.0,3.0,2.0,1.0,0.0,0.0,0.0
4882,1.0,1.0,1.0,White,0.475,5,15.0,16.0,0.0,0.0,56.301,6.0,2.0,3.0,0.0,0.0,4.0,3.0,1.0,0.0,,0.0
4883,0.0,0.0,0.0,White,,5,12.0,14.0,0.0,,35.565,3.0,2.0,2.0,0.0,0.0,1.0,1.0,1.0,0.0,,0.0
4884,0.0,0.0,0.0,White,,4,11.0,11.0,,0.0,31.435,10.0,2.0,2.0,0.0,0.0,4.0,4.0,1.0,0.0,0.0,0.0
4885,1.0,0.0,1.0,White,5.15,4,16.0,16.0,0.0,0.0,80.441,0.0,1.0,2.0,0.0,0.0,3.0,2.0,4.0,1.0,1.0,0.0
4886,0.0,0.0,0.0,White,,5,10.0,12.0,0.0,,47.928,2.0,2.0,2.0,0.0,0.0,2.0,1.0,1.0,0.0,0.0,0.0
4887,1.0,0.0,0.0,White,0.8,3,13.0,,0.0,,68.585,25.0,2.0,2.0,0.0,0.0,2.0,2.0,1.0,0.0,0.0,0.0
4889,1.0,0.0,0.0,White,,5,18.0,18.0,0.0,0.0,47.042,2.0,1.0,2.0,0.0,0.0,3.0,5.0,1.0,0.0,0.0,0.0
4890,1.0,0.0,0.0,White,9.45,6,16.0,18.0,0.0,0.0,55.872,1.0,2.0,3.0,1.0,1.0,1.0,1.0,1.0,1.0,0.0,0.0
4891,1.0,,0.0,White,28.35,2,13.0,12.0,0.0,0.0,,5.0,1.0,2.0,0.0,0.0,3.0,2.0,1.0,0.0,0.0,0.0
4892,0.0,0.0,0.0,White,4.775,4,11.0,9.0,0.0,0.0,6.637,10.0,3.0,3.0,3.0,3.0,4.0,1.0,1.0,0.0,,0.0
4893,0.0,0.0,1.0,White,,4,14.0,16.0,,,9.36,18.0,4.0,3.0,0.0,0.0,5.0,4.0,1.0,1.0,1.0,1.0
4894,0.0,0.0,0.0,White,4.4455,4,12.0,7.0,,,78.712,30.0,3.0,2.0,12.0,0.0,5.0,5.0,5.0,1.0,1.0,0.0
4895,1.0,0.0,1.0,White,,4,12.0,12.0,0.0,0.0,91.625,5.0,2.0,3.0,0.0,0.0,3.0,2.0,1.0,0.0,,0.0
4896,0.0,0.0,0.0,White,0.4,3,10.0,10.0,0.0,,20.776,4.0,1.0,1.0,0.0,0.0,3.0,1.0,1.0,0.0,,0.0
4897,1.0,0.0,0.0,White,4.05,3,12.0,13.0,0.0,0.0,71.536,6.0,2.0,2.0,3.0,0.0,3.0,1.0,1.0,0.0,1.0,0.0
4898,0.0,0.0,1.0,White,,3,12.0,10.0,0.0,,14.504,6.0,2.0,3.0,0.0,0.0,4.0,2.0,1.0,0.0,,1.0
4899,0.0,0.0,1.0,White,,4,14.0,14.0,,0.0,79.714,5.0,2.0,2.0,0.0,0.0,4.0,5.0,1.0,0.0,0.0,0.0
4900,0.0,0.0,0.0,White,11.525,3,14.0,12.0,0.0,0.0,71.171,1.0,3.0,2.0,0.0,0.0,4.0,3.0,1.0,0.0,0.0,0.0
4901,0.0,0.0,1.0,White,3.5775,5,12.0,12.0,0.0,0.0,19.915,1.0,3.0,3.0,0.0,0.0,5.0,5.0,1.0,0.0,0.0,0.0
4902,0.0,0.0,0.0,White,3.5775,5,12.0,12.0,0.0,0.0,16.852,8.0,2.0,4.0,0.0,0.0,3.0,2.0,1.0,0.0,0.0,0.0
4903,1.0,0.0,1.0,Black,2.07,6,14.0,14.0,0.0,0.0,52.429,1.0,2.0,2.0,6.0,0.0,1.0,2.0,1.0,1.0,0.0,0.0
4904,1.0,0.0,1.0,White,9.33,6,16.0,12.0,0.0,0.0,67.953,15.0,4.0,4.0,2.0,1.0,3.0,4.0,1.0,1.0,1.0,1.0
4905,1.0,0.0,1.0,White,3.455,4,13.0,10.0,0.0,,35.599,0.0,2.0,1.0,0.0,0.0,3.0,1.0,2.0,0.0,0.0,0.0
4906,0.0,0.0,0.0,White,8.21,5,11.0,,1.0,0.0,63.342,5.0,1.0,2.0,0.0,0.0,1.0,1.0,1.0,0.0,0.0,0.0
4907,1.0,0.0,0.0,White,8.21,5,11.0,,1.0,0.0,24.335,,1.0,2.0,,,1.0,1.0,1.0,0.0,0.0,0.0
4908,0.0,0.0,0.0,White,,5,12.0,12.0,,0.0,50.841,6.0,2.0,1.0,0.0,0.0,4.0,5.0,1.0,0.0,,0.0
4909,1.0,0.0,0.0,White,2.315,5,12.0,12.0,,0.0,65.673,0.0,3.0,3.0,0.0,1.0,4.0,2.0,1.0,1.0,0.0,0.0
4910,0.0,0.0,0.0,White,,5,12.0,12.0,,0.0,7.544,3.0,2.0,2.0,0.0,0.0,1.0,1.0,1.0,1.0,0.0,0.0
4911,1.0,0.0,0.0,White,17.2,4,12.0,12.0,0.0,0.0,84.766,3.0,2.0,2.0,5.0,1.0,4.0,4.0,3.0,0.0,0.0,0.0
4912,1.0,0.0,0.0,White,17.2,4,12.0,12.0,0.0,0.0,29.173,3.0,1.0,2.0,0.0,0.0,1.0,1.0,1.0,0.0,0.0,0.0
4913,1.0,0.0,0.0,White,4.85,5,12.0,14.0,0.0,0.0,84.222,0.0,2.0,2.0,0.0,0.0,1.0,1.0,1.0,0.0,0.0,0.0
4914,0.0,0.0,0.0,White,2.45,5,14.0,12.0,0.0,0.0,,3.0,2.0,2.0,0.0,0.0,3.0,2.0,2.0,0.0,,0.0
4915,1.0,0.0,1.0,White,,4,12.0,12.0,0.0,0.0,93.916,3.0,2.0,2.0,0.0,0.0,3.0,3.0,1.0,0.0,0.0,0.0
4916,0.0,0.0,0.0,White,,4,12.0,12.0,0.0,0.0,74.51,7.0,2.0,3.0,0.0,0.0,,,1.0,0.0,0.0,0.0
4917,1.0,0.0,1.0,Other,5.97,4,14.0,12.0,0.0,0.0,65.362,2.0,2.0,4.0,3.0,0.0,5.0,5.0,2.0,0.0,0.0,0.0
4918,1.0,0.0,0.0,White,24.275,7,12.0,12.0,0.0,0.0,79.87,2.0,1.0,2.0,0.0,0.0,1.0,1.0,1.0,0.0,0.0,0.0
4919,0.0,0.0,0.0,White,24.275,7,12.0,12.0,0.0,0.0,64.039,2.0,1.0,1.0,0.0,0.0,1.0,1.0,1.0,0.0,0.0,0.0
4920,0.0,0.0,0.0,White,8.255,4,12.0,12.0,0.0,,23.419,2.0,2.0,1.0,0.0,0.0,2.0,1.0,1.0,1.0,0.0,1.0
4921,0.0,0.0,0.0,White,15.85,4,12.0,12.0,0.0,0.0,66.883,5.0,2.0,2.0,1.0,0.0,2.0,2.0,2.0,0.0,0.0,0.0
4922,0.0,,0.0,White,15.85,4,12.0,12.0,0.0,,53.373,5.0,2.0,2.0,0.0,0.0,1.0,1.0,1.0,0.0,,0.0
4923,0.0,0.0,1.0,White,15.86,5,12.0,12.0,0.0,0.0,,4.0,2.0,2.0,0.0,0.0,3.0,2.0,2.0,0.0,0.0,0.0
4924,,,1.0,White,9.2,7,12.0,10.0,0.0,,,5.0,2.0,3.0,0.0,0.0,1.0,1.0,1.0,0.0,,0.0
4925,0.0,,1.0,White,9.2,7,12.0,10.0,0.0,,,1.0,2.0,2.0,0.0,0.0,1.0,1.0,1.0,0.0,,0.0
4926,1.0,0.0,1.0,White,60.0,5,19.0,18.0,0.0,0.0,39.439,0.0,2.0,2.0,0.0,0.0,4.0,4.0,3.0,0.0,0.0,0.0
4927,1.0,0.0,0.0,White,33.7719,4,20.0,12.0,0.0,,77.125,2.0,1.0,1.0,0.0,0.0,2.0,1.0,1.0,0.0,0.0,0.0
4928,0.0,,0.0,White,,3,12.0,12.0,,,57.725,9.0,2.0,2.0,0.0,0.0,2.0,2.0,1.0,0.0,,0.0
4929,0.0,0.0,0.0,White,,5,12.0,,,0.0,,0.0,2.0,3.0,1.0,1.0,3.0,2.0,2.0,0.0,1.0,1.0
4930,0.0,0.0,0.0,White,,5,12.0,,,0.0,,2.0,4.0,3.0,0.0,0.0,2.0,2.0,2.0,0.0,,0.0
4931,0.0,0.0,0.0,White,41.65,4,12.0,12.0,0.0,0.0,21.363,5.0,2.0,3.0,0.0,0.0,2.0,1.0,1.0,0.0,0.0,0.0
4932,0.0,0.0,0.0,White,13.89,5,12.0,14.0,0.0,0.0,61.519,10.0,3.0,2.0,3.0,0.0,4.0,5.0,2.0,0.0,0.0,1.0
4933,0.0,0.0,1.0,White,3.3,4,11.0,11.0,0.0,,31.111,14.0,2.0,2.0,30.0,0.0,4.0,2.0,1.0,0.0,1.0,0.0
4934,0.0,1.0,0.0,White,0.845,4,12.0,12.0,0.0,0.0,88.783,15.0,2.0,2.0,1.0,0.0,1.0,1.0,1.0,1.0,1.0,0.0
4935,1.0,0.0,1.0,White,26.05,4,16.0,,0.0,,82.774,0.0,1.0,2.0,0.0,0.0,1.0,1.0,1.0,0.0,0.0,0.0
4936,0.0,0.0,0.0,Black,,4,,,,0.0,5.141,2.0,1.0,2.0,0.0,1.0,4.0,2.0,1.0,0.0,,1.0
4937,0.0,0.0,0.0,Black,60.0,4,12.0,,,0.0,28.963,1.0,1.0,3.0,0.0,1.0,2.0,1.0,1.0,0.0,0.0,1.0
4938,1.0,1.0,1.0,White,24.405,3,12.0,12.0,0.0,0.0,49.694,5.0,1.0,1.0,0.0,0.0,1.0,1.0,1.0,0.0,0.0,0.0
4939,1.0,,0.0,White,,3,12.0,16.0,0.0,,38.912,0.0,2.0,1.0,0.0,0.0,2.0,2.0,1.0,0.0,,0.0
4940,0.0,0.0,0.0,White,,3,12.0,16.0,0.0,0.0,40.828,1.0,4.0,2.0,0.0,0.0,3.0,2.0,1.0,0.0,,0.0
4941,1.0,0.0,1.0,White,4.8,4,14.0,16.0,0.0,0.0,91.543,0.0,2.0,2.0,2.0,0.0,1.0,1.0,2.0,1.0,0.0,0.0
4942,1.0,0.0,0.0,White,,4,12.0,12.0,0.0,0.0,90.3,2.0,3.0,2.0,0.0,0.0,4.0,3.0,2.0,0.0,0.0,0.0
4943,1.0,0.0,0.0,White,,4,12.0,12.0,0.0,0.0,63.87,0.0,2.0,3.0,0.0,0.0,3.0,1.0,1.0,0.0,1.0,0.0
4944,1.0,0.0,1.0,White,,5,12.0,12.0,0.0,0.0,81.403,1.0,2.0,3.0,0.0,0.0,2.0,1.0,1.0,1.0,0.0,0.0
4945,0.0,0.0,0.0,White,3.65,3,12.0,20.0,0.0,,,4.0,2.0,2.0,0.0,0.0,3.0,2.0,1.0,0.0,0.0,0.0
4946,0.0,,0.0,White,3.87,3,12.0,,0.0,,12.386,5.0,2.0,3.0,0.0,0.0,5.0,4.0,2.0,0.0,,0.0
4947,0.0,0.0,0.0,White,20.375,3,10.0,13.0,1.0,0.0,72.41,2.0,2.0,3.0,2.0,0.0,4.0,3.0,1.0,0.0,,0.0
4948,0.0,0.0,0.0,White,7.88,3,12.0,12.0,0.0,0.0,48.77,11.0,2.0,3.0,10.0,1.0,5.0,2.0,2.0,0.0,0.0,0.0
4949,0.0,0.0,1.0,White,-0.0857,5,14.0,9.0,0.0,,44.704,0.0,2.0,2.0,3.0,0.0,1.0,1.0,1.0,0.0,1.0,1.0
4950,0.0,0.0,0.0,White,2.65,5,10.0,11.0,0.0,0.0,4.238,33.0,2.0,2.0,1.0,0.0,5.0,3.0,2.0,0.0,1.0,1.0
4951,0.0,0.0,0.0,White,,4,,,,0.0,,5.0,2.0,2.0,3.0,0.0,2.0,2.0,1.0,0.0,0.0,0.0
4952,0.0,0.0,1.0,White,,4,,,,0.0,,0.0,1.0,2.0,0.0,0.0,2.0,1.0,1.0,0.0,0.0,0.0
4953,0.0,0.0,0.0,White,3.286,4,10.0,12.0,0.0,0.0,48.484,26.0,2.0,2.0,0.0,0.0,2.0,2.0,2.0,0.0,0.0,0.0
4954,0.0,0.0,0.0,White,3.286,4,10.0,12.0,0.0,0.0,20.143,17.0,2.0,3.0,0.0,0.0,2.0,1.0,1.0,0.0,0.0,1.0
4955,0.0,0.0,1.0,White,0.12,3,13.0,12.0,0.0,0.0,26.087,30.0,3.0,4.0,1.0,0.0,5.0,5.0,1.0,0.0,0.0,0.0
4956,0.0,0.0,1.0,White,0.12,3,13.0,12.0,0.0,0.0,73.855,20.0,2.0,2.0,0.0,0.0,1.0,1.0,1.0,0.0,,0.0
4957,0.0,0.0,0.0,White,0.3,5,12.0,,0.0,0.0,,1.0,2.0,3.0,0.0,0.0,1.0,1.0,2.0,0.0,0.0,0.0
4958,1.0,0.0,1.0,White,10.7,4,12.0,12.0,0.0,1.0,30.966,5.0,3.0,4.0,1.0,0.0,3.0,1.0,2.0,0.0,1.0,1.0
4959,0.0,0.0,1.0,White,5.775,5,12.0,9.0,0.0,1.0,54.763,3.0,1.0,1.0,20.0,0.0,2.0,1.0,1.0,0.0,0.0,1.0
4960,1.0,0.0,1.0,White,1.8212,2,14.0,12.0,0.0,1.0,67.943,5.0,2.0,3.0,0.0,0.0,4.0,4.0,1.0,0.0,0.0,1.0
4961,0.0,0.0,1.0,White,6.0,6,13.0,10.0,0.0,1.0,34.46,7.0,2.0,3.0,0.0,0.0,4.0,3.0,1.0,0.0,0.0,1.0
4962,0.0,0.0,1.0,White,6.0,6,13.0,10.0,0.0,,58.119,6.0,2.0,2.0,0.0,0.0,5.0,2.0,2.0,0.0,0.0,0.0
4963,0.0,0.0,1.0,White,5.2,6,12.0,10.0,0.0,0.0,17.766,5.0,1.0,2.0,0.0,0.0,5.0,4.0,1.0,0.0,0.0,0.0
4964,,,1.0,White,2.8953,2,16.0,12.0,0.0,,,0.0,1.0,1.0,0.0,0.0,2.0,2.0,1.0,1.0,,0.0
4965,0.0,0.0,0.0,White,2.87,4,12.0,9.0,0.0,0.0,4.842,20.0,3.0,3.0,0.0,0.0,4.0,2.0,2.0,0.0,0.0,0.0
4966,0.0,0.0,1.0,White,2.87,4,12.0,9.0,0.0,0.0,33.532,1.0,3.0,2.0,13.0,0.0,3.0,2.0,1.0,1.0,0.0,1.0
4967,1.0,0.0,1.0,White,8.205,11,12.0,16.0,0.0,,54.452,10.0,2.0,2.0,0.0,0.0,2.0,1.0,1.0,0.0,0.0,0.0
4968,1.0,0.0,1.0,White,8.205,11,12.0,16.0,0.0,0.0,42.406,9.0,2.0,2.0,0.0,0.0,3.0,2.0,2.0,0.0,0.0,0.0
4969,0.0,0.0,1.0,White,7.24,3,14.0,12.0,0.0,0.0,24.136,3.0,2.0,3.0,0.0,0.0,3.0,1.0,1.0,0.0,0.0,0.0
4970,1.0,0.0,0.0,White,23.99,3,12.0,12.0,0.0,0.0,29.23,2.0,2.0,1.0,10.0,0.0,3.0,4.0,2.0,0.0,0.0,0.0
4971,1.0,0.0,0.0,White,18.4,3,17.0,12.0,0.0,0.0,54.739,1.0,1.0,2.0,0.0,0.0,2.0,1.0,2.0,0.0,0.0,0.0
4972,0.0,0.0,0.0,White,1.905,3,10.0,12.0,0.0,0.0,44.725,0.0,2.0,2.0,0.0,0.0,4.0,3.0,1.0,0.0,0.0,0.0
4973,0.0,0.0,1.0,White,5.866,3,12.0,12.0,0.0,1.0,,5.0,3.0,4.0,5.0,6.0,4.0,5.0,1.0,0.0,0.0,1.0
4974,0.0,0.0,1.0,White,5.866,3,12.0,12.0,0.0,1.0,6.312,5.0,3.0,2.0,1.0,3.0,4.0,4.0,1.0,0.0,0.0,1.0
4975,0.0,0.0,0.0,White,1.6,5,12.0,12.0,0.0,0.0,3.453,5.0,1.0,1.0,0.0,0.0,1.0,1.0,1.0,1.0,0.0,1.0
4976,1.0,0.0,1.0,White,3.4205,4,13.0,12.0,0.0,0.0,50.958,20.0,2.0,2.0,0.0,0.0,3.0,3.0,1.0,0.0,0.0,0.0
4977,0.0,0.0,0.0,White,10.815,4,12.0,10.0,0.0,0.0,15.004,3.0,2.0,2.0,1.0,0.0,1.0,1.0,1.0,1.0,0.0,0.0
4978,0.0,0.0,1.0,White,2.35,2,10.0,10.0,1.0,0.0,,0.0,3.0,3.0,0.0,1.0,1.0,2.0,1.0,0.0,,0.0
4979,0.0,0.0,1.0,White,1.385,5,13.0,12.0,0.0,1.0,41.11,0.0,2.0,2.0,0.0,0.0,1.0,1.0,1.0,0.0,0.0,1.0
4980,1.0,,0.0,White,,3,12.0,14.0,0.0,,,2.0,1.0,2.0,0.0,1.0,2.0,2.0,1.0,0.0,,0.0
4981,0.0,0.0,0.0,White,,6,13.0,,0.0,,36.474,5.0,2.0,1.0,0.0,0.0,3.0,1.0,2.0,0.0,,0.0
4982,0.0,0.0,1.0,White,8.77,5,16.0,16.0,0.0,0.0,42.65,3.0,2.0,2.0,0.0,0.0,3.0,2.0,1.0,0.0,0.0,0.0
4983,1.0,0.0,0.0,White,0.475,3,12.0,,0.0,0.0,75.798,,2.0,2.0,0.0,0.0,2.0,1.0,1.0,0.0,0.0,0.0
4984,0.0,0.0,0.0,White,13.85,4,15.0,14.0,0.0,0.0,32.095,3.0,4.0,2.0,0.0,0.0,3.0,3.0,2.0,0.0,,1.0
4985,0.0,0.0,1.0,White,1.125,2,12.0,,0.0,0.0,8.77,2.0,2.0,2.0,0.0,0.0,2.0,,,0.0,1.0,0.0
4986,0.0,0.0,0.0,White,7.45,4,14.0,12.0,0.0,0.0,49.862,12.0,2.0,2.0,33.0,0.0,4.0,3.0,3.0,0.0,0.0,1.0
4987,1.0,0.0,0.0,White,10.465,5,12.0,14.0,0.0,0.0,79.886,5.0,3.0,1.0,0.0,1.0,2.0,1.0,1.0,1.0,0.0,0.0
4988,0.0,0.0,1.0,White,,4,13.0,,0.0,1.0,60.806,40.0,2.0,2.0,10.0,1.0,3.0,2.0,2.0,0.0,1.0,0.0
4989,0.0,0.0,0.0,White,4.48,5,11.0,,0.0,1.0,,11.0,1.0,2.0,15.0,7.0,2.0,1.0,1.0,,0.0,1.0
4990,1.0,0.0,1.0,White,9.9,4,11.0,12.0,0.0,0.0,,5.0,3.0,3.0,0.0,0.0,3.0,2.0,1.0,0.0,0.0,0.0
4991,1.0,0.0,1.0,White,9.9,4,11.0,12.0,0.0,0.0,,1.0,2.0,2.0,0.0,0.0,1.0,1.0,1.0,0.0,0.0,1.0
4992,1.0,0.0,0.0,White,10.45,5,16.0,16.0,0.0,0.0,58.548,5.0,2.0,3.0,3.0,0.0,2.0,4.0,1.0,0.0,1.0,0.0
4993,1.0,0.0,1.0,White,10.45,5,16.0,16.0,0.0,0.0,58.27,4.0,2.0,2.0,0.0,0.0,4.0,2.0,1.0,0.0,0.0,0.0
4994,1.0,0.0,1.0,White,10.45,5,16.0,16.0,0.0,0.0,63.877,0.0,2.0,2.0,2.0,0.0,4.0,4.0,1.0,0.0,0.0,0.0
4995,0.0,0.0,1.0,White,,5,12.0,12.0,0.0,,27.819,0.0,2.0,3.0,0.0,0.0,3.0,3.0,1.0,0.0,,0.0
4996,0.0,0.0,1.0,White,,5,12.0,12.0,0.0,0.0,40.587,0.0,1.0,2.0,0.0,0.0,2.0,2.0,1.0,0.0,,0.0
4997,1.0,0.0,0.0,White,,4,18.0,12.0,,0.0,24.556,3.0,2.0,1.0,0.0,0.0,2.0,2.0,1.0,0.0,0.0,0.0
4998,1.0,0.0,1.0,Hispanic,0.45,5,,,1.0,0.0,,0.0,2.0,2.0,3.0,0.0,2.0,3.0,2.0,0.0,0.0,0.0
4999,0.0,0.0,1.0,Hispanic,0.45,5,,,1.0,0.0,,1.0,4.0,2.0,0.0,0.0,4.0,3.0,2.0,0.0,0.0,0.0
5000,0.0,0.0,0.0,White,,6,12.0,,,0.0,,3.0,2.0,2.0,0.0,0.0,4.0,3.0,1.0,0.0,0.0,0.0
5001,0.0,0.0,1.0,White,,6,12.0,,,0.0,,,1.0,2.0,1.0,0.0,4.0,1.0,1.0,0.0,0.0,0.0
5002,0.0,0.0,0.0,White,,8,10.0,8.0,0.0,0.0,,22.0,2.0,4.0,0.0,2.0,3.0,1.0,1.0,0.0,0.0,0.0
5003,0.0,0.0,1.0,White,,8,10.0,8.0,0.0,0.0,,8.0,2.0,2.0,0.0,0.0,1.0,1.0,1.0,0.0,0.0,0.0
5004,0.0,0.0,0.0,White,0.05,5,12.0,11.0,1.0,,,35.0,2.0,2.0,0.0,2.0,3.0,4.0,3.0,0.0,0.0,1.0
5005,0.0,0.0,1.0,White,0.05,5,12.0,,1.0,0.0,,0.0,2.0,4.0,0.0,0.0,2.0,1.0,5.0,1.0,0.0,0.0
5006,1.0,0.0,0.0,White,0.45,5,12.0,16.0,0.0,,,0.0,1.0,1.0,0.0,0.0,1.0,1.0,1.0,0.0,0.0,0.0
5007,0.0,0.0,1.0,White,30.3138,4,15.0,13.0,0.0,,48.261,3.0,2.0,2.0,0.0,0.0,1.0,1.0,1.0,0.0,0.0,0.0
5008,0.0,0.0,1.0,White,19.55,3,14.0,12.0,0.0,0.0,,2.0,1.0,2.0,0.0,0.0,1.0,1.0,1.0,0.0,0.0,0.0
5009,0.0,0.0,1.0,White,10.08,2,12.0,12.0,0.0,1.0,70.335,1.0,3.0,3.0,99.0,0.0,4.0,4.0,2.0,1.0,1.0,0.0
5010,1.0,0.0,0.0,White,3.8125,4,12.0,12.0,0.0,0.0,87.609,2.0,2.0,3.0,0.0,0.0,3.0,4.0,1.0,0.0,1.0,0.0
5011,1.0,0.0,1.0,White,,2,12.0,11.0,,1.0,59.116,4.0,2.0,2.0,0.0,0.0,3.0,4.0,1.0,0.0,0.0,1.0
5012,0.0,0.0,0.0,White,0.676,4,12.0,12.0,0.0,,86.843,5.0,2.0,3.0,7.0,3.0,3.0,4.0,1.0,0.0,0.0,1.0
5013,0.0,0.0,0.0,White,0.676,4,12.0,12.0,0.0,0.0,61.762,3.0,3.0,3.0,3.0,3.0,3.0,1.0,1.0,0.0,0.0,1.0
5014,0.0,0.0,0.0,White,45.95,3,14.0,13.0,0.0,0.0,70.206,6.0,3.0,2.0,0.0,0.0,2.0,3.0,1.0,1.0,0.0,1.0
5015,1.0,0.0,1.0,White,0.025,6,14.0,13.0,0.0,0.0,45.228,8.0,3.0,3.0,0.0,0.0,1.0,1.0,1.0,0.0,0.0,0.0
5016,1.0,0.0,1.0,White,2.5,3,14.0,12.0,0.0,0.0,53.085,5.0,2.0,2.0,0.0,0.0,3.0,2.0,1.0,0.0,0.0,0.0
5017,1.0,0.0,1.0,White,5.9825,4,14.0,12.0,0.0,0.0,96.277,1.0,1.0,2.0,0.0,0.0,2.0,1.0,1.0,0.0,1.0,0.0
5018,1.0,0.0,1.0,White,5.9825,4,14.0,12.0,0.0,0.0,,3.0,1.0,2.0,0.0,0.0,2.0,1.0,1.0,0.0,0.0,0.0
5019,0.0,0.0,0.0,White,4.975,4,12.0,17.0,0.0,,74.175,7.0,2.0,2.0,0.0,0.0,3.0,2.0,2.0,0.0,,0.0
5020,0.0,0.0,0.0,Hispanic,12.225,3,13.0,12.0,0.0,0.0,90.48,0.0,2.0,3.0,0.0,0.0,2.0,2.0,1.0,1.0,1.0,0.0
5021,1.0,0.0,1.0,White,2.545,3,12.0,14.0,1.0,,61.264,5.0,2.0,3.0,0.0,0.0,3.0,1.0,1.0,0.0,0.0,0.0
5022,1.0,0.0,1.0,White,60.0,3,12.0,9.0,0.0,0.0,0.767,3.0,2.0,2.0,0.0,0.0,1.0,1.0,1.0,0.0,0.0,0.0
5023,0.0,0.0,0.0,White,0.109,3,12.0,10.0,0.0,0.0,51.342,5.0,3.0,3.0,4.0,3.0,4.0,3.0,1.0,1.0,1.0,1.0
5024,1.0,0.0,1.0,White,13.775,4,16.0,13.0,0.0,0.0,81.451,3.0,2.0,3.0,0.0,0.0,2.0,1.0,1.0,0.0,0.0,0.0
5025,1.0,0.0,1.0,White,13.775,4,16.0,13.0,0.0,0.0,23.846,2.0,2.0,3.0,0.0,0.0,3.0,1.0,1.0,0.0,0.0,0.0
5026,0.0,0.0,0.0,Hispanic,8.98,4,12.0,14.0,0.0,0.0,73.189,1.0,2.0,3.0,4.0,0.0,2.0,2.0,1.0,0.0,0.0,0.0
5027,1.0,0.0,1.0,White,,6,10.0,12.0,0.0,,,1.0,2.0,2.0,0.0,0.0,2.0,1.0,1.0,0.0,,0.0
5028,1.0,0.0,0.0,White,1.475,5,14.0,14.0,0.0,0.0,62.563,5.0,3.0,3.0,2.0,0.0,3.0,3.0,1.0,0.0,,1.0
5029,0.0,0.0,0.0,White,1.475,5,14.0,14.0,0.0,0.0,39.893,9.0,1.0,2.0,0.0,0.0,1.0,1.0,1.0,0.0,0.0,1.0
5030,0.0,0.0,0.0,White,32.45,4,16.0,12.0,0.0,0.0,96.742,5.0,2.0,3.0,0.0,0.0,2.0,1.0,1.0,0.0,0.0,0.0
5031,1.0,0.0,0.0,White,18.275,4,14.0,12.0,0.0,0.0,86.988,4.0,2.0,2.0,0.0,0.0,3.0,2.0,1.0,0.0,,0.0
5032,0.0,0.0,1.0,White,2.875,3,14.0,12.0,0.0,,12.694,2.0,2.0,3.0,0.0,0.0,4.0,4.0,3.0,0.0,1.0,0.0
5033,1.0,0.0,0.0,White,2.875,3,14.0,12.0,0.0,0.0,14.911,2.0,1.0,1.0,0.0,0.0,1.0,1.0,1.0,0.0,1.0,0.0
5034,1.0,0.0,0.0,White,,3,14.0,17.0,0.0,0.0,,0.0,2.0,3.0,0.0,0.0,4.0,3.0,1.0,1.0,,0.0
5035,0.0,0.0,1.0,White,,4,12.0,12.0,0.0,0.0,94.49,10.0,2.0,3.0,0.0,0.0,3.0,5.0,1.0,0.0,1.0,1.0
5036,1.0,0.0,0.0,White,,6,12.0,12.0,,,,2.0,2.0,2.0,0.0,1.0,4.0,1.0,4.0,1.0,,0.0
5037,1.0,0.0,0.0,White,15.75,4,12.0,12.0,0.0,0.0,,3.0,1.0,2.0,0.0,0.0,3.0,3.0,2.0,0.0,0.0,0.0
5038,0.0,0.0,0.0,White,0.965,4,12.0,10.0,0.0,1.0,73.21,13.0,2.0,2.0,0.0,1.0,1.0,2.0,1.0,1.0,1.0,1.0
5039,0.0,1.0,1.0,White,0.965,4,12.0,10.0,0.0,1.0,33.624,9.0,3.0,2.0,0.0,1.0,2.0,2.0,1.0,0.0,0.0,1.0
5040,1.0,0.0,1.0,White,20.675,5,17.0,14.0,0.0,,,0.0,2.0,2.0,0.0,0.0,4.0,2.0,1.0,0.0,0.0,0.0
5041,1.0,0.0,0.0,White,14.3,5,18.0,13.0,0.0,0.0,48.62,4.0,2.0,4.0,0.0,0.0,1.0,1.0,1.0,0.0,0.0,0.0
5042,1.0,0.0,0.0,White,48.85,5,16.0,20.0,0.0,,97.469,4.0,2.0,3.0,0.0,0.0,3.0,4.0,1.0,0.0,1.0,0.0
5043,1.0,0.0,1.0,Hispanic,48.85,5,16.0,20.0,0.0,0.0,96.512,2.0,2.0,2.0,0.0,0.0,2.0,1.0,1.0,0.0,0.0,0.0
5044,1.0,0.0,0.0,White,,6,9.0,12.0,,0.0,,2.0,3.0,3.0,0.0,0.0,4.0,2.0,1.0,0.0,,1.0
5045,1.0,0.0,0.0,White,60.0,6,20.0,20.0,0.0,0.0,99.641,3.0,2.0,3.0,7.0,0.0,4.0,5.0,2.0,0.0,0.0,0.0
5046,0.0,0.0,1.0,White,,10,,,,,28.711,,2.0,3.0,,,1.0,1.0,1.0,0.0,,0.0
5047,0.0,0.0,0.0,White,,10,,,,,36.791,5.0,3.0,3.0,17.0,0.0,4.0,3.0,3.0,1.0,,1.0
5048,0.0,0.0,1.0,White,,10,,,,,5.787,0.0,2.0,2.0,0.0,0.0,5.0,1.0,1.0,0.0,,1.0
5049,0.0,0.0,1.0,Hispanic,,4,12.0,10.0,0.0,0.0,,3.0,4.0,3.0,12.0,0.0,4.0,3.0,2.0,1.0,0.0,0.0
5050,1.0,0.0,0.0,Hispanic,-0.35,4,8.0,19.0,0.0,0.0,,1.0,1.0,2.0,0.0,0.0,1.0,1.0,1.0,0.0,0.0,0.0
5051,0.0,0.0,1.0,White,2.85,5,14.0,17.0,0.0,0.0,53.568,6.0,1.0,2.0,0.0,0.0,1.0,1.0,1.0,,0.0,0.0
5052,1.0,0.0,0.0,White,,5,18.0,14.0,,0.0,46.19,0.0,2.0,2.0,0.0,0.0,1.0,1.0,1.0,0.0,,0.0
5053,1.0,0.0,0.0,White,17.3,4,12.0,14.0,0.0,0.0,85.741,0.0,2.0,2.0,0.0,0.0,2.0,1.0,1.0,0.0,0.0,0.0
5054,0.0,0.0,1.0,White,13.375,4,12.0,14.0,0.0,0.0,86.674,2.0,2.0,2.0,0.0,0.0,4.0,3.0,1.0,0.0,0.0,1.0
5055,0.0,0.0,0.0,White,-1.0845,7,16.0,12.0,0.0,0.0,8.326,2.0,2.0,3.0,1.0,0.0,1.0,1.0,1.0,,1.0,1.0
5056,0.0,0.0,0.0,White,,4,12.0,12.0,0.0,,,5.0,2.0,3.0,5.0,2.0,4.0,3.0,1.0,1.0,,1.0
5057,1.0,0.0,1.0,Black,,5,13.0,17.0,0.0,0.0,67.472,2.0,1.0,3.0,0.0,0.0,2.0,2.0,1.0,0.0,0.0,0.0
5058,1.0,0.0,0.0,White,15.4,8,12.0,16.0,0.0,0.0,,,2.0,2.0,,,3.0,2.0,1.0,0.0,,0.0
5059,0.0,0.0,0.0,White,0.475,5,12.0,11.0,1.0,0.0,,10.0,2.0,3.0,0.0,0.0,3.0,2.0,1.0,1.0,0.0,1.0
5060,1.0,0.0,1.0,White,13.6,4,12.0,12.0,0.0,0.0,71.568,1.0,2.0,3.0,0.0,0.0,4.0,3.0,,0.0,0.0,0.0
5061,0.0,0.0,0.0,White,0.475,2,10.0,,0.0,,,3.0,2.0,1.0,0.0,0.0,2.0,1.0,1.0,0.0,,1.0
5062,1.0,0.0,0.0,Black,3.105,4,14.0,12.0,0.0,0.0,,11.0,2.0,2.0,1.0,3.0,1.0,1.0,1.0,1.0,0.0,1.0
5063,0.0,0.0,0.0,White,6.46,4,14.0,,1.0,,,2.0,2.0,4.0,1.0,2.0,4.0,3.0,2.0,1.0,0.0,1.0
5064,0.0,0.0,0.0,White,6.865,4,14.0,12.0,0.0,0.0,,15.0,2.0,3.0,0.0,2.0,5.0,4.0,3.0,0.0,,0.0
5065,0.0,,0.0,White,2.85,4,11.0,11.0,0.0,,,0.0,3.0,3.0,0.0,0.0,4.0,5.0,3.0,0.0,,
5066,0.0,0.0,0.0,White,2.85,4,11.0,11.0,0.0,0.0,,3.0,1.0,1.0,0.0,0.0,3.0,1.0,1.0,0.0,,1.0
5067,1.0,0.0,0.0,White,1.375,2,10.0,11.0,0.0,,,2.0,1.0,1.0,0.0,0.0,1.0,1.0,1.0,0.0,0.0,1.0
5068,0.0,0.0,1.0,Black,5.95,4,14.0,16.0,0.0,0.0,,0.0,2.0,2.0,0.0,0.0,3.0,3.0,1.0,0.0,0.0,0.0
5069,0.0,0.0,1.0,Black,5.95,4,14.0,16.0,0.0,0.0,,0.0,2.0,2.0,0.0,0.0,4.0,1.0,1.0,0.0,0.0,0.0
5070,0.0,0.0,0.0,Hispanic,,4,10.0,9.0,0.0,0.0,5.296,1.0,1.0,2.0,0.0,0.0,1.0,1.0,1.0,0.0,0.0,0.0
5071,0.0,0.0,0.0,White,2.66,5,13.0,8.0,0.0,,9.783,20.0,2.0,3.0,0.0,1.0,3.0,4.0,2.0,1.0,0.0,0.0
5072,0.0,0.0,1.0,Hispanic,,4,12.0,11.0,0.0,0.0,28.601,16.0,2.0,4.0,0.0,0.0,3.0,2.0,1.0,0.0,0.0,0.0
5073,1.0,0.0,1.0,White,3.615,5,13.0,12.0,0.0,0.0,68.917,2.0,2.0,2.0,0.0,0.0,3.0,2.0,1.0,0.0,0.0,0.0
5074,,,0.0,White,,4,13.0,12.0,,,,2.0,2.0,2.0,0.0,0.0,2.0,1.0,1.0,0.0,,0.0
5075,1.0,1.0,1.0,White,19.1,9,12.0,12.0,0.0,1.0,99.034,2.0,1.0,2.0,0.0,0.0,1.0,1.0,1.0,0.0,0.0,0.0
5076,0.0,0.0,0.0,White,,4,,7.0,,0.0,,3.0,2.0,2.0,0.0,1.0,4.0,2.0,1.0,0.0,,0.0
5077,1.0,0.0,0.0,White,10.95,5,16.0,12.0,0.0,,54.21,0.0,2.0,1.0,0.0,0.0,2.0,1.0,1.0,0.0,0.0,0.0
5078,1.0,0.0,1.0,White,3.405,4,11.0,12.0,0.0,0.0,61.264,1.0,2.0,1.0,0.0,0.0,1.0,1.0,1.0,0.0,,0.0
5079,0.0,1.0,1.0,White,3.19,3,8.0,9.0,0.0,,29.358,1.0,1.0,1.0,2.0,1.0,2.0,2.0,2.0,,1.0,1.0
5080,0.0,0.0,0.0,White,12.3,7,12.0,12.0,0.0,,30.257,0.0,2.0,2.0,0.0,0.0,3.0,1.0,1.0,0.0,,0.0
5081,0.0,0.0,0.0,White,12.3,7,12.0,12.0,0.0,0.0,33.389,0.0,2.0,4.0,0.0,0.0,5.0,3.0,1.0,0.0,,0.0
5082,1.0,0.0,1.0,White,16.86,4,12.0,19.0,0.0,0.0,,5.0,1.0,2.0,0.0,0.0,4.0,3.0,1.0,0.0,,0.0
5083,,,1.0,White,,4,12.0,12.0,,,,12.0,1.0,2.0,0.0,0.0,3.0,2.0,1.0,0.0,,0.0
5084,1.0,0.0,0.0,White,12.35,5,12.0,16.0,0.0,0.0,78.687,0.0,2.0,2.0,0.0,0.0,2.0,2.0,1.0,0.0,0.0,0.0
5085,1.0,0.0,1.0,White,12.35,5,12.0,16.0,0.0,,33.896,1.0,2.0,2.0,0.0,0.0,2.0,2.0,1.0,0.0,,0.0
5086,1.0,0.0,1.0,White,5.7,3,10.0,10.0,0.0,0.0,76.912,1.0,1.0,2.0,0.0,0.0,4.0,3.0,2.0,0.0,0.0,0.0
5087,1.0,0.0,1.0,White,20.05,4,14.0,16.0,0.0,,13.001,2.0,2.0,2.0,0.0,0.0,4.0,5.0,1.0,0.0,,0.0
5088,1.0,0.0,0.0,White,5.78,5,8.0,11.0,0.0,0.0,83.849,3.0,2.0,3.0,0.0,0.0,2.0,1.0,1.0,0.0,0.0,0.0
5089,0.0,0.0,1.0,White,5.78,5,8.0,11.0,0.0,0.0,48.677,,1.0,2.0,0.0,0.0,1.0,1.0,1.0,0.0,0.0,0.0
5090,1.0,0.0,0.0,White,20.35,6,16.0,18.0,0.0,,75.121,7.0,3.0,3.0,0.0,0.0,1.0,1.0,1.0,0.0,,1.0
5091,1.0,0.0,1.0,White,20.35,6,16.0,18.0,0.0,0.0,98.071,0.0,2.0,2.0,0.0,0.0,2.0,1.0,1.0,0.0,0.0,0.0
5092,1.0,0.0,1.0,White,7.45,5,18.0,14.0,0.0,0.0,,20.0,4.0,4.0,2.0,0.0,4.0,4.0,3.0,1.0,,1.0
5093,0.0,0.0,0.0,White,3.125,2,12.0,12.0,0.0,0.0,2.97,0.0,2.0,4.0,,4.0,5.0,4.0,2.0,1.0,1.0,1.0
5094,0.0,0.0,0.0,White,,3,16.0,16.0,,0.0,27.897,5.0,1.0,4.0,0.0,0.0,4.0,4.0,1.0,,,0.0
5095,1.0,0.0,1.0,White,10.8001,5,12.0,12.0,0.0,0.0,,0.0,1.0,1.0,0.0,0.0,1.0,1.0,1.0,0.0,0.0,0.0
5096,1.0,1.0,1.0,White,,4,12.0,12.0,0.0,0.0,,7.0,2.0,2.0,0.0,0.0,3.0,4.0,1.0,0.0,0.0,0.0
5097,1.0,0.0,1.0,White,,4,12.0,12.0,0.0,0.0,,7.0,1.0,2.0,0.0,0.0,2.0,4.0,1.0,0.0,0.0,0.0
5098,1.0,0.0,1.0,White,15.05,4,12.0,12.0,0.0,0.0,60.897,0.0,1.0,1.0,0.0,0.0,1.0,1.0,1.0,0.0,0.0,0.0
5099,0.0,0.0,1.0,White,6.25,3,12.0,10.0,0.0,0.0,,1.0,2.0,4.0,0.0,0.0,3.0,3.0,1.0,0.0,1.0,0.0
5100,1.0,0.0,0.0,White,57.65,5,12.0,12.0,0.0,0.0,72.721,3.0,2.0,2.0,0.0,0.0,1.0,1.0,1.0,0.0,0.0,0.0
5101,1.0,0.0,1.0,White,,5,16.0,19.0,0.0,,94.063,0.0,2.0,2.0,0.0,0.0,3.0,2.0,2.0,0.0,,0.0
5102,1.0,1.0,0.0,Hispanic,25.3251,4,11.0,15.0,0.0,0.0,19.928,0.0,4.0,4.0,1.0,0.0,5.0,5.0,1.0,0.0,0.0,0.0
5103,0.0,0.0,0.0,White,,4,15.0,12.0,0.0,0.0,,6.0,2.0,2.0,0.0,0.0,3.0,3.0,1.0,0.0,0.0,0.0
5104,0.0,0.0,1.0,White,,4,15.0,12.0,0.0,0.0,,0.0,2.0,2.0,3.0,1.0,1.0,2.0,1.0,0.0,0.0,0.0
5105,0.0,0.0,0.0,White,2.055,3,12.0,9.0,0.0,0.0,33.769,,2.0,1.0,,,3.0,2.0,4.0,1.0,,1.0
5106,1.0,0.0,0.0,White,9.7,3,12.0,12.0,0.0,0.0,61.145,2.0,3.0,2.0,0.0,0.0,4.0,3.0,1.0,0.0,0.0,0.0
5107,,,0.0,White,9.7,4,14.0,12.0,0.0,,,0.0,2.0,2.0,0.0,0.0,2.0,2.0,1.0,0.0,,0.0
5108,1.0,0.0,0.0,White,26.76,6,12.0,14.0,0.0,0.0,80.424,0.0,1.0,1.0,0.0,0.0,1.0,1.0,1.0,0.0,0.0,0.0
5109,0.0,0.0,0.0,White,4.075,6,12.0,15.0,0.0,0.0,68.775,10.0,1.0,3.0,0.0,0.0,4.0,2.0,1.0,0.0,0.0,0.0
5110,1.0,0.0,0.0,White,3.7,4,12.0,10.0,0.0,0.0,75.354,2.0,2.0,2.0,2.0,1.0,3.0,1.0,1.0,1.0,0.0,1.0
5111,1.0,0.0,1.0,White,-0.1,4,14.0,14.0,1.0,0.0,47.671,0.0,2.0,2.0,1.0,0.0,4.0,4.0,2.0,0.0,,0.0
5112,,,0.0,White,-0.1,4,14.0,14.0,1.0,,26.826,2.0,2.0,3.0,0.0,0.0,3.0,1.0,1.0,0.0,,1.0
5113,0.0,0.0,1.0,White,1.3865,4,12.0,11.0,0.0,0.0,68.568,4.0,2.0,3.0,5.0,0.0,4.0,3.0,2.0,0.0,0.0,0.0
5114,1.0,0.0,1.0,White,20.1,3,12.0,12.0,0.0,0.0,60.385,2.0,2.0,2.0,0.0,0.0,2.0,2.0,1.0,0.0,,0.0
5115,1.0,0.0,1.0,White,4.325,3,14.0,14.0,0.0,0.0,63.112,9.0,2.0,2.0,0.0,0.0,4.0,4.0,3.0,0.0,0.0,0.0
5116,0.0,0.0,0.0,White,7.74,4,12.0,12.0,0.0,0.0,43.764,3.0,2.0,3.0,0.0,1.0,4.0,3.0,1.0,0.0,1.0,0.0
5117,0.0,0.0,0.0,White,2.5465,4,14.0,9.0,0.0,0.0,55.819,4.0,3.0,4.0,1.0,3.0,4.0,2.0,4.0,0.0,,1.0
5118,1.0,0.0,1.0,White,7.75,3,12.0,12.0,0.0,,81.808,0.0,2.0,2.0,0.0,0.0,3.0,2.0,1.0,0.0,0.0,0.0
5119,0.0,0.0,0.0,White,9.46,5,13.0,14.0,0.0,,,4.0,2.0,2.0,2.0,0.0,4.0,2.0,1.0,0.0,,0.0
5120,0.0,0.0,0.0,Hispanic,3.888,2,11.0,11.0,0.0,0.0,53.85,10.0,2.0,2.0,0.0,0.0,5.0,5.0,1.0,1.0,0.0,1.0
5121,0.0,,0.0,White,8.95,5,14.0,16.0,0.0,,,2.0,1.0,2.0,0.0,0.0,2.0,1.0,1.0,0.0,,0.0
5122,0.0,0.0,0.0,White,-0.3,4,12.0,12.0,0.0,0.0,3.89,3.0,1.0,1.0,0.0,0.0,2.0,1.0,2.0,0.0,0.0,1.0
5123,0.0,0.0,1.0,White,36.3002,3,12.0,12.0,0.0,,19.596,5.0,2.0,2.0,1.0,1.0,2.0,2.0,1.0,0.0,,1.0
5124,0.0,0.0,0.0,Other,6.3501,6,12.0,12.0,0.0,0.0,36.983,5.0,2.0,2.0,1.0,0.0,2.0,1.0,1.0,0.0,0.0,1.0
5125,1.0,0.0,1.0,Other,6.3501,6,12.0,12.0,0.0,0.0,52.667,2.0,2.0,4.0,0.0,0.0,1.0,1.0,1.0,1.0,1.0,0.0
5126,0.0,0.0,1.0,Black,1.25,3,12.0,13.0,0.0,0.0,86.001,9.0,2.0,3.0,0.0,0.0,1.0,1.0,1.0,0.0,0.0,0.0
5127,0.0,0.0,0.0,Black,1.155,2,12.0,12.0,0.0,0.0,42.014,0.0,2.0,2.0,0.0,0.0,1.0,4.0,3.0,1.0,0.0,0.0
5128,0.0,0.0,1.0,Asian,60.0,5,14.0,12.0,0.0,0.0,39.487,6.0,3.0,4.0,0.0,0.0,2.0,1.0,3.0,0.0,0.0,0.0
5129,0.0,0.0,1.0,White,2.0,6,12.0,18.0,0.0,0.0,36.051,5.0,2.0,2.0,0.0,0.0,1.0,1.0,1.0,0.0,,0.0
5130,1.0,,1.0,White,,6,12.0,14.0,,,92.064,2.0,1.0,1.0,0.0,0.0,3.0,2.0,1.0,0.0,,0.0
5131,1.0,0.0,1.0,White,20.75,2,13.0,13.0,0.0,0.0,91.307,1.0,2.0,2.0,0.0,0.0,2.0,2.0,1.0,0.0,0.0,0.0
5132,1.0,0.0,0.0,White,60.0,4,14.0,12.0,0.0,,80.326,2.0,2.0,2.0,0.0,0.0,1.0,2.0,1.0,0.0,0.0,0.0
5133,0.0,0.0,0.0,White,60.0,4,14.0,12.0,0.0,,41.298,3.0,2.0,2.0,0.0,0.0,2.0,3.0,1.0,0.0,0.0,0.0
5134,0.0,0.0,0.0,Other,3.2075,5,14.0,16.0,0.0,0.0,6.386,2.0,3.0,3.0,0.0,0.0,1.0,1.0,1.0,0.0,0.0,0.0
5135,1.0,0.0,0.0,White,5.85,6,13.0,12.0,0.0,0.0,30.851,5.0,1.0,2.0,1.0,0.0,2.0,1.0,1.0,0.0,0.0,0.0
5136,1.0,0.0,0.0,Black,4.75,3,15.0,,0.0,,44.247,0.0,2.0,2.0,0.0,0.0,3.0,2.0,1.0,0.0,0.0,0.0
5137,1.0,0.0,1.0,White,13.1001,4,12.0,,0.0,0.0,39.821,11.0,2.0,3.0,0.0,0.0,4.0,4.0,3.0,0.0,0.0,0.0
5138,1.0,0.0,1.0,White,13.1001,4,12.0,,0.0,0.0,78.865,0.0,2.0,2.0,0.0,0.0,3.0,4.0,2.0,0.0,0.0,0.0
5139,0.0,0.0,0.0,Hispanic,1.85,5,12.0,13.0,0.0,0.0,36.706,2.0,2.0,2.0,0.0,0.0,2.0,1.0,1.0,0.0,,1.0
5140,1.0,0.0,1.0,Hispanic,1.85,5,12.0,13.0,0.0,0.0,40.776,5.0,2.0,3.0,0.0,0.0,2.0,1.0,1.0,1.0,0.0,0.0
5141,1.0,0.0,1.0,White,2.11,5,12.0,13.0,,0.0,24.224,4.0,2.0,2.0,2.0,0.0,2.0,1.0,2.0,1.0,0.0,1.0
5142,1.0,0.0,0.0,White,11.7,5,16.0,17.0,0.0,0.0,93.459,3.0,2.0,2.0,0.0,0.0,1.0,1.0,1.0,1.0,1.0,0.0
5143,0.0,0.0,1.0,White,11.7,5,16.0,17.0,0.0,0.0,71.493,1.0,2.0,1.0,0.0,0.0,1.0,1.0,1.0,0.0,0.0,0.0
5144,1.0,0.0,0.0,White,5.125,3,14.0,12.0,0.0,0.0,77.26,6.0,2.0,2.0,0.0,0.0,3.0,1.0,2.0,0.0,0.0,0.0
5145,0.0,0.0,0.0,White,5.6301,3,12.0,12.0,0.0,,7.306,2.0,1.0,1.0,0.0,0.0,2.0,1.0,1.0,1.0,1.0,0.0
5146,0.0,0.0,1.0,White,11.7325,6,16.0,20.0,0.0,0.0,,0.0,2.0,1.0,0.0,0.0,2.0,4.0,1.0,0.0,1.0,0.0
5147,1.0,0.0,0.0,White,11.7325,6,16.0,20.0,0.0,,,7.0,2.0,2.0,0.0,0.0,1.0,1.0,1.0,0.0,0.0,0.0
5148,1.0,0.0,0.0,White,4.275,4,16.0,14.0,0.0,0.0,,10.0,1.0,2.0,0.0,0.0,5.0,4.0,2.0,0.0,0.0,0.0
5149,0.0,0.0,1.0,White,5.15,4,12.0,12.0,0.0,,17.052,5.0,2.0,4.0,1.0,0.0,4.0,3.0,2.0,0.0,0.0,1.0
5150,0.0,0.0,0.0,White,7.7101,4,12.0,14.0,0.0,,77.293,0.0,2.0,2.0,1.0,2.0,3.0,2.0,2.0,0.0,0.0,0.0
5151,1.0,0.0,1.0,White,,4,12.0,14.0,,0.0,21.243,0.0,2.0,1.0,0.0,0.0,1.0,1.0,1.0,0.0,0.0,0.0
5152,,,1.0,Black,2.15,4,12.0,14.0,0.0,,51.571,0.0,2.0,3.0,1.0,0.0,4.0,3.0,1.0,0.0,,0.0
5153,1.0,0.0,0.0,Black,2.15,4,12.0,14.0,0.0,0.0,62.053,3.0,2.0,2.0,0.0,0.0,2.0,3.0,1.0,0.0,1.0,0.0
5154,0.0,0.0,1.0,White,23.25,5,15.0,16.0,0.0,0.0,96.969,5.0,3.0,3.0,0.0,0.0,4.0,4.0,2.0,0.0,0.0,0.0
5155,1.0,0.0,0.0,White,23.25,5,15.0,16.0,0.0,0.0,69.242,1.0,2.0,3.0,0.0,0.0,1.0,1.0,2.0,0.0,0.0,0.0
5156,1.0,0.0,0.0,White,23.25,5,15.0,16.0,0.0,0.0,72.594,5.0,2.0,1.0,0.0,0.0,1.0,1.0,1.0,0.0,0.0,0.0
5157,0.0,0.0,0.0,White,11.16,3,13.0,16.0,0.0,0.0,40.564,0.0,2.0,2.0,1.0,0.0,2.0,1.0,1.0,,1.0,1.0
5158,1.0,0.0,1.0,White,-0.445,4,13.0,13.0,0.0,0.0,50.888,1.0,2.0,2.0,1.0,0.0,3.0,2.0,1.0,1.0,0.0,0.0
5159,1.0,0.0,0.0,Other,4.65,4,12.0,15.0,0.0,0.0,73.59,0.0,2.0,1.0,0.0,0.0,2.0,2.0,2.0,0.0,0.0,0.0
5160,0.0,0.0,1.0,Black,28.2001,4,12.0,20.0,0.0,0.0,62.97,20.0,3.0,3.0,0.0,0.0,3.0,3.0,2.0,1.0,,0.0
5161,1.0,0.0,0.0,Hispanic,,5,11.0,7.0,0.0,0.0,29.925,0.0,2.0,2.0,0.0,1.0,4.0,3.0,2.0,0.0,1.0,0.0
5162,1.0,0.0,0.0,White,6.125,3,16.0,16.0,0.0,0.0,93.817,8.0,2.0,2.0,0.0,0.0,3.0,3.0,1.0,0.0,0.0,0.0
5163,1.0,0.0,1.0,White,6.125,3,16.0,16.0,0.0,0.0,88.162,1.0,2.0,3.0,0.0,0.0,2.0,1.0,1.0,0.0,0.0,0.0
5164,1.0,0.0,0.0,White,,4,15.0,14.0,0.0,,18.616,7.0,2.0,2.0,0.0,0.0,3.0,2.0,2.0,,,1.0
5165,1.0,0.0,0.0,White,3.45,4,12.0,14.0,0.0,0.0,95.919,3.0,2.0,2.0,0.0,0.0,2.0,2.0,1.0,0.0,0.0,1.0
5166,0.0,0.0,0.0,White,15.82,5,13.0,11.0,0.0,0.0,83.691,0.0,2.0,2.0,0.0,0.0,3.0,2.0,1.0,1.0,1.0,0.0
5167,0.0,0.0,1.0,White,4.25,5,13.0,12.0,0.0,0.0,,0.0,2.0,2.0,1.0,0.0,3.0,3.0,2.0,0.0,0.0,1.0
5170,1.0,0.0,0.0,Other,31.225,6,16.0,17.0,0.0,0.0,53.464,5.0,2.0,2.0,0.0,0.0,2.0,2.0,1.0,0.0,0.0,0.0
5171,1.0,0.0,1.0,White,4.95,4,12.0,16.0,0.0,,68.564,4.0,2.0,2.0,0.0,0.0,2.0,2.0,2.0,0.0,0.0,0.0
5172,1.0,0.0,0.0,White,3.85,5,12.0,12.0,0.0,0.0,41.152,6.0,2.0,2.0,0.0,0.0,3.0,4.0,1.0,0.0,0.0,1.0
5173,0.0,0.0,1.0,White,3.85,5,12.0,12.0,0.0,0.0,70.869,3.0,2.0,2.0,0.0,0.0,2.0,2.0,1.0,0.0,0.0,0.0
5174,1.0,0.0,0.0,White,57.4251,4,18.0,20.0,0.0,0.0,97.369,2.0,2.0,2.0,0.0,0.0,1.0,1.0,1.0,1.0,1.0,0.0
5175,1.0,0.0,1.0,White,9.375,3,18.0,13.0,0.0,0.0,64.603,,2.0,2.0,0.0,0.0,1.0,1.0,1.0,1.0,0.0,0.0
5176,1.0,0.0,1.0,White,9.375,3,18.0,13.0,0.0,0.0,24.318,0.0,1.0,1.0,0.0,0.0,1.0,1.0,1.0,0.0,0.0,0.0
5177,1.0,,1.0,Hispanic,5.85,4,13.0,9.0,0.0,0.0,85.067,5.0,2.0,3.0,15.0,3.0,4.0,3.0,2.0,1.0,1.0,0.0
5178,1.0,0.0,0.0,White,14.35,6,12.0,12.0,0.0,0.0,77.097,1.0,1.0,1.0,0.0,0.0,4.0,4.0,1.0,0.0,0.0,0.0
5179,1.0,0.0,1.0,White,14.35,6,12.0,12.0,0.0,0.0,46.275,3.0,2.0,1.0,0.0,0.0,1.0,2.0,1.0,0.0,0.0,0.0
5180,1.0,0.0,0.0,White,17.95,4,16.0,12.0,0.0,0.0,70.813,2.0,2.0,2.0,0.0,0.0,4.0,3.0,2.0,0.0,0.0,0.0
5181,1.0,0.0,0.0,White,17.95,4,16.0,12.0,0.0,0.0,40.428,1.0,2.0,2.0,0.0,0.0,2.0,1.0,1.0,1.0,0.0,0.0
5182,1.0,0.0,1.0,White,16.15,4,12.0,12.0,0.0,,47.495,2.0,2.0,2.0,0.0,0.0,3.0,3.0,2.0,0.0,0.0,0.0
5183,1.0,0.0,0.0,White,13.35,4,12.0,12.0,0.0,0.0,93.715,0.0,2.0,1.0,0.0,0.0,2.0,2.0,1.0,0.0,0.0,0.0
5184,1.0,0.0,0.0,White,22.9001,3,19.0,16.0,0.0,0.0,74.335,2.0,2.0,1.0,0.0,0.0,2.0,1.0,1.0,0.0,0.0,0.0
5185,0.0,0.0,1.0,White,34.2,6,12.0,12.0,0.0,0.0,8.921,6.0,2.0,1.0,0.0,0.0,1.0,1.0,1.0,0.0,1.0,0.0
5186,1.0,0.0,1.0,White,19.55,5,12.0,12.0,0.0,,93.808,3.0,2.0,2.0,0.0,0.0,2.0,2.0,1.0,0.0,0.0,0.0
5187,1.0,0.0,1.0,White,19.55,5,12.0,12.0,0.0,0.0,95.747,3.0,2.0,3.0,2.0,0.0,1.0,2.0,1.0,0.0,0.0,0.0
5188,1.0,0.0,0.0,White,60.0,5,13.0,12.0,0.0,0.0,90.283,2.0,2.0,2.0,0.0,0.0,1.0,1.0,1.0,1.0,0.0,0.0
5189,1.0,0.0,1.0,White,27.0001,5,12.0,14.0,0.0,0.0,74.945,2.0,2.0,2.0,0.0,0.0,3.0,2.0,1.0,0.0,0.0,0.0
5190,1.0,0.0,1.0,White,27.0001,5,12.0,14.0,0.0,0.0,75.905,0.0,2.0,1.0,0.0,0.0,4.0,3.0,1.0,0.0,0.0,0.0
5191,0.0,0.0,0.0,White,16.0501,5,12.0,12.0,0.0,0.0,77.8,5.0,3.0,2.0,0.0,0.0,4.0,2.0,2.0,0.0,0.0,0.0
5192,1.0,1.0,1.0,White,16.0501,5,12.0,12.0,0.0,1.0,89.965,2.0,2.0,1.0,0.0,0.0,3.0,4.0,1.0,0.0,0.0,0.0
5193,1.0,0.0,1.0,White,14.47,3,16.0,16.0,0.0,0.0,,0.0,2.0,1.0,0.0,0.0,1.0,1.0,1.0,0.0,0.0,0.0
5194,1.0,0.0,1.0,White,19.25,5,16.0,16.0,0.0,,91.638,2.0,2.0,1.0,0.0,0.0,2.0,2.0,2.0,0.0,0.0,0.0
5195,1.0,0.0,1.0,White,19.25,5,16.0,16.0,0.0,,86.881,1.0,2.0,2.0,0.0,0.0,2.0,1.0,1.0,0.0,0.0,0.0
5196,0.0,0.0,1.0,White,28.8001,4,14.0,16.0,0.0,0.0,97.208,1.0,2.0,2.0,0.0,0.0,3.0,1.0,1.0,0.0,0.0,0.0
5197,1.0,0.0,0.0,White,11.55,4,16.0,18.0,0.0,0.0,97.843,1.0,2.0,3.0,0.0,0.0,1.0,1.0,1.0,1.0,0.0,0.0
5198,0.0,0.0,1.0,White,11.55,4,16.0,18.0,0.0,0.0,94.139,2.0,2.0,2.0,0.0,0.0,1.0,1.0,1.0,0.0,0.0,0.0
5199,0.0,0.0,0.0,White,0.81,6,12.0,12.0,0.0,0.0,,15.0,2.0,2.0,0.0,0.0,2.0,1.0,1.0,0.0,0.0,0.0
5200,0.0,0.0,1.0,White,0.81,6,12.0,12.0,0.0,0.0,,,,,,,,,,0.0,0.0,0.0
5201,0.0,0.0,0.0,White,9.15,5,16.0,18.0,0.0,0.0,47.346,7.0,2.0,4.0,0.0,0.0,5.0,3.0,2.0,0.0,0.0,0.0
5202,0.0,0.0,1.0,Hispanic,7.15,3,14.0,12.0,0.0,0.0,48.115,0.0,1.0,1.0,0.0,0.0,3.0,2.0,1.0,0.0,1.0,0.0
5203,1.0,0.0,1.0,White,12.51,4,14.0,13.0,0.0,0.0,75.386,1.0,1.0,2.0,0.0,0.0,2.0,2.0,1.0,1.0,0.0,0.0
5204,1.0,0.0,1.0,White,21.2001,4,12.0,12.0,0.0,0.0,26.882,0.0,2.0,2.0,0.0,0.0,1.0,1.0,1.0,0.0,0.0,0.0
5205,1.0,0.0,1.0,White,14.05,5,12.0,12.0,0.0,0.0,77.393,4.0,2.0,2.0,0.0,0.0,2.0,3.0,1.0,1.0,0.0,0.0
5206,1.0,0.0,1.0,White,24.8,3,14.0,14.0,0.0,0.0,85.56,5.0,1.0,1.0,0.0,0.0,1.0,1.0,1.0,0.0,0.0,0.0
5207,1.0,0.0,1.0,White,10.75,4,14.0,,0.0,0.0,60.739,1.0,2.0,2.0,0.0,0.0,3.0,3.0,1.0,0.0,0.0,0.0
5208,1.0,0.0,1.0,White,10.75,4,14.0,,0.0,0.0,50.554,1.0,1.0,2.0,0.0,0.0,4.0,3.0,3.0,0.0,0.0,0.0
5209,1.0,0.0,0.0,White,14.35,5,12.0,14.0,0.0,0.0,76.635,2.0,2.0,2.0,0.0,0.0,2.0,2.0,1.0,1.0,1.0,0.0
5210,1.0,0.0,1.0,White,,4,,,,0.0,72.191,0.0,2.0,1.0,0.0,0.0,4.0,3.0,1.0,0.0,0.0,0.0
5211,0.0,0.0,0.0,White,3.7439,2,12.0,,0.0,,79.999,2.0,1.0,2.0,3.0,2.0,2.0,1.0,1.0,1.0,0.0,1.0
5212,0.0,0.0,1.0,White,12.55,6,,,0.0,0.0,33.271,0.0,2.0,2.0,0.0,0.0,4.0,3.0,1.0,0.0,0.0,0.0
5213,1.0,0.0,0.0,White,12.55,6,,,0.0,0.0,10.177,1.0,2.0,2.0,0.0,0.0,1.0,1.0,1.0,0.0,0.0,0.0
5214,0.0,0.0,0.0,White,15.1001,5,12.0,12.0,0.0,0.0,22.164,7.0,2.0,1.0,0.0,0.0,4.0,1.0,1.0,0.0,0.0,1.0
5215,0.0,0.0,1.0,White,1.93,2,12.0,12.0,0.0,0.0,,35.0,2.0,2.0,3.0,0.0,3.0,3.0,1.0,1.0,0.0,0.0
5216,0.0,0.0,1.0,White,7.475,5,12.0,12.0,0.0,0.0,53.073,26.0,2.0,3.0,0.0,1.0,4.0,5.0,2.0,1.0,1.0,0.0
5217,0.0,0.0,1.0,White,7.475,5,12.0,12.0,0.0,0.0,12.07,2.0,2.0,2.0,0.0,1.0,4.0,1.0,1.0,1.0,1.0,0.0
5218,0.0,0.0,0.0,White,7.475,5,,,0.0,0.0,7.001,1.0,2.0,2.0,3.0,2.0,1.0,1.0,1.0,1.0,0.0,0.0
5219,1.0,0.0,1.0,White,60.0,6,,,0.0,0.0,91.631,7.0,2.0,3.0,0.0,0.0,2.0,2.0,1.0,1.0,0.0,0.0
5220,1.0,0.0,0.0,White,60.0,6,,,0.0,0.0,53.166,2.0,2.0,1.0,0.0,0.0,1.0,1.0,1.0,0.0,0.0,0.0
5221,1.0,0.0,1.0,White,20.3001,5,12.0,12.0,0.0,0.0,85.882,2.0,1.0,1.0,0.0,0.0,1.0,1.0,1.0,0.0,0.0,0.0
5222,1.0,0.0,0.0,White,9.45,5,14.0,12.0,0.0,0.0,57.001,3.0,2.0,2.0,0.0,0.0,3.0,2.0,1.0,0.0,0.0,0.0
5223,1.0,0.0,0.0,White,9.45,5,14.0,12.0,0.0,0.0,49.666,0.0,2.0,2.0,0.0,1.0,1.0,1.0,1.0,0.0,0.0,0.0
5224,0.0,0.0,0.0,White,10.45,5,12.0,12.0,0.0,0.0,32.457,11.0,3.0,4.0,0.0,2.0,3.0,4.0,1.0,0.0,0.0,0.0
5225,0.0,0.0,1.0,White,2.85,3,12.0,,0.0,0.0,70.628,1.0,1.0,2.0,0.0,0.0,2.0,2.0,1.0,0.0,0.0,1.0
5226,0.0,0.0,0.0,Asian,12.2,4,,,0.0,,,2.0,2.0,2.0,0.0,0.0,3.0,3.0,1.0,0.0,0.0,0.0
5227,0.0,0.0,1.0,White,3.35,3,12.0,,0.0,1.0,62.601,7.0,2.0,2.0,0.0,0.0,4.0,3.0,2.0,0.0,0.0,0.0
5228,0.0,0.0,1.0,White,3.35,3,12.0,,0.0,1.0,20.138,3.0,2.0,2.0,0.0,0.0,3.0,2.0,1.0,0.0,0.0,0.0
5229,0.0,0.0,0.0,White,54.35,4,12.0,12.0,0.0,0.0,55.896,0.0,2.0,2.0,0.0,0.0,2.0,2.0,1.0,0.0,0.0,0.0
5230,0.0,0.0,1.0,White,54.35,4,12.0,12.0,0.0,0.0,25.121,0.0,2.0,1.0,0.0,0.0,1.0,1.0,1.0,0.0,0.0,0.0
5231,0.0,0.0,0.0,White,18.0,5,12.0,14.0,0.0,0.0,41.245,4.0,2.0,2.0,0.0,0.0,2.0,3.0,1.0,0.0,0.0,0.0
5232,0.0,0.0,1.0,Hispanic,,6,12.0,12.0,,0.0,30.949,3.0,2.0,3.0,10.0,1.0,4.0,3.0,2.0,1.0,0.0,1.0
5233,0.0,0.0,1.0,Other,,6,,,,,15.354,1.0,3.0,2.0,3.0,1.0,3.0,3.0,2.0,0.0,0.0,1.0
5234,0.0,0.0,0.0,White,10.3,5,18.0,12.0,0.0,0.0,78.023,1.0,2.0,2.0,0.0,0.0,2.0,1.0,1.0,0.0,0.0,0.0
5235,1.0,0.0,0.0,White,18.825,5,12.0,13.0,0.0,0.0,,2.0,2.0,2.0,0.0,0.0,3.0,3.0,1.0,0.0,0.0,0.0
5236,1.0,0.0,1.0,Asian,22.34,6,14.0,18.0,0.0,0.0,86.278,8.0,2.0,1.0,0.0,0.0,3.0,3.0,2.0,1.0,0.0,0.0
5237,1.0,1.0,1.0,White,22.34,6,16.0,20.0,0.0,0.0,50.596,10.0,2.0,3.0,5.0,0.0,3.0,3.0,1.0,1.0,0.0,0.0
5238,1.0,0.0,0.0,Asian,22.34,6,14.0,18.0,0.0,0.0,91.95,0.0,2.0,2.0,0.0,0.0,1.0,1.0,1.0,0.0,0.0,1.0
5239,1.0,0.0,1.0,White,22.34,6,16.0,,0.0,0.0,99.257,1.0,2.0,2.0,0.0,0.0,1.0,1.0,1.0,0.0,0.0,0.0
5240,0.0,0.0,0.0,Hispanic,-0.52,2,11.0,10.0,0.0,1.0,15.199,4.0,2.0,2.0,0.0,1.0,5.0,3.0,2.0,,,1.0
5241,0.0,1.0,1.0,White,0.2051,2,14.0,12.0,0.0,0.0,39.448,12.0,2.0,1.0,0.0,0.0,2.0,1.0,1.0,0.0,0.0,1.0
5242,1.0,0.0,1.0,White,,3,,,0.0,,46.913,10.0,2.0,3.0,0.0,0.0,5.0,5.0,1.0,0.0,0.0,0.0
5243,0.0,0.0,1.0,White,3.3,3,14.0,10.0,0.0,0.0,4.507,2.0,2.0,2.0,0.0,0.0,3.0,2.0,1.0,0.0,0.0,0.0
5244,0.0,0.0,0.0,White,16.2,6,12.0,15.0,0.0,0.0,51.463,3.0,2.0,2.0,0.0,0.0,4.0,3.0,2.0,0.0,0.0,0.0
5245,0.0,0.0,0.0,White,16.2,6,12.0,15.0,0.0,0.0,24.496,4.0,2.0,2.0,0.0,0.0,4.0,1.0,1.0,0.0,0.0,0.0
5246,1.0,0.0,0.0,White,13.25,4,18.0,18.0,0.0,0.0,84.88,2.0,1.0,2.0,0.0,0.0,1.0,1.0,1.0,0.0,1.0,0.0
5247,1.0,0.0,1.0,White,6.6,5,13.0,,0.0,0.0,,4.0,2.0,2.0,0.0,0.0,1.0,1.0,1.0,0.0,0.0,0.0
5248,0.0,0.0,0.0,White,0.075,3,12.0,9.0,0.0,0.0,7.16,10.0,1.0,1.0,0.0,0.0,3.0,2.0,1.0,0.0,0.0,0.0
5249,1.0,0.0,0.0,White,14.3001,4,14.0,13.0,0.0,0.0,77.961,0.0,2.0,2.0,0.0,0.0,2.0,2.0,1.0,0.0,0.0,0.0
5250,0.0,0.0,0.0,White,-0.385,4,14.0,9.0,0.0,,66.341,10.0,2.0,2.0,0.0,0.0,3.0,2.0,1.0,0.0,,0.0
5251,0.0,0.0,1.0,White,0.075,5,12.0,12.0,0.0,0.0,78.003,0.0,2.0,2.0,0.0,0.0,4.0,3.0,1.0,0.0,0.0,0.0
5252,0.0,0.0,0.0,White,0.075,5,12.0,12.0,0.0,0.0,42.654,4.0,2.0,1.0,0.0,0.0,4.0,3.0,2.0,1.0,0.0,0.0
5253,0.0,0.0,1.0,White,1.65,3,12.0,,0.0,,,10.0,2.0,3.0,0.0,0.0,4.0,4.0,1.0,0.0,,0.0
5254,0.0,0.0,0.0,White,0.1425,3,13.0,,1.0,,,5.0,2.0,2.0,1.0,5.0,1.0,1.0,1.0,0.0,,0.0
5255,0.0,0.0,0.0,White,3.15,6,13.0,12.0,0.0,0.0,,0.0,1.0,1.0,6.0,0.0,2.0,1.0,1.0,0.0,0.0,0.0
5256,1.0,0.0,1.0,White,,3,12.0,12.0,,0.0,,9.0,1.0,2.0,0.0,0.0,1.0,1.0,1.0,0.0,1.0,0.0
5257,0.0,0.0,1.0,White,3.25,3,14.0,16.0,0.0,0.0,64.225,33.0,2.0,2.0,0.0,1.0,5.0,5.0,4.0,0.0,0.0,1.0
5258,0.0,0.0,0.0,White,,5,,,0.0,0.0,53.336,0.0,1.0,2.0,99.0,0.0,3.0,4.0,1.0,1.0,0.0,1.0
5259,0.0,0.0,0.0,White,3.58,10,13.0,14.0,0.0,0.0,77.143,0.0,2.0,2.0,99.0,0.0,4.0,3.0,1.0,0.0,0.0,0.0
5260,0.0,0.0,0.0,White,3.58,10,13.0,14.0,0.0,0.0,38.757,4.0,2.0,2.0,0.0,0.0,2.0,2.0,1.0,0.0,0.0,0.0
5261,0.0,0.0,1.0,White,3.58,10,13.0,14.0,0.0,0.0,36.074,2.0,2.0,2.0,1.0,1.0,3.0,1.0,2.0,0.0,0.0,0.0
5262,0.0,0.0,0.0,White,1.525,6,11.0,13.0,0.0,,76.763,,2.0,2.0,10.0,0.0,2.0,1.0,1.0,1.0,1.0,0.0
5263,0.0,1.0,1.0,White,1.525,6,11.0,13.0,0.0,0.0,46.247,3.0,2.0,1.0,2.0,0.0,3.0,2.0,1.0,0.0,0.0,0.0
5264,0.0,0.0,1.0,White,1.975,2,12.0,,0.0,1.0,68.623,11.0,3.0,3.0,2.0,0.0,5.0,5.0,1.0,0.0,0.0,1.0
5265,0.0,0.0,1.0,White,0.4263,3,12.0,,0.0,1.0,,14.0,2.0,1.0,0.0,0.0,3.0,1.0,1.0,1.0,1.0,0.0
5266,0.0,0.0,0.0,White,0.4263,3,12.0,,0.0,1.0,,0.0,3.0,2.0,0.0,1.0,1.0,1.0,1.0,1.0,0.0,0.0
5267,1.0,0.0,1.0,White,,4,14.0,18.0,0.0,0.0,53.329,1.0,2.0,2.0,0.0,0.0,3.0,3.0,1.0,0.0,0.0,0.0
5268,1.0,0.0,0.0,White,,4,14.0,18.0,0.0,,57.944,2.0,2.0,2.0,3.0,0.0,1.0,1.0,1.0,0.0,0.0,0.0
5269,1.0,0.0,1.0,White,7.25,4,,,0.0,0.0,77.604,2.0,1.0,2.0,0.0,0.0,3.0,3.0,2.0,0.0,0.0,0.0
5270,0.0,0.0,1.0,White,1.45,3,14.0,12.0,1.0,,,17.0,2.0,2.0,0.0,0.0,5.0,4.0,1.0,0.0,1.0,1.0
5271,0.0,0.0,0.0,White,1.675,4,12.0,,0.0,0.0,29.444,2.0,2.0,3.0,0.0,0.0,3.0,2.0,1.0,0.0,0.0,0.0
5272,1.0,0.0,1.0,White,29.6,3,16.0,18.0,0.0,0.0,28.037,2.0,2.0,3.0,0.0,1.0,4.0,5.0,1.0,,0.0,1.0
5273,1.0,,0.0,White,,3,16.0,,0.0,,70.73,3.0,2.0,2.0,4.0,0.0,3.0,2.0,1.0,0.0,,0.0
5274,1.0,0.0,1.0,White,6.5,4,12.0,12.0,0.0,,,2.0,2.0,2.0,0.0,0.0,3.0,4.0,1.0,0.0,0.0,0.0
5275,1.0,0.0,0.0,White,12.9,4,16.0,15.0,0.0,0.0,,0.0,2.0,2.0,0.0,0.0,2.0,2.0,1.0,0.0,0.0,0.0
5276,0.0,0.0,1.0,White,,4,11.0,9.0,0.0,0.0,,0.0,2.0,2.0,0.0,1.0,3.0,2.0,1.0,0.0,0.0,1.0
5277,0.0,0.0,0.0,White,7.05,5,16.0,14.0,0.0,0.0,,2.0,2.0,1.0,0.0,0.0,4.0,4.0,3.0,0.0,0.0,0.0
5278,1.0,0.0,0.0,White,10.875,4,16.0,15.0,0.0,,63.263,1.0,3.0,3.0,0.0,0.0,5.0,5.0,1.0,0.0,0.0,0.0
5279,1.0,0.0,0.0,White,60.0,4,15.0,16.0,0.0,0.0,82.761,3.0,2.0,2.0,0.0,0.0,2.0,1.0,1.0,0.0,0.0,0.0
5280,1.0,0.0,1.0,White,60.0,4,15.0,16.0,0.0,0.0,69.955,3.0,2.0,1.0,0.0,0.0,2.0,1.0,1.0,0.0,0.0,0.0
5281,0.0,0.0,1.0,White,4.485,6,12.0,15.0,0.0,0.0,67.07,,1.0,3.0,,,3.0,3.0,1.0,0.0,0.0,0.0
5282,0.0,0.0,0.0,White,4.485,6,12.0,15.0,0.0,0.0,35.417,,1.0,1.0,,,1.0,1.0,1.0,0.0,0.0,0.0
5283,0.0,0.0,0.0,White,4.4576,5,12.0,12.0,0.0,,37.757,3.0,2.0,2.0,0.0,0.0,4.0,2.0,1.0,0.0,0.0,0.0
5284,0.0,0.0,0.0,White,0.425,4,12.0,10.0,0.0,,6.974,,2.0,2.0,,,5.0,1.0,1.0,0.0,0.0,0.0
5285,0.0,1.0,1.0,White,0.425,4,12.0,15.0,0.0,0.0,32.17,,3.0,3.0,,,5.0,3.0,2.0,,0.0,1.0
5286,0.0,0.0,0.0,White,0.425,4,12.0,15.0,0.0,,11.383,10.0,2.0,4.0,1.0,5.0,3.0,1.0,1.0,1.0,0.0,1.0
5287,0.0,0.0,0.0,White,-4.7001,6,8.0,11.0,0.0,0.0,14.007,2.0,4.0,3.0,0.0,6.0,4.0,1.0,1.0,0.0,,1.0
5288,0.0,0.0,0.0,White,-4.7001,6,8.0,11.0,0.0,0.0,1.668,4.0,2.0,2.0,0.0,0.0,4.0,5.0,1.0,1.0,,0.0
5289,1.0,0.0,1.0,White,,2,12.0,8.0,,1.0,90.242,2.0,2.0,1.0,0.0,0.0,2.0,1.0,1.0,0.0,0.0,0.0
5290,1.0,0.0,1.0,White,0.5,7,14.0,11.0,0.0,0.0,92.849,5.0,2.0,2.0,0.0,0.0,4.0,5.0,2.0,0.0,,0.0
5291,0.0,0.0,1.0,White,0.5,7,14.0,11.0,0.0,1.0,40.407,5.0,2.0,3.0,2.0,4.0,5.0,3.0,2.0,1.0,1.0,0.0
5292,0.0,0.0,0.0,White,1.56,4,13.0,12.0,0.0,,,1.0,2.0,2.0,0.0,3.0,2.0,1.0,1.0,0.0,0.0,0.0
5293,0.0,1.0,1.0,White,0.295,3,8.0,9.0,0.0,1.0,2.748,5.0,3.0,2.0,12.0,2.0,4.0,1.0,1.0,1.0,0.0,0.0
5294,1.0,0.0,1.0,White,11.85,4,14.0,12.0,0.0,0.0,43.913,3.0,2.0,1.0,0.0,0.0,3.0,1.0,1.0,0.0,0.0,0.0
5295,1.0,0.0,1.0,White,1.76,4,15.0,14.0,0.0,,89.144,1.0,1.0,1.0,0.0,0.0,2.0,1.0,1.0,0.0,1.0,0.0
5296,0.0,0.0,1.0,White,0.2775,5,9.0,10.0,0.0,,43.691,0.0,2.0,2.0,0.0,0.0,3.0,3.0,1.0,0.0,,1.0
5297,0.0,1.0,1.0,White,0.2775,5,,11.0,1.0,0.0,9.715,6.0,2.0,4.0,0.0,4.0,3.0,2.0,1.0,1.0,1.0,0.0
5298,0.0,0.0,1.0,White,10.1738,5,12.0,10.0,0.0,0.0,17.806,0.0,2.0,2.0,0.0,0.0,1.0,2.0,1.0,0.0,0.0,0.0
5299,0.0,0.0,1.0,White,10.1738,5,,12.0,0.0,,2.901,0.0,2.0,2.0,0.0,0.0,1.0,1.0,1.0,0.0,0.0,0.0
5300,1.0,0.0,1.0,White,14.935,5,16.0,14.0,0.0,0.0,74.176,1.0,2.0,2.0,0.0,0.0,5.0,5.0,2.0,0.0,0.0,0.0
5301,0.0,0.0,0.0,White,14.935,5,16.0,14.0,0.0,0.0,42.699,1.0,2.0,2.0,0.0,1.0,2.0,3.0,1.0,0.0,0.0,0.0
5302,1.0,0.0,1.0,White,10.9,4,12.0,12.0,0.0,0.0,63.137,3.0,2.0,2.0,0.0,0.0,2.0,1.0,1.0,0.0,0.0,0.0
5303,1.0,0.0,1.0,Hispanic,0.84,4,9.0,12.0,0.0,0.0,36.327,3.0,1.0,2.0,0.0,0.0,4.0,4.0,1.0,0.0,1.0,0.0
5304,1.0,0.0,1.0,White,0.84,4,9.0,12.0,0.0,0.0,37.301,8.0,2.0,3.0,0.0,0.0,4.0,2.0,1.0,0.0,0.0,0.0
5305,0.0,0.0,0.0,White,-0.6,3,13.0,13.0,0.0,0.0,,4.0,2.0,2.0,2.0,1.0,3.0,1.0,1.0,1.0,1.0,0.0
5306,1.0,0.0,0.0,White,13.3,6,15.0,12.0,0.0,0.0,65.944,3.0,1.0,3.0,0.0,0.0,2.0,3.0,1.0,,1.0,1.0
5307,1.0,0.0,1.0,White,3.09,4,13.0,13.0,0.0,0.0,69.059,3.0,2.0,4.0,2.0,0.0,4.0,4.0,1.0,0.0,0.0,0.0
5308,1.0,0.0,0.0,Other,-1.835,4,12.0,12.0,0.0,0.0,41.667,4.0,2.0,1.0,3.0,1.0,4.0,3.0,3.0,0.0,0.0,0.0
5309,1.0,0.0,0.0,Other,-1.835,4,12.0,12.0,0.0,0.0,95.912,3.0,2.0,2.0,0.0,0.0,2.0,3.0,2.0,0.0,1.0,0.0
5310,1.0,0.0,1.0,Hispanic,,4,14.0,16.0,0.0,0.0,49.542,0.0,2.0,1.0,0.0,0.0,3.0,3.0,2.0,0.0,0.0,0.0
5311,1.0,0.0,1.0,White,60.0,4,16.0,20.0,0.0,0.0,92.853,0.0,2.0,3.0,0.0,0.0,4.0,3.0,1.0,0.0,1.0,0.0
5312,1.0,0.0,0.0,White,60.0,4,16.0,20.0,0.0,0.0,89.868,0.0,2.0,2.0,0.0,0.0,1.0,1.0,1.0,0.0,0.0,1.0
5313,1.0,0.0,0.0,White,14.28,3,12.0,10.0,0.0,0.0,46.852,0.0,2.0,2.0,0.0,0.0,3.0,3.0,1.0,0.0,0.0,0.0
5314,0.0,0.0,0.0,White,8.88,3,11.0,12.0,0.0,0.0,9.371,3.0,2.0,2.0,0.0,0.0,4.0,3.0,1.0,1.0,0.0,0.0
5315,0.0,0.0,1.0,White,0.294,6,9.0,12.0,1.0,0.0,62.253,3.0,3.0,4.0,1.0,0.0,3.0,3.0,1.0,0.0,0.0,0.0
5316,1.0,0.0,0.0,White,43.35,4,12.0,12.0,0.0,0.0,15.427,2.0,2.0,1.0,0.0,0.0,1.0,1.0,1.0,0.0,0.0,0.0
5317,1.0,0.0,1.0,White,43.35,4,12.0,12.0,0.0,0.0,57.404,1.0,1.0,1.0,0.0,0.0,4.0,3.0,2.0,0.0,,0.0
5318,0.0,0.0,1.0,Hispanic,0.035,4,5.0,8.0,0.0,0.0,70.747,12.0,2.0,2.0,0.0,0.0,3.0,3.0,1.0,0.0,0.0,0.0
5319,1.0,0.0,1.0,White,9.37,4,12.0,12.0,0.0,0.0,64.652,1.0,2.0,2.0,0.0,0.0,3.0,2.0,1.0,0.0,0.0,0.0
5320,1.0,0.0,1.0,White,11.125,4,12.0,12.0,0.0,,26.29,2.0,2.0,2.0,0.0,0.0,1.0,1.0,1.0,0.0,0.0,0.0
5321,0.0,0.0,0.0,White,,7,14.0,14.0,,0.0,74.601,5.0,2.0,2.0,2.0,0.0,4.0,4.0,1.0,0.0,,1.0
5322,1.0,0.0,0.0,White,11.78,7,14.0,14.0,0.0,,52.158,3.0,2.0,2.0,0.0,0.0,3.0,3.0,2.0,1.0,0.0,0.0
5323,0.0,0.0,0.0,White,6.9295,3,10.0,,0.0,,12.356,4.0,1.0,2.0,2.0,0.0,5.0,1.0,1.0,0.0,0.0,0.0
5324,0.0,0.0,1.0,White,0.05,5,10.0,12.0,1.0,0.0,,50.0,4.0,4.0,0.0,5.0,5.0,5.0,4.0,1.0,0.0,1.0
5325,0.0,0.0,0.0,White,0.05,5,10.0,8.0,1.0,1.0,,10.0,2.0,1.0,12.0,2.0,5.0,1.0,1.0,1.0,0.0,1.0
5326,0.0,0.0,1.0,White,,4,12.0,,0.0,0.0,,4.0,1.0,1.0,0.0,0.0,1.0,1.0,1.0,0.0,0.0,0.0
5327,0.0,0.0,0.0,White,45.15,5,9.0,10.0,0.0,,47.481,4.0,2.0,3.0,0.0,0.0,1.0,1.0,1.0,0.0,0.0,1.0
5328,0.0,0.0,1.0,White,-2.65,4,13.0,16.0,0.0,,,4.0,1.0,1.0,1.0,0.0,1.0,1.0,1.0,0.0,1.0,0.0
5329,1.0,0.0,0.0,White,0.095,4,13.0,14.0,0.0,0.0,18.182,2.0,1.0,2.0,0.0,0.0,3.0,1.0,1.0,0.0,0.0,0.0
5330,1.0,0.0,0.0,White,,2,12.0,12.0,0.0,,78.271,5.0,2.0,2.0,0.0,0.0,3.0,2.0,1.0,1.0,0.0,0.0
5331,0.0,0.0,0.0,White,,6,12.0,10.0,,0.0,,0.0,2.0,1.0,0.0,0.0,2.0,3.0,1.0,1.0,1.0,0.0
5332,1.0,0.0,0.0,White,2.4,5,16.0,12.0,0.0,0.0,61.944,10.0,3.0,3.0,0.0,1.0,4.0,3.0,1.0,1.0,0.0,1.0
5333,1.0,0.0,1.0,White,2.4,5,16.0,12.0,0.0,0.0,99.358,3.0,2.0,3.0,0.0,0.0,1.0,1.0,1.0,0.0,0.0,0.0
5334,0.0,0.0,1.0,White,2.4,5,16.0,12.0,0.0,,77.974,2.0,2.0,2.0,0.0,0.0,1.0,1.0,1.0,0.0,0.0,0.0
5335,,,1.0,White,,6,13.0,11.0,0.0,,,2.0,3.0,3.0,0.0,0.0,2.0,1.0,1.0,0.0,,0.0
5336,0.0,0.0,0.0,White,5.995,4,12.0,10.0,0.0,0.0,31.069,0.0,2.0,2.0,5.0,0.0,2.0,2.0,1.0,0.0,0.0,0.0
5337,0.0,0.0,0.0,White,5.995,4,12.0,10.0,0.0,0.0,51.223,0.0,2.0,3.0,2.0,0.0,3.0,2.0,1.0,0.0,0.0,1.0
5338,0.0,0.0,1.0,White,0.575,5,10.0,11.0,0.0,0.0,11.144,4.0,2.0,2.0,0.0,0.0,2.0,2.0,1.0,0.0,,0.0
5339,0.0,0.0,0.0,White,0.575,5,10.0,11.0,0.0,0.0,55.934,3.0,2.0,1.0,0.0,0.0,1.0,1.0,1.0,0.0,,1.0
5340,1.0,0.0,1.0,White,18.0401,5,14.0,12.0,0.0,0.0,40.717,2.0,2.0,3.0,0.0,0.0,4.0,1.0,1.0,0.0,1.0,0.0
5341,0.0,0.0,0.0,White,60.0,4,12.0,12.0,0.0,,25.312,2.0,2.0,1.0,0.0,0.0,1.0,1.0,1.0,0.0,,0.0
5342,0.0,0.0,0.0,White,0.452,6,14.0,12.0,0.0,0.0,52.789,4.0,2.0,4.0,4.0,0.0,2.0,1.0,1.0,0.0,0.0,0.0
5343,1.0,0.0,1.0,White,0.452,6,14.0,12.0,0.0,0.0,62.62,3.0,2.0,4.0,0.0,0.0,2.0,1.0,1.0,1.0,0.0,0.0
5344,0.0,0.0,1.0,White,13.075,3,12.0,14.0,0.0,,59.877,3.0,2.0,2.0,0.0,0.0,3.0,1.0,1.0,0.0,1.0,0.0
5345,1.0,0.0,0.0,White,49.25,4,17.0,16.0,0.0,0.0,97.965,0.0,2.0,2.0,0.0,0.0,2.0,3.0,1.0,0.0,0.0,0.0
5346,1.0,0.0,1.0,White,49.25,4,17.0,16.0,0.0,0.0,72.07,0.0,2.0,2.0,0.0,0.0,2.0,1.0,2.0,0.0,0.0,0.0
5347,1.0,0.0,0.0,White,12.95,5,12.0,12.0,0.0,0.0,88.299,3.0,1.0,2.0,0.0,0.0,1.0,1.0,1.0,0.0,0.0,0.0
5348,1.0,0.0,0.0,White,12.95,5,12.0,12.0,0.0,,52.689,2.0,1.0,1.0,0.0,0.0,1.0,1.0,1.0,0.0,0.0,0.0
5349,0.0,0.0,0.0,White,3.55,5,12.0,8.0,0.0,0.0,20.887,0.0,2.0,1.0,0.0,2.0,4.0,1.0,1.0,0.0,0.0,0.0
5350,1.0,0.0,0.0,White,,5,,12.0,,0.0,43.093,1.0,2.0,2.0,0.0,0.0,1.0,1.0,1.0,0.0,0.0,0.0
5351,1.0,0.0,1.0,White,,2,12.0,12.0,,,,5.0,1.0,4.0,0.0,0.0,3.0,2.0,1.0,1.0,,0.0
5352,0.0,0.0,0.0,White,7.5,4,12.0,12.0,0.0,0.0,58.022,1.0,2.0,2.0,0.0,0.0,3.0,2.0,1.0,0.0,0.0,0.0
5353,0.0,0.0,0.0,White,6.97,5,13.0,12.0,0.0,0.0,71.055,3.0,2.0,3.0,0.0,0.0,1.0,1.0,1.0,0.0,0.0,0.0
5354,1.0,0.0,0.0,White,6.97,5,13.0,12.0,0.0,0.0,83.148,2.0,1.0,2.0,0.0,0.0,1.0,1.0,1.0,0.0,0.0,1.0
5355,1.0,0.0,0.0,White,12.11,4,16.0,14.0,0.0,0.0,73.382,1.0,2.0,2.0,0.0,0.0,2.0,2.0,1.0,0.0,0.0,0.0
5356,1.0,0.0,0.0,White,12.11,4,16.0,14.0,0.0,0.0,92.504,1.0,1.0,1.0,0.0,0.0,1.0,1.0,1.0,0.0,0.0,0.0
5357,1.0,0.0,0.0,White,23.23,4,12.0,12.0,0.0,0.0,65.715,0.0,1.0,2.0,0.0,0.0,1.0,1.0,1.0,0.0,0.0,0.0
5358,1.0,0.0,1.0,White,5.1,4,18.0,20.0,0.0,0.0,78.762,10.0,1.0,1.0,0.0,0.0,1.0,1.0,1.0,0.0,0.0,0.0
5359,0.0,0.0,1.0,White,10.3001,5,10.0,12.0,0.0,0.0,,3.0,3.0,3.0,0.0,0.0,5.0,4.0,1.0,0.0,0.0,1.0
5360,1.0,0.0,0.0,White,22.4,6,12.0,17.0,0.0,,76.19,0.0,2.0,2.0,0.0,0.0,1.0,1.0,1.0,0.0,0.0,0.0
5361,1.0,0.0,1.0,White,22.4,6,12.0,17.0,0.0,,32.494,0.0,1.0,2.0,0.0,0.0,1.0,1.0,1.0,0.0,0.0,0.0
5362,0.0,0.0,0.0,Other,0.476,5,13.0,13.0,0.0,,85.799,2.0,2.0,3.0,0.0,0.0,1.0,1.0,1.0,0.0,0.0,0.0
5363,0.0,0.0,0.0,White,6.865,2,20.0,13.0,0.0,0.0,75.531,0.0,2.0,2.0,0.0,0.0,3.0,1.0,1.0,1.0,0.0,0.0
5364,0.0,0.0,0.0,White,7.95,3,16.0,14.0,0.0,0.0,2.672,20.0,2.0,2.0,0.0,0.0,1.0,1.0,1.0,0.0,1.0,0.0
5365,1.0,0.0,1.0,Other,2.25,3,14.0,,0.0,,51.804,2.0,2.0,1.0,0.0,0.0,1.0,1.0,1.0,0.0,0.0,0.0
5366,0.0,0.0,0.0,White,15.4139,8,12.0,12.0,0.0,0.0,32.831,1.0,1.0,2.0,0.0,0.0,1.0,1.0,1.0,0.0,,0.0
5367,0.0,0.0,1.0,White,13.46,4,13.0,12.0,0.0,0.0,69.925,0.0,2.0,1.0,0.0,0.0,4.0,4.0,1.0,0.0,0.0,0.0
5368,0.0,0.0,0.0,White,9.725,3,12.0,12.0,0.0,0.0,34.742,3.0,2.0,1.0,0.0,1.0,1.0,1.0,1.0,0.0,1.0,0.0
5369,1.0,0.0,1.0,White,7.15,4,14.0,16.0,0.0,0.0,85.553,0.0,1.0,2.0,0.0,0.0,1.0,1.0,1.0,0.0,0.0,0.0
5370,1.0,,0.0,White,,3,12.0,12.0,0.0,,,4.0,2.0,2.0,0.0,0.0,3.0,3.0,1.0,0.0,,1.0
5371,1.0,0.0,0.0,White,5.21,4,12.0,14.0,0.0,0.0,,5.0,1.0,2.0,0.0,0.0,3.0,3.0,1.0,0.0,0.0,1.0
5372,0.0,0.0,1.0,White,4.755,2,16.0,16.0,0.0,0.0,30.767,7.0,2.0,2.0,0.0,0.0,3.0,3.0,1.0,1.0,1.0,0.0
5373,0.0,0.0,0.0,White,1.84,3,14.0,11.0,0.0,0.0,,3.0,2.0,2.0,0.0,0.0,1.0,1.0,1.0,0.0,0.0,0.0
5374,0.0,0.0,0.0,White,2.35,5,14.0,13.0,0.0,0.0,,3.0,3.0,4.0,1.0,0.0,1.0,1.0,2.0,1.0,1.0,1.0
5375,0.0,0.0,0.0,White,-0.325,4,14.0,,0.0,,51.731,3.0,2.0,1.0,0.0,0.0,3.0,1.0,1.0,0.0,1.0,0.0
5376,0.0,0.0,0.0,Other,,6,8.0,11.0,,0.0,1.439,8.0,4.0,2.0,0.0,0.0,1.0,1.0,1.0,1.0,0.0,0.0
5377,0.0,,0.0,White,0.235,9,12.0,,0.0,,37.807,1.0,1.0,1.0,0.0,0.0,2.0,2.0,1.0,0.0,,0.0
5378,0.0,0.0,1.0,White,,6,12.0,,,,,3.0,2.0,2.0,0.0,0.0,1.0,1.0,1.0,1.0,0.0,0.0
5379,0.0,0.0,0.0,White,9.36,3,16.0,12.0,0.0,0.0,73.444,4.0,2.0,2.0,0.0,0.0,3.0,2.0,1.0,0.0,0.0,1.0
5380,1.0,0.0,0.0,White,17.75,3,16.0,16.0,0.0,0.0,85.846,1.0,2.0,2.0,0.0,0.0,4.0,5.0,1.0,0.0,1.0,1.0
5381,1.0,0.0,1.0,White,1.382,4,13.0,11.0,0.0,0.0,69.813,3.0,2.0,2.0,0.0,0.0,2.0,1.0,1.0,0.0,0.0,0.0
5382,0.0,0.0,1.0,White,15.709,5,13.0,14.0,0.0,0.0,70.49,6.0,1.0,1.0,0.0,0.0,2.0,1.0,1.0,0.0,0.0,1.0
5383,1.0,0.0,0.0,White,6.37,5,12.0,14.0,0.0,0.0,58.753,0.0,1.0,3.0,0.0,0.0,4.0,3.0,1.0,,0.0,1.0
5384,0.0,0.0,0.0,White,6.37,5,12.0,14.0,0.0,0.0,12.338,0.0,2.0,2.0,1.0,1.0,2.0,2.0,2.0,0.0,0.0,1.0
5385,1.0,,0.0,White,12.05,3,16.0,16.0,0.0,0.0,38.264,3.0,2.0,3.0,0.0,0.0,3.0,3.0,1.0,0.0,0.0,1.0
5386,1.0,,1.0,White,37.75,4,17.0,13.0,0.0,,91.787,2.0,2.0,3.0,20.0,0.0,3.0,3.0,1.0,1.0,,0.0
5387,0.0,1.0,1.0,Other,0.903,3,12.0,12.0,0.0,0.0,32.268,11.0,3.0,3.0,0.0,0.0,4.0,4.0,3.0,0.0,1.0,1.0
5388,1.0,0.0,1.0,White,17.01,4,14.0,12.0,0.0,0.0,87.44,2.0,1.0,1.0,0.0,0.0,1.0,1.0,1.0,0.0,0.0,0.0
5389,1.0,0.0,1.0,White,35.95,3,16.0,16.0,0.0,0.0,,3.0,2.0,2.0,0.0,0.0,4.0,3.0,1.0,0.0,0.0,0.0
5390,1.0,0.0,1.0,Black,5.0904,3,13.0,12.0,0.0,0.0,,3.0,2.0,3.0,0.0,0.0,3.0,3.0,1.0,0.0,1.0,0.0
5391,1.0,0.0,0.0,White,11.97,5,13.0,16.0,0.0,0.0,45.865,1.0,2.0,2.0,0.0,0.0,2.0,1.0,1.0,0.0,0.0,1.0
5392,1.0,0.0,1.0,White,11.97,5,13.0,16.0,0.0,0.0,38.775,3.0,2.0,,0.0,0.0,1.0,1.0,1.0,0.0,0.0,0.0
5393,1.0,0.0,0.0,White,47.7626,5,12.0,12.0,0.0,0.0,76.465,5.0,2.0,2.0,0.0,0.0,3.0,4.0,2.0,0.0,0.0,0.0
5394,1.0,0.0,1.0,White,47.7626,5,12.0,12.0,0.0,0.0,91.232,3.0,2.0,2.0,0.0,0.0,3.0,2.0,2.0,0.0,0.0,0.0
5395,0.0,0.0,0.0,White,5.79,4,12.0,12.0,0.0,,,1.0,2.0,1.0,0.0,0.0,1.0,1.0,1.0,0.0,,1.0
5396,0.0,0.0,0.0,Hispanic,10.25,4,13.0,11.0,0.0,0.0,2.045,6.0,2.0,2.0,2.0,2.0,5.0,3.0,4.0,0.0,0.0,1.0
5397,0.0,0.0,1.0,Hispanic,10.25,4,13.0,14.0,0.0,0.0,45.147,0.0,1.0,2.0,0.0,0.0,4.0,3.0,2.0,0.0,0.0,0.0
5398,0.0,0.0,1.0,White,,4,12.0,,0.0,,32.302,7.0,1.0,2.0,0.0,0.0,1.0,1.0,1.0,0.0,0.0,1.0
5399,1.0,1.0,1.0,White,1.8865,2,14.0,12.0,0.0,1.0,69.157,3.0,2.0,2.0,0.0,1.0,4.0,3.0,1.0,,1.0,1.0
5400,0.0,0.0,0.0,White,0.595,4,12.0,14.0,0.0,,50.28,2.0,2.0,3.0,0.0,0.0,5.0,5.0,3.0,0.0,0.0,0.0
5401,1.0,0.0,1.0,White,-0.6,4,16.0,,0.0,0.0,76.267,2.0,1.0,2.0,0.0,0.0,2.0,1.0,1.0,0.0,0.0,1.0
5402,1.0,0.0,1.0,White,-0.7836,5,12.0,12.0,0.0,0.0,,2.0,1.0,1.0,0.0,0.0,1.0,1.0,1.0,0.0,0.0,0.0
5403,0.0,0.0,1.0,White,-0.695,3,14.0,12.0,0.0,0.0,28.418,5.0,2.0,4.0,45.0,3.0,4.0,3.0,2.0,1.0,0.0,1.0
5404,0.0,1.0,1.0,White,-0.695,3,14.0,12.0,0.0,0.0,65.08,3.0,2.0,3.0,5.0,0.0,3.0,2.0,3.0,1.0,,1.0
5405,1.0,0.0,1.0,White,14.575,3,14.0,16.0,0.0,0.0,89.532,9.0,2.0,2.0,0.0,0.0,2.0,,1.0,0.0,1.0,0.0
5406,1.0,0.0,0.0,White,24.74,4,16.0,,0.0,,64.457,2.0,1.0,2.0,0.0,0.0,1.0,1.0,1.0,0.0,0.0,0.0
5407,1.0,0.0,0.0,White,24.74,4,16.0,,0.0,,58.951,2.0,2.0,2.0,0.0,0.0,1.0,1.0,1.0,0.0,0.0,0.0
5408,1.0,0.0,0.0,White,,5,20.0,12.0,0.0,0.0,79.681,2.0,2.0,1.0,0.0,0.0,2.0,1.0,1.0,0.0,0.0,0.0
5409,0.0,0.0,0.0,White,,5,20.0,12.0,0.0,0.0,69.608,1.0,2.0,2.0,1.0,0.0,2.0,1.0,1.0,0.0,0.0,1.0
5410,1.0,0.0,1.0,White,,5,20.0,12.0,0.0,0.0,50.76,0.0,2.0,1.0,0.0,0.0,1.0,1.0,1.0,0.0,0.0,0.0
5411,1.0,,1.0,White,52.695,4,13.0,12.0,0.0,0.0,30.53,5.0,2.0,2.0,5.0,0.0,1.0,1.0,1.0,0.0,0.0,0.0
5412,1.0,0.0,1.0,White,6.2433,4,14.0,14.0,0.0,,43.784,2.0,1.0,4.0,0.0,0.0,1.0,1.0,1.0,0.0,0.0,0.0
5413,1.0,0.0,1.0,White,4.03,7,16.0,20.0,0.0,0.0,70.706,4.0,3.0,3.0,0.0,0.0,1.0,2.0,1.0,0.0,0.0,0.0
5414,0.0,1.0,1.0,White,2.0,6,12.0,12.0,0.0,,10.238,0.0,2.0,1.0,0.0,0.0,4.0,2.0,1.0,0.0,0.0,0.0
5415,0.0,0.0,0.0,White,2.0,6,12.0,12.0,0.0,0.0,43.557,4.0,2.0,3.0,0.0,0.0,1.0,1.0,1.0,0.0,0.0,0.0
5416,1.0,0.0,1.0,White,,11,12.0,12.0,0.0,0.0,51.237,3.0,2.0,3.0,0.0,0.0,2.0,1.0,1.0,0.0,0.0,0.0
5417,0.0,0.0,0.0,Other,7.25,3,12.0,16.0,0.0,0.0,,1.0,3.0,2.0,0.0,1.0,2.0,1.0,1.0,0.0,0.0,0.0
5418,1.0,0.0,1.0,White,,3,12.0,12.0,0.0,0.0,65.115,0.0,2.0,3.0,0.0,0.0,4.0,2.0,1.0,0.0,0.0,0.0
5419,1.0,0.0,1.0,White,,3,11.0,10.0,0.0,0.0,32.386,1.0,2.0,3.0,0.0,0.0,4.0,1.0,2.0,0.0,0.0,0.0
5420,0.0,0.0,0.0,White,4.625,4,16.0,12.0,0.0,,34.975,4.0,2.0,2.0,0.0,0.0,2.0,1.0,1.0,0.0,0.0,0.0
5421,1.0,0.0,1.0,White,5.7205,4,14.0,12.0,0.0,0.0,76.006,10.0,2.0,3.0,0.0,1.0,3.0,3.0,2.0,0.0,0.0,1.0
5422,0.0,0.0,1.0,White,5.7205,4,14.0,12.0,0.0,0.0,36.307,10.0,2.0,2.0,0.0,0.0,3.0,2.0,2.0,0.0,0.0,0.0
5423,1.0,0.0,0.0,Hispanic,5.45,4,8.0,11.0,0.0,0.0,51.252,2.0,2.0,2.0,0.0,0.0,3.0,1.0,2.0,0.0,0.0,1.0
5424,0.0,0.0,1.0,Hispanic,5.45,4,8.0,11.0,0.0,0.0,23.101,1.0,1.0,2.0,2.0,0.0,3.0,1.0,1.0,0.0,0.0,1.0
5425,1.0,1.0,1.0,White,2.825,3,12.0,9.0,0.0,,57.696,2.0,2.0,2.0,0.0,0.0,3.0,2.0,1.0,0.0,0.0,0.0
5426,0.0,0.0,0.0,White,2.825,3,12.0,9.0,0.0,0.0,19.493,2.0,2.0,2.0,0.0,0.0,1.0,1.0,1.0,1.0,0.0,0.0
5427,0.0,0.0,0.0,White,,4,12.0,12.0,0.0,0.0,23.128,1.0,2.0,2.0,0.0,0.0,3.0,4.0,1.0,0.0,0.0,0.0
5428,1.0,0.0,0.0,White,,4,12.0,12.0,0.0,0.0,65.459,1.0,2.0,2.0,2.0,1.0,1.0,1.0,1.0,1.0,0.0,0.0
5429,0.0,0.0,0.0,White,14.55,5,,,0.0,0.0,22.92,2.0,3.0,3.0,0.0,0.0,5.0,2.0,1.0,1.0,0.0,0.0
5430,1.0,0.0,1.0,White,14.55,5,,,0.0,,17.721,2.0,2.0,1.0,0.0,0.0,2.0,1.0,2.0,0.0,0.0,0.0
5431,1.0,0.0,0.0,White,,5,12.0,12.0,0.0,,49.427,4.0,2.0,2.0,0.0,1.0,1.0,1.0,1.0,0.0,0.0,0.0
5432,0.0,0.0,1.0,White,3.075,4,12.0,12.0,0.0,0.0,9.153,0.0,2.0,2.0,0.0,0.0,1.0,1.0,2.0,0.0,0.0,0.0
5433,1.0,1.0,0.0,White,3.7272,4,12.0,14.0,0.0,0.0,74.488,10.0,2.0,3.0,1.0,1.0,3.0,2.0,1.0,0.0,0.0,0.0
5434,1.0,0.0,0.0,White,,4,12.0,12.0,0.0,0.0,,1.0,1.0,2.0,0.0,0.0,4.0,4.0,2.0,0.0,0.0,0.0
5435,0.0,0.0,0.0,White,,4,11.0,11.0,,0.0,,,4.0,3.0,,,5.0,4.0,1.0,1.0,,1.0
5436,0.0,0.0,0.0,White,0.545,4,9.0,11.0,0.0,0.0,59.568,8.0,2.0,1.0,1.0,4.0,3.0,2.0,1.0,1.0,0.0,1.0
5437,1.0,0.0,0.0,White,0.545,4,9.0,11.0,0.0,0.0,85.681,2.0,1.0,2.0,0.0,0.0,2.0,1.0,1.0,0.0,0.0,0.0
5438,0.0,0.0,0.0,White,-1.205,4,12.0,12.0,0.0,0.0,87.807,1.0,2.0,3.0,2.0,1.0,1.0,2.0,2.0,0.0,1.0,0.0
5439,1.0,0.0,0.0,White,12.0001,4,12.0,16.0,0.0,0.0,64.555,2.0,2.0,2.0,0.0,0.0,3.0,4.0,1.0,0.0,0.0,0.0
5440,1.0,0.0,0.0,White,,4,17.0,16.0,0.0,,47.477,0.0,2.0,3.0,0.0,0.0,1.0,1.0,,0.0,0.0,0.0
5441,1.0,0.0,0.0,White,20.75,5,12.0,12.0,0.0,0.0,14.298,2.0,2.0,1.0,0.0,0.0,4.0,3.0,2.0,0.0,0.0,0.0
5442,1.0,0.0,0.0,White,20.75,5,12.0,12.0,0.0,0.0,70.471,0.0,1.0,1.0,0.0,0.0,2.0,1.0,2.0,0.0,0.0,0.0
5443,0.0,0.0,0.0,White,,5,12.0,12.0,0.0,0.0,,0.0,2.0,2.0,0.0,0.0,3.0,2.0,2.0,0.0,0.0,0.0
5444,1.0,0.0,1.0,White,,5,12.0,12.0,0.0,0.0,,1.0,2.0,2.0,0.0,0.0,2.0,2.0,2.0,0.0,0.0,0.0
5445,1.0,0.0,0.0,Other,13.35,4,14.0,12.0,0.0,,61.101,1.0,2.0,3.0,1.0,1.0,2.0,1.0,1.0,0.0,0.0,1.0
5446,1.0,0.0,1.0,Other,13.35,4,14.0,12.0,0.0,0.0,72.886,0.0,1.0,1.0,0.0,0.0,4.0,2.0,2.0,0.0,0.0,0.0
5447,0.0,1.0,0.0,White,11.5,4,12.0,11.0,0.0,,39.456,0.0,2.0,2.0,0.0,6.0,1.0,1.0,1.0,0.0,0.0,0.0
5448,0.0,0.0,1.0,White,3.7,6,,9.0,0.0,0.0,63.112,3.0,2.0,3.0,3.0,2.0,3.0,2.0,2.0,0.0,0.0,1.0
5449,1.0,0.0,0.0,White,,4,12.0,12.0,0.0,0.0,,2.0,2.0,2.0,0.0,0.0,2.0,1.0,1.0,0.0,0.0,0.0
5450,0.0,0.0,0.0,White,17.75,3,12.0,12.0,0.0,0.0,39.779,5.0,2.0,3.0,2.0,0.0,4.0,2.0,1.0,1.0,0.0,0.0
5451,0.0,0.0,1.0,White,,5,12.0,12.0,0.0,0.0,35.301,1.0,2.0,2.0,0.0,0.0,4.0,3.0,3.0,1.0,1.0,0.0
5452,0.0,1.0,1.0,White,,5,12.0,12.0,0.0,0.0,74.18,0.0,2.0,3.0,1.0,0.0,3.0,3.0,2.0,0.0,0.0,0.0
5453,1.0,0.0,0.0,White,,3,12.0,12.0,0.0,0.0,58.47,0.0,2.0,2.0,2.0,2.0,1.0,1.0,1.0,0.0,0.0,0.0
5454,1.0,0.0,1.0,White,,5,12.0,12.0,,,,5.0,2.0,4.0,0.0,0.0,2.0,1.0,1.0,0.0,1.0,0.0
5455,0.0,0.0,0.0,Hispanic,1.325,3,,9.0,0.0,0.0,7.032,3.0,2.0,3.0,0.0,0.0,5.0,5.0,3.0,,1.0,1.0
5456,0.0,0.0,1.0,Hispanic,,3,,9.0,,0.0,15.191,2.0,3.0,4.0,0.0,3.0,5.0,5.0,4.0,0.0,0.0,1.0
5457,0.0,0.0,1.0,White,-1.055,4,12.0,4.0,1.0,0.0,39.779,4.0,2.0,2.0,0.0,0.0,2.0,1.0,2.0,0.0,0.0,0.0
5458,0.0,0.0,0.0,White,-1.055,4,12.0,4.0,1.0,0.0,23.479,2.0,1.0,2.0,0.0,0.0,1.0,1.0,1.0,0.0,0.0,0.0
5459,0.0,0.0,0.0,White,2.01,5,12.0,9.0,0.0,0.0,20.045,2.0,3.0,3.0,1.0,0.0,4.0,2.0,2.0,0.0,0.0,1.0
5460,1.0,0.0,1.0,White,2.7,5,12.0,11.0,,0.0,50.412,3.0,2.0,3.0,5.0,0.0,3.0,1.0,1.0,0.0,1.0,0.0
5461,0.0,0.0,0.0,Hispanic,,3,12.0,,0.0,0.0,16.956,2.0,3.0,3.0,0.0,0.0,4.0,1.0,4.0,0.0,0.0,1.0
5462,0.0,0.0,0.0,White,,3,12.0,11.0,,0.0,12.848,1.0,2.0,3.0,0.0,0.0,1.0,1.0,1.0,0.0,0.0,1.0
5463,0.0,0.0,1.0,White,,5,12.0,12.0,,0.0,34.394,2.0,2.0,3.0,0.0,1.0,4.0,3.0,1.0,0.0,0.0,1.0
5464,1.0,0.0,0.0,White,,3,14.0,12.0,0.0,,94.577,2.0,2.0,2.0,0.0,0.0,2.0,3.0,1.0,0.0,0.0,0.0
5465,0.0,0.0,1.0,Other,4.23,4,8.0,11.0,0.0,1.0,,2.0,2.0,2.0,3.0,0.0,4.0,4.0,3.0,0.0,0.0,0.0
5466,0.0,0.0,1.0,Other,4.23,4,8.0,11.0,0.0,1.0,,1.0,3.0,3.0,0.0,1.0,3.0,3.0,3.0,0.0,,1.0
5467,0.0,0.0,1.0,Other,4.23,4,8.0,11.0,0.0,1.0,,5.0,3.0,2.0,2.0,1.0,5.0,5.0,4.0,1.0,1.0,1.0
5468,1.0,1.0,1.0,White,,4,13.0,15.0,0.0,0.0,63.538,1.0,2.0,2.0,0.0,0.0,3.0,3.0,2.0,0.0,0.0,1.0
5469,0.0,0.0,1.0,White,,4,13.0,15.0,0.0,0.0,35.625,0.0,2.0,3.0,0.0,0.0,3.0,4.0,2.0,0.0,0.0,0.0
5470,1.0,0.0,1.0,White,,3,12.0,12.0,0.0,0.0,25.319,9.0,3.0,3.0,0.0,0.0,3.0,3.0,2.0,0.0,,0.0
5471,0.0,0.0,0.0,Hispanic,2.35,3,12.0,,0.0,0.0,50.481,7.0,3.0,3.0,2.0,2.0,5.0,5.0,5.0,1.0,0.0,1.0
5472,0.0,0.0,1.0,Hispanic,2.35,3,12.0,,0.0,0.0,28.69,,2.0,3.0,1.0,0.0,4.0,1.0,2.0,1.0,0.0,0.0
5473,1.0,0.0,1.0,White,5.375,3,12.0,12.0,0.0,1.0,70.724,1.0,2.0,2.0,0.0,0.0,4.0,4.0,3.0,0.0,0.0,1.0
5474,0.0,0.0,0.0,White,,3,17.0,17.0,0.0,0.0,99.351,1.0,2.0,2.0,0.0,0.0,1.0,1.0,1.0,1.0,0.0,0.0
5475,1.0,1.0,1.0,White,,4,16.0,16.0,0.0,,,7.0,2.0,2.0,0.0,0.0,2.0,1.0,1.0,0.0,0.0,0.0
5476,1.0,0.0,1.0,White,,3,12.0,,0.0,0.0,37.544,0.0,2.0,2.0,0.0,0.0,5.0,3.0,3.0,0.0,0.0,0.0
5477,1.0,0.0,1.0,White,,3,12.0,,0.0,,53.834,0.0,2.0,2.0,0.0,0.0,2.0,2.0,2.0,0.0,0.0,0.0
5478,1.0,0.0,1.0,White,,4,14.0,14.0,0.0,0.0,73.818,0.0,3.0,2.0,0.0,0.0,1.0,1.0,1.0,0.0,0.0,0.0
5479,1.0,0.0,1.0,White,0.675,4,12.0,8.0,0.0,0.0,73.654,4.0,1.0,2.0,0.0,0.0,5.0,3.0,1.0,0.0,,0.0
5480,1.0,0.0,1.0,White,,6,14.0,12.0,0.0,0.0,83.452,0.0,2.0,2.0,0.0,0.0,1.0,1.0,1.0,0.0,0.0,0.0
5481,1.0,0.0,0.0,White,60.0,5,14.0,12.0,0.0,0.0,84.039,0.0,1.0,2.0,0.0,0.0,3.0,1.0,1.0,0.0,0.0,0.0
5482,1.0,0.0,1.0,White,60.0,5,14.0,12.0,0.0,0.0,24.992,0.0,2.0,1.0,5.0,0.0,3.0,3.0,1.0,0.0,0.0,0.0
5483,1.0,0.0,0.0,White,60.0,5,14.0,12.0,0.0,0.0,35.476,2.0,1.0,2.0,0.0,1.0,1.0,1.0,1.0,0.0,0.0,0.0
5484,0.0,0.0,0.0,White,17.4001,4,12.0,15.0,0.0,0.0,32.672,7.0,1.0,2.0,0.0,0.0,2.0,5.0,1.0,0.0,0.0,0.0
5485,1.0,0.0,1.0,White,,4,12.0,13.0,,0.0,,4.0,2.0,2.0,0.0,0.0,2.0,1.0,1.0,0.0,,0.0
5486,0.0,0.0,0.0,White,48.2,3,12.0,12.0,0.0,,,6.0,2.0,1.0,1.0,2.0,1.0,1.0,1.0,0.0,0.0,1.0
5487,0.0,0.0,1.0,White,1.95,3,12.0,12.0,0.0,0.0,6.236,4.0,3.0,3.0,0.0,0.0,3.0,3.0,1.0,0.0,,0.0
5488,0.0,0.0,0.0,White,2.103,4,10.0,12.0,0.0,,36.987,2.0,1.0,2.0,1.0,0.0,2.0,1.0,1.0,0.0,0.0,0.0
5489,0.0,0.0,1.0,White,2.103,4,10.0,12.0,0.0,0.0,27.257,3.0,1.0,2.0,1.0,0.0,1.0,1.0,1.0,0.0,0.0,0.0
5490,1.0,1.0,1.0,White,15.545,5,12.0,14.0,0.0,0.0,80.76,0.0,1.0,1.0,0.0,0.0,5.0,1.0,1.0,1.0,0.0,0.0
5491,0.0,0.0,0.0,Other,,3,12.0,11.0,0.0,,82.484,0.0,2.0,2.0,0.0,1.0,2.0,2.0,1.0,1.0,0.0,1.0
5492,1.0,0.0,0.0,White,56.4501,3,12.0,15.0,0.0,0.0,82.412,7.0,1.0,2.0,0.0,0.0,2.0,1.0,1.0,0.0,,0.0
5493,0.0,0.0,1.0,White,0.525,3,12.0,12.0,0.0,0.0,,,2.0,2.0,4.0,0.0,4.0,4.0,2.0,0.0,0.0,1.0
5494,0.0,0.0,0.0,White,0.525,3,12.0,12.0,0.0,0.0,16.267,10.0,3.0,3.0,3.0,5.0,4.0,2.0,1.0,0.0,0.0,1.0
5495,0.0,0.0,1.0,White,20.615,3,13.0,12.0,0.0,,21.373,18.0,3.0,4.0,0.0,0.0,5.0,5.0,4.0,,0.0,1.0
5496,0.0,0.0,1.0,White,2.7778,3,14.0,,0.0,0.0,47.699,,3.0,2.0,2.0,0.0,4.0,3.0,1.0,0.0,0.0,1.0
5497,0.0,0.0,0.0,White,7.525,3,12.0,10.0,0.0,0.0,46.929,5.0,2.0,2.0,0.0,0.0,4.0,3.0,4.0,0.0,0.0,0.0
5498,1.0,0.0,1.0,White,,6,12.0,12.0,0.0,,68.735,1.0,3.0,2.0,0.0,0.0,4.0,3.0,1.0,,0.0,0.0
5499,1.0,0.0,0.0,White,,6,12.0,,0.0,0.0,17.906,2.0,2.0,2.0,0.0,0.0,1.0,1.0,1.0,,0.0,0.0
5500,1.0,,0.0,White,2.25,5,16.0,12.0,0.0,0.0,56.98,0.0,2.0,3.0,0.0,0.0,2.0,1.0,1.0,1.0,0.0,0.0
5501,0.0,0.0,1.0,White,0.835,3,10.0,10.0,0.0,0.0,,6.0,3.0,3.0,0.0,0.0,5.0,3.0,2.0,1.0,,0.0
5502,0.0,0.0,0.0,White,2.9,6,12.0,9.0,1.0,0.0,10.675,1.0,2.0,2.0,0.0,0.0,2.0,1.0,1.0,0.0,1.0,0.0
5503,1.0,0.0,1.0,White,2.9,6,12.0,9.0,1.0,0.0,73.457,2.0,2.0,2.0,0.0,0.0,2.0,1.0,1.0,0.0,0.0,0.0
5504,1.0,0.0,1.0,White,2.9,6,12.0,9.0,1.0,0.0,71.931,0.0,2.0,2.0,0.0,0.0,2.0,1.0,1.0,0.0,0.0,0.0
5505,1.0,1.0,1.0,White,25.1,3,12.0,12.0,0.0,0.0,55.25,3.0,2.0,2.0,3.0,0.0,4.0,4.0,1.0,0.0,0.0,0.0
5506,0.0,0.0,1.0,White,2.4655,5,12.0,12.0,0.0,0.0,27.239,2.0,2.0,3.0,0.0,0.0,2.0,3.0,1.0,0.0,0.0,0.0
5507,0.0,0.0,1.0,White,,5,12.0,12.0,,0.0,25.489,2.0,2.0,2.0,0.0,0.0,1.0,1.0,1.0,0.0,,0.0
5508,0.0,0.0,1.0,White,,5,12.0,12.0,,0.0,21.982,2.0,3.0,2.0,0.0,0.0,3.0,1.0,,1.0,0.0,0.0
5509,1.0,0.0,0.0,White,5.355,4,12.0,13.0,0.0,0.0,39.13,2.0,2.0,2.0,0.0,0.0,2.0,1.0,1.0,0.0,0.0,0.0
5510,1.0,0.0,0.0,White,5.355,4,12.0,13.0,0.0,,28.442,1.0,2.0,2.0,0.0,0.0,1.0,1.0,1.0,0.0,0.0,0.0
5511,0.0,0.0,0.0,White,17.0,4,13.0,12.0,0.0,,10.622,2.0,2.0,3.0,10.0,0.0,2.0,1.0,1.0,1.0,0.0,0.0
5512,1.0,1.0,0.0,White,3.4244,3,15.0,12.0,0.0,0.0,83.664,5.0,4.0,3.0,4.0,2.0,3.0,2.0,2.0,1.0,1.0,0.0
5513,0.0,0.0,1.0,White,10.62,4,12.0,10.0,0.0,,27.708,1.0,2.0,2.0,0.0,0.0,2.0,2.0,1.0,0.0,,0.0
5514,,,1.0,White,10.62,4,12.0,10.0,0.0,,21.367,1.0,2.0,2.0,0.0,0.0,1.0,1.0,1.0,0.0,,0.0
5515,0.0,0.0,0.0,White,5.125,4,12.0,12.0,0.0,0.0,15.929,2.0,2.0,2.0,0.0,0.0,1.0,1.0,1.0,0.0,0.0,1.0
5516,0.0,0.0,0.0,White,4.071,4,9.0,6.0,0.0,0.0,19.196,10.0,3.0,2.0,0.0,1.0,1.0,1.0,1.0,0.0,0.0,0.0
5517,0.0,0.0,0.0,White,0.625,5,11.0,10.0,0.0,1.0,65.552,3.0,2.0,2.0,2.0,0.0,5.0,3.0,1.0,1.0,1.0,0.0
5518,0.0,0.0,0.0,White,0.625,5,11.0,10.0,0.0,1.0,4.729,4.0,2.0,2.0,0.0,0.0,4.0,3.0,,0.0,0.0,0.0
5519,0.0,0.0,0.0,White,0.625,5,11.0,11.0,0.0,0.0,36.534,3.0,2.0,2.0,0.0,1.0,4.0,1.0,1.0,1.0,0.0,1.0
5520,0.0,0.0,0.0,White,-0.715,3,12.0,,0.0,,87.199,4.0,2.0,2.0,0.0,0.0,2.0,,1.0,1.0,1.0,0.0
5521,0.0,0.0,0.0,Hispanic,1.575,8,10.0,,0.0,1.0,23.486,2.0,2.0,2.0,0.0,0.0,1.0,1.0,1.0,0.0,,1.0
5522,0.0,0.0,0.0,White,4.8125,3,12.0,11.0,0.0,0.0,57.234,4.0,2.0,2.0,0.0,0.0,5.0,4.0,1.0,0.0,0.0,0.0
5523,0.0,0.0,0.0,White,4.8125,3,12.0,11.0,0.0,0.0,80.575,2.0,2.0,2.0,1.0,0.0,2.0,1.0,1.0,0.0,0.0,0.0
5524,1.0,0.0,0.0,White,4.225,4,12.0,,0.0,,63.413,0.0,2.0,2.0,5.0,0.0,1.0,1.0,1.0,1.0,1.0,0.0
5525,0.0,0.0,0.0,White,3.35,3,12.0,12.0,0.0,0.0,41.185,4.0,2.0,2.0,0.0,0.0,2.0,1.0,1.0,0.0,0.0,0.0
5526,1.0,0.0,1.0,White,3.35,3,12.0,12.0,0.0,0.0,65.728,0.0,2.0,2.0,0.0,0.0,1.0,1.0,1.0,0.0,0.0,0.0
5527,,,1.0,Hispanic,0.175,3,9.0,,0.0,,74.097,3.0,2.0,2.0,0.0,1.0,4.0,1.0,1.0,0.0,,0.0
5528,1.0,0.0,1.0,White,3.55,3,12.0,12.0,0.0,0.0,65.027,5.0,2.0,3.0,0.0,0.0,5.0,5.0,1.0,0.0,0.0,0.0
5529,0.0,0.0,0.0,White,3.55,3,12.0,12.0,0.0,0.0,33.2,2.0,2.0,2.0,0.0,0.0,2.0,1.0,1.0,1.0,0.0,0.0
5530,0.0,0.0,1.0,White,0.0825,5,10.0,14.0,0.0,0.0,41.16,,2.0,2.0,0.0,1.0,2.0,1.0,1.0,0.0,0.0,0.0
5531,0.0,0.0,1.0,White,,4,12.0,12.0,1.0,0.0,50.676,10.0,3.0,2.0,0.0,0.0,4.0,3.0,1.0,0.0,0.0,0.0
5532,0.0,0.0,0.0,White,,4,12.0,12.0,0.0,0.0,36.885,0.0,2.0,2.0,0.0,3.0,5.0,4.0,1.0,0.0,0.0,1.0
5533,1.0,0.0,0.0,White,60.0,5,14.0,16.0,0.0,0.0,78.348,7.0,2.0,2.0,2.0,0.0,2.0,2.0,1.0,1.0,1.0,0.0
5534,0.0,0.0,1.0,White,3.69,2,12.0,12.0,0.0,0.0,35.389,3.0,2.0,2.0,0.0,0.0,2.0,1.0,1.0,1.0,0.0,0.0
5535,0.0,0.0,1.0,White,2.175,5,12.0,10.0,0.0,0.0,49.449,25.0,2.0,4.0,2.0,0.0,3.0,2.0,3.0,0.0,0.0,1.0
5536,1.0,0.0,0.0,Hispanic,-1.925,4,12.0,16.0,1.0,0.0,95.999,0.0,2.0,2.0,0.0,0.0,3.0,2.0,2.0,0.0,0.0,0.0
5537,1.0,0.0,0.0,Hispanic,-1.925,4,12.0,16.0,1.0,,71.588,2.0,2.0,2.0,0.0,0.0,1.0,1.0,1.0,0.0,0.0,0.0
5538,1.0,0.0,0.0,White,3.48,3,12.0,12.0,0.0,,42.38,6.0,2.0,2.0,0.0,0.0,2.0,3.0,1.0,0.0,0.0,0.0
5539,0.0,0.0,0.0,White,4.35,5,12.0,18.0,0.0,0.0,27.716,3.0,2.0,2.0,0.0,0.0,1.0,1.0,1.0,0.0,0.0,0.0
5540,1.0,0.0,1.0,White,1.72,4,17.0,12.0,0.0,0.0,96.626,1.0,2.0,2.0,2.0,0.0,1.0,1.0,1.0,1.0,1.0,0.0
5541,1.0,0.0,0.0,White,25.7,4,12.0,16.0,0.0,0.0,97.379,6.0,2.0,2.0,2.0,1.0,2.0,2.0,1.0,0.0,0.0,0.0
5542,1.0,0.0,0.0,White,25.7,4,12.0,16.0,0.0,0.0,88.631,0.0,1.0,2.0,0.0,1.0,1.0,1.0,1.0,0.0,1.0,0.0
5543,0.0,0.0,1.0,White,20.4,3,14.0,12.0,0.0,0.0,78.296,10.0,2.0,3.0,0.0,0.0,1.0,1.0,1.0,0.0,0.0,0.0
5544,1.0,0.0,1.0,White,11.15,4,13.0,18.0,0.0,0.0,93.837,6.0,2.0,2.0,0.0,0.0,1.0,1.0,1.0,0.0,1.0,0.0
5545,0.0,0.0,0.0,White,18.8151,4,12.0,16.0,0.0,0.0,35.799,5.0,2.0,2.0,0.0,0.0,3.0,2.0,1.0,0.0,0.0,0.0
5546,1.0,0.0,0.0,White,60.0,3,12.0,14.0,0.0,0.0,93.711,1.0,2.0,2.0,0.0,0.0,2.0,1.0,1.0,0.0,0.0,1.0
5547,0.0,0.0,0.0,White,9.318,5,12.0,10.0,0.0,,26.823,2.0,2.0,1.0,0.0,0.0,3.0,2.0,3.0,0.0,0.0,0.0
5548,0.0,0.0,1.0,White,6.25,6,10.0,11.0,0.0,0.0,23.994,13.0,2.0,3.0,9.0,0.0,5.0,4.0,4.0,,1.0,1.0
5549,0.0,0.0,0.0,White,6.25,6,10.0,11.0,0.0,0.0,0.281,3.0,2.0,3.0,0.0,1.0,5.0,3.0,2.0,0.0,0.0,0.0
5550,0.0,0.0,0.0,White,6.25,6,10.0,11.0,0.0,,21.406,5.0,2.0,3.0,20.0,2.0,3.0,3.0,2.0,1.0,0.0,1.0
5551,0.0,0.0,1.0,White,,6,,,1.0,,86.224,1.0,2.0,3.0,10.0,0.0,1.0,2.0,1.0,0.0,0.0,0.0
5552,1.0,0.0,0.0,White,,6,,,1.0,0.0,60.757,0.0,2.0,2.0,1.0,0.0,3.0,1.0,1.0,1.0,0.0,0.0
5553,0.0,0.0,0.0,White,,6,,,1.0,0.0,65.937,0.0,2.0,2.0,0.0,0.0,3.0,1.0,1.0,1.0,0.0,0.0
5554,1.0,0.0,0.0,Black,0.235,2,12.0,12.0,0.0,,41.945,0.0,3.0,4.0,0.0,3.0,1.0,1.0,,1.0,0.0,0.0
5555,0.0,0.0,0.0,White,,5,13.0,,0.0,,17.859,2.0,2.0,2.0,3.0,0.0,5.0,2.0,5.0,1.0,1.0,0.0
5556,0.0,0.0,0.0,White,,5,13.0,,0.0,,62.255,0.0,2.0,1.0,1.0,0.0,4.0,4.0,3.0,0.0,0.0,0.0
5557,0.0,0.0,0.0,White,9.62,5,12.0,,0.0,0.0,47.312,7.0,2.0,2.0,1.0,1.0,3.0,3.0,2.0,1.0,0.0,0.0
5558,1.0,0.0,1.0,Black,,4,12.0,13.0,0.0,0.0,14.389,2.0,2.0,2.0,0.0,0.0,2.0,1.0,2.0,0.0,0.0,0.0
5560,0.0,0.0,1.0,Black,,5,16.0,12.0,0.0,0.0,21.745,0.0,3.0,3.0,0.0,0.0,5.0,4.0,2.0,1.0,1.0,0.0
5561,0.0,0.0,0.0,White,,2,,,0.0,,58.428,4.0,2.0,2.0,0.0,0.0,4.0,3.0,1.0,0.0,,0.0
5562,1.0,0.0,1.0,White,,3,16.0,20.0,0.0,0.0,90.951,0.0,1.0,1.0,0.0,0.0,,,1.0,0.0,0.0,0.0
5563,0.0,0.0,1.0,White,1.75,5,11.0,,0.0,0.0,42.003,52.0,2.0,2.0,0.0,0.0,4.0,4.0,1.0,0.0,1.0,0.0
5564,0.0,0.0,1.0,White,1.75,5,11.0,,0.0,0.0,56.087,10.0,2.0,3.0,1.0,1.0,3.0,1.0,1.0,0.0,0.0,0.0
5565,0.0,0.0,1.0,White,1.75,5,11.0,,0.0,0.0,5.006,40.0,3.0,2.0,0.0,1.0,5.0,1.0,3.0,1.0,0.0,0.0
5566,0.0,0.0,0.0,White,7.05,4,,12.0,0.0,0.0,66.843,5.0,2.0,2.0,0.0,0.0,1.0,1.0,1.0,0.0,0.0,0.0
5567,0.0,0.0,1.0,Black,-2.75,5,12.0,,1.0,,,5.0,2.0,3.0,1.0,1.0,1.0,1.0,1.0,0.0,0.0,1.0
5568,0.0,0.0,0.0,Black,2.85,5,12.0,12.0,0.0,0.0,8.281,0.0,2.0,2.0,0.0,0.0,1.0,1.0,1.0,0.0,0.0,1.0
5569,0.0,0.0,0.0,Black,,5,12.0,,0.0,0.0,23.695,6.0,3.0,2.0,0.0,0.0,4.0,3.0,1.0,1.0,0.0,0.0
5570,0.0,0.0,1.0,White,9.2,3,18.0,,0.0,0.0,3.543,0.0,2.0,2.0,0.0,0.0,1.0,1.0,1.0,0.0,0.0,0.0
5571,1.0,0.0,1.0,White,37.55,2,20.0,16.0,0.0,0.0,72.654,10.0,3.0,2.0,0.0,0.0,3.0,3.0,1.0,0.0,0.0,0.0
5572,0.0,0.0,1.0,Black,,2,,7.0,,0.0,14.241,5.0,3.0,3.0,4.0,0.0,4.0,2.0,1.0,0.0,,0.0
5573,1.0,,1.0,Black,14.05,6,12.0,,0.0,0.0,39.912,3.0,3.0,3.0,0.0,0.0,4.0,4.0,1.0,0.0,0.0,0.0
5574,0.0,0.0,0.0,Black,14.05,6,12.0,,0.0,0.0,14.314,,2.0,2.0,0.0,0.0,1.0,1.0,1.0,1.0,0.0,0.0
5575,1.0,0.0,1.0,Black,14.05,6,12.0,,0.0,0.0,62.467,2.0,2.0,3.0,3.0,0.0,1.0,1.0,1.0,0.0,0.0,0.0
5576,0.0,0.0,1.0,Black,,4,13.0,12.0,,0.0,55.965,0.0,2.0,2.0,0.0,0.0,1.0,1.0,1.0,0.0,0.0,0.0
5577,0.0,0.0,0.0,Black,0.675,3,12.0,12.0,0.0,,29.879,0.0,1.0,2.0,0.0,0.0,4.0,1.0,2.0,0.0,0.0,0.0
5578,1.0,0.0,1.0,Black,1.02,4,14.0,,0.0,0.0,59.79,0.0,2.0,2.0,0.0,0.0,2.0,1.0,1.0,0.0,0.0,0.0
5579,0.0,0.0,0.0,White,,4,14.0,12.0,0.0,,33.983,3.0,2.0,2.0,0.0,0.0,1.0,1.0,1.0,0.0,0.0,0.0
5580,1.0,0.0,1.0,White,,4,8.0,8.0,0.0,0.0,58.432,0.0,2.0,2.0,0.0,0.0,2.0,4.0,1.0,0.0,0.0,0.0
5581,1.0,0.0,0.0,White,,3,13.0,12.0,0.0,0.0,87.024,4.0,2.0,2.0,0.0,0.0,3.0,3.0,1.0,0.0,0.0,0.0
5582,0.0,1.0,0.0,White,0.045,3,11.0,,0.0,1.0,,,2.0,3.0,1.0,1.0,,,1.0,1.0,,1.0
5583,1.0,0.0,1.0,White,,4,12.0,,0.0,0.0,71.413,0.0,2.0,2.0,0.0,0.0,2.0,,1.0,0.0,0.0,0.0
5584,0.0,0.0,1.0,White,,4,12.0,,0.0,0.0,38.797,7.0,2.0,2.0,0.0,0.0,1.0,1.0,1.0,1.0,0.0,0.0
5585,1.0,0.0,1.0,White,-0.026,3,10.0,12.0,0.0,,,7.0,3.0,4.0,0.0,1.0,3.0,3.0,1.0,0.0,0.0,0.0
5586,0.0,0.0,0.0,White,1.885,4,7.0,9.0,0.0,0.0,14.849,18.0,2.0,2.0,8.0,0.0,3.0,2.0,1.0,0.0,0.0,0.0
5587,0.0,0.0,1.0,White,,4,10.0,4.0,0.0,0.0,43.564,8.0,2.0,3.0,1.0,1.0,2.0,1.0,1.0,0.0,,0.0
5588,1.0,,0.0,White,,3,12.0,12.0,0.0,,,5.0,2.0,1.0,0.0,0.0,3.0,3.0,1.0,1.0,,0.0
5589,1.0,0.0,1.0,Black,,4,17.0,16.0,0.0,0.0,69.173,5.0,2.0,2.0,0.0,0.0,2.0,1.0,1.0,0.0,0.0,0.0
5590,1.0,0.0,1.0,Black,5.05,5,12.0,,0.0,0.0,8.829,0.0,2.0,2.0,0.0,0.0,3.0,3.0,2.0,0.0,0.0,0.0
5591,0.0,0.0,0.0,Black,0.4,4,14.0,8.0,0.0,0.0,14.754,3.0,2.0,2.0,0.0,1.0,1.0,1.0,1.0,0.0,0.0,0.0
5592,0.0,0.0,0.0,Black,2.005,4,12.0,12.0,0.0,0.0,1.778,0.0,2.0,2.0,0.0,0.0,3.0,2.0,2.0,0.0,,0.0
5593,0.0,0.0,0.0,Black,3.65,5,7.0,12.0,1.0,0.0,0.893,3.0,4.0,4.0,0.0,0.0,2.0,3.0,3.0,0.0,0.0,0.0
5594,1.0,0.0,1.0,White,3.885,4,9.0,6.0,0.0,0.0,60.772,2.0,2.0,2.0,0.0,0.0,1.0,1.0,1.0,0.0,0.0,0.0
5595,0.0,0.0,0.0,White,,4,12.0,14.0,0.0,0.0,77.177,3.0,2.0,2.0,0.0,0.0,2.0,3.0,1.0,0.0,0.0,1.0
5596,0.0,0.0,0.0,Black,,4,13.0,12.0,,0.0,12.664,3.0,3.0,2.0,0.0,0.0,4.0,1.0,1.0,0.0,0.0,0.0
5597,0.0,0.0,1.0,Black,0.05,5,12.0,,1.0,0.0,2.274,0.0,2.0,1.0,0.0,0.0,3.0,2.0,2.0,0.0,1.0,0.0
5598,1.0,0.0,0.0,Black,0.05,5,12.0,,1.0,0.0,2.995,9.0,2.0,2.0,1.0,1.0,1.0,1.0,1.0,1.0,1.0,0.0
5599,0.0,0.0,0.0,Black,4.25,5,12.0,12.0,1.0,0.0,3.279,0.0,2.0,3.0,0.0,0.0,1.0,1.0,1.0,0.0,0.0,0.0
5600,0.0,0.0,0.0,Black,4.25,5,12.0,12.0,1.0,0.0,23.571,5.0,2.0,2.0,1.0,2.0,1.0,1.0,1.0,1.0,0.0,0.0
5601,1.0,0.0,1.0,Black,,2,12.0,12.0,0.0,0.0,44.56,3.0,2.0,2.0,0.0,0.0,4.0,5.0,4.0,0.0,0.0,0.0
5602,0.0,0.0,0.0,Black,3.275,5,12.0,12.0,0.0,0.0,30.599,0.0,2.0,2.0,0.0,0.0,3.0,2.0,2.0,0.0,0.0,0.0
5603,0.0,0.0,1.0,Black,1.29,4,11.0,,0.0,0.0,9.962,3.0,4.0,3.0,0.0,0.0,2.0,2.0,4.0,0.0,0.0,0.0
5604,0.0,0.0,0.0,Black,6.1,4,12.0,12.0,0.0,0.0,22.774,0.0,2.0,1.0,0.0,0.0,1.0,1.0,1.0,0.0,0.0,0.0
5605,1.0,0.0,0.0,Black,,3,18.0,16.0,0.0,0.0,,0.0,2.0,2.0,0.0,0.0,1.0,1.0,1.0,0.0,0.0,0.0
5606,0.0,0.0,1.0,White,3.085,5,10.0,9.0,0.0,0.0,50.883,4.0,2.0,2.0,0.0,0.0,1.0,1.0,1.0,1.0,0.0,0.0
5607,1.0,0.0,0.0,Black,-0.645,4,12.0,12.0,0.0,0.0,44.283,0.0,3.0,1.0,1.0,0.0,1.0,1.0,1.0,0.0,0.0,0.0
5608,1.0,1.0,1.0,Black,2.225,3,12.0,,0.0,0.0,20.012,0.0,2.0,3.0,1.0,0.0,3.0,2.0,1.0,0.0,0.0,1.0
5609,0.0,0.0,0.0,Black,0.25,4,13.0,11.0,0.0,0.0,18.884,0.0,4.0,4.0,4.0,5.0,5.0,5.0,1.0,0.0,0.0,0.0
5610,0.0,0.0,1.0,Black,,3,16.0,12.0,0.0,0.0,76.425,21.0,4.0,4.0,0.0,0.0,1.0,1.0,1.0,0.0,0.0,0.0
5611,0.0,0.0,0.0,Black,2.35,4,12.0,7.0,0.0,0.0,20.859,0.0,1.0,2.0,0.0,0.0,2.0,1.0,1.0,1.0,0.0,0.0
5612,0.0,0.0,0.0,Black,2.35,4,12.0,7.0,0.0,0.0,18.48,0.0,3.0,3.0,0.0,0.0,3.0,2.0,1.0,0.0,0.0,0.0
5613,1.0,0.0,1.0,Black,2.05,5,12.0,10.0,0.0,,29.593,5.0,2.0,2.0,0.0,0.0,3.0,3.0,2.0,0.0,0.0,0.0
5614,1.0,0.0,0.0,White,60.0,4,16.0,16.0,0.0,0.0,48.117,2.0,2.0,2.0,0.0,0.0,2.0,2.0,1.0,0.0,0.0,0.0
5615,0.0,0.0,1.0,White,,4,18.0,12.0,0.0,0.0,54.834,6.0,2.0,3.0,0.0,2.0,2.0,4.0,1.0,0.0,1.0,0.0
5616,1.0,0.0,1.0,White,,3,17.0,18.0,0.0,0.0,60.831,9.0,2.0,1.0,0.0,0.0,2.0,1.0,1.0,0.0,0.0,0.0
5617,0.0,0.0,0.0,White,5.31,4,12.0,12.0,0.0,0.0,,2.0,2.0,2.0,0.0,0.0,2.0,1.0,2.0,1.0,0.0,0.0
5618,1.0,0.0,1.0,White,6.25,3,18.0,16.0,0.0,0.0,85.311,6.0,2.0,2.0,0.0,0.0,2.0,2.0,1.0,0.0,1.0,1.0
5619,,,0.0,White,,3,12.0,12.0,0.0,,75.756,0.0,2.0,3.0,0.0,0.0,3.0,1.0,1.0,0.0,,0.0
5620,0.0,0.0,1.0,White,0.97,4,12.0,12.0,0.0,0.0,37.233,5.0,1.0,2.0,0.0,0.0,,,1.0,,0.0,0.0
5621,0.0,0.0,1.0,Black,,4,11.0,6.0,0.0,0.0,43.971,,2.0,2.0,2.0,0.0,3.0,2.0,2.0,1.0,0.0,0.0
5622,1.0,0.0,1.0,Black,,4,12.0,12.0,0.0,0.0,77.431,0.0,2.0,2.0,0.0,0.0,3.0,1.0,1.0,0.0,0.0,0.0
5623,0.0,0.0,1.0,Black,,3,12.0,,1.0,0.0,1.924,1.0,3.0,2.0,0.0,0.0,5.0,3.0,1.0,0.0,0.0,0.0
5624,0.0,0.0,1.0,Black,,5,16.0,12.0,0.0,0.0,14.289,0.0,2.0,2.0,0.0,0.0,3.0,3.0,1.0,1.0,0.0,0.0
5625,1.0,0.0,1.0,Black,0.425,4,12.0,,0.0,1.0,7.662,6.0,2.0,2.0,0.0,0.0,5.0,5.0,2.0,0.0,0.0,0.0
5626,0.0,0.0,0.0,Black,0.425,4,12.0,,0.0,,22.83,0.0,2.0,2.0,0.0,0.0,2.0,,1.0,0.0,0.0,0.0
5627,0.0,0.0,0.0,Black,,5,12.0,,,,,0.0,4.0,2.0,0.0,1.0,5.0,3.0,5.0,0.0,0.0,
5628,1.0,0.0,1.0,Black,3.345,3,14.0,12.0,0.0,0.0,42.899,26.0,3.0,4.0,,0.0,4.0,3.0,2.0,0.0,0.0,1.0
5629,1.0,0.0,0.0,Black,0.77,2,12.0,12.0,0.0,0.0,22.291,6.0,2.0,2.0,1.0,0.0,4.0,3.0,1.0,1.0,0.0,0.0
5630,0.0,0.0,0.0,White,6.88,3,12.0,12.0,0.0,0.0,28.405,1.0,2.0,1.0,0.0,0.0,4.0,1.0,1.0,1.0,0.0,1.0
5631,0.0,0.0,0.0,Black,-0.3,2,11.0,,0.0,,8.605,,1.0,1.0,5.0,2.0,1.0,1.0,1.0,0.0,0.0,1.0
5632,1.0,0.0,1.0,Black,-0.3558,5,13.0,,0.0,0.0,23.908,2.0,2.0,2.0,0.0,0.0,1.0,1.0,1.0,0.0,0.0,0.0
5633,1.0,0.0,1.0,Black,1.25,5,12.0,,0.0,0.0,,0.0,2.0,3.0,1.0,1.0,4.0,5.0,1.0,0.0,0.0,0.0
5634,0.0,0.0,1.0,Black,1.25,5,12.0,11.0,0.0,0.0,,5.0,2.0,4.0,0.0,2.0,3.0,2.0,1.0,0.0,0.0,0.0
5635,0.0,,0.0,Black,,3,12.0,,0.0,,8.901,5.0,2.0,2.0,0.0,0.0,3.0,4.0,1.0,1.0,,0.0
5636,0.0,0.0,0.0,Black,,2,,,,,43.183,0.0,4.0,2.0,0.0,0.0,3.0,2.0,,0.0,,0.0
5637,0.0,0.0,1.0,Black,2.025,6,12.0,12.0,0.0,0.0,15.79,1.0,1.0,2.0,0.0,0.0,4.0,2.0,1.0,1.0,0.0,0.0
5638,0.0,0.0,1.0,Black,,6,12.0,12.0,,0.0,39.153,1.0,2.0,4.0,3.0,0.0,2.0,2.0,1.0,1.0,0.0,0.0
5639,0.0,0.0,0.0,Black,,6,12.0,12.0,,0.0,51.707,1.0,2.0,3.0,10.0,1.0,2.0,2.0,1.0,1.0,0.0,0.0
5640,1.0,0.0,0.0,Black,,6,12.0,12.0,,0.0,28.106,0.0,3.0,4.0,0.0,1.0,2.0,1.0,2.0,0.0,,0.0
5641,0.0,,1.0,White,,4,12.0,,,,,11.0,2.0,3.0,1.0,0.0,4.0,3.0,1.0,0.0,,0.0
5642,1.0,0.0,1.0,White,4.525,3,16.0,20.0,0.0,,,8.0,2.0,2.0,0.0,0.0,3.0,3.0,1.0,0.0,,0.0
5643,0.0,1.0,0.0,White,6.53,3,12.0,14.0,0.0,0.0,,10.0,1.0,2.0,0.0,0.0,2.0,1.0,1.0,1.0,0.0,0.0
5644,1.0,0.0,1.0,White,,4,16.0,12.0,0.0,0.0,95.516,2.0,2.0,2.0,0.0,0.0,5.0,3.0,1.0,,0.0,0.0
5645,0.0,0.0,1.0,White,1.01,3,12.0,12.0,0.0,0.0,78.796,10.0,1.0,3.0,1.0,1.0,3.0,1.0,1.0,0.0,,0.0
5646,1.0,0.0,1.0,White,0.615,3,14.0,12.0,0.0,0.0,,1.0,1.0,2.0,0.0,0.0,2.0,1.0,1.0,0.0,0.0,0.0
5647,1.0,0.0,1.0,White,,4,15.0,12.0,,0.0,,5.0,2.0,2.0,0.0,0.0,5.0,4.0,1.0,0.0,0.0,0.0
5648,0.0,0.0,1.0,White,-0.15,5,18.0,10.0,0.0,,,0.0,2.0,1.0,0.0,0.0,4.0,2.0,1.0,0.0,0.0,0.0
5649,0.0,0.0,1.0,White,-0.15,5,18.0,10.0,0.0,,,3.0,1.0,1.0,0.0,0.0,2.0,2.0,1.0,0.0,0.0,0.0
5650,0.0,0.0,0.0,White,-0.15,5,18.0,10.0,0.0,,,2.0,1.0,1.0,10.0,0.0,1.0,1.0,1.0,1.0,0.0,1.0
5651,0.0,0.0,0.0,Hispanic,2.445,5,12.0,12.0,0.0,0.0,23.468,2.0,2.0,4.0,0.0,0.0,4.0,2.0,1.0,0.0,,0.0
5652,1.0,0.0,0.0,Hispanic,2.445,5,12.0,12.0,0.0,0.0,68.093,2.0,2.0,2.0,0.0,0.0,3.0,2.0,2.0,0.0,0.0,0.0
5653,0.0,0.0,1.0,Black,,3,12.0,12.0,0.0,0.0,,4.0,2.0,2.0,0.0,0.0,3.0,2.0,1.0,,0.0,1.0
5654,1.0,0.0,0.0,White,17.3,3,17.0,19.0,0.0,0.0,,0.0,2.0,2.0,0.0,0.0,2.0,1.0,2.0,0.0,0.0,0.0
5655,0.0,0.0,1.0,White,8.26,2,12.0,12.0,0.0,0.0,,2.0,2.0,1.0,2.0,0.0,2.0,1.0,1.0,1.0,0.0,1.0
5656,0.0,0.0,1.0,White,0.81,4,12.0,12.0,0.0,,,7.0,2.0,2.0,2.0,0.0,3.0,4.0,2.0,0.0,,0.0
5657,1.0,0.0,0.0,White,9.3974,4,12.0,8.0,1.0,0.0,58.083,3.0,2.0,3.0,1.0,1.0,3.0,4.0,1.0,1.0,0.0,0.0
5658,0.0,0.0,0.0,White,1.215,5,11.0,10.0,1.0,,,0.0,1.0,3.0,0.0,0.0,2.0,1.0,1.0,0.0,0.0,0.0
5659,0.0,0.0,1.0,White,1.215,5,11.0,10.0,1.0,0.0,,0.0,1.0,1.0,3.0,0.0,1.0,1.0,1.0,1.0,1.0,0.0
5660,0.0,0.0,0.0,Black,,3,,,,,6.964,5.0,2.0,2.0,30.0,1.0,2.0,1.0,1.0,1.0,0.0,0.0
5661,1.0,0.0,1.0,Black,,4,12.0,,,0.0,61.984,0.0,2.0,2.0,0.0,0.0,1.0,1.0,1.0,0.0,,0.0
5662,1.0,0.0,1.0,White,,4,12.0,,0.0,0.0,,3.0,2.0,2.0,0.0,0.0,2.0,2.0,1.0,0.0,0.0,0.0
5663,0.0,1.0,1.0,White,0.175,6,9.0,11.0,0.0,1.0,27.777,90.0,4.0,2.0,0.0,0.0,3.0,3.0,3.0,0.0,0.0,1.0
5664,0.0,0.0,1.0,White,0.175,6,9.0,11.0,0.0,1.0,7.11,,2.0,2.0,0.0,0.0,3.0,2.0,1.0,0.0,0.0,1.0
5665,0.0,0.0,1.0,White,,4,12.0,12.0,,0.0,,15.0,2.0,4.0,0.0,0.0,4.0,4.0,2.0,0.0,0.0,0.0
5666,1.0,0.0,0.0,White,60.0,4,16.0,15.0,0.0,,,0.0,1.0,2.0,0.0,0.0,5.0,4.0,1.0,0.0,0.0,0.0
5667,,,1.0,Black,9.832,5,,,0.0,,54.042,10.0,1.0,1.0,0.0,0.0,3.0,2.0,2.0,1.0,,0.0
5668,,,1.0,Black,9.832,5,,,0.0,,59.032,3.0,2.0,2.0,0.0,0.0,2.0,1.0,1.0,0.0,,0.0
5669,1.0,0.0,0.0,White,9.632,6,14.0,16.0,0.0,0.0,42.2,1.0,2.0,2.0,0.0,0.0,2.0,1.0,2.0,0.0,0.0,0.0
5670,1.0,0.0,0.0,White,9.632,6,14.0,16.0,0.0,,93.435,4.0,2.0,2.0,0.0,0.0,1.0,1.0,1.0,0.0,0.0,0.0
5671,1.0,0.0,0.0,White,41.1001,4,18.0,17.0,0.0,0.0,60.376,10.0,1.0,2.0,5.0,0.0,1.0,1.0,1.0,1.0,0.0,0.0
5672,1.0,1.0,1.0,White,1.81,10,16.0,18.0,0.0,0.0,47.085,0.0,,,0.0,0.0,1.0,1.0,1.0,0.0,0.0,0.0
5673,1.0,0.0,0.0,Hispanic,32.3801,3,,,0.0,,,9.0,2.0,3.0,10.0,1.0,3.0,2.0,2.0,1.0,,0.0
5674,1.0,0.0,1.0,White,32.3801,3,,,0.0,,,1.0,1.0,1.0,0.0,0.0,1.0,1.0,2.0,0.0,0.0,1.0
5675,0.0,0.0,0.0,White,31.13,4,18.0,16.0,0.0,0.0,,3.0,2.0,3.0,1.0,1.0,2.0,1.0,1.0,1.0,0.0,1.0
5676,1.0,0.0,0.0,White,19.625,3,17.0,14.0,0.0,0.0,,5.0,2.0,4.0,0.0,0.0,4.0,3.0,2.0,0.0,0.0,1.0
5677,1.0,0.0,1.0,Black,,9,12.0,,,0.0,39.562,2.0,2.0,3.0,1.0,2.0,2.0,1.0,1.0,1.0,0.0,1.0
5678,1.0,0.0,0.0,White,21.73,4,13.0,12.0,0.0,,,0.0,1.0,2.0,0.0,1.0,2.0,1.0,1.0,0.0,0.0,0.0
5679,1.0,0.0,1.0,White,,3,12.0,,,,,2.0,2.0,2.0,0.0,0.0,3.0,2.0,2.0,0.0,,0.0
5680,0.0,,0.0,White,12.28,4,13.0,14.0,0.0,0.0,35.861,12.0,2.0,3.0,10.0,2.0,3.0,2.0,1.0,1.0,1.0,0.0
5681,1.0,,1.0,White,12.28,4,13.0,14.0,0.0,0.0,27.083,3.0,1.0,2.0,0.0,0.0,1.0,1.0,1.0,0.0,1.0,0.0
5682,1.0,0.0,0.0,White,5.07,4,12.0,,0.0,0.0,,5.0,2.0,3.0,0.0,0.0,3.0,3.0,1.0,0.0,,0.0
5683,1.0,0.0,1.0,White,0.165,3,12.0,,0.0,0.0,,3.0,2.0,2.0,0.0,0.0,1.0,1.0,1.0,0.0,1.0,0.0
5684,1.0,0.0,1.0,White,0.355,4,12.0,,1.0,0.0,64.043,15.0,2.0,1.0,0.0,0.0,4.0,2.0,1.0,1.0,0.0,0.0
5685,1.0,0.0,1.0,White,0.355,4,12.0,,1.0,,25.733,5.0,2.0,2.0,2.0,1.0,5.0,2.0,2.0,0.0,0.0,0.0
5686,0.0,1.0,1.0,White,0.355,4,12.0,,1.0,0.0,31.956,3.0,1.0,1.0,90.0,2.0,2.0,1.0,1.0,1.0,1.0,0.0
5687,0.0,0.0,0.0,White,,5,12.0,11.0,,0.0,26.595,,4.0,3.0,,,3.0,4.0,1.0,0.0,0.0,0.0
5688,0.0,0.0,1.0,White,,5,6.0,,,,10.478,5.0,2.0,2.0,0.0,0.0,3.0,3.0,1.0,0.0,0.0,0.0
5689,0.0,0.0,0.0,White,6.85,8,10.0,9.0,0.0,1.0,50.032,6.0,2.0,2.0,1.0,2.0,4.0,3.0,1.0,0.0,0.0,1.0
5690,0.0,1.0,1.0,White,6.85,8,,,0.0,,9.722,10.0,2.0,2.0,4.0,0.0,5.0,2.0,1.0,1.0,,0.0
5691,0.0,0.0,1.0,White,9.75,2,12.0,,0.0,,43.438,1.0,1.0,1.0,0.0,0.0,1.0,1.0,1.0,0.0,0.0,0.0
5692,0.0,0.0,0.0,White,2.35,5,7.0,8.0,0.0,0.0,0.0,0.0,1.0,2.0,0.0,0.0,3.0,3.0,2.0,0.0,,0.0
5693,0.0,0.0,0.0,White,2.35,5,7.0,8.0,0.0,,3.773,0.0,2.0,2.0,0.0,2.0,2.0,2.0,1.0,1.0,0.0,0.0
5694,0.0,0.0,1.0,White,2.35,5,7.0,8.0,0.0,0.0,5.264,2.0,1.0,2.0,0.0,0.0,1.0,1.0,4.0,0.0,0.0,0.0
5695,0.0,0.0,1.0,White,0.356,2,9.0,6.0,0.0,,84.452,1.0,2.0,2.0,1.0,0.0,3.0,4.0,2.0,0.0,,0.0
5696,0.0,0.0,0.0,White,,3,8.0,,,,6.706,0.0,2.0,3.0,0.0,0.0,2.0,3.0,1.0,0.0,0.0,1.0
5697,1.0,0.0,1.0,White,18.35,4,10.0,16.0,0.0,0.0,45.811,0.0,2.0,2.0,0.0,0.0,4.0,3.0,1.0,0.0,0.0,0.0
5698,1.0,0.0,0.0,White,,4,10.0,16.0,,0.0,27.37,0.0,2.0,2.0,0.0,0.0,3.0,2.0,1.0,0.0,0.0,0.0
5699,1.0,0.0,0.0,White,3.35,4,,8.0,0.0,0.0,19.505,0.0,2.0,2.0,0.0,0.0,4.0,3.0,1.0,0.0,0.0,0.0
5700,0.0,0.0,1.0,White,3.35,4,,8.0,0.0,0.0,13.437,3.0,2.0,2.0,0.0,0.0,2.0,1.0,1.0,0.0,0.0,0.0
5701,0.0,0.0,0.0,White,,4,11.0,,0.0,0.0,24.969,3.0,2.0,3.0,6.0,0.0,1.0,1.0,1.0,0.0,0.0,1.0
5702,1.0,0.0,1.0,White,,4,12.0,12.0,0.0,0.0,42.797,0.0,2.0,2.0,0.0,0.0,1.0,1.0,1.0,0.0,0.0,0.0
5703,0.0,0.0,0.0,White,18.75,3,12.0,12.0,0.0,0.0,36.78,2.0,2.0,2.0,0.0,1.0,1.0,1.0,1.0,1.0,0.0,0.0
5704,1.0,0.0,0.0,White,,3,12.0,12.0,0.0,,28.087,5.0,2.0,4.0,0.0,1.0,2.0,2.0,1.0,1.0,,0.0
5705,1.0,0.0,1.0,White,2.85,6,15.0,16.0,0.0,0.0,81.949,0.0,1.0,2.0,0.0,0.0,3.0,2.0,1.0,0.0,0.0,0.0
5706,1.0,0.0,1.0,White,2.85,6,15.0,16.0,0.0,0.0,79.214,3.0,2.0,3.0,0.0,0.0,3.0,2.0,1.0,0.0,0.0,0.0
5707,0.0,0.0,1.0,White,0.375,8,9.0,10.0,0.0,,31.427,18.0,2.0,2.0,0.0,0.0,2.0,3.0,1.0,0.0,0.0,0.0
5708,1.0,0.0,1.0,White,,3,12.0,12.0,0.0,0.0,29.237,0.0,2.0,2.0,0.0,0.0,1.0,1.0,1.0,0.0,0.0,0.0
5709,0.0,0.0,0.0,White,,3,12.0,8.0,0.0,,2.889,3.0,3.0,2.0,0.0,0.0,3.0,2.0,1.0,0.0,0.0,0.0
5710,1.0,0.0,1.0,White,7.29,3,18.0,18.0,0.0,0.0,61.875,0.0,2.0,3.0,0.0,0.0,2.0,1.0,1.0,0.0,0.0,0.0
5711,1.0,,1.0,White,,5,14.0,12.0,0.0,,54.868,2.0,2.0,2.0,0.0,0.0,3.0,4.0,1.0,0.0,,0.0
5712,0.0,0.0,1.0,White,0.455,4,10.0,8.0,0.0,0.0,,1.0,2.0,2.0,0.0,0.0,3.0,2.0,5.0,0.0,,0.0
5713,1.0,0.0,0.0,White,5.65,5,15.0,19.0,0.0,0.0,65.948,0.0,2.0,1.0,0.0,0.0,1.0,1.0,1.0,0.0,0.0,0.0
5714,1.0,0.0,1.0,White,5.65,5,15.0,19.0,0.0,0.0,18.845,2.0,1.0,2.0,0.0,0.0,1.0,1.0,1.0,0.0,0.0,0.0
5715,0.0,0.0,0.0,White,,5,12.0,10.0,0.0,0.0,11.622,0.0,1.0,2.0,0.0,0.0,3.0,1.0,1.0,0.0,0.0,0.0
5716,0.0,0.0,0.0,Black,0.625,3,11.0,11.0,0.0,0.0,22.176,3.0,1.0,2.0,0.0,1.0,3.0,3.0,1.0,0.0,0.0,0.0
5717,1.0,0.0,1.0,White,2.205,3,11.0,12.0,0.0,0.0,5.848,2.0,2.0,2.0,0.0,0.0,4.0,3.0,1.0,0.0,0.0,0.0
5718,0.0,0.0,1.0,White,0.81,3,7.0,4.0,0.0,0.0,,6.0,2.0,3.0,2.0,0.0,5.0,5.0,1.0,0.0,1.0,0.0
5719,1.0,0.0,1.0,White,,3,11.0,8.0,0.0,,31.31,4.0,2.0,1.0,0.0,0.0,2.0,1.0,1.0,0.0,0.0,0.0
5720,0.0,0.0,1.0,White,,6,10.0,12.0,0.0,0.0,16.81,3.0,1.0,3.0,0.0,2.0,1.0,1.0,1.0,0.0,,1.0
5721,0.0,0.0,0.0,White,-1.655,3,12.0,3.0,0.0,0.0,14.808,3.0,2.0,2.0,0.0,0.0,2.0,1.0,1.0,0.0,0.0,0.0
5722,0.0,0.0,1.0,White,2.845,3,12.0,8.0,0.0,0.0,40.55,0.0,2.0,1.0,0.0,0.0,3.0,2.0,1.0,0.0,0.0,0.0
5723,1.0,0.0,0.0,White,,5,16.0,19.0,0.0,0.0,,1.0,1.0,1.0,5.0,0.0,1.0,1.0,1.0,0.0,0.0,0.0
5724,1.0,0.0,0.0,Black,,3,13.0,12.0,0.0,0.0,47.018,0.0,2.0,2.0,0.0,0.0,2.0,1.0,1.0,0.0,0.0,0.0
5725,1.0,0.0,1.0,Black,,3,13.0,12.0,0.0,0.0,42.162,0.0,2.0,2.0,0.0,0.0,1.0,1.0,1.0,0.0,0.0,0.0
5726,0.0,0.0,0.0,Black,1.75,5,8.0,12.0,0.0,0.0,2.005,3.0,2.0,2.0,5.0,10.0,2.0,2.0,1.0,0.0,0.0,0.0
5727,0.0,0.0,1.0,Black,1.75,5,8.0,12.0,0.0,0.0,0.844,2.0,3.0,3.0,3.0,1.0,1.0,2.0,1.0,0.0,0.0,1.0
5728,1.0,0.0,1.0,Black,,2,12.0,12.0,0.0,0.0,17.434,0.0,1.0,1.0,0.0,0.0,1.0,1.0,5.0,0.0,0.0,0.0
5729,0.0,0.0,0.0,White,0.75,3,10.0,12.0,0.0,0.0,3.306,2.0,2.0,2.0,1.0,0.0,4.0,2.0,1.0,1.0,0.0,0.0
5730,1.0,0.0,0.0,Hispanic,0.75,3,10.0,12.0,0.0,0.0,5.874,3.0,2.0,2.0,5.0,1.0,5.0,2.0,1.0,0.0,0.0,0.0
5731,1.0,0.0,0.0,White,0.4326,3,11.0,11.0,0.0,0.0,32.989,0.0,1.0,1.0,0.0,0.0,2.0,2.0,1.0,0.0,0.0,0.0
5732,0.0,0.0,1.0,White,1.925,6,9.0,12.0,0.0,0.0,3.956,3.0,1.0,2.0,0.0,0.0,1.0,1.0,1.0,0.0,0.0,
5733,1.0,0.0,1.0,Black,5.45,4,10.0,12.0,0.0,0.0,20.383,1.0,1.0,1.0,0.0,0.0,3.0,4.0,1.0,0.0,0.0,0.0
5734,1.0,0.0,0.0,Black,5.45,4,10.0,12.0,0.0,0.0,3.634,1.0,2.0,2.0,0.0,0.0,1.0,1.0,1.0,0.0,0.0,0.0
5735,0.0,0.0,1.0,White,-1.425,3,11.0,8.0,0.0,0.0,9.955,0.0,1.0,2.0,1.0,0.0,5.0,1.0,1.0,0.0,0.0,0.0
5736,1.0,0.0,0.0,White,2.475,4,12.0,12.0,0.0,0.0,25.709,2.0,3.0,2.0,0.0,0.0,1.0,1.0,1.0,0.0,0.0,0.0
5737,0.0,0.0,0.0,White,0.77,6,9.0,12.0,0.0,0.0,15.608,12.0,1.0,2.0,3.0,3.0,3.0,3.0,1.0,0.0,,1.0
5738,1.0,0.0,1.0,White,11.8,4,13.0,12.0,0.0,,,3.0,2.0,2.0,0.0,0.0,3.0,3.0,1.0,0.0,0.0,0.0
5739,1.0,0.0,1.0,White,0.75,4,12.0,,0.0,,86.366,3.0,2.0,4.0,1.0,0.0,3.0,2.0,2.0,1.0,0.0,0.0
5740,0.0,0.0,1.0,White,6.25,3,12.0,12.0,0.0,,31.384,1.0,2.0,2.0,0.0,0.0,,2.0,2.0,1.0,0.0,0.0
5741,1.0,0.0,1.0,White,,5,12.0,12.0,1.0,0.0,60.091,2.0,2.0,3.0,1.0,0.0,3.0,1.0,1.0,0.0,0.0,0.0
5742,0.0,0.0,0.0,White,5.4,3,8.0,11.0,0.0,,12.829,2.0,2.0,2.0,0.0,0.0,3.0,4.0,1.0,0.0,0.0,0.0
5743,0.0,0.0,0.0,White,27.25,4,12.0,12.0,0.0,0.0,93.884,2.0,2.0,1.0,0.0,0.0,3.0,2.0,1.0,1.0,0.0,0.0
5744,0.0,0.0,0.0,White,27.25,4,12.0,12.0,0.0,0.0,62.984,0.0,1.0,1.0,0.0,0.0,3.0,1.0,1.0,1.0,0.0,0.0
5745,0.0,0.0,1.0,Black,4.25,7,12.0,5.0,0.0,,20.902,5.0,2.0,1.0,0.0,0.0,4.0,4.0,2.0,0.0,0.0,0.0
5746,1.0,0.0,0.0,Black,4.25,7,12.0,5.0,0.0,0.0,51.604,7.0,1.0,1.0,2.0,0.0,1.0,1.0,3.0,0.0,0.0,0.0
5747,0.0,0.0,0.0,White,,3,12.0,,,0.0,,1.0,2.0,1.0,0.0,0.0,4.0,2.0,,0.0,0.0,0.0
5748,0.0,,1.0,White,1.14,5,8.0,8.0,0.0,,29.464,5.0,2.0,2.0,0.0,0.0,3.0,2.0,1.0,0.0,,0.0
5749,0.0,0.0,0.0,White,0.86,6,14.0,12.0,0.0,0.0,37.228,3.0,2.0,2.0,3.0,2.0,1.0,1.0,1.0,0.0,0.0,1.0
5750,0.0,,0.0,White,2.23,4,8.0,,0.0,,,10.0,2.0,3.0,0.0,0.0,4.0,4.0,1.0,0.0,,0.0
5751,0.0,0.0,0.0,White,4.45,5,12.0,12.0,0.0,0.0,16.123,1.0,2.0,3.0,1.0,0.0,2.0,2.0,2.0,0.0,0.0,0.0
5752,1.0,0.0,1.0,Hispanic,3.35,5,12.0,,0.0,,,0.0,2.0,2.0,0.0,0.0,2.0,3.0,1.0,0.0,0.0,0.0
5753,0.0,0.0,1.0,White,3.84,4,14.0,12.0,0.0,0.0,39.885,2.0,2.0,1.0,2.0,0.0,1.0,1.0,1.0,1.0,0.0,1.0
5754,0.0,0.0,0.0,White,0.745,3,12.0,12.0,0.0,0.0,,4.0,2.0,2.0,0.0,0.0,1.0,1.0,1.0,0.0,,0.0
5755,0.0,0.0,0.0,Black,2.61,4,12.0,11.0,0.0,,3.766,18.0,2.0,2.0,0.0,1.0,3.0,3.0,2.0,0.0,,0.0
5756,0.0,0.0,0.0,White,,3,14.0,6.0,0.0,0.0,,5.0,3.0,2.0,0.0,0.0,4.0,5.0,1.0,0.0,,0.0
5757,1.0,0.0,1.0,White,,3,12.0,12.0,,,51.239,10.0,2.0,4.0,2.0,0.0,3.0,4.0,2.0,0.0,,1.0
5758,1.0,0.0,0.0,White,16.9,4,16.0,16.0,0.0,0.0,,0.0,2.0,3.0,0.0,0.0,3.0,2.0,1.0,0.0,0.0,0.0
5759,1.0,0.0,0.0,White,16.9,4,16.0,16.0,0.0,,53.861,1.0,2.0,2.0,0.0,1.0,1.0,1.0,1.0,1.0,0.0,0.0
5760,0.0,0.0,0.0,Black,2.154,4,11.0,14.0,0.0,0.0,,6.0,4.0,1.0,2.0,2.0,4.0,2.0,3.0,1.0,0.0,1.0
5761,0.0,0.0,1.0,Black,2.154,4,11.0,14.0,0.0,0.0,,1.0,4.0,3.0,0.0,2.0,5.0,5.0,5.0,1.0,0.0,1.0
5762,1.0,1.0,1.0,Black,2.75,2,12.0,12.0,0.0,0.0,,0.0,2.0,3.0,0.0,1.0,2.0,1.0,2.0,0.0,0.0,0.0
5763,1.0,0.0,1.0,Black,,7,12.0,12.0,0.0,0.0,68.16,3.0,1.0,1.0,0.0,0.0,2.0,3.0,1.0,1.0,0.0,0.0
5764,1.0,0.0,1.0,Black,,7,12.0,12.0,0.0,0.0,27.565,0.0,2.0,2.0,0.0,0.0,1.0,1.0,1.0,0.0,0.0,0.0
5765,1.0,0.0,0.0,Black,,4,16.0,12.0,0.0,0.0,30.252,2.0,1.0,1.0,0.0,0.0,3.0,3.0,1.0,0.0,0.0,0.0
5766,1.0,0.0,0.0,Black,,4,16.0,12.0,0.0,0.0,16.655,4.0,2.0,2.0,0.0,0.0,1.0,1.0,2.0,0.0,0.0,0.0
5767,1.0,,1.0,Black,7.5,3,18.0,12.0,0.0,,,2.0,1.0,2.0,0.0,0.0,2.0,1.0,1.0,0.0,,0.0
5768,1.0,0.0,1.0,Black,,4,16.0,16.0,0.0,0.0,51.488,0.0,2.0,2.0,0.0,0.0,1.0,1.0,1.0,0.0,0.0,0.0
5769,0.0,0.0,0.0,Black,,5,14.0,14.0,0.0,0.0,86.409,3.0,1.0,2.0,0.0,0.0,1.0,1.0,1.0,0.0,0.0,0.0
5770,0.0,0.0,1.0,Black,2.075,5,8.0,12.0,0.0,0.0,6.004,15.0,1.0,1.0,0.0,0.0,,1.0,2.0,0.0,0.0,0.0
5771,0.0,0.0,0.0,Black,2.605,4,11.0,12.0,0.0,0.0,68.353,15.0,3.0,3.0,0.0,0.0,4.0,5.0,2.0,0.0,0.0,0.0
5772,0.0,0.0,1.0,Black,2.605,4,11.0,12.0,0.0,0.0,45.439,7.0,4.0,4.0,0.0,0.0,2.0,5.0,1.0,0.0,0.0,0.0
5773,0.0,0.0,1.0,Black,,5,9.0,11.0,,0.0,12.863,3.0,2.0,2.0,0.0,1.0,2.0,1.0,2.0,0.0,0.0,0.0
5774,0.0,0.0,0.0,Black,1.025,5,7.0,8.0,0.0,0.0,,3.0,3.0,1.0,0.0,1.0,2.0,1.0,1.0,,0.0,0.0
5775,0.0,0.0,1.0,White,,5,14.0,12.0,0.0,0.0,,5.0,2.0,4.0,0.0,0.0,5.0,3.0,2.0,0.0,,1.0
5776,1.0,0.0,0.0,White,,5,14.0,12.0,0.0,0.0,25.586,14.0,2.0,2.0,0.0,1.0,4.0,5.0,3.0,0.0,,0.0
5777,1.0,0.0,0.0,White,7.9,4,16.0,15.0,0.0,0.0,58.798,6.0,1.0,3.0,0.0,0.0,1.0,1.0,1.0,0.0,0.0,1.0
5778,1.0,0.0,1.0,White,,3,,13.0,,0.0,84.26,12.0,2.0,2.0,0.0,0.0,1.0,1.0,1.0,0.0,0.0,0.0
5779,1.0,0.0,0.0,White,,7,14.0,14.0,0.0,0.0,,1.0,2.0,2.0,0.0,0.0,2.0,3.0,1.0,0.0,0.0,1.0
5780,0.0,0.0,0.0,Black,0.645,2,9.0,12.0,0.0,0.0,,5.0,2.0,2.0,2.0,0.0,1.0,1.0,1.0,0.0,0.0,0.0
5781,0.0,0.0,0.0,Black,,4,11.0,12.0,0.0,0.0,0.583,0.0,3.0,2.0,0.0,1.0,5.0,1.0,1.0,1.0,0.0,0.0
5782,0.0,0.0,0.0,Black,,4,11.0,12.0,0.0,0.0,4.127,2.0,2.0,2.0,0.0,1.0,2.0,3.0,2.0,0.0,0.0,0.0
5783,1.0,0.0,1.0,White,,3,13.0,,0.0,0.0,57.991,11.0,2.0,2.0,0.0,0.0,3.0,2.0,1.0,1.0,1.0,0.0
5784,0.0,0.0,0.0,White,,4,16.0,16.0,0.0,0.0,,4.0,2.0,2.0,4.0,3.0,4.0,4.0,1.0,1.0,0.0,1.0
5785,0.0,0.0,1.0,White,,3,14.0,12.0,0.0,,65.823,11.0,2.0,2.0,0.0,0.0,4.0,4.0,1.0,0.0,,0.0
5786,1.0,0.0,0.0,Black,-0.01,5,9.0,3.0,0.0,0.0,23.453,6.0,1.0,1.0,0.0,1.0,2.0,4.0,1.0,0.0,0.0,0.0
5787,0.0,0.0,1.0,Black,5.1401,7,6.0,,0.0,,8.275,12.0,3.0,3.0,20.0,0.0,,,3.0,0.0,0.0,0.0
5788,1.0,0.0,1.0,Black,5.1401,7,,,0.0,1.0,4.633,0.0,2.0,2.0,3.0,0.0,2.0,3.0,3.0,0.0,0.0,0.0
5789,0.0,0.0,0.0,White,,5,,,0.0,0.0,1.006,40.0,4.0,4.0,2.0,0.0,5.0,4.0,2.0,0.0,,0.0
5790,1.0,0.0,0.0,White,-1.395,4,16.0,14.0,0.0,0.0,75.42,10.0,2.0,2.0,10.0,0.0,5.0,4.0,2.0,1.0,1.0,0.0
5791,0.0,0.0,0.0,White,0.13,4,11.0,7.0,0.0,1.0,4.933,0.0,2.0,2.0,4.0,0.0,5.0,5.0,4.0,0.0,0.0,0.0
5792,0.0,0.0,1.0,White,0.13,4,11.0,7.0,0.0,1.0,1.005,5.0,2.0,3.0,0.0,0.0,3.0,1.0,2.0,1.0,0.0,
5793,1.0,0.0,0.0,White,2.395,5,12.0,13.0,0.0,0.0,38.047,0.0,2.0,2.0,0.0,0.0,3.0,1.0,1.0,1.0,,0.0
5794,1.0,0.0,0.0,White,1.105,6,17.0,12.0,0.0,0.0,38.04,5.0,1.0,3.0,2.0,0.0,2.0,1.0,2.0,0.0,0.0,0.0
5795,1.0,,0.0,White,4.325,4,16.0,12.0,0.0,,,0.0,2.0,2.0,0.0,0.0,4.0,4.0,1.0,0.0,,0.0
5796,1.0,0.0,1.0,White,4.325,4,16.0,12.0,0.0,,79.046,0.0,2.0,2.0,0.0,0.0,2.0,1.0,1.0,0.0,0.0,0.0
5797,1.0,0.0,1.0,White,,3,,,,0.0,22.305,16.0,3.0,2.0,0.0,0.0,5.0,5.0,1.0,1.0,1.0,0.0
5798,1.0,0.0,0.0,White,,4,10.0,,0.0,,94.121,,2.0,2.0,0.0,0.0,3.0,3.0,1.0,1.0,0.0,0.0
5799,1.0,0.0,1.0,White,6.25,6,14.0,12.0,0.0,0.0,48.477,20.0,2.0,2.0,0.0,0.0,,1.0,1.0,0.0,1.0,0.0
5800,0.0,0.0,1.0,White,6.25,6,14.0,12.0,0.0,0.0,27.605,11.0,2.0,2.0,10.0,0.0,3.0,2.0,1.0,0.0,0.0,0.0
5801,0.0,0.0,1.0,White,6.25,6,14.0,12.0,0.0,0.0,72.802,1.0,1.0,1.0,0.0,0.0,2.0,2.0,1.0,0.0,0.0,0.0
5802,1.0,0.0,0.0,White,1.385,4,10.0,14.0,0.0,0.0,75.514,25.0,2.0,1.0,0.0,0.0,2.0,2.0,1.0,1.0,0.0,0.0
5803,0.0,0.0,1.0,White,,5,13.0,14.0,0.0,0.0,,15.0,2.0,3.0,0.0,0.0,5.0,5.0,1.0,0.0,0.0,0.0
5804,0.0,0.0,0.0,Black,0.08,2,14.0,12.0,1.0,0.0,1.433,3.0,1.0,3.0,1.0,1.0,4.0,2.0,5.0,0.0,0.0,0.0
5805,0.0,1.0,0.0,Black,,4,10.0,14.0,0.0,0.0,,0.0,3.0,2.0,2.0,0.0,3.0,2.0,1.0,1.0,0.0,0.0
5806,0.0,0.0,0.0,Black,3.65,3,14.0,12.0,0.0,0.0,16.038,1.0,2.0,2.0,1.0,0.0,2.0,1.0,1.0,0.0,0.0,0.0
5807,0.0,0.0,1.0,Black,0.5,4,13.0,14.0,0.0,0.0,3.377,0.0,2.0,3.0,0.0,0.0,3.0,1.0,1.0,0.0,0.0,0.0
5808,0.0,0.0,1.0,Black,4.8,5,12.0,11.0,0.0,0.0,26.127,15.0,3.0,2.0,0.0,0.0,3.0,1.0,1.0,0.0,0.0,0.0
5809,0.0,0.0,0.0,Black,4.8,5,12.0,11.0,0.0,0.0,15.245,15.0,2.0,2.0,0.0,0.0,3.0,1.0,1.0,0.0,0.0,0.0
5810,1.0,0.0,1.0,Black,,4,13.0,12.0,0.0,,23.118,4.0,2.0,3.0,0.0,1.0,3.0,3.0,1.0,0.0,0.0,0.0
5811,1.0,,1.0,White,1.865,3,12.0,12.0,0.0,,59.212,20.0,1.0,1.0,0.0,0.0,5.0,3.0,1.0,1.0,0.0,0.0
5813,0.0,0.0,0.0,White,4.5,3,12.0,11.0,0.0,,,4.0,2.0,2.0,0.0,1.0,2.0,1.0,1.0,0.0,,0.0
5814,0.0,0.0,1.0,Black,0.325,6,11.0,10.0,0.0,0.0,10.937,10.0,2.0,2.0,0.0,0.0,1.0,1.0,1.0,0.0,0.0,0.0
5815,0.0,0.0,0.0,Black,0.325,6,11.0,10.0,0.0,0.0,1.092,30.0,3.0,2.0,0.0,0.0,5.0,3.0,5.0,0.0,0.0,0.0
5816,0.0,0.0,0.0,Black,0.315,4,13.0,12.0,0.0,0.0,6.117,3.0,2.0,3.0,0.0,0.0,2.0,1.0,1.0,0.0,0.0,0.0
5817,0.0,0.0,0.0,Black,0.315,4,13.0,12.0,0.0,0.0,2.616,2.0,1.0,1.0,0.0,1.0,1.0,1.0,3.0,0.0,0.0,0.0
5818,1.0,0.0,1.0,Black,0.6748,3,12.0,,0.0,0.0,51.481,1.0,2.0,2.0,0.0,0.0,3.0,2.0,1.0,0.0,0.0,0.0
5819,0.0,0.0,1.0,Black,0.175,4,11.0,12.0,0.0,0.0,2.53,8.0,4.0,2.0,1.0,0.0,4.0,2.0,4.0,0.0,0.0,0.0
5820,0.0,0.0,1.0,Black,0.175,4,11.0,12.0,0.0,0.0,4.429,9.0,3.0,3.0,0.0,2.0,1.0,1.0,1.0,0.0,0.0,0.0
5821,0.0,,0.0,Black,0.1,6,11.0,,1.0,,8.728,6.0,3.0,2.0,0.0,1.0,5.0,5.0,3.0,1.0,,0.0
5822,0.0,0.0,1.0,Black,0.1,6,11.0,,1.0,0.0,0.959,4.0,1.0,4.0,0.0,1.0,5.0,2.0,2.0,0.0,0.0,0.0
5823,0.0,0.0,0.0,Black,0.1,6,11.0,,1.0,0.0,9.5,2.0,2.0,1.0,0.0,1.0,1.0,1.0,1.0,0.0,0.0,0.0
5824,0.0,0.0,1.0,Black,0.375,7,11.0,,0.0,,,4.0,2.0,2.0,1.0,0.0,2.0,1.0,1.0,0.0,,0.0
5825,0.0,0.0,0.0,Black,0.375,7,11.0,,0.0,0.0,,3.0,2.0,3.0,0.0,1.0,1.0,1.0,1.0,0.0,,0.0
5826,1.0,0.0,1.0,Black,1.75,5,12.0,,0.0,0.0,0.48,4.0,2.0,2.0,0.0,0.0,1.0,1.0,1.0,0.0,0.0,0.0
5827,1.0,0.0,1.0,Black,0.375,4,12.0,9.0,0.0,0.0,21.684,5.0,2.0,2.0,0.0,0.0,2.0,2.0,1.0,0.0,,0.0
5828,0.0,0.0,0.0,Black,0.375,4,12.0,9.0,0.0,0.0,18.159,2.0,2.0,2.0,0.0,0.0,2.0,1.0,1.0,0.0,0.0,0.0
5829,0.0,0.0,0.0,Black,0.375,4,9.0,10.0,0.0,,,7.0,3.0,3.0,0.0,5.0,3.0,2.0,1.0,0.0,0.0,0.0
5830,0.0,0.0,1.0,Black,0.375,3,12.0,,0.0,0.0,10.948,30.0,4.0,2.0,0.0,2.0,3.0,3.0,5.0,0.0,0.0,0.0
5831,1.0,0.0,0.0,Black,2.75,5,10.0,11.0,0.0,0.0,2.38,3.0,2.0,1.0,1.0,0.0,4.0,3.0,2.0,0.0,0.0,0.0
5832,1.0,0.0,1.0,White,,4,12.0,19.0,,,22.071,15.0,2.0,2.0,1.0,0.0,4.0,3.0,1.0,,0.0,0.0
5833,0.0,0.0,0.0,Black,2.1,3,17.0,,0.0,,0.169,6.0,2.0,2.0,0.0,1.0,2.0,2.0,1.0,0.0,,0.0
5834,1.0,0.0,1.0,Black,1.1,2,14.0,12.0,0.0,0.0,50.896,0.0,2.0,2.0,0.0,0.0,1.0,1.0,1.0,1.0,0.0,0.0
5835,0.0,0.0,0.0,Black,0.375,8,11.0,,0.0,,1.162,7.0,4.0,2.0,0.0,1.0,5.0,2.0,1.0,0.0,,1.0
5836,1.0,0.0,1.0,White,11.82,5,13.0,7.0,0.0,0.0,61.206,3.0,2.0,1.0,0.0,0.0,2.0,1.0,1.0,0.0,1.0,0.0
5837,0.0,0.0,0.0,White,11.82,5,13.0,7.0,0.0,0.0,20.212,6.0,2.0,1.0,0.0,0.0,1.0,1.0,1.0,0.0,0.0,
5838,1.0,0.0,0.0,White,12.0,4,18.0,18.0,0.0,0.0,65.092,0.0,1.0,1.0,0.0,0.0,2.0,1.0,1.0,0.0,0.0,0.0
5839,1.0,1.0,1.0,White,12.0,4,18.0,18.0,0.0,0.0,63.464,1.0,1.0,2.0,0.0,0.0,4.0,1.0,1.0,0.0,0.0,0.0
5840,1.0,0.0,1.0,Black,10.33,3,14.0,15.0,0.0,,29.126,2.0,2.0,2.0,1.0,0.0,5.0,4.0,5.0,0.0,0.0,0.0
5841,0.0,0.0,0.0,Black,,7,12.0,16.0,0.0,0.0,0.627,1.0,2.0,2.0,0.0,0.0,3.0,2.0,2.0,0.0,0.0,0.0
5842,1.0,0.0,0.0,White,,7,18.0,14.0,0.0,,80.844,3.0,2.0,2.0,1.0,0.0,1.0,2.0,1.0,0.0,0.0,0.0
5843,0.0,0.0,1.0,Black,9.75,4,16.0,16.0,0.0,0.0,50.816,5.0,1.0,1.0,0.0,0.0,1.0,1.0,1.0,0.0,0.0,0.0
5844,1.0,0.0,1.0,Black,0.95,4,12.0,12.0,0.0,0.0,23.535,4.0,2.0,2.0,0.0,0.0,3.0,3.0,2.0,0.0,0.0,0.0
5845,0.0,0.0,1.0,Black,0.88,2,11.0,12.0,0.0,,7.615,5.0,2.0,2.0,20.0,0.0,1.0,1.0,2.0,0.0,,0.0
5846,0.0,0.0,1.0,Black,0.8,3,,,0.0,0.0,12.204,0.0,2.0,2.0,0.0,0.0,1.0,1.0,1.0,0.0,0.0,0.0
5847,0.0,0.0,0.0,Black,,7,12.0,12.0,,0.0,0.387,3.0,2.0,4.0,4.0,1.0,5.0,4.0,2.0,0.0,1.0,0.0
5848,0.0,0.0,0.0,Black,,7,12.0,12.0,,,,0.0,4.0,3.0,3.0,2.0,5.0,2.0,1.0,0.0,1.0,1.0
5849,0.0,0.0,0.0,Black,,7,12.0,12.0,,,4.712,0.0,2.0,1.0,0.0,0.0,1.0,1.0,1.0,0.0,0.0,1.0
5850,0.0,0.0,0.0,Black,,7,12.0,12.0,,0.0,1.69,0.0,4.0,3.0,2.0,1.0,5.0,4.0,5.0,0.0,0.0,1.0
5851,0.0,0.0,1.0,Black,1.075,4,11.0,,0.0,0.0,9.581,2.0,3.0,3.0,0.0,0.0,5.0,4.0,1.0,0.0,0.0,0.0
5852,0.0,1.0,0.0,Black,0.25,8,9.0,9.0,0.0,0.0,5.941,4.0,3.0,2.0,0.0,0.0,2.0,1.0,1.0,0.0,0.0,1.0
5853,1.0,0.0,1.0,Black,0.55,5,12.0,12.0,0.0,0.0,30.22,3.0,2.0,4.0,0.0,0.0,2.0,2.0,1.0,1.0,0.0,0.0
5854,1.0,0.0,1.0,Black,0.55,5,12.0,12.0,0.0,0.0,61.758,0.0,2.0,3.0,0.0,0.0,1.0,1.0,1.0,0.0,0.0,0.0
5855,1.0,0.0,1.0,Black,0.55,5,12.0,12.0,0.0,0.0,29.922,5.0,2.0,3.0,0.0,0.0,4.0,3.0,1.0,1.0,0.0,0.0
5856,0.0,0.0,1.0,White,1.21,5,7.0,11.0,0.0,0.0,,45.0,2.0,3.0,25.0,3.0,3.0,2.0,2.0,0.0,,1.0
5857,0.0,0.0,0.0,White,1.21,5,7.0,11.0,0.0,0.0,,5.0,1.0,2.0,4.0,2.0,1.0,1.0,1.0,0.0,,1.0
5858,1.0,0.0,1.0,White,6.75,4,13.0,12.0,0.0,,,6.0,2.0,3.0,0.0,0.0,2.0,2.0,1.0,0.0,,0.0
5859,1.0,0.0,1.0,White,7.7,4,12.0,13.0,0.0,0.0,61.063,3.0,2.0,2.0,0.0,0.0,3.0,2.0,1.0,0.0,0.0,0.0
5860,1.0,0.0,1.0,White,2.01,3,11.0,9.0,0.0,0.0,91.935,12.0,1.0,1.0,0.0,0.0,3.0,2.0,1.0,0.0,0.0,0.0
5861,1.0,0.0,0.0,White,6.95,6,12.0,11.0,0.0,0.0,97.131,0.0,2.0,2.0,0.0,0.0,2.0,1.0,1.0,1.0,0.0,0.0
5862,0.0,,0.0,White,1.895,5,16.0,14.0,1.0,,3.025,5.0,2.0,2.0,3.0,2.0,5.0,5.0,4.0,1.0,,0.0
5863,1.0,0.0,1.0,White,1.895,5,16.0,14.0,1.0,0.0,80.267,0.0,2.0,2.0,0.0,0.0,2.0,3.0,3.0,0.0,1.0,0.0
5864,1.0,0.0,1.0,Black,2.1,3,12.0,9.0,0.0,,30.111,8.0,2.0,2.0,0.0,0.0,3.0,2.0,2.0,0.0,0.0,0.0
5865,1.0,0.0,1.0,Black,1.75,5,,12.0,0.0,0.0,40.477,3.0,2.0,3.0,1.0,0.0,3.0,4.0,3.0,0.0,0.0,0.0
5866,0.0,0.0,0.0,White,0.795,3,13.0,16.0,0.0,,42.425,0.0,2.0,2.0,0.0,0.0,2.0,2.0,1.0,0.0,,0.0
5867,0.0,0.0,0.0,White,9.65,3,15.0,13.0,0.0,0.0,57.064,2.0,2.0,2.0,0.0,0.0,1.0,1.0,1.0,0.0,0.0,0.0
5868,0.0,0.0,0.0,White,5.325,4,9.0,,0.0,0.0,74.92,8.0,1.0,1.0,0.0,0.0,1.0,1.0,1.0,1.0,1.0,1.0
5869,0.0,0.0,0.0,White,,3,12.0,,0.0,0.0,8.571,15.0,3.0,3.0,0.0,1.0,5.0,5.0,3.0,0.0,0.0,1.0
5870,1.0,,1.0,White,45.77,3,12.0,12.0,0.0,,29.777,4.0,2.0,2.0,0.0,0.0,4.0,2.0,1.0,0.0,,0.0
5871,1.0,1.0,1.0,White,,4,12.0,13.0,,0.0,,6.0,2.0,1.0,0.0,0.0,1.0,1.0,1.0,0.0,1.0,0.0
5872,0.0,0.0,0.0,White,5.415,6,9.0,12.0,0.0,0.0,,0.0,1.0,2.0,1.0,0.0,5.0,4.0,2.0,0.0,0.0,0.0
5873,0.0,,1.0,White,29.495,5,,,0.0,,16.179,6.0,3.0,4.0,2.0,0.0,4.0,3.0,1.0,1.0,,1.0
5874,0.0,0.0,0.0,White,29.495,5,,,0.0,,12.699,5.0,2.0,3.0,2.0,0.0,4.0,2.0,1.0,0.0,,0.0
5875,0.0,0.0,1.0,White,0.445,3,14.0,14.0,1.0,0.0,39.162,20.0,4.0,1.0,5.0,0.0,4.0,4.0,1.0,1.0,0.0,1.0
5876,1.0,0.0,0.0,White,12.925,5,13.0,12.0,0.0,0.0,,2.0,2.0,2.0,0.0,0.0,1.0,1.0,1.0,0.0,0.0,0.0
5877,0.0,,1.0,White,5.125,4,12.0,12.0,0.0,,73.681,2.0,2.0,2.0,0.0,0.0,4.0,3.0,1.0,0.0,,0.0
5878,1.0,0.0,1.0,White,9.0,5,17.0,14.0,0.0,0.0,43.253,3.0,2.0,2.0,0.0,0.0,3.0,,1.0,0.0,0.0,0.0
5879,1.0,0.0,1.0,White,9.0,5,17.0,14.0,0.0,0.0,49.456,1.0,2.0,3.0,0.0,0.0,3.0,1.0,1.0,0.0,0.0,0.0
5880,1.0,0.0,1.0,White,,4,14.0,14.0,0.0,0.0,78.834,1.0,2.0,2.0,0.0,0.0,1.0,1.0,1.0,1.0,0.0,0.0
5881,1.0,0.0,1.0,White,32.3001,4,12.0,14.0,0.0,0.0,41.692,0.0,1.0,1.0,0.0,0.0,1.0,1.0,1.0,0.0,0.0,0.0
5882,1.0,0.0,0.0,White,29.125,4,12.0,14.0,0.0,0.0,,2.0,3.0,2.0,0.0,0.0,3.0,1.0,1.0,0.0,0.0,0.0
5883,1.0,0.0,0.0,White,,4,16.0,12.0,,0.0,95.312,4.0,2.0,3.0,0.0,0.0,3.0,3.0,1.0,0.0,0.0,1.0
5884,1.0,0.0,1.0,White,5.525,7,14.0,13.0,0.0,1.0,73.256,11.0,2.0,2.0,0.0,0.0,4.0,4.0,2.0,1.0,0.0,0.0
5885,1.0,0.0,1.0,White,5.525,7,14.0,13.0,0.0,0.0,14.221,8.0,2.0,2.0,0.0,0.0,4.0,4.0,1.0,0.0,0.0,0.0
5886,0.0,0.0,1.0,White,5.525,7,14.0,13.0,0.0,0.0,69.038,17.0,4.0,2.0,3.0,0.0,4.0,3.0,1.0,0.0,0.0,0.0
5887,,,0.0,White,,4,14.0,13.0,0.0,,,8.0,2.0,3.0,0.0,0.0,1.0,1.0,1.0,0.0,,0.0
5888,0.0,0.0,1.0,White,,4,8.0,12.0,0.0,0.0,,2.0,2.0,3.0,0.0,0.0,5.0,4.0,1.0,1.0,1.0,0.0
5889,0.0,0.0,1.0,Hispanic,,3,12.0,12.0,0.0,,,8.0,2.0,3.0,1.0,0.0,5.0,5.0,1.0,0.0,0.0,0.0
5890,1.0,0.0,1.0,Black,10.25,5,13.0,16.0,0.0,0.0,35.645,0.0,2.0,3.0,0.0,0.0,3.0,2.0,1.0,0.0,0.0,0.0
5891,0.0,0.0,1.0,Black,,5,16.0,,,,46.971,0.0,2.0,2.0,0.0,0.0,3.0,5.0,2.0,0.0,0.0,0.0
5892,0.0,0.0,1.0,White,0.14,6,10.0,9.0,1.0,,50.175,10.0,2.0,3.0,1.0,0.0,1.0,1.0,2.0,1.0,0.0,0.0
5893,0.0,0.0,1.0,White,0.14,6,10.0,9.0,1.0,,18.223,7.0,2.0,2.0,0.0,0.0,1.0,1.0,1.0,0.0,0.0,0.0
5894,0.0,0.0,0.0,Hispanic,1.75,4,13.0,12.0,0.0,0.0,15.952,0.0,2.0,2.0,0.0,0.0,2.0,1.0,1.0,0.0,0.0,0.0
5895,1.0,0.0,1.0,Hispanic,1.75,4,13.0,12.0,0.0,0.0,81.311,3.0,2.0,3.0,0.0,0.0,1.0,1.0,1.0,0.0,0.0,0.0
5896,0.0,0.0,0.0,White,5.22,4,13.0,11.0,0.0,0.0,14.553,5.0,2.0,3.0,2.0,0.0,2.0,1.0,2.0,0.0,0.0,1.0
5897,1.0,0.0,1.0,Black,1.55,5,12.0,12.0,0.0,0.0,8.482,1.0,1.0,1.0,0.0,0.0,1.0,1.0,2.0,0.0,0.0,0.0
5898,1.0,0.0,1.0,White,26.3501,3,16.0,15.0,0.0,0.0,73.087,2.0,3.0,2.0,0.0,0.0,1.0,1.0,1.0,1.0,1.0,0.0
5899,0.0,0.0,0.0,Black,4.015,4,12.0,12.0,0.0,0.0,19.904,0.0,2.0,3.0,6.0,0.0,3.0,2.0,4.0,1.0,0.0,0.0
5900,1.0,0.0,1.0,Black,4.015,4,12.0,12.0,0.0,0.0,37.963,5.0,3.0,4.0,6.0,2.0,4.0,1.0,1.0,1.0,0.0,0.0
5901,0.0,0.0,1.0,White,0.05,4,8.0,,0.0,,13.244,,2.0,2.0,,,2.0,1.0,2.0,1.0,0.0,0.0
5902,0.0,0.0,1.0,Black,3.875,5,14.0,,0.0,0.0,17.24,7.0,2.0,2.0,0.0,0.0,2.0,2.0,1.0,1.0,0.0,0.0
5903,0.0,0.0,0.0,Black,1.455,4,13.0,11.0,0.0,0.0,,0.0,2.0,2.0,0.0,0.0,2.0,2.0,1.0,0.0,0.0,0.0
5904,1.0,,1.0,Black,1.455,4,13.0,11.0,0.0,,,4.0,2.0,1.0,1.0,0.0,2.0,1.0,1.0,0.0,,0.0
5905,0.0,0.0,1.0,Black,0.025,3,12.0,12.0,0.0,0.0,4.224,0.0,2.0,2.0,0.0,0.0,4.0,3.0,1.0,1.0,,1.0
5906,1.0,0.0,0.0,White,16.45,5,16.0,16.0,0.0,0.0,60.467,0.0,2.0,2.0,0.0,0.0,2.0,2.0,1.0,0.0,0.0,0.0
5907,1.0,0.0,0.0,White,16.45,5,16.0,16.0,0.0,0.0,42.199,0.0,2.0,2.0,0.0,0.0,3.0,2.0,1.0,0.0,0.0,0.0
5908,1.0,0.0,0.0,White,,4,14.0,12.0,0.0,0.0,64.22,6.0,2.0,2.0,4.0,0.0,4.0,4.0,1.0,1.0,0.0,0.0
5909,1.0,0.0,1.0,White,,4,14.0,12.0,0.0,0.0,65.453,0.0,2.0,2.0,0.0,0.0,2.0,2.0,1.0,1.0,0.0,0.0
5910,0.0,0.0,1.0,White,28.0,4,14.0,16.0,0.0,,,2.0,2.0,3.0,0.0,0.0,3.0,3.0,1.0,0.0,,0.0
5911,1.0,0.0,1.0,White,28.0,4,14.0,16.0,0.0,,,4.0,2.0,3.0,0.0,0.0,2.0,1.0,1.0,0.0,0.0,0.0
5912,1.0,0.0,1.0,White,,5,12.0,14.0,0.0,0.0,58.351,0.0,2.0,1.0,0.0,1.0,3.0,1.0,1.0,0.0,0.0,0.0
5913,1.0,0.0,0.0,Black,5.5,3,12.0,12.0,0.0,1.0,,1.0,1.0,3.0,0.0,0.0,5.0,2.0,3.0,1.0,0.0,0.0
5914,0.0,0.0,1.0,Black,0.95,4,12.0,11.0,0.0,0.0,3.283,3.0,2.0,2.0,0.0,0.0,1.0,1.0,1.0,0.0,0.0,0.0
5915,1.0,0.0,1.0,Black,8.075,4,12.0,12.0,0.0,0.0,60.806,2.0,2.0,4.0,1.0,0.0,3.0,3.0,4.0,1.0,1.0,0.0
5916,1.0,0.0,1.0,Black,8.075,4,12.0,12.0,0.0,0.0,23.191,5.0,2.0,2.0,0.0,0.0,3.0,1.0,3.0,0.0,0.0,0.0
5917,1.0,0.0,1.0,White,,2,16.0,18.0,0.0,,81.479,1.0,2.0,2.0,0.0,0.0,4.0,2.0,1.0,0.0,0.0,0.0
5918,0.0,0.0,0.0,Black,0.675,7,12.0,10.0,0.0,,,5.0,3.0,3.0,0.0,0.0,3.0,1.0,1.0,0.0,0.0,0.0
5919,0.0,0.0,1.0,Black,3.56,5,,12.0,0.0,0.0,1.264,2.0,2.0,2.0,0.0,0.0,1.0,2.0,1.0,0.0,0.0,0.0
5920,0.0,0.0,0.0,Black,3.56,5,10.0,12.0,0.0,1.0,2.596,4.0,2.0,2.0,0.0,2.0,1.0,1.0,1.0,0.0,1.0,1.0
5921,0.0,0.0,0.0,White,0.375,3,18.0,,0.0,0.0,,,3.0,2.0,0.0,0.0,5.0,4.0,5.0,0.0,0.0,1.0
5922,1.0,1.0,0.0,Black,,5,14.0,14.0,0.0,0.0,40.193,1.0,2.0,2.0,0.0,0.0,3.0,2.0,1.0,0.0,0.0,0.0
5923,1.0,0.0,0.0,Black,,5,,,0.0,0.0,24.088,0.0,3.0,4.0,0.0,0.0,3.0,4.0,2.0,1.0,1.0,0.0
5924,1.0,1.0,0.0,Black,1.315,4,12.0,12.0,0.0,0.0,46.503,2.0,1.0,1.0,0.0,0.0,3.0,3.0,2.0,,,0.0
5925,1.0,0.0,1.0,Black,1.315,4,12.0,12.0,0.0,1.0,27.087,3.0,2.0,3.0,0.0,0.0,3.0,1.0,2.0,,0.0,0.0
5926,0.0,0.0,0.0,Black,,4,12.0,12.0,,,,4.0,2.0,4.0,0.0,0.0,3.0,2.0,3.0,0.0,1.0,0.0
5927,1.0,0.0,0.0,Black,,3,,6.0,0.0,,23.064,18.0,4.0,3.0,0.0,0.0,1.0,1.0,1.0,0.0,0.0,1.0
5928,1.0,0.0,1.0,Black,6.79,9,12.0,10.0,0.0,0.0,34.232,1.0,2.0,2.0,0.0,0.0,4.0,1.0,1.0,0.0,0.0,0.0
5929,0.0,0.0,1.0,Black,6.79,9,12.0,10.0,0.0,0.0,14.629,8.0,3.0,3.0,0.0,1.0,3.0,2.0,1.0,0.0,0.0,0.0
5930,0.0,,1.0,Black,-0.775,3,12.0,12.0,0.0,,43.074,3.0,2.0,3.0,0.0,0.0,4.0,1.0,1.0,0.0,,0.0
5931,0.0,0.0,0.0,Black,0.6765,2,,11.0,0.0,,49.658,1.0,1.0,2.0,0.0,0.0,1.0,1.0,1.0,1.0,0.0,0.0
5932,0.0,0.0,0.0,Black,0.295,2,11.0,10.0,0.0,,,5.0,1.0,1.0,0.0,0.0,4.0,3.0,1.0,1.0,1.0,0.0
5933,0.0,0.0,1.0,Black,2.355,3,10.0,10.0,0.0,,33.761,2.0,2.0,2.0,0.0,0.0,5.0,5.0,4.0,0.0,0.0,0.0
5934,1.0,0.0,1.0,Black,,3,12.0,8.0,0.0,0.0,6.698,4.0,2.0,4.0,2.0,1.0,3.0,4.0,5.0,1.0,0.0,0.0
5935,0.0,0.0,0.0,Black,0.405,2,12.0,11.0,0.0,0.0,24.829,5.0,2.0,3.0,0.0,0.0,3.0,1.0,1.0,0.0,,0.0
5936,1.0,0.0,0.0,Black,-0.05,3,14.0,12.0,1.0,1.0,12.917,6.0,2.0,2.0,0.0,0.0,2.0,1.0,1.0,1.0,0.0,0.0
5937,1.0,0.0,1.0,Black,0.185,3,12.0,,0.0,,27.547,0.0,2.0,2.0,0.0,0.0,3.0,1.0,1.0,0.0,0.0,1.0
5938,1.0,0.0,1.0,Black,-0.825,2,9.0,,0.0,1.0,27.554,4.0,2.0,1.0,0.0,0.0,2.0,1.0,1.0,0.0,,0.0
5939,1.0,0.0,1.0,Black,0.475,4,12.0,,0.0,1.0,29.6,6.0,2.0,2.0,4.0,1.0,3.0,2.0,4.0,0.0,0.0,0.0
5940,0.0,0.0,0.0,Black,0.375,8,11.0,12.0,0.0,0.0,,0.0,3.0,2.0,0.0,0.0,3.0,2.0,1.0,0.0,0.0,0.0
5941,1.0,1.0,0.0,Black,2.525,5,12.0,12.0,0.0,0.0,96.148,1.0,1.0,1.0,1.0,0.0,3.0,2.0,2.0,1.0,1.0,0.0
5942,0.0,0.0,1.0,Black,2.525,5,12.0,12.0,0.0,0.0,31.964,3.0,2.0,2.0,0.0,0.0,2.0,2.0,1.0,0.0,0.0,0.0
5943,1.0,0.0,1.0,Black,5.3001,3,12.0,,0.0,0.0,17.762,1.0,2.0,2.0,0.0,0.0,1.0,1.0,1.0,0.0,0.0,0.0
5944,1.0,0.0,1.0,Black,3.825,4,12.0,12.0,0.0,0.0,55.006,0.0,2.0,1.0,0.0,0.0,1.0,1.0,3.0,0.0,0.0,0.0
5945,0.0,0.0,1.0,Black,0.29,5,14.0,14.0,0.0,0.0,80.745,5.0,2.0,2.0,0.0,0.0,3.0,2.0,1.0,0.0,0.0,0.0
5946,1.0,0.0,1.0,Black,0.29,5,14.0,14.0,0.0,0.0,74.61,1.0,1.0,2.0,0.0,0.0,2.0,2.0,1.0,0.0,0.0,0.0
5947,1.0,0.0,0.0,Black,0.29,5,14.0,14.0,0.0,0.0,41.382,6.0,2.0,1.0,0.0,1.0,2.0,1.0,3.0,0.0,0.0,0.0
5948,1.0,0.0,0.0,Black,-3.025,5,13.0,16.0,0.0,0.0,18.055,4.0,2.0,2.0,2.0,1.0,1.0,1.0,1.0,0.0,0.0,0.0
5949,0.0,0.0,1.0,Black,4.0,4,12.0,16.0,0.0,,47.492,2.0,2.0,3.0,0.0,0.0,3.0,3.0,2.0,1.0,,0.0
5950,1.0,0.0,0.0,Black,4.29,4,12.0,12.0,0.0,0.0,62.671,1.0,2.0,1.0,0.0,0.0,3.0,1.0,2.0,0.0,0.0,0.0
5951,0.0,0.0,1.0,Black,6.9701,3,14.0,11.0,0.0,0.0,81.669,2.0,2.0,2.0,0.0,0.0,2.0,2.0,1.0,0.0,0.0,0.0
5952,1.0,0.0,0.0,Black,0.795,4,11.0,,0.0,,30.261,2.0,1.0,1.0,0.0,0.0,4.0,4.0,2.0,1.0,1.0,0.0
5953,0.0,0.0,0.0,Black,1.496,3,11.0,,0.0,1.0,39.319,0.0,1.0,2.0,0.0,0.0,3.0,3.0,2.0,0.0,,0.0
5954,1.0,,0.0,Black,15.9,4,12.0,13.0,0.0,,32.471,1.0,1.0,1.0,0.0,0.0,3.0,3.0,2.0,0.0,,0.0
5955,1.0,0.0,1.0,Black,2.25,5,16.0,,0.0,1.0,,9.0,2.0,2.0,0.0,0.0,4.0,4.0,4.0,1.0,0.0,0.0
5956,1.0,0.0,0.0,Black,2.25,5,16.0,,0.0,1.0,,0.0,2.0,3.0,0.0,0.0,4.0,5.0,1.0,0.0,0.0,0.0
5957,1.0,0.0,1.0,Black,6.3701,3,12.0,,0.0,,59.822,0.0,2.0,2.0,0.0,0.0,4.0,2.0,1.0,,0.0,1.0
5958,1.0,0.0,1.0,Black,3.425,8,,,0.0,,57.852,1.0,2.0,2.0,0.0,0.0,3.0,2.0,1.0,0.0,0.0,0.0
5959,0.0,0.0,0.0,Black,0.56,4,14.0,,0.0,0.0,37.494,0.0,2.0,3.0,1.0,0.0,1.0,1.0,5.0,1.0,,1.0
5960,1.0,0.0,1.0,Black,0.225,5,12.0,12.0,0.0,0.0,24.204,12.0,3.0,2.0,0.0,0.0,5.0,4.0,2.0,1.0,0.0,0.0
5961,0.0,0.0,0.0,Black,0.225,5,12.0,12.0,0.0,0.0,23.181,8.0,3.0,2.0,4.0,0.0,1.0,3.0,3.0,1.0,0.0,1.0
5962,0.0,0.0,0.0,Black,-0.925,4,,12.0,0.0,,24.414,1.0,1.0,1.0,2.0,0.0,4.0,3.0,4.0,1.0,0.0,1.0
5963,0.0,0.0,0.0,Black,24.22,2,10.0,,0.0,0.0,21.307,2.0,2.0,2.0,0.0,0.0,4.0,2.0,1.0,0.0,0.0,1.0
5964,0.0,1.0,0.0,Black,,2,13.0,,,,35.272,2.0,2.0,2.0,0.0,0.0,4.0,1.0,2.0,0.0,0.0,0.0
5965,0.0,0.0,1.0,Black,1.7,3,13.0,12.0,0.0,0.0,59.006,1.0,2.0,1.0,0.0,0.0,2.0,1.0,4.0,0.0,0.0,0.0
5966,1.0,0.0,1.0,White,5.0,3,12.0,,0.0,0.0,56.592,0.0,2.0,3.0,0.0,0.0,4.0,3.0,1.0,0.0,,0.0
5967,0.0,0.0,0.0,White,,4,12.0,12.0,0.0,,,4.0,2.0,1.0,0.0,0.0,3.0,1.0,2.0,0.0,,0.0
5968,1.0,0.0,1.0,White,2.35,4,14.0,14.0,0.0,,,0.0,2.0,3.0,0.0,0.0,1.0,1.0,1.0,0.0,,0.0
5969,0.0,0.0,0.0,White,4.35,3,16.0,12.0,0.0,0.0,16.297,6.0,3.0,3.0,1.0,1.0,3.0,2.0,4.0,0.0,0.0,1.0
5970,0.0,0.0,0.0,White,1.78,4,12.0,11.0,0.0,,8.715,8.0,2.0,2.0,0.0,0.0,3.0,3.0,3.0,0.0,0.0,0.0
5971,0.0,0.0,1.0,White,4.31,4,9.0,12.0,0.0,,72.85,20.0,2.0,2.0,0.0,0.0,1.0,1.0,1.0,0.0,,0.0
5972,1.0,0.0,1.0,White,4.095,3,12.0,11.0,0.0,0.0,32.311,3.0,2.0,3.0,0.0,0.0,4.0,2.0,1.0,0.0,0.0,0.0
5973,0.0,0.0,1.0,White,5.855,5,14.0,13.0,0.0,,45.596,2.0,2.0,2.0,0.0,0.0,1.0,1.0,1.0,0.0,0.0,0.0
5974,0.0,0.0,1.0,White,5.855,5,14.0,13.0,0.0,0.0,33.141,1.0,2.0,2.0,0.0,0.0,2.0,1.0,1.0,0.0,0.0,0.0
5975,1.0,0.0,1.0,White,9.69,4,12.0,14.0,0.0,0.0,,3.0,1.0,2.0,0.0,0.0,2.0,1.0,1.0,0.0,0.0,0.0
5976,1.0,0.0,0.0,White,9.69,4,12.0,14.0,0.0,0.0,,1.0,2.0,1.0,0.0,0.0,1.0,1.0,1.0,0.0,0.0,0.0
5977,0.0,0.0,0.0,White,36.8301,5,12.0,14.0,0.0,,11.367,2.0,4.0,4.0,0.0,0.0,1.0,2.0,1.0,0.0,,0.0
5978,1.0,0.0,1.0,White,36.8301,5,12.0,14.0,0.0,0.0,63.365,3.0,2.0,2.0,0.0,0.0,3.0,1.0,1.0,0.0,0.0,0.0
5979,0.0,0.0,1.0,White,4.2,4,12.0,12.0,0.0,,26.044,9.0,4.0,3.0,5.0,0.0,4.0,4.0,1.0,1.0,,0.0
5980,1.0,0.0,1.0,White,18.41,3,17.0,12.0,0.0,0.0,41.186,5.0,2.0,2.0,0.0,0.0,1.0,1.0,1.0,0.0,0.0,0.0
5981,0.0,0.0,1.0,White,,5,10.0,,,0.0,55.383,13.0,3.0,4.0,10.0,0.0,3.0,3.0,2.0,0.0,0.0,0.0
5982,1.0,0.0,0.0,Black,2.275,3,12.0,,0.0,,19.438,5.0,2.0,3.0,0.0,0.0,2.0,1.0,1.0,0.0,,0.0
5983,1.0,0.0,0.0,Black,5.775,4,12.0,12.0,0.0,0.0,9.399,3.0,2.0,4.0,15.0,0.0,3.0,1.0,1.0,0.0,0.0,1.0
5984,0.0,0.0,0.0,Black,0.49,4,13.0,,0.0,0.0,11.402,7.0,1.0,1.0,1.0,4.0,3.0,1.0,2.0,1.0,1.0,0.0
5985,0.0,0.0,1.0,Black,0.46,5,12.0,13.0,0.0,0.0,14.622,0.0,2.0,2.0,0.0,0.0,1.0,1.0,1.0,0.0,0.0,0.0
5986,1.0,0.0,0.0,Black,,7,12.0,8.0,0.0,0.0,24.651,0.0,2.0,2.0,0.0,0.0,3.0,2.0,2.0,0.0,0.0,0.0
5987,0.0,0.0,1.0,Black,,6,12.0,,0.0,0.0,41.673,5.0,2.0,3.0,0.0,0.0,3.0,4.0,3.0,1.0,0.0,0.0
5988,1.0,0.0,1.0,Black,5.4001,4,11.0,12.0,0.0,0.0,72.227,0.0,2.0,2.0,0.0,0.0,4.0,5.0,2.0,0.0,1.0,0.0
5989,0.0,0.0,0.0,White,15.482,5,12.0,10.0,0.0,1.0,44.597,2.0,2.0,2.0,0.0,0.0,1.0,1.0,2.0,0.0,0.0,0.0
5990,1.0,0.0,0.0,Black,0.255,3,12.0,,0.0,,33.589,0.0,4.0,4.0,20.0,5.0,4.0,3.0,3.0,1.0,0.0,0.0
5991,0.0,0.0,1.0,Black,,6,12.0,12.0,0.0,0.0,14.305,4.0,2.0,2.0,0.0,0.0,5.0,4.0,5.0,0.0,0.0,1.0
5992,0.0,0.0,1.0,Black,,5,12.0,12.0,,0.0,10.521,2.0,1.0,2.0,0.0,0.0,4.0,4.0,5.0,0.0,0.0,0.0
5993,0.0,0.0,1.0,Black,8.385,6,11.0,,0.0,0.0,14.225,0.0,2.0,2.0,0.0,0.0,3.0,3.0,2.0,0.0,0.0,0.0
5994,0.0,0.0,1.0,Black,8.385,6,11.0,,0.0,0.0,18.651,15.0,2.0,2.0,0.0,0.0,4.0,2.0,1.0,1.0,0.0,0.0
5995,0.0,0.0,0.0,Black,8.385,6,11.0,,0.0,0.0,12.143,0.0,3.0,3.0,2.0,1.0,1.0,1.0,1.0,0.0,0.0,0.0
5996,0.0,0.0,1.0,Black,4.375,4,,,0.0,0.0,14.721,0.0,3.0,3.0,0.0,0.0,3.0,4.0,1.0,0.0,0.0,0.0
5997,0.0,0.0,0.0,Black,1.8,5,12.0,16.0,0.0,0.0,2.699,0.0,2.0,3.0,0.0,0.0,5.0,4.0,3.0,0.0,0.0,0.0
5998,0.0,0.0,0.0,Black,1.8,5,12.0,12.0,0.0,0.0,26.995,0.0,2.0,2.0,0.0,0.0,5.0,4.0,1.0,0.0,0.0,0.0
5999,1.0,0.0,0.0,Black,,3,12.0,15.0,,0.0,15.03,3.0,2.0,1.0,0.0,0.0,1.0,1.0,2.0,0.0,,0.0
6000,0.0,0.0,0.0,White,0.475,4,12.0,13.0,0.0,0.0,77.568,2.0,1.0,4.0,0.0,0.0,3.0,5.0,2.0,0.0,,1.0
6001,0.0,0.0,0.0,White,5.6,4,12.0,12.0,0.0,0.0,51.472,2.0,2.0,2.0,0.0,0.0,2.0,1.0,1.0,0.0,0.0,1.0
6002,1.0,1.0,0.0,White,,6,18.0,20.0,0.0,0.0,79.098,2.0,2.0,2.0,0.0,0.0,3.0,2.0,1.0,0.0,0.0,0.0
6003,1.0,0.0,0.0,Hispanic,,6,18.0,20.0,0.0,0.0,79.187,3.0,2.0,2.0,4.0,0.0,2.0,2.0,1.0,0.0,0.0,0.0
6004,0.0,0.0,0.0,White,-0.2244,3,12.0,11.0,1.0,1.0,56.481,7.0,2.0,1.0,1.0,0.0,2.0,1.0,1.0,0.0,1.0,0.0
6005,1.0,0.0,1.0,White,1.95,2,14.0,14.0,0.0,0.0,66.139,1.0,1.0,1.0,0.0,0.0,4.0,4.0,1.0,0.0,0.0,0.0
6006,1.0,0.0,1.0,White,,2,14.0,16.0,0.0,0.0,56.89,15.0,2.0,2.0,0.0,0.0,4.0,3.0,3.0,0.0,0.0,0.0
6007,0.0,0.0,1.0,Black,,4,11.0,,,0.0,15.379,7.0,2.0,3.0,0.0,0.0,5.0,3.0,3.0,0.0,0.0,0.0
6008,0.0,0.0,1.0,Black,0.71,3,7.0,11.0,0.0,0.0,1.87,4.0,2.0,2.0,0.0,2.0,5.0,1.0,1.0,0.0,0.0,1.0
6009,0.0,0.0,0.0,Black,0.405,5,11.0,,0.0,0.0,3.951,2.0,2.0,2.0,0.0,0.0,1.0,,1.0,0.0,0.0,1.0
6010,0.0,0.0,1.0,Black,1.8891,4,9.0,10.0,0.0,0.0,9.566,35.0,3.0,3.0,0.0,0.0,3.0,3.0,2.0,0.0,0.0,0.0
6011,0.0,0.0,0.0,Black,-0.9895,4,12.0,12.0,1.0,0.0,0.0,0.0,3.0,3.0,0.0,0.0,2.0,2.0,5.0,0.0,0.0,0.0
6012,0.0,0.0,1.0,Black,,7,12.0,10.0,0.0,0.0,4.179,3.0,3.0,3.0,0.0,0.0,2.0,1.0,,0.0,0.0,0.0
6013,0.0,0.0,1.0,Black,,3,,,0.0,0.0,,2.0,1.0,2.0,0.0,0.0,2.0,1.0,5.0,0.0,0.0,0.0
6014,1.0,0.0,1.0,Black,5.925,6,16.0,10.0,0.0,0.0,36.973,10.0,2.0,3.0,0.0,1.0,1.0,1.0,1.0,0.0,0.0,0.0
6015,0.0,0.0,0.0,Black,,3,9.0,4.0,0.0,0.0,2.19,5.0,3.0,3.0,1.0,4.0,3.0,1.0,1.0,0.0,0.0,1.0
6016,0.0,0.0,1.0,Black,0.175,3,11.0,,0.0,,19.275,,3.0,4.0,,,5.0,5.0,2.0,1.0,0.0,1.0
6017,0.0,0.0,0.0,Black,0.227,3,8.0,12.0,1.0,0.0,2.411,15.0,3.0,3.0,0.0,0.0,5.0,2.0,2.0,1.0,0.0,0.0
6018,1.0,0.0,0.0,Black,2.915,5,12.0,12.0,0.0,0.0,17.732,2.0,1.0,2.0,0.0,0.0,4.0,4.0,1.0,0.0,0.0,0.0
6019,1.0,0.0,1.0,Black,2.915,5,12.0,12.0,0.0,,52.141,0.0,2.0,3.0,3.0,0.0,1.0,1.0,1.0,0.0,,0.0
6020,0.0,0.0,0.0,White,,3,,,,0.0,10.965,30.0,1.0,1.0,0.0,0.0,5.0,4.0,1.0,0.0,,0.0
6021,0.0,0.0,0.0,White,4.85,3,16.0,13.0,0.0,,81.85,2.0,2.0,2.0,2.0,0.0,3.0,1.0,1.0,1.0,0.0,0.0
6022,0.0,0.0,0.0,White,3.71,3,12.0,12.0,0.0,0.0,31.584,3.0,2.0,2.0,0.0,0.0,2.0,1.0,1.0,0.0,0.0,1.0
6023,1.0,0.0,0.0,White,15.325,2,17.0,15.0,0.0,0.0,98.003,3.0,2.0,1.0,0.0,0.0,1.0,1.0,1.0,1.0,0.0,0.0
6025,0.0,0.0,0.0,White,0.0031,2,7.0,,0.0,,11.205,38.0,2.0,1.0,0.0,0.0,1.0,1.0,1.0,0.0,,0.0
6026,0.0,0.0,0.0,Black,0.175,3,12.0,13.0,0.0,,9.087,0.0,1.0,2.0,0.0,1.0,1.0,1.0,1.0,0.0,,1.0
6027,1.0,0.0,1.0,White,60.0,4,18.0,20.0,0.0,0.0,92.219,2.0,2.0,2.0,0.0,0.0,2.0,3.0,1.0,0.0,0.0,0.0
6028,0.0,0.0,1.0,White,1.15,2,12.0,10.0,0.0,0.0,,1.0,2.0,2.0,0.0,1.0,4.0,3.0,1.0,0.0,,0.0
6029,1.0,0.0,1.0,White,3.2,3,14.0,12.0,0.0,0.0,55.186,3.0,2.0,2.0,0.0,0.0,2.0,2.0,1.0,0.0,,0.0
6030,1.0,0.0,1.0,White,10.295,4,16.0,18.0,0.0,0.0,69.921,1.0,2.0,3.0,0.0,0.0,1.0,1.0,1.0,0.0,0.0,0.0
6031,0.0,0.0,0.0,White,,2,,9.0,,0.0,,2.0,2.0,1.0,0.0,0.0,3.0,3.0,1.0,0.0,,1.0
6032,0.0,0.0,1.0,White,2.085,4,12.0,12.0,0.0,0.0,18.636,0.0,2.0,2.0,2.0,0.0,5.0,1.0,1.0,0.0,0.0,0.0
6033,0.0,0.0,1.0,White,,5,5.0,9.0,,0.0,,1.0,1.0,2.0,0.0,0.0,2.0,3.0,1.0,0.0,,0.0
6034,0.0,0.0,1.0,White,,3,7.0,9.0,0.0,0.0,22.459,3.0,2.0,2.0,1.0,0.0,3.0,1.0,2.0,0.0,0.0,0.0
6035,0.0,1.0,1.0,White,-0.225,6,14.0,12.0,0.0,0.0,32.865,3.0,3.0,3.0,0.0,0.0,2.0,1.0,1.0,0.0,1.0,1.0
6036,0.0,0.0,1.0,White,2.76,3,12.0,12.0,0.0,0.0,24.482,0.0,3.0,3.0,0.0,0.0,4.0,1.0,1.0,1.0,0.0,0.0
6037,0.0,0.0,0.0,White,0.0605,3,12.0,12.0,0.0,0.0,45.939,2.0,2.0,1.0,0.0,0.0,1.0,1.0,1.0,0.0,0.0,0.0
6038,0.0,0.0,0.0,Black,0.4156,5,8.0,9.0,0.0,0.0,77.779,2.0,2.0,2.0,0.0,0.0,3.0,2.0,2.0,0.0,0.0,0.0
6039,0.0,0.0,1.0,White,0.13,5,,,0.0,0.0,,0.0,1.0,3.0,0.0,0.0,4.0,2.0,5.0,0.0,,0.0
6040,0.0,,0.0,White,2.35,5,10.0,10.0,0.0,,5.371,3.0,2.0,2.0,0.0,0.0,1.0,1.0,1.0,0.0,,0.0
6041,0.0,1.0,0.0,White,2.35,5,10.0,10.0,0.0,,0.437,12.0,1.0,1.0,0.0,0.0,1.0,1.0,1.0,0.0,0.0,0.0
6042,1.0,0.0,0.0,White,7.1825,4,12.0,10.0,0.0,0.0,68.913,5.0,2.0,1.0,0.0,0.0,3.0,1.0,1.0,0.0,1.0,1.0
6043,1.0,0.0,1.0,White,5.45,3,11.0,12.0,0.0,0.0,53.138,1.0,2.0,2.0,0.0,0.0,4.0,4.0,1.0,0.0,,0.0
6044,0.0,0.0,1.0,White,1.625,4,11.0,11.0,0.0,0.0,34.688,6.0,2.0,2.0,0.0,0.0,1.0,1.0,1.0,0.0,0.0,0.0
6045,,,0.0,White,33.75,4,12.0,15.0,0.0,,,1.0,3.0,2.0,0.0,0.0,2.0,2.0,1.0,0.0,,0.0
6046,0.0,,0.0,White,0.125,3,,,0.0,,7.393,1.0,1.0,2.0,0.0,0.0,3.0,1.0,1.0,0.0,,0.0
6047,1.0,0.0,1.0,White,1.365,5,12.0,11.0,0.0,0.0,90.114,3.0,2.0,3.0,2.0,0.0,5.0,4.0,2.0,0.0,1.0,0.0
6048,1.0,0.0,1.0,White,1.365,5,12.0,11.0,0.0,0.0,58.315,0.0,1.0,2.0,0.0,0.0,1.0,1.0,1.0,0.0,0.0,0.0
6049,1.0,0.0,0.0,White,32.25,3,12.0,12.0,0.0,0.0,65.691,0.0,1.0,1.0,0.0,0.0,2.0,1.0,1.0,0.0,0.0,0.0
6050,1.0,0.0,0.0,White,23.05,3,13.0,10.0,0.0,0.0,,0.0,1.0,1.0,0.0,0.0,2.0,2.0,1.0,0.0,0.0,0.0
6051,0.0,0.0,1.0,White,0.15,3,12.0,8.0,0.0,0.0,13.722,0.0,1.0,2.0,0.0,0.0,3.0,2.0,1.0,0.0,1.0,0.0
6052,0.0,0.0,0.0,White,20.38,2,13.0,13.0,0.0,,,3.0,2.0,2.0,0.0,0.0,2.0,2.0,1.0,0.0,0.0,1.0
6053,1.0,0.0,1.0,White,19.4501,3,,,0.0,,,1.0,2.0,2.0,0.0,0.0,5.0,4.0,2.0,1.0,,1.0
6054,1.0,0.0,0.0,White,0.6335,4,16.0,13.0,0.0,0.0,28.994,0.0,2.0,4.0,1.0,0.0,3.0,2.0,1.0,1.0,0.0,0.0
6055,0.0,0.0,1.0,White,7.35,5,11.0,,1.0,,53.938,7.0,1.0,1.0,0.0,0.0,3.0,1.0,1.0,0.0,0.0,0.0
6056,0.0,0.0,1.0,White,4.52,4,14.0,12.0,0.0,0.0,77.0,2.0,2.0,2.0,0.0,0.0,1.0,1.0,1.0,0.0,0.0,0.0
6057,0.0,0.0,1.0,White,3.55,3,11.0,11.0,0.0,,44.557,4.0,1.0,1.0,0.0,0.0,1.0,1.0,1.0,0.0,0.0,0.0
6058,0.0,0.0,1.0,White,0.145,4,12.0,12.0,0.0,,,1.0,2.0,1.0,4.0,2.0,3.0,2.0,1.0,0.0,0.0,0.0
6059,1.0,0.0,0.0,Black,1.055,3,12.0,9.0,0.0,0.0,19.507,2.0,2.0,2.0,0.0,0.0,3.0,2.0,1.0,0.0,0.0,0.0
6060,0.0,0.0,0.0,Hispanic,0.325,2,7.0,11.0,1.0,,26.821,8.0,2.0,4.0,2.0,0.0,2.0,2.0,1.0,1.0,,1.0
6061,0.0,0.0,0.0,Hispanic,6.175,5,6.0,,0.0,,12.315,3.0,3.0,2.0,0.0,0.0,3.0,1.0,1.0,0.0,,0.0
6062,0.0,0.0,0.0,Hispanic,6.175,5,6.0,,0.0,0.0,17.372,6.0,1.0,2.0,1.0,0.0,1.0,1.0,2.0,1.0,0.0,1.0
6063,0.0,0.0,1.0,Black,0.175,4,9.0,12.0,0.0,1.0,9.315,2.0,2.0,1.0,0.0,0.0,1.0,1.0,1.0,0.0,0.0,0.0
6064,0.0,0.0,0.0,Hispanic,,3,6.0,2.0,,0.0,7.74,4.0,2.0,2.0,0.0,0.0,1.0,1.0,1.0,0.0,0.0,0.0
6065,1.0,0.0,1.0,White,11.17,3,10.0,14.0,0.0,0.0,93.197,16.0,1.0,2.0,0.0,0.0,2.0,4.0,1.0,0.0,0.0,0.0
6066,1.0,0.0,0.0,White,39.9001,3,19.0,12.0,0.0,1.0,,7.0,3.0,2.0,0.0,1.0,2.0,1.0,2.0,0.0,0.0,1.0
6067,1.0,0.0,1.0,Asian,,5,5.0,5.0,,0.0,63.978,0.0,3.0,3.0,0.0,0.0,5.0,1.0,1.0,0.0,0.0,1.0
6068,0.0,0.0,0.0,Asian,,5,5.0,5.0,,0.0,38.427,1.0,2.0,2.0,0.0,0.0,2.0,4.0,1.0,0.0,0.0,1.0
6069,1.0,0.0,0.0,Asian,,5,5.0,5.0,,0.0,34.123,11.0,2.0,2.0,3.0,1.0,2.0,1.0,1.0,0.0,0.0,0.0
6070,0.0,0.0,0.0,Hispanic,0.2,7,2.0,6.0,0.0,0.0,16.647,5.0,2.0,2.0,0.0,0.0,1.0,1.0,1.0,0.0,0.0,0.0
6071,0.0,0.0,1.0,Hispanic,0.2,7,2.0,6.0,0.0,0.0,11.921,6.0,2.0,2.0,0.0,0.0,1.0,1.0,1.0,0.0,0.0,0.0
6072,0.0,0.0,0.0,White,-1.529,3,11.0,8.0,1.0,1.0,,5.0,2.0,3.0,99.0,3.0,4.0,5.0,1.0,0.0,,1.0
6073,0.0,0.0,0.0,White,21.55,3,12.0,12.0,1.0,0.0,79.434,0.0,3.0,2.0,1.0,0.0,4.0,4.0,1.0,1.0,1.0,0.0
6074,1.0,0.0,0.0,White,22.45,4,12.0,14.0,0.0,,71.748,2.0,1.0,1.0,0.0,0.0,2.0,1.0,1.0,0.0,0.0,0.0
6075,1.0,0.0,0.0,White,4.925,5,12.0,14.0,0.0,,53.412,4.0,2.0,2.0,0.0,0.0,1.0,1.0,1.0,0.0,0.0,0.0
6076,1.0,0.0,1.0,White,37.515,4,16.0,16.0,0.0,0.0,94.46,2.0,2.0,,0.0,0.0,3.0,3.0,1.0,0.0,0.0,0.0
6077,0.0,0.0,1.0,White,10.15,5,14.0,9.0,0.0,0.0,,8.0,4.0,3.0,0.0,2.0,4.0,4.0,2.0,0.0,,0.0
6078,1.0,0.0,0.0,Hispanic,0.43,4,12.0,12.0,0.0,0.0,79.953,4.0,2.0,2.0,0.0,0.0,2.0,2.0,1.0,0.0,0.0,0.0
6079,1.0,0.0,1.0,Hispanic,3.775,5,12.0,12.0,0.0,0.0,90.048,5.0,2.0,1.0,0.0,0.0,3.0,3.0,1.0,0.0,0.0,0.0
6080,1.0,,1.0,Hispanic,3.775,5,12.0,12.0,0.0,0.0,82.791,0.0,1.0,2.0,0.0,0.0,1.0,1.0,1.0,0.0,0.0,0.0
6081,1.0,0.0,1.0,Black,1.05,7,,,1.0,,49.239,0.0,1.0,2.0,0.0,0.0,3.0,2.0,1.0,1.0,1.0,0.0
6082,0.0,0.0,0.0,Black,1.05,7,,11.0,1.0,1.0,57.753,0.0,1.0,1.0,1.0,0.0,1.0,1.0,1.0,1.0,0.0,0.0
6083,0.0,0.0,0.0,Black,1.05,7,,11.0,1.0,0.0,4.936,2.0,3.0,1.0,0.0,0.0,1.0,2.0,1.0,0.0,0.0,0.0
6084,0.0,0.0,0.0,Hispanic,0.06,5,9.0,3.0,0.0,0.0,,13.0,3.0,4.0,1.0,0.0,1.0,2.0,1.0,0.0,,0.0
6085,1.0,0.0,0.0,Other,1.256,6,12.0,13.0,1.0,0.0,36.104,0.0,2.0,3.0,0.0,1.0,4.0,4.0,1.0,0.0,0.0,0.0
6086,0.0,0.0,1.0,Other,1.256,6,8.0,,0.0,1.0,3.5,5.0,3.0,3.0,0.0,1.0,3.0,5.0,2.0,0.0,0.0,1.0
6087,0.0,0.0,1.0,Other,1.256,6,12.0,12.0,1.0,0.0,70.334,3.0,2.0,2.0,0.0,1.0,1.0,,1.0,0.0,0.0,0.0
6088,1.0,0.0,0.0,Other,1.256,6,12.0,12.0,0.0,0.0,79.26,2.0,1.0,2.0,0.0,0.0,1.0,1.0,1.0,0.0,0.0,0.0
6089,0.0,0.0,0.0,White,,4,12.0,9.0,,0.0,21.466,2.0,2.0,2.0,0.0,1.0,1.0,1.0,1.0,0.0,0.0,0.0
6090,1.0,0.0,1.0,Hispanic,1.87,6,12.0,15.0,0.0,0.0,39.684,5.0,2.0,2.0,0.0,0.0,3.0,3.0,1.0,1.0,0.0,0.0
6091,1.0,0.0,0.0,Hispanic,1.87,6,12.0,15.0,0.0,,13.866,4.0,2.0,1.0,0.0,1.0,4.0,4.0,2.0,1.0,0.0,0.0
6092,1.0,0.0,1.0,Hispanic,1.87,6,12.0,15.0,0.0,0.0,36.271,3.0,1.0,1.0,0.0,1.0,3.0,2.0,1.0,1.0,0.0,0.0
6093,1.0,0.0,1.0,White,19.225,4,15.0,15.0,1.0,0.0,87.411,0.0,3.0,3.0,1.0,0.0,4.0,2.0,1.0,1.0,0.0,0.0
6094,0.0,0.0,0.0,White,1.78,5,10.0,12.0,0.0,0.0,,1.0,1.0,2.0,0.0,0.0,1.0,1.0,1.0,1.0,1.0,0.0
6095,0.0,0.0,1.0,White,1.78,5,10.0,12.0,0.0,,6.269,4.0,2.0,4.0,0.0,3.0,3.0,2.0,2.0,0.0,,0.0
6096,0.0,0.0,0.0,White,1.78,5,10.0,,0.0,,0.0,1.0,2.0,4.0,6.0,2.0,2.0,1.0,1.0,1.0,1.0,0.0
6097,0.0,0.0,0.0,White,4.825,2,13.0,,0.0,0.0,37.832,1.0,2.0,2.0,0.0,0.0,1.0,1.0,1.0,0.0,0.0,0.0
6098,0.0,0.0,0.0,White,1.775,5,11.0,12.0,0.0,0.0,33.41,8.0,3.0,3.0,0.0,0.0,3.0,4.0,2.0,0.0,,0.0
6099,1.0,0.0,1.0,White,-3.16,5,11.0,12.0,0.0,0.0,,0.0,1.0,1.0,1.0,0.0,2.0,1.0,1.0,0.0,0.0,0.0
6100,0.0,0.0,0.0,White,-0.475,5,10.0,11.0,0.0,0.0,,0.0,2.0,2.0,3.0,1.0,2.0,1.0,1.0,0.0,,1.0
6101,1.0,0.0,0.0,White,4.9,5,9.0,9.0,0.0,0.0,,2.0,2.0,2.0,1.0,0.0,3.0,2.0,2.0,0.0,,0.0
6102,0.0,,1.0,White,4.9,5,9.0,9.0,0.0,,,0.0,1.0,1.0,1.0,0.0,2.0,2.0,1.0,0.0,,0.0
6103,1.0,0.0,0.0,White,,3,13.0,14.0,0.0,0.0,,0.0,2.0,2.0,0.0,0.0,1.0,1.0,2.0,0.0,0.0,0.0
6104,0.0,0.0,0.0,Hispanic,,6,6.0,,,,,4.0,1.0,1.0,0.0,0.0,2.0,1.0,1.0,0.0,,0.0
6105,1.0,0.0,1.0,White,13.2406,4,15.0,12.0,0.0,0.0,19.603,3.0,2.0,2.0,0.0,0.0,5.0,4.0,3.0,1.0,1.0,0.0
6106,0.0,0.0,0.0,White,13.2406,4,15.0,12.0,0.0,0.0,15.702,0.0,2.0,3.0,0.0,0.0,1.0,1.0,1.0,1.0,,0.0
6107,0.0,0.0,1.0,White,12.7,5,12.0,13.0,0.0,,89.23,0.0,1.0,1.0,0.0,0.0,1.0,1.0,1.0,0.0,,0.0
6108,1.0,0.0,0.0,White,18.63,5,16.0,15.0,0.0,0.0,91.624,8.0,1.0,2.0,0.0,0.0,1.0,1.0,1.0,0.0,0.0,0.0
6109,1.0,0.0,1.0,White,22.9,5,15.0,,0.0,0.0,58.848,3.0,2.0,2.0,0.0,0.0,4.0,4.0,2.0,0.0,0.0,0.0
6110,1.0,0.0,1.0,White,22.9,5,15.0,14.0,0.0,0.0,30.063,2.0,1.0,1.0,0.0,0.0,1.0,1.0,1.0,1.0,0.0,0.0
6111,1.0,0.0,0.0,White,,4,14.0,12.0,,0.0,52.076,1.0,2.0,2.0,0.0,0.0,2.0,1.0,1.0,0.0,0.0,0.0
6112,1.0,0.0,1.0,White,30.45,5,14.0,13.0,0.0,,52.29,18.0,3.0,1.0,0.0,0.0,4.0,3.0,1.0,1.0,1.0,0.0
6113,0.0,0.0,0.0,White,30.45,5,14.0,13.0,0.0,0.0,37.702,48.0,3.0,2.0,1.0,0.0,2.0,1.0,1.0,0.0,0.0,1.0
6114,1.0,0.0,1.0,Black,8.475,4,10.0,12.0,0.0,0.0,54.845,3.0,2.0,2.0,0.0,0.0,1.0,1.0,1.0,0.0,0.0,0.0
6115,0.0,0.0,1.0,White,,4,12.0,10.0,0.0,0.0,,4.0,3.0,3.0,0.0,0.0,5.0,2.0,1.0,0.0,,0.0
6116,0.0,0.0,0.0,Black,-0.15,2,9.0,12.0,0.0,1.0,32.336,3.0,1.0,1.0,1.0,0.0,2.0,1.0,2.0,1.0,0.0,0.0
6117,1.0,0.0,1.0,Black,1.9714,3,14.0,12.0,0.0,1.0,6.762,0.0,2.0,3.0,0.0,2.0,3.0,3.0,2.0,1.0,1.0,0.0
6118,1.0,0.0,0.0,Black,0.175,3,12.0,12.0,1.0,0.0,15.668,0.0,2.0,2.0,0.0,1.0,4.0,4.0,2.0,0.0,,0.0
6119,0.0,0.0,0.0,Black,,3,12.0,12.0,0.0,0.0,2.97,2.0,3.0,4.0,0.0,0.0,4.0,5.0,3.0,0.0,0.0,0.0
6120,1.0,0.0,0.0,Black,,3,10.0,,,,32.772,2.0,2.0,1.0,0.0,1.0,2.0,1.0,1.0,0.0,0.0,0.0
6121,1.0,0.0,0.0,White,2.585,5,12.0,14.0,0.0,0.0,37.416,0.0,2.0,2.0,0.0,0.0,3.0,3.0,2.0,0.0,0.0,0.0
6122,1.0,0.0,1.0,White,2.585,5,12.0,14.0,0.0,0.0,59.77,1.0,1.0,1.0,0.0,0.0,1.0,1.0,1.0,0.0,0.0,0.0
6123,0.0,0.0,0.0,White,2.585,5,12.0,14.0,0.0,,13.853,0.0,1.0,1.0,2.0,0.0,1.0,1.0,1.0,0.0,0.0,0.0
6124,0.0,0.0,1.0,Black,,6,11.0,12.0,0.0,0.0,8.849,2.0,1.0,1.0,0.0,0.0,,5.0,,0.0,0.0,0.0
6125,1.0,0.0,0.0,Black,,6,11.0,12.0,0.0,0.0,0.508,0.0,2.0,2.0,0.0,0.0,3.0,4.0,2.0,0.0,0.0,1.0
6126,0.0,0.0,1.0,White,0.025,5,9.0,12.0,0.0,0.0,56.687,6.0,1.0,1.0,0.0,1.0,2.0,1.0,1.0,0.0,,0.0
6127,1.0,0.0,1.0,White,0.025,5,12.0,12.0,1.0,0.0,55.777,3.0,2.0,4.0,1.0,0.0,2.0,1.0,1.0,1.0,1.0,0.0
6128,1.0,0.0,1.0,White,25.75,4,14.0,12.0,0.0,0.0,71.103,2.0,2.0,4.0,0.0,0.0,3.0,2.0,1.0,0.0,0.0,0.0
6129,0.0,0.0,0.0,White,1.05,2,14.0,12.0,0.0,0.0,,10.0,2.0,2.0,15.0,4.0,2.0,1.0,1.0,1.0,1.0,0.0
6130,0.0,0.0,0.0,White,,2,9.0,8.0,,1.0,,1.0,2.0,2.0,0.0,0.0,4.0,1.0,1.0,0.0,,0.0
6131,0.0,0.0,0.0,Hispanic,,3,16.0,16.0,0.0,0.0,,3.0,1.0,2.0,0.0,0.0,,,,0.0,,0.0
6132,0.0,0.0,1.0,White,10.25,4,14.0,16.0,0.0,0.0,36.787,0.0,2.0,4.0,3.0,0.0,3.0,1.0,1.0,1.0,0.0,0.0
6133,0.0,0.0,0.0,White,-5.9,5,13.0,14.0,0.0,0.0,64.904,0.0,1.0,1.0,0.0,0.0,1.0,1.0,1.0,0.0,0.0,0.0
6134,1.0,0.0,0.0,White,3.975,2,12.0,15.0,0.0,0.0,96.906,0.0,2.0,2.0,,1.0,2.0,1.0,1.0,0.0,0.0,1.0
6135,1.0,0.0,1.0,White,3.755,5,12.0,15.0,0.0,0.0,69.291,4.0,1.0,1.0,0.0,0.0,1.0,1.0,1.0,0.0,0.0,0.0
6136,,,1.0,White,,3,12.0,12.0,,,,,,,,,,,,0.0,,0.0
6137,1.0,0.0,1.0,Hispanic,1.64,3,10.0,6.0,0.0,0.0,38.475,4.0,2.0,2.0,0.0,0.0,2.0,1.0,3.0,0.0,0.0,0.0
6138,0.0,0.0,1.0,White,1.8,5,9.0,12.0,0.0,0.0,16.587,5.0,3.0,3.0,0.0,0.0,5.0,4.0,1.0,0.0,0.0,0.0
6139,1.0,0.0,1.0,White,2.575,4,8.0,,0.0,,89.982,5.0,2.0,2.0,1.0,0.0,4.0,4.0,1.0,0.0,0.0,0.0
6140,0.0,0.0,1.0,White,2.575,4,,,1.0,,20.633,,2.0,1.0,0.0,0.0,2.0,2.0,1.0,1.0,0.0,0.0
6141,1.0,0.0,1.0,Black,10.2,5,13.0,15.0,0.0,0.0,13.673,5.0,3.0,3.0,0.0,0.0,3.0,2.0,1.0,0.0,0.0,0.0
6142,1.0,0.0,1.0,Black,10.2,5,13.0,15.0,0.0,0.0,52.907,7.0,4.0,4.0,0.0,0.0,5.0,3.0,1.0,0.0,0.0,0.0
6143,0.0,0.0,0.0,Black,2.1107,4,,,1.0,0.0,14.812,11.0,2.0,3.0,1.0,2.0,3.0,2.0,2.0,1.0,0.0,1.0
6144,0.0,0.0,1.0,Black,2.1107,4,,,1.0,0.0,3.522,3.0,3.0,3.0,0.0,1.0,3.0,2.0,1.0,0.0,0.0,1.0
6145,0.0,0.0,0.0,White,0.155,6,8.0,12.0,0.0,0.0,,23.0,2.0,3.0,0.0,0.0,4.0,3.0,3.0,0.0,0.0,1.0
6146,0.0,0.0,1.0,White,2.495,7,10.0,12.0,0.0,0.0,,7.0,4.0,4.0,0.0,0.0,4.0,5.0,1.0,0.0,0.0,0.0
6147,0.0,0.0,1.0,Black,,6,11.0,10.0,,,17.588,0.0,2.0,4.0,15.0,0.0,4.0,3.0,1.0,1.0,,0.0
6148,0.0,0.0,1.0,Hispanic,4.39,7,6.0,8.0,0.0,0.0,,5.0,2.0,1.0,0.0,0.0,1.0,1.0,1.0,1.0,0.0,0.0
6149,0.0,0.0,0.0,Black,8.05,3,12.0,,0.0,0.0,34.326,1.0,3.0,2.0,0.0,0.0,1.0,1.0,1.0,1.0,0.0,0.0
6150,1.0,0.0,1.0,White,0.552,6,18.0,18.0,0.0,0.0,57.334,3.0,2.0,2.0,0.0,0.0,2.0,2.0,1.0,0.0,0.0,0.0
6151,0.0,0.0,0.0,White,0.552,6,18.0,18.0,0.0,0.0,89.236,3.0,2.0,2.0,0.0,0.0,2.0,1.0,2.0,0.0,0.0,0.0
6152,1.0,0.0,1.0,White,0.775,4,12.0,12.0,0.0,0.0,48.221,0.0,2.0,3.0,0.0,0.0,1.0,1.0,1.0,0.0,0.0,1.0
6153,1.0,0.0,0.0,White,17.2,3,12.0,14.0,0.0,,40.468,2.0,1.0,2.0,0.0,0.0,3.0,2.0,1.0,0.0,0.0,0.0
6154,0.0,0.0,0.0,White,2.835,2,,,0.0,,,10.0,4.0,4.0,2.0,2.0,3.0,4.0,2.0,0.0,1.0,1.0
6155,1.0,0.0,1.0,Other,43.3,5,13.0,12.0,0.0,,97.717,0.0,2.0,2.0,0.0,0.0,1.0,1.0,1.0,0.0,0.0,0.0
6156,1.0,0.0,1.0,Other,43.3,5,13.0,12.0,0.0,0.0,89.502,0.0,2.0,2.0,0.0,0.0,1.0,1.0,1.0,0.0,0.0,0.0
6157,1.0,0.0,1.0,White,7.275,3,13.0,12.0,0.0,0.0,60.408,2.0,1.0,1.0,1.0,0.0,2.0,3.0,1.0,1.0,0.0,0.0
6158,1.0,0.0,0.0,White,52.75,3,16.0,19.0,0.0,0.0,65.564,1.0,2.0,2.0,0.0,0.0,3.0,2.0,1.0,0.0,0.0,1.0
6159,1.0,0.0,1.0,White,3.95,5,16.0,16.0,0.0,0.0,75.089,2.0,2.0,3.0,0.0,0.0,3.0,3.0,1.0,0.0,0.0,0.0
6160,0.0,0.0,1.0,Black,,3,,,1.0,,28.063,1.0,2.0,2.0,0.0,0.0,3.0,2.0,1.0,0.0,0.0,0.0
6161,0.0,0.0,1.0,Black,,4,,,,1.0,,2.0,2.0,3.0,0.0,0.0,4.0,3.0,1.0,1.0,0.0,1.0
6162,0.0,0.0,1.0,Black,,4,,,,,26.014,1.0,4.0,3.0,0.0,0.0,2.0,5.0,1.0,0.0,,0.0
6163,0.0,0.0,0.0,Black,,4,,,,1.0,9.466,7.0,1.0,1.0,0.0,2.0,3.0,1.0,2.0,0.0,0.0,0.0
6164,1.0,0.0,1.0,Black,0.335,3,,,0.0,0.0,41.453,14.0,2.0,2.0,0.0,0.0,3.0,1.0,1.0,0.0,0.0,0.0
6165,1.0,0.0,0.0,Black,1.73,4,12.0,12.0,0.0,0.0,13.986,2.0,2.0,2.0,0.0,0.0,1.0,1.0,1.0,0.0,0.0,0.0
6166,0.0,0.0,1.0,Black,1.73,4,12.0,12.0,0.0,1.0,13.225,8.0,3.0,3.0,1.0,1.0,3.0,4.0,2.0,0.0,0.0,1.0
6167,0.0,1.0,1.0,White,1.73,4,12.0,12.0,0.0,0.0,11.393,0.0,4.0,3.0,1.0,6.0,2.0,2.0,1.0,0.0,0.0,1.0
6168,0.0,0.0,1.0,White,-0.38,9,,,0.0,0.0,12.016,8.0,2.0,3.0,3.0,0.0,4.0,4.0,3.0,1.0,1.0,0.0
6169,0.0,1.0,1.0,White,-0.38,9,,,0.0,,74.61,40.0,4.0,3.0,0.0,15.0,4.0,4.0,4.0,1.0,0.0,1.0
6170,0.0,0.0,1.0,White,-0.38,9,,,0.0,,39.53,8.0,2.0,3.0,0.0,0.0,3.0,4.0,1.0,0.0,1.0,0.0
6171,1.0,0.0,1.0,White,-0.38,9,,,0.0,1.0,5.597,8.0,2.0,3.0,15.0,0.0,1.0,1.0,1.0,0.0,0.0,0.0
6172,0.0,,0.0,Black,0.375,3,11.0,,1.0,,,4.0,2.0,2.0,0.0,0.0,5.0,3.0,1.0,0.0,,0.0
6173,0.0,0.0,1.0,White,12.15,4,13.0,12.0,0.0,,65.446,12.0,2.0,2.0,0.0,0.0,2.0,1.0,1.0,0.0,0.0,0.0
6174,0.0,0.0,0.0,White,-0.44,5,12.0,10.0,0.0,0.0,58.721,3.0,2.0,2.0,0.0,0.0,1.0,1.0,1.0,0.0,0.0,1.0
6175,1.0,0.0,1.0,White,4.01,4,12.0,13.0,0.0,0.0,90.844,2.0,1.0,1.0,0.0,0.0,1.0,1.0,1.0,0.0,0.0,0.0
6176,0.0,0.0,0.0,White,-1.84,2,12.0,6.0,1.0,,,10.0,2.0,2.0,7.0,2.0,2.0,3.0,1.0,0.0,1.0,0.0
6177,0.0,0.0,1.0,White,-0.45,3,10.0,11.0,0.0,,12.505,0.0,2.0,1.0,0.0,0.0,1.0,1.0,1.0,0.0,,1.0
6178,1.0,0.0,1.0,White,34.315,3,15.0,12.0,0.0,0.0,38.696,3.0,2.0,3.0,0.0,0.0,4.0,3.0,3.0,0.0,,1.0
6179,0.0,0.0,1.0,White,4.39,3,,11.0,0.0,,65.828,0.0,2.0,3.0,1.0,0.0,1.0,1.0,1.0,0.0,0.0,0.0
6180,0.0,0.0,1.0,Black,3.61,2,12.0,11.0,0.0,1.0,43.517,3.0,1.0,4.0,0.0,1.0,1.0,1.0,1.0,0.0,0.0,0.0
6181,1.0,0.0,0.0,White,4.89,5,14.0,13.0,0.0,0.0,92.771,5.0,2.0,3.0,0.0,0.0,2.0,1.0,,0.0,0.0,0.0
6182,0.0,0.0,0.0,White,,3,12.0,12.0,0.0,0.0,16.941,,4.0,3.0,,,1.0,1.0,1.0,1.0,0.0,0.0
6183,0.0,0.0,1.0,White,19.275,4,12.0,12.0,0.0,0.0,86.683,0.0,1.0,2.0,0.0,0.0,2.0,1.0,1.0,0.0,,0.0
6184,1.0,0.0,0.0,White,4.965,4,12.0,8.0,1.0,,26.197,8.0,2.0,2.0,0.0,0.0,3.0,3.0,2.0,0.0,0.0,0.0
6185,0.0,0.0,0.0,White,,4,12.0,8.0,,,37.704,3.0,3.0,3.0,5.0,0.0,3.0,,3.0,0.0,0.0,0.0
6186,0.0,0.0,1.0,White,,3,12.0,13.0,0.0,0.0,90.937,6.0,1.0,1.0,0.0,0.0,1.0,1.0,1.0,0.0,1.0,0.0
6187,0.0,0.0,0.0,White,7.075,4,12.0,12.0,0.0,0.0,59.149,11.0,2.0,2.0,0.0,0.0,3.0,2.0,2.0,0.0,0.0,0.0
6188,0.0,0.0,1.0,White,,7,,,0.0,0.0,76.978,35.0,3.0,4.0,0.0,0.0,3.0,3.0,2.0,0.0,0.0,0.0
6189,0.0,0.0,1.0,White,-0.855,6,12.0,,0.0,,47.942,12.0,2.0,1.0,1.0,0.0,5.0,4.0,1.0,0.0,0.0,0.0
6190,1.0,0.0,1.0,White,60.0,5,16.0,16.0,0.0,0.0,67.652,0.0,2.0,2.0,0.0,0.0,4.0,3.0,1.0,0.0,0.0,0.0
6191,0.0,0.0,0.0,White,,4,12.0,12.0,0.0,0.0,88.865,3.0,2.0,4.0,30.0,2.0,4.0,2.0,1.0,1.0,1.0,0.0
6192,0.0,0.0,0.0,White,,4,12.0,12.0,0.0,,88.15,3.0,2.0,3.0,70.0,1.0,2.0,2.0,1.0,1.0,1.0,1.0
6193,0.0,0.0,0.0,White,1.08,6,10.0,,0.0,1.0,35.276,,2.0,2.0,,,4.0,4.0,1.0,1.0,0.0,0.0
6194,0.0,0.0,1.0,Other,1.08,6,10.0,,0.0,0.0,25.187,11.0,2.0,4.0,3.0,10.0,4.0,1.0,1.0,1.0,0.0,1.0
6195,0.0,1.0,0.0,White,5.285,5,12.0,12.0,0.0,,24.033,,2.0,2.0,0.0,0.0,4.0,3.0,1.0,0.0,0.0,0.0
6196,0.0,0.0,0.0,White,5.285,5,12.0,12.0,0.0,0.0,1.527,,2.0,2.0,0.0,0.0,1.0,1.0,1.0,0.0,,0.0
6197,0.0,0.0,1.0,White,5.375,4,12.0,6.0,0.0,0.0,12.231,5.0,2.0,2.0,0.0,0.0,1.0,1.0,1.0,0.0,0.0,0.0
6198,0.0,0.0,1.0,White,5.375,4,12.0,6.0,0.0,0.0,16.693,5.0,1.0,2.0,0.0,0.0,1.0,1.0,1.0,0.0,0.0,0.0
6199,0.0,0.0,1.0,White,5.54,4,12.0,11.0,0.0,0.0,66.975,16.0,3.0,3.0,0.0,0.0,4.0,4.0,,0.0,0.0,0.0
6200,0.0,0.0,0.0,White,0.6512,4,,,0.0,0.0,58.957,6.0,3.0,3.0,0.0,0.0,5.0,3.0,1.0,,0.0,0.0
6201,1.0,0.0,1.0,White,0.515,5,12.0,14.0,0.0,0.0,69.833,3.0,2.0,3.0,0.0,0.0,4.0,3.0,1.0,1.0,0.0,0.0
6202,0.0,0.0,1.0,White,0.515,5,12.0,14.0,0.0,,57.237,1.0,2.0,2.0,0.0,0.0,,1.0,1.0,0.0,0.0,0.0
6203,0.0,0.0,1.0,White,,3,11.0,12.0,0.0,,,,2.0,2.0,99.0,2.0,,,1.0,1.0,1.0,1.0
6204,1.0,0.0,0.0,Black,,7,12.0,,0.0,0.0,89.18,1.0,2.0,1.0,0.0,0.0,1.0,1.0,1.0,0.0,1.0,0.0
6205,0.0,0.0,0.0,Black,,7,,12.0,,,9.811,1.0,2.0,2.0,0.0,0.0,2.0,2.0,1.0,0.0,,0.0
6206,0.0,0.0,0.0,Black,,7,12.0,,0.0,0.0,21.379,0.0,2.0,1.0,0.0,0.0,1.0,1.0,1.0,0.0,0.0,0.0
6207,0.0,0.0,0.0,Black,,7,,12.0,,,18.186,0.0,2.0,2.0,0.0,1.0,1.0,1.0,1.0,0.0,0.0,1.0
6208,0.0,0.0,1.0,White,0.375,3,12.0,,0.0,0.0,50.897,1.0,2.0,2.0,0.0,0.0,2.0,3.0,2.0,1.0,1.0,1.0
6209,0.0,0.0,1.0,Black,,10,12.0,,,0.0,2.547,0.0,1.0,1.0,0.0,1.0,4.0,5.0,1.0,0.0,,0.0
6210,1.0,0.0,0.0,White,2.635,5,12.0,12.0,0.0,0.0,66.165,14.0,2.0,2.0,0.0,0.0,3.0,1.0,1.0,0.0,0.0,0.0
6211,1.0,0.0,1.0,Black,,3,12.0,,,,19.964,,2.0,3.0,2.0,0.0,1.0,1.0,1.0,0.0,0.0,0.0
6212,1.0,0.0,1.0,White,0.625,5,,,0.0,0.0,88.121,,2.0,2.0,0.0,0.0,3.0,4.0,1.0,0.0,,0.0
6213,0.0,0.0,0.0,White,0.625,5,,,0.0,0.0,56.638,6.0,2.0,3.0,3.0,2.0,2.0,1.0,3.0,1.0,0.0,0.0
6214,1.0,0.0,0.0,Black,,3,12.0,,0.0,0.0,45.016,6.0,2.0,2.0,0.0,0.0,2.0,3.0,1.0,0.0,1.0,0.0
6215,0.0,0.0,0.0,Black,,3,12.0,,0.0,,84.22,1.0,2.0,2.0,1.0,0.0,4.0,1.0,1.0,0.0,0.0,0.0
6216,0.0,0.0,0.0,Black,8.925,3,,12.0,0.0,0.0,5.686,3.0,3.0,3.0,0.0,0.0,3.0,1.0,1.0,0.0,0.0,0.0
6217,0.0,0.0,1.0,White,,5,12.0,12.0,0.0,0.0,1.731,20.0,3.0,2.0,0.0,1.0,3.0,3.0,,,0.0,0.0
6218,0.0,0.0,0.0,White,,5,12.0,12.0,0.0,0.0,9.486,,2.0,2.0,0.0,0.0,5.0,2.0,2.0,,0.0,0.0
6219,0.0,0.0,0.0,White,,5,12.0,12.0,0.0,,4.588,15.0,2.0,3.0,0.0,1.0,4.0,2.0,1.0,,0.0,1.0
6220,1.0,0.0,0.0,White,10.215,3,12.0,14.0,0.0,,44.534,12.0,2.0,2.0,0.0,0.0,3.0,1.0,1.0,0.0,0.0,0.0
6221,1.0,0.0,1.0,Black,10.215,3,12.0,14.0,0.0,0.0,66.251,6.0,2.0,2.0,0.0,0.0,3.0,2.0,1.0,0.0,0.0,0.0
6222,0.0,0.0,0.0,White,2.3375,4,12.0,12.0,0.0,0.0,,,2.0,2.0,0.0,0.0,3.0,3.0,1.0,0.0,,0.0
6223,1.0,0.0,0.0,Black,7.775,4,14.0,12.0,0.0,0.0,62.24,8.0,2.0,3.0,0.0,0.0,1.0,1.0,1.0,0.0,0.0,0.0
6224,1.0,0.0,0.0,Black,1.05,4,12.0,12.0,0.0,0.0,29.817,2.0,3.0,3.0,0.0,0.0,5.0,4.0,1.0,0.0,,0.0
6225,0.0,0.0,1.0,Black,1.05,4,12.0,12.0,0.0,0.0,12.181,2.0,3.0,2.0,0.0,0.0,2.0,3.0,1.0,0.0,,0.0
6226,1.0,0.0,1.0,White,1.19,4,12.0,11.0,0.0,0.0,58.44,0.0,1.0,2.0,0.0,0.0,3.0,2.0,2.0,0.0,0.0,0.0
6227,0.0,1.0,1.0,White,13.65,3,12.0,12.0,0.0,0.0,57.5,3.0,2.0,4.0,19.0,0.0,4.0,4.0,1.0,0.0,1.0,0.0
6228,0.0,0.0,1.0,White,,6,11.0,11.0,,0.0,,16.0,1.0,2.0,1.0,1.0,1.0,1.0,1.0,0.0,,0.0
6229,1.0,0.0,0.0,Black,,5,15.0,,0.0,0.0,37.216,2.0,1.0,2.0,0.0,0.0,3.0,3.0,1.0,0.0,0.0,0.0
6230,1.0,0.0,0.0,Black,,5,,12.0,0.0,0.0,75.587,5.0,1.0,4.0,0.0,1.0,4.0,1.0,1.0,1.0,0.0,0.0
6231,0.0,0.0,0.0,Black,,4,12.0,,0.0,0.0,37.202,4.0,2.0,2.0,0.0,0.0,1.0,4.0,1.0,0.0,0.0,0.0
6232,0.0,0.0,1.0,White,1.235,4,12.0,12.0,0.0,,2.09,,3.0,3.0,0.0,0.0,4.0,3.0,2.0,0.0,0.0,0.0
6233,0.0,0.0,1.0,White,1.235,4,12.0,,0.0,0.0,12.037,14.0,3.0,2.0,0.0,0.0,1.0,1.0,1.0,1.0,0.0,0.0
6234,1.0,0.0,0.0,Black,,4,16.0,14.0,0.0,,77.618,6.0,2.0,2.0,0.0,2.0,2.0,1.0,1.0,0.0,0.0,0.0
6235,0.0,1.0,1.0,Black,1.76,4,12.0,11.0,0.0,0.0,12.677,5.0,2.0,2.0,0.0,2.0,1.0,1.0,1.0,1.0,,0.0
6236,0.0,0.0,0.0,Black,-0.375,5,14.0,,0.0,0.0,17.395,2.0,2.0,4.0,0.0,0.0,3.0,2.0,1.0,0.0,0.0,0.0
6237,1.0,0.0,0.0,Black,-0.375,5,14.0,,0.0,0.0,68.115,,2.0,1.0,0.0,0.0,3.0,3.0,1.0,0.0,0.0,0.0
6238,0.0,0.0,0.0,White,-0.774,3,12.0,14.0,0.0,0.0,83.242,3.0,2.0,4.0,15.0,0.0,3.0,4.0,1.0,1.0,0.0,0.0
6239,1.0,1.0,1.0,White,21.5,4,,,0.0,0.0,80.364,3.0,1.0,1.0,0.0,0.0,1.0,1.0,1.0,0.0,0.0,1.0
6240,1.0,0.0,0.0,White,47.57,4,16.0,20.0,0.0,0.0,86.81,6.0,2.0,3.0,0.0,0.0,2.0,3.0,1.0,0.0,0.0,0.0
6241,1.0,1.0,1.0,White,47.57,4,16.0,20.0,0.0,0.0,95.397,5.0,1.0,2.0,0.0,0.0,2.0,2.0,1.0,0.0,0.0,0.0
6242,1.0,0.0,1.0,White,3.47,2,16.0,16.0,0.0,0.0,,7.0,2.0,2.0,0.0,0.0,4.0,2.0,1.0,0.0,0.0,0.0
6243,1.0,0.0,1.0,White,,5,16.0,16.0,0.0,0.0,60.056,3.0,2.0,3.0,0.0,0.0,2.0,4.0,2.0,0.0,0.0,0.0
6244,1.0,0.0,1.0,White,,5,16.0,16.0,0.0,0.0,63.866,3.0,2.0,3.0,0.0,0.0,3.0,3.0,,0.0,0.0,0.0
6245,1.0,0.0,0.0,White,18.15,4,20.0,20.0,0.0,0.0,91.283,5.0,2.0,2.0,0.0,0.0,1.0,1.0,1.0,0.0,0.0,0.0
6246,1.0,0.0,1.0,White,18.65,2,,16.0,0.0,0.0,51.648,8.0,2.0,1.0,0.0,0.0,3.0,4.0,1.0,0.0,0.0,1.0
6247,1.0,0.0,0.0,Hispanic,5.11,4,12.0,8.0,0.0,,24.559,10.0,2.0,2.0,5.0,4.0,4.0,4.0,2.0,0.0,0.0,1.0
6248,1.0,0.0,0.0,White,4.05,2,18.0,18.0,0.0,0.0,86.317,1.0,2.0,2.0,0.0,0.0,2.0,1.0,1.0,0.0,0.0,0.0
6249,0.0,0.0,1.0,White,26.75,3,18.0,20.0,0.0,,99.558,3.0,2.0,2.0,0.0,0.0,1.0,1.0,,0.0,0.0,0.0
6250,1.0,0.0,0.0,White,18.85,4,18.0,17.0,1.0,,87.545,1.0,2.0,2.0,0.0,0.0,2.0,1.0,1.0,0.0,0.0,0.0
6251,0.0,0.0,0.0,Other,10.825,3,16.0,17.0,0.0,0.0,35.874,8.0,2.0,2.0,0.0,0.0,1.0,1.0,1.0,0.0,0.0,1.0
6252,1.0,0.0,0.0,White,24.925,7,14.0,20.0,0.0,0.0,92.548,4.0,1.0,1.0,0.0,0.0,1.0,1.0,1.0,0.0,0.0,0.0
6253,0.0,0.0,1.0,White,38.8801,4,13.0,15.0,0.0,0.0,,2.0,1.0,2.0,0.0,0.0,1.0,,,0.0,0.0,0.0
6254,0.0,0.0,0.0,White,15.15,4,18.0,14.0,0.0,0.0,4.742,9.0,2.0,2.0,0.0,0.0,3.0,2.0,2.0,,0.0,1.0
6255,1.0,0.0,1.0,Other,7.29,3,,,0.0,0.0,,5.0,2.0,2.0,0.0,0.0,1.0,1.0,1.0,0.0,0.0,0.0
6256,0.0,0.0,0.0,White,0.555,3,18.0,12.0,0.0,,78.405,12.0,2.0,3.0,0.0,0.0,4.0,3.0,1.0,0.0,,0.0
6257,0.0,0.0,0.0,White,0.555,3,18.0,12.0,0.0,,12.956,,2.0,2.0,0.0,0.0,4.0,1.0,1.0,0.0,,1.0
6258,1.0,0.0,1.0,White,,4,14.0,16.0,0.0,,64.187,3.0,2.0,3.0,0.0,0.0,3.0,3.0,1.0,0.0,0.0,0.0
6259,1.0,0.0,1.0,White,,4,20.0,20.0,0.0,0.0,87.645,0.0,2.0,2.0,0.0,0.0,1.0,1.0,1.0,0.0,0.0,0.0
6260,1.0,0.0,1.0,White,52.75,5,18.0,18.0,0.0,0.0,54.536,3.0,2.0,2.0,0.0,0.0,2.0,2.0,1.0,,0.0,0.0
6261,1.0,0.0,0.0,White,,4,16.0,16.0,0.0,0.0,90.491,20.0,2.0,2.0,0.0,0.0,2.0,2.0,1.0,0.0,0.0,1.0
6262,1.0,0.0,1.0,White,,4,16.0,16.0,0.0,0.0,43.373,1.0,2.0,2.0,0.0,0.0,2.0,1.0,1.0,0.0,0.0,0.0
6263,1.0,0.0,0.0,White,,4,20.0,20.0,0.0,0.0,94.485,3.0,2.0,2.0,0.0,0.0,1.0,1.0,2.0,1.0,0.0,0.0
6264,1.0,1.0,0.0,Hispanic,,5,12.0,,0.0,0.0,,8.0,1.0,1.0,0.0,0.0,1.0,1.0,1.0,0.0,1.0,0.0
6265,0.0,0.0,1.0,Hispanic,,5,12.0,,0.0,,,7.0,2.0,2.0,0.0,0.0,1.0,1.0,1.0,0.0,,0.0
6266,0.0,0.0,1.0,White,,5,12.0,16.0,0.0,0.0,,10.0,2.0,3.0,0.0,0.0,2.0,3.0,2.0,0.0,0.0,0.0
6267,1.0,0.0,0.0,White,,5,12.0,16.0,0.0,,,2.0,2.0,2.0,2.0,0.0,4.0,2.0,3.0,0.0,0.0,0.0
6268,1.0,0.0,1.0,White,,5,12.0,16.0,0.0,,,2.0,2.0,2.0,0.0,0.0,3.0,1.0,2.0,0.0,0.0,0.0
6269,0.0,0.0,1.0,White,55.5001,3,,,0.0,0.0,18.219,10.0,3.0,4.0,1.0,0.0,5.0,3.0,3.0,0.0,0.0,0.0
6270,1.0,0.0,1.0,Asian,17.6001,3,16.0,20.0,0.0,,,3.0,2.0,3.0,0.0,0.0,2.0,2.0,1.0,0.0,0.0,0.0
6271,1.0,1.0,1.0,White,13.75,4,18.0,13.0,0.0,0.0,63.15,4.0,2.0,2.0,0.0,0.0,3.0,2.0,1.0,0.0,0.0,0.0
6272,1.0,1.0,0.0,White,13.75,4,18.0,13.0,0.0,0.0,61.059,5.0,2.0,2.0,2.0,0.0,1.0,1.0,1.0,0.0,0.0,0.0
6273,1.0,0.0,0.0,White,55.97,3,18.0,13.0,0.0,0.0,,6.0,2.0,3.0,0.0,0.0,3.0,3.0,1.0,0.0,0.0,0.0
6274,1.0,0.0,0.0,White,51.35,5,19.0,20.0,0.0,0.0,85.565,3.0,1.0,2.0,0.0,1.0,1.0,1.0,1.0,0.0,0.0,0.0
6275,1.0,0.0,1.0,White,,4,17.0,14.0,0.0,0.0,72.541,8.0,1.0,2.0,0.0,0.0,3.0,4.0,1.0,0.0,0.0,1.0
6276,0.0,0.0,0.0,White,3.325,3,14.0,14.0,1.0,0.0,17.877,3.0,2.0,2.0,0.0,0.0,4.0,1.0,1.0,0.0,0.0,0.0
6277,1.0,0.0,1.0,White,3.81,3,17.0,18.0,0.0,0.0,90.631,10.0,2.0,1.0,0.0,0.0,1.0,1.0,1.0,0.0,0.0,0.0
6278,0.0,0.0,1.0,Other,19.9,7,14.0,12.0,0.0,1.0,66.636,2.0,2.0,2.0,0.0,0.0,2.0,1.0,2.0,0.0,,1.0
6279,1.0,0.0,1.0,Hispanic,9.65,4,14.0,15.0,0.0,,,5.0,2.0,2.0,0.0,0.0,1.0,1.0,1.0,0.0,0.0,0.0
6280,0.0,0.0,1.0,White,0.935,4,18.0,16.0,0.0,0.0,8.115,20.0,1.0,2.0,0.0,0.0,4.0,5.0,1.0,0.0,0.0,1.0
6281,0.0,0.0,1.0,Other,,3,14.0,14.0,0.0,0.0,13.948,3.0,2.0,2.0,0.0,0.0,3.0,3.0,1.0,0.0,0.0,0.0
6282,0.0,0.0,0.0,Hispanic,0.075,3,12.0,12.0,0.0,,14.028,7.0,2.0,2.0,1.0,1.0,3.0,1.0,1.0,0.0,0.0,0.0
6283,1.0,0.0,0.0,Hispanic,0.075,3,12.0,12.0,0.0,,30.203,4.0,2.0,1.0,0.0,0.0,1.0,1.0,1.0,0.0,0.0,1.0
6284,1.0,,1.0,White,,7,12.0,,,,,12.0,2.0,2.0,0.0,0.0,2.0,3.0,1.0,0.0,,0.0
6285,0.0,,0.0,White,,7,12.0,,,,,8.0,2.0,1.0,0.0,0.0,2.0,1.0,1.0,0.0,,0.0
6286,0.0,0.0,0.0,White,15.645,5,12.0,12.0,0.0,0.0,69.579,7.0,2.0,2.0,0.0,0.0,2.0,2.0,1.0,0.0,0.0,0.0
6287,1.0,0.0,1.0,White,,3,,16.0,1.0,0.0,86.253,2.0,2.0,2.0,1.0,0.0,2.0,2.0,1.0,1.0,1.0,0.0
6288,0.0,0.0,0.0,White,4.47,6,11.0,,0.0,0.0,,0.0,3.0,3.0,0.0,1.0,3.0,4.0,1.0,0.0,,1.0
6289,0.0,0.0,1.0,White,4.47,6,11.0,,0.0,0.0,,7.0,2.0,2.0,0.0,0.0,2.0,2.0,1.0,0.0,,0.0
6290,1.0,0.0,1.0,White,43.02,4,,,0.0,0.0,40.844,,3.0,4.0,0.0,0.0,2.0,3.0,1.0,0.0,1.0,1.0
6291,1.0,0.0,1.0,White,2.25,3,16.0,12.0,0.0,0.0,77.561,1.0,2.0,2.0,0.0,0.0,2.0,,2.0,0.0,0.0,0.0
6292,1.0,0.0,0.0,Other,,8,12.0,12.0,0.0,0.0,26.158,5.0,2.0,2.0,0.0,0.0,2.0,2.0,1.0,1.0,1.0,0.0
6293,1.0,1.0,0.0,Other,0.675,4,13.0,,0.0,0.0,45.853,5.0,2.0,3.0,0.0,0.0,3.0,1.0,2.0,1.0,1.0,0.0
6294,1.0,0.0,1.0,Other,0.675,4,13.0,12.0,0.0,0.0,48.453,5.0,2.0,2.0,0.0,0.0,2.0,1.0,,0.0,0.0,0.0
6295,1.0,0.0,1.0,Other,-0.9,6,9.0,16.0,0.0,0.0,48.653,3.0,2.0,2.0,0.0,0.0,2.0,2.0,1.0,0.0,0.0,0.0
6296,0.0,0.0,0.0,Other,6.36,3,12.0,12.0,0.0,,38.571,3.0,2.0,2.0,0.0,2.0,1.0,,1.0,0.0,0.0,0.0
6297,1.0,0.0,0.0,Other,,2,11.0,,,,18.831,2.0,2.0,2.0,0.0,0.0,3.0,1.0,1.0,1.0,0.0,0.0
6298,0.0,0.0,0.0,Other,46.1002,4,11.0,11.0,0.0,0.0,16.092,7.0,2.0,2.0,0.0,0.0,3.0,3.0,2.0,1.0,,0.0
6299,0.0,0.0,1.0,White,8.4101,4,12.0,14.0,0.0,0.0,,3.0,1.0,2.0,2.0,0.0,3.0,4.0,1.0,1.0,0.0,0.0
6300,,,1.0,White,8.4101,4,12.0,14.0,0.0,,,25.0,2.0,2.0,35.0,1.0,4.0,4.0,4.0,1.0,,0.0
6301,0.0,0.0,1.0,White,0.19,2,18.0,12.0,0.0,,95.602,4.0,1.0,2.0,0.0,0.0,1.0,1.0,1.0,1.0,0.0,0.0
6302,0.0,0.0,0.0,White,8.25,3,12.0,12.0,0.0,,25.84,10.0,2.0,2.0,1.0,2.0,3.0,3.0,2.0,0.0,1.0,0.0
6303,1.0,0.0,0.0,White,26.75,4,12.0,12.0,0.0,0.0,29.038,5.0,2.0,4.0,20.0,0.0,3.0,4.0,3.0,1.0,0.0,1.0
6304,0.0,0.0,1.0,White,26.75,4,12.0,12.0,0.0,0.0,6.578,1.0,2.0,3.0,2.0,0.0,1.0,1.0,1.0,1.0,0.0,0.0
6305,0.0,0.0,1.0,White,0.17,3,16.0,10.0,1.0,0.0,43.803,5.0,2.0,2.0,0.0,1.0,2.0,3.0,2.0,1.0,0.0,0.0
6306,0.0,0.0,1.0,White,0.751,2,12.0,,1.0,0.0,6.033,4.0,2.0,1.0,0.0,0.0,1.0,1.0,1.0,0.0,0.0,0.0
6307,0.0,0.0,0.0,White,2.15,2,12.0,,0.0,1.0,,15.0,3.0,2.0,0.0,0.0,5.0,5.0,1.0,0.0,0.0,0.0
6308,1.0,0.0,1.0,White,19.2,2,16.0,18.0,0.0,,98.184,,2.0,2.0,0.0,0.0,2.0,3.0,1.0,0.0,,0.0
6309,1.0,0.0,0.0,White,,8,14.0,16.0,0.0,0.0,88.353,4.0,2.0,2.0,0.0,0.0,2.0,2.0,1.0,1.0,0.0,0.0
6310,1.0,0.0,1.0,White,,8,14.0,16.0,0.0,0.0,47.11,2.0,2.0,1.0,0.0,0.0,1.0,1.0,1.0,0.0,0.0,0.0
6311,0.0,0.0,0.0,White,,4,16.0,12.0,0.0,0.0,45.918,14.0,2.0,2.0,0.0,0.0,4.0,1.0,3.0,0.0,0.0,1.0
6312,1.0,0.0,1.0,White,12.55,9,16.0,12.0,0.0,0.0,16.132,0.0,2.0,2.0,0.0,0.0,4.0,3.0,3.0,1.0,0.0,0.0
6313,1.0,0.0,1.0,White,,9,14.0,16.0,0.0,0.0,67.39,0.0,2.0,1.0,0.0,0.0,4.0,3.0,2.0,0.0,0.0,0.0
6314,0.0,0.0,0.0,White,,9,,16.0,0.0,0.0,49.481,0.0,2.0,2.0,0.0,0.0,3.0,3.0,1.0,0.0,0.0,0.0
6315,1.0,0.0,1.0,White,12.55,9,16.0,12.0,0.0,0.0,39.813,8.0,1.0,1.0,0.0,0.0,1.0,1.0,1.0,0.0,0.0,0.0
6316,1.0,0.0,0.0,White,12.8,6,16.0,12.0,0.0,0.0,84.09,7.0,2.0,2.0,0.0,0.0,2.0,2.0,1.0,0.0,0.0,0.0
6317,1.0,0.0,0.0,White,8.7,5,14.0,14.0,0.0,0.0,37.28,0.0,2.0,2.0,0.0,0.0,4.0,4.0,2.0,0.0,0.0,1.0
6318,1.0,1.0,0.0,White,8.7,5,14.0,14.0,0.0,0.0,88.671,0.0,2.0,2.0,0.0,0.0,4.0,4.0,2.0,1.0,0.0,0.0
6319,1.0,0.0,1.0,White,9.55,4,12.0,13.0,0.0,0.0,98.12,0.0,2.0,1.0,5.0,0.0,3.0,1.0,1.0,0.0,,0.0
6320,0.0,0.0,0.0,White,4.2715,6,12.0,12.0,0.0,0.0,19.366,0.0,2.0,2.0,0.0,0.0,4.0,,,0.0,0.0,0.0
6321,0.0,0.0,0.0,White,4.07,6,11.0,,,0.0,30.31,10.0,1.0,2.0,0.0,0.0,1.0,1.0,1.0,0.0,1.0,0.0
6322,0.0,0.0,1.0,White,0.4,3,15.0,12.0,0.0,,8.597,4.0,2.0,2.0,0.0,0.0,3.0,2.0,2.0,0.0,,0.0
6323,1.0,0.0,1.0,White,0.4,3,15.0,12.0,0.0,,51.788,10.0,2.0,2.0,0.0,0.0,3.0,2.0,2.0,0.0,,0.0
6324,1.0,0.0,0.0,White,,4,17.0,20.0,,0.0,78.513,3.0,2.0,2.0,3.0,0.0,1.0,3.0,1.0,1.0,,0.0
6325,1.0,0.0,0.0,White,,4,17.0,20.0,,0.0,66.515,2.0,1.0,2.0,0.0,0.0,1.0,1.0,1.0,0.0,0.0,0.0
6326,0.0,0.0,0.0,White,-0.8525,2,12.0,16.0,0.0,,38.102,3.0,2.0,1.0,0.0,0.0,1.0,2.0,1.0,0.0,0.0,1.0
6327,1.0,0.0,0.0,White,55.35,4,16.0,18.0,0.0,0.0,80.845,10.0,1.0,2.0,0.0,0.0,2.0,4.0,1.0,0.0,0.0,1.0
6328,1.0,0.0,1.0,White,32.95,5,18.0,19.0,0.0,0.0,,1.0,2.0,3.0,0.0,0.0,2.0,3.0,1.0,0.0,0.0,0.0
6329,1.0,,1.0,White,7.86,3,14.0,12.0,1.0,0.0,90.799,4.0,2.0,1.0,0.0,0.0,1.0,1.0,1.0,1.0,0.0,0.0
6330,1.0,0.0,1.0,White,27.5001,3,14.0,20.0,0.0,0.0,84.708,5.0,2.0,2.0,0.0,0.0,1.0,1.0,1.0,0.0,0.0,0.0
6331,1.0,0.0,0.0,Hispanic,60.0,6,18.0,19.0,0.0,0.0,48.652,6.0,2.0,2.0,0.0,0.0,4.0,2.0,1.0,0.0,0.0,0.0
6332,0.0,0.0,0.0,White,12.15,5,12.0,12.0,0.0,0.0,91.74,4.0,1.0,2.0,0.0,0.0,3.0,4.0,1.0,0.0,0.0,0.0
6333,1.0,0.0,1.0,White,6.15,4,16.0,16.0,0.0,0.0,95.526,7.0,2.0,3.0,0.0,0.0,1.0,2.0,1.0,0.0,0.0,0.0
6334,1.0,0.0,0.0,White,,5,16.0,20.0,0.0,0.0,,6.0,2.0,2.0,2.0,1.0,3.0,4.0,1.0,0.0,0.0,0.0
6335,1.0,0.0,1.0,White,,5,16.0,20.0,0.0,0.0,,3.0,1.0,1.0,0.0,0.0,1.0,1.0,1.0,0.0,0.0,0.0
6336,1.0,0.0,1.0,White,13.11,3,10.0,14.0,0.0,0.0,89.348,8.0,1.0,2.0,0.0,0.0,1.0,1.0,1.0,0.0,0.0,0.0
6337,0.0,0.0,0.0,White,,3,12.0,12.0,0.0,,,1.0,3.0,3.0,8.0,1.0,4.0,5.0,2.0,1.0,,1.0
6338,1.0,0.0,0.0,White,3.825,3,18.0,16.0,0.0,,19.694,4.0,3.0,3.0,3.0,0.0,,,,1.0,0.0,1.0
6339,0.0,0.0,1.0,White,16.55,4,12.0,,0.0,0.0,1.863,10.0,2.0,2.0,0.0,0.0,1.0,1.0,1.0,0.0,0.0,1.0
6340,1.0,0.0,0.0,White,-3.09,4,18.0,14.0,0.0,0.0,59.492,0.0,1.0,2.0,0.0,0.0,2.0,2.0,1.0,1.0,1.0,0.0
6341,1.0,0.0,1.0,White,13.48,4,15.0,13.0,0.0,0.0,92.791,0.0,1.0,1.0,0.0,0.0,1.0,1.0,1.0,1.0,0.0,0.0
6342,0.0,0.0,0.0,White,2.325,4,19.0,,1.0,,,9.0,2.0,2.0,0.0,0.0,,2.0,1.0,0.0,1.0,0.0
6343,0.0,0.0,0.0,White,2.325,4,19.0,,1.0,0.0,,8.0,1.0,2.0,0.0,0.0,4.0,1.0,1.0,0.0,0.0,0.0
6344,1.0,0.0,0.0,White,-0.9975,3,16.0,14.0,0.0,1.0,54.396,5.0,2.0,2.0,0.0,0.0,1.0,1.0,1.0,0.0,1.0,1.0
6345,0.0,0.0,1.0,White,2.838,4,12.0,16.0,0.0,0.0,66.341,,2.0,3.0,,,2.0,1.0,2.0,0.0,0.0,0.0
6346,1.0,0.0,1.0,White,11.15,4,12.0,12.0,0.0,0.0,31.333,0.0,2.0,3.0,2.0,0.0,5.0,2.0,1.0,1.0,0.0,0.0
6347,0.0,0.0,0.0,White,1.215,5,12.0,14.0,0.0,0.0,67.477,0.0,2.0,1.0,0.0,0.0,1.0,1.0,1.0,0.0,0.0,0.0
6348,0.0,0.0,0.0,White,5.1,2,14.0,14.0,0.0,,33.303,5.0,3.0,4.0,0.0,0.0,5.0,5.0,1.0,0.0,,0.0
6351,1.0,0.0,1.0,White,18.725,5,16.0,16.0,0.0,0.0,79.018,3.0,2.0,2.0,0.0,0.0,3.0,2.0,1.0,0.0,0.0,0.0
6352,1.0,0.0,0.0,White,18.725,5,16.0,16.0,0.0,,63.756,8.0,1.0,1.0,0.0,0.0,1.0,1.0,1.0,0.0,0.0,0.0
6353,0.0,0.0,0.0,White,0.0775,3,14.0,18.0,0.0,,15.953,1.0,2.0,2.0,0.0,0.0,1.0,1.0,1.0,0.0,,0.0
6354,1.0,0.0,0.0,White,,3,17.0,20.0,0.0,0.0,97.542,6.0,2.0,2.0,0.0,0.0,3.0,3.0,1.0,0.0,0.0,1.0
6355,1.0,0.0,1.0,White,26.3,4,16.0,16.0,0.0,0.0,60.933,2.0,2.0,2.0,0.0,0.0,2.0,2.0,1.0,0.0,0.0,0.0
6356,,,1.0,White,,4,16.0,12.0,0.0,,18.46,4.0,2.0,2.0,0.0,0.0,4.0,4.0,1.0,0.0,,0.0
6357,,,0.0,White,,4,16.0,12.0,0.0,,35.703,0.0,1.0,1.0,0.0,0.0,1.0,1.0,1.0,0.0,,0.0
6358,0.0,0.0,1.0,White,,6,12.0,,1.0,0.0,0.728,2.0,1.0,2.0,4.0,1.0,5.0,5.0,4.0,1.0,0.0,0.0
6359,0.0,0.0,1.0,White,,6,,,,,12.962,2.0,2.0,3.0,2.0,0.0,4.0,5.0,3.0,1.0,0.0,1.0
6360,0.0,0.0,1.0,White,,6,12.0,12.0,,0.0,,1.0,2.0,3.0,10.0,1.0,5.0,5.0,2.0,0.0,0.0,0.0
6361,1.0,1.0,0.0,White,1.83,3,12.0,12.0,0.0,0.0,32.8,,3.0,2.0,9.0,6.0,2.0,1.0,1.0,1.0,0.0,0.0
6362,1.0,0.0,0.0,White,15.42,4,16.0,14.0,0.0,0.0,58.54,1.0,2.0,2.0,0.0,0.0,2.0,2.0,1.0,0.0,0.0,0.0
6363,0.0,0.0,0.0,White,0.419,3,14.0,13.0,0.0,0.0,,2.0,2.0,3.0,1.0,0.0,4.0,4.0,1.0,0.0,0.0,1.0
6364,0.0,0.0,0.0,White,5.65,3,12.0,8.0,0.0,0.0,14.481,2.0,2.0,2.0,0.0,0.0,3.0,4.0,2.0,0.0,0.0,0.0
6365,1.0,0.0,1.0,White,6.3,3,12.0,16.0,0.0,0.0,98.686,6.0,2.0,3.0,10.0,2.0,1.0,1.0,1.0,0.0,1.0,0.0
6366,0.0,0.0,0.0,White,,2,9.0,,,,31.559,7.0,3.0,2.0,4.0,0.0,2.0,3.0,1.0,0.0,0.0,0.0
6367,0.0,0.0,1.0,Other,,4,12.0,13.0,0.0,1.0,5.323,3.0,2.0,3.0,1.0,1.0,1.0,,1.0,1.0,0.0,0.0
6368,0.0,0.0,1.0,White,,2,12.0,10.0,,,26.87,,3.0,3.0,0.0,0.0,1.0,1.0,1.0,0.0,,0.0
6369,1.0,0.0,1.0,White,15.53,4,13.0,12.0,0.0,0.0,67.469,3.0,2.0,2.0,0.0,0.0,3.0,4.0,1.0,1.0,0.0,0.0
6370,1.0,0.0,1.0,White,60.0,5,18.0,18.0,0.0,0.0,,0.0,2.0,2.0,0.0,0.0,1.0,1.0,1.0,0.0,0.0,0.0
6371,0.0,0.0,0.0,White,8.65,4,12.0,12.0,0.0,0.0,,4.0,2.0,2.0,1.0,4.0,3.0,2.0,2.0,0.0,0.0,1.0
6372,0.0,0.0,1.0,White,3.95,4,12.0,12.0,0.0,0.0,37.889,4.0,2.0,2.0,0.0,0.0,4.0,4.0,2.0,0.0,0.0,0.0
6373,1.0,0.0,1.0,White,1.4,4,8.0,12.0,0.0,0.0,86.22,1.0,1.0,1.0,0.0,1.0,2.0,2.0,1.0,0.0,0.0,0.0
6374,1.0,0.0,1.0,White,12.7,3,12.0,12.0,0.0,0.0,92.971,2.0,2.0,2.0,0.0,0.0,5.0,3.0,1.0,0.0,0.0,1.0
6375,1.0,0.0,1.0,White,14.575,5,13.0,13.0,0.0,0.0,90.076,1.0,1.0,1.0,0.0,0.0,1.0,1.0,1.0,0.0,0.0,0.0
6376,0.0,0.0,1.0,White,8.75,5,12.0,9.0,0.0,0.0,84.487,19.0,4.0,4.0,0.0,0.0,4.0,4.0,1.0,1.0,0.0,1.0
6377,0.0,0.0,0.0,White,8.75,5,12.0,9.0,0.0,0.0,44.193,8.0,3.0,3.0,1.0,0.0,1.0,1.0,1.0,1.0,0.0,0.0
6378,0.0,1.0,1.0,White,,6,14.0,13.0,0.0,0.0,44.116,0.0,2.0,2.0,0.0,0.0,3.0,4.0,1.0,0.0,0.0,0.0
6379,0.0,0.0,1.0,White,9.25,3,12.0,11.0,0.0,0.0,40.859,8.0,2.0,4.0,0.0,0.0,4.0,4.0,3.0,0.0,0.0,0.0
6380,1.0,0.0,1.0,White,5.195,3,12.0,,0.0,,65.389,9.0,2.0,1.0,0.0,0.0,4.0,4.0,2.0,0.0,0.0,0.0
6381,0.0,1.0,0.0,White,,7,11.0,13.0,,,61.497,7.0,2.0,2.0,0.0,0.0,4.0,3.0,1.0,1.0,1.0,1.0
6382,0.0,0.0,1.0,White,,7,11.0,13.0,,,50.305,15.0,2.0,3.0,0.0,0.0,3.0,1.0,1.0,0.0,,0.0
6383,1.0,0.0,0.0,White,15.0,5,16.0,13.0,0.0,0.0,82.402,6.0,2.0,2.0,5.0,1.0,1.0,1.0,1.0,0.0,0.0,0.0
6384,1.0,0.0,0.0,White,19.375,4,12.0,17.0,0.0,0.0,96.663,3.0,2.0,1.0,0.0,0.0,3.0,2.0,1.0,0.0,0.0,0.0
6385,1.0,0.0,0.0,White,19.375,4,12.0,17.0,0.0,0.0,56.285,5.0,2.0,2.0,0.0,0.0,1.0,1.0,1.0,0.0,0.0,0.0
6386,1.0,0.0,1.0,White,,4,14.0,15.0,0.0,0.0,41.478,1.0,2.0,3.0,0.0,0.0,3.0,3.0,1.0,0.0,,0.0
6387,0.0,,0.0,White,,4,14.0,15.0,0.0,,38.166,4.0,3.0,2.0,0.0,0.0,2.0,1.0,1.0,0.0,,0.0
6388,1.0,1.0,0.0,White,5.0325,5,12.0,8.0,0.0,0.0,4.669,6.0,2.0,4.0,0.0,0.0,2.0,4.0,1.0,1.0,1.0,0.0
6389,1.0,0.0,0.0,White,5.0325,5,12.0,8.0,0.0,0.0,65.142,1.0,2.0,2.0,0.0,0.0,2.0,2.0,1.0,1.0,0.0,0.0
6390,0.0,0.0,1.0,White,1.8,5,9.0,16.0,0.0,,47.494,7.0,3.0,4.0,0.0,0.0,3.0,3.0,1.0,,0.0,1.0
6391,0.0,0.0,0.0,Hispanic,1.8,5,9.0,16.0,0.0,0.0,66.582,3.0,2.0,2.0,0.0,0.0,4.0,2.0,1.0,1.0,,0.0
6392,1.0,0.0,0.0,White,,5,10.0,12.0,,0.0,49.995,7.0,4.0,3.0,0.0,1.0,4.0,5.0,1.0,0.0,,0.0
6393,0.0,0.0,0.0,White,60.0,3,9.0,16.0,0.0,0.0,55.389,2.0,2.0,3.0,0.0,0.0,4.0,5.0,1.0,0.0,0.0,0.0
6394,1.0,0.0,1.0,White,11.9,4,12.0,12.0,0.0,0.0,89.858,10.0,2.0,1.0,0.0,0.0,3.0,3.0,2.0,0.0,0.0,0.0
6395,1.0,0.0,1.0,White,7.2,4,16.0,11.0,0.0,0.0,53.31,5.0,3.0,3.0,0.0,0.0,3.0,2.0,1.0,0.0,0.0,0.0
6396,1.0,0.0,0.0,White,7.2,4,16.0,11.0,0.0,,28.098,2.0,2.0,2.0,0.0,0.0,2.0,1.0,1.0,0.0,0.0,0.0
6397,1.0,0.0,0.0,White,-1.15,3,14.0,12.0,0.0,0.0,59.631,4.0,2.0,1.0,0.0,0.0,3.0,4.0,1.0,0.0,0.0,0.0
6398,0.0,0.0,0.0,White,0.65,4,12.0,12.0,0.0,0.0,,8.0,1.0,3.0,5.0,2.0,3.0,1.0,1.0,1.0,,0.0
6399,1.0,0.0,1.0,White,34.75,4,16.0,,0.0,,61.871,12.0,1.0,2.0,2.0,0.0,4.0,4.0,1.0,0.0,0.0,0.0
6400,1.0,0.0,1.0,White,1.245,3,10.0,9.0,0.0,,38.933,17.0,3.0,3.0,0.0,0.0,3.0,4.0,1.0,,0.0,1.0
6401,1.0,0.0,1.0,Hispanic,3.675,4,16.0,16.0,0.0,,50.315,5.0,2.0,2.0,0.0,0.0,2.0,1.0,1.0,1.0,0.0,0.0
6402,0.0,0.0,0.0,White,-0.595,4,9.0,12.0,0.0,0.0,27.835,6.0,2.0,2.0,0.0,0.0,2.0,1.0,1.0,0.0,,0.0
6403,1.0,0.0,0.0,White,60.0,3,14.0,19.0,0.0,0.0,85.88,1.0,1.0,3.0,0.0,0.0,1.0,1.0,1.0,0.0,0.0,0.0
6404,,,0.0,White,,4,,16.0,0.0,,,5.0,1.0,1.0,0.0,0.0,1.0,1.0,1.0,0.0,,0.0
6405,0.0,0.0,0.0,White,41.35,4,8.0,14.0,0.0,0.0,52.95,3.0,2.0,1.0,0.0,0.0,3.0,3.0,1.0,0.0,0.0,1.0
6406,1.0,0.0,0.0,White,4.3,3,14.0,12.0,0.0,0.0,66.059,5.0,1.0,1.0,0.0,2.0,1.0,1.0,1.0,1.0,0.0,0.0
6407,1.0,0.0,1.0,White,,6,,,,0.0,,0.0,2.0,2.0,0.0,0.0,3.0,4.0,,0.0,0.0,0.0
6408,1.0,0.0,1.0,White,,6,16.0,18.0,,0.0,74.283,1.0,2.0,2.0,0.0,0.0,3.0,3.0,1.0,0.0,0.0,0.0
6409,0.0,0.0,0.0,White,,6,16.0,18.0,0.0,,80.697,7.0,2.0,2.0,0.0,1.0,2.0,1.0,1.0,0.0,,1.0
6410,1.0,0.0,0.0,White,60.0,3,15.0,15.0,0.0,0.0,60.174,15.0,2.0,4.0,1.0,1.0,1.0,4.0,1.0,0.0,0.0,0.0
6411,1.0,0.0,0.0,White,0.315,5,12.0,9.0,0.0,0.0,20.708,9.0,2.0,2.0,0.0,0.0,3.0,3.0,2.0,0.0,0.0,0.0
6412,1.0,0.0,0.0,White,0.315,5,12.0,9.0,0.0,0.0,77.356,2.0,1.0,1.0,0.0,0.0,3.0,3.0,1.0,0.0,0.0,0.0
6413,1.0,0.0,1.0,White,,4,16.0,16.0,0.0,,81.572,5.0,2.0,2.0,0.0,0.0,3.0,3.0,2.0,0.0,0.0,0.0
6414,1.0,0.0,1.0,White,,2,16.0,16.0,0.0,0.0,42.818,3.0,2.0,2.0,2.0,0.0,4.0,4.0,1.0,1.0,0.0,0.0
6415,0.0,0.0,0.0,White,2.83,5,13.0,12.0,0.0,0.0,82.813,5.0,2.0,3.0,0.0,0.0,2.0,2.0,1.0,1.0,1.0,0.0
6416,1.0,0.0,0.0,White,2.83,5,13.0,12.0,0.0,0.0,49.181,0.0,2.0,2.0,0.0,6.0,1.0,1.0,1.0,1.0,0.0,0.0
6417,0.0,0.0,0.0,White,-0.23,4,13.0,12.0,0.0,,,0.0,2.0,2.0,0.0,0.0,1.0,1.0,1.0,0.0,0.0,0.0
6418,1.0,0.0,1.0,White,9.5,4,12.0,14.0,0.0,0.0,75.69,0.0,2.0,1.0,0.0,0.0,4.0,4.0,2.0,0.0,0.0,0.0
6419,0.0,0.0,1.0,White,9.5,4,12.0,14.0,0.0,0.0,60.029,0.0,1.0,1.0,0.0,0.0,1.0,1.0,1.0,0.0,0.0,0.0
6420,0.0,0.0,1.0,White,,4,15.0,11.0,0.0,0.0,24.773,4.0,2.0,4.0,0.0,0.0,5.0,4.0,2.0,1.0,0.0,0.0
6421,1.0,0.0,1.0,White,10.873,5,13.0,13.0,0.0,0.0,73.115,0.0,2.0,2.0,0.0,0.0,1.0,1.0,1.0,0.0,0.0,0.0
6422,1.0,0.0,1.0,White,21.6701,4,13.0,12.0,0.0,0.0,41.555,2.0,2.0,2.0,0.0,0.0,1.0,1.0,1.0,0.0,1.0,0.0
6423,0.0,,0.0,White,0.115,4,13.0,12.0,0.0,,81.953,0.0,,,0.0,0.0,1.0,1.0,1.0,0.0,,0.0
6424,0.0,0.0,1.0,White,0.115,4,13.0,12.0,0.0,0.0,68.572,0.0,2.0,2.0,0.0,0.0,1.0,1.0,1.0,0.0,0.0,1.0
6425,1.0,0.0,0.0,Hispanic,,3,12.0,13.0,0.0,0.0,25.16,1.0,2.0,2.0,0.0,0.0,,,1.0,0.0,0.0,0.0
6426,1.0,0.0,1.0,White,13.0,5,16.0,16.0,0.0,0.0,81.026,8.0,2.0,2.0,1.0,0.0,2.0,1.0,1.0,0.0,0.0,0.0
6427,1.0,0.0,1.0,White,14.12,5,16.0,12.0,0.0,0.0,87.045,2.0,2.0,1.0,1.0,0.0,1.0,1.0,1.0,0.0,0.0,0.0
6428,1.0,0.0,1.0,White,14.925,5,12.0,12.0,0.0,0.0,59.288,5.0,2.0,3.0,2.0,1.0,5.0,4.0,2.0,0.0,0.0,1.0
6429,1.0,0.0,1.0,White,14.925,5,12.0,12.0,0.0,0.0,87.966,10.0,2.0,2.0,0.0,0.0,2.0,1.0,1.0,0.0,0.0,0.0
6430,1.0,0.0,0.0,White,4.81,4,10.0,12.0,0.0,1.0,54.481,5.0,2.0,1.0,0.0,0.0,2.0,1.0,1.0,0.0,0.0,0.0
6431,1.0,1.0,1.0,White,14.2,4,12.0,12.0,0.0,0.0,70.181,0.0,1.0,1.0,0.0,0.0,4.0,5.0,2.0,0.0,1.0,0.0
6432,0.0,0.0,0.0,White,12.03,3,12.0,14.0,0.0,0.0,40.755,3.0,2.0,3.0,5.0,2.0,1.0,2.0,2.0,0.0,,1.0
6433,1.0,0.0,0.0,White,7.11,4,16.0,17.0,0.0,0.0,87.381,2.0,1.0,2.0,0.0,0.0,1.0,1.0,1.0,0.0,0.0,0.0
6434,0.0,0.0,0.0,White,,4,12.0,12.0,0.0,,48.105,0.0,2.0,2.0,0.0,0.0,4.0,3.0,1.0,0.0,0.0,0.0
6435,0.0,0.0,0.0,White,11.03,3,16.0,18.0,0.0,0.0,53.021,4.0,3.0,3.0,0.0,0.0,3.0,3.0,1.0,0.0,0.0,1.0
6436,1.0,0.0,1.0,White,5.33,4,13.0,14.0,0.0,0.0,87.223,3.0,2.0,3.0,0.0,0.0,5.0,5.0,1.0,1.0,0.0,1.0
6437,1.0,1.0,1.0,White,5.33,4,13.0,14.0,0.0,0.0,79.962,10.0,2.0,3.0,0.0,0.0,3.0,2.0,1.0,0.0,0.0,0.0
6438,1.0,0.0,0.0,White,13.525,4,13.0,12.0,0.0,0.0,61.242,1.0,2.0,2.0,0.0,0.0,2.0,3.0,1.0,0.0,0.0,0.0
6439,1.0,0.0,0.0,White,13.525,4,13.0,12.0,0.0,0.0,98.824,0.0,2.0,2.0,0.0,0.0,1.0,1.0,1.0,0.0,0.0,1.0
6440,1.0,0.0,1.0,White,,4,14.0,12.0,0.0,0.0,57.2,8.0,3.0,2.0,0.0,1.0,4.0,4.0,2.0,1.0,1.0,0.0
6441,0.0,0.0,0.0,White,,4,14.0,12.0,0.0,0.0,81.785,6.0,2.0,3.0,10.0,1.0,3.0,3.0,1.0,0.0,,1.0
6442,0.0,,0.0,White,24.41,4,12.0,14.0,0.0,,69.594,4.0,2.0,2.0,0.0,0.0,4.0,4.0,1.0,0.0,,0.0
6443,0.0,0.0,0.0,White,,5,14.0,12.0,0.0,0.0,54.79,1.0,2.0,2.0,0.0,0.0,1.0,2.0,1.0,0.0,0.0,0.0
6444,1.0,1.0,1.0,White,,5,14.0,9.0,0.0,0.0,51.242,0.0,1.0,1.0,0.0,0.0,3.0,4.0,1.0,0.0,0.0,0.0
6445,1.0,0.0,0.0,White,,5,14.0,9.0,0.0,0.0,8.524,0.0,2.0,3.0,0.0,0.0,2.0,4.0,1.0,0.0,0.0,0.0
6446,0.0,0.0,0.0,White,,3,12.0,12.0,0.0,,,1.0,2.0,1.0,0.0,1.0,1.0,1.0,1.0,0.0,,1.0
6447,1.0,0.0,1.0,White,15.45,4,14.0,13.0,0.0,0.0,89.226,6.0,2.0,2.0,0.0,0.0,3.0,4.0,1.0,0.0,0.0,0.0
6448,1.0,0.0,1.0,White,15.45,4,14.0,13.0,0.0,,59.36,3.0,2.0,2.0,0.0,0.0,3.0,1.0,1.0,0.0,0.0,0.0
6449,1.0,0.0,0.0,White,,4,12.0,12.0,0.0,,82.149,6.0,2.0,3.0,0.0,0.0,3.0,4.0,1.0,1.0,,0.0
6450,0.0,,0.0,White,,4,12.0,12.0,0.0,,,3.0,2.0,1.0,0.0,0.0,4.0,4.0,1.0,1.0,,0.0
6451,1.0,0.0,1.0,White,10.875,4,14.0,12.0,0.0,0.0,20.247,1.0,2.0,2.0,2.0,2.0,1.0,1.0,1.0,0.0,0.0,0.0
6452,0.0,0.0,0.0,White,,3,13.0,16.0,0.0,,,2.0,2.0,2.0,0.0,0.0,4.0,2.0,1.0,1.0,1.0,0.0
6453,0.0,0.0,0.0,White,44.5301,3,13.0,12.0,0.0,,81.727,3.0,1.0,1.0,0.0,0.0,1.0,1.0,1.0,0.0,0.0,0.0
6454,1.0,0.0,0.0,White,12.8915,4,12.0,10.0,1.0,0.0,86.211,1.0,2.0,2.0,1.0,0.0,1.0,2.0,1.0,0.0,0.0,0.0
6455,0.0,0.0,0.0,White,12.85,6,12.0,12.0,0.0,0.0,61.618,2.0,2.0,2.0,0.0,0.0,3.0,3.0,1.0,1.0,0.0,0.0
6456,1.0,0.0,1.0,Asian,12.85,6,,,0.0,0.0,80.11,2.0,2.0,2.0,0.0,0.0,2.0,3.0,1.0,0.0,0.0,0.0
6457,1.0,0.0,1.0,Asian,12.85,6,,,0.0,0.0,93.379,3.0,2.0,2.0,0.0,1.0,3.0,2.0,1.0,0.0,0.0,0.0
6458,1.0,0.0,1.0,White,1.81,5,16.0,17.0,0.0,0.0,79.657,5.0,1.0,2.0,0.0,0.0,1.0,1.0,1.0,0.0,0.0,0.0
6459,0.0,1.0,0.0,White,11.5701,3,11.0,12.0,0.0,,,5.0,2.0,3.0,0.0,0.0,3.0,4.0,1.0,0.0,1.0,0.0
6460,0.0,0.0,0.0,White,7.46,3,,12.0,0.0,,23.022,3.0,3.0,2.0,0.0,2.0,1.0,2.0,1.0,0.0,0.0,0.0
6461,0.0,0.0,0.0,White,7.46,3,,12.0,0.0,,7.952,2.0,2.0,2.0,0.0,0.0,2.0,2.0,1.0,0.0,0.0,0.0
6462,0.0,0.0,0.0,White,1.025,4,12.0,12.0,0.0,,6.838,4.0,2.0,3.0,0.0,1.0,3.0,3.0,1.0,0.0,0.0,0.0
6463,0.0,0.0,1.0,White,0.175,2,13.0,17.0,0.0,0.0,43.192,2.0,2.0,,1.0,0.0,2.0,1.0,1.0,0.0,0.0,0.0
6464,0.0,0.0,0.0,White,13.73,5,12.0,12.0,0.0,0.0,7.415,3.0,2.0,2.0,0.0,0.0,2.0,1.0,3.0,0.0,0.0,0.0
6465,0.0,0.0,1.0,White,14.1941,5,12.0,12.0,0.0,0.0,28.879,39.0,1.0,2.0,0.0,0.0,1.0,1.0,1.0,1.0,0.0,0.0
6466,0.0,,0.0,White,1.325,7,13.0,12.0,0.0,,6.177,17.0,2.0,1.0,0.0,1.0,5.0,4.0,1.0,0.0,,1.0
6467,1.0,0.0,1.0,White,1.325,7,13.0,12.0,0.0,1.0,43.743,6.0,3.0,3.0,1.0,1.0,4.0,2.0,1.0,0.0,0.0,1.0
6468,0.0,0.0,1.0,Hispanic,6.455,5,14.0,9.0,0.0,0.0,15.74,8.0,2.0,2.0,0.0,0.0,4.0,2.0,1.0,1.0,0.0,0.0
6469,1.0,0.0,1.0,Hispanic,6.455,5,14.0,9.0,0.0,0.0,10.913,4.0,2.0,2.0,0.0,0.0,3.0,1.0,1.0,0.0,0.0,0.0
6470,0.0,0.0,1.0,White,0.408,2,9.0,11.0,0.0,,68.302,0.0,1.0,,0.0,0.0,1.0,1.0,1.0,0.0,,0.0
6471,1.0,0.0,0.0,White,-0.115,4,11.0,,0.0,0.0,90.068,7.0,2.0,2.0,0.0,0.0,3.0,3.0,3.0,0.0,0.0,0.0
6472,0.0,0.0,0.0,White,0.9625,4,11.0,,0.0,,41.007,2.0,2.0,1.0,0.0,0.0,2.0,1.0,1.0,0.0,,1.0
6473,1.0,0.0,1.0,White,0.9625,4,11.0,,0.0,0.0,21.572,3.0,2.0,2.0,0.0,0.0,3.0,2.0,1.0,0.0,0.0,0.0
6474,0.0,0.0,1.0,White,0.425,3,9.0,12.0,0.0,0.0,0.788,10.0,2.0,3.0,4.0,0.0,5.0,3.0,5.0,0.0,0.0,0.0
6475,0.0,1.0,1.0,White,5.2,5,14.0,12.0,0.0,0.0,36.508,0.0,3.0,1.0,0.0,0.0,4.0,4.0,1.0,0.0,0.0,1.0
6476,0.0,0.0,0.0,White,5.2,5,14.0,12.0,0.0,0.0,47.008,5.0,3.0,2.0,0.0,0.0,3.0,3.0,2.0,1.0,1.0,0.0
6477,0.0,0.0,1.0,White,2.87,5,15.0,19.0,0.0,0.0,60.152,1.0,2.0,2.0,1.0,1.0,2.0,2.0,1.0,0.0,0.0,1.0
6478,1.0,0.0,0.0,White,1.67,3,12.0,12.0,0.0,0.0,97.131,1.0,2.0,2.0,0.0,0.0,3.0,2.0,1.0,1.0,0.0,0.0
6479,0.0,1.0,0.0,White,12.35,5,10.0,12.0,0.0,0.0,28.931,1.0,2.0,3.0,0.0,0.0,2.0,1.0,1.0,0.0,0.0,0.0
6480,0.0,0.0,0.0,White,12.35,5,10.0,12.0,0.0,,3.755,3.0,3.0,4.0,0.0,0.0,2.0,1.0,1.0,0.0,0.0,0.0
6481,0.0,0.0,0.0,White,,4,16.0,,,0.0,55.021,3.0,4.0,3.0,0.0,0.0,2.0,2.0,3.0,0.0,,1.0
6482,1.0,,1.0,White,,4,16.0,,,,3.377,0.0,2.0,2.0,0.0,0.0,1.0,1.0,1.0,0.0,0.0,0.0
6483,0.0,0.0,1.0,White,,4,16.0,,,0.0,10.597,1.0,1.0,1.0,0.0,0.0,1.0,1.0,1.0,0.0,0.0,1.0
6484,0.0,0.0,1.0,White,25.65,3,15.0,14.0,0.0,0.0,83.535,5.0,2.0,3.0,0.0,0.0,2.0,4.0,1.0,0.0,0.0,0.0
6485,0.0,0.0,0.0,White,7.51,4,12.0,12.0,0.0,0.0,39.547,5.0,2.0,2.0,1.0,0.0,3.0,4.0,2.0,0.0,0.0,0.0
6486,1.0,0.0,0.0,White,7.51,4,12.0,12.0,0.0,,59.72,5.0,3.0,3.0,0.0,4.0,2.0,3.0,2.0,0.0,0.0,0.0
6487,1.0,1.0,1.0,White,19.85,3,14.0,19.0,0.0,0.0,50.527,2.0,1.0,1.0,0.0,0.0,1.0,1.0,1.0,0.0,0.0,0.0
6488,1.0,0.0,0.0,White,19.85,3,14.0,19.0,0.0,,86.787,3.0,1.0,2.0,0.0,1.0,1.0,1.0,1.0,0.0,0.0,0.0
6489,0.0,0.0,1.0,Hispanic,10.625,5,12.0,12.0,0.0,1.0,,5.0,3.0,3.0,0.0,0.0,3.0,1.0,1.0,1.0,1.0,1.0
6490,1.0,1.0,1.0,White,,3,8.0,12.0,0.0,0.0,55.692,14.0,1.0,2.0,0.0,0.0,3.0,3.0,2.0,0.0,0.0,0.0
6491,0.0,0.0,1.0,White,29.21,5,,12.0,1.0,0.0,21.115,2.0,1.0,2.0,0.0,0.0,1.0,1.0,1.0,0.0,0.0,0.0
6492,0.0,0.0,1.0,White,1.41,5,9.0,9.0,0.0,0.0,34.965,15.0,4.0,3.0,2.0,0.0,4.0,4.0,1.0,0.0,0.0,0.0
6493,1.0,0.0,1.0,White,46.7,5,16.0,15.0,0.0,0.0,48.758,0.0,2.0,2.0,0.0,0.0,1.0,1.0,1.0,0.0,0.0,0.0
6494,1.0,0.0,0.0,Other,13.605,4,12.0,14.0,0.0,0.0,54.579,1.0,2.0,3.0,2.0,1.0,2.0,1.0,1.0,1.0,1.0,0.0
6495,0.0,0.0,0.0,White,13.8901,4,12.0,12.0,0.0,0.0,54.496,3.0,1.0,2.0,0.0,0.0,1.0,1.0,1.0,0.0,0.0,0.0
6496,1.0,1.0,0.0,White,1.97,5,17.0,12.0,0.0,0.0,32.867,0.0,1.0,3.0,1.0,0.0,1.0,1.0,1.0,0.0,0.0,0.0
6497,0.0,0.0,0.0,White,1.97,5,17.0,12.0,0.0,1.0,9.507,3.0,2.0,2.0,0.0,1.0,1.0,1.0,2.0,0.0,0.0,0.0
6498,0.0,0.0,1.0,White,1.95,2,16.0,,1.0,0.0,68.378,5.0,1.0,1.0,0.0,0.0,4.0,4.0,2.0,1.0,0.0,0.0
6499,1.0,0.0,1.0,White,2.68,3,12.0,14.0,0.0,,89.18,2.0,2.0,2.0,0.0,0.0,2.0,3.0,1.0,0.0,0.0,0.0
6500,0.0,0.0,1.0,White,2.68,3,12.0,14.0,0.0,0.0,57.864,1.0,2.0,3.0,3.0,0.0,4.0,2.0,1.0,0.0,0.0,0.0
6501,1.0,0.0,1.0,White,5.92,8,13.0,13.0,0.0,,49.58,0.0,1.0,2.0,0.0,0.0,2.0,4.0,1.0,0.0,0.0,0.0
6502,1.0,0.0,0.0,White,5.92,8,13.0,13.0,0.0,0.0,40.304,2.0,1.0,2.0,0.0,0.0,1.0,1.0,1.0,1.0,0.0,1.0
6503,0.0,0.0,0.0,White,53.86,5,12.0,12.0,0.0,0.0,59.822,3.0,1.0,4.0,0.0,2.0,1.0,1.0,1.0,0.0,,0.0
6504,0.0,1.0,0.0,White,53.86,5,12.0,12.0,0.0,0.0,43.416,0.0,1.0,2.0,1.0,0.0,4.0,2.0,1.0,0.0,0.0,0.0
6505,0.0,0.0,0.0,White,2.97,2,14.0,8.0,0.0,1.0,,5.0,2.0,2.0,3.0,0.0,4.0,1.0,1.0,1.0,1.0,0.0
6506,1.0,0.0,1.0,Asian,33.9,4,16.0,16.0,0.0,0.0,67.614,0.0,2.0,2.0,0.0,0.0,2.0,1.0,1.0,0.0,0.0,0.0
6507,0.0,0.0,0.0,White,-0.45,5,13.0,,1.0,0.0,,12.0,2.0,2.0,0.0,0.0,3.0,3.0,1.0,1.0,1.0,0.0
6508,0.0,1.0,1.0,White,-0.45,5,13.0,,1.0,,,0.0,2.0,2.0,0.0,0.0,2.0,1.0,1.0,1.0,,0.0
6509,1.0,0.0,1.0,Other,2.395,3,12.0,12.0,0.0,0.0,38.235,15.0,2.0,2.0,0.0,0.0,4.0,2.0,1.0,0.0,0.0,1.0
6510,0.0,0.0,0.0,Other,2.395,3,12.0,12.0,0.0,0.0,95.298,5.0,2.0,1.0,1.0,0.0,1.0,1.0,2.0,1.0,0.0,0.0
6511,1.0,0.0,1.0,Black,5.4401,6,12.0,12.0,0.0,,68.256,8.0,3.0,3.0,0.0,1.0,1.0,1.0,1.0,1.0,0.0,0.0
6512,1.0,0.0,0.0,White,24.15,4,17.0,12.0,0.0,0.0,92.297,2.0,2.0,3.0,0.0,0.0,2.0,1.0,1.0,0.0,,0.0
6513,1.0,0.0,1.0,Asian,26.5001,6,14.0,14.0,0.0,,81.515,17.0,2.0,4.0,0.0,0.0,4.0,4.0,2.0,0.0,0.0,0.0
6514,1.0,0.0,1.0,Asian,26.5001,6,14.0,14.0,0.0,,90.969,3.0,2.0,3.0,0.0,0.0,3.0,3.0,1.0,0.0,0.0,0.0
6515,1.0,0.0,1.0,Hispanic,34.9101,3,20.0,12.0,0.0,0.0,71.728,9.0,2.0,2.0,0.0,0.0,1.0,1.0,1.0,0.0,0.0,0.0
6516,0.0,0.0,1.0,Hispanic,34.9101,3,20.0,12.0,0.0,,21.591,10.0,2.0,2.0,0.0,0.0,1.0,1.0,1.0,0.0,,0.0
6517,0.0,0.0,0.0,Other,10.0501,3,13.0,12.0,0.0,,50.06,1.0,4.0,4.0,1.0,0.0,3.0,4.0,2.0,0.0,0.0,0.0
6518,1.0,0.0,1.0,Other,10.0501,3,13.0,12.0,0.0,0.0,45.568,10.0,2.0,3.0,0.0,0.0,4.0,5.0,2.0,1.0,1.0,0.0
6519,1.0,0.0,1.0,White,,4,14.0,12.0,,,51.42,3.0,2.0,2.0,0.0,0.0,1.0,1.0,1.0,0.0,0.0,0.0
6520,1.0,0.0,1.0,White,0.295,2,12.0,14.0,0.0,0.0,,1.0,2.0,2.0,0.0,0.0,4.0,3.0,2.0,0.0,,0.0
6521,0.0,0.0,1.0,Hispanic,24.875,5,12.0,12.0,0.0,0.0,86.377,,2.0,2.0,,,2.0,2.0,1.0,0.0,0.0,0.0
6522,0.0,0.0,0.0,White,-0.65,5,16.0,14.0,0.0,,45.901,8.0,1.0,2.0,0.0,1.0,,,,0.0,0.0,0.0
6523,0.0,0.0,1.0,White,1.35,3,12.0,12.0,0.0,,,,2.0,2.0,,,1.0,1.0,1.0,0.0,0.0,0.0
6524,1.0,0.0,1.0,White,41.1251,5,16.0,17.0,0.0,0.0,69.492,10.0,2.0,3.0,0.0,0.0,5.0,5.0,1.0,0.0,0.0,0.0
6525,1.0,0.0,0.0,White,41.1251,5,16.0,17.0,0.0,0.0,46.528,10.0,2.0,3.0,0.0,0.0,4.0,3.0,2.0,0.0,0.0,0.0
6526,0.0,0.0,0.0,White,0.875,5,14.0,16.0,0.0,1.0,,12.0,2.0,4.0,1.0,6.0,3.0,4.0,1.0,0.0,,0.0
6527,0.0,,1.0,White,,4,12.0,11.0,,,9.322,15.0,2.0,4.0,0.0,1.0,5.0,3.0,1.0,0.0,,0.0
6528,0.0,0.0,1.0,White,55.9002,4,13.0,18.0,0.0,0.0,7.256,5.0,2.0,1.0,1.0,0.0,1.0,1.0,2.0,1.0,1.0,1.0
6529,0.0,0.0,0.0,White,0.05,4,14.0,12.0,1.0,0.0,51.911,4.0,2.0,1.0,1.0,0.0,4.0,3.0,2.0,0.0,1.0,1.0
6530,1.0,0.0,0.0,White,0.05,4,14.0,12.0,1.0,,20.037,10.0,2.0,2.0,2.0,2.0,3.0,1.0,1.0,0.0,0.0,0.0
6531,0.0,0.0,0.0,White,2.125,3,16.0,,0.0,0.0,21.02,4.0,3.0,3.0,0.0,1.0,5.0,5.0,2.0,0.0,,1.0
6532,0.0,0.0,0.0,Hispanic,18.9501,3,12.0,,0.0,1.0,,6.0,2.0,3.0,6.0,2.0,2.0,1.0,1.0,0.0,,0.0
6533,0.0,1.0,0.0,Hispanic,18.02,3,14.0,11.0,0.0,,45.602,12.0,1.0,2.0,1.0,0.0,3.0,1.0,2.0,1.0,,0.0
6534,1.0,0.0,0.0,White,18.8001,7,12.0,12.0,0.0,0.0,45.407,2.0,2.0,3.0,0.0,0.0,3.0,2.0,1.0,0.0,1.0,0.0
6535,1.0,0.0,1.0,White,,7,12.0,12.0,,,66.924,7.0,2.0,3.0,0.0,3.0,3.0,2.0,3.0,0.0,,0.0
6536,0.0,0.0,1.0,White,2.3,4,13.0,13.0,1.0,,53.425,3.0,2.0,2.0,0.0,0.0,4.0,4.0,2.0,0.0,,0.0
6537,0.0,0.0,0.0,Hispanic,16.45,3,14.0,12.0,0.0,0.0,28.166,1.0,2.0,2.0,0.0,0.0,2.0,1.0,1.0,1.0,0.0,0.0
6538,0.0,0.0,0.0,White,13.925,4,16.0,15.0,0.0,0.0,87.009,8.0,2.0,3.0,3.0,0.0,3.0,5.0,1.0,1.0,,1.0
6539,1.0,0.0,0.0,White,13.925,4,16.0,15.0,0.0,0.0,49.174,,2.0,2.0,,,1.0,1.0,1.0,1.0,1.0,0.0
6540,0.0,0.0,1.0,White,1.94,2,14.0,,0.0,1.0,9.556,4.0,2.0,1.0,0.0,0.0,4.0,2.0,4.0,1.0,0.0,0.0
6541,1.0,0.0,1.0,White,0.11,3,20.0,14.0,0.0,0.0,95.663,2.0,2.0,2.0,0.0,0.0,4.0,4.0,2.0,0.0,0.0,0.0
6542,0.0,0.0,1.0,White,25.625,2,14.0,16.0,0.0,0.0,41.534,3.0,1.0,2.0,0.0,0.0,3.0,3.0,1.0,0.0,,0.0
6543,1.0,0.0,0.0,Black,15.8,3,14.0,14.0,0.0,0.0,8.395,1.0,2.0,2.0,0.0,0.0,2.0,1.0,4.0,0.0,,0.0
6544,1.0,0.0,1.0,White,-1.125,2,16.0,15.0,0.0,,44.719,2.0,2.0,2.0,0.0,0.0,2.0,2.0,1.0,0.0,0.0,0.0
6545,0.0,0.0,0.0,White,6.7,4,12.0,12.0,0.0,0.0,,7.0,2.0,3.0,0.0,0.0,3.0,3.0,1.0,0.0,1.0,0.0
6546,0.0,0.0,1.0,Asian,2.275,4,12.0,19.0,0.0,,41.341,12.0,3.0,3.0,0.0,0.0,4.0,2.0,3.0,0.0,0.0,0.0
6547,0.0,0.0,0.0,White,-0.825,4,13.0,19.0,0.0,0.0,32.657,,2.0,2.0,,,5.0,3.0,2.0,1.0,0.0,0.0
6548,1.0,0.0,1.0,White,7.75,2,17.0,14.0,0.0,0.0,74.328,3.0,2.0,2.0,0.0,0.0,2.0,1.0,1.0,0.0,0.0,0.0
6549,1.0,0.0,1.0,White,60.0,3,12.0,12.0,0.0,0.0,41.3,3.0,2.0,2.0,0.0,0.0,3.0,3.0,2.0,0.0,0.0,0.0
6550,1.0,0.0,1.0,Other,,4,15.0,12.0,0.0,,,4.0,1.0,1.0,0.0,0.0,1.0,1.0,1.0,0.0,0.0,0.0
6551,,,0.0,White,,5,12.0,12.0,0.0,,71.787,2.0,1.0,2.0,0.0,0.0,1.0,1.0,1.0,0.0,,0.0
6552,0.0,,0.0,White,3.155,3,12.0,16.0,0.0,0.0,88.016,5.0,2.0,2.0,1.0,0.0,2.0,2.0,1.0,1.0,1.0,0.0
6553,0.0,0.0,0.0,White,24.1,5,12.0,11.0,0.0,,50.112,10.0,2.0,4.0,0.0,0.0,2.0,4.0,1.0,0.0,0.0,1.0
6554,0.0,0.0,0.0,White,24.1,5,12.0,11.0,0.0,0.0,30.232,1.0,2.0,2.0,0.0,0.0,3.0,2.0,1.0,0.0,0.0,0.0
6555,1.0,0.0,0.0,White,24.1,5,12.0,11.0,0.0,1.0,56.891,3.0,2.0,2.0,1.0,0.0,3.0,2.0,1.0,1.0,0.0,1.0
6556,0.0,0.0,0.0,White,2.86,8,14.0,11.0,0.0,,23.982,14.0,2.0,3.0,0.0,0.0,3.0,3.0,2.0,0.0,0.0,0.0
6557,1.0,0.0,1.0,White,2.86,8,14.0,11.0,0.0,0.0,22.092,6.0,2.0,1.0,0.0,0.0,3.0,2.0,1.0,0.0,0.0,0.0
6558,0.0,0.0,1.0,White,11.92,2,15.0,14.0,0.0,,39.544,20.0,3.0,3.0,10.0,0.0,3.0,2.0,2.0,0.0,,0.0
6559,0.0,0.0,0.0,White,51.475,4,16.0,16.0,1.0,,25.82,4.0,2.0,2.0,0.0,0.0,1.0,1.0,1.0,0.0,,0.0
6560,0.0,0.0,1.0,White,-0.235,2,9.0,,0.0,,24.824,2.0,2.0,3.0,0.0,0.0,,1.0,1.0,0.0,0.0,0.0
6561,1.0,0.0,1.0,White,5.2155,10,12.0,14.0,0.0,0.0,89.567,8.0,2.0,2.0,0.0,0.0,4.0,4.0,1.0,0.0,0.0,0.0
6562,1.0,0.0,0.0,White,5.2155,10,12.0,14.0,0.0,0.0,72.373,7.0,2.0,3.0,10.0,0.0,2.0,1.0,1.0,1.0,0.0,0.0
6563,1.0,0.0,0.0,White,5.2155,10,12.0,14.0,0.0,0.0,86.559,2.0,1.0,1.0,0.0,0.0,1.0,1.0,1.0,0.0,0.0,0.0
6564,0.0,1.0,1.0,White,-0.35,4,10.0,10.0,0.0,0.0,29.971,1.0,2.0,2.0,0.0,0.0,4.0,2.0,2.0,0.0,0.0,0.0
6565,1.0,0.0,0.0,White,0.725,2,10.0,16.0,0.0,0.0,94.337,15.0,1.0,1.0,2.0,0.0,3.0,4.0,2.0,0.0,0.0,0.0
6566,1.0,0.0,1.0,White,1.795,5,12.0,12.0,0.0,,54.583,4.0,1.0,2.0,0.0,1.0,3.0,3.0,2.0,0.0,0.0,0.0
6567,0.0,0.0,1.0,White,1.795,5,12.0,12.0,0.0,0.0,19.591,4.0,2.0,3.0,1.0,1.0,3.0,1.0,1.0,0.0,0.0,0.0
6568,0.0,1.0,1.0,White,9.04,3,15.0,13.0,0.0,0.0,41.084,13.0,2.0,3.0,0.0,0.0,3.0,2.0,3.0,1.0,0.0,0.0
6569,0.0,0.0,0.0,White,9.04,3,15.0,13.0,0.0,0.0,22.01,1.0,2.0,4.0,0.0,10.0,1.0,1.0,1.0,0.0,0.0,0.0
6570,0.0,0.0,0.0,White,3.85,5,14.0,12.0,0.0,0.0,8.742,2.0,2.0,4.0,0.0,0.0,2.0,2.0,1.0,1.0,0.0,0.0
6571,0.0,0.0,0.0,Black,1.11,3,12.0,7.0,0.0,0.0,59.345,3.0,1.0,2.0,1.0,0.0,3.0,4.0,,0.0,0.0,1.0
6572,0.0,1.0,1.0,Other,0.45,4,11.0,7.0,1.0,,14.693,5.0,2.0,1.0,5.0,0.0,5.0,5.0,4.0,1.0,,0.0
6573,,,1.0,Other,0.055,4,7.0,,0.0,,,4.0,3.0,4.0,2.0,0.0,3.0,2.0,1.0,0.0,,0.0
6574,0.0,0.0,1.0,Black,,3,11.0,,,,24.151,2.0,2.0,2.0,0.0,0.0,3.0,2.0,1.0,0.0,,1.0
6575,0.0,0.0,1.0,Black,3.735,4,14.0,14.0,0.0,0.0,4.828,15.0,2.0,2.0,0.0,0.0,5.0,3.0,3.0,0.0,0.0,0.0
6576,0.0,1.0,0.0,Black,0.385,2,11.0,11.0,0.0,1.0,6.877,3.0,2.0,2.0,0.0,3.0,5.0,5.0,1.0,1.0,0.0,1.0
6577,0.0,0.0,0.0,Black,-2.325,4,16.0,12.0,1.0,,55.05,3.0,2.0,2.0,10.0,4.0,1.0,1.0,2.0,1.0,1.0,1.0
6578,0.0,0.0,0.0,White,-0.555,2,12.0,,0.0,,79.364,3.0,2.0,2.0,0.0,1.0,3.0,1.0,1.0,0.0,0.0,1.0
6579,1.0,0.0,1.0,Hispanic,3.95,4,8.0,10.0,0.0,0.0,27.607,5.0,2.0,2.0,0.0,0.0,3.0,2.0,2.0,,0.0,0.0
6580,0.0,0.0,1.0,Hispanic,0.175,2,8.0,7.0,0.0,,3.7,0.0,3.0,2.0,0.0,0.0,3.0,2.0,5.0,1.0,0.0,0.0
6581,1.0,0.0,1.0,Hispanic,0.435,4,6.0,6.0,0.0,0.0,13.362,0.0,3.0,2.0,0.0,0.0,3.0,4.0,2.0,0.0,0.0,0.0
6582,0.0,0.0,1.0,Hispanic,0.575,6,6.0,6.0,0.0,,,4.0,2.0,3.0,0.0,0.0,1.0,1.0,2.0,0.0,,0.0
6583,0.0,0.0,0.0,Hispanic,0.325,7,6.0,6.0,0.0,0.0,12.419,8.0,3.0,3.0,0.0,0.0,1.0,1.0,2.0,0.0,0.0,0.0
6584,0.0,0.0,1.0,Hispanic,0.325,7,6.0,6.0,0.0,0.0,10.669,0.0,2.0,3.0,0.0,0.0,1.0,1.0,1.0,0.0,0.0,0.0
6585,0.0,0.0,0.0,Hispanic,0.325,7,6.0,6.0,0.0,0.0,16.861,2.0,2.0,2.0,0.0,0.0,1.0,1.0,1.0,0.0,0.0,0.0
6586,0.0,0.0,1.0,Hispanic,,8,5.0,5.0,,0.0,16.207,30.0,2.0,2.0,0.0,0.0,1.0,1.0,2.0,0.0,0.0,0.0
6587,0.0,0.0,0.0,Hispanic,,8,5.0,5.0,,0.0,32.99,0.0,1.0,2.0,0.0,0.0,1.0,1.0,1.0,0.0,0.0,0.0
6588,1.0,0.0,1.0,Black,-0.625,3,12.0,12.0,0.0,0.0,8.508,4.0,2.0,4.0,1.0,0.0,3.0,3.0,2.0,1.0,0.0,0.0
6589,1.0,0.0,1.0,Black,1.75,4,14.0,12.0,0.0,1.0,,30.0,2.0,3.0,1.0,3.0,5.0,3.0,5.0,0.0,0.0,0.0
6590,1.0,0.0,1.0,Black,1.75,4,11.0,11.0,0.0,,,4.0,2.0,2.0,0.0,0.0,3.0,2.0,4.0,0.0,0.0,0.0
6591,0.0,0.0,1.0,Black,,6,12.0,,,0.0,,0.0,2.0,2.0,0.0,3.0,2.0,3.0,4.0,0.0,,0.0
6592,0.0,0.0,1.0,Black,,6,12.0,12.0,,0.0,,6.0,3.0,2.0,0.0,16.0,1.0,1.0,2.0,0.0,0.0,1.0
6593,1.0,0.0,0.0,Hispanic,,3,12.0,12.0,,0.0,,1.0,2.0,2.0,1.0,0.0,4.0,5.0,2.0,0.0,,0.0
6594,0.0,,1.0,Hispanic,,3,11.0,11.0,,,,6.0,2.0,2.0,0.0,0.0,1.0,2.0,,0.0,,0.0
6595,0.0,0.0,0.0,Black,0.75,4,12.0,,0.0,1.0,,6.0,2.0,2.0,0.0,0.0,3.0,3.0,2.0,0.0,0.0,1.0
6596,1.0,0.0,0.0,Hispanic,,4,13.0,14.0,,,7.39,4.0,3.0,3.0,1.0,0.0,2.0,1.0,3.0,0.0,0.0,0.0
6597,0.0,0.0,0.0,Black,0.75,2,11.0,11.0,0.0,,,2.0,4.0,1.0,0.0,0.0,3.0,5.0,5.0,0.0,0.0,1.0
6598,0.0,0.0,1.0,Hispanic,,8,,,,0.0,11.603,30.0,2.0,1.0,0.0,0.0,2.0,2.0,5.0,0.0,0.0,0.0
6599,0.0,0.0,1.0,Hispanic,,8,,,,0.0,10.807,4.0,2.0,2.0,0.0,0.0,,,,0.0,,0.0
6600,0.0,,0.0,Hispanic,,2,12.0,,,,,0.0,2.0,2.0,0.0,0.0,3.0,2.0,1.0,0.0,,0.0
6601,1.0,0.0,1.0,Black,,4,11.0,,,0.0,,3.0,1.0,1.0,1.0,0.0,1.0,1.0,2.0,0.0,0.0,0.0
6602,1.0,0.0,0.0,Hispanic,-0.775,4,7.0,8.0,0.0,,,4.0,2.0,2.0,0.0,0.0,2.0,5.0,2.0,0.0,0.0,0.0
6603,1.0,0.0,1.0,Hispanic,-0.775,4,7.0,8.0,0.0,0.0,,0.0,1.0,2.0,0.0,0.0,2.0,2.0,2.0,0.0,0.0,0.0
6604,0.0,0.0,0.0,Hispanic,0.88,6,6.0,6.0,0.0,0.0,53.508,2.0,2.0,1.0,1.0,0.0,1.0,1.0,1.0,0.0,,1.0
6605,0.0,0.0,1.0,Hispanic,1.055,5,11.0,11.0,0.0,0.0,12.412,1.0,2.0,2.0,1.0,0.0,2.0,1.0,1.0,0.0,0.0,0.0
6606,0.0,0.0,0.0,Hispanic,11.575,8,3.0,6.0,0.0,0.0,15.115,2.0,2.0,2.0,0.0,0.0,3.0,4.0,2.0,0.0,0.0,0.0
6607,1.0,0.0,0.0,Hispanic,11.575,8,3.0,6.0,0.0,0.0,22.721,2.0,2.0,1.0,0.0,0.0,1.0,1.0,1.0,0.0,0.0,0.0
6608,0.0,0.0,0.0,Hispanic,-0.175,6,4.0,5.0,0.0,0.0,13.043,5.0,2.0,1.0,0.0,0.0,2.0,2.0,2.0,0.0,0.0,0.0
6609,0.0,0.0,0.0,Hispanic,-0.175,6,4.0,5.0,0.0,0.0,42.13,10.0,3.0,2.0,0.0,0.0,3.0,2.0,2.0,0.0,0.0,0.0
6610,0.0,1.0,0.0,Hispanic,0.05,8,6.0,5.0,0.0,,,5.0,2.0,4.0,2.0,1.0,,,4.0,0.0,0.0,0.0
6611,0.0,0.0,0.0,Hispanic,-0.05,6,3.0,5.0,0.0,,,,3.0,4.0,,,2.0,4.0,4.0,1.0,1.0,1.0
6612,0.0,0.0,0.0,Hispanic,-0.05,6,3.0,5.0,0.0,,,20.0,2.0,,0.0,0.0,2.0,2.0,1.0,0.0,0.0,1.0
6613,0.0,0.0,0.0,Hispanic,-0.05,6,3.0,5.0,0.0,0.0,,15.0,3.0,2.0,0.0,1.0,1.0,1.0,2.0,1.0,0.0,1.0
6614,0.0,0.0,0.0,Hispanic,,6,4.0,,,,,5.0,2.0,2.0,0.0,2.0,1.0,5.0,2.0,0.0,0.0,1.0
6615,0.0,0.0,1.0,Hispanic,8.1237,8,3.0,4.0,0.0,0.0,,2.0,2.0,2.0,0.0,0.0,2.0,1.0,4.0,0.0,1.0,0.0
6616,1.0,0.0,1.0,Hispanic,-0.046,3,6.0,17.0,0.0,0.0,8.943,10.0,3.0,3.0,0.0,0.0,4.0,4.0,3.0,0.0,0.0,0.0
6617,1.0,0.0,1.0,Hispanic,-0.046,3,6.0,17.0,0.0,0.0,24.129,0.0,2.0,3.0,0.0,0.0,2.0,1.0,4.0,0.0,0.0,0.0
6618,0.0,0.0,1.0,Hispanic,,7,6.0,7.0,,0.0,,3.0,2.0,2.0,0.0,0.0,2.0,1.0,2.0,0.0,0.0,0.0
6619,1.0,0.0,0.0,Hispanic,-0.019,5,9.0,6.0,0.0,0.0,,1.0,1.0,2.0,0.0,0.0,1.0,1.0,1.0,0.0,0.0,0.0
6620,0.0,0.0,0.0,Hispanic,0.215,7,8.0,6.0,0.0,0.0,23.854,2.0,2.0,2.0,0.0,0.0,1.0,1.0,1.0,,0.0,1.0
6621,1.0,0.0,0.0,Hispanic,,6,14.0,7.0,,0.0,51.992,2.0,1.0,1.0,0.0,0.0,2.0,1.0,2.0,0.0,1.0,0.0
6622,0.0,0.0,0.0,Hispanic,,6,14.0,7.0,,0.0,7.007,7.0,2.0,2.0,4.0,3.0,3.0,2.0,2.0,0.0,0.0,1.0
6623,1.0,0.0,0.0,Hispanic,,3,5.0,,,,,2.0,1.0,1.0,0.0,0.0,3.0,2.0,4.0,0.0,0.0,1.0
6624,1.0,0.0,1.0,Hispanic,-0.395,2,9.0,,0.0,0.0,55.069,12.0,3.0,2.0,0.0,0.0,2.0,4.0,1.0,0.0,0.0,0.0
6625,0.0,0.0,0.0,Hispanic,0.0254,7,6.0,6.0,0.0,0.0,,30.0,2.0,2.0,0.0,0.0,1.0,1.0,1.0,0.0,0.0,0.0
6626,1.0,0.0,1.0,Hispanic,28.2501,4,11.0,5.0,1.0,0.0,10.322,3.0,2.0,2.0,0.0,0.0,4.0,5.0,3.0,0.0,,0.0
6627,0.0,0.0,1.0,Hispanic,,3,4.0,,,0.0,4.658,5.0,3.0,3.0,1.0,0.0,5.0,5.0,5.0,0.0,1.0,0.0
6628,0.0,0.0,1.0,Hispanic,,3,4.0,,,0.0,10.674,3.0,2.0,3.0,0.0,0.0,1.0,1.0,1.0,0.0,0.0,0.0
6629,0.0,0.0,1.0,Hispanic,,2,8.0,,,0.0,21.685,20.0,2.0,3.0,0.0,1.0,4.0,2.0,2.0,0.0,0.0,0.0
6630,1.0,0.0,0.0,Hispanic,,5,11.0,3.0,,0.0,,0.0,4.0,4.0,0.0,0.0,2.0,1.0,2.0,1.0,0.0,0.0
6631,1.0,0.0,1.0,Hispanic,12.575,6,6.0,6.0,0.0,0.0,52.422,0.0,2.0,4.0,0.0,0.0,2.0,3.0,2.0,0.0,0.0,0.0
6632,0.0,0.0,1.0,Hispanic,12.575,6,6.0,6.0,0.0,0.0,11.35,2.0,2.0,1.0,0.0,0.0,3.0,4.0,1.0,0.0,0.0,0.0
6633,0.0,0.0,1.0,Hispanic,,6,12.0,16.0,,1.0,44.158,4.0,2.0,2.0,0.0,0.0,2.0,1.0,4.0,0.0,,0.0
6634,0.0,0.0,0.0,Hispanic,,6,12.0,16.0,,,37.63,0.0,1.0,1.0,0.0,0.0,1.0,1.0,1.0,0.0,,1.0
6635,1.0,0.0,1.0,Hispanic,,7,15.0,14.0,,,,1.0,2.0,3.0,0.0,0.0,3.0,3.0,2.0,0.0,,0.0
6636,1.0,0.0,1.0,Hispanic,10.45,4,12.0,14.0,1.0,0.0,48.962,3.0,2.0,2.0,0.0,0.0,4.0,4.0,3.0,1.0,0.0,0.0
6637,1.0,0.0,0.0,Hispanic,60.0,5,14.0,15.0,0.0,0.0,,1.0,1.0,2.0,0.0,0.0,1.0,1.0,1.0,0.0,,1.0
6638,1.0,0.0,1.0,Hispanic,,5,6.0,,,0.0,,0.0,2.0,2.0,1.0,0.0,2.0,2.0,1.0,1.0,0.0,0.0
6639,0.0,0.0,1.0,Hispanic,,7,5.0,5.0,,0.0,,4.0,2.0,2.0,3.0,1.0,1.0,1.0,2.0,0.0,0.0,0.0
6640,1.0,1.0,0.0,Hispanic,,3,,,0.0,0.0,,1.0,2.0,2.0,0.0,1.0,2.0,1.0,3.0,0.0,0.0,0.0
6641,0.0,0.0,0.0,Hispanic,0.08,3,7.0,15.0,0.0,0.0,,0.0,2.0,3.0,1.0,0.0,1.0,3.0,1.0,0.0,,0.0
6642,1.0,0.0,0.0,Hispanic,,3,,,,0.0,25.404,2.0,1.0,4.0,0.0,1.0,5.0,4.0,3.0,0.0,0.0,0.0
6643,1.0,,0.0,Hispanic,,3,,,,,22.062,2.0,2.0,2.0,0.0,0.0,,,,0.0,0.0,0.0
6644,0.0,0.0,0.0,Hispanic,13.775,6,6.0,5.0,0.0,,19.114,0.0,2.0,1.0,0.0,0.0,1.0,1.0,1.0,0.0,0.0,0.0
6645,0.0,0.0,1.0,Hispanic,0.05,4,2.0,,0.0,,14.727,8.0,2.0,2.0,1.0,1.0,4.0,2.0,1.0,1.0,0.0,1.0
6646,1.0,0.0,1.0,Hispanic,0.025,7,10.0,,0.0,0.0,,2.0,1.0,2.0,0.0,0.0,1.0,1.0,1.0,1.0,0.0,1.0
6647,0.0,0.0,0.0,Hispanic,,6,5.0,15.0,0.0,0.0,29.864,6.0,2.0,2.0,0.0,0.0,1.0,1.0,1.0,0.0,0.0,0.0
6648,1.0,0.0,1.0,Hispanic,,6,5.0,15.0,0.0,0.0,11.736,0.0,2.0,2.0,0.0,0.0,1.0,1.0,1.0,0.0,0.0,0.0
6649,0.0,0.0,1.0,Hispanic,,7,2.0,6.0,,0.0,,5.0,2.0,2.0,0.0,0.0,4.0,4.0,2.0,0.0,0.0,0.0
6650,0.0,0.0,1.0,Hispanic,,7,2.0,6.0,,0.0,,0.0,3.0,2.0,4.0,0.0,3.0,1.0,1.0,1.0,0.0,0.0
6651,0.0,0.0,1.0,Hispanic,,7,2.0,6.0,,0.0,,1.0,3.0,2.0,0.0,0.0,1.0,1.0,2.0,0.0,0.0,0.0
6652,0.0,0.0,1.0,Black,0.25,3,12.0,,0.0,0.0,,0.0,2.0,2.0,0.0,0.0,1.0,1.0,4.0,0.0,,0.0
6653,0.0,0.0,1.0,Hispanic,0.05,6,6.0,6.0,0.0,0.0,,30.0,2.0,3.0,0.0,0.0,,1.0,1.0,0.0,,0.0
6654,0.0,0.0,0.0,Hispanic,0.05,6,6.0,6.0,0.0,,,,2.0,3.0,1.0,0.0,,1.0,1.0,0.0,,0.0
6655,0.0,0.0,0.0,Hispanic,0.11,5,6.0,3.0,0.0,,5.976,25.0,2.0,2.0,0.0,0.0,1.0,1.0,1.0,0.0,,1.0
6656,0.0,0.0,0.0,Hispanic,0.11,5,6.0,3.0,0.0,,0.412,25.0,2.0,,0.0,0.0,1.0,1.0,2.0,0.0,0.0,1.0
6657,1.0,0.0,0.0,Hispanic,,4,11.0,11.0,,0.0,,4.0,2.0,3.0,0.0,0.0,2.0,1.0,3.0,0.0,,0.0
6658,0.0,0.0,0.0,Hispanic,0.375,6,2.0,4.0,0.0,0.0,,10.0,2.0,3.0,0.0,1.0,4.0,3.0,4.0,0.0,,0.0
6659,0.0,0.0,1.0,Hispanic,0.375,6,2.0,4.0,0.0,0.0,,3.0,1.0,2.0,0.0,1.0,2.0,5.0,2.0,0.0,0.0,0.0
6660,1.0,0.0,1.0,Hispanic,2.0,5,12.0,14.0,0.0,,82.968,10.0,1.0,2.0,0.0,0.0,2.0,2.0,2.0,0.0,,0.0
6661,0.0,0.0,0.0,Hispanic,2.0,5,12.0,14.0,0.0,,,4.0,2.0,3.0,4.0,3.0,2.0,1.0,1.0,0.0,,1.0
6662,0.0,1.0,0.0,Hispanic,2.0,5,12.0,14.0,0.0,,,5.0,2.0,2.0,0.0,0.0,1.0,1.0,1.0,0.0,,0.0
6663,0.0,0.0,1.0,Hispanic,1.05,5,,,0.0,0.0,,,2.0,2.0,,,2.0,2.0,2.0,0.0,0.0,0.0
6664,0.0,0.0,0.0,Hispanic,1.05,5,,,0.0,0.0,67.813,10.0,3.0,2.0,0.0,0.0,1.0,1.0,2.0,0.0,0.0,0.0
6665,0.0,0.0,1.0,Black,,4,,,,0.0,2.59,36.0,2.0,2.0,0.0,0.0,4.0,2.0,1.0,0.0,1.0,1.0
6667,0.0,0.0,1.0,Hispanic,0.175,4,8.0,,0.0,0.0,,1.0,1.0,3.0,0.0,1.0,4.0,2.0,3.0,0.0,0.0,0.0
6668,0.0,0.0,0.0,Hispanic,,7,,,,0.0,,5.0,2.0,2.0,0.0,0.0,3.0,2.0,1.0,0.0,0.0,0.0
6669,0.0,0.0,0.0,Hispanic,,7,,,,0.0,,14.0,3.0,2.0,0.0,0.0,2.0,2.0,2.0,0.0,0.0,0.0
6670,0.0,0.0,0.0,Hispanic,27.875,3,11.0,6.0,0.0,0.0,,0.0,2.0,2.0,0.0,1.0,4.0,4.0,4.0,0.0,,0.0
6671,1.0,0.0,1.0,Hispanic,12.79,5,12.0,12.0,0.0,0.0,,,2.0,1.0,0.0,1.0,3.0,2.0,2.0,0.0,0.0,0.0
6672,1.0,0.0,0.0,Hispanic,12.5501,4,11.0,11.0,0.0,0.0,,12.0,1.0,2.0,0.0,0.0,2.0,3.0,2.0,0.0,0.0,0.0
6673,,,1.0,Hispanic,0.05,2,3.0,3.0,0.0,,,7.0,3.0,3.0,0.0,0.0,3.0,3.0,2.0,0.0,,0.0
6674,1.0,0.0,0.0,Hispanic,0.375,5,3.0,3.0,0.0,0.0,0.0,10.0,1.0,1.0,0.0,0.0,1.0,1.0,1.0,0.0,0.0,0.0
6675,0.0,0.0,0.0,Hispanic,,6,10.0,4.0,,0.0,,0.0,2.0,2.0,0.0,0.0,3.0,2.0,2.0,0.0,,0.0
6676,0.0,0.0,0.0,Hispanic,,6,10.0,4.0,,0.0,8.263,2.0,2.0,2.0,0.0,0.0,3.0,3.0,4.0,0.0,,0.0
6677,0.0,0.0,0.0,Hispanic,0.335,7,11.0,,1.0,0.0,,21.0,4.0,3.0,0.0,3.0,3.0,4.0,4.0,0.0,0.0,1.0
6678,0.0,0.0,1.0,Hispanic,,7,,,,,,10.0,2.0,2.0,0.0,0.0,3.0,4.0,4.0,0.0,0.0,0.0
6679,0.0,0.0,0.0,Hispanic,0.335,7,11.0,,,,,9.0,2.0,2.0,0.0,0.0,2.0,1.0,2.0,0.0,,0.0
6680,1.0,0.0,0.0,Hispanic,,4,8.0,3.0,0.0,,17.55,6.0,2.0,2.0,0.0,0.0,3.0,2.0,2.0,0.0,,0.0
6681,0.0,0.0,0.0,Hispanic,,4,8.0,3.0,0.0,0.0,9.048,3.0,2.0,2.0,2.0,1.0,4.0,5.0,4.0,0.0,0.0,1.0
6682,0.0,0.0,1.0,Hispanic,5.425,5,16.0,12.0,0.0,0.0,6.37,5.0,2.0,3.0,0.0,0.0,2.0,2.0,2.0,0.0,0.0,0.0
6683,0.0,0.0,0.0,Hispanic,0.225,2,6.0,,0.0,,87.816,2.0,1.0,2.0,0.0,0.0,,,2.0,0.0,0.0,0.0
6684,1.0,0.0,0.0,Hispanic,,5,11.0,,,0.0,,24.0,3.0,1.0,1.0,0.0,3.0,3.0,2.0,1.0,0.0,1.0
6685,1.0,0.0,0.0,Black,0.375,4,16.0,12.0,0.0,1.0,,4.0,3.0,2.0,0.0,0.0,3.0,1.0,2.0,1.0,0.0,0.0
6686,0.0,0.0,0.0,Black,0.175,4,12.0,12.0,,,,5.0,1.0,1.0,0.0,0.0,1.0,1.0,1.0,0.0,0.0,0.0
6687,1.0,0.0,1.0,Black,0.45,8,,,0.0,1.0,,2.0,2.0,2.0,1.0,0.0,2.0,2.0,2.0,0.0,0.0,0.0
6688,0.0,0.0,1.0,Black,0.45,8,,,0.0,0.0,,3.0,2.0,2.0,0.0,1.0,2.0,1.0,4.0,0.0,0.0,0.0
6689,0.0,0.0,1.0,Hispanic,0.45,8,,,0.0,0.0,,1.0,2.0,2.0,0.0,2.0,2.0,1.0,2.0,0.0,0.0,1.0
6690,0.0,0.0,0.0,Black,,2,11.0,,,0.0,,14.0,2.0,2.0,0.0,0.0,2.0,2.0,1.0,0.0,,0.0
6692,1.0,0.0,1.0,Hispanic,,6,6.0,,,0.0,39.194,4.0,3.0,2.0,0.0,0.0,3.0,4.0,3.0,0.0,0.0,0.0
6693,1.0,0.0,0.0,Black,4.3,3,12.0,8.0,0.0,0.0,,3.0,2.0,1.0,0.0,1.0,4.0,3.0,2.0,0.0,0.0,0.0
6694,0.0,0.0,0.0,Hispanic,0.05,5,11.0,9.0,0.0,1.0,,5.0,2.0,2.0,0.0,1.0,2.0,1.0,1.0,0.0,0.0,0.0
6695,1.0,0.0,0.0,Hispanic,0.75,5,12.0,12.0,0.0,,,5.0,2.0,2.0,0.0,0.0,2.0,2.0,1.0,0.0,0.0,1.0
6696,0.0,0.0,1.0,Hispanic,0.75,5,12.0,12.0,0.0,,,3.0,2.0,3.0,2.0,0.0,4.0,3.0,3.0,1.0,0.0,0.0
6697,0.0,0.0,0.0,Hispanic,,6,15.0,12.0,,0.0,,14.0,1.0,2.0,0.0,1.0,1.0,1.0,1.0,0.0,0.0,1.0
6698,0.0,0.0,1.0,Hispanic,1.75,2,10.0,,0.0,,,7.0,2.0,3.0,3.0,1.0,2.0,2.0,1.0,0.0,,0.0
6699,0.0,0.0,0.0,Hispanic,,4,12.0,15.0,,0.0,,0.0,2.0,3.0,2.0,0.0,4.0,1.0,1.0,1.0,0.0,0.0
6700,1.0,0.0,1.0,Hispanic,1.875,6,2.0,3.0,0.0,0.0,13.858,1.0,2.0,2.0,0.0,0.0,4.0,2.0,3.0,0.0,0.0,0.0
6701,0.0,0.0,0.0,Hispanic,1.875,6,2.0,3.0,0.0,0.0,24.591,0.0,2.0,2.0,1.0,1.0,1.0,1.0,1.0,0.0,0.0,1.0
6702,0.0,1.0,0.0,Hispanic,5.335,4,12.0,14.0,0.0,,61.093,6.0,1.0,1.0,1.0,0.0,2.0,3.0,1.0,0.0,0.0,0.0
6703,0.0,0.0,0.0,Hispanic,,4,6.0,,,0.0,,3.0,2.0,2.0,0.0,0.0,1.0,1.0,3.0,0.0,,0.0
6704,1.0,0.0,0.0,Hispanic,,4,6.0,,,0.0,,0.0,2.0,2.0,0.0,0.0,1.0,1.0,1.0,0.0,,0.0
6705,0.0,0.0,0.0,Hispanic,0.375,3,9.0,,0.0,,,12.0,2.0,3.0,0.0,1.0,4.0,5.0,5.0,0.0,,1.0
6706,1.0,0.0,1.0,Hispanic,-1.405,5,6.0,,0.0,0.0,80.12,18.0,2.0,4.0,0.0,0.0,3.0,3.0,1.0,0.0,0.0,0.0
6707,1.0,0.0,1.0,Hispanic,0.05,6,6.0,3.0,0.0,,,5.0,2.0,2.0,0.0,0.0,4.0,3.0,5.0,0.0,0.0,0.0
6708,1.0,1.0,0.0,Hispanic,0.05,6,6.0,3.0,0.0,0.0,,3.0,2.0,3.0,0.0,0.0,2.0,3.0,4.0,0.0,0.0,0.0
6709,1.0,0.0,0.0,Hispanic,0.407,5,10.0,,0.0,0.0,12.669,2.0,1.0,2.0,0.0,0.0,2.0,1.0,1.0,0.0,0.0,0.0
6710,0.0,0.0,0.0,Hispanic,0.407,5,10.0,,0.0,0.0,48.033,2.0,2.0,1.0,0.0,0.0,1.0,1.0,1.0,0.0,1.0,0.0
6711,0.0,0.0,1.0,Hispanic,2.23,5,5.0,11.0,1.0,,,1.0,2.0,2.0,0.0,0.0,1.0,1.0,1.0,0.0,,0.0
6712,,,1.0,Hispanic,2.23,5,5.0,11.0,1.0,,,0.0,3.0,2.0,0.0,0.0,1.0,1.0,1.0,0.0,,0.0
6713,0.0,0.0,1.0,Hispanic,0.16,7,,3.0,0.0,,,17.0,3.0,2.0,0.0,0.0,3.0,1.0,3.0,0.0,0.0,0.0
6714,1.0,1.0,1.0,Hispanic,,3,12.0,12.0,,0.0,,2.0,2.0,2.0,0.0,0.0,3.0,1.0,2.0,0.0,0.0,0.0
6715,0.0,0.0,0.0,Hispanic,0.175,7,9.0,,0.0,,,6.0,2.0,2.0,0.0,0.0,1.0,1.0,1.0,0.0,,0.0
6716,1.0,0.0,1.0,Hispanic,0.75,6,14.0,7.0,0.0,,,3.0,2.0,2.0,0.0,0.0,4.0,4.0,2.0,0.0,0.0,0.0
6717,1.0,1.0,0.0,Hispanic,,2,12.0,,,0.0,,30.0,2.0,2.0,5.0,8.0,3.0,2.0,5.0,0.0,0.0,0.0
6718,0.0,0.0,1.0,Hispanic,,4,,7.0,,,,0.0,1.0,1.0,0.0,0.0,1.0,1.0,1.0,0.0,,0.0
6719,1.0,0.0,0.0,Hispanic,,4,7.0,7.0,,1.0,,0.0,1.0,1.0,0.0,0.0,1.0,1.0,1.0,0.0,0.0,0.0
6720,0.0,0.0,0.0,Hispanic,5.75,5,12.0,5.0,0.0,,,30.0,3.0,4.0,2.0,0.0,3.0,4.0,2.0,,0.0,1.0
6721,0.0,0.0,1.0,Hispanic,1.45,10,12.0,14.0,0.0,0.0,,3.0,2.0,2.0,0.0,0.0,1.0,2.0,1.0,0.0,0.0,0.0
6722,0.0,0.0,1.0,Hispanic,15.625,6,8.0,6.0,0.0,,,5.0,2.0,2.0,0.0,0.0,5.0,5.0,1.0,1.0,,0.0
6723,0.0,0.0,0.0,Hispanic,15.625,6,8.0,6.0,0.0,,,0.0,1.0,2.0,0.0,1.0,1.0,1.0,3.0,0.0,1.0,1.0
6724,0.0,0.0,0.0,Hispanic,15.625,6,8.0,6.0,0.0,0.0,,4.0,2.0,2.0,0.0,1.0,1.0,1.0,1.0,0.0,0.0,1.0
6725,,,1.0,Hispanic,0.05,2,6.0,6.0,0.0,,28.926,,,,,,,,,0.0,,0.0
6726,1.0,0.0,0.0,Hispanic,1.17,6,6.0,6.0,0.0,,,5.0,2.0,2.0,0.0,0.0,1.0,1.0,1.0,0.0,0.0,0.0
6727,0.0,0.0,1.0,Hispanic,1.3,5,12.0,,0.0,0.0,10.697,7.0,2.0,2.0,0.0,0.0,4.0,2.0,1.0,0.0,0.0,0.0
6728,0.0,0.0,0.0,Hispanic,1.3,5,12.0,,0.0,0.0,1.908,2.0,2.0,3.0,0.0,0.0,2.0,2.0,2.0,0.0,0.0,0.0
6729,1.0,0.0,0.0,Hispanic,15.825,4,12.0,13.0,0.0,0.0,40.503,5.0,2.0,2.0,0.0,1.0,1.0,1.0,1.0,0.0,0.0,0.0
6730,1.0,0.0,1.0,Hispanic,2.95,5,,,0.0,,15.294,0.0,2.0,2.0,0.0,0.0,1.0,1.0,1.0,0.0,0.0,0.0
6731,1.0,0.0,1.0,Black,53.4501,5,18.0,15.0,0.0,,,4.0,1.0,1.0,0.0,0.0,1.0,1.0,1.0,0.0,0.0,0.0
6732,1.0,,0.0,Black,53.4501,5,18.0,15.0,0.0,0.0,,0.0,2.0,3.0,0.0,0.0,1.0,1.0,1.0,0.0,1.0,0.0
6733,1.0,0.0,0.0,Black,,2,16.0,,0.0,0.0,,,3.0,2.0,0.0,0.0,3.0,4.0,2.0,0.0,,0.0
6734,0.0,0.0,0.0,Hispanic,,3,12.0,12.0,,0.0,39.763,,,,,,,,,,0.0,1.0
6735,1.0,0.0,1.0,Hispanic,,5,12.0,,,1.0,,10.0,1.0,2.0,1.0,0.0,4.0,2.0,2.0,0.0,0.0,1.0
6736,1.0,0.0,1.0,Hispanic,0.175,5,11.0,,,,,12.0,2.0,3.0,0.0,0.0,1.0,1.0,1.0,0.0,,0.0
6737,1.0,0.0,1.0,Hispanic,,5,13.0,12.0,,,,1.0,1.0,1.0,0.0,0.0,2.0,3.0,1.0,0.0,,0.0
6738,1.0,0.0,0.0,Hispanic,24.775,4,20.0,16.0,0.0,0.0,94.693,2.0,1.0,2.0,0.0,0.0,1.0,2.0,1.0,0.0,0.0,0.0
6739,0.0,0.0,0.0,Hispanic,,7,14.0,11.0,,0.0,,4.0,1.0,2.0,0.0,1.0,4.0,2.0,1.0,0.0,0.0,0.0
6740,1.0,0.0,0.0,Hispanic,,4,,,,0.0,7.807,0.0,1.0,2.0,0.0,0.0,4.0,3.0,2.0,0.0,0.0,0.0
6741,0.0,0.0,1.0,Hispanic,1.0,2,10.0,,0.0,,,5.0,4.0,2.0,0.0,0.0,1.0,1.0,1.0,0.0,0.0,0.0
6742,0.0,0.0,0.0,Hispanic,,5,8.0,8.0,,,50.759,1.0,2.0,2.0,0.0,0.0,1.0,1.0,1.0,0.0,0.0,0.0
6743,0.0,0.0,0.0,Hispanic,,5,8.0,8.0,,0.0,,7.0,1.0,2.0,0.0,0.0,1.0,1.0,1.0,0.0,0.0,0.0
6744,0.0,1.0,0.0,Hispanic,,5,10.0,8.0,,0.0,37.171,0.0,2.0,2.0,0.0,2.0,4.0,3.0,2.0,1.0,1.0,0.0
6745,1.0,0.0,0.0,Hispanic,,5,10.0,8.0,,0.0,61.337,1.0,2.0,2.0,0.0,0.0,1.0,1.0,1.0,1.0,0.0,0.0
6746,1.0,0.0,1.0,Hispanic,,3,10.0,6.0,,0.0,28.521,0.0,1.0,1.0,0.0,0.0,1.0,1.0,1.0,0.0,0.0,0.0
6747,0.0,0.0,0.0,Hispanic,,3,12.0,12.0,0.0,,42.128,1.0,2.0,1.0,0.0,0.0,4.0,4.0,1.0,,1.0,1.0
6748,0.0,0.0,1.0,Hispanic,,5,12.0,12.0,,0.0,14.335,7.0,1.0,2.0,20.0,0.0,5.0,4.0,3.0,0.0,0.0,0.0
6749,0.0,0.0,1.0,Hispanic,,5,12.0,12.0,,0.0,45.629,2.0,2.0,1.0,1.0,0.0,2.0,1.0,1.0,0.0,0.0,0.0
6750,1.0,0.0,1.0,Hispanic,,5,14.0,16.0,,0.0,,4.0,2.0,2.0,0.0,1.0,1.0,1.0,1.0,,0.0,0.0
6751,0.0,0.0,1.0,Hispanic,,5,14.0,16.0,,0.0,,0.0,2.0,2.0,0.0,0.0,2.0,1.0,1.0,0.0,0.0,0.0
6752,1.0,0.0,1.0,Hispanic,0.75,7,,12.0,0.0,0.0,62.376,,2.0,2.0,,,3.0,2.0,1.0,0.0,,0.0
6753,0.0,0.0,1.0,Hispanic,0.75,7,,12.0,0.0,0.0,64.801,0.0,2.0,2.0,0.0,0.0,1.0,1.0,1.0,0.0,0.0,1.0
6754,0.0,0.0,1.0,Hispanic,,2,,,,0.0,12.094,15.0,2.0,3.0,2.0,2.0,3.0,3.0,1.0,0.0,0.0,0.0
6755,1.0,0.0,0.0,Hispanic,0.375,3,14.0,,0.0,0.0,,4.0,2.0,2.0,0.0,0.0,1.0,1.0,1.0,0.0,0.0,0.0
6756,1.0,0.0,1.0,Hispanic,0.375,2,12.0,12.0,0.0,0.0,67.911,8.0,3.0,3.0,0.0,0.0,4.0,3.0,3.0,0.0,0.0,0.0
6757,1.0,0.0,1.0,Hispanic,13.25,3,14.0,16.0,0.0,0.0,72.309,3.0,1.0,2.0,0.0,0.0,1.0,1.0,1.0,0.0,0.0,0.0
6758,0.0,,0.0,Hispanic,0.375,3,10.0,10.0,0.0,,21.584,5.0,4.0,2.0,0.0,0.0,4.0,4.0,4.0,0.0,,0.0
6759,1.0,0.0,0.0,Hispanic,0.13,5,9.0,,0.0,,85.403,10.0,2.0,1.0,0.0,0.0,1.0,1.0,2.0,0.0,0.0,0.0
6760,0.0,0.0,1.0,Hispanic,0.13,5,9.0,,0.0,0.0,67.835,6.0,1.0,2.0,0.0,0.0,1.0,1.0,1.0,0.0,,0.0
6761,0.0,0.0,0.0,Hispanic,1.975,4,4.0,6.0,0.0,0.0,1.606,5.0,2.0,2.0,0.0,1.0,1.0,1.0,3.0,0.0,0.0,1.0
6762,0.0,0.0,0.0,Hispanic,0.175,7,6.0,6.0,0.0,0.0,14.038,3.0,2.0,3.0,0.0,0.0,1.0,1.0,1.0,0.0,0.0,0.0
6763,0.0,0.0,1.0,Hispanic,,3,12.0,12.0,,0.0,,6.0,2.0,2.0,0.0,0.0,1.0,1.0,1.0,0.0,0.0,0.0
6764,1.0,0.0,0.0,Hispanic,,4,9.0,8.0,0.0,,,6.0,3.0,3.0,0.0,0.0,2.0,3.0,2.0,0.0,0.0,0.0
6765,1.0,0.0,1.0,Hispanic,,5,6.0,,,,52.127,0.0,2.0,1.0,0.0,0.0,1.0,2.0,3.0,0.0,0.0,0.0
6766,1.0,0.0,1.0,Hispanic,,9,6.0,7.0,,0.0,23.896,2.0,2.0,2.0,0.0,0.0,1.0,1.0,2.0,0.0,0.0,0.0
6767,1.0,0.0,0.0,Hispanic,,9,6.0,7.0,,0.0,27.267,2.0,2.0,2.0,0.0,0.0,3.0,2.0,3.0,0.0,0.0,0.0
6768,1.0,0.0,0.0,Hispanic,,9,6.0,7.0,,0.0,4.003,6.0,2.0,2.0,0.0,0.0,1.0,1.0,1.0,0.0,0.0,0.0
6769,1.0,0.0,1.0,Hispanic,,4,3.0,3.0,,0.0,,2.0,1.0,1.0,0.0,0.0,1.0,1.0,1.0,0.0,0.0,0.0
6770,1.0,0.0,0.0,Hispanic,,4,3.0,3.0,,0.0,56.012,1.0,1.0,2.0,1.0,3.0,1.0,,1.0,0.0,0.0,0.0
6771,1.0,0.0,1.0,Hispanic,,6,12.0,10.0,,0.0,31.005,6.0,2.0,2.0,0.0,0.0,2.0,4.0,1.0,0.0,,0.0
6772,0.0,0.0,0.0,Hispanic,,6,12.0,10.0,,0.0,19.418,5.0,2.0,2.0,1.0,0.0,1.0,1.0,3.0,0.0,0.0,
6773,1.0,,0.0,Hispanic,23.85,3,17.0,10.0,0.0,0.0,45.352,4.0,2.0,1.0,0.0,0.0,1.0,1.0,1.0,0.0,0.0,0.0
6774,1.0,0.0,1.0,Hispanic,,4,,12.0,,0.0,31.139,5.0,1.0,1.0,0.0,0.0,1.0,1.0,1.0,0.0,0.0,0.0
6775,0.0,0.0,1.0,Hispanic,,6,8.0,,,0.0,7.612,10.0,2.0,1.0,0.0,0.0,1.0,1.0,5.0,0.0,0.0,0.0
6776,0.0,0.0,1.0,Hispanic,,4,12.0,13.0,,0.0,52.456,0.0,2.0,2.0,0.0,0.0,2.0,2.0,1.0,0.0,0.0,0.0
6777,0.0,0.0,1.0,Hispanic,,4,12.0,13.0,,0.0,27.137,0.0,2.0,2.0,0.0,0.0,3.0,2.0,2.0,0.0,1.0,0.0
6778,0.0,0.0,0.0,Hispanic,,4,12.0,13.0,,,21.8,0.0,3.0,2.0,0.0,0.0,2.0,1.0,1.0,0.0,0.0,0.0
6779,1.0,0.0,0.0,Hispanic,,5,8.0,8.0,,0.0,42.659,10.0,2.0,1.0,0.0,0.0,3.0,1.0,1.0,1.0,0.0,0.0
6780,0.0,1.0,0.0,Hispanic,,5,8.0,8.0,,0.0,14.161,4.0,3.0,2.0,0.0,1.0,2.0,1.0,1.0,1.0,0.0,1.0
6781,1.0,0.0,1.0,Hispanic,0.175,6,6.0,6.0,0.0,0.0,,3.0,2.0,2.0,0.0,0.0,2.0,2.0,1.0,0.0,0.0,0.0
6782,1.0,0.0,1.0,Hispanic,0.175,6,6.0,6.0,0.0,0.0,,3.0,2.0,2.0,0.0,0.0,2.0,1.0,1.0,0.0,0.0,0.0
6783,0.0,0.0,0.0,Hispanic,0.05,7,,,0.0,0.0,12.255,5.0,2.0,3.0,1.0,0.0,1.0,1.0,1.0,0.0,0.0,0.0
6784,1.0,0.0,0.0,Hispanic,,8,9.0,9.0,,0.0,7.661,3.0,2.0,1.0,0.0,0.0,2.0,2.0,4.0,0.0,0.0,0.0
6785,1.0,0.0,1.0,Hispanic,0.175,6,5.0,,0.0,,33.079,2.0,1.0,1.0,0.0,0.0,1.0,1.0,1.0,0.0,0.0,0.0
6786,0.0,0.0,1.0,Hispanic,0.175,6,5.0,,0.0,,25.409,3.0,2.0,2.0,0.0,0.0,1.0,1.0,2.0,0.0,0.0,0.0
6787,0.0,0.0,0.0,Hispanic,0.175,6,5.0,,0.0,,5.045,2.0,2.0,2.0,0.0,0.0,1.0,1.0,1.0,0.0,0.0,0.0
6788,0.0,0.0,1.0,Hispanic,,6,10.0,12.0,,0.0,7.03,3.0,4.0,3.0,1.0,0.0,2.0,4.0,4.0,1.0,0.0,0.0
6789,1.0,0.0,0.0,Hispanic,,6,10.0,,,0.0,10.728,1.0,2.0,2.0,1.0,2.0,1.0,1.0,2.0,0.0,0.0,1.0
6790,0.0,0.0,0.0,Hispanic,0.305,4,13.0,5.0,0.0,0.0,0.28,3.0,1.0,1.0,0.0,0.0,4.0,3.0,3.0,0.0,0.0,1.0
6791,0.0,0.0,1.0,Hispanic,0.05,3,8.0,,1.0,1.0,30.673,15.0,3.0,2.0,0.0,0.0,4.0,5.0,5.0,0.0,1.0,0.0
6792,1.0,0.0,0.0,Hispanic,0.02,3,10.0,6.0,0.0,0.0,19.718,35.0,2.0,2.0,0.0,0.0,2.0,1.0,3.0,0.0,0.0,0.0
6793,1.0,0.0,1.0,Hispanic,0.48,5,6.0,9.0,0.0,0.0,10.76,3.0,1.0,2.0,0.0,0.0,3.0,4.0,4.0,0.0,0.0,0.0
6794,1.0,1.0,1.0,Hispanic,3.15,4,12.0,12.0,0.0,,25.883,8.0,3.0,3.0,0.0,0.0,4.0,4.0,3.0,1.0,0.0,0.0
6795,1.0,0.0,1.0,Hispanic,3.2,3,14.0,12.0,0.0,,42.918,3.0,3.0,2.0,0.0,0.0,1.0,1.0,1.0,0.0,0.0,0.0
6796,0.0,0.0,0.0,Hispanic,11.404,6,12.0,12.0,0.0,0.0,11.219,1.0,2.0,1.0,0.0,0.0,1.0,1.0,2.0,0.0,0.0,0.0
6797,0.0,1.0,0.0,Black,1.76,2,13.0,,0.0,,9.396,4.0,2.0,2.0,0.0,0.0,3.0,4.0,4.0,1.0,1.0,0.0
6798,0.0,0.0,0.0,Black,1.2,2,13.0,12.0,0.0,,39.812,0.0,2.0,1.0,0.0,0.0,1.0,2.0,1.0,1.0,0.0,0.0
6799,1.0,0.0,1.0,Hispanic,,6,7.0,6.0,,0.0,,3.0,2.0,3.0,0.0,0.0,1.0,1.0,2.0,0.0,0.0,0.0
6800,0.0,0.0,0.0,Hispanic,,6,,,,0.0,,7.0,1.0,2.0,0.0,0.0,1.0,1.0,1.0,0.0,0.0,0.0
6801,0.0,0.0,1.0,Hispanic,,6,6.0,3.0,,,,2.0,1.0,2.0,0.0,0.0,1.0,1.0,1.0,0.0,0.0,0.0
6802,0.0,0.0,0.0,Hispanic,0.325,6,6.0,3.0,0.0,0.0,,,2.0,2.0,,,1.0,1.0,1.0,0.0,,0.0
6803,1.0,0.0,1.0,Hispanic,8.2,8,13.0,7.0,0.0,0.0,42.886,2.0,2.0,3.0,0.0,0.0,3.0,2.0,2.0,1.0,0.0,0.0
6804,0.0,0.0,0.0,Hispanic,8.2,8,13.0,7.0,0.0,0.0,2.606,1.0,2.0,2.0,0.0,0.0,1.0,1.0,1.0,0.0,0.0,0.0
6805,1.0,0.0,1.0,Hispanic,1.945,6,7.0,6.0,0.0,0.0,28.282,2.0,3.0,3.0,0.0,0.0,2.0,4.0,1.0,0.0,0.0,0.0
6806,1.0,0.0,0.0,Hispanic,0.975,5,9.0,12.0,0.0,0.0,72.751,3.0,2.0,2.0,0.0,0.0,2.0,1.0,1.0,0.0,0.0,0.0
6807,1.0,0.0,1.0,Hispanic,0.975,5,9.0,12.0,0.0,0.0,16.275,3.0,2.0,2.0,0.0,0.0,1.0,1.0,1.0,0.0,0.0,0.0
6808,0.0,0.0,1.0,Hispanic,0.335,5,11.0,11.0,0.0,0.0,18.883,4.0,2.0,3.0,5.0,0.0,5.0,5.0,5.0,1.0,0.0,0.0
6809,1.0,1.0,1.0,Hispanic,2.57,6,12.0,12.0,0.0,0.0,48.727,6.0,2.0,1.0,0.0,0.0,1.0,2.0,1.0,0.0,0.0,0.0
6810,1.0,0.0,1.0,Hispanic,1.325,6,6.0,5.0,0.0,0.0,10.555,3.0,2.0,2.0,0.0,0.0,2.0,3.0,2.0,0.0,0.0,0.0
6811,0.0,0.0,1.0,Hispanic,1.325,6,6.0,5.0,0.0,0.0,12.629,3.0,2.0,2.0,0.0,0.0,3.0,1.0,2.0,0.0,0.0,0.0
6812,0.0,0.0,0.0,Hispanic,-1.775,6,10.0,6.0,0.0,0.0,13.709,3.0,1.0,2.0,0.0,0.0,1.0,3.0,1.0,0.0,0.0,0.0
6813,0.0,0.0,1.0,Hispanic,-1.775,6,10.0,6.0,0.0,,23.316,,2.0,2.0,0.0,0.0,4.0,5.0,4.0,0.0,0.0,0.0
6814,0.0,0.0,0.0,Hispanic,6.55,5,6.0,9.0,0.0,0.0,,0.0,3.0,2.0,0.0,0.0,3.0,1.0,1.0,1.0,0.0,0.0
6815,1.0,0.0,1.0,Black,1.2,4,12.0,12.0,0.0,0.0,51.239,0.0,2.0,2.0,0.0,0.0,3.0,4.0,1.0,1.0,0.0,0.0
6816,1.0,0.0,0.0,Black,1.2,4,12.0,12.0,0.0,0.0,12.148,1.0,2.0,3.0,0.0,0.0,1.0,1.0,1.0,0.0,0.0,0.0
6817,0.0,0.0,1.0,Hispanic,0.15,7,5.0,6.0,0.0,0.0,0.622,2.0,1.0,2.0,0.0,0.0,1.0,1.0,2.0,0.0,,0.0
6818,0.0,0.0,1.0,Hispanic,,5,6.0,14.0,,0.0,5.559,4.0,2.0,3.0,0.0,0.0,4.0,4.0,4.0,0.0,0.0,0.0
6819,0.0,0.0,0.0,Hispanic,-0.925,5,6.0,14.0,,0.0,47.618,5.0,2.0,1.0,0.0,1.0,2.0,1.0,3.0,0.0,0.0,0.0
6820,0.0,0.0,1.0,Hispanic,0.875,7,6.0,6.0,0.0,,,4.0,2.0,2.0,0.0,0.0,1.0,1.0,1.0,0.0,0.0,0.0
6821,0.0,0.0,1.0,Hispanic,,7,6.0,8.0,,0.0,25.852,1.0,2.0,2.0,0.0,2.0,1.0,1.0,5.0,0.0,0.0,0.0
6822,0.0,0.0,1.0,Hispanic,,7,6.0,8.0,,,0.841,2.0,2.0,2.0,0.0,0.0,1.0,2.0,2.0,0.0,0.0,0.0
6823,0.0,0.0,1.0,Hispanic,0.375,5,12.0,,0.0,0.0,13.665,0.0,2.0,2.0,0.0,0.0,1.0,1.0,1.0,0.0,0.0,0.0
6824,1.0,0.0,0.0,Hispanic,1.175,6,5.0,6.0,0.0,0.0,76.679,0.0,1.0,2.0,0.0,0.0,4.0,3.0,1.0,1.0,0.0,0.0
6825,1.0,0.0,1.0,Hispanic,1.175,6,5.0,6.0,0.0,0.0,7.911,2.0,1.0,2.0,0.0,0.0,1.0,1.0,1.0,0.0,0.0,0.0
6826,1.0,0.0,0.0,Hispanic,16.125,7,14.0,9.0,0.0,,46.868,2.0,2.0,2.0,0.0,0.0,1.0,1.0,1.0,0.0,0.0,0.0
6827,0.0,1.0,0.0,Hispanic,14.75,6,12.0,12.0,0.0,0.0,25.105,3.0,2.0,3.0,0.0,0.0,3.0,3.0,3.0,0.0,0.0,1.0
6828,0.0,0.0,0.0,Hispanic,,3,12.0,12.0,,0.0,75.903,5.0,1.0,2.0,0.0,0.0,2.0,2.0,2.0,0.0,0.0,0.0
6829,1.0,0.0,1.0,Hispanic,,3,12.0,12.0,,0.0,30.639,4.0,1.0,2.0,0.0,0.0,3.0,2.0,1.0,0.0,0.0,0.0
6830,1.0,0.0,0.0,Hispanic,16.875,6,12.0,12.0,0.0,0.0,,0.0,1.0,1.0,0.0,0.0,2.0,1.0,1.0,0.0,0.0,0.0
6831,1.0,0.0,1.0,Hispanic,16.875,6,12.0,12.0,0.0,0.0,,0.0,2.0,2.0,0.0,0.0,1.0,1.0,1.0,0.0,0.0,0.0
6832,0.0,0.0,1.0,Hispanic,9.675,6,12.0,12.0,0.0,0.0,14.368,7.0,2.0,4.0,1.0,0.0,5.0,3.0,2.0,0.0,0.0,0.0
6833,0.0,1.0,0.0,Black,,4,13.0,12.0,0.0,,,4.0,4.0,1.0,0.0,0.0,3.0,1.0,4.0,0.0,0.0,0.0
6834,1.0,0.0,1.0,Black,,4,13.0,12.0,0.0,,,4.0,4.0,3.0,0.0,1.0,1.0,1.0,1.0,0.0,,0.0
6835,1.0,0.0,1.0,Black,0.05,4,12.0,13.0,0.0,1.0,37.23,3.0,2.0,1.0,0.0,0.0,4.0,4.0,3.0,1.0,0.0,0.0
6836,1.0,0.0,0.0,Black,,4,16.0,12.0,,0.0,,0.0,2.0,2.0,0.0,2.0,4.0,1.0,2.0,0.0,0.0,0.0
6837,1.0,1.0,0.0,Black,,4,12.0,16.0,0.0,,,3.0,2.0,2.0,0.0,0.0,1.0,1.0,4.0,0.0,0.0,0.0
6838,1.0,0.0,1.0,Black,7.295,2,12.0,12.0,0.0,0.0,48.315,4.0,2.0,1.0,0.0,0.0,3.0,1.0,1.0,0.0,,0.0
6839,,,1.0,Black,,6,12.0,13.0,,,14.654,0.0,2.0,3.0,0.0,0.0,4.0,3.0,3.0,1.0,,0.0
6840,,,1.0,Black,,6,12.0,13.0,,,6.144,0.0,1.0,2.0,0.0,0.0,2.0,2.0,1.0,0.0,,0.0
6841,0.0,0.0,0.0,Hispanic,-0.55,5,12.0,,0.0,1.0,51.93,11.0,2.0,2.0,10.0,0.0,4.0,4.0,2.0,1.0,0.0,1.0
6842,1.0,0.0,1.0,Hispanic,-0.55,5,12.0,,0.0,1.0,53.114,4.0,1.0,2.0,2.0,1.0,1.0,1.0,3.0,0.0,0.0,0.0
6843,0.0,0.0,0.0,Black,0.75,7,12.0,,0.0,,,15.0,2.0,1.0,2.0,3.0,4.0,3.0,2.0,,0.0,0.0
6844,0.0,0.0,0.0,Black,0.75,7,12.0,,0.0,0.0,0.684,3.0,3.0,4.0,0.0,3.0,5.0,5.0,5.0,0.0,0.0,1.0
6845,0.0,0.0,0.0,Hispanic,1.25,6,,,0.0,0.0,14.102,6.0,2.0,2.0,0.0,0.0,2.0,2.0,1.0,0.0,,0.0
6846,1.0,0.0,0.0,Black,0.73,3,12.0,14.0,0.0,1.0,15.157,0.0,2.0,2.0,0.0,1.0,1.0,1.0,1.0,0.0,0.0,0.0
6847,1.0,0.0,0.0,Black,0.73,3,,,0.0,1.0,9.426,2.0,2.0,2.0,0.0,0.0,2.0,1.0,2.0,0.0,0.0,0.0
6848,1.0,1.0,0.0,Hispanic,1.125,5,8.0,6.0,0.0,,,2.0,2.0,1.0,0.0,0.0,3.0,2.0,1.0,0.0,0.0,0.0
6849,1.0,0.0,1.0,Hispanic,0.435,4,13.0,,0.0,,69.573,5.0,2.0,2.0,0.0,0.0,3.0,4.0,1.0,0.0,0.0,0.0
6850,0.0,0.0,0.0,Hispanic,0.87,3,6.0,18.0,0.0,0.0,13.673,5.0,2.0,2.0,0.0,0.0,2.0,2.0,1.0,0.0,0.0,0.0
6851,0.0,0.0,1.0,Hispanic,,5,11.0,6.0,,0.0,10.565,6.0,2.0,3.0,1.0,0.0,2.0,1.0,3.0,0.0,0.0,0.0
6852,1.0,0.0,1.0,Hispanic,,5,11.0,6.0,,0.0,21.942,4.0,2.0,2.0,1.0,0.0,2.0,2.0,2.0,0.0,0.0,0.0
6853,,,0.0,Hispanic,,3,12.0,,,,,2.0,3.0,3.0,0.0,1.0,1.0,2.0,3.0,0.0,,0.0
6854,1.0,0.0,0.0,Hispanic,2.8,5,9.0,12.0,0.0,,,6.0,2.0,3.0,0.0,0.0,2.0,1.0,4.0,0.0,0.0,0.0
6855,0.0,0.0,1.0,Hispanic,,4,12.0,,,,,16.0,1.0,2.0,0.0,0.0,2.0,1.0,1.0,0.0,,0.0
6856,0.0,0.0,0.0,Hispanic,1.65,3,12.0,12.0,0.0,,6.529,2.0,1.0,2.0,0.0,2.0,,1.0,1.0,0.0,0.0,0.0
6857,0.0,0.0,1.0,Hispanic,0.375,4,9.0,,0.0,,59.54,45.0,3.0,2.0,0.0,1.0,3.0,3.0,1.0,0.0,,0.0
6858,0.0,0.0,1.0,Hispanic,0.375,4,9.0,,0.0,,34.91,52.0,2.0,2.0,0.0,1.0,2.0,3.0,1.0,0.0,,0.0
6859,1.0,1.0,0.0,Hispanic,0.725,5,,,0.0,0.0,77.512,6.0,1.0,2.0,0.0,0.0,1.0,1.0,1.0,0.0,0.0,0.0
6860,1.0,1.0,0.0,Hispanic,0.725,5,,,0.0,0.0,51.461,6.0,3.0,3.0,0.0,0.0,2.0,,,0.0,1.0,0.0
6861,1.0,0.0,0.0,Hispanic,2.25,7,12.0,14.0,0.0,0.0,72.896,2.0,2.0,2.0,0.0,0.0,2.0,2.0,1.0,0.0,0.0,0.0
6862,1.0,0.0,0.0,Hispanic,,4,14.0,18.0,,1.0,65.666,,2.0,3.0,0.0,0.0,4.0,1.0,5.0,0.0,,0.0
6863,0.0,0.0,0.0,Black,10.315,5,12.0,12.0,0.0,0.0,3.52,11.0,2.0,2.0,1.0,1.0,5.0,3.0,2.0,0.0,0.0,1.0
6864,0.0,,1.0,Black,,4,12.0,,,,37.77,0.0,3.0,2.0,0.0,0.0,4.0,5.0,5.0,1.0,1.0,0.0
6865,1.0,0.0,0.0,Black,,2,16.0,16.0,,0.0,64.898,0.0,1.0,2.0,0.0,1.0,1.0,1.0,1.0,0.0,0.0,1.0
6866,1.0,0.0,1.0,Black,2.35,4,13.0,13.0,0.0,0.0,79.836,3.0,2.0,4.0,0.0,0.0,3.0,2.0,3.0,1.0,1.0,0.0
6867,0.0,0.0,0.0,Black,2.35,4,13.0,13.0,0.0,0.0,27.214,7.0,1.0,1.0,1.0,6.0,1.0,1.0,2.0,0.0,1.0,0.0
6868,0.0,0.0,1.0,Black,3.8027,6,,,0.0,,56.047,20.0,2.0,4.0,0.0,0.0,3.0,4.0,4.0,0.0,,0.0
6869,1.0,1.0,1.0,Black,1.35,4,15.0,,0.0,,21.261,3.0,1.0,2.0,0.0,0.0,2.0,2.0,3.0,0.0,,0.0
6870,1.0,0.0,0.0,Black,1.35,4,15.0,,0.0,,8.391,1.0,1.0,2.0,0.0,4.0,2.0,3.0,4.0,1.0,,1.0
6871,0.0,1.0,0.0,Black,1.35,4,15.0,,0.0,0.0,17.602,1.0,1.0,2.0,1.0,1.0,2.0,1.0,4.0,1.0,0.0,0.0
6872,0.0,0.0,0.0,Black,0.2515,7,13.0,,0.0,0.0,4.495,1.0,1.0,1.0,2.0,0.0,4.0,1.0,2.0,1.0,0.0,1.0
6873,0.0,1.0,0.0,Black,1.175,6,12.0,10.0,0.0,,8.07,7.0,1.0,2.0,0.0,0.0,1.0,1.0,1.0,0.0,0.0,1.0
6874,1.0,0.0,1.0,Black,0.05,5,12.0,12.0,0.0,,59.699,1.0,2.0,2.0,0.0,1.0,4.0,5.0,4.0,0.0,0.0,1.0
6875,0.0,0.0,0.0,Black,0.05,5,12.0,12.0,0.0,,7.135,4.0,1.0,2.0,2.0,2.0,2.0,1.0,1.0,0.0,0.0,0.0
6876,0.0,1.0,0.0,Black,0.75,4,11.0,11.0,0.0,0.0,30.42,14.0,2.0,2.0,2.0,2.0,3.0,2.0,5.0,1.0,1.0,0.0
6877,0.0,0.0,0.0,Black,0.05,3,11.0,,0.0,0.0,,6.0,2.0,2.0,0.0,0.0,4.0,5.0,5.0,1.0,,0.0
6878,0.0,0.0,0.0,Black,,4,12.0,,,,,3.0,2.0,2.0,0.0,0.0,4.0,3.0,3.0,0.0,,0.0
6879,1.0,0.0,0.0,Black,0.975,5,12.0,12.0,0.0,0.0,40.611,20.0,1.0,2.0,0.0,0.0,4.0,4.0,5.0,0.0,0.0,0.0
6880,0.0,0.0,1.0,Black,0.975,5,12.0,12.0,0.0,0.0,16.07,14.0,4.0,4.0,0.0,1.0,5.0,4.0,5.0,0.0,,1.0
6881,0.0,0.0,1.0,Black,0.05,8,10.0,12.0,0.0,0.0,20.991,6.0,1.0,1.0,0.0,1.0,1.0,1.0,3.0,1.0,0.0,1.0
6882,1.0,0.0,1.0,Black,0.05,8,10.0,12.0,0.0,0.0,33.495,1.0,2.0,1.0,2.0,3.0,1.0,1.0,1.0,1.0,0.0,0.0
6883,0.0,0.0,1.0,Black,0.05,8,10.0,12.0,0.0,0.0,14.826,3.0,2.0,2.0,20.0,2.0,1.0,1.0,4.0,0.0,0.0,1.0
6884,1.0,,1.0,Black,,6,11.0,9.0,,,15.498,2.0,2.0,2.0,0.0,0.0,3.0,3.0,3.0,0.0,,0.0
6885,1.0,,1.0,Black,,6,11.0,9.0,,,15.03,2.0,2.0,2.0,0.0,0.0,4.0,4.0,4.0,1.0,,0.0
6886,0.0,0.0,0.0,Black,12.3873,6,12.0,,,0.0,43.52,3.0,1.0,2.0,0.0,0.0,1.0,1.0,1.0,0.0,0.0,0.0
6887,0.0,0.0,0.0,Black,12.3873,6,12.0,,,0.0,16.169,3.0,2.0,1.0,0.0,0.0,1.0,1.0,1.0,0.0,0.0,0.0
6888,0.0,0.0,0.0,Black,,4,14.0,12.0,0.0,0.0,59.096,1.0,2.0,2.0,0.0,0.0,4.0,5.0,5.0,0.0,0.0,0.0
6889,0.0,0.0,1.0,Black,,4,14.0,12.0,0.0,0.0,59.311,0.0,2.0,2.0,0.0,0.0,1.0,1.0,1.0,0.0,0.0,0.0
6890,1.0,0.0,1.0,Black,0.045,7,12.0,10.0,1.0,0.0,31.626,4.0,2.0,4.0,0.0,0.0,2.0,3.0,3.0,0.0,0.0,0.0
6891,1.0,0.0,1.0,Black,2.55,6,15.0,14.0,0.0,,20.729,2.0,2.0,2.0,0.0,0.0,1.0,1.0,1.0,0.0,0.0,0.0
6892,1.0,0.0,0.0,Black,0.175,5,13.0,12.0,0.0,,,0.0,2.0,1.0,0.0,0.0,1.0,1.0,1.0,0.0,0.0,0.0
6893,0.0,0.0,1.0,Black,0.03,10,12.0,11.0,0.0,0.0,21.836,20.0,2.0,2.0,0.0,0.0,4.0,3.0,4.0,,0.0,1.0
6894,1.0,0.0,0.0,Black,0.175,10,11.0,11.0,0.0,0.0,20.693,10.0,1.0,3.0,0.0,2.0,1.0,1.0,1.0,0.0,0.0,1.0
6895,1.0,0.0,1.0,Black,0.05,7,12.0,12.0,0.0,0.0,28.229,20.0,2.0,2.0,0.0,0.0,4.0,2.0,5.0,0.0,1.0,0.0
6896,0.0,0.0,1.0,Black,0.05,7,12.0,12.0,0.0,0.0,9.279,22.0,2.0,2.0,0.0,0.0,5.0,3.0,5.0,0.0,0.0,0.0
6897,1.0,0.0,1.0,Black,0.05,9,12.0,12.0,0.0,,45.856,6.0,2.0,2.0,0.0,0.0,1.0,1.0,1.0,0.0,0.0,0.0
6898,1.0,0.0,1.0,Black,0.05,9,12.0,12.0,0.0,0.0,42.752,8.0,2.0,1.0,0.0,0.0,1.0,1.0,1.0,0.0,0.0,0.0
6899,0.0,0.0,0.0,Black,1.075,2,12.0,,0.0,0.0,19.343,5.0,2.0,4.0,0.0,0.0,3.0,3.0,3.0,0.0,,1.0
6900,0.0,0.0,1.0,Black,14.8,2,14.0,13.0,0.0,0.0,25.261,5.0,3.0,4.0,0.0,0.0,3.0,3.0,3.0,1.0,0.0,0.0
6901,0.0,1.0,0.0,Black,0.175,5,12.0,12.0,0.0,0.0,54.06,30.0,3.0,2.0,0.0,0.0,3.0,3.0,3.0,1.0,0.0,0.0
6902,1.0,0.0,1.0,Black,,3,14.0,12.0,0.0,0.0,41.983,3.0,2.0,3.0,0.0,0.0,2.0,3.0,2.0,0.0,0.0,0.0
6903,0.0,0.0,1.0,Black,,2,14.0,,0.0,,,5.0,2.0,2.0,0.0,2.0,5.0,5.0,5.0,0.0,,0.0
6904,1.0,0.0,0.0,Black,,3,17.0,,0.0,0.0,29.738,1.0,2.0,3.0,0.0,0.0,3.0,3.0,4.0,0.0,0.0,0.0
6905,1.0,0.0,1.0,Black,,3,17.0,,0.0,0.0,29.342,2.0,1.0,1.0,0.0,0.0,1.0,1.0,1.0,0.0,0.0,0.0
6906,0.0,0.0,1.0,Black,3.75,3,12.0,,0.0,0.0,14.491,15.0,1.0,4.0,5.0,0.0,3.0,1.0,1.0,,0.0,0.0
6907,1.0,0.0,0.0,Hispanic,,5,3.0,3.0,,0.0,,7.0,3.0,3.0,0.0,0.0,3.0,3.0,2.0,0.0,,0.0
6908,0.0,,1.0,Hispanic,,7,3.0,6.0,,,,2.0,2.0,2.0,0.0,0.0,1.0,2.0,3.0,0.0,,0.0
6909,1.0,0.0,1.0,Black,,3,10.0,,,0.0,,5.0,2.0,3.0,0.0,0.0,3.0,2.0,2.0,0.0,,0.0
6910,0.0,0.0,0.0,Hispanic,1.15,2,12.0,3.0,0.0,,33.969,9.0,2.0,2.0,0.0,0.0,3.0,4.0,3.0,0.0,,0.0
6911,1.0,0.0,0.0,Hispanic,0.475,5,10.0,13.0,0.0,0.0,48.502,3.0,2.0,2.0,0.0,0.0,1.0,1.0,2.0,0.0,0.0,0.0
6912,0.0,0.0,0.0,Hispanic,7.97,4,8.0,7.0,0.0,0.0,27.822,2.0,2.0,1.0,0.0,1.0,1.0,1.0,1.0,0.0,1.0,0.0
6913,1.0,0.0,1.0,Hispanic,0.2187,4,2.0,9.0,0.0,0.0,16.979,2.0,2.0,2.0,0.0,0.0,2.0,3.0,2.0,1.0,0.0,0.0
6914,0.0,0.0,1.0,Hispanic,0.225,6,6.0,,0.0,0.0,33.373,6.0,2.0,2.0,1.0,0.0,4.0,3.0,2.0,0.0,1.0,1.0
6915,0.0,0.0,0.0,Hispanic,0.225,6,6.0,,0.0,0.0,31.938,1.0,2.0,2.0,0.0,0.0,2.0,1.0,2.0,0.0,,0.0
6916,0.0,0.0,1.0,Hispanic,,8,,,,0.0,15.553,,2.0,2.0,,,1.0,,,0.0,0.0,0.0
6917,1.0,0.0,1.0,Black,0.8,6,6.0,,0.0,0.0,31.674,3.0,2.0,4.0,0.0,0.0,1.0,3.0,2.0,0.0,1.0,0.0
6918,0.0,0.0,0.0,Black,0.25,4,15.0,12.0,0.0,1.0,6.285,14.0,3.0,3.0,0.0,2.0,5.0,5.0,5.0,0.0,,1.0
6919,0.0,0.0,1.0,Black,0.25,4,,,1.0,,,6.0,2.0,3.0,0.0,0.0,3.0,1.0,3.0,0.0,0.0,0.0
6920,0.0,0.0,1.0,Black,0.25,4,15.0,12.0,0.0,0.0,24.322,12.0,2.0,1.0,2.0,1.0,4.0,5.0,5.0,0.0,0.0,1.0
6921,1.0,0.0,1.0,Black,0.75,4,11.0,,0.0,,6.9,14.0,3.0,3.0,0.0,2.0,3.0,5.0,5.0,0.0,,0.0
6922,0.0,0.0,0.0,Black,0.75,4,,,,,3.612,0.0,3.0,2.0,0.0,0.0,5.0,1.0,5.0,0.0,0.0,1.0
6923,1.0,0.0,1.0,Black,,3,14.0,14.0,0.0,0.0,,0.0,2.0,3.0,0.0,0.0,1.0,1.0,1.0,0.0,,0.0
6924,1.0,0.0,1.0,Black,-0.025,2,14.0,12.0,0.0,0.0,23.361,6.0,2.0,2.0,0.0,0.0,1.0,1.0,,1.0,0.0,0.0
6925,0.0,0.0,1.0,Hispanic,,8,,,0.0,,,,1.0,2.0,,,1.0,1.0,,0.0,0.0,0.0
6926,0.0,0.0,0.0,Hispanic,,8,,,0.0,,,5.0,1.0,2.0,0.0,1.0,1.0,1.0,2.0,,0.0,0.0
6927,0.0,0.0,0.0,Hispanic,0.175,4,12.0,,0.0,0.0,,0.0,2.0,2.0,1.0,5.0,,,1.0,1.0,,1.0
6928,0.0,0.0,0.0,Black,0.78,3,12.0,9.0,0.0,0.0,8.074,1.0,2.0,2.0,0.0,0.0,4.0,3.0,1.0,0.0,0.0,0.0
6929,0.0,0.0,0.0,Black,0.78,3,12.0,,0.0,0.0,7.71,0.0,1.0,1.0,0.0,0.0,1.0,1.0,1.0,0.0,0.0,1.0
6930,1.0,0.0,1.0,Hispanic,,8,6.0,8.0,0.0,0.0,,3.0,2.0,3.0,0.0,0.0,2.0,2.0,2.0,0.0,0.0,0.0
6931,1.0,0.0,1.0,Hispanic,,8,6.0,8.0,0.0,0.0,,1.0,2.0,3.0,0.0,0.0,1.0,1.0,1.0,0.0,0.0,0.0
6932,0.0,0.0,0.0,Hispanic,-0.92,5,14.0,9.0,0.0,0.0,,0.0,3.0,4.0,30.0,20.0,4.0,4.0,4.0,1.0,0.0,0.0
6933,0.0,0.0,1.0,Hispanic,7.54,5,13.0,6.0,0.0,,6.173,10.0,3.0,3.0,0.0,0.0,4.0,5.0,5.0,0.0,1.0,0.0
6934,0.0,0.0,0.0,Hispanic,6.605,8,6.0,,0.0,,4.929,0.0,2.0,1.0,0.0,0.0,4.0,3.0,4.0,0.0,,0.0
6935,0.0,0.0,1.0,Hispanic,6.605,8,6.0,,0.0,,14.416,2.0,2.0,2.0,0.0,0.0,1.0,1.0,1.0,0.0,0.0,0.0
6936,0.0,0.0,1.0,Hispanic,2.3,7,2.0,10.0,0.0,0.0,9.357,7.0,2.0,3.0,1.0,1.0,2.0,1.0,2.0,0.0,0.0,0.0
6937,,,1.0,Hispanic,0.45,8,3.0,6.0,1.0,,8.567,1.0,2.0,2.0,1.0,0.0,1.0,1.0,2.0,0.0,,0.0
6938,0.0,0.0,1.0,Hispanic,20.205,6,6.0,10.0,0.0,0.0,34.612,0.0,2.0,2.0,0.0,0.0,1.0,1.0,1.0,0.0,0.0,1.0
6939,0.0,1.0,0.0,Hispanic,1.95,6,12.0,12.0,0.0,0.0,44.077,5.0,1.0,2.0,0.0,0.0,4.0,4.0,4.0,0.0,0.0,1.0
6940,1.0,0.0,0.0,Hispanic,1.95,6,9.0,12.0,0.0,1.0,55.357,3.0,1.0,4.0,0.0,0.0,2.0,1.0,1.0,1.0,0.0,0.0
6941,0.0,0.0,0.0,Hispanic,2.285,4,12.0,8.0,0.0,,45.543,0.0,2.0,2.0,0.0,0.0,,,1.0,0.0,,0.0
6942,1.0,0.0,0.0,Hispanic,6.55,7,16.0,12.0,0.0,0.0,36.052,10.0,2.0,2.0,0.0,0.0,4.0,2.0,1.0,0.0,0.0,0.0
6943,0.0,0.0,0.0,Hispanic,6.55,7,,,0.0,0.0,37.891,2.0,2.0,2.0,1.0,1.0,4.0,2.0,1.0,0.0,0.0,0.0
6944,1.0,0.0,1.0,Hispanic,6.55,7,16.0,12.0,0.0,0.0,44.208,6.0,2.0,3.0,0.0,0.0,4.0,3.0,2.0,1.0,0.0,0.0
6945,0.0,0.0,1.0,Hispanic,13.5,5,9.0,10.0,0.0,0.0,47.114,7.0,1.0,2.0,1.0,0.0,2.0,1.0,1.0,0.0,0.0,0.0
6946,0.0,0.0,1.0,Black,,3,12.0,10.0,,0.0,14.507,8.0,2.0,2.0,0.0,0.0,5.0,4.0,3.0,0.0,,0.0
6947,1.0,0.0,1.0,Black,,6,12.0,12.0,,,,20.0,2.0,2.0,0.0,0.0,4.0,2.0,2.0,0.0,0.0,0.0
6948,1.0,0.0,1.0,Black,,6,16.0,15.0,,0.0,,2.0,1.0,2.0,0.0,0.0,1.0,1.0,1.0,1.0,,0.0
6949,1.0,0.0,1.0,Black,,6,16.0,15.0,,0.0,,4.0,2.0,1.0,0.0,0.0,3.0,,,0.0,0.0,0.0
6950,1.0,0.0,0.0,Black,9.2,4,20.0,12.0,0.0,,23.708,20.0,2.0,2.0,0.0,0.0,3.0,3.0,3.0,0.0,0.0,0.0
6951,1.0,0.0,1.0,Black,,5,14.0,,,0.0,29.05,4.0,3.0,2.0,0.0,0.0,2.0,3.0,1.0,0.0,1.0,0.0
6952,1.0,0.0,1.0,Black,,5,14.0,,,0.0,37.098,5.0,2.0,2.0,0.0,0.0,3.0,1.0,1.0,0.0,0.0,0.0
6953,0.0,1.0,1.0,Black,0.75,2,11.0,12.0,0.0,0.0,,3.0,2.0,2.0,0.0,0.0,1.0,1.0,2.0,0.0,,0.0
6954,1.0,0.0,0.0,Black,8.6301,9,14.0,12.0,0.0,0.0,30.288,0.0,2.0,4.0,0.0,0.0,4.0,1.0,1.0,0.0,1.0,0.0
6956,0.0,0.0,1.0,Black,2.75,3,18.0,,0.0,0.0,99.22,0.0,2.0,,0.0,0.0,1.0,1.0,1.0,0.0,0.0,0.0
6957,0.0,0.0,0.0,Black,4.52,3,11.0,,0.0,,5.265,2.0,2.0,2.0,0.0,0.0,4.0,3.0,2.0,0.0,0.0,0.0
6958,0.0,0.0,0.0,Black,0.175,5,11.0,16.0,0.0,,,10.0,3.0,4.0,0.0,7.0,5.0,1.0,1.0,0.0,,1.0
6959,0.0,0.0,0.0,Black,0.175,5,11.0,12.0,0.0,,,40.0,2.0,2.0,0.0,0.0,4.0,5.0,4.0,0.0,,0.0
6960,0.0,0.0,0.0,Black,0.05,5,11.0,12.0,0.0,,,15.0,2.0,2.0,0.0,0.0,2.0,1.0,3.0,,1.0,1.0
6961,1.0,0.0,0.0,Black,0.175,4,14.0,13.0,1.0,0.0,25.915,3.0,2.0,2.0,0.0,2.0,1.0,1.0,1.0,1.0,1.0,1.0
6962,,,1.0,Black,0.84,4,12.0,,0.0,,30.713,5.0,2.0,2.0,0.0,0.0,3.0,4.0,3.0,0.0,,0.0
6963,1.0,0.0,0.0,Black,,6,14.0,12.0,,0.0,,6.0,2.0,2.0,0.0,0.0,1.0,2.0,2.0,0.0,,0.0
6964,1.0,0.0,1.0,Black,3.1,4,12.0,14.0,0.0,0.0,,30.0,2.0,4.0,30.0,1.0,2.0,3.0,1.0,1.0,1.0,0.0
6965,0.0,0.0,1.0,Black,0.15,9,12.0,12.0,0.0,0.0,14.679,0.0,1.0,2.0,0.0,3.0,1.0,1.0,1.0,0.0,0.0,0.0
6966,0.0,0.0,0.0,Black,1.745,5,16.0,12.0,1.0,,64.323,3.0,2.0,2.0,0.0,0.0,2.0,1.0,1.0,0.0,0.0,0.0
6967,1.0,0.0,1.0,Black,-0.095,2,11.0,,1.0,0.0,45.099,1.0,2.0,1.0,1.0,1.0,2.0,2.0,4.0,0.0,1.0,0.0
6968,1.0,0.0,0.0,Black,,5,15.0,,,0.0,,0.0,2.0,2.0,0.0,0.0,2.0,2.0,2.0,0.0,,0.0
6969,1.0,0.0,0.0,Black,0.2,3,10.0,14.0,0.0,0.0,7.138,7.0,2.0,3.0,0.0,0.0,3.0,2.0,1.0,0.0,,0.0
6970,0.0,0.0,0.0,Black,0.2,3,10.0,14.0,0.0,,,10.0,2.0,3.0,0.0,0.0,2.0,3.0,2.0,0.0,,0.0
6971,0.0,0.0,1.0,Hispanic,0.375,3,11.0,11.0,0.0,0.0,,5.0,1.0,2.0,0.0,0.0,2.0,4.0,2.0,1.0,0.0,0.0
6972,0.0,0.0,1.0,Hispanic,0.75,4,10.0,,0.0,,,0.0,1.0,1.0,0.0,0.0,1.0,1.0,1.0,0.0,0.0,0.0
6973,1.0,0.0,0.0,Black,1.75,5,14.0,,0.0,0.0,45.769,0.0,2.0,2.0,0.0,0.0,2.0,1.0,2.0,0.0,0.0,0.0
6974,1.0,0.0,0.0,Black,1.75,6,12.0,16.0,0.0,0.0,45.046,2.0,2.0,2.0,0.0,0.0,1.0,1.0,1.0,0.0,0.0,0.0
6975,1.0,0.0,0.0,Black,1.75,6,12.0,12.0,0.0,0.0,36.782,1.0,2.0,2.0,0.0,1.0,1.0,1.0,1.0,0.0,0.0,0.0
6976,1.0,0.0,1.0,Hispanic,,4,8.0,,,,6.021,,3.0,3.0,0.0,0.0,5.0,2.0,2.0,0.0,0.0,0.0
6977,0.0,0.0,0.0,Hispanic,,4,8.0,,,,10.103,,2.0,2.0,0.0,0.0,4.0,2.0,1.0,0.0,,1.0
6978,0.0,0.0,1.0,Hispanic,,4,8.0,,,,7.393,22.0,2.0,2.0,1.0,2.0,,5.0,1.0,0.0,0.0,0.0
6979,0.0,0.0,0.0,Black,0.75,4,11.0,11.0,0.0,0.0,,20.0,2.0,2.0,0.0,0.0,2.0,2.0,1.0,0.0,1.0,0.0
6980,1.0,0.0,1.0,Hispanic,1.75,4,8.0,7.0,0.0,0.0,16.951,40.0,3.0,2.0,0.0,6.0,4.0,1.0,,1.0,0.0,0.0
6981,0.0,0.0,1.0,Hispanic,-0.7,4,15.0,9.0,0.0,0.0,9.797,3.0,1.0,1.0,0.0,0.0,1.0,1.0,1.0,0.0,0.0,0.0
6982,1.0,0.0,0.0,Hispanic,0.75,6,6.0,6.0,0.0,0.0,2.354,,2.0,2.0,0.0,0.0,1.0,1.0,2.0,0.0,0.0,0.0
6983,0.0,0.0,0.0,Hispanic,0.75,5,9.0,16.0,0.0,1.0,,0.0,4.0,4.0,0.0,2.0,5.0,2.0,4.0,0.0,,1.0
6984,0.0,0.0,0.0,Hispanic,0.75,5,12.0,12.0,0.0,,,30.0,3.0,2.0,0.0,,2.0,1.0,1.0,0.0,1.0,0.0
6985,0.0,0.0,1.0,Hispanic,0.75,5,9.0,16.0,0.0,1.0,15.469,5.0,2.0,2.0,0.0,0.0,2.0,2.0,1.0,0.0,0.0,0.0
6986,1.0,0.0,1.0,Hispanic,0.75,3,14.0,8.0,0.0,0.0,43.394,2.0,2.0,1.0,1.0,2.0,1.0,1.0,1.0,0.0,0.0,0.0
6987,1.0,0.0,1.0,Black,0.375,6,11.0,,0.0,,19.016,,3.0,3.0,0.0,2.0,4.0,5.0,,0.0,0.0,0.0
6988,1.0,0.0,0.0,Hispanic,2.55,5,14.0,14.0,0.0,0.0,60.98,4.0,2.0,2.0,0.0,1.0,4.0,1.0,1.0,0.0,0.0,0.0
6989,0.0,0.0,1.0,Black,0.75,8,12.0,,0.0,0.0,46.797,,1.0,2.0,0.0,0.0,3.0,5.0,4.0,0.0,0.0,0.0
6990,0.0,0.0,0.0,Black,0.75,8,12.0,,0.0,0.0,11.865,8.0,3.0,3.0,0.0,0.0,1.0,1.0,1.0,1.0,0.0,1.0
6991,1.0,0.0,1.0,Black,0.75,8,12.0,,0.0,0.0,10.892,8.0,2.0,2.0,2.0,4.0,1.0,1.0,1.0,0.0,0.0,0.0
6992,0.0,,0.0,Black,0.75,2,13.0,16.0,0.0,,13.25,11.0,2.0,2.0,0.0,0.0,3.0,1.0,1.0,0.0,,0.0
6993,0.0,0.0,0.0,Hispanic,0.75,6,,,0.0,,62.218,10.0,3.0,2.0,0.0,0.0,3.0,2.0,1.0,0.0,,0.0
6994,0.0,0.0,0.0,Hispanic,0.75,6,9.0,,,0.0,13.497,10.0,3.0,2.0,0.0,0.0,4.0,3.0,4.0,0.0,0.0,0.0
6995,0.0,0.0,0.0,Hispanic,0.375,4,10.0,,0.0,1.0,10.487,2.0,3.0,2.0,2.0,1.0,2.0,1.0,2.0,1.0,,1.0
6996,0.0,0.0,1.0,Hispanic,0.405,6,11.0,,0.0,,46.134,1.0,3.0,2.0,0.0,0.0,4.0,2.0,2.0,0.0,,0.0
6997,0.0,0.0,0.0,Hispanic,,6,,,,,4.215,0.0,2.0,3.0,0.0,0.0,5.0,1.0,1.0,0.0,0.0,0.0
6998,0.0,0.0,1.0,Hispanic,0.405,6,11.0,,0.0,,70.945,0.0,2.0,2.0,0.0,0.0,1.0,1.0,1.0,0.0,,0.0
6999,,,0.0,Hispanic,,3,9.0,11.0,,,,6.0,2.0,2.0,1.0,1.0,3.0,3.0,1.0,0.0,,0.0
7000,0.0,,1.0,Hispanic,0.325,3,10.0,14.0,0.0,,,3.0,1.0,2.0,0.0,0.0,2.0,1.0,1.0,0.0,,0.0
7001,0.0,0.0,0.0,Hispanic,0.175,2,,12.0,0.0,,,26.0,2.0,3.0,0.0,0.0,1.0,1.0,1.0,1.0,,0.0
7002,0.0,0.0,0.0,Black,,3,17.0,16.0,0.0,0.0,29.024,3.0,1.0,1.0,0.0,0.0,4.0,1.0,1.0,0.0,0.0,0.0
7003,1.0,0.0,1.0,Black,3.75,4,12.0,11.0,0.0,0.0,,,2.0,3.0,0.0,0.0,1.0,1.0,1.0,0.0,,0.0
7004,0.0,0.0,1.0,Black,,3,12.0,12.0,,0.0,31.194,1.0,3.0,3.0,0.0,0.0,3.0,4.0,2.0,1.0,0.0,0.0
7005,1.0,0.0,0.0,Black,1.75,5,16.0,12.0,0.0,0.0,,0.0,2.0,2.0,,2.0,2.0,1.0,1.0,1.0,0.0,1.0
7006,0.0,0.0,1.0,Black,1.75,3,12.0,12.0,0.0,,10.557,34.0,1.0,2.0,0.0,0.0,4.0,1.0,1.0,0.0,,0.0
7007,0.0,0.0,1.0,Black,1.75,3,12.0,12.0,0.0,,40.193,25.0,2.0,3.0,0.0,0.0,1.0,1.0,1.0,0.0,,0.0
7008,0.0,0.0,0.0,Hispanic,0.375,6,4.0,,0.0,,,,2.0,2.0,0.0,0.0,1.0,1.0,5.0,0.0,,0.0
7009,0.0,0.0,0.0,Hispanic,0.75,3,9.0,12.0,0.0,0.0,19.689,5.0,2.0,2.0,0.0,0.0,2.0,1.0,1.0,0.0,0.0,1.0
7010,0.0,0.0,1.0,Hispanic,0.75,6,14.0,12.0,0.0,1.0,63.76,3.0,2.0,2.0,0.0,0.0,3.0,1.0,1.0,0.0,,0.0
7011,0.0,0.0,1.0,Hispanic,0.375,3,12.0,12.0,0.0,,51.448,5.0,2.0,2.0,0.0,0.0,3.0,2.0,1.0,0.0,0.0,0.0
7012,1.0,1.0,1.0,Hispanic,1.75,3,14.0,13.0,0.0,0.0,72.405,3.0,1.0,2.0,0.0,0.0,3.0,2.0,1.0,0.0,,0.0
7013,0.0,0.0,1.0,Black,,4,12.0,,,0.0,77.187,6.0,3.0,3.0,0.0,0.0,5.0,5.0,5.0,0.0,0.0,1.0
7014,1.0,0.0,1.0,Black,,4,12.0,,,0.0,14.639,5.0,2.0,2.0,0.0,1.0,2.0,2.0,4.0,0.0,,0.0
7015,0.0,0.0,0.0,Black,,3,7.0,12.0,,0.0,13.052,10.0,3.0,4.0,1.0,2.0,3.0,2.0,1.0,0.0,0.0,1.0
7016,0.0,1.0,0.0,Hispanic,1.75,4,12.0,7.0,0.0,1.0,1.251,15.0,2.0,2.0,0.0,8.0,3.0,2.0,3.0,1.0,0.0,0.0
7017,1.0,0.0,1.0,Black,3.25,4,13.0,12.0,0.0,0.0,20.361,1.0,2.0,2.0,0.0,0.0,4.0,2.0,1.0,0.0,0.0,0.0
7018,0.0,1.0,1.0,Hispanic,,3,,,0.0,0.0,,0.0,1.0,2.0,0.0,0.0,4.0,5.0,,0.0,,0.0
7019,0.0,1.0,0.0,Hispanic,,3,12.0,12.0,0.0,1.0,19.192,17.0,2.0,4.0,2.0,10.0,4.0,1.0,1.0,1.0,0.0,1.0
7020,0.0,0.0,0.0,Black,,3,12.0,,0.0,0.0,,1.0,2.0,2.0,2.0,1.0,1.0,1.0,1.0,0.0,0.0,0.0
7021,0.0,0.0,1.0,Black,,4,14.0,,0.0,0.0,19.016,0.0,3.0,1.0,0.0,0.0,4.0,3.0,,0.0,0.0,0.0
7022,0.0,0.0,0.0,Black,0.75,4,,,0.0,0.0,19.615,5.0,2.0,2.0,0.0,0.0,4.0,1.0,1.0,0.0,0.0,0.0
7023,0.0,,0.0,Hispanic,0.05,3,,,0.0,,1.239,20.0,2.0,2.0,0.0,0.0,3.0,3.0,,0.0,,0.0
7024,0.0,1.0,1.0,Black,0.175,3,12.0,,0.0,1.0,,,3.0,2.0,2.0,0.0,4.0,,,0.0,0.0,0.0
7025,0.0,0.0,0.0,Black,0.175,3,12.0,,0.0,0.0,,0.0,1.0,1.0,0.0,4.0,4.0,4.0,,0.0,0.0,1.0
7026,0.0,0.0,1.0,Black,0.75,7,14.0,,0.0,0.0,62.088,2.0,1.0,2.0,1.0,0.0,2.0,2.0,3.0,0.0,0.0,0.0
7027,0.0,0.0,0.0,Hispanic,4.9501,4,12.0,10.0,0.0,0.0,2.85,3.0,3.0,3.0,1.0,3.0,3.0,1.0,2.0,1.0,0.0,0.0
7028,1.0,0.0,0.0,Hispanic,0.375,3,9.0,14.0,0.0,0.0,44.835,4.0,2.0,2.0,0.0,0.0,1.0,1.0,1.0,0.0,0.0,0.0
7029,0.0,,0.0,Black,3.75,7,12.0,,0.0,,11.83,15.0,2.0,1.0,0.0,2.0,5.0,2.0,5.0,0.0,,0.0
7030,1.0,0.0,0.0,Black,3.75,7,12.0,,0.0,0.0,33.469,5.0,1.0,2.0,0.0,1.0,5.0,3.0,2.0,0.0,0.0,1.0
7031,0.0,0.0,0.0,Black,3.75,7,12.0,,0.0,0.0,0.937,5.0,2.0,2.0,0.0,3.0,1.0,1.0,1.0,0.0,0.0,0.0
7032,1.0,0.0,1.0,Hispanic,,5,,,0.0,0.0,66.701,0.0,2.0,2.0,0.0,0.0,2.0,1.0,1.0,0.0,0.0,0.0
7033,0.0,,0.0,Hispanic,1.75,4,10.0,12.0,0.0,,,10.0,1.0,2.0,0.0,2.0,2.0,1.0,1.0,0.0,,0.0
7034,0.0,0.0,1.0,Black,,6,12.0,,,0.0,,0.0,1.0,1.0,0.0,0.0,3.0,1.0,1.0,0.0,,0.0
7035,1.0,0.0,1.0,Black,,3,12.0,,0.0,0.0,34.075,1.0,2.0,1.0,0.0,0.0,4.0,2.0,,0.0,0.0,0.0
7036,1.0,0.0,1.0,Black,0.375,4,12.0,12.0,0.0,0.0,58.462,4.0,2.0,2.0,0.0,0.0,3.0,2.0,1.0,0.0,0.0,0.0
7037,1.0,0.0,1.0,Black,1.125,4,12.0,12.0,0.0,1.0,19.59,0.0,2.0,,0.0,0.0,3.0,,3.0,0.0,0.0,0.0
7038,1.0,0.0,1.0,Black,1.125,4,12.0,12.0,0.0,0.0,67.272,1.0,1.0,1.0,0.0,0.0,1.0,1.0,1.0,0.0,0.0,0.0
7039,0.0,0.0,0.0,Black,0.45,4,12.0,,0.0,0.0,25.811,0.0,2.0,2.0,0.0,0.0,2.0,1.0,1.0,0.0,0.0,0.0
7040,0.0,0.0,0.0,Black,5.0001,3,,,0.0,0.0,5.88,0.0,2.0,2.0,0.0,0.0,2.0,1.0,1.0,1.0,0.0,0.0
7041,1.0,0.0,1.0,Other,,2,13.0,,,,84.295,0.0,2.0,2.0,0.0,0.0,3.0,1.0,1.0,0.0,,0.0
7042,0.0,0.0,1.0,Black,,3,15.0,,,0.0,,0.0,2.0,2.0,0.0,0.0,4.0,1.0,1.0,0.0,0.0,0.0
7043,0.0,1.0,0.0,Black,0.375,3,12.0,,0.0,,21.03,1.0,2.0,2.0,0.0,0.0,2.0,1.0,1.0,0.0,0.0,0.0
7044,0.0,0.0,0.0,Black,,2,15.0,,0.0,0.0,41.089,3.0,3.0,2.0,0.0,0.0,5.0,4.0,3.0,1.0,0.0,1.0
7045,0.0,0.0,0.0,Black,,6,,,,0.0,,2.0,1.0,1.0,0.0,0.0,5.0,3.0,1.0,0.0,0.0,0.0
7046,1.0,0.0,0.0,Black,,4,16.0,,,0.0,48.915,2.0,2.0,2.0,0.0,0.0,3.0,3.0,1.0,0.0,0.0,0.0
7047,0.0,0.0,0.0,Black,,4,12.0,12.0,,0.0,20.822,0.0,1.0,2.0,0.0,0.0,4.0,2.0,3.0,0.0,0.0,1.0
7048,1.0,0.0,1.0,Black,,11,12.0,,,1.0,21.955,1.0,1.0,1.0,0.0,0.0,4.0,2.0,1.0,0.0,0.0,0.0
7049,0.0,1.0,0.0,Black,,11,12.0,,,,11.898,3.0,2.0,1.0,1.0,0.0,4.0,2.0,1.0,0.0,0.0,1.0
7050,1.0,0.0,1.0,Black,,4,,,0.0,0.0,,0.0,2.0,2.0,0.0,0.0,4.0,3.0,1.0,0.0,0.0,0.0
7051,1.0,0.0,0.0,Black,,5,16.0,16.0,0.0,,77.934,1.0,2.0,1.0,0.0,0.0,2.0,1.0,1.0,0.0,0.0,0.0
7052,1.0,0.0,0.0,Black,,5,16.0,16.0,0.0,0.0,73.939,0.0,2.0,2.0,0.0,0.0,3.0,1.0,2.0,0.0,0.0,0.0
7053,0.0,0.0,1.0,Black,,4,12.0,12.0,,0.0,90.668,0.0,2.0,2.0,0.0,0.0,2.0,1.0,1.0,0.0,1.0,0.0
7054,1.0,0.0,1.0,Black,,2,14.0,,,,,8.0,2.0,3.0,0.0,0.0,3.0,3.0,1.0,0.0,,0.0
7055,0.0,0.0,0.0,Hispanic,0.375,6,9.0,,0.0,0.0,35.495,2.0,2.0,3.0,0.0,0.0,5.0,,,0.0,0.0,0.0
7056,1.0,0.0,0.0,Hispanic,0.375,6,9.0,,0.0,0.0,37.031,0.0,2.0,1.0,0.0,1.0,1.0,1.0,,0.0,0.0,0.0
7057,0.0,0.0,1.0,Black,,3,,,0.0,1.0,10.209,1.0,2.0,2.0,0.0,0.0,5.0,,,0.0,0.0,0.0
7058,1.0,0.0,1.0,Hispanic,2.875,6,13.0,,0.0,,82.48,0.0,2.0,2.0,0.0,0.0,4.0,,1.0,1.0,0.0,0.0
7059,0.0,0.0,1.0,Black,,2,12.0,,0.0,,26.518,0.0,1.0,1.0,0.0,0.0,1.0,1.0,1.0,0.0,0.0,0.0
7060,1.0,0.0,1.0,Hispanic,,6,12.0,8.0,0.0,,71.995,2.0,1.0,2.0,0.0,0.0,,1.0,1.0,0.0,0.0,0.0
7061,0.0,0.0,0.0,Hispanic,,4,14.0,14.0,0.0,0.0,68.315,2.0,2.0,2.0,0.0,0.0,3.0,2.0,1.0,0.0,0.0,0.0
7062,,,0.0,Black,,4,16.0,14.0,0.0,,78.714,3.0,2.0,1.0,0.0,0.0,2.0,1.0,1.0,0.0,,0.0
7063,0.0,0.0,1.0,Black,,4,16.0,14.0,0.0,,73.717,2.0,2.0,2.0,0.0,0.0,1.0,1.0,1.0,0.0,0.0,0.0
7064,1.0,0.0,1.0,Hispanic,0.725,3,12.0,8.0,0.0,0.0,63.583,,2.0,2.0,0.0,0.0,4.0,3.0,1.0,0.0,0.0,0.0
7065,0.0,1.0,0.0,Black,,5,12.0,,,,4.204,20.0,3.0,,0.0,0.0,,,,0.0,0.0,0.0
7066,0.0,0.0,1.0,Black,,6,12.0,,0.0,0.0,43.598,0.0,3.0,2.0,0.0,0.0,,2.0,1.0,0.0,0.0,0.0
7067,0.0,0.0,0.0,Black,,6,14.0,12.0,0.0,0.0,1.097,20.0,1.0,3.0,1.0,0.0,5.0,3.0,3.0,0.0,0.0,0.0
7068,0.0,0.0,0.0,Black,,6,14.0,12.0,0.0,0.0,3.678,18.0,2.0,3.0,0.0,0.0,4.0,3.0,3.0,0.0,0.0,
7069,1.0,0.0,1.0,Hispanic,,6,12.0,16.0,0.0,0.0,95.414,4.0,2.0,1.0,0.0,0.0,3.0,4.0,2.0,0.0,0.0,0.0
7070,0.0,0.0,1.0,Black,0.375,6,12.0,16.0,0.0,0.0,10.988,7.0,2.0,3.0,0.0,0.0,2.0,1.0,2.0,0.0,0.0,0.0
7071,0.0,0.0,0.0,Black,,3,12.0,,0.0,0.0,,,2.0,2.0,0.0,0.0,2.0,,,0.0,,0.0
7072,1.0,0.0,1.0,Hispanic,0.375,5,10.0,,0.0,,1.028,6.0,2.0,3.0,1.0,0.0,2.0,2.0,2.0,0.0,0.0,0.0
7073,0.0,0.0,1.0,Hispanic,0.05,5,9.0,10.0,0.0,0.0,20.381,8.0,2.0,2.0,1.0,0.0,2.0,2.0,2.0,0.0,0.0,0.0
7074,0.0,,0.0,Hispanic,0.375,5,10.0,,0.0,,37.911,7.0,2.0,3.0,3.0,1.0,2.0,1.0,1.0,0.0,,0.0
7075,0.0,0.0,1.0,Hispanic,0.375,3,,,0.0,1.0,14.863,2.0,2.0,1.0,0.0,0.0,1.0,1.0,1.0,0.0,0.0,0.0
7076,1.0,0.0,0.0,Hispanic,,6,,,0.0,0.0,17.527,5.0,1.0,1.0,0.0,0.0,3.0,1.0,1.0,0.0,0.0,1.0
7077,0.0,0.0,0.0,Hispanic,,6,10.0,12.0,0.0,1.0,10.684,8.0,2.0,2.0,0.0,2.0,2.0,1.0,1.0,0.0,0.0,0.0
7078,0.0,0.0,0.0,Hispanic,0.8,6,,,1.0,,49.206,1.0,2.0,1.0,0.0,0.0,1.0,1.0,1.0,0.0,0.0,1.0
7079,1.0,0.0,1.0,Hispanic,0.175,4,11.0,10.0,0.0,0.0,6.163,4.0,3.0,2.0,0.0,0.0,3.0,3.0,1.0,0.0,,0.0
7080,1.0,0.0,0.0,Hispanic,0.375,7,8.0,10.0,0.0,0.0,83.005,4.0,2.0,1.0,0.0,0.0,3.0,2.0,1.0,0.0,,0.0
7081,1.0,0.0,1.0,Hispanic,0.375,7,8.0,10.0,0.0,0.0,41.789,10.0,2.0,2.0,0.0,0.0,2.0,3.0,2.0,0.0,0.0,0.0
7082,0.0,0.0,1.0,Hispanic,,5,10.0,12.0,0.0,0.0,50.57,2.0,2.0,2.0,0.0,0.0,2.0,2.0,1.0,0.0,0.0,0.0
7083,0.0,0.0,1.0,Hispanic,,5,10.0,12.0,0.0,0.0,39.667,3.0,2.0,1.0,0.0,0.0,3.0,,2.0,0.0,0.0,0.0
7084,0.0,0.0,1.0,Hispanic,0.05,5,12.0,,0.0,,,3.0,2.0,2.0,0.0,0.0,1.0,1.0,1.0,0.0,0.0,0.0
7085,0.0,1.0,0.0,Hispanic,,8,12.0,12.0,,0.0,25.269,2.0,2.0,3.0,0.0,0.0,4.0,3.0,2.0,0.0,,0.0
7086,1.0,0.0,1.0,Hispanic,,5,9.0,9.0,,,23.98,3.0,2.0,2.0,0.0,0.0,2.0,1.0,1.0,0.0,,0.0
7087,0.0,0.0,0.0,Hispanic,0.375,5,11.0,10.0,1.0,,,14.0,2.0,2.0,0.0,1.0,1.0,1.0,1.0,0.0,0.0,0.0
7088,1.0,,1.0,Hispanic,0.325,3,8.0,,0.0,,68.766,1.0,1.0,1.0,0.0,0.0,1.0,1.0,1.0,0.0,,0.0
7089,1.0,1.0,1.0,Black,1.27,8,10.0,10.0,0.0,1.0,68.722,14.0,2.0,1.0,0.0,0.0,3.0,1.0,1.0,0.0,0.0,0.0
7090,0.0,,1.0,Black,1.27,8,10.0,10.0,0.0,1.0,69.563,14.0,2.0,1.0,0.0,0.0,3.0,2.0,1.0,0.0,0.0,0.0
7091,0.0,0.0,1.0,Black,0.175,8,10.0,,0.0,,14.359,4.0,2.0,1.0,0.0,0.0,2.0,1.0,2.0,0.0,0.0,0.0
7092,0.0,1.0,0.0,Black,,3,,,0.0,0.0,43.288,,1.0,1.0,0.0,0.0,1.0,1.0,1.0,0.0,0.0,0.0
7093,0.0,0.0,0.0,Black,,3,15.0,12.0,0.0,0.0,,3.0,1.0,2.0,0.0,2.0,2.0,1.0,1.0,0.0,0.0,0.0
7094,0.0,0.0,1.0,Black,,7,,12.0,0.0,0.0,,5.0,2.0,3.0,0.0,0.0,3.0,2.0,1.0,0.0,,0.0
7095,1.0,0.0,0.0,Black,,4,12.0,14.0,0.0,0.0,67.766,1.0,2.0,2.0,0.0,0.0,2.0,1.0,2.0,0.0,0.0,0.0
7096,1.0,0.0,1.0,Black,8.67,5,17.0,16.0,0.0,0.0,72.274,3.0,2.0,2.0,0.0,0.0,1.0,1.0,1.0,1.0,0.0,0.0
7097,1.0,0.0,0.0,Black,,6,16.0,12.0,0.0,1.0,55.319,2.0,2.0,1.0,0.0,1.0,1.0,1.0,1.0,1.0,0.0,1.0
7098,0.0,0.0,1.0,Black,4.645,5,16.0,16.0,0.0,0.0,86.122,3.0,2.0,1.0,0.0,0.0,3.0,3.0,2.0,0.0,0.0,0.0
7099,1.0,0.0,1.0,Black,,3,16.0,15.0,,0.0,,3.0,2.0,3.0,1.0,0.0,2.0,2.0,2.0,1.0,0.0,1.0
7100,0.0,,0.0,Black,0.5,3,13.0,,0.0,,,5.0,2.0,3.0,0.0,3.0,4.0,1.0,1.0,0.0,,0.0
7101,1.0,0.0,0.0,Black,17.925,2,14.0,12.0,0.0,0.0,62.259,1.0,2.0,2.0,0.0,0.0,4.0,2.0,4.0,1.0,0.0,0.0
7102,1.0,1.0,0.0,Hispanic,0.75,3,,12.0,0.0,0.0,22.86,0.0,2.0,2.0,0.0,0.0,1.0,1.0,1.0,0.0,0.0,0.0
7103,0.0,0.0,0.0,Hispanic,1.3007,2,12.0,,0.0,,31.345,20.0,2.0,2.0,0.0,0.0,5.0,5.0,2.0,0.0,0.0,0.0
7104,0.0,0.0,0.0,Black,0.05,4,,,1.0,0.0,,3.0,3.0,2.0,0.0,0.0,3.0,3.0,3.0,0.0,,1.0
7105,1.0,0.0,1.0,Black,0.05,4,,,0.0,0.0,61.716,5.0,2.0,3.0,0.0,2.0,3.0,1.0,1.0,0.0,0.0,0.0
7106,0.0,0.0,1.0,Black,0.175,6,11.0,12.0,0.0,0.0,7.043,6.0,3.0,3.0,0.0,0.0,3.0,3.0,4.0,0.0,0.0,0.0
7107,0.0,0.0,1.0,Black,0.175,6,11.0,12.0,0.0,,53.927,,3.0,4.0,0.0,0.0,5.0,5.0,2.0,0.0,1.0,0.0
7108,1.0,0.0,0.0,Black,,3,17.0,,0.0,0.0,85.207,3.0,2.0,3.0,0.0,0.0,1.0,1.0,1.0,1.0,0.0,0.0
7109,0.0,0.0,0.0,Black,,3,12.0,,0.0,0.0,12.025,20.0,3.0,2.0,0.0,0.0,3.0,1.0,1.0,0.0,1.0,0.0
7110,0.0,0.0,1.0,Black,,4,,,0.0,1.0,21.67,18.0,2.0,3.0,0.0,1.0,5.0,2.0,4.0,0.0,,0.0
7111,0.0,0.0,1.0,Black,,6,12.0,,,,16.849,0.0,3.0,2.0,1.0,0.0,2.0,1.0,2.0,0.0,0.0,0.0
7112,0.0,0.0,1.0,Black,,6,12.0,,,,5.745,0.0,3.0,2.0,0.0,0.0,1.0,1.0,3.0,0.0,0.0,0.0
7113,0.0,0.0,0.0,Black,,7,,,0.0,,8.912,5.0,2.0,2.0,0.0,3.0,1.0,1.0,1.0,0.0,,
7114,0.0,0.0,0.0,Black,0.315,2,12.0,12.0,0.0,0.0,7.563,12.0,3.0,2.0,0.0,0.0,1.0,1.0,1.0,0.0,0.0,0.0
7115,0.0,0.0,0.0,Black,,3,11.0,,0.0,0.0,10.823,5.0,2.0,2.0,0.0,0.0,3.0,2.0,1.0,0.0,0.0,0.0
7116,0.0,0.0,0.0,Black,0.05,5,11.0,12.0,0.0,,23.034,6.0,2.0,2.0,0.0,0.0,1.0,1.0,1.0,0.0,,1.0
7117,1.0,0.0,1.0,Black,3.875,4,16.0,,0.0,1.0,18.524,2.0,2.0,3.0,0.0,2.0,1.0,1.0,1.0,0.0,0.0,0.0
7118,0.0,0.0,1.0,Black,,4,16.0,12.0,,0.0,,4.0,2.0,2.0,0.0,0.0,1.0,1.0,2.0,0.0,1.0,0.0
7119,0.0,0.0,0.0,Black,0.05,4,,,0.0,,,7.0,1.0,2.0,2.0,0.0,2.0,1.0,1.0,1.0,,0.0
7120,0.0,0.0,1.0,Black,,3,14.0,,0.0,0.0,65.853,5.0,2.0,2.0,0.0,0.0,5.0,1.0,1.0,0.0,0.0,0.0
7121,0.0,0.0,1.0,Black,,5,,,,0.0,24.568,4.0,2.0,3.0,0.0,0.0,3.0,4.0,3.0,0.0,,0.0
7122,0.0,0.0,1.0,Black,,5,,,,,,5.0,2.0,3.0,0.0,0.0,2.0,1.0,1.0,0.0,,0.0
7123,1.0,0.0,1.0,Hispanic,0.05,4,15.0,9.0,0.0,0.0,6.92,3.0,1.0,1.0,0.0,0.0,1.0,1.0,1.0,0.0,0.0,0.0
7124,1.0,1.0,1.0,Black,29.25,3,12.0,14.0,0.0,0.0,72.164,5.0,2.0,4.0,0.0,0.0,3.0,2.0,1.0,0.0,,0.0
7125,1.0,0.0,1.0,Black,0.1487,4,9.0,9.0,0.0,1.0,,0.0,2.0,2.0,0.0,0.0,4.0,2.0,1.0,0.0,0.0,0.0
7126,0.0,0.0,0.0,Black,0.1487,4,9.0,9.0,0.0,,3.123,0.0,1.0,2.0,0.0,4.0,2.0,2.0,1.0,1.0,,0.0
7127,,,0.0,Black,10.575,5,11.0,,0.0,,13.54,2.0,3.0,2.0,2.0,0.0,4.0,1.0,1.0,0.0,,0.0
7128,,,0.0,Black,10.575,5,11.0,,0.0,,6.431,0.0,2.0,2.0,0.0,1.0,1.0,1.0,1.0,0.0,,0.0
7129,0.0,0.0,0.0,Hispanic,1.955,4,8.0,7.0,0.0,0.0,,2.0,3.0,2.0,0.0,1.0,2.0,5.0,4.0,0.0,0.0,0.0
7130,1.0,0.0,0.0,Hispanic,2.825,5,15.0,15.0,0.0,0.0,,3.0,2.0,2.0,0.0,0.0,3.0,2.0,2.0,0.0,0.0,0.0
7131,0.0,0.0,0.0,Hispanic,0.03,3,,,0.0,,,25.0,1.0,2.0,0.0,0.0,3.0,3.0,1.0,0.0,0.0,0.0
7132,1.0,0.0,1.0,Hispanic,6.275,4,12.0,16.0,0.0,0.0,33.686,0.0,1.0,1.0,0.0,0.0,2.0,1.0,2.0,0.0,0.0,0.0
7133,0.0,0.0,1.0,Hispanic,,5,,,,0.0,15.949,10.0,2.0,1.0,0.0,0.0,2.0,3.0,1.0,1.0,,0.0
7134,1.0,0.0,0.0,Hispanic,5.58,6,12.0,12.0,0.0,,19.986,0.0,1.0,1.0,0.0,0.0,3.0,2.0,2.0,0.0,0.0,1.0
7135,1.0,0.0,0.0,Hispanic,3.302,4,12.0,8.0,0.0,0.0,66.068,9.0,2.0,1.0,0.0,0.0,3.0,2.0,3.0,0.0,0.0,0.0
7136,0.0,0.0,1.0,Hispanic,3.275,6,8.0,11.0,0.0,0.0,,2.0,1.0,2.0,0.0,0.0,3.0,2.0,3.0,0.0,,0.0
7137,0.0,0.0,1.0,Hispanic,3.275,6,8.0,11.0,0.0,0.0,,5.0,2.0,2.0,0.0,0.0,4.0,4.0,3.0,0.0,0.0,0.0
7138,0.0,0.0,0.0,Hispanic,1.6096,6,7.0,7.0,0.0,0.0,29.979,0.0,2.0,2.0,0.0,0.0,4.0,3.0,2.0,0.0,,0.0
7139,0.0,0.0,1.0,Hispanic,1.6096,6,7.0,7.0,0.0,0.0,31.309,0.0,1.0,1.0,0.0,0.0,4.0,2.0,2.0,0.0,0.0,0.0
7140,0.0,0.0,1.0,Hispanic,1.6096,6,7.0,7.0,0.0,0.0,47.248,0.0,1.0,1.0,0.0,0.0,3.0,1.0,1.0,0.0,0.0,0.0
7141,0.0,0.0,0.0,Hispanic,0.175,5,6.0,,0.0,,8.196,0.0,2.0,2.0,0.0,0.0,3.0,2.0,3.0,1.0,,0.0
7142,1.0,0.0,1.0,Hispanic,0.175,5,6.0,,0.0,0.0,12.517,0.0,1.0,1.0,0.0,0.0,1.0,1.0,1.0,0.0,0.0,0.0
7143,1.0,0.0,0.0,Hispanic,6.625,6,14.0,9.0,0.0,0.0,42.392,1.0,2.0,2.0,0.0,0.0,3.0,3.0,3.0,0.0,0.0,0.0
7144,1.0,0.0,1.0,Hispanic,6.625,6,14.0,9.0,0.0,0.0,10.273,0.0,2.0,1.0,0.0,0.0,2.0,2.0,2.0,0.0,0.0,0.0
7145,0.0,0.0,1.0,Hispanic,1.125,6,,,0.0,0.0,27.786,0.0,2.0,1.0,0.0,0.0,3.0,4.0,5.0,1.0,0.0,1.0
7146,1.0,0.0,0.0,Hispanic,1.125,6,,,0.0,0.0,6.493,,2.0,2.0,0.0,1.0,4.0,3.0,5.0,1.0,0.0,1.0
7147,1.0,0.0,1.0,Hispanic,0.05,5,,,0.0,1.0,,0.0,1.0,2.0,0.0,0.0,2.0,2.0,2.0,0.0,1.0,0.0
7148,1.0,0.0,1.0,Hispanic,,5,,,0.0,0.0,81.96,1.0,2.0,2.0,0.0,0.0,3.0,,4.0,1.0,1.0,0.0
7149,0.0,1.0,0.0,Hispanic,3.325,3,12.0,,0.0,,19.129,0.0,2.0,2.0,0.0,0.0,3.0,3.0,3.0,0.0,,0.0
7150,0.0,0.0,0.0,Hispanic,3.325,3,12.0,,0.0,,27.511,1.0,1.0,1.0,0.0,0.0,2.0,1.0,2.0,0.0,0.0,1.0
7151,1.0,0.0,1.0,Hispanic,4.75,5,10.0,14.0,0.0,,26.419,0.0,1.0,1.0,0.0,0.0,2.0,1.0,2.0,,0.0,0.0
7152,0.0,0.0,1.0,Hispanic,0.375,3,12.0,13.0,0.0,0.0,11.733,2.0,2.0,2.0,0.0,0.0,3.0,3.0,3.0,,0.0,0.0
7153,0.0,0.0,0.0,Hispanic,0.175,3,12.0,12.0,0.0,0.0,49.003,5.0,2.0,1.0,0.0,0.0,3.0,4.0,3.0,0.0,0.0,1.0
7154,0.0,0.0,1.0,Hispanic,0.175,3,,12.0,0.0,0.0,11.986,22.0,2.0,2.0,0.0,0.0,5.0,2.0,4.0,0.0,0.0,0.0
7155,1.0,0.0,0.0,Hispanic,0.225,2,12.0,10.0,0.0,0.0,92.679,2.0,1.0,1.0,1.0,0.0,2.0,3.0,1.0,1.0,0.0,0.0
7156,0.0,0.0,0.0,Black,7.85,3,16.0,,0.0,1.0,,4.0,3.0,3.0,0.0,0.0,5.0,3.0,4.0,0.0,,0.0
7157,0.0,0.0,0.0,Black,7.85,3,14.0,18.0,0.0,0.0,,2.0,2.0,3.0,0.0,0.0,2.0,1.0,2.0,0.0,1.0,0.0
7158,0.0,0.0,1.0,Hispanic,6.66,2,12.0,,0.0,1.0,38.718,2.0,3.0,3.0,0.0,0.0,2.0,3.0,1.0,1.0,0.0,0.0
7159,0.0,1.0,0.0,Hispanic,-0.09,6,12.0,,0.0,,15.36,10.0,2.0,2.0,0.0,0.0,2.0,2.0,2.0,0.0,0.0,1.0
7160,0.0,0.0,0.0,Hispanic,,3,9.0,,,,,2.0,2.0,3.0,0.0,0.0,3.0,3.0,3.0,0.0,,0.0
7161,1.0,0.0,1.0,Hispanic,6.29,4,12.0,,0.0,,22.241,3.0,3.0,3.0,0.0,0.0,2.0,3.0,1.0,0.0,0.0,0.0
7162,1.0,0.0,1.0,Hispanic,57.29,5,14.0,12.0,0.0,0.0,33.901,2.0,2.0,1.0,0.0,0.0,4.0,2.0,3.0,1.0,0.0,0.0
7163,1.0,0.0,0.0,Hispanic,57.29,5,14.0,12.0,0.0,0.0,74.94,0.0,1.0,1.0,0.0,0.0,1.0,1.0,2.0,0.0,0.0,0.0
7164,1.0,0.0,1.0,Hispanic,,5,18.0,12.0,0.0,0.0,39.338,5.0,2.0,2.0,0.0,0.0,1.0,1.0,2.0,0.0,0.0,0.0
7165,0.0,1.0,0.0,Hispanic,37.56,4,12.0,12.0,0.0,0.0,,4.0,2.0,2.0,0.0,0.0,2.0,2.0,1.0,0.0,,0.0
7166,1.0,0.0,1.0,Hispanic,8.87,4,20.0,18.0,0.0,0.0,14.343,2.0,2.0,1.0,0.0,0.0,1.0,1.0,1.0,1.0,0.0,0.0
7167,0.0,0.0,0.0,Hispanic,15.25,5,12.0,9.0,0.0,0.0,11.987,42.0,4.0,4.0,0.0,0.0,5.0,5.0,3.0,0.0,,0.0
7168,1.0,1.0,0.0,Hispanic,4.235,6,12.0,11.0,0.0,0.0,50.692,7.0,2.0,2.0,0.0,0.0,3.0,2.0,1.0,0.0,0.0,0.0
7169,0.0,0.0,1.0,Hispanic,4.235,6,12.0,11.0,0.0,0.0,19.83,,3.0,3.0,0.0,0.0,3.0,3.0,4.0,0.0,0.0,0.0
7170,1.0,0.0,0.0,Hispanic,33.15,5,14.0,18.0,0.0,0.0,53.445,1.0,1.0,2.0,0.0,0.0,3.0,4.0,2.0,,0.0,0.0
7171,1.0,0.0,0.0,Hispanic,33.15,5,14.0,18.0,0.0,0.0,24.878,3.0,2.0,2.0,0.0,0.0,3.0,2.0,3.0,1.0,0.0,0.0
7172,0.0,0.0,1.0,Hispanic,12.515,3,12.0,12.0,0.0,,9.94,,2.0,2.0,,,1.0,1.0,2.0,0.0,0.0,0.0
7173,1.0,0.0,1.0,Hispanic,0.05,6,,,0.0,0.0,,0.0,2.0,1.0,0.0,0.0,2.0,4.0,2.0,0.0,0.0,0.0
7174,1.0,0.0,0.0,Hispanic,0.05,6,,,0.0,0.0,83.453,0.0,2.0,3.0,0.0,0.0,1.0,1.0,1.0,0.0,0.0,0.0
7175,1.0,0.0,1.0,Black,0.32,3,12.0,12.0,0.0,,56.277,10.0,2.0,3.0,0.0,0.0,3.0,3.0,2.0,0.0,,0.0
7176,1.0,0.0,1.0,Black,0.32,3,12.0,12.0,0.0,,17.91,0.0,2.0,3.0,0.0,2.0,1.0,1.0,1.0,0.0,0.0,0.0
7177,1.0,0.0,1.0,Hispanic,0.625,2,12.0,12.0,0.0,0.0,71.261,0.0,2.0,3.0,0.0,0.0,2.0,2.0,1.0,0.0,0.0,0.0
7178,0.0,0.0,1.0,Hispanic,0.08,6,8.0,6.0,0.0,0.0,2.27,0.0,1.0,1.0,0.0,0.0,1.0,1.0,1.0,0.0,0.0,0.0
7179,0.0,0.0,0.0,Hispanic,2.45,5,6.0,9.0,0.0,0.0,8.896,2.0,2.0,3.0,0.0,1.0,3.0,1.0,2.0,0.0,0.0,0.0
7180,1.0,0.0,1.0,Black,,4,15.0,15.0,0.0,0.0,,1.0,2.0,2.0,0.0,0.0,3.0,,2.0,1.0,1.0,0.0
7181,0.0,0.0,0.0,Black,,4,15.0,15.0,0.0,0.0,,2.0,2.0,1.0,0.0,0.0,2.0,2.0,4.0,1.0,0.0,0.0
7182,1.0,0.0,1.0,Black,,3,12.0,15.0,,0.0,,1.0,2.0,1.0,0.0,0.0,2.0,1.0,2.0,0.0,,0.0
7183,1.0,0.0,1.0,Black,25.95,4,16.0,16.0,0.0,0.0,,0.0,2.0,1.0,0.0,0.0,3.0,2.0,1.0,1.0,0.0,0.0
7184,1.0,0.0,0.0,Black,,5,,5.0,,0.0,63.692,2.0,2.0,2.0,3.0,0.0,1.0,1.0,1.0,0.0,0.0,0.0
7185,0.0,0.0,1.0,Hispanic,34.8501,4,,,1.0,0.0,22.989,0.0,2.0,2.0,0.0,0.0,1.0,1.0,1.0,0.0,,0.0
7186,1.0,0.0,0.0,Black,,2,16.0,16.0,0.0,0.0,59.36,2.0,2.0,4.0,0.0,0.0,4.0,4.0,2.0,0.0,0.0,0.0
7187,0.0,0.0,1.0,Hispanic,14.45,2,16.0,14.0,0.0,0.0,75.597,8.0,2.0,2.0,0.0,0.0,3.0,3.0,1.0,0.0,0.0,1.0
7188,1.0,0.0,1.0,Black,24.575,4,12.0,12.0,0.0,0.0,16.364,2.0,2.0,3.0,0.0,0.0,4.0,4.0,2.0,0.0,0.0,0.0
7189,0.0,0.0,1.0,Hispanic,0.225,4,3.0,,0.0,,,,3.0,4.0,0.0,0.0,1.0,1.0,4.0,0.0,,0.0
7190,0.0,0.0,0.0,Hispanic,7.557,6,11.0,8.0,0.0,0.0,53.481,2.0,3.0,3.0,0.0,0.0,4.0,5.0,1.0,0.0,,0.0
7191,0.0,1.0,0.0,Hispanic,0.75,7,6.0,6.0,0.0,0.0,64.735,4.0,2.0,4.0,2.0,0.0,3.0,3.0,2.0,0.0,0.0,1.0
7192,0.0,1.0,1.0,Hispanic,0.75,7,6.0,6.0,0.0,0.0,42.657,3.0,2.0,3.0,2.0,2.0,4.0,4.0,1.0,0.0,0.0,0.0
7193,0.0,0.0,0.0,Hispanic,20.925,4,12.0,19.0,0.0,0.0,73.245,0.0,2.0,2.0,50.0,0.0,3.0,4.0,2.0,1.0,1.0,0.0
7194,1.0,0.0,1.0,Hispanic,,5,8.0,10.0,0.0,0.0,37.027,6.0,1.0,2.0,0.0,0.0,2.0,1.0,1.0,0.0,0.0,0.0
7195,1.0,0.0,0.0,Hispanic,,5,8.0,10.0,0.0,0.0,30.298,4.0,3.0,2.0,1.0,0.0,1.0,1.0,4.0,1.0,0.0,0.0
7196,0.0,0.0,0.0,Hispanic,-0.5785,7,16.0,,0.0,,30.864,3.0,2.0,2.0,0.0,0.0,4.0,4.0,2.0,1.0,,0.0
7197,0.0,0.0,0.0,Hispanic,-0.5785,7,16.0,,0.0,,54.44,0.0,2.0,1.0,1.0,0.0,3.0,4.0,2.0,1.0,1.0,0.0
7198,1.0,0.0,1.0,Hispanic,-0.5785,7,16.0,,0.0,0.0,65.084,1.0,2.0,2.0,0.0,0.0,3.0,3.0,2.0,0.0,0.0,1.0
7199,1.0,0.0,1.0,Hispanic,-0.5785,7,16.0,,0.0,0.0,48.837,5.0,2.0,2.0,1.0,0.0,2.0,1.0,4.0,0.0,0.0,0.0
7200,1.0,0.0,1.0,Hispanic,,3,10.0,12.0,0.0,0.0,56.556,4.0,2.0,2.0,0.0,0.0,1.0,1.0,1.0,0.0,0.0,0.0
7201,1.0,0.0,0.0,Hispanic,1.225,4,9.0,,0.0,,37.943,2.0,2.0,2.0,0.0,0.0,4.0,4.0,2.0,0.0,0.0,0.0
7202,1.0,1.0,0.0,Hispanic,2.27,5,8.0,9.0,0.0,0.0,16.506,2.0,2.0,3.0,3.0,0.0,2.0,1.0,4.0,0.0,1.0,0.0
7203,0.0,0.0,0.0,Hispanic,2.27,5,8.0,9.0,0.0,0.0,,2.0,2.0,3.0,1.0,2.0,,,,0.0,,1.0
7204,0.0,0.0,1.0,Hispanic,3.341,6,12.0,,0.0,0.0,33.884,6.0,2.0,2.0,0.0,0.0,4.0,1.0,2.0,0.0,0.0,0.0
7205,1.0,0.0,0.0,Hispanic,,6,12.0,14.0,0.0,0.0,,3.0,2.0,2.0,0.0,0.0,1.0,3.0,1.0,0.0,0.0,0.0
7206,1.0,0.0,0.0,Hispanic,14.65,4,12.0,12.0,0.0,0.0,96.437,0.0,2.0,2.0,0.0,0.0,3.0,1.0,2.0,0.0,0.0,0.0
7207,1.0,0.0,0.0,Hispanic,,5,7.0,6.0,,0.0,,0.0,2.0,2.0,0.0,0.0,5.0,5.0,5.0,0.0,,0.0
7208,0.0,0.0,1.0,Hispanic,0.375,5,,,0.0,0.0,19.203,4.0,2.0,2.0,1.0,0.0,2.0,1.0,3.0,0.0,0.0,0.0
7209,0.0,0.0,0.0,Hispanic,0.375,6,11.0,11.0,0.0,0.0,52.899,2.0,2.0,2.0,0.0,0.0,,1.0,3.0,0.0,0.0,0.0
7210,1.0,0.0,0.0,Hispanic,-0.275,7,,,0.0,0.0,41.365,8.0,2.0,2.0,0.0,0.0,4.0,4.0,3.0,0.0,0.0,0.0
7211,1.0,0.0,1.0,Hispanic,,5,14.0,14.0,,0.0,,0.0,2.0,2.0,0.0,0.0,3.0,4.0,3.0,0.0,,0.0
7212,0.0,0.0,0.0,Hispanic,,5,14.0,14.0,,0.0,,0.0,2.0,2.0,0.0,0.0,4.0,2.0,3.0,0.0,,0.0
7213,1.0,0.0,1.0,Hispanic,0.825,5,6.0,14.0,0.0,0.0,56.42,10.0,2.0,2.0,0.0,1.0,4.0,4.0,4.0,0.0,,0.0
7214,0.0,0.0,0.0,Hispanic,0.825,5,6.0,14.0,0.0,0.0,,2.0,3.0,3.0,0.0,2.0,1.0,1.0,1.0,1.0,,0.0
7215,1.0,0.0,1.0,Black,3.56,5,15.0,12.0,0.0,0.0,,0.0,1.0,1.0,0.0,0.0,3.0,2.0,1.0,1.0,0.0,0.0
7216,1.0,0.0,0.0,Black,0.05,2,,,0.0,,,2.0,2.0,1.0,0.0,0.0,1.0,1.0,1.0,0.0,0.0,0.0
7217,1.0,0.0,1.0,Black,3.8661,3,12.0,12.0,0.0,0.0,,3.0,1.0,2.0,0.0,0.0,3.0,2.0,1.0,0.0,0.0,0.0
7218,0.0,0.0,1.0,Black,4.3955,6,14.0,,0.0,,,3.0,2.0,2.0,0.0,0.0,1.0,1.0,1.0,1.0,0.0,0.0
7219,0.0,1.0,0.0,Black,4.3955,6,14.0,,0.0,,43.852,6.0,2.0,3.0,0.0,0.0,3.0,2.0,1.0,,,1.0
7220,0.0,0.0,0.0,Hispanic,0.05,7,11.0,12.0,0.0,0.0,50.643,1.0,1.0,2.0,1.0,3.0,1.0,1.0,1.0,1.0,0.0,1.0
7221,1.0,0.0,0.0,Black,-2.14,3,15.0,15.0,0.0,0.0,,3.0,2.0,1.0,0.0,0.0,2.0,1.0,1.0,0.0,0.0,0.0
7222,1.0,0.0,0.0,Hispanic,1.65,6,12.0,3.0,0.0,0.0,79.338,2.0,1.0,1.0,0.0,0.0,3.0,4.0,2.0,0.0,,0.0
7223,1.0,0.0,0.0,Hispanic,1.65,6,12.0,8.0,0.0,,72.074,4.0,1.0,1.0,0.0,0.0,2.0,2.0,2.0,0.0,,0.0
7224,0.0,0.0,0.0,Black,10.25,4,12.0,10.0,0.0,0.0,49.956,5.0,2.0,2.0,1.0,1.0,2.0,1.0,2.0,0.0,,0.0
7225,1.0,1.0,0.0,Hispanic,,5,13.0,16.0,0.0,1.0,80.527,0.0,1.0,2.0,0.0,0.0,2.0,2.0,1.0,0.0,0.0,0.0
7226,1.0,0.0,1.0,Hispanic,,5,13.0,16.0,0.0,1.0,29.003,3.0,2.0,2.0,0.0,0.0,4.0,5.0,4.0,1.0,0.0,0.0
7227,0.0,0.0,0.0,Hispanic,,5,5.0,,,0.0,6.921,3.0,2.0,2.0,0.0,0.0,5.0,2.0,2.0,0.0,0.0,0.0
7228,0.0,0.0,0.0,Hispanic,,5,,6.0,,0.0,,1.0,2.0,1.0,0.0,0.0,5.0,4.0,4.0,0.0,0.0,0.0
7229,0.0,0.0,0.0,Hispanic,,5,,6.0,,0.0,24.998,2.0,2.0,2.0,0.0,0.0,1.0,1.0,1.0,0.0,,0.0
7230,0.0,0.0,1.0,Black,0.05,10,12.0,,1.0,0.0,1.179,36.0,2.0,2.0,0.0,10.0,3.0,4.0,5.0,0.0,,1.0
7231,0.0,0.0,0.0,Black,0.05,10,12.0,,1.0,,,,2.0,2.0,,,2.0,1.0,1.0,,0.0,1.0
7232,0.0,0.0,1.0,Black,0.05,10,12.0,,1.0,0.0,5.118,0.0,1.0,1.0,0.0,0.0,1.0,1.0,,0.0,0.0,1.0
7233,0.0,0.0,0.0,Black,0.05,10,12.0,,1.0,0.0,1.134,1.0,3.0,2.0,0.0,3.0,1.0,1.0,1.0,0.0,,1.0
7234,0.0,0.0,0.0,Black,0.05,10,12.0,,1.0,0.0,19.855,4.0,2.0,2.0,0.0,6.0,3.0,,,0.0,0.0,1.0
7235,1.0,0.0,1.0,Black,1.35,4,14.0,14.0,0.0,0.0,,0.0,2.0,1.0,0.0,0.0,3.0,3.0,2.0,0.0,0.0,0.0
7236,0.0,0.0,1.0,Black,,3,12.0,,,,18.833,1.0,1.0,1.0,0.0,0.0,2.0,1.0,2.0,0.0,0.0,0.0
7237,0.0,0.0,1.0,Hispanic,,5,6.0,,0.0,0.0,,,2.0,2.0,3.0,1.0,3.0,2.0,2.0,1.0,0.0,0.0
7238,1.0,0.0,0.0,Hispanic,,4,12.0,12.0,,,,4.0,2.0,2.0,0.0,0.0,4.0,4.0,3.0,0.0,,0.0
7239,1.0,1.0,0.0,Hispanic,0.05,2,6.0,14.0,0.0,0.0,,0.0,1.0,1.0,0.0,0.0,2.0,1.0,1.0,0.0,0.0,0.0
7240,0.0,0.0,1.0,Hispanic,,5,8.0,8.0,0.0,0.0,18.243,4.0,2.0,2.0,0.0,0.0,4.0,3.0,3.0,0.0,0.0,0.0
7241,0.0,0.0,1.0,Hispanic,,4,9.0,9.0,,0.0,,1.0,2.0,1.0,0.0,0.0,2.0,1.0,1.0,0.0,0.0,0.0
7242,1.0,0.0,0.0,Hispanic,,4,10.0,9.0,0.0,0.0,22.547,0.0,2.0,2.0,0.0,0.0,1.0,1.0,1.0,0.0,0.0,0.0
7243,0.0,0.0,1.0,Hispanic,,7,5.0,6.0,0.0,0.0,30.575,0.0,2.0,2.0,1.0,0.0,1.0,1.0,3.0,0.0,0.0,0.0
7244,0.0,0.0,1.0,Hispanic,,7,5.0,6.0,0.0,0.0,41.393,2.0,2.0,2.0,0.0,0.0,2.0,1.0,2.0,0.0,0.0,0.0
7245,0.0,0.0,0.0,Black,5.26,6,12.0,12.0,0.0,0.0,,30.0,4.0,3.0,1.0,0.0,4.0,4.0,2.0,,,1.0
7246,0.0,0.0,0.0,Black,5.26,6,11.0,12.0,0.0,0.0,16.452,1.0,2.0,2.0,0.0,1.0,3.0,3.0,4.0,,0.0,1.0
7247,0.0,0.0,0.0,Black,5.26,6,12.0,,1.0,,13.148,0.0,2.0,3.0,0.0,1.0,1.0,1.0,5.0,0.0,,1.0
7248,0.0,0.0,0.0,Black,5.26,6,11.0,,0.0,0.0,5.113,0.0,2.0,3.0,0.0,6.0,2.0,1.0,1.0,0.0,0.0,1.0
7249,0.0,0.0,0.0,Black,,7,10.0,,,,4.523,10.0,2.0,2.0,0.0,0.0,3.0,3.0,2.0,0.0,,0.0
7250,0.0,0.0,0.0,Black,,7,10.0,,,,,60.0,2.0,2.0,0.0,0.0,5.0,5.0,2.0,0.0,,1.0
7251,0.0,0.0,0.0,Black,,7,11.0,,,0.0,7.606,50.0,2.0,2.0,0.0,0.0,4.0,5.0,5.0,,0.0,1.0
7252,1.0,0.0,0.0,Black,,2,12.0,12.0,1.0,0.0,61.554,6.0,2.0,3.0,0.0,0.0,2.0,1.0,2.0,0.0,0.0,0.0
7253,0.0,0.0,0.0,Black,,2,12.0,,,0.0,,0.0,1.0,2.0,0.0,0.0,1.0,1.0,3.0,0.0,0.0,1.0
7254,0.0,0.0,0.0,Hispanic,8.5,6,12.0,12.0,0.0,,23.479,0.0,2.0,2.0,0.0,0.0,2.0,3.0,1.0,0.0,0.0,0.0
7255,1.0,0.0,0.0,Hispanic,8.5,6,12.0,12.0,0.0,,31.063,5.0,2.0,2.0,0.0,1.0,4.0,1.0,1.0,1.0,,0.0
7256,1.0,0.0,0.0,Black,17.75,5,13.0,13.0,0.0,,,0.0,3.0,3.0,0.0,0.0,4.0,4.0,2.0,1.0,,0.0
7257,1.0,0.0,0.0,Black,42.7001,4,16.0,16.0,0.0,0.0,61.468,1.0,2.0,4.0,1.0,1.0,2.0,1.0,1.0,1.0,0.0,1.0
7258,0.0,0.0,1.0,Black,19.55,3,18.0,14.0,0.0,0.0,,0.0,2.0,2.0,0.0,0.0,4.0,3.0,1.0,0.0,0.0,1.0
7259,1.0,0.0,0.0,Black,7.05,3,14.0,,0.0,,41.587,2.0,2.0,2.0,0.0,0.0,4.0,3.0,2.0,0.0,,0.0
7260,0.0,0.0,0.0,Hispanic,17.05,5,12.0,12.0,0.0,0.0,11.621,10.0,3.0,2.0,0.0,0.0,3.0,4.0,2.0,0.0,,1.0
7261,0.0,0.0,0.0,Hispanic,14.85,5,12.0,12.0,0.0,0.0,19.964,1.0,2.0,2.0,0.0,0.0,3.0,2.0,2.0,0.0,0.0,0.0
7262,1.0,0.0,1.0,Hispanic,4.96,5,12.0,12.0,0.0,0.0,,2.0,1.0,2.0,0.0,0.0,4.0,2.0,5.0,0.0,0.0,0.0
7263,0.0,0.0,1.0,Black,,6,11.0,11.0,0.0,0.0,,0.0,2.0,2.0,0.0,0.0,1.0,1.0,1.0,0.0,1.0,0.0
7264,0.0,0.0,1.0,Black,,6,11.0,11.0,0.0,0.0,,4.0,2.0,2.0,0.0,0.0,1.0,1.0,1.0,1.0,0.0,0.0
7265,0.0,0.0,0.0,Black,,6,11.0,11.0,0.0,0.0,,1.0,2.0,2.0,0.0,0.0,1.0,1.0,1.0,0.0,0.0,0.0
7266,0.0,0.0,0.0,Black,4.04,4,12.0,12.0,0.0,0.0,4.526,1.0,2.0,2.0,0.0,0.0,1.0,1.0,1.0,0.0,0.0,0.0
7267,0.0,0.0,0.0,Black,0.75,4,12.0,,0.0,0.0,3.397,5.0,4.0,2.0,0.0,1.0,1.0,1.0,1.0,0.0,0.0,0.0
7268,1.0,0.0,1.0,Black,1.75,4,14.0,16.0,0.0,0.0,1.646,3.0,2.0,2.0,0.0,0.0,4.0,4.0,2.0,0.0,0.0,0.0
7269,0.0,0.0,1.0,Black,1.75,4,14.0,16.0,0.0,0.0,10.343,8.0,1.0,3.0,0.0,0.0,4.0,4.0,1.0,0.0,0.0,0.0
7270,0.0,1.0,1.0,Black,0.06,4,12.0,16.0,0.0,0.0,54.711,4.0,2.0,3.0,0.0,0.0,3.0,1.0,1.0,1.0,0.0,0.0
7271,1.0,0.0,0.0,Black,1.25,4,12.0,12.0,0.0,0.0,5.939,2.0,2.0,1.0,0.0,0.0,1.0,1.0,1.0,0.0,0.0,0.0
7272,0.0,1.0,0.0,Black,6.55,3,12.0,14.0,0.0,0.0,27.405,3.0,2.0,3.0,2.0,1.0,4.0,2.0,3.0,1.0,0.0,0.0
7273,0.0,0.0,1.0,Black,2.17,3,9.0,12.0,0.0,0.0,23.724,10.0,2.0,2.0,0.0,0.0,4.0,4.0,1.0,1.0,0.0,0.0
7274,0.0,0.0,0.0,Black,3.345,6,12.0,14.0,0.0,0.0,4.528,3.0,1.0,1.0,0.0,0.0,2.0,1.0,1.0,0.0,0.0,0.0
7275,1.0,1.0,1.0,Black,1.35,5,13.0,12.0,0.0,0.0,37.492,3.0,2.0,3.0,0.0,0.0,2.0,1.0,1.0,0.0,0.0,0.0
7276,0.0,0.0,0.0,Black,2.11,5,11.0,10.0,0.0,0.0,5.725,1.0,2.0,2.0,0.0,0.0,2.0,1.0,1.0,0.0,1.0,0.0
7277,0.0,0.0,0.0,Black,2.11,5,11.0,10.0,0.0,0.0,28.191,5.0,2.0,2.0,0.0,0.0,5.0,4.0,2.0,0.0,0.0,0.0
7278,1.0,0.0,0.0,Black,0.5,4,15.0,9.0,0.0,0.0,16.63,3.0,2.0,3.0,0.0,0.0,2.0,1.0,1.0,0.0,0.0,0.0
7279,1.0,0.0,1.0,Black,7.75,6,12.0,12.0,0.0,0.0,61.833,3.0,2.0,2.0,0.0,0.0,4.0,4.0,1.0,0.0,0.0,0.0
7280,0.0,0.0,0.0,Black,,3,12.0,,,1.0,,6.0,2.0,2.0,0.0,0.0,,,1.0,0.0,0.0,0.0
7281,1.0,0.0,1.0,Black,,3,12.0,,,0.0,,2.0,2.0,2.0,0.0,1.0,1.0,1.0,1.0,1.0,0.0,0.0
7282,0.0,1.0,0.0,Black,3.75,4,8.0,9.0,0.0,0.0,0.277,6.0,3.0,3.0,0.0,1.0,5.0,1.0,1.0,0.0,0.0,0.0
7283,0.0,0.0,0.0,Black,2.25,4,12.0,11.0,0.0,0.0,0.573,3.0,4.0,3.0,0.0,1.0,1.0,1.0,2.0,0.0,0.0,0.0
7284,0.0,0.0,1.0,Hispanic,5.28,5,13.0,17.0,0.0,0.0,,9.0,2.0,3.0,0.0,1.0,1.0,1.0,1.0,1.0,0.0,0.0
7285,1.0,0.0,0.0,Black,3.4,3,13.0,14.0,0.0,0.0,38.998,2.0,2.0,3.0,0.0,0.0,2.0,1.0,1.0,0.0,0.0,0.0
7286,1.0,0.0,1.0,Black,,2,12.0,,0.0,0.0,,3.0,2.0,2.0,0.0,0.0,3.0,3.0,1.0,0.0,0.0,0.0
7287,0.0,0.0,0.0,Black,1.375,5,13.0,7.0,0.0,0.0,,5.0,1.0,1.0,0.0,0.0,1.0,1.0,1.0,0.0,0.0,0.0
7288,0.0,0.0,0.0,Black,1.375,5,13.0,7.0,0.0,0.0,36.939,6.0,1.0,2.0,0.0,0.0,1.0,1.0,1.0,0.0,0.0,0.0
7289,0.0,0.0,0.0,Black,4.84,3,12.0,,0.0,0.0,67.286,0.0,1.0,2.0,0.0,0.0,2.0,3.0,1.0,0.0,0.0,0.0
7290,1.0,0.0,0.0,Black,6.5001,6,16.0,13.0,0.0,0.0,30.098,5.0,3.0,3.0,3.0,1.0,5.0,2.0,5.0,1.0,0.0,0.0
7291,0.0,0.0,1.0,Black,7.1001,4,14.0,12.0,0.0,0.0,46.718,3.0,3.0,1.0,0.0,0.0,4.0,4.0,3.0,0.0,0.0,0.0
7292,1.0,0.0,0.0,Black,-0.1,3,12.0,13.0,0.0,0.0,18.997,2.0,2.0,1.0,0.0,0.0,3.0,2.0,2.0,0.0,0.0,0.0
7293,1.0,0.0,1.0,Black,6.8001,4,16.0,18.0,0.0,0.0,38.932,1.0,2.0,3.0,0.0,0.0,1.0,1.0,1.0,1.0,1.0,0.0
7294,1.0,0.0,1.0,Black,6.8001,4,16.0,18.0,0.0,0.0,41.312,0.0,4.0,1.0,12.0,3.0,1.0,2.0,1.0,1.0,0.0,0.0
7295,0.0,,1.0,Black,,3,14.0,12.0,,,32.959,0.0,2.0,1.0,0.0,0.0,3.0,2.0,1.0,0.0,,0.0
7296,1.0,0.0,1.0,Black,10.89,4,8.0,12.0,0.0,0.0,70.42,10.0,2.0,2.0,0.0,0.0,2.0,2.0,1.0,0.0,0.0,0.0
7297,0.0,0.0,0.0,Black,5.0501,6,11.0,,0.0,0.0,,1.0,3.0,3.0,1.0,4.0,5.0,2.0,5.0,1.0,1.0,1.0
7298,0.0,0.0,0.0,Black,2.875,6,12.0,14.0,0.0,0.0,,2.0,1.0,2.0,0.0,0.0,1.0,1.0,2.0,0.0,,0.0
7299,0.0,0.0,0.0,Black,3.275,3,12.0,,0.0,,,1.0,2.0,2.0,0.0,1.0,1.0,2.0,2.0,0.0,0.0,0.0
7300,0.0,1.0,0.0,Black,,5,12.0,,0.0,,,3.0,2.0,2.0,2.0,1.0,3.0,1.0,3.0,0.0,,0.0
7301,0.0,0.0,1.0,Black,6.6512,4,11.0,12.0,0.0,0.0,18.768,3.0,2.0,3.0,0.0,0.0,3.0,3.0,4.0,0.0,0.0,0.0
7302,0.0,0.0,1.0,Black,,5,12.0,12.0,,0.0,5.226,0.0,2.0,2.0,0.0,0.0,1.0,1.0,1.0,0.0,0.0,0.0
7303,1.0,0.0,1.0,Black,2.15,3,12.0,12.0,0.0,0.0,38.096,12.0,2.0,1.0,0.0,0.0,1.0,2.0,4.0,1.0,1.0,0.0
7304,1.0,0.0,1.0,Black,7.55,3,14.0,12.0,0.0,0.0,62.563,7.0,2.0,1.0,0.0,0.0,1.0,1.0,1.0,1.0,0.0,0.0
7305,1.0,0.0,1.0,Black,7.55,3,14.0,12.0,0.0,0.0,17.738,,2.0,2.0,0.0,0.0,1.0,1.0,1.0,0.0,0.0,0.0
7306,1.0,,1.0,Black,6.48,2,20.0,14.0,0.0,,49.089,2.0,3.0,3.0,0.0,0.0,4.0,3.0,4.0,0.0,0.0,0.0
7307,1.0,0.0,0.0,Black,16.07,4,11.0,,0.0,0.0,42.822,4.0,2.0,3.0,0.0,0.0,5.0,3.0,4.0,1.0,0.0,0.0
7308,1.0,0.0,0.0,Black,,4,16.0,16.0,0.0,0.0,42.741,1.0,2.0,2.0,0.0,0.0,4.0,4.0,3.0,1.0,0.0,0.0
7309,1.0,0.0,0.0,Black,1.31,4,18.0,17.0,0.0,,50.701,1.0,1.0,1.0,1.0,1.0,3.0,2.0,1.0,0.0,0.0,0.0
7310,0.0,0.0,0.0,Black,,4,12.0,11.0,,0.0,8.004,14.0,4.0,4.0,0.0,0.0,5.0,3.0,3.0,1.0,0.0,0.0
7311,1.0,0.0,0.0,Black,4.461,3,14.0,14.0,0.0,0.0,,4.0,1.0,1.0,0.0,0.0,2.0,3.0,2.0,0.0,0.0,0.0
7312,1.0,0.0,0.0,Black,4.461,3,14.0,14.0,0.0,0.0,,5.0,1.0,2.0,0.0,0.0,2.0,1.0,1.0,0.0,0.0,0.0
7313,1.0,0.0,1.0,Black,3.45,5,12.0,,0.0,0.0,68.141,0.0,2.0,4.0,2.0,0.0,4.0,4.0,4.0,0.0,0.0,0.0
7314,1.0,0.0,0.0,Black,3.45,5,12.0,,0.0,0.0,20.197,2.0,2.0,2.0,0.0,0.0,1.0,,,0.0,0.0,0.0
7315,0.0,0.0,0.0,Black,8.45,6,14.0,11.0,0.0,0.0,,0.0,1.0,2.0,0.0,0.0,1.0,1.0,1.0,0.0,0.0,0.0
7316,0.0,0.0,0.0,Black,0.375,5,12.0,12.0,0.0,0.0,0.475,3.0,1.0,1.0,0.0,1.0,2.0,1.0,1.0,0.0,0.0,1.0
7317,0.0,0.0,1.0,Black,0.375,5,12.0,12.0,0.0,0.0,7.57,1.0,2.0,2.0,0.0,0.0,2.0,1.0,1.0,0.0,0.0,0.0
7318,0.0,0.0,1.0,Black,,5,9.0,12.0,,,1.934,3.0,2.0,3.0,0.0,0.0,3.0,3.0,3.0,1.0,1.0,0.0
7319,0.0,0.0,1.0,Black,0.75,8,10.0,,0.0,,,,2.0,4.0,,,1.0,1.0,2.0,0.0,0.0,0.0
7320,0.0,0.0,0.0,Black,0.75,8,10.0,,0.0,,,15.0,2.0,2.0,0.0,0.0,1.0,1.0,1.0,0.0,0.0,0.0
7321,0.0,0.0,1.0,Black,-1.6525,5,12.0,16.0,0.0,0.0,32.328,5.0,3.0,2.0,0.0,0.0,1.0,1.0,3.0,1.0,0.0,0.0
7322,1.0,0.0,0.0,Black,6.2989,4,16.0,16.0,0.0,0.0,47.372,1.0,2.0,3.0,1.0,3.0,3.0,,,0.0,0.0,0.0
7323,1.0,0.0,0.0,Black,16.03,5,16.0,18.0,0.0,0.0,42.198,0.0,2.0,2.0,1.0,2.0,4.0,1.0,1.0,0.0,0.0,0.0
7324,1.0,0.0,1.0,Black,7.65,3,16.0,16.0,0.0,0.0,85.218,4.0,1.0,3.0,0.0,0.0,3.0,3.0,1.0,0.0,0.0,0.0
7325,0.0,0.0,0.0,Black,16.25,6,12.0,12.0,0.0,0.0,30.648,0.0,3.0,4.0,0.0,10.0,5.0,2.0,4.0,0.0,0.0,0.0
7326,0.0,0.0,0.0,Black,0.67,6,12.0,12.0,0.0,,,10.0,2.0,3.0,0.0,10.0,5.0,3.0,1.0,1.0,0.0,0.0
7327,0.0,0.0,1.0,Black,0.67,6,12.0,12.0,0.0,0.0,,5.0,3.0,4.0,7.0,0.0,3.0,3.0,1.0,0.0,0.0,0.0
7328,0.0,0.0,1.0,Black,,8,12.0,12.0,0.0,0.0,38.293,2.0,2.0,2.0,0.0,0.0,3.0,4.0,1.0,1.0,0.0,0.0
7329,0.0,0.0,1.0,Black,,8,12.0,12.0,0.0,0.0,39.578,2.0,2.0,2.0,0.0,0.0,1.0,1.0,1.0,1.0,0.0,0.0
7330,0.0,0.0,1.0,Black,0.775,2,12.0,12.0,0.0,,46.004,1.0,2.0,2.0,0.0,0.0,3.0,2.0,1.0,1.0,0.0,0.0
7331,0.0,0.0,0.0,Black,8.3041,7,12.0,,1.0,,6.216,1.0,2.0,2.0,3.0,2.0,1.0,1.0,2.0,0.0,0.0,0.0
7332,0.0,0.0,0.0,Black,3.15,2,10.0,,0.0,0.0,20.175,4.0,3.0,4.0,0.0,0.0,3.0,1.0,1.0,0.0,0.0,0.0
7333,0.0,0.0,1.0,Black,2.3,5,11.0,,0.0,0.0,5.428,0.0,2.0,2.0,0.0,0.0,1.0,,1.0,0.0,0.0,0.0
7334,0.0,0.0,0.0,Black,3.275,5,11.0,12.0,0.0,,21.864,6.0,2.0,4.0,0.0,0.0,3.0,1.0,1.0,1.0,,0.0
7335,0.0,0.0,0.0,Black,3.275,5,11.0,12.0,0.0,0.0,18.953,0.0,2.0,3.0,0.0,0.0,3.0,1.0,1.0,0.0,0.0,0.0
7336,1.0,0.0,0.0,Black,3.275,5,11.0,12.0,0.0,0.0,66.306,1.0,1.0,2.0,0.0,0.0,1.0,1.0,1.0,0.0,0.0,0.0
7337,1.0,0.0,0.0,Black,30.8201,4,14.0,12.0,0.0,0.0,24.447,0.0,2.0,2.0,0.0,1.0,1.0,,1.0,1.0,0.0,1.0
7338,0.0,0.0,0.0,Black,0.945,3,10.0,,0.0,,25.593,3.0,2.0,4.0,5.0,2.0,5.0,1.0,2.0,1.0,0.0,0.0
7339,0.0,0.0,0.0,Hispanic,4.575,2,12.0,5.0,0.0,,18.303,4.0,2.0,2.0,0.0,0.0,4.0,2.0,1.0,0.0,,0.0
7340,0.0,0.0,1.0,Hispanic,0.265,3,8.0,,1.0,,32.626,17.0,2.0,4.0,2.0,1.0,2.0,4.0,3.0,1.0,1.0,0.0
7341,0.0,0.0,1.0,Hispanic,0.265,3,8.0,,0.0,0.0,10.404,5.0,2.0,1.0,1.0,0.0,3.0,2.0,3.0,1.0,0.0,0.0
7342,0.0,0.0,0.0,Black,2.59,7,12.0,,0.0,,10.791,0.0,3.0,4.0,0.0,1.0,2.0,5.0,1.0,0.0,0.0,0.0
7343,0.0,0.0,0.0,Hispanic,3.375,5,12.0,12.0,0.0,1.0,29.563,0.0,2.0,2.0,0.0,0.0,4.0,3.0,1.0,0.0,0.0,0.0
7344,0.0,0.0,1.0,Hispanic,3.375,5,12.0,12.0,0.0,,35.116,2.0,2.0,2.0,0.0,2.0,2.0,2.0,3.0,0.0,,0.0
7345,0.0,0.0,0.0,Black,0.175,3,12.0,,0.0,0.0,9.341,5.0,2.0,2.0,0.0,0.0,3.0,2.0,3.0,0.0,0.0,0.0
7346,0.0,,0.0,Hispanic,0.525,5,11.0,12.0,0.0,,24.889,5.0,3.0,3.0,0.0,1.0,3.0,3.0,4.0,0.0,1.0,1.0
7347,0.0,0.0,0.0,Hispanic,0.525,5,11.0,11.0,0.0,0.0,29.702,7.0,2.0,3.0,1.0,0.0,2.0,1.0,2.0,1.0,,1.0
7348,1.0,0.0,1.0,Hispanic,10.15,4,12.0,12.0,0.0,0.0,57.984,2.0,2.0,2.0,0.0,0.0,2.0,4.0,3.0,0.0,0.0,0.0
7349,0.0,0.0,0.0,Hispanic,0.995,6,10.0,8.0,0.0,0.0,23.256,25.0,2.0,3.0,0.0,0.0,1.0,5.0,3.0,0.0,0.0,1.0
7350,0.0,0.0,0.0,Hispanic,0.995,6,10.0,8.0,0.0,,12.671,,2.0,2.0,,,3.0,5.0,4.0,0.0,0.0,1.0
7351,1.0,0.0,1.0,Hispanic,0.995,6,10.0,8.0,0.0,,28.131,4.0,2.0,2.0,1.0,0.0,1.0,1.0,3.0,0.0,0.0,0.0
7352,0.0,0.0,0.0,Black,0.225,2,12.0,,0.0,0.0,33.619,10.0,2.0,2.0,0.0,0.0,,,,0.0,,0.0
7353,0.0,,0.0,Hispanic,1.075,6,11.0,15.0,0.0,,17.935,5.0,2.0,2.0,0.0,0.0,3.0,1.0,4.0,0.0,,1.0
7354,0.0,0.0,0.0,Hispanic,,5,9.0,12.0,0.0,0.0,21.135,12.0,2.0,2.0,0.0,1.0,2.0,3.0,1.0,0.0,,1.0
7355,0.0,0.0,0.0,Hispanic,,5,,,,,14.851,14.0,2.0,2.0,1.0,0.0,2.0,1.0,2.0,1.0,0.0,1.0
7356,1.0,0.0,0.0,Hispanic,0.05,6,6.0,3.0,0.0,0.0,15.582,30.0,2.0,2.0,0.0,2.0,3.0,1.0,4.0,0.0,0.0,0.0
7357,0.0,0.0,1.0,Hispanic,-0.315,9,14.0,12.0,0.0,0.0,12.075,2.0,2.0,2.0,0.0,0.0,3.0,3.0,2.0,0.0,0.0,0.0
7358,0.0,0.0,0.0,Hispanic,,9,14.0,12.0,,0.0,29.434,14.0,2.0,4.0,0.0,0.0,1.0,1.0,1.0,0.0,1.0,0.0
7359,0.0,0.0,1.0,Hispanic,,9,,13.0,,0.0,,2.0,1.0,2.0,15.0,0.0,1.0,1.0,2.0,1.0,0.0,0.0
7360,1.0,0.0,0.0,Hispanic,6.17,6,16.0,12.0,0.0,0.0,88.045,40.0,2.0,4.0,20.0,4.0,3.0,3.0,4.0,0.0,,0.0
7361,0.0,0.0,0.0,Hispanic,1.575,6,11.0,15.0,0.0,0.0,5.646,10.0,2.0,1.0,0.0,0.0,3.0,2.0,3.0,0.0,0.0,1.0
7362,1.0,0.0,0.0,Hispanic,5.7,3,14.0,16.0,0.0,0.0,48.747,6.0,2.0,1.0,0.0,0.0,3.0,4.0,1.0,0.0,0.0,0.0
7363,0.0,0.0,0.0,Hispanic,0.195,6,9.0,7.0,0.0,,7.043,12.0,2.0,3.0,7.0,3.0,4.0,3.0,5.0,0.0,1.0,0.0
7364,1.0,0.0,0.0,Hispanic,2.115,3,7.0,10.0,0.0,0.0,12.537,13.0,2.0,2.0,0.0,2.0,3.0,1.0,3.0,0.0,0.0,1.0
7365,1.0,0.0,1.0,Black,,6,12.0,12.0,,0.0,,4.0,3.0,3.0,0.0,1.0,4.0,3.0,1.0,0.0,0.0,0.0
7366,1.0,0.0,1.0,Black,0.325,6,9.0,12.0,,0.0,64.209,2.0,2.0,3.0,0.0,0.0,1.0,3.0,1.0,0.0,0.0,0.0
7367,1.0,0.0,1.0,Black,,6,12.0,12.0,,0.0,34.925,2.0,2.0,3.0,0.0,0.0,2.0,1.0,1.0,0.0,0.0,0.0
7368,1.0,0.0,1.0,Black,0.175,3,12.0,12.0,0.0,0.0,31.584,0.0,2.0,2.0,0.0,0.0,1.0,1.0,1.0,0.0,,0.0
7369,0.0,0.0,0.0,Black,0.825,7,8.0,12.0,0.0,0.0,2.746,2.0,2.0,2.0,0.0,0.0,3.0,3.0,2.0,0.0,0.0,0.0
7370,0.0,0.0,1.0,Black,0.825,7,8.0,12.0,0.0,0.0,0.156,0.0,3.0,3.0,0.0,0.0,5.0,2.0,5.0,0.0,1.0,0.0
7371,1.0,0.0,1.0,Black,0.825,7,8.0,12.0,0.0,0.0,5.178,1.0,2.0,3.0,0.0,0.0,2.0,3.0,5.0,0.0,0.0,0.0
7372,1.0,0.0,0.0,Black,4.1,2,12.0,12.0,0.0,0.0,8.159,5.0,2.0,2.0,0.0,0.0,4.0,4.0,3.0,0.0,0.0,0.0
7373,1.0,0.0,1.0,Black,,4,12.0,,0.0,,35.899,2.0,2.0,1.0,0.0,0.0,1.0,1.0,1.0,0.0,0.0,0.0
7374,1.0,0.0,1.0,Black,,4,12.0,,0.0,,16.777,1.0,2.0,2.0,0.0,0.0,5.0,3.0,5.0,1.0,0.0,0.0
7375,0.0,0.0,0.0,Black,0.625,2,12.0,12.0,0.0,0.0,17.122,3.0,2.0,2.0,0.0,0.0,2.0,1.0,1.0,1.0,1.0,1.0
7376,0.0,0.0,0.0,Black,0.315,7,12.0,,0.0,1.0,3.594,1.0,3.0,2.0,2.0,0.0,5.0,5.0,5.0,0.0,0.0,0.0
7377,0.0,0.0,0.0,Black,0.315,7,12.0,,0.0,0.0,5.133,,3.0,4.0,0.0,2.0,3.0,3.0,4.0,0.0,,1.0
7378,0.0,0.0,1.0,Black,0.315,7,12.0,,0.0,0.0,11.052,2.0,2.0,2.0,0.0,0.0,2.0,2.0,4.0,0.0,0.0,0.0
7379,0.0,0.0,1.0,Black,0.025,4,12.0,,0.0,1.0,11.61,3.0,1.0,4.0,1.0,4.0,3.0,3.0,2.0,0.0,0.0,0.0
7380,1.0,0.0,1.0,Black,0.025,4,12.0,,0.0,0.0,20.036,2.0,2.0,2.0,0.0,0.0,3.0,3.0,3.0,0.0,0.0,1.0
7381,1.0,0.0,1.0,Black,2.35,4,12.0,14.0,0.0,0.0,,0.0,2.0,2.0,0.0,0.0,4.0,2.0,2.0,1.0,0.0,0.0
7382,0.0,0.0,1.0,Black,-0.225,4,12.0,11.0,0.0,,3.48,0.0,2.0,2.0,0.0,0.0,4.0,3.0,,0.0,0.0,0.0
7383,1.0,0.0,0.0,Black,-0.225,4,12.0,11.0,0.0,0.0,12.558,4.0,1.0,1.0,0.0,0.0,2.0,2.0,1.0,0.0,0.0,0.0
7384,0.0,0.0,1.0,Black,-0.225,4,12.0,11.0,0.0,0.0,3.642,3.0,2.0,2.0,1.0,0.0,2.0,2.0,1.0,0.0,0.0,0.0
7385,1.0,0.0,1.0,Black,0.907,2,14.0,12.0,0.0,0.0,54.146,0.0,2.0,3.0,0.0,0.0,3.0,3.0,1.0,0.0,0.0,0.0
7386,1.0,0.0,0.0,Black,3.3,2,16.0,12.0,0.0,0.0,19.465,0.0,2.0,3.0,0.0,0.0,5.0,4.0,1.0,0.0,0.0,0.0
7387,0.0,0.0,0.0,Black,,4,16.0,16.0,,0.0,1.783,7.0,2.0,3.0,0.0,0.0,1.0,1.0,1.0,0.0,,0.0
7388,0.0,0.0,1.0,Black,,4,16.0,16.0,0.0,0.0,31.59,8.0,3.0,3.0,2.0,0.0,2.0,1.0,1.0,0.0,0.0,0.0
7389,1.0,0.0,0.0,Black,7.825,4,12.0,12.0,0.0,0.0,41.915,0.0,2.0,2.0,0.0,0.0,2.0,1.0,2.0,0.0,,0.0
7390,1.0,0.0,1.0,Black,4.075,5,12.0,12.0,0.0,1.0,51.072,4.0,2.0,3.0,0.0,0.0,2.0,3.0,1.0,0.0,0.0,0.0
7391,0.0,0.0,1.0,Black,0.1634,6,13.0,14.0,0.0,0.0,12.388,0.0,1.0,1.0,0.0,0.0,2.0,2.0,2.0,0.0,0.0,0.0
7392,0.0,0.0,1.0,Black,60.0,4,16.0,12.0,0.0,0.0,,3.0,2.0,3.0,4.0,0.0,5.0,3.0,3.0,0.0,0.0,0.0
7393,1.0,0.0,0.0,Black,60.0,4,16.0,12.0,0.0,0.0,,1.0,1.0,3.0,0.0,0.0,3.0,5.0,2.0,0.0,0.0,0.0
7394,1.0,0.0,0.0,Black,,4,12.0,,0.0,0.0,25.614,0.0,2.0,1.0,0.0,0.0,1.0,1.0,4.0,1.0,0.0,1.0
7395,1.0,0.0,1.0,Black,1.375,4,14.0,16.0,0.0,0.0,46.538,0.0,2.0,3.0,0.0,0.0,1.0,1.0,2.0,0.0,0.0,0.0
7396,0.0,0.0,0.0,Black,1.05,5,12.0,,0.0,0.0,35.292,9.0,2.0,2.0,0.0,2.0,3.0,2.0,3.0,1.0,1.0,1.0
7397,0.0,0.0,0.0,Black,1.05,5,12.0,,0.0,0.0,0.6,5.0,3.0,2.0,12.0,5.0,3.0,2.0,5.0,0.0,0.0,1.0
7398,0.0,0.0,0.0,Black,1.05,5,12.0,,0.0,0.0,,6.0,2.0,3.0,9.0,3.0,3.0,1.0,4.0,0.0,0.0,0.0
7399,,0.0,1.0,Black,0.05,5,12.0,12.0,0.0,0.0,,17.0,2.0,3.0,0.0,0.0,4.0,1.0,1.0,0.0,0.0,0.0
7400,0.0,0.0,1.0,Black,0.05,5,12.0,12.0,0.0,1.0,10.972,30.0,2.0,3.0,0.0,0.0,5.0,4.0,5.0,0.0,,0.0
7401,0.0,0.0,1.0,Black,,3,12.0,12.0,0.0,0.0,33.269,0.0,3.0,2.0,10.0,0.0,3.0,1.0,3.0,1.0,0.0,0.0
7402,0.0,0.0,0.0,Black,5.0,3,13.0,13.0,0.0,,7.219,5.0,1.0,4.0,0.0,0.0,4.0,4.0,2.0,0.0,,0.0
7403,1.0,0.0,0.0,Black,5.0,3,13.0,13.0,0.0,0.0,9.06,0.0,1.0,3.0,2.0,3.0,1.0,1.0,1.0,0.0,0.0,1.0
7404,0.0,0.0,1.0,Black,0.375,6,12.0,9.0,0.0,0.0,22.636,6.0,3.0,2.0,0.0,0.0,1.0,3.0,1.0,0.0,0.0,0.0
7405,0.0,0.0,0.0,Black,0.0425,5,11.0,,1.0,,,2.0,2.0,1.0,0.0,0.0,4.0,3.0,1.0,0.0,1.0,0.0
7406,0.0,0.0,1.0,Black,0.0425,5,11.0,,1.0,0.0,1.028,0.0,2.0,3.0,0.0,3.0,4.0,1.0,4.0,0.0,0.0,1.0
7407,0.0,1.0,1.0,Black,0.0425,5,11.0,,1.0,1.0,4.894,13.0,3.0,1.0,4.0,0.0,1.0,1.0,3.0,0.0,0.0,1.0
7408,0.0,1.0,1.0,Hispanic,6.395,7,12.0,,0.0,0.0,20.862,4.0,1.0,1.0,0.0,0.0,1.0,2.0,1.0,0.0,0.0,0.0
7409,0.0,1.0,1.0,Black,0.105,7,8.0,,0.0,0.0,3.085,4.0,2.0,2.0,0.0,0.0,2.0,1.0,1.0,0.0,1.0,0.0
7410,0.0,0.0,1.0,Black,0.105,7,12.0,,0.0,,,3.0,1.0,3.0,4.0,4.0,4.0,1.0,4.0,,0.0,0.0
7411,1.0,0.0,1.0,Black,0.105,7,8.0,,1.0,0.0,0.362,17.0,1.0,1.0,1.0,2.0,5.0,4.0,4.0,0.0,0.0,0.0
7412,1.0,0.0,0.0,Black,11.395,4,14.0,16.0,0.0,1.0,24.34,3.0,2.0,3.0,0.0,0.0,3.0,3.0,1.0,0.0,0.0,0.0
7413,1.0,0.0,0.0,Hispanic,7.355,3,11.0,12.0,0.0,,,5.0,2.0,2.0,0.0,0.0,3.0,2.0,1.0,0.0,0.0,0.0
7414,1.0,,1.0,Hispanic,,5,13.0,12.0,,,69.345,5.0,2.0,3.0,3.0,0.0,3.0,3.0,1.0,0.0,,0.0
7415,0.0,1.0,0.0,Hispanic,,5,13.0,12.0,,0.0,27.833,5.0,2.0,2.0,0.0,0.0,3.0,3.0,2.0,0.0,,1.0
7416,0.0,0.0,0.0,Hispanic,0.175,4,3.0,,0.0,0.0,,0.0,2.0,2.0,0.0,0.0,4.0,2.0,3.0,0.0,0.0,0.0
7417,0.0,0.0,0.0,Hispanic,0.915,3,12.0,12.0,0.0,,20.594,6.0,3.0,4.0,0.0,1.0,2.0,1.0,1.0,0.0,0.0,1.0
7418,1.0,0.0,0.0,Black,13.175,5,12.0,14.0,0.0,0.0,,8.0,2.0,2.0,0.0,0.0,1.0,1.0,2.0,0.0,0.0,1.0
7419,1.0,0.0,1.0,Black,,4,14.0,16.0,,0.0,19.598,3.0,1.0,1.0,0.0,0.0,1.0,1.0,1.0,0.0,0.0,0.0
7420,1.0,0.0,1.0,Black,16.2501,5,12.0,13.0,0.0,0.0,88.825,10.0,2.0,2.0,0.0,0.0,1.0,2.0,1.0,0.0,0.0,0.0
7421,1.0,0.0,0.0,Black,16.2501,5,12.0,13.0,0.0,,66.137,3.0,2.0,2.0,0.0,0.0,1.0,3.0,1.0,0.0,0.0,1.0
7422,1.0,0.0,1.0,Hispanic,15.975,5,3.0,5.0,0.0,0.0,,9.0,2.0,2.0,1.0,0.0,3.0,2.0,3.0,0.0,0.0,0.0
7423,0.0,1.0,0.0,Hispanic,,9,,3.0,,,,90.0,2.0,3.0,0.0,1.0,5.0,3.0,5.0,0.0,1.0,1.0
7424,0.0,0.0,0.0,Hispanic,12.65,3,5.0,,0.0,0.0,7.784,5.0,3.0,2.0,0.0,2.0,3.0,3.0,4.0,1.0,1.0,1.0
7425,0.0,0.0,0.0,Hispanic,0.35,7,6.0,8.0,0.0,0.0,15.716,2.0,2.0,2.0,1.0,0.0,2.0,3.0,5.0,1.0,0.0,1.0
7426,1.0,0.0,0.0,Hispanic,10.175,4,12.0,12.0,0.0,0.0,14.048,6.0,2.0,2.0,0.0,0.0,3.0,1.0,1.0,0.0,0.0,0.0
7427,0.0,0.0,0.0,Hispanic,4.55,3,12.0,11.0,0.0,0.0,33.043,3.0,2.0,2.0,0.0,1.0,1.0,1.0,1.0,0.0,0.0,1.0
7428,0.0,0.0,0.0,Hispanic,6.8,9,12.0,,0.0,0.0,25.548,8.0,2.0,2.0,0.0,2.0,3.0,3.0,3.0,0.0,,0.0
7429,0.0,1.0,1.0,Hispanic,2.37,4,12.0,12.0,0.0,0.0,32.215,5.0,2.0,1.0,1.0,0.0,1.0,1.0,1.0,1.0,0.0,0.0
7430,0.0,0.0,0.0,Hispanic,0.05,5,7.0,,0.0,0.0,8.111,1.0,2.0,2.0,4.0,0.0,3.0,1.0,3.0,1.0,1.0,1.0
7431,1.0,0.0,0.0,Hispanic,,4,13.0,17.0,,0.0,,0.0,1.0,1.0,0.0,0.0,3.0,3.0,1.0,0.0,0.0,0.0
7432,0.0,0.0,1.0,Hispanic,,4,13.0,17.0,0.0,,,0.0,1.0,1.0,1.0,0.0,3.0,3.0,2.0,1.0,0.0,0.0
7433,0.0,0.0,0.0,Hispanic,19.035,4,12.0,9.0,0.0,,16.392,1.0,2.0,2.0,1.0,0.0,1.0,1.0,1.0,0.0,0.0,0.0
7434,1.0,0.0,1.0,Hispanic,-1.25,6,15.0,9.0,0.0,0.0,57.254,8.0,1.0,2.0,0.0,0.0,3.0,2.0,1.0,0.0,0.0,0.0
7435,0.0,0.0,0.0,Hispanic,-1.25,6,15.0,9.0,0.0,0.0,66.353,0.0,1.0,2.0,0.0,0.0,1.0,1.0,1.0,0.0,0.0,0.0
7436,0.0,0.0,0.0,Hispanic,0.08,5,11.0,,1.0,,6.424,2.0,2.0,2.0,0.0,0.0,5.0,5.0,3.0,,,1.0
7437,0.0,0.0,1.0,Hispanic,0.08,5,11.0,,0.0,0.0,1.294,4.0,3.0,3.0,0.0,0.0,1.0,2.0,1.0,0.0,,0.0
7438,0.0,0.0,1.0,Hispanic,9.35,8,3.0,6.0,0.0,0.0,20.6,15.0,2.0,2.0,1.0,0.0,4.0,4.0,4.0,,0.0,1.0
7439,0.0,1.0,0.0,Hispanic,9.35,8,3.0,6.0,0.0,,7.773,1.0,2.0,3.0,0.0,1.0,5.0,2.0,1.0,0.0,0.0,0.0
7440,0.0,0.0,1.0,Hispanic,1.325,7,6.0,6.0,0.0,0.0,22.976,25.0,3.0,3.0,0.0,0.0,3.0,5.0,4.0,1.0,1.0,0.0
7441,0.0,0.0,0.0,Hispanic,1.325,7,6.0,6.0,0.0,,40.026,5.0,3.0,2.0,0.0,0.0,2.0,3.0,3.0,0.0,,1.0
7442,1.0,0.0,0.0,Hispanic,10.45,9,6.0,6.0,0.0,0.0,41.717,1.0,2.0,2.0,0.0,0.0,3.0,3.0,1.0,1.0,0.0,0.0
7443,1.0,0.0,1.0,Hispanic,10.45,9,6.0,6.0,0.0,0.0,7.473,0.0,2.0,2.0,0.0,0.0,3.0,2.0,2.0,1.0,0.0,0.0
7444,1.0,0.0,1.0,Hispanic,,7,6.0,7.0,0.0,0.0,,5.0,2.0,3.0,0.0,0.0,2.0,2.0,1.0,0.0,0.0,0.0
7445,0.0,0.0,1.0,Hispanic,0.05,5,4.0,,0.0,,,0.0,2.0,2.0,0.0,0.0,1.0,1.0,5.0,0.0,0.0,0.0
7446,1.0,0.0,1.0,Hispanic,0.05,5,4.0,,0.0,0.0,,2.0,1.0,2.0,0.0,0.0,1.0,1.0,1.0,0.0,0.0,0.0
7447,1.0,0.0,0.0,Hispanic,,2,,,,,,0.0,2.0,2.0,0.0,2.0,1.0,1.0,1.0,0.0,1.0,
7448,0.0,0.0,0.0,Black,0.575,4,,12.0,0.0,0.0,5.265,6.0,3.0,2.0,0.0,0.0,4.0,3.0,2.0,0.0,0.0,0.0
7449,1.0,0.0,0.0,Black,0.575,4,,12.0,0.0,0.0,4.394,3.0,2.0,3.0,0.0,1.0,1.0,1.0,1.0,0.0,,0.0
7451,0.0,0.0,0.0,Hispanic,0.15,6,6.0,3.0,0.0,,,2.0,2.0,1.0,6.0,0.0,2.0,5.0,5.0,0.0,1.0,0.0
7452,1.0,0.0,1.0,Hispanic,0.15,6,6.0,3.0,0.0,,,3.0,2.0,2.0,0.0,0.0,1.0,1.0,1.0,0.0,1.0,0.0
7453,0.0,0.0,0.0,Hispanic,10.425,4,6.0,6.0,0.0,0.0,,0.0,2.0,3.0,2.0,3.0,1.0,3.0,2.0,0.0,1.0,0.0
7454,0.0,0.0,1.0,Hispanic,,7,4.0,7.0,,0.0,16.776,5.0,2.0,3.0,0.0,0.0,4.0,3.0,2.0,0.0,,0.0
7455,0.0,0.0,0.0,Hispanic,,7,4.0,7.0,,0.0,26.945,2.0,1.0,1.0,0.0,6.0,3.0,2.0,2.0,0.0,,0.0
7456,1.0,0.0,1.0,Hispanic,10.45,4,3.0,10.0,0.0,0.0,20.265,1.0,2.0,2.0,0.0,0.0,4.0,4.0,4.0,0.0,0.0,0.0
7457,1.0,0.0,0.0,Hispanic,,4,3.0,10.0,,0.0,38.142,0.0,1.0,1.0,1.0,0.0,2.0,1.0,2.0,0.0,0.0,0.0
7458,0.0,0.0,0.0,Hispanic,0.655,5,10.0,11.0,0.0,1.0,9.712,75.0,2.0,3.0,2.0,3.0,2.0,5.0,4.0,0.0,1.0,1.0
7459,,,0.0,Hispanic,,5,7.0,5.0,,,0.898,5.0,2.0,2.0,0.0,2.0,5.0,,5.0,0.0,,0.0
7460,1.0,0.0,1.0,Hispanic,0.05,3,8.0,,0.0,0.0,15.254,4.0,2.0,2.0,0.0,0.0,5.0,3.0,3.0,0.0,0.0,0.0
7461,0.0,0.0,0.0,Hispanic,0.05,6,12.0,9.0,0.0,0.0,13.542,7.0,3.0,2.0,5.0,15.0,3.0,2.0,4.0,0.0,0.0,0.0
7462,0.0,0.0,0.0,Hispanic,0.05,6,12.0,9.0,0.0,0.0,1.165,3.0,2.0,2.0,1.0,2.0,3.0,1.0,4.0,0.0,1.0,1.0
7463,0.0,0.0,0.0,Hispanic,,6,8.0,4.0,,,10.653,10.0,2.0,1.0,0.0,0.0,2.0,3.0,4.0,0.0,0.0,0.0
7464,0.0,0.0,0.0,Hispanic,7.675,5,8.0,6.0,0.0,0.0,31.839,3.0,1.0,2.0,0.0,0.0,3.0,5.0,4.0,0.0,0.0,1.0
7465,0.0,0.0,0.0,Hispanic,7.675,5,8.0,6.0,0.0,0.0,23.807,,1.0,2.0,0.0,0.0,1.0,1.0,1.0,1.0,,1.0
7466,0.0,0.0,0.0,Hispanic,1.05,9,6.0,,0.0,0.0,,8.0,2.0,2.0,1.0,1.0,4.0,5.0,5.0,1.0,0.0,0.0
7467,0.0,0.0,1.0,Hispanic,1.05,9,6.0,,0.0,0.0,,7.0,2.0,2.0,0.0,1.0,2.0,1.0,2.0,0.0,0.0,0.0
7468,1.0,0.0,1.0,Hispanic,1.05,9,6.0,,0.0,1.0,,3.0,3.0,3.0,0.0,0.0,2.0,1.0,2.0,0.0,0.0,0.0
7469,1.0,0.0,1.0,Hispanic,0.35,7,,,0.0,0.0,15.316,1.0,2.0,2.0,0.0,0.0,2.0,2.0,2.0,0.0,0.0,0.0
7470,1.0,0.0,1.0,Hispanic,1.05,4,10.0,12.0,0.0,0.0,81.454,3.0,2.0,1.0,0.0,0.0,2.0,1.0,2.0,0.0,1.0,0.0
7471,0.0,0.0,0.0,Hispanic,,6,7.0,,,0.0,3.832,30.0,2.0,2.0,0.0,4.0,5.0,1.0,5.0,0.0,0.0,1.0
7472,0.0,0.0,0.0,Hispanic,,6,7.0,,,0.0,23.778,8.0,2.0,1.0,0.0,0.0,1.0,1.0,1.0,0.0,0.0,1.0
7473,0.0,0.0,0.0,Hispanic,2.3,7,8.0,9.0,0.0,0.0,32.731,30.0,2.0,3.0,0.0,1.0,1.0,1.0,1.0,0.0,0.0,0.0
7474,1.0,0.0,0.0,Hispanic,,5,12.0,12.0,,,45.854,3.0,2.0,3.0,0.0,0.0,2.0,2.0,3.0,1.0,,0.0
7475,0.0,0.0,0.0,Hispanic,0.325,3,8.0,4.0,0.0,,,4.0,2.0,2.0,1.0,1.0,1.0,1.0,3.0,0.0,,1.0
7476,1.0,0.0,0.0,Hispanic,19.5,9,4.0,3.0,0.0,0.0,33.62,3.0,2.0,2.0,0.0,0.0,3.0,3.0,2.0,1.0,0.0,0.0
7477,1.0,0.0,1.0,Hispanic,19.5,9,4.0,3.0,0.0,0.0,14.427,12.0,2.0,2.0,0.0,0.0,1.0,1.0,2.0,0.0,0.0,0.0
7478,0.0,0.0,1.0,Hispanic,0.15,9,6.0,,0.0,0.0,,8.0,2.0,2.0,0.0,1.0,5.0,4.0,1.0,0.0,0.0,0.0
7479,0.0,0.0,1.0,Hispanic,0.15,9,6.0,,0.0,0.0,,1.0,2.0,2.0,0.0,0.0,2.0,1.0,1.0,0.0,0.0,0.0
7480,0.0,0.0,1.0,Hispanic,0.15,9,6.0,,0.0,0.0,,2.0,2.0,4.0,0.0,0.0,3.0,2.0,2.0,0.0,1.0,0.0
7481,0.0,0.0,0.0,Hispanic,0.05,4,5.0,,0.0,,11.647,0.0,2.0,3.0,1.0,0.0,2.0,2.0,1.0,0.0,0.0,0.0
7482,1.0,1.0,1.0,Hispanic,0.95,8,12.0,,0.0,1.0,,5.0,2.0,3.0,0.0,0.0,4.0,3.0,3.0,0.0,0.0,0.0
7483,0.0,0.0,0.0,Hispanic,3.05,5,9.0,,0.0,1.0,1.801,3.0,2.0,2.0,0.0,2.0,1.0,1.0,1.0,0.0,0.0,1.0
7484,0.0,0.0,0.0,Hispanic,0.6,5,14.0,16.0,0.0,,23.706,8.0,2.0,2.0,0.0,0.0,1.0,1.0,1.0,0.0,0.0,0.0
7485,0.0,0.0,0.0,Hispanic,0.385,2,12.0,12.0,0.0,,5.649,2.0,2.0,2.0,0.0,0.0,5.0,5.0,5.0,0.0,,1.0
7486,0.0,0.0,1.0,Hispanic,0.175,6,,,0.0,1.0,14.856,20.0,2.0,2.0,0.0,0.0,4.0,5.0,5.0,,0.0,1.0
7487,0.0,0.0,1.0,Hispanic,0.75,4,12.0,12.0,1.0,,,1.0,2.0,2.0,0.0,1.0,1.0,1.0,1.0,1.0,,0.0
7488,0.0,0.0,0.0,Hispanic,,8,12.0,4.0,,0.0,,1.0,2.0,2.0,0.0,0.0,1.0,1.0,4.0,0.0,,0.0
7489,0.0,0.0,1.0,Hispanic,,8,12.0,4.0,,0.0,,0.0,3.0,2.0,0.0,0.0,2.0,1.0,2.0,0.0,,0.0
7490,1.0,0.0,0.0,Hispanic,0.395,8,12.0,4.0,,,,0.0,2.0,3.0,1.0,1.0,1.0,1.0,1.0,0.0,,0.0
7491,1.0,0.0,1.0,Hispanic,7.45,7,13.0,12.0,0.0,0.0,56.154,4.0,2.0,2.0,0.0,0.0,3.0,2.0,2.0,0.0,0.0,0.0
7492,1.0,0.0,1.0,Hispanic,4.6,3,12.0,13.0,0.0,0.0,,4.0,2.0,2.0,0.0,0.0,2.0,3.0,2.0,0.0,1.0,0.0
7493,1.0,0.0,1.0,Hispanic,5.75,6,4.0,,0.0,0.0,9.031,2.0,2.0,2.0,0.0,0.0,2.0,1.0,2.0,0.0,0.0,0.0
7494,1.0,0.0,1.0,Hispanic,5.75,6,4.0,,0.0,0.0,5.39,3.0,2.0,2.0,2.0,0.0,2.0,1.0,1.0,0.0,0.0,0.0
7495,0.0,0.0,1.0,Hispanic,3.95,5,9.0,6.0,0.0,1.0,,3.0,2.0,2.0,0.0,0.0,4.0,1.0,4.0,1.0,0.0,0.0
7496,1.0,0.0,1.0,Hispanic,1.975,5,4.0,,0.0,,19.625,3.0,1.0,2.0,0.0,0.0,4.0,2.0,2.0,0.0,0.0,0.0
7497,1.0,1.0,0.0,Hispanic,1.975,5,4.0,6.0,0.0,0.0,63.176,5.0,2.0,2.0,0.0,0.0,2.0,1.0,2.0,1.0,0.0,0.0
7498,0.0,0.0,0.0,Hispanic,0.05,8,9.0,,0.0,,4.982,10.0,2.0,2.0,1.0,7.0,1.0,3.0,2.0,0.0,1.0,0.0
7499,1.0,0.0,1.0,Hispanic,0.05,8,9.0,,0.0,,17.513,2.0,2.0,2.0,1.0,0.0,3.0,2.0,1.0,0.0,0.0,0.0
7500,0.0,,0.0,Hispanic,-0.45,8,11.0,,0.0,,17.673,0.0,2.0,2.0,0.0,0.0,3.0,2.0,2.0,,,1.0
7501,0.0,0.0,1.0,Hispanic,-0.45,8,11.0,,0.0,0.0,29.888,0.0,2.0,2.0,0.0,1.0,5.0,3.0,4.0,1.0,0.0,1.0
7502,0.0,0.0,0.0,Hispanic,0.43,7,4.0,,0.0,,0.548,1.0,2.0,2.0,0.0,0.0,1.0,1.0,5.0,0.0,,0.0
7503,1.0,0.0,0.0,Hispanic,13.705,3,12.0,,0.0,0.0,12.381,0.0,2.0,2.0,0.0,0.0,1.0,1.0,1.0,0.0,0.0,0.0
7504,1.0,,1.0,Hispanic,0.35,4,4.0,4.0,0.0,1.0,17.397,0.0,2.0,2.0,4.0,0.0,1.0,1.0,2.0,1.0,1.0,0.0
7505,0.0,0.0,0.0,Hispanic,0.4,7,3.0,,0.0,0.0,,1.0,2.0,2.0,0.0,1.0,2.0,1.0,2.0,0.0,0.0,0.0
7506,0.0,0.0,0.0,Hispanic,5.935,5,12.0,12.0,0.0,0.0,23.54,4.0,2.0,2.0,0.0,0.0,1.0,2.0,1.0,1.0,0.0,0.0
7507,1.0,0.0,0.0,Hispanic,5.935,5,12.0,12.0,0.0,0.0,16.908,1.0,2.0,2.0,2.0,0.0,2.0,2.0,1.0,0.0,0.0,0.0
7508,0.0,0.0,1.0,Hispanic,3.375,4,8.0,10.0,0.0,0.0,16.019,3.0,2.0,2.0,0.0,0.0,3.0,1.0,1.0,0.0,0.0,0.0
7509,0.0,0.0,1.0,Hispanic,2.27,5,10.0,12.0,0.0,0.0,26.811,5.0,2.0,3.0,0.0,0.0,1.0,1.0,4.0,0.0,0.0,0.0
7510,1.0,0.0,0.0,Hispanic,2.375,7,12.0,12.0,0.0,0.0,47.671,6.0,1.0,1.0,0.0,0.0,2.0,1.0,1.0,0.0,0.0,0.0
7511,1.0,1.0,1.0,Hispanic,5.275,5,14.0,14.0,0.0,0.0,86.127,5.0,2.0,2.0,0.0,0.0,1.0,2.0,1.0,0.0,0.0,0.0
7512,0.0,,1.0,Hispanic,0.335,5,12.0,12.0,0.0,0.0,31.848,10.0,3.0,2.0,0.0,0.0,4.0,5.0,5.0,0.0,0.0,0.0
7513,0.0,0.0,1.0,Hispanic,-0.695,6,10.0,9.0,0.0,0.0,46.028,10.0,2.0,3.0,0.0,1.0,2.0,3.0,4.0,0.0,0.0,0.0
7514,1.0,0.0,1.0,Hispanic,,5,15.0,13.0,0.0,0.0,4.09,0.0,2.0,2.0,1.0,0.0,3.0,3.0,2.0,0.0,1.0,0.0
7515,1.0,0.0,0.0,Hispanic,,5,15.0,13.0,0.0,,23.844,1.0,2.0,1.0,5.0,0.0,1.0,2.0,2.0,0.0,0.0,0.0
7516,1.0,0.0,0.0,Hispanic,,4,6.0,6.0,,0.0,73.951,0.0,2.0,2.0,3.0,0.0,3.0,3.0,1.0,0.0,0.0,1.0
7517,1.0,1.0,1.0,Hispanic,,4,6.0,6.0,,0.0,73.417,0.0,2.0,3.0,0.0,0.0,1.0,1.0,1.0,0.0,0.0,0.0
7518,0.0,0.0,0.0,Hispanic,-0.025,4,4.0,4.0,0.0,0.0,9.994,10.0,2.0,3.0,0.0,0.0,3.0,4.0,5.0,0.0,1.0,0.0
7519,1.0,0.0,1.0,Hispanic,0.15,4,3.0,6.0,0.0,0.0,22.37,0.0,2.0,2.0,0.0,0.0,2.0,3.0,2.0,0.0,0.0,0.0
7520,1.0,0.0,1.0,Hispanic,0.15,4,3.0,6.0,0.0,0.0,83.047,0.0,2.0,2.0,0.0,0.0,2.0,2.0,1.0,0.0,0.0,0.0
7521,1.0,0.0,1.0,Hispanic,0.15,4,3.0,6.0,0.0,0.0,35.901,0.0,2.0,2.0,0.0,0.0,2.0,2.0,1.0,0.0,0.0,0.0
7522,1.0,0.0,0.0,Hispanic,0.05,6,12.0,8.0,0.0,0.0,37.24,,2.0,2.0,0.0,0.0,1.0,1.0,1.0,0.0,0.0,0.0
7523,0.0,0.0,0.0,Hispanic,0.05,6,6.0,,0.0,0.0,49.544,5.0,2.0,3.0,0.0,0.0,1.0,3.0,2.0,0.0,0.0,0.0
7524,0.0,0.0,0.0,Hispanic,0.05,6,6.0,,0.0,,0.228,5.0,3.0,2.0,0.0,4.0,1.0,,4.0,1.0,0.0,0.0
7525,1.0,0.0,1.0,Hispanic,0.05,10,10.0,6.0,0.0,,,30.0,3.0,1.0,10.0,5.0,5.0,4.0,1.0,1.0,0.0,0.0
7526,0.0,0.0,0.0,Hispanic,0.05,10,10.0,6.0,0.0,0.0,,0.0,2.0,2.0,0.0,0.0,5.0,5.0,5.0,0.0,0.0,0.0
7527,0.0,0.0,1.0,Hispanic,0.05,10,10.0,6.0,0.0,0.0,,0.0,2.0,3.0,1.0,0.0,1.0,5.0,5.0,1.0,0.0,1.0
7528,0.0,0.0,1.0,Hispanic,,4,11.0,8.0,,0.0,,,2.0,2.0,0.0,0.0,1.0,1.0,1.0,0.0,,0.0
7529,0.0,0.0,0.0,Hispanic,,4,11.0,8.0,,0.0,,2.0,2.0,2.0,0.0,0.0,1.0,1.0,2.0,0.0,,0.0
7530,0.0,0.0,1.0,Hispanic,0.25,5,6.0,9.0,0.0,0.0,37.374,,3.0,3.0,5.0,0.0,3.0,4.0,2.0,1.0,1.0,0.0
7531,0.0,0.0,1.0,Hispanic,0.25,5,6.0,9.0,0.0,0.0,24.883,,3.0,2.0,0.0,0.0,3.0,2.0,1.0,1.0,1.0,0.0
7532,0.0,0.0,0.0,Hispanic,0.25,5,6.0,9.0,0.0,0.0,30.453,,3.0,2.0,0.0,0.0,1.0,1.0,4.0,0.0,0.0,0.0
7533,0.0,0.0,1.0,Hispanic,0.55,7,3.0,3.0,0.0,0.0,,1.0,2.0,2.0,0.0,0.0,2.0,2.0,2.0,0.0,0.0,0.0
7534,1.0,0.0,1.0,Hispanic,0.55,7,3.0,3.0,0.0,,,2.0,2.0,2.0,0.0,0.0,1.0,1.0,2.0,0.0,0.0,0.0
7535,0.0,1.0,1.0,Hispanic,0.475,4,12.0,11.0,0.0,0.0,3.728,15.0,2.0,2.0,0.0,0.0,3.0,3.0,3.0,1.0,1.0,0.0
7536,1.0,0.0,1.0,Hispanic,0.245,2,17.0,7.0,0.0,0.0,71.977,30.0,2.0,2.0,0.0,0.0,4.0,5.0,2.0,0.0,0.0,0.0
7537,1.0,0.0,0.0,Hispanic,0.2502,4,11.0,8.0,0.0,0.0,42.507,4.0,2.0,2.0,1.0,0.0,3.0,3.0,2.0,0.0,1.0,0.0
7538,0.0,1.0,0.0,Hispanic,9.775,6,6.0,7.0,0.0,,90.123,2.0,1.0,2.0,0.0,0.0,3.0,2.0,4.0,1.0,0.0,0.0
7539,0.0,0.0,1.0,Hispanic,9.775,6,6.0,7.0,0.0,0.0,39.909,2.0,2.0,2.0,0.0,0.0,4.0,2.0,2.0,0.0,0.0,0.0
7540,0.0,0.0,0.0,Hispanic,4.935,5,11.0,,0.0,0.0,10.237,5.0,2.0,2.0,1.0,0.0,2.0,2.0,1.0,1.0,0.0,
7541,0.0,0.0,1.0,Hispanic,-0.01,4,11.0,,0.0,1.0,17.783,3.0,2.0,2.0,1.0,0.0,1.0,2.0,5.0,1.0,,0.0
7542,0.0,0.0,0.0,Hispanic,0.884,4,12.0,,0.0,,,14.0,2.0,2.0,0.0,0.0,3.0,3.0,3.0,0.0,0.0,1.0
7543,1.0,0.0,1.0,Hispanic,0.05,3,3.0,,0.0,,37.177,2.0,2.0,1.0,0.0,0.0,2.0,2.0,1.0,0.0,,0.0
7544,0.0,0.0,0.0,Hispanic,0.05,8,9.0,7.0,0.0,0.0,,5.0,2.0,4.0,0.0,0.0,3.0,1.0,5.0,,0.0,1.0
7545,0.0,0.0,1.0,Hispanic,0.05,7,6.0,6.0,0.0,0.0,,2.0,2.0,1.0,0.0,1.0,4.0,2.0,4.0,0.0,0.0,0.0
7546,1.0,0.0,1.0,Hispanic,-0.625,4,12.0,16.0,0.0,0.0,51.019,10.0,2.0,2.0,0.0,0.0,3.0,2.0,2.0,0.0,0.0,0.0
7547,1.0,0.0,0.0,Hispanic,-0.625,4,12.0,16.0,0.0,0.0,37.041,8.0,2.0,1.0,1.0,0.0,1.0,1.0,1.0,0.0,1.0,0.0
7548,0.0,,0.0,Black,11.75,3,12.0,12.0,0.0,,36.05,10.0,2.0,2.0,0.0,0.0,2.0,3.0,4.0,0.0,,1.0
7549,0.0,0.0,0.0,Hispanic,7.935,13,15.0,,0.0,0.0,18.135,1.0,2.0,3.0,0.0,0.0,5.0,3.0,4.0,0.0,0.0,0.0
7550,0.0,0.0,0.0,Hispanic,0.99,13,14.0,12.0,,0.0,72.293,6.0,2.0,2.0,0.0,0.0,4.0,3.0,2.0,0.0,0.0,0.0
7551,0.0,0.0,1.0,Hispanic,7.935,13,15.0,,0.0,,17.392,5.0,3.0,2.0,0.0,0.0,1.0,,2.0,0.0,0.0,0.0
7552,0.0,,0.0,Black,,4,14.0,16.0,0.0,,26.597,5.0,1.0,2.0,0.0,0.0,1.0,1.0,1.0,0.0,,0.0
7553,1.0,0.0,0.0,Black,,4,14.0,16.0,0.0,,31.842,2.0,2.0,2.0,0.0,0.0,3.0,2.0,3.0,0.0,,0.0
7554,1.0,0.0,0.0,Hispanic,,7,2.0,11.0,0.0,0.0,13.339,3.0,2.0,2.0,3.0,2.0,1.0,1.0,1.0,1.0,0.0,0.0
7555,1.0,0.0,1.0,Hispanic,,7,2.0,11.0,,0.0,7.522,10.0,2.0,2.0,0.0,0.0,3.0,2.0,1.0,0.0,,0.0
7556,1.0,1.0,1.0,Hispanic,,4,12.0,12.0,0.0,,44.788,4.0,1.0,1.0,0.0,0.0,1.0,1.0,1.0,0.0,0.0,0.0
7557,1.0,0.0,1.0,Hispanic,0.05,5,14.0,,0.0,0.0,26.995,10.0,2.0,2.0,0.0,0.0,1.0,1.0,1.0,0.0,0.0,0.0
7558,1.0,0.0,0.0,Hispanic,18.175,7,8.0,,0.0,0.0,17.888,3.0,2.0,2.0,0.0,0.0,1.0,1.0,1.0,0.0,0.0,0.0
7559,1.0,0.0,1.0,Hispanic,18.175,7,8.0,,0.0,0.0,9.988,,2.0,2.0,0.0,0.0,1.0,1.0,1.0,0.0,0.0,0.0
7560,1.0,0.0,0.0,Hispanic,0.47,4,16.0,18.0,0.0,,19.543,7.0,2.0,2.0,0.0,0.0,2.0,1.0,1.0,0.0,,0.0
7561,0.0,,0.0,Hispanic,,4,16.0,13.0,0.0,,8.566,3.0,2.0,3.0,0.0,0.0,2.0,2.0,1.0,0.0,,0.0
7562,1.0,0.0,0.0,Hispanic,,4,16.0,13.0,0.0,0.0,4.332,1.0,1.0,1.0,0.0,0.0,1.0,3.0,4.0,0.0,0.0,0.0
7563,1.0,0.0,1.0,Hispanic,60.0,4,16.0,14.0,0.0,0.0,50.181,1.0,3.0,3.0,0.0,0.0,1.0,1.0,1.0,0.0,0.0,0.0
7564,1.0,0.0,0.0,Hispanic,-2.075,4,14.0,12.0,0.0,0.0,47.759,37.0,3.0,3.0,0.0,0.0,3.0,3.0,3.0,0.0,0.0,0.0
7565,0.0,0.0,0.0,Hispanic,-2.075,4,14.0,12.0,0.0,0.0,39.539,2.0,1.0,2.0,0.0,0.0,1.0,1.0,1.0,1.0,0.0,1.0
7566,1.0,,0.0,Hispanic,,5,14.0,13.0,0.0,,51.322,2.0,2.0,2.0,0.0,0.0,5.0,2.0,1.0,0.0,,0.0
7567,1.0,0.0,0.0,Hispanic,,5,14.0,13.0,0.0,,43.844,0.0,2.0,2.0,0.0,0.0,1.0,1.0,1.0,0.0,0.0,0.0
7568,0.0,0.0,0.0,Hispanic,0.425,5,15.0,16.0,1.0,0.0,18.546,3.0,2.0,2.0,1.0,2.0,3.0,1.0,4.0,1.0,1.0,0.0
7569,1.0,0.0,0.0,Black,24.5,4,16.0,15.0,0.0,0.0,29.72,6.0,2.0,3.0,0.0,0.0,2.0,2.0,2.0,0.0,0.0,0.0
7570,0.0,0.0,0.0,Hispanic,1.252,3,12.0,14.0,0.0,,27.897,0.0,2.0,3.0,0.0,1.0,2.0,2.0,4.0,0.0,0.0,0.0
7571,1.0,0.0,1.0,Hispanic,-0.125,5,7.0,4.0,0.0,0.0,,4.0,2.0,2.0,0.0,0.0,2.0,2.0,1.0,0.0,,0.0
7572,1.0,0.0,0.0,Hispanic,0.06,4,12.0,3.0,0.0,,,0.0,1.0,1.0,0.0,0.0,1.0,1.0,1.0,0.0,0.0,0.0
7573,0.0,0.0,0.0,Hispanic,0.06,4,12.0,3.0,0.0,,,0.0,1.0,1.0,0.0,0.0,1.0,1.0,1.0,1.0,0.0,0.0
7574,0.0,1.0,1.0,Hispanic,3.92,3,12.0,9.0,0.0,1.0,53.672,1.0,2.0,2.0,0.0,0.0,2.0,2.0,1.0,0.0,0.0,0.0
7575,1.0,0.0,1.0,Hispanic,0.05,3,13.0,4.0,1.0,,,5.0,1.0,1.0,2.0,1.0,1.0,2.0,1.0,1.0,,0.0
7576,0.0,0.0,1.0,Hispanic,0.475,7,1.0,6.0,0.0,0.0,20.501,3.0,2.0,2.0,0.0,0.0,3.0,3.0,2.0,0.0,0.0,0.0
7577,0.0,0.0,1.0,Hispanic,34.275,8,3.0,6.0,0.0,0.0,72.53,2.0,2.0,2.0,0.0,0.0,2.0,3.0,1.0,0.0,0.0,0.0
7578,1.0,0.0,0.0,Hispanic,1.2,7,5.0,12.0,0.0,,53.275,0.0,1.0,2.0,0.0,0.0,1.0,1.0,1.0,0.0,,0.0
7579,1.0,0.0,1.0,Hispanic,1.2,7,5.0,12.0,0.0,0.0,13.369,0.0,2.0,2.0,0.0,0.0,4.0,2.0,3.0,0.0,0.0,0.0
7580,0.0,0.0,1.0,Hispanic,2.655,5,2.0,9.0,0.0,,5.279,5.0,2.0,2.0,0.0,0.0,4.0,4.0,2.0,0.0,0.0,1.0
7581,0.0,0.0,0.0,Hispanic,13.075,8,6.0,4.0,0.0,0.0,33.95,3.0,2.0,3.0,0.0,0.0,1.0,1.0,1.0,0.0,0.0,0.0
7582,1.0,0.0,1.0,Hispanic,6.475,3,8.0,,0.0,0.0,31.751,0.0,2.0,2.0,0.0,0.0,3.0,2.0,3.0,0.0,1.0,0.0
7583,0.0,0.0,0.0,Hispanic,8.665,4,10.0,,0.0,0.0,,2.0,2.0,3.0,0.0,0.0,3.0,1.0,3.0,0.0,0.0,1.0
7584,1.0,0.0,1.0,Hispanic,-0.213,4,12.0,15.0,0.0,0.0,,5.0,2.0,2.0,2.0,1.0,1.0,2.0,1.0,0.0,,0.0
7585,0.0,0.0,0.0,Hispanic,10.1,4,6.0,,0.0,0.0,21.285,10.0,2.0,2.0,0.0,0.0,3.0,2.0,1.0,0.0,0.0,0.0
7586,0.0,1.0,1.0,Hispanic,10.1,4,6.0,,0.0,,39.061,0.0,3.0,3.0,0.0,0.0,1.0,1.0,1.0,0.0,0.0,1.0
7587,1.0,0.0,1.0,Hispanic,7.04,4,,,0.0,,,2.0,2.0,2.0,0.0,0.0,1.0,1.0,1.0,0.0,0.0,0.0
7588,1.0,1.0,1.0,Hispanic,9.095,4,12.0,,0.0,,70.826,9.0,2.0,3.0,1.0,0.0,4.0,3.0,2.0,1.0,,0.0
7589,0.0,0.0,0.0,Hispanic,9.095,4,12.0,,0.0,,53.996,1.0,2.0,2.0,0.0,0.0,1.0,1.0,2.0,0.0,0.0,0.0
7590,1.0,0.0,1.0,Hispanic,8.9,5,13.0,9.0,0.0,0.0,98.086,3.0,2.0,2.0,0.0,0.0,3.0,3.0,2.0,0.0,0.0,0.0
7591,0.0,0.0,1.0,Hispanic,,5,13.0,9.0,,0.0,90.578,10.0,2.0,2.0,0.0,0.0,2.0,2.0,2.0,0.0,0.0,0.0
7592,0.0,0.0,1.0,Hispanic,,5,13.0,9.0,,0.0,39.389,7.0,2.0,2.0,0.0,0.0,2.0,2.0,2.0,0.0,0.0,0.0
7593,0.0,1.0,1.0,Hispanic,7.4,4,13.0,,0.0,0.0,76.93,13.0,2.0,2.0,1.0,0.0,3.0,2.0,2.0,0.0,0.0,0.0
7594,1.0,0.0,0.0,Hispanic,11.2435,5,,,0.0,0.0,90.189,1.0,2.0,2.0,0.0,0.0,2.0,3.0,2.0,0.0,0.0,0.0
7595,1.0,0.0,0.0,Hispanic,11.2435,5,,,0.0,0.0,56.092,0.0,2.0,1.0,0.0,0.0,2.0,2.0,1.0,0.0,0.0,0.0
7596,0.0,0.0,0.0,Hispanic,0.7932,5,13.0,12.0,0.0,0.0,11.43,12.0,2.0,2.0,0.0,0.0,3.0,4.0,2.0,0.0,1.0,1.0
7597,1.0,0.0,0.0,Hispanic,0.7932,5,13.0,12.0,0.0,0.0,35.338,3.0,2.0,2.0,0.0,0.0,2.0,4.0,2.0,0.0,0.0,0.0
7598,0.0,0.0,1.0,Hispanic,-14.0,5,9.0,13.0,0.0,0.0,5.967,4.0,2.0,2.0,0.0,0.0,2.0,2.0,1.0,0.0,0.0,0.0
7599,1.0,0.0,0.0,Hispanic,-14.0,5,9.0,13.0,0.0,0.0,6.364,10.0,2.0,2.0,0.0,0.0,1.0,1.0,1.0,0.0,0.0,0.0
7600,0.0,0.0,0.0,Hispanic,0.32,3,9.0,10.0,0.0,,28.864,5.0,1.0,2.0,0.0,2.0,3.0,1.0,1.0,0.0,0.0,1.0
7601,1.0,0.0,1.0,Hispanic,,4,1.0,,,,76.591,15.0,2.0,2.0,0.0,0.0,2.0,1.0,1.0,0.0,0.0,0.0
7602,0.0,0.0,0.0,Hispanic,0.4,6,,8.0,1.0,0.0,14.063,8.0,2.0,1.0,0.0,1.0,3.0,2.0,3.0,0.0,,1.0
7603,1.0,0.0,1.0,Hispanic,28.07,4,14.0,16.0,0.0,0.0,94.631,0.0,2.0,2.0,0.0,0.0,2.0,4.0,1.0,0.0,0.0,0.0
7604,0.0,0.0,0.0,Hispanic,,6,,,,1.0,62.425,0.0,2.0,2.0,0.0,0.0,3.0,3.0,1.0,0.0,,0.0
7605,0.0,0.0,1.0,Hispanic,,6,,,,0.0,41.988,0.0,3.0,3.0,0.0,0.0,4.0,4.0,1.0,0.0,,0.0
7606,0.0,0.0,1.0,Hispanic,5.75,3,7.0,11.0,1.0,0.0,6.064,,2.0,2.0,0.0,0.0,3.0,3.0,3.0,0.0,,1.0
7607,0.0,0.0,0.0,Hispanic,18.5496,5,,,0.0,0.0,13.457,30.0,2.0,2.0,0.0,0.0,3.0,4.0,2.0,0.0,0.0,1.0
7608,1.0,0.0,1.0,Hispanic,,4,10.0,,0.0,0.0,32.62,4.0,2.0,2.0,0.0,0.0,3.0,4.0,2.0,0.0,,1.0
7609,0.0,1.0,1.0,Hispanic,3.2,4,12.0,12.0,0.0,0.0,50.082,9.0,1.0,2.0,0.0,0.0,1.0,1.0,1.0,0.0,0.0,0.0
7610,0.0,0.0,1.0,Hispanic,2.25,3,14.0,12.0,0.0,0.0,40.323,2.0,2.0,2.0,1.0,0.0,3.0,2.0,1.0,0.0,1.0,0.0
7611,0.0,0.0,1.0,Hispanic,0.175,2,11.0,,0.0,0.0,,7.0,2.0,2.0,1.0,0.0,1.0,1.0,1.0,0.0,0.0,0.0
7612,0.0,0.0,1.0,Hispanic,,2,11.0,6.0,,1.0,,10.0,2.0,4.0,0.0,0.0,2.0,3.0,2.0,0.0,0.0,0.0
7613,0.0,,1.0,Black,0.05,3,,,0.0,,9.85,,,,,,4.0,3.0,2.0,0.0,,1.0
7614,1.0,0.0,1.0,Black,,4,,,1.0,,5.901,16.0,1.0,1.0,0.0,0.0,4.0,1.0,2.0,0.0,0.0,0.0
7615,1.0,0.0,0.0,Black,1.6,3,12.0,,0.0,,60.825,26.0,2.0,2.0,0.0,0.0,4.0,2.0,4.0,0.0,,0.0
7616,1.0,0.0,1.0,Black,,2,,,0.0,,,0.0,1.0,2.0,0.0,0.0,4.0,2.0,1.0,1.0,1.0,0.0
7617,0.0,,1.0,Hispanic,0.33,7,3.0,12.0,0.0,,5.565,12.0,3.0,3.0,6.0,10.0,5.0,3.0,2.0,1.0,,1.0
7618,0.0,0.0,1.0,Black,,5,11.0,,0.0,1.0,6.526,,2.0,3.0,,,,,2.0,0.0,1.0,1.0
7619,0.0,0.0,1.0,Black,0.0,2,14.0,12.0,0.0,0.0,16.021,,2.0,2.0,1.0,2.0,4.0,4.0,1.0,0.0,,0.0
7620,1.0,0.0,0.0,Black,,4,12.0,16.0,,0.0,,7.0,1.0,2.0,0.0,0.0,1.0,1.0,1.0,0.0,,0.0
7621,1.0,0.0,0.0,Hispanic,34.5001,5,19.0,18.0,0.0,0.0,97.402,1.0,1.0,1.0,0.0,0.0,2.0,2.0,1.0,0.0,,0.0
7622,0.0,0.0,1.0,Black,,5,17.0,14.0,0.0,,67.288,3.0,2.0,3.0,0.0,0.0,1.0,1.0,1.0,0.0,0.0,0.0
7623,0.0,0.0,1.0,Black,46.75,2,18.0,19.0,0.0,0.0,87.378,3.0,2.0,3.0,0.0,0.0,1.0,1.0,1.0,0.0,0.0,0.0
7624,0.0,0.0,0.0,Black,,4,,,0.0,,,,2.0,2.0,0.0,0.0,,,1.0,1.0,0.0,1.0
7625,0.0,0.0,1.0,Black,,3,11.0,,0.0,,1.441,,1.0,2.0,0.0,0.0,1.0,1.0,1.0,0.0,0.0,0.0
7626,0.0,0.0,1.0,Black,0.925,7,12.0,12.0,0.0,,34.766,9.0,1.0,2.0,0.0,0.0,4.0,3.0,1.0,0.0,,0.0
7627,0.0,0.0,0.0,Black,0.925,7,12.0,12.0,0.0,,0.493,,2.0,2.0,0.0,0.0,3.0,,1.0,0.0,0.0,1.0
7628,0.0,0.0,1.0,Black,0.925,7,12.0,12.0,0.0,0.0,22.65,4.0,1.0,1.0,0.0,0.0,2.0,1.0,1.0,0.0,0.0,0.0
7629,0.0,0.0,0.0,Black,0.79,4,12.0,10.0,0.0,0.0,,5.0,1.0,2.0,0.0,0.0,3.0,1.0,1.0,0.0,1.0,0.0
7630,,,0.0,Black,0.79,4,12.0,10.0,0.0,0.0,0.0,25.0,3.0,2.0,0.0,2.0,3.0,4.0,1.0,0.0,0.0,0.0
7631,0.0,0.0,0.0,Black,3.75,4,14.0,,0.0,,2.768,5.0,1.0,1.0,1.0,7.0,1.0,1.0,1.0,0.0,1.0,1.0
7632,0.0,0.0,1.0,Black,,4,,,,1.0,,9.0,2.0,2.0,0.0,3.0,4.0,2.0,1.0,1.0,,0.0
7633,0.0,0.0,1.0,Black,0.75,3,11.0,12.0,0.0,,,1.0,3.0,4.0,0.0,0.0,3.0,3.0,2.0,0.0,0.0,1.0
7634,1.0,1.0,1.0,Hispanic,,9,16.0,,,,52.567,9.0,2.0,1.0,0.0,0.0,4.0,4.0,2.0,0.0,1.0,0.0
7635,0.0,0.0,1.0,Black,0.015,6,14.0,16.0,1.0,0.0,38.483,5.0,2.0,3.0,3.0,0.0,3.0,2.0,1.0,0.0,0.0,0.0
7636,1.0,0.0,1.0,Black,0.015,6,14.0,16.0,1.0,0.0,59.006,5.0,3.0,1.0,0.0,0.0,3.0,1.0,1.0,0.0,0.0,0.0
7637,1.0,0.0,1.0,Black,0.015,6,14.0,16.0,1.0,,45.257,0.0,3.0,3.0,0.0,0.0,3.0,2.0,1.0,0.0,0.0,0.0
7638,0.0,0.0,0.0,Black,0.05,4,12.0,,0.0,,,2.0,2.0,2.0,1.0,7.0,4.0,5.0,3.0,1.0,,1.0
7639,1.0,0.0,1.0,Black,0.175,4,12.0,,0.0,1.0,,3.0,2.0,2.0,0.0,0.0,3.0,3.0,1.0,0.0,0.0,0.0
7640,0.0,0.0,0.0,Black,0.175,4,12.0,,0.0,,,4.0,4.0,3.0,0.0,2.0,1.0,1.0,2.0,0.0,0.0,1.0
7641,0.0,0.0,0.0,Black,3.375,5,16.0,10.0,0.0,1.0,47.19,0.0,2.0,2.0,0.0,0.0,5.0,5.0,1.0,1.0,1.0,0.0
7642,0.0,0.0,0.0,Black,1.08,4,16.0,14.0,0.0,0.0,69.604,0.0,2.0,2.0,0.0,0.0,5.0,5.0,1.0,0.0,,0.0
7643,1.0,0.0,0.0,Black,4.05,4,16.0,12.0,0.0,,42.612,4.0,2.0,2.0,0.0,1.0,1.0,1.0,1.0,0.0,0.0,1.0
7644,0.0,0.0,1.0,Black,0.75,5,12.0,7.0,0.0,1.0,30.345,6.0,2.0,2.0,0.0,0.0,3.0,3.0,2.0,0.0,,1.0
7645,0.0,0.0,0.0,Black,7.23,5,13.0,12.0,0.0,0.0,6.14,3.0,2.0,2.0,0.0,1.0,1.0,1.0,1.0,0.0,0.0,
7646,1.0,0.0,1.0,Black,5.4,5,12.0,14.0,0.0,1.0,8.42,4.0,1.0,2.0,0.0,0.0,1.0,1.0,2.0,0.0,0.0,0.0
7647,0.0,0.0,1.0,Black,2.225,5,13.0,12.0,0.0,,,12.0,2.0,2.0,0.0,0.0,5.0,5.0,2.0,0.0,0.0,0.0
7648,0.0,0.0,0.0,Black,0.3,8,12.0,12.0,0.0,0.0,2.53,1.0,2.0,4.0,5.0,1.0,2.0,2.0,2.0,0.0,0.0,0.0
7649,1.0,0.0,0.0,Black,3.35,5,16.0,16.0,0.0,,6.792,5.0,2.0,1.0,0.0,0.0,3.0,2.0,2.0,0.0,,0.0
7650,1.0,0.0,1.0,Black,3.35,5,16.0,16.0,0.0,0.0,24.729,3.0,1.0,3.0,0.0,0.0,1.0,1.0,2.0,0.0,0.0,0.0
7651,1.0,0.0,0.0,Black,35.45,4,14.0,14.0,0.0,,86.255,0.0,2.0,4.0,1.0,0.0,3.0,1.0,2.0,1.0,0.0,0.0
7652,0.0,1.0,1.0,Hispanic,1.97,4,13.0,12.0,0.0,0.0,58.587,,,,,,4.0,3.0,1.0,,0.0,1.0
7653,1.0,0.0,1.0,Black,,5,13.0,12.0,0.0,0.0,39.893,7.0,2.0,3.0,7.0,0.0,2.0,3.0,1.0,0.0,0.0,0.0
7654,1.0,0.0,1.0,Black,,5,,,,0.0,90.772,5.0,2.0,3.0,0.0,0.0,2.0,2.0,1.0,0.0,0.0,0.0
7655,0.0,0.0,1.0,Black,7.65,4,14.0,,0.0,,10.666,3.0,2.0,2.0,2.0,0.0,2.0,1.0,2.0,0.0,0.0,0.0
7656,1.0,0.0,0.0,Black,3.475,4,12.0,12.0,0.0,0.0,17.757,0.0,2.0,3.0,0.0,0.0,4.0,4.0,2.0,1.0,1.0,0.0
7657,0.0,0.0,1.0,Black,3.475,4,12.0,12.0,0.0,0.0,47.512,0.0,2.0,2.0,0.0,0.0,2.0,1.0,1.0,0.0,,0.0
7658,0.0,0.0,0.0,Black,1.1,3,,,0.0,,,3.0,2.0,2.0,1.0,1.0,4.0,1.0,5.0,0.0,1.0,1.0
7659,0.0,0.0,1.0,Black,0.55,6,12.0,12.0,0.0,0.0,0.95,4.0,2.0,2.0,0.0,0.0,4.0,3.0,2.0,0.0,0.0,0.0
7660,0.0,0.0,0.0,Black,,8,12.0,12.0,0.0,0.0,25.682,0.0,2.0,2.0,0.0,0.0,3.0,2.0,3.0,0.0,0.0,0.0
7661,0.0,0.0,0.0,Black,,8,12.0,12.0,0.0,0.0,0.135,1.0,3.0,3.0,0.0,0.0,5.0,3.0,2.0,0.0,0.0,1.0
7662,0.0,0.0,1.0,Black,,8,12.0,12.0,0.0,0.0,,1.0,2.0,2.0,0.0,0.0,2.0,1.0,3.0,0.0,0.0,0.0
7663,0.0,,0.0,Black,,4,,,0.0,,,1.0,2.0,3.0,0.0,0.0,4.0,4.0,1.0,0.0,,0.0
7664,0.0,0.0,0.0,Black,,4,,,0.0,,,1.0,2.0,2.0,0.0,0.0,3.0,2.0,1.0,0.0,,1.0
7665,1.0,0.0,1.0,Hispanic,2.975,3,10.0,12.0,0.0,1.0,11.229,3.0,2.0,3.0,0.0,0.0,5.0,4.0,3.0,0.0,0.0,1.0
7666,1.0,0.0,1.0,Black,4.85,5,16.0,12.0,0.0,0.0,11.716,2.0,2.0,3.0,0.0,0.0,2.0,4.0,1.0,1.0,0.0,0.0
7667,1.0,0.0,0.0,Black,,4,12.0,12.0,0.0,,65.843,2.0,2.0,3.0,0.0,0.0,5.0,4.0,1.0,0.0,0.0,0.0
7668,0.0,0.0,1.0,Black,0.465,4,10.0,,0.0,0.0,2.775,19.0,4.0,4.0,4.0,0.0,3.0,1.0,2.0,0.0,,1.0
7669,1.0,0.0,0.0,Black,,4,,,,,,3.0,2.0,2.0,0.0,0.0,1.0,2.0,2.0,0.0,,0.0
7670,0.0,0.0,0.0,Black,,4,,,,0.0,,15.0,3.0,1.0,0.0,0.0,2.0,1.0,1.0,0.0,0.0,1.0
7671,0.0,0.0,1.0,Black,0.4066,4,11.0,12.0,0.0,0.0,1.284,10.0,2.0,2.0,0.0,1.0,4.0,5.0,1.0,0.0,0.0,0.0
7672,0.0,1.0,0.0,Black,0.895,6,11.0,14.0,0.0,0.0,,2.0,2.0,2.0,1.0,2.0,2.0,1.0,1.0,0.0,,1.0
7673,0.0,0.0,0.0,Black,4.07,6,12.0,,0.0,0.0,,10.0,1.0,2.0,10.0,4.0,1.0,1.0,1.0,0.0,0.0,1.0
7674,0.0,0.0,0.0,Hispanic,0.385,4,14.0,11.0,0.0,0.0,,2.0,2.0,2.0,0.0,0.0,3.0,3.0,2.0,0.0,0.0,0.0
7675,0.0,1.0,0.0,Hispanic,-0.33,4,10.0,12.0,1.0,1.0,6.596,12.0,2.0,3.0,0.0,0.0,2.0,1.0,1.0,0.0,0.0,1.0
7676,0.0,1.0,0.0,Hispanic,-0.33,4,10.0,12.0,1.0,1.0,14.733,11.0,2.0,2.0,0.0,1.0,3.0,1.0,1.0,0.0,0.0,1.0
7677,0.0,0.0,0.0,Hispanic,-0.33,4,,12.0,1.0,0.0,6.724,7.0,2.0,2.0,0.0,0.0,1.0,1.0,1.0,0.0,,0.0
7678,0.0,0.0,0.0,Black,0.295,4,12.0,,0.0,,14.115,2.0,2.0,1.0,0.0,0.0,4.0,4.0,4.0,1.0,,0.0
7680,0.0,0.0,0.0,Hispanic,0.445,3,12.0,12.0,0.0,0.0,,5.0,2.0,2.0,0.0,0.0,4.0,2.0,2.0,0.0,0.0,0.0
7681,0.0,0.0,1.0,Hispanic,0.375,4,4.0,,0.0,0.0,3.927,20.0,2.0,2.0,0.0,0.0,5.0,3.0,4.0,0.0,0.0,0.0
7682,0.0,0.0,1.0,Hispanic,,2,12.0,18.0,0.0,,,,2.0,2.0,0.0,0.0,3.0,2.0,1.0,0.0,0.0,0.0
7683,0.0,0.0,1.0,Hispanic,,3,11.0,12.0,,0.0,,,3.0,4.0,1.0,1.0,4.0,2.0,2.0,0.0,,1.0
7684,0.0,0.0,1.0,Black,0.26,3,12.0,14.0,0.0,0.0,2.009,4.0,2.0,2.0,0.0,0.0,1.0,1.0,1.0,0.0,0.0,0.0
7685,1.0,0.0,1.0,Black,15.9,4,17.0,16.0,0.0,0.0,69.876,3.0,2.0,2.0,0.0,0.0,2.0,1.0,1.0,0.0,0.0,0.0
7686,0.0,0.0,1.0,Black,15.9,4,17.0,16.0,0.0,0.0,67.974,5.0,2.0,2.0,0.0,0.0,2.0,1.0,1.0,0.0,0.0,0.0
7687,1.0,0.0,1.0,Black,0.15,4,11.0,8.0,0.0,0.0,54.497,10.0,2.0,3.0,0.0,2.0,3.0,2.0,1.0,1.0,0.0,1.0
7688,1.0,0.0,1.0,Black,1.7219,4,12.0,,0.0,0.0,,0.0,2.0,2.0,1.0,0.0,4.0,1.0,2.0,0.0,0.0,0.0
7689,1.0,0.0,1.0,Black,,6,12.0,,,,,0.0,3.0,1.0,0.0,0.0,1.0,1.0,1.0,,0.0,0.0
7690,1.0,1.0,1.0,Hispanic,26.65,5,12.0,12.0,0.0,,53.553,4.0,3.0,2.0,0.0,0.0,3.0,1.0,1.0,0.0,0.0,0.0
7691,0.0,0.0,0.0,Hispanic,,7,9.0,14.0,,0.0,,0.0,2.0,2.0,0.0,0.0,1.0,,1.0,0.0,0.0,0.0
7692,0.0,0.0,1.0,Black,0.625,4,12.0,12.0,0.0,,27.572,0.0,1.0,4.0,0.0,0.0,4.0,1.0,1.0,1.0,0.0,0.0
7693,1.0,0.0,0.0,Black,0.625,4,12.0,12.0,0.0,,19.437,5.0,2.0,2.0,0.0,0.0,1.0,1.0,2.0,0.0,0.0,0.0
7694,0.0,,1.0,Black,0.255,6,13.0,14.0,0.0,,26.567,4.0,2.0,3.0,0.0,0.0,3.0,3.0,1.0,0.0,,0.0
7695,0.0,1.0,1.0,Black,2.125,6,14.0,11.0,0.0,,,4.0,2.0,2.0,0.0,0.0,1.0,1.0,2.0,0.0,,0.0
7696,1.0,0.0,0.0,Black,,6,13.0,12.0,,0.0,,6.0,2.0,3.0,0.0,0.0,4.0,4.0,1.0,0.0,,0.0
7697,0.0,0.0,1.0,Black,,6,13.0,12.0,,0.0,,1.0,2.0,2.0,0.0,0.0,5.0,2.0,1.0,0.0,,0.0
7698,0.0,0.0,1.0,Black,0.3762,2,8.0,,1.0,,,4.0,2.0,2.0,0.0,0.0,4.0,3.0,3.0,1.0,1.0,0.0
7699,1.0,0.0,0.0,Black,0.07,5,13.0,,0.0,0.0,,,3.0,3.0,0.0,0.0,2.0,,1.0,0.0,0.0,0.0
7700,0.0,0.0,0.0,Black,0.05,6,,,0.0,,,0.0,2.0,,0.0,0.0,,,,,0.0,1.0
7701,0.0,1.0,1.0,Black,0.05,6,,,0.0,0.0,,21.0,2.0,3.0,0.0,0.0,2.0,1.0,2.0,0.0,,1.0
7702,1.0,0.0,1.0,Hispanic,,6,4.0,6.0,,0.0,,2.0,2.0,2.0,0.0,0.0,2.0,2.0,1.0,0.0,0.0,0.0
7703,1.0,0.0,0.0,Hispanic,,4,8.0,10.0,,0.0,,2.0,2.0,2.0,0.0,0.0,1.0,1.0,3.0,0.0,0.0,0.0
7704,0.0,,0.0,Hispanic,,5,13.0,12.0,,,15.128,67.0,4.0,3.0,0.0,1.0,4.0,2.0,5.0,0.0,,0.0
7705,0.0,,1.0,Hispanic,0.985,5,13.0,12.0,,,44.104,2.0,2.0,2.0,0.0,0.0,2.0,1.0,1.0,0.0,,0.0
7706,0.0,,0.0,Hispanic,2.789,2,11.0,12.0,0.0,,76.949,,2.0,2.0,,,1.0,1.0,1.0,0.0,,0.0
7707,0.0,1.0,1.0,Black,0.275,3,12.0,12.0,0.0,,1.384,0.0,2.0,2.0,0.0,2.0,1.0,1.0,1.0,0.0,,1.0
7708,0.0,0.0,1.0,Black,-0.825,4,11.0,,0.0,,30.138,6.0,2.0,2.0,1.0,0.0,3.0,1.0,1.0,0.0,0.0,1.0
7709,0.0,0.0,1.0,Black,0.175,6,10.0,12.0,0.0,,,5.0,2.0,,0.0,0.0,,,,0.0,0.0,0.0
7710,0.0,0.0,0.0,Black,0.165,3,11.0,5.0,0.0,0.0,7.295,0.0,2.0,2.0,0.0,1.0,2.0,1.0,1.0,0.0,0.0,0.0
7711,1.0,0.0,1.0,Black,-0.075,6,12.0,10.0,0.0,,39.163,7.0,2.0,3.0,0.0,0.0,3.0,2.0,1.0,0.0,,0.0
7712,0.0,0.0,0.0,Black,-9.95,4,14.0,,0.0,,,20.0,2.0,3.0,0.0,0.0,4.0,2.0,1.0,0.0,,0.0
7713,1.0,0.0,1.0,Black,3.05,4,,,0.0,1.0,34.105,1.0,3.0,4.0,0.0,0.0,4.0,4.0,1.0,0.0,0.0,0.0
7714,0.0,1.0,0.0,Black,0.275,5,10.0,12.0,1.0,1.0,,5.0,1.0,2.0,2.0,0.0,2.0,3.0,2.0,,0.0,1.0
7715,0.0,0.0,1.0,Black,0.275,5,10.0,12.0,1.0,1.0,,6.0,2.0,2.0,0.0,0.0,5.0,2.0,1.0,1.0,,0.0
7716,0.0,0.0,1.0,Black,1.71,5,13.0,11.0,0.0,0.0,16.969,5.0,3.0,3.0,0.0,0.0,2.0,1.0,1.0,0.0,0.0,0.0
7717,1.0,0.0,1.0,Black,0.6,2,12.0,10.0,0.0,0.0,16.961,5.0,2.0,3.0,0.0,0.0,5.0,4.0,1.0,1.0,,0.0
7718,0.0,0.0,0.0,Black,-1.125,4,13.0,12.0,0.0,,,15.0,3.0,2.0,0.0,0.0,4.0,3.0,1.0,,1.0,1.0
7719,0.0,0.0,1.0,Black,0.175,5,12.0,,0.0,1.0,16.696,4.0,1.0,4.0,0.0,1.0,3.0,1.0,1.0,1.0,0.0,0.0
7720,0.0,0.0,1.0,Black,0.175,5,12.0,12.0,0.0,,0.0,11.0,2.0,2.0,2.0,1.0,5.0,1.0,3.0,0.0,0.0,0.0
7721,1.0,0.0,0.0,Black,0.157,3,15.0,12.0,0.0,0.0,,8.0,2.0,3.0,0.0,0.0,3.0,2.0,1.0,0.0,0.0,0.0
7722,0.0,0.0,0.0,Black,1.3599,4,14.0,,0.0,1.0,50.289,0.0,2.0,2.0,2.0,0.0,5.0,1.0,1.0,1.0,0.0,1.0
7723,1.0,0.0,0.0,Black,1.3599,4,14.0,11.0,0.0,,16.561,10.0,2.0,2.0,0.0,0.0,1.0,1.0,3.0,0.0,0.0,0.0
7724,1.0,1.0,1.0,Black,0.03,4,15.0,12.0,0.0,0.0,,14.0,1.0,1.0,0.0,0.0,2.0,1.0,1.0,0.0,0.0,0.0
7725,0.0,0.0,0.0,Black,0.05,6,12.0,12.0,1.0,,,5.0,2.0,2.0,0.0,1.0,4.0,1.0,1.0,0.0,0.0,1.0
7726,0.0,0.0,0.0,Black,0.05,6,12.0,,1.0,1.0,,0.0,2.0,2.0,0.0,0.0,2.0,1.0,1.0,0.0,0.0,1.0
7727,0.0,0.0,0.0,Black,0.175,6,12.0,10.0,0.0,1.0,5.811,0.0,2.0,2.0,0.0,1.0,3.0,1.0,1.0,0.0,0.0,0.0
7728,0.0,0.0,1.0,Black,0.175,6,12.0,10.0,0.0,1.0,11.254,1.0,2.0,2.0,0.0,0.0,1.0,1.0,1.0,0.0,0.0,0.0
7729,0.0,0.0,0.0,Black,-0.02,4,8.0,,0.0,,1.95,5.0,2.0,3.0,0.0,20.0,1.0,1.0,1.0,0.0,0.0,1.0
7730,0.0,0.0,1.0,Black,-0.02,4,8.0,,0.0,0.0,2.079,6.0,2.0,2.0,0.0,0.0,1.0,1.0,2.0,0.0,0.0,1.0
7731,0.0,1.0,0.0,Black,0.175,7,11.0,12.0,0.0,,34.026,0.0,2.0,2.0,0.0,0.0,2.0,3.0,1.0,1.0,0.0,0.0
7732,1.0,0.0,1.0,Black,0.175,7,11.0,12.0,0.0,0.0,9.893,2.0,2.0,4.0,0.0,0.0,4.0,5.0,2.0,1.0,0.0,0.0
7733,0.0,0.0,0.0,Black,0.275,5,12.0,9.0,1.0,1.0,10.8,9.0,2.0,4.0,0.0,0.0,5.0,5.0,3.0,1.0,0.0,0.0
7734,0.0,0.0,1.0,Black,0.275,5,12.0,9.0,1.0,0.0,12.406,12.0,2.0,3.0,0.0,0.0,3.0,3.0,3.0,1.0,0.0,0.0
7735,0.0,0.0,0.0,Black,0.275,5,12.0,9.0,1.0,1.0,5.967,17.0,1.0,2.0,0.0,2.0,1.0,1.0,1.0,1.0,0.0,0.0
7736,0.0,0.0,1.0,Black,0.17,3,11.0,12.0,0.0,0.0,10.906,0.0,1.0,1.0,0.0,0.0,1.0,1.0,1.0,0.0,0.0,0.0
7737,1.0,0.0,0.0,Black,,2,9.0,9.0,0.0,0.0,6.45,,3.0,3.0,,,1.0,1.0,1.0,0.0,0.0,1.0
7738,0.0,0.0,1.0,Black,3.95,6,12.0,12.0,0.0,0.0,78.704,1.0,3.0,3.0,1.0,0.0,1.0,1.0,1.0,0.0,0.0,0.0
7739,0.0,0.0,0.0,Black,,6,12.0,12.0,,0.0,1.998,2.0,3.0,2.0,0.0,0.0,1.0,1.0,1.0,0.0,0.0,0.0
7740,0.0,0.0,1.0,Black,1.75,4,10.0,6.0,0.0,0.0,12.182,14.0,3.0,2.0,0.0,0.0,3.0,3.0,2.0,0.0,0.0,0.0
7741,0.0,0.0,1.0,Black,0.465,2,12.0,11.0,0.0,0.0,14.901,2.0,2.0,2.0,0.0,0.0,1.0,1.0,1.0,0.0,0.0,0.0
7742,0.0,0.0,0.0,Black,,10,11.0,,0.0,0.0,3.211,5.0,2.0,2.0,0.0,0.0,1.0,1.0,1.0,0.0,0.0,1.0
7743,0.0,0.0,1.0,Black,,10,12.0,,,0.0,8.322,12.0,3.0,3.0,1.0,0.0,3.0,3.0,1.0,0.0,0.0,0.0
7744,0.0,0.0,0.0,Black,0.375,4,9.0,5.0,0.0,0.0,5.994,6.0,2.0,2.0,0.0,0.0,2.0,2.0,1.0,0.0,0.0,0.0
7745,1.0,0.0,0.0,Black,13.75,8,12.0,,0.0,0.0,43.386,10.0,2.0,2.0,0.0,0.0,4.0,4.0,1.0,0.0,0.0,0.0
7746,0.0,1.0,0.0,Black,13.75,8,12.0,,0.0,0.0,13.615,0.0,2.0,3.0,0.0,0.0,2.0,2.0,2.0,0.0,0.0,0.0
7747,0.0,0.0,0.0,Black,0.155,4,9.0,,0.0,0.0,0.477,10.0,3.0,2.0,0.0,1.0,4.0,2.0,4.0,0.0,0.0,0.0
7748,0.0,0.0,0.0,Black,0.155,4,9.0,,0.0,0.0,16.524,4.0,2.0,3.0,0.0,0.0,1.0,1.0,1.0,0.0,0.0,0.0
7749,0.0,0.0,0.0,Black,1.475,5,12.0,12.0,1.0,0.0,4.202,0.0,2.0,2.0,0.0,0.0,1.0,1.0,1.0,0.0,0.0,0.0
7750,0.0,0.0,0.0,Black,3.55,8,10.0,12.0,0.0,0.0,0.0,2.0,2.0,2.0,0.0,0.0,1.0,1.0,1.0,0.0,,0.0
7751,0.0,,0.0,Black,3.55,8,10.0,12.0,0.0,,7.063,3.0,2.0,2.0,0.0,0.0,1.0,1.0,1.0,1.0,,0.0
7752,0.0,0.0,0.0,Black,3.55,8,10.0,12.0,0.0,,24.68,0.0,2.0,2.0,0.0,0.0,1.0,1.0,1.0,0.0,,0.0
7753,0.0,,0.0,Black,0.9,5,10.0,11.0,0.0,,,35.0,2.0,3.0,3.0,0.0,4.0,4.0,1.0,1.0,,0.0
7755,0.0,0.0,0.0,Black,3.78,6,12.0,11.0,0.0,0.0,,5.0,2.0,2.0,1.0,2.0,2.0,2.0,2.0,0.0,0.0,1.0
7756,0.0,0.0,1.0,Black,3.78,6,12.0,11.0,0.0,0.0,26.82,2.0,2.0,3.0,0.0,0.0,3.0,2.0,1.0,0.0,0.0,0.0
7757,0.0,0.0,0.0,Black,2.375,6,12.0,9.0,0.0,0.0,7.347,1.0,2.0,1.0,0.0,1.0,2.0,3.0,1.0,0.0,0.0,0.0
7758,0.0,0.0,1.0,Black,0.175,3,12.0,12.0,0.0,0.0,1.88,3.0,2.0,2.0,0.0,1.0,3.0,1.0,1.0,0.0,0.0,0.0
7759,1.0,0.0,0.0,Black,2.35,4,12.0,12.0,0.0,0.0,16.078,5.0,2.0,2.0,0.0,0.0,3.0,2.0,2.0,0.0,0.0,0.0
7760,0.0,0.0,0.0,Black,0.415,5,12.0,12.0,0.0,0.0,26.185,10.0,2.0,2.0,0.0,1.0,3.0,3.0,2.0,1.0,,1.0
7761,0.0,0.0,0.0,Black,0.415,5,12.0,12.0,0.0,,39.937,0.0,3.0,3.0,3.0,0.0,4.0,4.0,1.0,0.0,,1.0
7762,0.0,1.0,1.0,Black,0.415,5,12.0,,1.0,,1.869,7.0,2.0,2.0,1.0,5.0,4.0,1.0,2.0,0.0,,1.0
7763,0.0,0.0,0.0,Black,0.415,5,12.0,12.0,0.0,,0.553,1.0,3.0,1.0,0.0,1.0,4.0,2.0,3.0,0.0,,1.0
7764,1.0,0.0,1.0,Black,2.2,4,13.0,13.0,0.0,0.0,27.691,0.0,1.0,1.0,0.0,0.0,1.0,1.0,1.0,0.0,0.0,0.0
7765,1.0,0.0,1.0,Black,2.905,9,12.0,12.0,0.0,0.0,13.559,6.0,2.0,2.0,0.0,0.0,3.0,3.0,1.0,0.0,0.0,0.0
7766,0.0,0.0,1.0,Black,2.905,9,12.0,12.0,0.0,0.0,10.961,1.0,1.0,3.0,1.0,0.0,2.0,1.0,1.0,0.0,0.0,0.0
7767,1.0,0.0,1.0,Black,4.9,4,16.0,12.0,0.0,0.0,22.594,2.0,2.0,2.0,0.0,0.0,2.0,1.0,1.0,0.0,,0.0
7768,0.0,0.0,0.0,Black,,4,7.0,12.0,,0.0,23.612,3.0,2.0,2.0,0.0,0.0,3.0,1.0,1.0,0.0,0.0,0.0
7769,0.0,0.0,1.0,Black,3.425,4,14.0,10.0,0.0,,3.506,9.0,2.0,2.0,0.0,0.0,5.0,4.0,2.0,1.0,0.0,0.0
7770,0.0,0.0,1.0,Black,3.425,4,14.0,10.0,0.0,,38.381,3.0,1.0,4.0,0.0,0.0,2.0,2.0,3.0,0.0,0.0,1.0
7771,0.0,0.0,0.0,Black,3.425,4,14.0,10.0,0.0,,37.157,3.0,2.0,3.0,2.0,1.0,4.0,3.0,2.0,0.0,0.0,0.0
7772,1.0,0.0,0.0,Black,3.0505,3,16.0,,0.0,0.0,25.273,1.0,2.0,2.0,0.0,1.0,3.0,2.0,1.0,0.0,0.0,0.0
7773,0.0,0.0,1.0,Black,3.88,4,13.0,,0.0,0.0,79.418,6.0,2.0,2.0,4.0,0.0,3.0,3.0,2.0,1.0,1.0,0.0
7774,1.0,0.0,1.0,Black,,4,12.0,12.0,0.0,0.0,,6.0,2.0,2.0,1.0,0.0,4.0,3.0,1.0,0.0,0.0,0.0
7775,0.0,,0.0,Black,,5,11.0,,1.0,,,3.0,2.0,3.0,0.0,0.0,5.0,1.0,1.0,0.0,,0.0
7776,0.0,0.0,0.0,Black,,5,11.0,,1.0,0.0,,5.0,2.0,3.0,0.0,0.0,3.0,4.0,1.0,0.0,0.0,0.0
7777,0.0,0.0,1.0,Black,2.95,4,12.0,12.0,0.0,0.0,17.243,5.0,3.0,3.0,0.0,0.0,5.0,5.0,5.0,1.0,0.0,0.0
7778,1.0,0.0,0.0,Black,3.625,2,16.0,,0.0,,,2.0,2.0,2.0,0.0,0.0,4.0,1.0,1.0,0.0,0.0,0.0
7779,1.0,0.0,0.0,Black,,3,16.0,,0.0,0.0,47.265,1.0,1.0,2.0,0.0,0.0,3.0,2.0,1.0,0.0,0.0,0.0
7780,1.0,0.0,1.0,Black,,4,16.0,16.0,0.0,,,0.0,3.0,3.0,0.0,0.0,3.0,3.0,1.0,0.0,,0.0
7781,1.0,,1.0,Black,,4,16.0,12.0,0.0,,31.787,4.0,3.0,2.0,0.0,0.0,1.0,2.0,1.0,0.0,,0.0
7782,1.0,,1.0,Black,,4,16.0,12.0,0.0,,80.247,1.0,1.0,2.0,0.0,0.0,2.0,1.0,1.0,0.0,,0.0
7783,0.0,,0.0,Black,0.405,4,12.0,9.0,0.0,,21.125,3.0,2.0,3.0,0.0,0.0,3.0,4.0,1.0,0.0,,0.0
7784,0.0,0.0,0.0,Black,2.17,7,12.0,12.0,0.0,0.0,27.961,3.0,1.0,1.0,0.0,0.0,5.0,1.0,2.0,0.0,0.0,0.0
7785,0.0,1.0,0.0,Black,0.175,4,11.0,12.0,0.0,,,2.0,2.0,2.0,0.0,0.0,2.0,1.0,2.0,0.0,,1.0
7786,1.0,1.0,0.0,Black,,3,12.0,,0.0,1.0,,0.0,2.0,3.0,0.0,0.0,3.0,1.0,1.0,0.0,0.0,0.0
7787,0.0,0.0,1.0,Black,,3,12.0,12.0,0.0,0.0,,0.0,2.0,2.0,0.0,0.0,2.0,1.0,1.0,0.0,0.0,0.0
7788,0.0,0.0,0.0,Black,0.225,2,11.0,,0.0,1.0,,3.0,3.0,2.0,1.0,1.0,5.0,3.0,1.0,0.0,,
7789,1.0,,0.0,Black,,4,12.0,12.0,0.0,,,2.0,2.0,2.0,0.0,0.0,1.0,2.0,1.0,0.0,,0.0
7790,1.0,0.0,0.0,Black,,2,16.0,18.0,,0.0,60.255,20.0,2.0,3.0,0.0,1.0,4.0,4.0,2.0,0.0,,0.0
7791,0.0,0.0,0.0,Black,27.55,3,14.0,16.0,0.0,,,3.0,2.0,2.0,0.0,1.0,4.0,1.0,3.0,0.0,0.0,0.0
7792,1.0,0.0,1.0,Black,,6,14.0,,0.0,0.0,,,2.0,3.0,0.0,0.0,1.0,1.0,1.0,0.0,0.0,0.0
7793,1.0,0.0,1.0,Black,,6,14.0,,0.0,,,2.0,1.0,1.0,0.0,0.0,1.0,1.0,1.0,0.0,0.0,0.0
7794,1.0,0.0,1.0,Black,4.0,6,12.0,10.0,0.0,0.0,44.587,0.0,1.0,2.0,0.0,0.0,4.0,1.0,4.0,0.0,0.0,0.0
7795,0.0,0.0,1.0,Black,2.1296,2,11.0,12.0,0.0,0.0,18.69,4.0,2.0,2.0,1.0,0.0,5.0,4.0,2.0,0.0,0.0,0.0
7796,0.0,0.0,0.0,Black,-2.125,8,10.0,12.0,1.0,0.0,1.565,4.0,2.0,2.0,0.0,0.0,2.0,5.0,5.0,0.0,0.0,0.0
7797,0.0,0.0,0.0,Black,-2.125,8,10.0,12.0,1.0,1.0,12.689,2.0,2.0,2.0,0.0,0.0,3.0,5.0,2.0,0.0,0.0,0.0
7798,1.0,0.0,1.0,Black,-2.125,8,10.0,12.0,1.0,0.0,21.055,2.0,1.0,1.0,0.0,0.0,5.0,1.0,3.0,0.0,0.0,0.0
7799,1.0,0.0,0.0,Black,-2.125,8,10.0,12.0,1.0,0.0,31.727,0.0,1.0,1.0,0.0,0.0,3.0,1.0,3.0,0.0,0.0,1.0
7800,1.0,0.0,0.0,Black,3.6,4,14.0,14.0,0.0,0.0,56.587,2.0,2.0,3.0,0.0,0.0,2.0,2.0,3.0,0.0,,0.0
7801,0.0,0.0,1.0,Black,0.77,7,12.0,12.0,0.0,0.0,,17.0,1.0,1.0,6.0,0.0,5.0,5.0,5.0,1.0,0.0,0.0
7802,1.0,0.0,0.0,Black,0.31,6,11.0,,0.0,0.0,15.603,5.0,2.0,3.0,0.0,0.0,3.0,1.0,2.0,0.0,0.0,0.0
7803,0.0,0.0,0.0,Black,0.31,6,11.0,,0.0,1.0,34.78,5.0,2.0,2.0,0.0,0.0,2.0,3.0,2.0,0.0,0.0,0.0
7804,0.0,0.0,1.0,Black,0.31,6,11.0,,0.0,0.0,7.065,2.0,2.0,2.0,0.0,0.0,2.0,1.0,5.0,0.0,0.0,0.0
7805,0.0,0.0,0.0,Black,,3,12.0,,0.0,,37.222,2.0,3.0,3.0,0.0,0.0,4.0,,2.0,0.0,0.0,1.0
7806,1.0,0.0,0.0,Black,,5,11.0,12.0,0.0,0.0,55.244,2.0,2.0,2.0,0.0,0.0,2.0,1.0,1.0,0.0,,0.0
7807,1.0,0.0,0.0,Black,1.35,7,9.0,,0.0,0.0,28.634,0.0,2.0,2.0,0.0,0.0,2.0,1.0,2.0,0.0,0.0,0.0
7808,0.0,0.0,0.0,Black,1.65,6,12.0,,0.0,0.0,,4.0,1.0,1.0,0.0,3.0,1.0,2.0,1.0,0.0,0.0,0.0
7809,,,1.0,Black,,5,11.0,,,,14.323,0.0,1.0,2.0,0.0,0.0,4.0,3.0,1.0,1.0,,1.0
7810,0.0,0.0,0.0,Black,,3,12.0,,,0.0,77.742,2.0,2.0,1.0,0.0,0.0,1.0,1.0,1.0,0.0,0.0,0.0
7811,0.0,0.0,1.0,Black,,6,12.0,12.0,0.0,0.0,2.138,0.0,2.0,2.0,0.0,0.0,1.0,1.0,1.0,0.0,0.0,0.0
7812,0.0,0.0,0.0,Black,0.475,6,11.0,,0.0,1.0,,8.0,3.0,2.0,0.0,0.0,1.0,1.0,2.0,0.0,0.0,0.0
7813,0.0,0.0,1.0,Black,0.475,6,11.0,,0.0,1.0,,1.0,2.0,2.0,0.0,0.0,1.0,1.0,1.0,0.0,0.0,0.0
7814,0.0,0.0,1.0,Black,1.275,8,,,0.0,,11.871,,2.0,4.0,,,1.0,1.0,1.0,0.0,0.0,0.0
7815,0.0,0.0,1.0,Black,1.275,8,,,0.0,,7.039,19.0,3.0,3.0,0.0,2.0,2.0,1.0,3.0,0.0,0.0,1.0
7816,0.0,0.0,1.0,Black,0.375,6,8.0,8.0,0.0,0.0,12.573,15.0,3.0,4.0,0.0,0.0,4.0,5.0,4.0,0.0,1.0,0.0
7817,1.0,0.0,1.0,Black,0.375,6,8.0,8.0,0.0,0.0,18.304,15.0,4.0,4.0,0.0,0.0,4.0,3.0,4.0,1.0,0.0,0.0
7818,0.0,0.0,0.0,Black,4.75,7,,12.0,0.0,0.0,8.453,1.0,2.0,2.0,0.0,0.0,4.0,3.0,3.0,1.0,0.0,1.0
7819,1.0,0.0,1.0,Black,9.275,7,12.0,,0.0,1.0,,10.0,2.0,3.0,0.0,0.0,4.0,4.0,4.0,0.0,1.0,0.0
7820,0.0,0.0,0.0,Black,9.275,7,12.0,12.0,0.0,0.0,32.15,3.0,4.0,4.0,0.0,2.0,1.0,1.0,1.0,0.0,0.0,1.0
7821,0.0,0.0,0.0,Black,9.275,7,12.0,,0.0,,22.416,6.0,2.0,2.0,0.0,0.0,2.0,2.0,1.0,0.0,,1.0
7822,0.0,0.0,0.0,Black,9.275,7,12.0,12.0,0.0,0.0,10.375,7.0,2.0,3.0,0.0,0.0,1.0,1.0,1.0,0.0,0.0,1.0
7823,0.0,0.0,1.0,Black,13.55,2,12.0,12.0,0.0,,4.971,3.0,2.0,2.0,0.0,0.0,3.0,1.0,4.0,,,1.0
7824,1.0,0.0,1.0,Black,0.875,5,12.0,11.0,0.0,0.0,42.233,8.0,2.0,1.0,0.0,0.0,4.0,2.0,1.0,0.0,1.0,0.0
7825,1.0,0.0,0.0,Black,3.875,4,12.0,14.0,0.0,0.0,87.585,1.0,2.0,2.0,0.0,0.0,1.0,1.0,1.0,1.0,0.0,0.0
7826,1.0,0.0,1.0,Black,0.625,3,12.0,10.0,0.0,0.0,,7.0,2.0,3.0,0.0,0.0,4.0,3.0,3.0,0.0,,0.0
7827,0.0,,0.0,Black,0.625,3,12.0,10.0,0.0,,,0.0,2.0,2.0,0.0,2.0,2.0,1.0,1.0,0.0,,1.0
7828,0.0,0.0,1.0,Black,0.175,3,12.0,9.0,0.0,0.0,,2.0,2.0,1.0,1.0,1.0,3.0,2.0,2.0,0.0,0.0,1.0
7829,1.0,0.0,1.0,Black,2.25,4,,10.0,0.0,,77.138,1.0,2.0,1.0,0.0,0.0,2.0,2.0,1.0,0.0,,0.0
7830,1.0,0.0,1.0,Black,,3,14.0,,0.0,0.0,15.592,4.0,3.0,2.0,0.0,0.0,5.0,3.0,3.0,0.0,0.0,0.0
7831,0.0,0.0,0.0,Black,,3,14.0,,0.0,0.0,9.169,12.0,3.0,1.0,0.0,0.0,4.0,2.0,4.0,1.0,0.0,0.0
7832,1.0,0.0,0.0,Black,0.425,3,12.0,,0.0,0.0,16.329,5.0,2.0,1.0,0.0,0.0,2.0,1.0,1.0,0.0,0.0,0.0
7833,1.0,0.0,0.0,Black,5.415,2,14.0,,0.0,,,10.0,3.0,2.0,0.0,2.0,5.0,2.0,2.0,0.0,,0.0
7834,0.0,0.0,0.0,Black,8.2,5,,,0.0,,22.839,28.0,2.0,3.0,0.0,2.0,4.0,4.0,1.0,0.0,0.0,1.0
7835,0.0,0.0,0.0,Black,8.2,5,,,0.0,0.0,15.773,10.0,2.0,2.0,0.0,0.0,2.0,3.0,2.0,0.0,0.0,0.0
7836,1.0,0.0,1.0,Black,0.375,3,10.0,11.0,0.0,,34.754,2.0,1.0,2.0,0.0,0.0,3.0,3.0,2.0,0.0,0.0,0.0
7837,1.0,0.0,1.0,Black,0.175,2,14.0,9.0,0.0,0.0,39.453,6.0,2.0,3.0,0.0,0.0,3.0,3.0,1.0,0.0,0.0,0.0
7838,0.0,0.0,0.0,Black,0.15,5,12.0,10.0,0.0,,,21.0,1.0,1.0,1.0,2.0,4.0,3.0,4.0,1.0,,1.0
7839,1.0,0.0,0.0,Black,2.925,3,12.0,,0.0,0.0,40.012,5.0,2.0,3.0,0.0,0.0,4.0,3.0,2.0,0.0,0.0,0.0
7840,1.0,0.0,1.0,Black,0.375,2,12.0,,0.0,0.0,21.205,0.0,3.0,3.0,0.0,1.0,4.0,3.0,1.0,0.0,0.0,0.0
7841,0.0,0.0,1.0,Black,0.05,3,12.0,8.0,0.0,0.0,2.208,5.0,2.0,2.0,0.0,0.0,3.0,3.0,1.0,0.0,0.0,0.0
7842,0.0,0.0,1.0,Black,0.05,3,12.0,8.0,0.0,,5.223,5.0,3.0,2.0,0.0,0.0,2.0,2.0,3.0,0.0,0.0,1.0
7843,0.0,0.0,1.0,Black,0.175,3,10.0,,0.0,0.0,8.119,0.0,2.0,1.0,0.0,0.0,1.0,1.0,1.0,0.0,,0.0
7844,0.0,0.0,1.0,Black,,4,12.0,,0.0,0.0,,2.0,3.0,4.0,1.0,0.0,5.0,3.0,1.0,0.0,0.0,0.0
7845,1.0,0.0,0.0,Black,,7,14.0,16.0,0.0,0.0,31.159,2.0,1.0,2.0,0.0,0.0,5.0,2.0,2.0,0.0,0.0,0.0
7846,1.0,0.0,1.0,Black,2.73,6,12.0,,0.0,0.0,33.088,6.0,2.0,2.0,0.0,1.0,4.0,4.0,3.0,0.0,0.0,0.0
7847,0.0,0.0,0.0,Black,2.73,6,12.0,12.0,0.0,0.0,9.536,0.0,4.0,4.0,0.0,0.0,4.0,3.0,1.0,0.0,0.0,0.0
7848,0.0,0.0,0.0,Black,2.73,6,12.0,12.0,0.0,0.0,5.606,0.0,2.0,2.0,2.0,0.0,1.0,1.0,3.0,0.0,0.0,1.0
7849,0.0,0.0,0.0,Black,2.68,2,14.0,12.0,0.0,0.0,42.642,2.0,2.0,1.0,6.0,0.0,3.0,2.0,4.0,1.0,0.0,0.0
7850,0.0,0.0,0.0,Black,13.39,6,14.0,,0.0,,38.279,0.0,2.0,3.0,0.0,3.0,1.0,2.0,2.0,1.0,0.0,1.0
7851,1.0,0.0,1.0,Black,5.57,5,9.0,12.0,1.0,1.0,8.82,2.0,2.0,1.0,0.0,0.0,4.0,4.0,1.0,0.0,0.0,0.0
7852,0.0,0.0,1.0,Black,5.57,5,14.0,12.0,0.0,0.0,25.578,1.0,2.0,2.0,0.0,0.0,1.0,1.0,2.0,0.0,0.0,0.0
7853,0.0,0.0,1.0,Hispanic,,6,16.0,19.0,,0.0,52.76,13.0,2.0,3.0,0.0,0.0,3.0,3.0,2.0,0.0,0.0,0.0
7854,0.0,0.0,0.0,Hispanic,,6,16.0,19.0,,0.0,74.012,2.0,1.0,2.0,0.0,0.0,3.0,3.0,1.0,0.0,0.0,0.0
7855,0.0,0.0,0.0,Hispanic,,4,12.0,12.0,0.0,0.0,45.864,0.0,2.0,2.0,0.0,0.0,2.0,1.0,1.0,0.0,,0.0
7856,1.0,0.0,1.0,Hispanic,16.63,4,15.0,20.0,0.0,0.0,52.743,2.0,2.0,2.0,0.0,0.0,2.0,1.0,1.0,0.0,0.0,0.0
7857,1.0,0.0,1.0,Black,0.41,3,13.0,12.0,0.0,,29.36,0.0,2.0,2.0,0.0,0.0,5.0,5.0,3.0,0.0,0.0,0.0
7858,1.0,0.0,1.0,Black,0.325,6,8.0,12.0,0.0,0.0,,2.0,2.0,2.0,0.0,2.0,3.0,2.0,2.0,0.0,0.0,1.0
7859,0.0,0.0,0.0,Black,0.325,6,8.0,12.0,0.0,0.0,29.51,2.0,4.0,4.0,2.0,2.0,2.0,1.0,1.0,1.0,0.0,0.0
7860,0.0,0.0,0.0,Black,-0.825,4,14.0,12.0,0.0,,,5.0,3.0,4.0,2.0,1.0,2.0,1.0,3.0,0.0,0.0,1.0
7861,1.0,0.0,0.0,Black,3.55,4,14.0,12.0,0.0,0.0,24.899,0.0,2.0,4.0,0.0,0.0,2.0,1.0,2.0,0.0,0.0,0.0
7862,0.0,1.0,0.0,Black,,2,12.0,12.0,0.0,0.0,20.714,8.0,4.0,4.0,6.0,0.0,5.0,5.0,5.0,1.0,1.0,0.0
7863,1.0,0.0,1.0,Black,2.12,10,12.0,12.0,0.0,0.0,,8.0,3.0,4.0,4.0,0.0,5.0,5.0,2.0,0.0,0.0,0.0
7864,1.0,0.0,0.0,Black,2.12,10,12.0,12.0,0.0,0.0,,5.0,2.0,3.0,0.0,0.0,2.0,1.0,2.0,0.0,0.0,0.0
7865,0.0,0.0,0.0,Black,-0.1,5,14.0,14.0,0.0,0.0,33.796,6.0,2.0,3.0,0.0,0.0,3.0,2.0,3.0,0.0,0.0,1.0
7866,0.0,0.0,0.0,Black,-0.1,5,14.0,14.0,0.0,0.0,0.15,7.0,2.0,3.0,0.0,0.0,2.0,1.0,2.0,0.0,0.0,0.0
7867,0.0,0.0,0.0,Black,,5,12.0,11.0,,,,8.0,3.0,3.0,1.0,0.0,3.0,3.0,3.0,0.0,0.0,0.0
7868,0.0,0.0,1.0,Black,0.375,3,12.0,9.0,0.0,0.0,14.759,5.0,2.0,2.0,0.0,0.0,1.0,1.0,2.0,0.0,0.0,0.0
7869,0.0,0.0,0.0,Black,,6,11.0,11.0,0.0,1.0,0.499,4.0,2.0,3.0,2.0,10.0,3.0,4.0,4.0,0.0,0.0,0.0
7870,1.0,0.0,1.0,Black,,6,12.0,12.0,0.0,0.0,59.583,2.0,2.0,2.0,0.0,0.0,2.0,3.0,2.0,0.0,0.0,0.0
7871,1.0,1.0,1.0,Black,3.05,2,14.0,12.0,0.0,0.0,23.249,4.0,1.0,4.0,0.0,0.0,5.0,4.0,4.0,1.0,1.0,0.0
7872,1.0,0.0,1.0,Black,7.95,5,13.0,14.0,0.0,0.0,15.466,0.0,2.0,2.0,0.0,0.0,3.0,1.0,2.0,0.0,0.0,1.0
7873,0.0,0.0,1.0,Black,,3,12.0,11.0,0.0,1.0,26.412,5.0,3.0,3.0,0.0,0.0,3.0,3.0,3.0,0.0,0.0,0.0
7874,1.0,0.0,1.0,Black,,3,12.0,11.0,0.0,1.0,7.87,4.0,2.0,3.0,1.0,0.0,2.0,1.0,2.0,0.0,0.0,0.0
7875,1.0,0.0,0.0,Black,,3,12.0,12.0,0.0,0.0,29.698,0.0,2.0,2.0,0.0,0.0,3.0,3.0,1.0,0.0,0.0,0.0
7876,0.0,0.0,0.0,Black,1.1,5,9.0,,0.0,,1.148,5.0,2.0,3.0,1.0,0.0,1.0,1.0,1.0,0.0,0.0,1.0
7877,0.0,0.0,1.0,Hispanic,0.0049,4,10.0,9.0,1.0,0.0,15.438,90.0,2.0,2.0,0.0,0.0,3.0,3.0,2.0,1.0,0.0,0.0
7878,0.0,0.0,1.0,Hispanic,0.0049,4,10.0,9.0,1.0,0.0,40.808,50.0,2.0,2.0,1.0,0.0,3.0,4.0,2.0,0.0,0.0,1.0
7879,0.0,0.0,0.0,Hispanic,,5,3.0,,,,,14.0,2.0,2.0,0.0,1.0,2.0,1.0,2.0,0.0,,1.0
7880,0.0,0.0,1.0,Black,-1.2,6,13.0,10.0,0.0,1.0,,,2.0,1.0,,,5.0,3.0,5.0,0.0,1.0,0.0
7881,0.0,0.0,0.0,Black,,4,16.0,12.0,,,6.674,3.0,2.0,2.0,0.0,0.0,4.0,2.0,3.0,0.0,,0.0
7882,0.0,0.0,0.0,Black,0.75,2,9.0,,0.0,0.0,,6.0,2.0,4.0,30.0,0.0,3.0,2.0,4.0,1.0,1.0,0.0
7883,0.0,0.0,0.0,Black,0.175,4,12.0,12.0,0.0,1.0,3.725,14.0,2.0,1.0,0.0,2.0,2.0,1.0,2.0,0.0,1.0,1.0
7884,0.0,0.0,0.0,Black,0.175,4,12.0,12.0,0.0,,5.925,15.0,3.0,2.0,2.0,0.0,2.0,1.0,1.0,0.0,,1.0
7885,0.0,1.0,0.0,Black,0.375,6,11.0,12.0,0.0,,0.316,18.0,2.0,3.0,3.0,3.0,3.0,1.0,2.0,0.0,1.0,0.0
7886,0.0,0.0,1.0,Black,0.375,6,11.0,12.0,0.0,,1.661,0.0,2.0,2.0,0.0,0.0,5.0,5.0,4.0,0.0,0.0,0.0
7887,0.0,0.0,1.0,Black,1.0,4,11.0,,0.0,0.0,23.85,7.0,2.0,2.0,0.0,0.0,5.0,3.0,3.0,0.0,0.0,0.0
7888,0.0,0.0,1.0,Black,1.0,4,11.0,,0.0,0.0,11.472,7.0,2.0,2.0,0.0,0.0,2.0,1.0,1.0,0.0,0.0,0.0
7889,0.0,0.0,0.0,Black,,4,10.0,,,0.0,4.537,5.0,3.0,2.0,0.0,0.0,3.0,2.0,1.0,0.0,0.0,1.0
7890,0.0,0.0,0.0,Black,,4,10.0,,,0.0,6.683,15.0,3.0,3.0,0.0,0.0,5.0,4.0,3.0,0.0,0.0,0.0
7891,0.0,0.0,0.0,Black,0.46,5,14.0,,0.0,0.0,3.341,17.0,2.0,3.0,0.0,0.0,2.0,5.0,4.0,0.0,0.0,0.0
7892,0.0,0.0,1.0,Black,0.46,5,14.0,,0.0,0.0,43.981,0.0,3.0,3.0,0.0,0.0,4.0,3.0,2.0,0.0,0.0,1.0
7893,0.0,0.0,0.0,Black,,7,,,,0.0,8.184,12.0,2.0,2.0,0.0,0.0,4.0,3.0,2.0,0.0,,1.0
7894,1.0,0.0,0.0,Black,1.6,5,11.0,12.0,0.0,,0.204,8.0,3.0,3.0,0.0,3.0,4.0,2.0,1.0,0.0,0.0,1.0
7895,1.0,0.0,1.0,Black,1.45,7,10.0,12.0,0.0,1.0,46.609,10.0,1.0,4.0,0.0,0.0,3.0,2.0,2.0,1.0,,1.0
7896,0.0,,1.0,Black,1.45,7,10.0,12.0,0.0,1.0,40.136,6.0,2.0,3.0,0.0,0.0,4.0,4.0,1.0,1.0,1.0,0.0
7897,0.0,0.0,0.0,Black,0.175,7,9.0,12.0,0.0,0.0,,10.0,2.0,3.0,2.0,0.0,2.0,2.0,2.0,1.0,,1.0
7898,1.0,0.0,0.0,Black,1.45,7,10.0,,0.0,,48.523,4.0,1.0,2.0,1.0,1.0,4.0,1.0,1.0,0.0,0.0,1.0
7899,0.0,0.0,1.0,Black,0.75,4,11.0,10.0,0.0,0.0,5.96,20.0,1.0,2.0,0.0,0.0,1.0,1.0,1.0,0.0,0.0,0.0
7900,0.0,0.0,0.0,Black,0.375,7,12.0,12.0,0.0,0.0,10.177,2.0,2.0,2.0,0.0,1.0,3.0,1.0,5.0,0.0,0.0,1.0
7901,1.0,0.0,1.0,Black,2.25,5,12.0,12.0,0.0,0.0,24.443,3.0,2.0,2.0,0.0,0.0,3.0,1.0,1.0,0.0,0.0,0.0
7902,1.0,0.0,0.0,Black,2.25,5,12.0,12.0,0.0,0.0,8.578,3.0,1.0,2.0,0.0,0.0,3.0,1.0,4.0,0.0,0.0,0.0
7903,0.0,0.0,1.0,Black,5.225,4,14.0,12.0,0.0,0.0,17.58,6.0,4.0,3.0,0.0,6.0,5.0,2.0,3.0,0.0,0.0,0.0
7904,0.0,0.0,1.0,Black,4.905,4,13.0,14.0,0.0,0.0,69.547,2.0,2.0,2.0,0.0,0.0,2.0,2.0,1.0,0.0,0.0,0.0
7905,0.0,1.0,0.0,Black,3.5,5,,12.0,0.0,0.0,2.759,5.0,2.0,2.0,0.0,1.0,1.0,1.0,1.0,0.0,,1.0
7906,0.0,0.0,1.0,Black,,4,12.0,12.0,,0.0,,3.0,1.0,2.0,0.0,0.0,2.0,1.0,1.0,0.0,0.0,0.0
7907,1.0,1.0,1.0,Black,,4,16.0,20.0,,,28.413,2.0,2.0,3.0,0.0,0.0,4.0,4.0,1.0,0.0,,0.0
7908,0.0,0.0,1.0,Black,1.13,6,10.0,11.0,0.0,0.0,2.659,7.0,2.0,2.0,1.0,0.0,2.0,2.0,1.0,1.0,0.0,1.0
7909,0.0,0.0,1.0,Black,1.13,6,,,,0.0,,4.0,1.0,3.0,1.0,0.0,2.0,2.0,2.0,1.0,0.0,0.0
7910,0.0,0.0,0.0,Black,,8,14.0,12.0,0.0,0.0,0.431,3.0,2.0,3.0,0.0,0.0,4.0,3.0,3.0,0.0,,0.0
7911,0.0,0.0,1.0,Black,0.05,7,12.0,12.0,0.0,0.0,9.897,0.0,2.0,3.0,0.0,1.0,4.0,3.0,1.0,0.0,0.0,0.0
7912,0.0,0.0,0.0,Black,0.05,7,12.0,12.0,0.0,0.0,17.087,0.0,2.0,2.0,0.0,0.0,3.0,3.0,2.0,0.0,0.0,1.0
7913,0.0,0.0,0.0,Black,0.875,10,11.0,10.0,0.0,0.0,,0.0,2.0,3.0,0.0,0.0,4.0,3.0,1.0,0.0,,0.0
7914,0.0,0.0,0.0,Black,0.875,10,11.0,10.0,0.0,0.0,,90.0,2.0,4.0,8.0,1.0,5.0,4.0,2.0,0.0,0.0,0.0
7915,1.0,0.0,0.0,Black,,7,11.0,12.0,0.0,,84.777,10.0,2.0,2.0,2.0,3.0,1.0,1.0,3.0,0.0,0.0,0.0
7916,1.0,0.0,0.0,Black,7.375,5,12.0,,0.0,0.0,,0.0,2.0,2.0,0.0,0.0,4.0,2.0,1.0,0.0,,0.0
7917,0.0,0.0,0.0,Black,7.375,5,12.0,,0.0,0.0,,5.0,3.0,4.0,0.0,0.0,4.0,4.0,1.0,0.0,,0.0
7918,0.0,0.0,1.0,Black,20.7351,3,11.0,12.0,0.0,,60.239,0.0,2.0,2.0,0.0,0.0,3.0,5.0,1.0,0.0,,0.0
7919,0.0,0.0,0.0,Black,0.175,5,12.0,12.0,0.0,0.0,0.75,0.0,2.0,4.0,0.0,3.0,2.0,4.0,1.0,0.0,0.0,0.0
7920,0.0,0.0,1.0,Black,0.175,5,12.0,12.0,0.0,0.0,0.385,0.0,1.0,2.0,0.0,0.0,3.0,3.0,1.0,0.0,0.0,1.0
7921,0.0,0.0,0.0,Black,7.175,6,11.0,12.0,0.0,0.0,,7.0,2.0,3.0,0.0,0.0,4.0,3.0,1.0,0.0,,0.0
7923,0.0,0.0,1.0,Hispanic,1.0,4,14.0,16.0,0.0,,8.616,5.0,2.0,2.0,0.0,0.0,2.0,3.0,1.0,0.0,0.0,0.0
7924,0.0,0.0,1.0,Hispanic,,4,,,,0.0,12.988,0.0,2.0,3.0,4.0,0.0,3.0,1.0,2.0,1.0,,0.0
7925,0.0,0.0,1.0,Hispanic,,4,,,,0.0,2.937,56.0,2.0,3.0,1.0,0.0,4.0,4.0,1.0,0.0,,1.0
7926,1.0,0.0,1.0,Hispanic,1.625,2,16.0,16.0,0.0,0.0,35.136,3.0,2.0,2.0,0.0,0.0,1.0,1.0,1.0,0.0,0.0,0.0
7927,1.0,0.0,1.0,Black,0.05,7,13.0,12.0,0.0,0.0,40.394,2.0,2.0,2.0,0.0,0.0,1.0,1.0,1.0,0.0,1.0,0.0
7928,0.0,1.0,0.0,Black,,4,12.0,7.0,0.0,,1.966,6.0,2.0,2.0,0.0,1.0,5.0,5.0,3.0,0.0,0.0,1.0
7929,0.0,0.0,0.0,Black,14.55,5,12.0,13.0,0.0,0.0,16.44,4.0,1.0,2.0,0.0,0.0,1.0,1.0,1.0,0.0,0.0,0.0
7930,0.0,0.0,0.0,Black,14.55,5,,,0.0,1.0,9.963,0.0,2.0,1.0,0.0,0.0,2.0,1.0,1.0,0.0,0.0,0.0
7931,1.0,0.0,1.0,Black,9.06,4,,,0.0,0.0,46.574,0.0,2.0,2.0,0.0,0.0,1.0,3.0,1.0,1.0,0.0,0.0
7932,1.0,0.0,1.0,Black,25.35,3,12.0,12.0,0.0,,75.453,3.0,2.0,4.0,0.0,0.0,1.0,1.0,1.0,1.0,0.0,0.0
7933,1.0,0.0,0.0,Black,,6,12.0,,0.0,,26.175,2.0,3.0,3.0,0.0,0.0,3.0,2.0,1.0,0.0,0.0,0.0
7934,1.0,0.0,0.0,Black,,6,12.0,,0.0,1.0,16.42,0.0,1.0,4.0,0.0,1.0,1.0,1.0,1.0,0.0,0.0,0.0
7935,0.0,0.0,0.0,Black,42.25,3,14.0,12.0,0.0,0.0,16.508,5.0,1.0,1.0,3.0,1.0,1.0,1.0,1.0,0.0,0.0,0.0
7936,1.0,0.0,0.0,Black,,3,16.0,16.0,0.0,0.0,91.113,2.0,1.0,4.0,1.0,0.0,1.0,2.0,1.0,0.0,0.0,0.0
7937,0.0,0.0,1.0,Black,1.5,4,13.0,,0.0,0.0,69.753,7.0,2.0,2.0,0.0,0.0,1.0,2.0,1.0,0.0,0.0,0.0
7938,,,1.0,Black,0.02,2,12.0,,0.0,,,2.0,2.0,1.0,0.0,0.0,,1.0,1.0,0.0,,0.0
7939,0.0,0.0,1.0,Black,,5,12.0,15.0,,0.0,,20.0,2.0,4.0,1.0,0.0,3.0,1.0,1.0,1.0,0.0,1.0
7940,0.0,0.0,0.0,Black,,4,14.0,,0.0,,,2.0,2.0,2.0,0.0,0.0,1.0,1.0,1.0,0.0,,1.0
7941,0.0,0.0,1.0,Black,,4,18.0,16.0,,0.0,50.394,0.0,2.0,2.0,0.0,0.0,4.0,4.0,3.0,0.0,,0.0
7942,1.0,0.0,1.0,Black,,4,12.0,12.0,0.0,0.0,,2.0,3.0,3.0,1.0,0.0,5.0,5.0,,0.0,0.0,0.0
7943,1.0,0.0,0.0,Black,,5,13.0,18.0,0.0,0.0,,2.0,1.0,2.0,0.0,0.0,4.0,4.0,3.0,0.0,1.0,1.0
7944,1.0,0.0,0.0,Black,,5,13.0,18.0,0.0,0.0,,5.0,2.0,3.0,0.0,0.0,1.0,1.0,1.0,0.0,0.0,0.0
7945,0.0,0.0,1.0,Black,13.165,3,14.0,,0.0,0.0,86.516,3.0,2.0,2.0,0.0,1.0,3.0,1.0,1.0,0.0,0.0,0.0
7946,1.0,0.0,1.0,Black,,5,13.0,12.0,0.0,0.0,21.496,2.0,1.0,1.0,0.0,0.0,2.0,2.0,1.0,0.0,0.0,0.0
7947,1.0,0.0,1.0,Black,,5,13.0,12.0,0.0,0.0,48.924,4.0,2.0,4.0,0.0,0.0,5.0,2.0,4.0,1.0,0.0,0.0
7948,1.0,0.0,0.0,Black,,5,13.0,12.0,0.0,0.0,27.322,5.0,2.0,2.0,0.0,0.0,1.0,1.0,1.0,0.0,0.0,0.0
7949,0.0,0.0,0.0,Black,0.375,4,10.0,12.0,0.0,1.0,,7.0,2.0,3.0,0.0,1.0,3.0,3.0,1.0,0.0,,1.0
7950,0.0,0.0,1.0,Black,0.375,4,10.0,11.0,0.0,0.0,12.374,,4.0,4.0,0.0,0.0,4.0,5.0,5.0,0.0,1.0,0.0
7951,1.0,0.0,1.0,Black,0.375,4,10.0,11.0,0.0,0.0,38.058,2.0,1.0,1.0,1.0,0.0,1.0,2.0,1.0,0.0,0.0,0.0
7952,1.0,0.0,0.0,Black,0.75,6,12.0,12.0,0.0,0.0,46.931,30.0,2.0,1.0,5.0,2.0,1.0,1.0,4.0,1.0,1.0,0.0
7953,0.0,0.0,0.0,Black,0.375,5,12.0,12.0,0.0,,6.062,3.0,2.0,2.0,0.0,0.0,3.0,2.0,1.0,0.0,,0.0
7954,1.0,0.0,1.0,Black,,5,14.0,12.0,0.0,1.0,25.659,6.0,2.0,2.0,0.0,0.0,3.0,5.0,1.0,0.0,0.0,0.0
7955,0.0,0.0,0.0,Black,,4,12.0,12.0,,0.0,8.104,10.0,2.0,2.0,0.0,0.0,5.0,5.0,3.0,0.0,0.0,0.0
7956,0.0,0.0,0.0,Black,,4,12.0,12.0,,0.0,20.511,0.0,2.0,2.0,0.0,0.0,2.0,1.0,1.0,0.0,0.0,0.0
7958,1.0,0.0,1.0,Black,1.95,3,12.0,,0.0,1.0,3.486,0.0,2.0,3.0,0.0,0.0,5.0,1.0,1.0,0.0,0.0,0.0
7959,0.0,1.0,1.0,Black,1.75,2,12.0,,1.0,,,13.0,2.0,3.0,0.0,0.0,3.0,4.0,5.0,0.0,0.0,1.0
7960,0.0,0.0,1.0,Black,,4,12.0,12.0,,,,3.0,2.0,2.0,0.0,0.0,2.0,1.0,1.0,0.0,,0.0
7961,0.0,0.0,1.0,Black,2.82,2,12.0,,0.0,0.0,,5.0,1.0,1.0,0.0,0.0,1.0,1.0,,1.0,1.0,0.0
7962,1.0,0.0,1.0,Black,0.7538,6,12.0,10.0,0.0,0.0,11.868,3.0,1.0,3.0,2.0,2.0,2.0,4.0,2.0,0.0,0.0,0.0
7963,1.0,0.0,0.0,Black,1.75,5,12.0,,0.0,1.0,24.204,28.0,1.0,2.0,1.0,3.0,4.0,3.0,1.0,1.0,1.0,1.0
7964,1.0,0.0,1.0,Black,2.25,4,16.0,15.0,0.0,0.0,26.696,5.0,2.0,3.0,0.0,0.0,1.0,2.0,1.0,0.0,0.0,0.0
7965,0.0,0.0,0.0,Black,2.862,6,12.0,,0.0,,26.243,7.0,2.0,2.0,0.0,0.0,1.0,2.0,1.0,1.0,0.0,0.0
7966,0.0,0.0,1.0,Black,0.05,4,12.0,,0.0,0.0,12.149,3.0,2.0,3.0,10.0,0.0,1.0,1.0,1.0,0.0,0.0,0.0
7967,0.0,,0.0,Black,0.425,5,7.0,,0.0,,24.597,9.0,3.0,2.0,0.0,0.0,1.0,1.0,1.0,0.0,,0.0
7968,0.0,0.0,0.0,Hispanic,,4,6.0,11.0,,,12.541,0.0,2.0,1.0,0.0,0.0,1.0,1.0,1.0,0.0,0.0,1.0
7969,0.0,0.0,0.0,Black,10.79,7,14.0,12.0,0.0,0.0,,2.0,2.0,3.0,1.0,0.0,3.0,3.0,2.0,0.0,,0.0
7970,1.0,0.0,0.0,Black,21.75,4,16.0,,0.0,0.0,,1.0,2.0,2.0,0.0,0.0,4.0,3.0,1.0,0.0,,0.0
7971,0.0,0.0,0.0,Black,21.75,4,16.0,,0.0,0.0,,1.0,2.0,2.0,0.0,0.0,3.0,3.0,2.0,0.0,1.0,0.0
7972,0.0,0.0,0.0,Black,11.8,6,14.0,12.0,0.0,0.0,16.208,4.0,2.0,2.0,0.0,0.0,2.0,2.0,1.0,0.0,0.0,0.0
7973,0.0,0.0,0.0,Black,11.8,6,14.0,12.0,0.0,0.0,51.261,2.0,2.0,1.0,0.0,0.0,2.0,1.0,1.0,1.0,1.0,1.0
7974,1.0,0.0,0.0,Black,,3,14.0,12.0,0.0,0.0,,10.0,2.0,2.0,0.0,1.0,4.0,1.0,1.0,0.0,0.0,0.0
7975,0.0,0.0,0.0,Black,17.2,6,,,,,,0.0,4.0,2.0,0.0,0.0,2.0,2.0,3.0,0.0,,
7977,0.0,0.0,1.0,Hispanic,11.8,4,12.0,12.0,0.0,0.0,22.809,14.0,3.0,3.0,3.0,0.0,4.0,5.0,1.0,0.0,0.0,0.0
7978,1.0,0.0,1.0,Black,-1.45,5,13.0,,1.0,1.0,15.142,4.0,2.0,1.0,0.0,0.0,5.0,3.0,4.0,0.0,0.0,0.0
7979,1.0,0.0,1.0,Black,0.725,5,15.0,14.0,0.0,1.0,22.92,3.0,3.0,2.0,0.0,0.0,5.0,3.0,2.0,0.0,1.0,0.0
7980,1.0,0.0,1.0,Black,5.0001,4,12.0,12.0,0.0,0.0,13.677,0.0,3.0,3.0,0.0,0.0,3.0,1.0,1.0,0.0,0.0,0.0
7981,0.0,1.0,0.0,Black,11.85,5,12.0,9.0,0.0,0.0,31.183,0.0,2.0,1.0,0.0,0.0,3.0,4.0,1.0,1.0,0.0,
7982,0.0,1.0,0.0,Black,0.5588,6,,,0.0,0.0,,1.0,2.0,2.0,0.0,3.0,4.0,4.0,4.0,0.0,0.0,1.0
7983,0.0,0.0,0.0,Black,0.995,5,10.0,,0.0,0.0,3.802,3.0,2.0,2.0,0.0,0.0,5.0,3.0,5.0,0.0,0.0,1.0
7984,0.0,0.0,0.0,Black,0.995,5,10.0,,0.0,0.0,17.826,9.0,2.0,3.0,0.0,1.0,1.0,1.0,2.0,1.0,0.0,0.0
7985,0.0,0.0,1.0,Black,1.975,8,12.0,,0.0,0.0,34.458,0.0,2.0,1.0,0.0,0.0,1.0,1.0,1.0,0.0,0.0,0.0
7986,0.0,0.0,1.0,Black,,5,11.0,12.0,,0.0,38.695,3.0,2.0,3.0,15.0,0.0,2.0,2.0,2.0,0.0,0.0,0.0
7987,1.0,0.0,1.0,Black,,5,11.0,12.0,,1.0,38.291,0.0,2.0,1.0,0.0,0.0,1.0,2.0,1.0,0.0,0.0,0.0
7988,1.0,0.0,0.0,Black,,5,11.0,12.0,,,32.598,0.0,3.0,1.0,1.0,0.0,1.0,1.0,1.0,0.0,0.0,0.0
7989,1.0,0.0,1.0,Black,0.4,4,12.0,,0.0,0.0,9.64,1.0,3.0,4.0,0.0,1.0,2.0,4.0,5.0,0.0,0.0,0.0
7990,0.0,,0.0,Black,0.575,3,16.0,12.0,0.0,,,10.0,2.0,2.0,2.0,1.0,5.0,4.0,2.0,1.0,1.0,1.0
7991,0.0,0.0,0.0,Black,0.075,5,12.0,12.0,0.0,,,7.0,2.0,2.0,0.0,1.0,2.0,3.0,1.0,0.0,,0.0
7992,1.0,0.0,1.0,Black,,6,11.0,,0.0,0.0,51.221,0.0,2.0,2.0,0.0,0.0,2.0,1.0,1.0,0.0,0.0,0.0
7993,0.0,0.0,0.0,Black,0.05,3,6.0,3.0,0.0,0.0,6.682,5.0,2.0,2.0,3.0,2.0,1.0,1.0,1.0,0.0,0.0,1.0
7994,0.0,0.0,0.0,Black,0.05,3,6.0,3.0,0.0,0.0,8.008,5.0,1.0,2.0,3.0,2.0,1.0,1.0,1.0,0.0,0.0,0.0
7995,1.0,1.0,1.0,Black,10.755,5,16.0,15.0,0.0,0.0,28.416,4.0,3.0,4.0,0.0,0.0,1.0,2.0,1.0,1.0,0.0,0.0
7996,1.0,0.0,1.0,Black,13.4991,4,16.0,,0.0,,22.416,6.0,2.0,2.0,1.0,1.0,1.0,1.0,1.0,0.0,0.0,0.0
7997,0.0,0.0,0.0,Black,,5,11.0,12.0,0.0,,22.962,0.0,2.0,4.0,10.0,0.0,2.0,1.0,1.0,0.0,0.0,0.0
7998,0.0,0.0,0.0,Black,,5,11.0,12.0,0.0,0.0,0.245,0.0,2.0,3.0,0.0,1.0,1.0,1.0,1.0,0.0,0.0,1.0
7999,0.0,0.0,1.0,Black,0.75,6,13.0,16.0,0.0,,,0.0,2.0,4.0,0.0,1.0,5.0,1.0,1.0,0.0,1.0,0.0
8000,0.0,0.0,1.0,Black,1.62,6,12.0,,1.0,0.0,4.058,10.0,3.0,4.0,1.0,0.0,5.0,4.0,5.0,0.0,0.0,0.0
8001,0.0,0.0,0.0,Black,1.62,6,12.0,,1.0,0.0,11.562,7.0,3.0,2.0,1.0,0.0,3.0,3.0,4.0,0.0,,0.0
8002,0.0,0.0,0.0,Black,7.875,4,9.0,9.0,0.0,,,0.0,1.0,1.0,1.0,1.0,1.0,1.0,1.0,1.0,0.0,0.0
8003,0.0,0.0,0.0,Black,1.73,3,11.0,,0.0,0.0,10.236,5.0,2.0,3.0,0.0,3.0,3.0,2.0,1.0,0.0,0.0,0.0
8004,1.0,0.0,0.0,Black,1.73,3,11.0,12.0,0.0,0.0,18.168,1.0,2.0,2.0,0.0,0.0,1.0,1.0,2.0,0.0,0.0,0.0
8005,1.0,0.0,0.0,Black,,2,11.0,10.0,0.0,0.0,,1.0,1.0,3.0,0.0,1.0,3.0,1.0,3.0,0.0,0.0,0.0
8006,0.0,0.0,1.0,Black,-1.485,4,12.0,12.0,0.0,0.0,16.133,1.0,2.0,2.0,1.0,1.0,1.0,1.0,1.0,0.0,0.0,0.0
8007,1.0,0.0,1.0,Black,,5,12.0,12.0,0.0,0.0,22.39,0.0,2.0,2.0,0.0,1.0,4.0,1.0,1.0,0.0,,0.0
8008,1.0,0.0,1.0,Black,0.345,5,14.0,13.0,0.0,0.0,48.173,0.0,3.0,2.0,0.0,0.0,3.0,1.0,1.0,0.0,0.0,0.0
8009,1.0,0.0,1.0,Black,0.345,5,14.0,13.0,0.0,0.0,4.335,4.0,3.0,3.0,0.0,0.0,2.0,2.0,1.0,0.0,0.0,0.0
8010,0.0,0.0,1.0,Black,0.05,3,12.0,,0.0,0.0,23.213,0.0,2.0,2.0,0.0,0.0,3.0,1.0,3.0,0.0,0.0,0.0
8011,1.0,1.0,1.0,Black,0.05,3,15.0,13.0,0.0,0.0,56.108,3.0,2.0,4.0,1.0,0.0,5.0,4.0,2.0,1.0,1.0,0.0
8012,1.0,0.0,1.0,Black,4.47,4,8.0,11.0,0.0,0.0,24.39,3.0,2.0,2.0,0.0,0.0,4.0,1.0,1.0,0.0,0.0,0.0
8013,0.0,0.0,1.0,Black,0.75,3,10.0,12.0,0.0,0.0,5.493,2.0,2.0,3.0,1.0,0.0,1.0,1.0,2.0,0.0,0.0,1.0
8014,1.0,0.0,1.0,Black,2.2,7,,,0.0,1.0,22.086,4.0,1.0,1.0,0.0,1.0,5.0,5.0,3.0,0.0,0.0,0.0
8015,0.0,0.0,0.0,Black,2.2,7,,8.0,0.0,0.0,,32.0,1.0,4.0,10.0,0.0,5.0,4.0,3.0,1.0,0.0,1.0
8016,0.0,0.0,0.0,Black,6.55,5,12.0,12.0,0.0,,8.632,5.0,2.0,1.0,0.0,0.0,5.0,3.0,4.0,0.0,,0.0
8017,1.0,0.0,1.0,Black,6.55,5,12.0,12.0,0.0,0.0,11.831,1.0,1.0,2.0,0.0,0.0,2.0,1.0,3.0,0.0,,0.0
8018,0.0,0.0,1.0,Black,0.305,7,12.0,,0.0,0.0,0.94,3.0,1.0,4.0,0.0,0.0,5.0,3.0,4.0,0.0,0.0,0.0
8019,0.0,0.0,1.0,Black,0.305,7,12.0,,0.0,0.0,5.416,5.0,2.0,4.0,1.0,1.0,3.0,1.0,5.0,1.0,0.0,0.0
8020,1.0,0.0,1.0,Black,,8,12.0,,0.0,0.0,42.007,10.0,3.0,2.0,0.0,1.0,2.0,1.0,5.0,0.0,0.0,0.0
8021,1.0,0.0,1.0,Black,,8,12.0,12.0,0.0,0.0,12.75,15.0,2.0,2.0,0.0,0.0,4.0,3.0,4.0,0.0,0.0,0.0
8022,0.0,0.0,1.0,Black,,4,16.0,9.0,0.0,0.0,,2.0,3.0,3.0,0.0,0.0,1.0,5.0,4.0,0.0,0.0,0.0
8023,0.0,0.0,1.0,Black,0.375,3,12.0,,0.0,0.0,,4.0,2.0,4.0,0.0,0.0,1.0,1.0,2.0,0.0,0.0,0.0
8024,1.0,0.0,1.0,Black,,4,16.0,14.0,0.0,,48.543,0.0,2.0,3.0,0.0,0.0,1.0,1.0,1.0,0.0,0.0,0.0
8025,1.0,0.0,0.0,Black,,4,16.0,14.0,0.0,,40.864,5.0,2.0,2.0,0.0,0.0,4.0,3.0,2.0,0.0,0.0,0.0
8026,0.0,0.0,0.0,Black,3.375,2,11.0,14.0,0.0,0.0,1.518,30.0,2.0,4.0,0.0,5.0,1.0,1.0,,0.0,0.0,0.0
8027,0.0,0.0,1.0,Black,-0.55,5,12.0,12.0,0.0,0.0,0.246,9.0,2.0,2.0,0.0,0.0,5.0,5.0,5.0,0.0,0.0,0.0
8028,0.0,0.0,0.0,Black,0.225,6,11.0,11.0,0.0,0.0,11.049,3.0,2.0,2.0,0.0,0.0,3.0,3.0,2.0,0.0,0.0,0.0
8029,0.0,0.0,0.0,Black,0.225,6,11.0,,0.0,0.0,0.0,2.0,2.0,2.0,0.0,4.0,1.0,1.0,1.0,0.0,0.0,0.0
8030,0.0,0.0,1.0,Black,0.575,3,12.0,12.0,0.0,0.0,,3.0,2.0,2.0,0.0,0.0,1.0,1.0,1.0,0.0,0.0,0.0
8031,0.0,0.0,0.0,Black,,11,11.0,12.0,0.0,0.0,19.348,,3.0,2.0,5.0,3.0,2.0,1.0,1.0,0.0,,0.0
8032,0.0,0.0,0.0,Black,,11,11.0,12.0,0.0,,55.132,12.0,4.0,4.0,0.0,0.0,3.0,2.0,4.0,0.0,,0.0
8033,1.0,0.0,1.0,Black,,11,11.0,12.0,0.0,0.0,11.839,14.0,2.0,2.0,3.0,2.0,1.0,1.0,1.0,0.0,0.0,0.0
8034,1.0,1.0,0.0,Black,5.3,4,12.0,12.0,0.0,0.0,66.274,5.0,2.0,3.0,0.0,1.0,3.0,2.0,1.0,0.0,,0.0
8035,1.0,0.0,0.0,Black,,4,13.0,12.0,0.0,0.0,,2.0,2.0,1.0,0.0,1.0,4.0,3.0,4.0,1.0,0.0,0.0
8036,0.0,0.0,0.0,Black,,6,8.0,,0.0,,,7.0,3.0,4.0,1.0,0.0,5.0,2.0,1.0,0.0,0.0,0.0
8037,0.0,0.0,1.0,Black,0.75,3,11.0,12.0,0.0,0.0,0.518,3.0,2.0,3.0,1.0,0.0,3.0,2.0,1.0,0.0,0.0,1.0
8038,1.0,0.0,0.0,Black,3.2,5,15.0,13.0,1.0,0.0,46.797,2.0,1.0,1.0,0.0,0.0,1.0,1.0,2.0,0.0,0.0,0.0
8039,1.0,0.0,1.0,Black,2.0,3,12.0,13.0,0.0,0.0,13.285,3.0,4.0,1.0,0.0,0.0,5.0,5.0,4.0,0.0,0.0,0.0
8040,0.0,0.0,0.0,Black,5.85,3,10.0,10.0,0.0,0.0,,0.0,2.0,2.0,0.0,1.0,1.0,1.0,2.0,1.0,0.0,0.0
8041,0.0,0.0,0.0,Black,0.325,3,10.0,11.0,0.0,,,2.0,2.0,3.0,0.0,0.0,3.0,3.0,4.0,0.0,0.0,0.0
8042,0.0,0.0,0.0,Black,0.775,2,16.0,,0.0,,15.621,3.0,2.0,2.0,0.0,0.0,4.0,2.0,1.0,0.0,0.0,1.0
8043,1.0,0.0,0.0,Black,0.25,4,12.0,,0.0,0.0,,0.0,2.0,1.0,1.0,0.0,4.0,3.0,1.0,0.0,0.0,0.0
8044,1.0,0.0,1.0,Black,0.75,3,11.0,,0.0,1.0,,6.0,2.0,4.0,0.0,0.0,2.0,1.0,1.0,0.0,0.0,0.0
8045,0.0,0.0,0.0,Black,0.75,3,11.0,,0.0,0.0,,3.0,2.0,2.0,0.0,1.0,5.0,1.0,5.0,0.0,1.0,1.0
8046,0.0,0.0,0.0,Black,3.85,6,11.0,10.0,0.0,0.0,9.052,5.0,1.0,2.0,0.0,0.0,1.0,2.0,1.0,,0.0,0.0
8047,0.0,0.0,0.0,Black,3.85,6,11.0,10.0,0.0,0.0,10.045,3.0,2.0,2.0,0.0,0.0,1.0,1.0,1.0,0.0,0.0,0.0
8048,0.0,0.0,1.0,Black,3.85,6,11.0,10.0,0.0,0.0,5.115,0.0,2.0,3.0,0.0,1.0,2.0,1.0,1.0,,0.0,0.0
8049,0.0,0.0,0.0,Black,1.75,2,11.0,,0.0,,,0.0,2.0,2.0,0.0,0.0,4.0,1.0,3.0,1.0,0.0,0.0
8050,1.0,0.0,0.0,Black,8.65,6,12.0,16.0,0.0,0.0,21.874,1.0,2.0,2.0,0.0,0.0,2.0,2.0,1.0,0.0,,0.0
8051,0.0,0.0,0.0,Black,0.23,6,13.0,12.0,0.0,,49.44,,3.0,2.0,3.0,4.0,5.0,3.0,4.0,0.0,0.0,1.0
8052,0.0,0.0,0.0,Black,0.1,4,9.0,,0.0,0.0,,5.0,2.0,2.0,0.0,1.0,2.0,4.0,3.0,0.0,0.0,0.0
8053,1.0,0.0,0.0,Black,0.1,4,9.0,,0.0,,12.016,3.0,2.0,3.0,1.0,2.0,1.0,1.0,5.0,1.0,0.0,0.0
8054,0.0,0.0,1.0,Black,2.33,6,,12.0,0.0,0.0,,4.0,2.0,3.0,0.0,0.0,2.0,2.0,2.0,0.0,,0.0
8055,1.0,0.0,0.0,Black,5.4,5,12.0,11.0,0.0,0.0,20.424,6.0,2.0,3.0,0.0,0.0,2.0,2.0,1.0,0.0,1.0,0.0
8056,1.0,0.0,1.0,Black,5.4,5,12.0,11.0,0.0,0.0,44.694,3.0,2.0,2.0,0.0,0.0,1.0,1.0,2.0,0.0,0.0,0.0
8057,0.0,0.0,0.0,Black,-0.975,4,14.0,12.0,0.0,1.0,1.141,2.0,3.0,3.0,2.0,2.0,2.0,1.0,2.0,1.0,0.0,0.0
8058,0.0,0.0,0.0,Black,,4,12.0,,,,,5.0,2.0,3.0,0.0,0.0,2.0,2.0,1.0,0.0,,0.0
8059,0.0,0.0,0.0,Black,1.175,4,9.0,6.0,0.0,0.0,42.635,10.0,2.0,2.0,0.0,1.0,4.0,5.0,3.0,0.0,0.0,0.0
8060,0.0,0.0,1.0,Black,0.05,6,11.0,11.0,0.0,,10.267,4.0,2.0,2.0,0.0,0.0,4.0,2.0,1.0,0.0,0.0,0.0
8061,0.0,0.0,1.0,Black,6.25,4,14.0,,1.0,,,11.0,2.0,1.0,0.0,0.0,1.0,3.0,1.0,0.0,0.0,0.0
8062,0.0,0.0,0.0,Hispanic,0.375,3,14.0,,0.0,,0.822,3.0,2.0,2.0,12.0,2.0,4.0,4.0,3.0,1.0,,0.0
8063,0.0,0.0,0.0,Black,0.57,8,10.0,,0.0,,,,4.0,4.0,,,1.0,4.0,5.0,0.0,0.0,0.0
8064,0.0,0.0,1.0,Black,0.57,8,9.0,12.0,0.0,1.0,,5.0,2.0,2.0,0.0,0.0,3.0,5.0,1.0,0.0,0.0,0.0
8065,0.0,0.0,0.0,Black,3.381,3,11.0,,0.0,1.0,,,2.0,3.0,0.0,0.0,2.0,2.0,2.0,0.0,0.0,0.0
8066,0.0,0.0,1.0,Black,0.05,3,11.0,,0.0,0.0,1.098,2.0,1.0,1.0,0.0,0.0,2.0,4.0,2.0,0.0,0.0,1.0
8067,0.0,0.0,1.0,Black,0.05,3,11.0,12.0,0.0,,2.007,2.0,3.0,3.0,1.0,3.0,1.0,1.0,4.0,1.0,0.0,1.0
8068,1.0,,1.0,Black,0.5955,5,12.0,,0.0,,42.357,0.0,2.0,3.0,0.0,0.0,2.0,3.0,1.0,0.0,,0.0
8069,0.0,0.0,1.0,Black,25.4201,2,12.0,12.0,0.0,0.0,29.162,5.0,2.0,2.0,0.0,0.0,4.0,4.0,1.0,0.0,0.0,0.0
8070,1.0,,1.0,Black,3.5,5,12.0,12.0,0.0,,82.038,0.0,2.0,2.0,0.0,0.0,2.0,4.0,1.0,1.0,,1.0
8071,1.0,0.0,0.0,Black,3.5,5,12.0,12.0,0.0,0.0,27.904,0.0,2.0,2.0,0.0,0.0,4.0,3.0,2.0,0.0,0.0,0.0
8072,0.0,0.0,0.0,Black,6.05,3,16.0,14.0,0.0,,35.626,0.0,2.0,3.0,2.0,0.0,4.0,2.0,2.0,0.0,,0.0
8073,,,0.0,Black,6.05,3,16.0,16.0,0.0,,13.548,15.0,3.0,2.0,1.0,0.0,2.0,,1.0,0.0,,0.0
8074,0.0,1.0,1.0,Black,5.75,3,12.0,12.0,0.0,,,6.0,3.0,3.0,0.0,0.0,3.0,1.0,1.0,0.0,0.0,0.0
8075,,,1.0,Black,1.0,6,,,0.0,,,1.0,2.0,2.0,0.0,0.0,1.0,,,0.0,,0.0
8076,0.0,0.0,0.0,Black,3.65,6,12.0,12.0,0.0,,,0.0,3.0,4.0,0.0,2.0,3.0,5.0,4.0,0.0,0.0,0.0
8077,1.0,0.0,0.0,Black,8.6,3,12.0,,0.0,0.0,67.422,2.0,2.0,2.0,1.0,0.0,1.0,,,0.0,0.0,0.0
8078,0.0,0.0,0.0,Black,1.45,5,14.0,12.0,0.0,0.0,44.982,2.0,2.0,3.0,0.0,0.0,4.0,1.0,1.0,0.0,0.0,0.0
8079,0.0,0.0,1.0,Black,1.45,3,11.0,12.0,0.0,1.0,32.087,2.0,1.0,1.0,10.0,1.0,4.0,2.0,3.0,0.0,0.0,0.0
8080,1.0,0.0,1.0,Black,2.87,4,12.0,12.0,0.0,1.0,29.762,2.0,2.0,2.0,0.0,0.0,4.0,4.0,3.0,0.0,,0.0
8081,1.0,0.0,1.0,Black,,5,12.0,12.0,0.0,0.0,90.74,4.0,2.0,2.0,0.0,0.0,2.0,4.0,2.0,0.0,0.0,0.0
8082,0.0,0.0,1.0,Black,,5,12.0,12.0,,0.0,88.903,5.0,2.0,3.0,0.0,0.0,3.0,2.0,1.0,1.0,0.0,0.0
8083,1.0,0.0,1.0,Hispanic,0.25,4,13.0,14.0,0.0,0.0,,6.0,1.0,1.0,0.0,0.0,1.0,1.0,1.0,0.0,0.0,0.0
8084,1.0,0.0,1.0,Black,0.495,6,12.0,,1.0,0.0,27.468,2.0,1.0,1.0,0.0,0.0,1.0,1.0,1.0,0.0,0.0,0.0
8085,0.0,0.0,1.0,Black,0.495,6,12.0,11.0,0.0,0.0,4.484,2.0,2.0,1.0,1.0,0.0,4.0,4.0,2.0,0.0,0.0,0.0
8086,1.0,0.0,1.0,Black,0.295,4,11.0,12.0,0.0,0.0,64.03,12.0,1.0,1.0,0.0,0.0,3.0,2.0,1.0,0.0,0.0,0.0
8087,0.0,0.0,0.0,Hispanic,0.175,5,12.0,11.0,0.0,1.0,83.985,5.0,1.0,1.0,0.0,0.0,1.0,1.0,1.0,0.0,1.0,0.0
8088,0.0,0.0,0.0,Black,,4,13.0,12.0,0.0,0.0,13.799,6.0,2.0,2.0,0.0,3.0,3.0,3.0,2.0,0.0,0.0,0.0
8089,0.0,0.0,1.0,Black,1.075,6,,12.0,0.0,0.0,11.143,1.0,2.0,2.0,2.0,1.0,1.0,1.0,2.0,0.0,0.0,0.0
8090,0.0,0.0,0.0,Black,0.175,3,11.0,12.0,1.0,1.0,7.047,7.0,4.0,1.0,1.0,3.0,1.0,1.0,1.0,1.0,1.0,1.0
8091,1.0,0.0,1.0,Hispanic,0.175,5,9.0,,1.0,1.0,9.95,,2.0,2.0,2.0,0.0,4.0,5.0,1.0,1.0,1.0,0.0
8092,0.0,0.0,1.0,Hispanic,0.05,6,8.0,7.0,1.0,1.0,13.983,,3.0,2.0,,,3.0,3.0,3.0,0.0,0.0,0.0
8093,0.0,0.0,1.0,Hispanic,0.05,6,8.0,7.0,1.0,1.0,,5.0,1.0,1.0,0.0,0.0,1.0,2.0,1.0,0.0,0.0,1.0
8094,0.0,0.0,0.0,Hispanic,0.05,6,8.0,7.0,1.0,1.0,,6.0,4.0,3.0,0.0,0.0,2.0,2.0,1.0,0.0,0.0,1.0
8095,0.0,0.0,1.0,Hispanic,0.05,3,8.0,,0.0,0.0,17.391,,2.0,2.0,,,5.0,3.0,4.0,1.0,0.0,0.0
8096,1.0,0.0,1.0,Black,0.45,5,12.0,,0.0,,28.105,5.0,2.0,3.0,99.0,40.0,2.0,1.0,3.0,0.0,0.0,0.0
8097,0.0,0.0,1.0,Black,,6,12.0,,0.0,0.0,25.13,5.0,3.0,4.0,0.0,0.0,3.0,3.0,1.0,0.0,0.0,0.0
8098,1.0,0.0,1.0,Black,,6,12.0,,0.0,0.0,54.789,10.0,2.0,3.0,1.0,0.0,3.0,1.0,1.0,0.0,0.0,0.0
8099,0.0,0.0,0.0,Black,1.75,4,12.0,,0.0,1.0,5.697,7.0,1.0,2.0,0.0,0.0,2.0,1.0,1.0,0.0,0.0,0.0
8100,1.0,0.0,0.0,Hispanic,0.05,2,11.0,,0.0,,,9.0,1.0,3.0,0.0,2.0,,,1.0,0.0,0.0,0.0
8101,0.0,0.0,0.0,Hispanic,7.25,6,10.0,12.0,0.0,0.0,5.674,1.0,2.0,2.0,5.0,10.0,1.0,1.0,1.0,1.0,,1.0
8102,0.0,0.0,0.0,Hispanic,0.749,3,16.0,8.0,0.0,0.0,55.929,3.0,2.0,1.0,0.0,0.0,4.0,3.0,2.0,1.0,,1.0
8103,0.0,0.0,1.0,Hispanic,,3,12.0,14.0,,,68.089,5.0,2.0,2.0,0.0,0.0,1.0,1.0,1.0,0.0,1.0,0.0
8104,1.0,0.0,0.0,Black,,5,,,,0.0,,0.0,2.0,2.0,3.0,5.0,1.0,2.0,2.0,1.0,0.0,1.0
8105,0.0,0.0,0.0,Hispanic,-0.205,5,12.0,13.0,1.0,0.0,23.798,3.0,2.0,1.0,0.0,1.0,3.0,2.0,2.0,0.0,0.0,0.0
8106,0.0,0.0,1.0,Hispanic,-0.205,5,12.0,13.0,1.0,0.0,24.446,11.0,2.0,1.0,1.0,1.0,5.0,5.0,1.0,0.0,0.0,0.0
8107,1.0,0.0,1.0,Hispanic,,4,8.0,6.0,,0.0,98.937,0.0,1.0,4.0,0.0,0.0,2.0,1.0,1.0,0.0,0.0,0.0
8108,0.0,0.0,0.0,Hispanic,1.53,4,14.0,12.0,0.0,,65.989,2.0,2.0,2.0,0.0,0.0,2.0,2.0,1.0,0.0,,0.0
8109,0.0,0.0,0.0,Hispanic,0.175,3,4.0,6.0,0.0,0.0,15.441,2.0,2.0,2.0,5.0,0.0,1.0,1.0,2.0,0.0,,1.0
8110,0.0,,0.0,Hispanic,0.3755,7,6.0,4.0,0.0,,3.015,1.0,2.0,2.0,0.0,0.0,1.0,2.0,4.0,0.0,,0.0
8111,1.0,0.0,1.0,Hispanic,0.3755,7,6.0,4.0,0.0,0.0,33.623,1.0,2.0,3.0,0.0,0.0,1.0,1.0,2.0,0.0,0.0,0.0
8112,1.0,0.0,1.0,Hispanic,0.275,4,15.0,,0.0,,76.478,0.0,2.0,1.0,1.0,1.0,1.0,1.0,1.0,0.0,0.0,0.0
8113,1.0,0.0,1.0,Hispanic,0.675,4,15.0,14.0,0.0,0.0,24.281,6.0,2.0,2.0,0.0,0.0,4.0,3.0,1.0,0.0,0.0,0.0
8114,1.0,0.0,1.0,Hispanic,0.675,4,15.0,14.0,0.0,0.0,40.622,0.0,2.0,3.0,1.0,0.0,4.0,2.0,1.0,1.0,0.0,0.0
8115,1.0,0.0,1.0,Hispanic,2.45,4,14.0,16.0,0.0,0.0,72.124,2.0,2.0,2.0,0.0,0.0,1.0,1.0,1.0,0.0,0.0,0.0
8116,1.0,0.0,1.0,Hispanic,13.85,6,20.0,15.0,0.0,0.0,62.873,4.0,1.0,2.0,1.0,0.0,4.0,3.0,1.0,0.0,,0.0
8117,1.0,0.0,1.0,Black,-0.515,5,15.0,,1.0,,7.855,5.0,2.0,2.0,0.0,0.0,1.0,1.0,1.0,0.0,0.0,0.0
8118,0.0,0.0,1.0,Black,-0.3,5,12.0,12.0,0.0,0.0,65.143,0.0,2.0,2.0,0.0,0.0,1.0,1.0,1.0,0.0,0.0,0.0
8119,1.0,0.0,1.0,Black,0.305,3,12.0,10.0,0.0,,24.421,1.0,2.0,2.0,0.0,0.0,5.0,5.0,4.0,0.0,0.0,0.0
8120,1.0,0.0,1.0,Black,0.205,5,12.0,12.0,0.0,0.0,3.787,6.0,2.0,2.0,0.0,0.0,3.0,2.0,2.0,0.0,0.0,0.0
8121,0.0,0.0,1.0,Black,2.1796,3,10.0,14.0,0.0,0.0,34.225,2.0,3.0,3.0,0.0,0.0,4.0,4.0,3.0,0.0,0.0,0.0
8122,1.0,0.0,1.0,Black,1.85,6,12.0,12.0,0.0,1.0,,4.0,1.0,3.0,1.0,1.0,3.0,1.0,2.0,0.0,0.0,0.0
8123,1.0,0.0,1.0,Black,1.85,6,12.0,12.0,0.0,0.0,,5.0,2.0,2.0,0.0,0.0,4.0,3.0,1.0,0.0,0.0,0.0
8124,0.0,0.0,0.0,Black,0.05,4,12.0,,0.0,,10.071,2.0,1.0,1.0,0.0,0.0,5.0,3.0,1.0,0.0,0.0,0.0
8125,0.0,0.0,1.0,Black,0.05,4,12.0,,0.0,0.0,28.494,1.0,2.0,2.0,1.0,1.0,4.0,1.0,2.0,0.0,0.0,0.0
8126,0.0,0.0,0.0,Black,,3,16.0,16.0,0.0,0.0,,5.0,2.0,2.0,0.0,0.0,3.0,2.0,1.0,0.0,,0.0
8127,0.0,0.0,1.0,Black,0.185,6,12.0,12.0,0.0,0.0,43.345,0.0,2.0,1.0,0.0,0.0,2.0,2.0,1.0,0.0,,0.0
8128,0.0,0.0,1.0,Black,-0.05,4,12.0,12.0,0.0,1.0,,7.0,2.0,2.0,0.0,0.0,3.0,3.0,3.0,1.0,,0.0
8129,0.0,0.0,0.0,Black,,5,12.0,12.0,,0.0,18.174,7.0,2.0,3.0,0.0,0.0,5.0,4.0,1.0,0.0,0.0,0.0
8130,0.0,0.0,0.0,Hispanic,,5,11.0,,,,39.243,14.0,2.0,1.0,0.0,1.0,2.0,1.0,2.0,0.0,0.0,0.0
8131,1.0,0.0,1.0,Hispanic,0.3744,4,10.0,12.0,0.0,0.0,23.616,8.0,2.0,2.0,0.0,0.0,5.0,5.0,5.0,0.0,1.0,0.0
8132,0.0,0.0,0.0,Hispanic,0.0501,6,9.0,10.0,0.0,,19.131,0.0,1.0,2.0,0.0,1.0,2.0,1.0,2.0,0.0,0.0,0.0
8133,0.0,0.0,1.0,Hispanic,0.0501,6,9.0,10.0,0.0,0.0,10.839,4.0,1.0,2.0,0.0,0.0,1.0,3.0,1.0,0.0,0.0,1.0
8134,0.0,0.0,1.0,Hispanic,0.05,3,12.0,16.0,0.0,,6.507,5.0,2.0,2.0,0.0,0.0,1.0,1.0,1.0,0.0,0.0,0.0
8135,0.0,0.0,0.0,Hispanic,0.05,3,12.0,16.0,0.0,,20.588,5.0,2.0,2.0,0.0,0.0,3.0,3.0,2.0,0.0,0.0,0.0
8136,1.0,0.0,0.0,Hispanic,-0.025,4,7.0,11.0,0.0,,22.587,2.0,2.0,2.0,0.0,0.0,2.0,1.0,2.0,0.0,0.0,0.0
8137,0.0,0.0,0.0,Hispanic,0.25,6,12.0,6.0,0.0,1.0,10.073,12.0,3.0,4.0,1.0,0.0,3.0,3.0,2.0,0.0,,1.0
8138,0.0,0.0,0.0,Hispanic,0.25,6,12.0,6.0,0.0,1.0,19.314,10.0,2.0,4.0,0.0,1.0,3.0,3.0,2.0,0.0,1.0,0.0
8139,1.0,0.0,1.0,Hispanic,0.25,6,12.0,13.0,0.0,0.0,5.542,7.0,2.0,3.0,2.0,0.0,2.0,2.0,2.0,0.0,0.0,1.0
8140,1.0,0.0,1.0,Black,-0.084,2,13.0,13.0,0.0,0.0,46.756,1.0,1.0,3.0,1.0,0.0,4.0,4.0,2.0,0.0,0.0,0.0
8141,0.0,0.0,1.0,Black,2.6,5,13.0,12.0,0.0,0.0,62.844,3.0,2.0,1.0,0.0,0.0,2.0,1.0,3.0,0.0,,0.0
8142,0.0,0.0,0.0,Hispanic,0.225,6,5.0,3.0,0.0,,6.568,12.0,2.0,3.0,0.0,0.0,3.0,2.0,1.0,0.0,0.0,0.0
8143,0.0,0.0,1.0,Hispanic,0.225,6,5.0,3.0,0.0,0.0,9.931,7.0,2.0,2.0,0.0,0.0,1.0,1.0,2.0,0.0,0.0,0.0
8144,0.0,0.0,1.0,Hispanic,0.225,6,5.0,3.0,0.0,1.0,,11.0,2.0,3.0,0.0,0.0,2.0,2.0,1.0,0.0,0.0,0.0
8145,0.0,,0.0,Black,0.75,3,9.0,12.0,0.0,,0.711,,3.0,3.0,0.0,1.0,2.0,1.0,1.0,0.0,,1.0
8146,0.0,0.0,1.0,Black,,4,12.0,12.0,,0.0,,2.0,2.0,1.0,0.0,0.0,1.0,1.0,1.0,0.0,0.0,0.0
8147,0.0,0.0,1.0,Black,0.05,5,10.0,,0.0,1.0,2.477,,2.0,2.0,0.0,1.0,2.0,2.0,2.0,0.0,0.0,0.0
8148,0.0,0.0,0.0,Black,1.7963,3,13.0,,0.0,0.0,63.433,,,,,,5.0,1.0,1.0,0.0,0.0,0.0
8149,1.0,0.0,0.0,Black,,4,16.0,14.0,0.0,0.0,45.328,1.0,2.0,2.0,0.0,0.0,3.0,2.0,1.0,0.0,0.0,1.0
8150,1.0,0.0,0.0,Black,4.15,4,12.0,,0.0,0.0,10.989,2.0,2.0,1.0,0.0,0.0,4.0,4.0,3.0,0.0,0.0,0.0
8151,1.0,0.0,0.0,Black,4.15,4,12.0,,0.0,0.0,19.439,3.0,2.0,3.0,0.0,0.0,4.0,4.0,2.0,0.0,1.0,0.0
8152,1.0,0.0,0.0,Black,4.65,5,,,0.0,0.0,54.179,2.0,1.0,2.0,0.0,0.0,1.0,1.0,1.0,0.0,0.0,0.0
8153,1.0,0.0,0.0,Black,4.65,5,,,0.0,0.0,23.679,1.0,1.0,1.0,0.0,1.0,1.0,1.0,1.0,0.0,0.0,0.0
8154,0.0,0.0,0.0,Black,,4,,,0.0,0.0,19.772,2.0,2.0,2.0,2.0,0.0,2.0,2.0,2.0,0.0,0.0,0.0
8155,1.0,0.0,1.0,Hispanic,0.05,5,8.0,9.0,0.0,0.0,44.88,4.0,3.0,3.0,0.0,0.0,1.0,1.0,1.0,1.0,0.0,0.0
8156,0.0,0.0,0.0,Hispanic,0.4451,4,12.0,8.0,0.0,1.0,12.828,8.0,2.0,2.0,0.0,3.0,5.0,4.0,1.0,0.0,0.0,1.0
8157,0.0,0.0,0.0,Hispanic,0.4451,4,12.0,8.0,0.0,0.0,15.755,3.0,2.0,2.0,0.0,0.0,5.0,4.0,5.0,0.0,0.0,0.0
8158,0.0,0.0,0.0,Hispanic,1.125,5,5.0,5.0,0.0,0.0,0.53,0.0,2.0,2.0,0.0,0.0,2.0,1.0,1.0,0.0,0.0,0.0
8159,0.0,0.0,0.0,Hispanic,,3,12.0,12.0,,1.0,,22.0,2.0,3.0,0.0,0.0,4.0,3.0,1.0,0.0,1.0,0.0
8160,1.0,0.0,0.0,Hispanic,0.75,4,16.0,8.0,0.0,0.0,34.453,3.0,2.0,2.0,0.0,0.0,1.0,1.0,1.0,0.0,0.0,0.0
8161,1.0,0.0,0.0,Hispanic,0.75,4,16.0,2.0,0.0,0.0,31.875,2.0,2.0,2.0,0.0,0.0,1.0,1.0,1.0,0.0,0.0,0.0
8162,0.0,0.0,0.0,Hispanic,4.025,4,12.0,16.0,0.0,0.0,11.826,10.0,2.0,2.0,0.0,0.0,1.0,1.0,1.0,0.0,0.0,0.0
8163,0.0,0.0,1.0,Hispanic,0.1,9,9.0,,0.0,1.0,15.884,8.0,2.0,2.0,0.0,0.0,3.0,3.0,2.0,1.0,0.0,0.0
8164,0.0,0.0,0.0,Hispanic,0.225,5,12.0,11.0,0.0,0.0,13.834,11.0,2.0,4.0,1.0,0.0,4.0,4.0,3.0,0.0,0.0,0.0
8165,0.0,0.0,0.0,Black,,5,10.0,12.0,0.0,0.0,5.389,,2.0,2.0,0.0,0.0,2.0,3.0,2.0,1.0,,1.0
8166,0.0,0.0,0.0,Black,,5,10.0,12.0,0.0,0.0,8.908,2.0,3.0,1.0,5.0,3.0,3.0,2.0,3.0,0.0,0.0,0.0
8167,1.0,0.0,1.0,Hispanic,4.34,5,12.0,14.0,0.0,0.0,29.846,4.0,2.0,1.0,0.0,0.0,3.0,1.0,1.0,0.0,0.0,0.0
8168,1.0,0.0,0.0,Hispanic,1.475,3,17.0,18.0,0.0,0.0,38.435,1.0,2.0,1.0,0.0,0.0,2.0,1.0,1.0,1.0,1.0,0.0
8169,1.0,0.0,0.0,Hispanic,,6,6.0,6.0,,0.0,37.955,0.0,1.0,2.0,0.0,0.0,1.0,1.0,1.0,0.0,,0.0
8170,1.0,0.0,1.0,Hispanic,-1.705,4,18.0,15.0,0.0,0.0,89.022,5.0,2.0,2.0,0.0,0.0,1.0,1.0,1.0,0.0,0.0,0.0
8171,0.0,0.0,0.0,Hispanic,0.05,6,12.0,9.0,1.0,,17.112,2.0,2.0,2.0,1.0,0.0,1.0,2.0,3.0,0.0,,1.0
8172,0.0,0.0,0.0,Hispanic,3.58,5,6.0,7.0,0.0,0.0,59.484,0.0,1.0,2.0,0.0,0.0,3.0,1.0,1.0,0.0,1.0,0.0
8173,0.0,0.0,0.0,Hispanic,,8,12.0,14.0,,0.0,,,3.0,2.0,0.0,0.0,5.0,5.0,2.0,0.0,,0.0
8174,0.0,0.0,0.0,Hispanic,0.475,4,12.0,10.0,1.0,,0.429,0.0,2.0,3.0,0.0,2.0,4.0,5.0,1.0,0.0,0.0,0.0
8175,0.0,0.0,1.0,Hispanic,0.475,4,12.0,10.0,1.0,0.0,8.209,3.0,3.0,3.0,0.0,1.0,3.0,1.0,1.0,0.0,0.0,0.0
8176,0.0,0.0,1.0,Hispanic,,3,12.0,19.0,0.0,0.0,3.255,3.0,2.0,2.0,0.0,0.0,4.0,4.0,3.0,0.0,0.0,0.0
8177,0.0,0.0,0.0,Hispanic,3.5975,5,12.0,,0.0,0.0,34.578,3.0,2.0,2.0,0.0,0.0,2.0,3.0,3.0,0.0,,1.0
8178,1.0,0.0,1.0,Hispanic,7.75,5,,,0.0,0.0,63.902,1.0,2.0,2.0,0.0,0.0,3.0,1.0,1.0,1.0,0.0,0.0
8179,1.0,1.0,0.0,Hispanic,7.75,5,,,0.0,0.0,92.127,1.0,1.0,3.0,2.0,1.0,2.0,2.0,1.0,0.0,0.0,1.0
8180,1.0,0.0,0.0,Hispanic,7.75,5,,,0.0,,85.028,5.0,3.0,4.0,1.0,2.0,3.0,1.0,3.0,0.0,0.0,
8181,0.0,0.0,0.0,Hispanic,,2,12.0,,,,33.634,6.0,1.0,2.0,0.0,0.0,5.0,3.0,2.0,0.0,,0.0
8182,0.0,0.0,1.0,Hispanic,2.5,3,7.0,,0.0,,8.532,26.0,1.0,3.0,0.0,0.0,4.0,4.0,2.0,,1.0,1.0
8183,0.0,1.0,1.0,Hispanic,,3,14.0,14.0,0.0,0.0,,0.0,2.0,2.0,0.0,0.0,3.0,4.0,1.0,0.0,0.0,0.0
8184,1.0,0.0,1.0,Hispanic,0.52,5,16.0,16.0,0.0,0.0,92.115,5.0,2.0,2.0,0.0,0.0,4.0,5.0,2.0,1.0,0.0,0.0
8185,1.0,0.0,1.0,Hispanic,10.6321,4,12.0,,0.0,,20.823,0.0,2.0,2.0,4.0,1.0,4.0,3.0,4.0,0.0,0.0,0.0
8186,0.0,0.0,0.0,Hispanic,6.175,3,14.0,13.0,0.0,0.0,53.384,5.0,2.0,2.0,2.0,2.0,2.0,3.0,3.0,0.0,1.0,0.0
8187,0.0,0.0,0.0,Hispanic,,4,12.0,12.0,,0.0,30.014,5.0,2.0,2.0,0.0,0.0,1.0,2.0,2.0,0.0,,0.0
8188,0.0,0.0,1.0,Hispanic,1.0202,4,12.0,12.0,1.0,,17.238,3.0,2.0,2.0,0.0,0.0,1.0,1.0,2.0,1.0,0.0,0.0
8189,1.0,0.0,1.0,Hispanic,0.825,5,12.0,12.0,0.0,0.0,18.785,3.0,2.0,1.0,0.0,0.0,3.0,1.0,1.0,0.0,,0.0
8190,1.0,1.0,0.0,Hispanic,15.075,3,13.0,16.0,0.0,0.0,85.949,0.0,2.0,1.0,0.0,0.0,2.0,2.0,2.0,0.0,,0.0
8191,0.0,0.0,0.0,Hispanic,1.375,6,9.0,12.0,0.0,0.0,11.889,,2.0,3.0,,,,1.0,1.0,0.0,,1.0
8192,0.0,0.0,0.0,Hispanic,,4,12.0,,0.0,0.0,,1.0,2.0,2.0,0.0,0.0,2.0,2.0,2.0,0.0,1.0,0.0
8193,0.0,0.0,0.0,Hispanic,,4,12.0,,0.0,,,,2.0,2.0,0.0,0.0,2.0,1.0,3.0,0.0,,1.0
8194,1.0,0.0,0.0,Hispanic,17.4,6,13.0,,0.0,0.0,88.466,5.0,2.0,3.0,0.0,0.0,3.0,4.0,1.0,1.0,0.0,0.0
8195,0.0,0.0,1.0,Hispanic,17.4,6,13.0,,0.0,0.0,34.11,4.0,2.0,2.0,0.0,0.0,4.0,3.0,1.0,0.0,,0.0
8196,0.0,0.0,0.0,Hispanic,14.775,4,12.0,12.0,0.0,0.0,,1.0,2.0,2.0,0.0,0.0,2.0,2.0,1.0,0.0,0.0,0.0
8197,1.0,0.0,0.0,Hispanic,14.775,4,12.0,12.0,0.0,0.0,70.01,0.0,2.0,2.0,2.0,0.0,3.0,2.0,1.0,0.0,0.0,0.0
8198,1.0,0.0,0.0,Hispanic,6.395,4,13.0,14.0,0.0,1.0,52.296,5.0,2.0,2.0,0.0,1.0,2.0,5.0,2.0,1.0,1.0,0.0
8199,0.0,1.0,0.0,Hispanic,0.085,4,11.0,12.0,0.0,0.0,5.524,0.0,2.0,2.0,0.0,0.0,1.0,2.0,2.0,0.0,0.0,0.0
8200,0.0,0.0,0.0,Hispanic,0.875,6,14.0,12.0,0.0,0.0,48.895,5.0,2.0,2.0,0.0,1.0,1.0,1.0,3.0,0.0,0.0,0.0
8201,0.0,0.0,1.0,Hispanic,0.875,6,14.0,12.0,0.0,0.0,70.142,4.0,2.0,2.0,1.0,0.0,3.0,2.0,1.0,0.0,0.0,0.0
8202,1.0,0.0,1.0,Hispanic,0.152,6,16.0,,0.0,,40.499,4.0,2.0,1.0,6.0,0.0,3.0,3.0,3.0,1.0,0.0,0.0
8203,0.0,0.0,1.0,Hispanic,0.05,4,11.0,11.0,0.0,0.0,7.179,10.0,2.0,2.0,0.0,0.0,1.0,1.0,1.0,0.0,,0.0
8204,0.0,0.0,1.0,Hispanic,,3,15.0,,,,7.386,10.0,3.0,3.0,0.0,0.0,4.0,2.0,2.0,0.0,0.0,0.0
8205,1.0,0.0,1.0,Hispanic,-0.325,4,11.0,,0.0,0.0,3.403,0.0,2.0,2.0,2.0,0.0,5.0,4.0,5.0,1.0,0.0,0.0
8206,1.0,0.0,0.0,Hispanic,0.15,3,16.0,,0.0,1.0,2.254,1.0,1.0,1.0,10.0,0.0,5.0,3.0,5.0,1.0,1.0,1.0
8207,1.0,,1.0,Hispanic,,6,,,,,14.32,8.0,2.0,1.0,3.0,5.0,5.0,1.0,4.0,0.0,,0.0
8208,0.0,0.0,1.0,Hispanic,0.375,7,11.0,,0.0,0.0,8.147,4.0,2.0,1.0,0.0,11.0,5.0,5.0,5.0,0.0,0.0,1.0
8209,0.0,0.0,0.0,Hispanic,0.375,7,11.0,,0.0,0.0,15.781,,2.0,3.0,0.0,0.0,2.0,5.0,2.0,0.0,0.0,0.0
8210,1.0,0.0,1.0,Hispanic,0.375,7,11.0,,0.0,0.0,26.098,3.0,1.0,2.0,0.0,0.0,2.0,1.0,2.0,0.0,0.0,0.0
8211,1.0,0.0,1.0,Hispanic,0.375,7,11.0,,0.0,0.0,6.194,3.0,2.0,3.0,0.0,0.0,3.0,5.0,5.0,0.0,0.0,0.0
8212,0.0,0.0,1.0,Hispanic,0.08,2,14.0,12.0,0.0,,34.092,10.0,2.0,2.0,50.0,0.0,2.0,2.0,1.0,1.0,1.0,1.0
8213,1.0,0.0,0.0,Hispanic,5.525,2,16.0,,0.0,,21.14,3.0,1.0,2.0,0.0,0.0,4.0,5.0,3.0,1.0,0.0,0.0
8214,0.0,0.0,0.0,Hispanic,,4,14.0,14.0,0.0,0.0,95.027,7.0,2.0,3.0,0.0,0.0,1.0,1.0,1.0,0.0,0.0,0.0
8215,1.0,0.0,1.0,Black,6.3,3,18.0,14.0,1.0,1.0,63.31,20.0,2.0,2.0,5.0,1.0,1.0,1.0,1.0,0.0,1.0,0.0
8216,0.0,0.0,0.0,Black,,4,12.0,,,0.0,21.896,10.0,2.0,2.0,0.0,0.0,2.0,1.0,2.0,1.0,,0.0
8217,0.0,0.0,1.0,Black,,4,12.0,,,,,10.0,2.0,3.0,2.0,1.0,2.0,1.0,1.0,1.0,,1.0
8218,1.0,0.0,1.0,Black,,4,12.0,,,0.0,18.67,10.0,2.0,1.0,0.0,0.0,1.0,1.0,1.0,0.0,0.0,0.0
8219,0.0,0.0,1.0,Black,0.721,2,13.0,12.0,0.0,0.0,29.021,3.0,2.0,2.0,1.0,2.0,4.0,1.0,1.0,0.0,0.0,0.0
8220,0.0,0.0,0.0,Black,,2,15.0,12.0,,0.0,8.998,0.0,2.0,2.0,0.0,3.0,1.0,1.0,1.0,1.0,0.0,0.0
8221,0.0,0.0,0.0,Black,3.375,5,14.0,,0.0,,,4.0,3.0,3.0,4.0,0.0,,,2.0,1.0,1.0,0.0
8222,0.0,0.0,0.0,Black,2.45,5,12.0,11.0,0.0,,19.547,0.0,1.0,2.0,0.0,0.0,2.0,1.0,1.0,0.0,,0.0
8223,1.0,0.0,0.0,Hispanic,,4,14.0,14.0,0.0,0.0,92.907,3.0,2.0,4.0,1.0,0.0,4.0,4.0,1.0,0.0,0.0,0.0
8224,0.0,0.0,0.0,Hispanic,0.75,7,12.0,,0.0,,17.08,15.0,2.0,4.0,2.0,2.0,3.0,4.0,2.0,0.0,0.0,1.0
8225,0.0,0.0,1.0,Hispanic,13.55,4,12.0,12.0,0.0,0.0,83.706,3.0,2.0,2.0,0.0,0.0,4.0,1.0,2.0,0.0,0.0,0.0
8226,1.0,0.0,1.0,Black,,4,,,0.0,,59.768,0.0,2.0,2.0,0.0,0.0,5.0,3.0,2.0,0.0,0.0,0.0
8227,0.0,0.0,0.0,Black,,4,11.0,,0.0,,31.775,0.0,2.0,2.0,0.0,0.0,2.0,1.0,1.0,0.0,0.0,0.0
8228,0.0,0.0,0.0,Black,,8,11.0,,0.0,0.0,22.789,,4.0,3.0,,,4.0,3.0,3.0,0.0,1.0,0.0
8229,0.0,0.0,0.0,Black,,8,11.0,,0.0,,32.281,3.0,2.0,2.0,0.0,0.0,1.0,1.0,1.0,0.0,0.0,1.0
8230,1.0,0.0,1.0,Hispanic,,5,10.0,,,0.0,,10.0,2.0,2.0,0.0,0.0,2.0,2.0,1.0,1.0,0.0,0.0
8231,0.0,0.0,0.0,Hispanic,,5,9.0,,,0.0,,5.0,4.0,4.0,0.0,0.0,4.0,1.0,1.0,0.0,0.0,0.0
8232,1.0,0.0,1.0,Black,,4,15.0,,0.0,0.0,25.824,3.0,2.0,3.0,0.0,0.0,5.0,2.0,3.0,0.0,0.0,0.0
8233,0.0,0.0,1.0,Hispanic,,7,12.0,12.0,,0.0,38.237,13.0,2.0,2.0,0.0,0.0,3.0,3.0,4.0,0.0,1.0,0.0
8234,0.0,0.0,0.0,Hispanic,,7,12.0,12.0,,0.0,21.188,10.0,3.0,2.0,0.0,0.0,2.0,2.0,4.0,1.0,,0.0
8235,1.0,0.0,1.0,Hispanic,,7,12.0,12.0,,0.0,35.694,0.0,2.0,3.0,2.0,0.0,3.0,3.0,2.0,0.0,0.0,0.0
8236,0.0,0.0,0.0,Black,,6,,,,0.0,21.314,18.0,2.0,2.0,0.0,0.0,3.0,3.0,1.0,0.0,0.0,0.0
8237,0.0,0.0,1.0,Black,,6,,,,0.0,12.279,2.0,2.0,2.0,1.0,1.0,1.0,1.0,1.0,0.0,0.0,0.0
8238,1.0,0.0,0.0,Black,,5,14.0,18.0,0.0,0.0,56.526,7.0,2.0,2.0,1.0,0.0,4.0,3.0,1.0,0.0,0.0,0.0
8239,0.0,0.0,1.0,Hispanic,,4,12.0,14.0,0.0,,41.474,,3.0,2.0,3.0,1.0,5.0,3.0,1.0,1.0,,0.0
8240,0.0,0.0,1.0,Black,,5,12.0,12.0,,0.0,34.526,1.0,2.0,4.0,0.0,0.0,4.0,4.0,1.0,0.0,0.0,0.0
8241,0.0,0.0,0.0,Hispanic,1.685,5,12.0,13.0,0.0,,51.354,4.0,2.0,1.0,0.0,0.0,2.0,3.0,1.0,0.0,,0.0
8242,0.0,0.0,1.0,Hispanic,1.685,5,12.0,13.0,0.0,,23.385,3.0,2.0,3.0,0.0,0.0,3.0,2.0,1.0,0.0,,0.0
8243,0.0,0.0,0.0,Black,0.525,4,12.0,11.0,0.0,,6.046,2.0,2.0,2.0,0.0,2.0,1.0,1.0,5.0,0.0,0.0,1.0
8244,1.0,0.0,1.0,Black,4.05,3,12.0,,0.0,0.0,46.028,3.0,3.0,3.0,0.0,0.0,4.0,4.0,2.0,0.0,0.0,0.0
8245,0.0,0.0,1.0,Black,4.885,3,12.0,14.0,0.0,1.0,58.405,,2.0,2.0,0.0,0.0,3.0,3.0,2.0,0.0,1.0,0.0
8246,0.0,0.0,0.0,Black,4.885,3,12.0,14.0,0.0,1.0,,30.0,2.0,2.0,0.0,7.0,5.0,4.0,3.0,0.0,0.0,1.0
8247,0.0,0.0,0.0,Black,,5,11.0,,0.0,,0.189,0.0,2.0,1.0,0.0,0.0,4.0,2.0,1.0,0.0,0.0,0.0
8248,1.0,0.0,1.0,Hispanic,3.62,6,9.0,12.0,0.0,0.0,38.436,0.0,2.0,3.0,0.0,0.0,4.0,2.0,3.0,0.0,0.0,0.0
8249,1.0,1.0,1.0,Black,5.597,6,12.0,12.0,0.0,0.0,83.564,3.0,2.0,4.0,0.0,0.0,4.0,3.0,1.0,1.0,0.0,1.0
8250,1.0,0.0,0.0,Black,5.597,6,12.0,12.0,0.0,0.0,89.427,1.0,2.0,2.0,0.0,0.0,2.0,1.0,2.0,0.0,0.0,0.0
8251,0.0,0.0,1.0,Black,6.374,6,11.0,12.0,0.0,0.0,1.014,1.0,2.0,3.0,0.0,1.0,5.0,3.0,1.0,0.0,1.0,0.0
8252,0.0,1.0,0.0,Black,6.374,6,11.0,12.0,0.0,0.0,8.104,4.0,2.0,3.0,0.0,1.0,3.0,,3.0,1.0,0.0,0.0
8253,1.0,0.0,0.0,Black,1.76,3,13.0,12.0,0.0,1.0,30.486,2.0,2.0,1.0,0.0,0.0,1.0,1.0,1.0,0.0,0.0,0.0
8254,0.0,1.0,1.0,Black,1.09,3,14.0,12.0,0.0,0.0,60.645,2.0,2.0,3.0,0.0,0.0,4.0,4.0,1.0,1.0,,0.0
8255,1.0,0.0,1.0,Black,2.5,4,12.0,,0.0,,24.831,0.0,2.0,2.0,0.0,0.0,4.0,4.0,2.0,0.0,0.0,0.0
8256,0.0,0.0,1.0,Black,,4,12.0,,0.0,1.0,51.851,4.0,3.0,3.0,0.0,0.0,5.0,4.0,5.0,0.0,0.0,0.0
8257,0.0,0.0,1.0,Black,0.2,3,,,0.0,0.0,,3.0,2.0,3.0,0.0,0.0,4.0,5.0,4.0,1.0,,0.0
8258,0.0,1.0,1.0,Black,-10.2355,4,17.0,16.0,0.0,0.0,84.42,0.0,2.0,2.0,0.0,0.0,2.0,1.0,3.0,0.0,0.0,0.0
8259,1.0,0.0,1.0,Black,5.45,3,12.0,12.0,0.0,0.0,47.584,15.0,2.0,2.0,0.0,0.0,3.0,3.0,1.0,0.0,0.0,0.0
8260,1.0,0.0,0.0,Black,5.45,3,12.0,12.0,0.0,,37.008,3.0,1.0,1.0,0.0,1.0,1.0,1.0,3.0,0.0,0.0,0.0
8261,1.0,0.0,0.0,Black,6.81,3,12.0,10.0,0.0,0.0,66.286,4.0,2.0,3.0,0.0,0.0,2.0,2.0,1.0,0.0,0.0,0.0
8262,0.0,0.0,0.0,Black,3.56,3,12.0,12.0,0.0,0.0,0.0,1.0,2.0,2.0,0.0,2.0,3.0,3.0,1.0,0.0,0.0,0.0
8263,0.0,0.0,0.0,Black,0.375,2,8.0,12.0,0.0,0.0,,,4.0,3.0,,,3.0,2.0,3.0,1.0,1.0,1.0
8264,0.0,0.0,1.0,Black,,3,12.0,12.0,0.0,0.0,22.843,2.0,1.0,2.0,0.0,0.0,4.0,4.0,1.0,0.0,0.0,0.0
8265,0.0,0.0,1.0,Black,,3,11.0,12.0,,0.0,13.017,,1.0,2.0,0.0,0.0,4.0,4.0,4.0,0.0,0.0,0.0
8266,1.0,0.0,0.0,Black,0.042,4,9.0,12.0,0.0,0.0,45.468,5.0,2.0,3.0,1.0,2.0,3.0,4.0,3.0,0.0,0.0,1.0
8267,0.0,,0.0,Black,0.042,4,9.0,12.0,0.0,,29.466,15.0,3.0,3.0,0.0,0.0,3.0,2.0,3.0,0.0,,1.0
8268,0.0,0.0,0.0,Black,,8,12.0,,0.0,0.0,2.431,6.0,3.0,2.0,0.0,0.0,5.0,3.0,4.0,0.0,0.0,0.0
8269,0.0,0.0,0.0,Black,,8,12.0,,0.0,,1.38,8.0,2.0,3.0,0.0,0.0,4.0,4.0,3.0,0.0,0.0,0.0
8270,0.0,0.0,0.0,Black,,8,12.0,,0.0,0.0,1.734,8.0,4.0,3.0,0.0,0.0,5.0,2.0,2.0,0.0,0.0,0.0
8271,0.0,0.0,1.0,Black,,8,12.0,,0.0,,2.427,0.0,2.0,2.0,0.0,1.0,2.0,2.0,1.0,0.0,0.0,0.0
8272,0.0,0.0,1.0,Black,,6,12.0,12.0,1.0,0.0,0.0,3.0,2.0,2.0,2.0,2.0,2.0,1.0,2.0,0.0,0.0,0.0
8273,1.0,0.0,1.0,Black,,3,10.0,14.0,,0.0,99.176,1.0,2.0,2.0,10.0,0.0,3.0,2.0,5.0,1.0,0.0,0.0
8274,0.0,0.0,0.0,Black,0.175,4,12.0,,0.0,,,0.0,2.0,1.0,0.0,0.0,4.0,4.0,2.0,0.0,,1.0
8275,0.0,0.0,0.0,Black,2.005,3,11.0,,0.0,0.0,41.121,6.0,1.0,2.0,0.0,0.0,3.0,4.0,2.0,0.0,0.0,0.0
8276,0.0,0.0,1.0,Black,2.005,3,11.0,,0.0,0.0,17.648,4.0,2.0,3.0,0.0,0.0,5.0,1.0,5.0,0.0,0.0,0.0
8277,0.0,0.0,1.0,Black,0.905,3,10.0,11.0,0.0,0.0,10.541,8.0,2.0,2.0,0.0,0.0,1.0,1.0,1.0,0.0,,0.0
8278,0.0,0.0,0.0,Black,3.75,5,12.0,,0.0,,30.048,0.0,2.0,2.0,0.0,0.0,4.0,3.0,4.0,0.0,0.0,0.0
8279,0.0,0.0,0.0,Black,0.925,3,9.0,12.0,0.0,,15.867,1.0,2.0,2.0,0.0,0.0,3.0,,2.0,0.0,,1.0
8280,0.0,0.0,0.0,Black,,4,14.0,,0.0,1.0,46.848,0.0,2.0,2.0,0.0,0.0,3.0,3.0,2.0,0.0,0.0,0.0
8281,0.0,0.0,1.0,Black,,8,,,0.0,0.0,6.667,,2.0,2.0,0.0,0.0,4.0,1.0,4.0,0.0,0.0,0.0
8282,0.0,0.0,0.0,Black,5.21,3,12.0,12.0,0.0,0.0,37.987,0.0,2.0,2.0,0.0,0.0,3.0,3.0,2.0,0.0,0.0,0.0
8283,0.0,0.0,1.0,Black,1.47,3,12.0,16.0,0.0,0.0,21.323,15.0,3.0,3.0,0.0,0.0,5.0,4.0,4.0,0.0,0.0,0.0
8284,1.0,0.0,0.0,Black,,4,16.0,12.0,0.0,0.0,97.578,0.0,2.0,2.0,0.0,0.0,1.0,1.0,2.0,0.0,0.0,0.0
8285,1.0,0.0,0.0,Black,,4,16.0,12.0,0.0,0.0,95.621,0.0,2.0,2.0,0.0,0.0,2.0,1.0,3.0,0.0,0.0,0.0
8286,1.0,0.0,1.0,Black,8.075,8,12.0,8.0,0.0,0.0,40.881,5.0,3.0,4.0,3.0,0.0,4.0,4.0,2.0,1.0,0.0,0.0
8287,0.0,0.0,0.0,Black,5.38,4,12.0,12.0,0.0,1.0,11.697,1.0,2.0,2.0,0.0,0.0,2.0,2.0,1.0,0.0,0.0,0.0
8288,1.0,0.0,1.0,Black,-0.325,4,16.0,14.0,0.0,0.0,66.302,0.0,2.0,2.0,1.0,1.0,5.0,3.0,2.0,0.0,1.0,0.0
8289,1.0,0.0,1.0,Black,-0.325,4,16.0,14.0,0.0,0.0,24.822,1.0,2.0,3.0,0.0,0.0,5.0,5.0,1.0,0.0,0.0,0.0
8290,0.0,0.0,1.0,Black,1.075,3,14.0,10.0,0.0,,27.736,4.0,2.0,3.0,0.0,0.0,4.0,4.0,2.0,0.0,0.0,1.0
8291,0.0,0.0,0.0,Black,0.375,2,9.0,,0.0,1.0,2.61,5.0,2.0,2.0,0.0,2.0,1.0,1.0,1.0,0.0,0.0,0.0
8292,1.0,1.0,1.0,Black,,2,9.0,11.0,0.0,0.0,27.144,5.0,2.0,2.0,0.0,0.0,2.0,1.0,1.0,1.0,,0.0
8293,0.0,0.0,1.0,Black,,5,12.0,12.0,0.0,0.0,28.331,1.0,2.0,1.0,0.0,0.0,2.0,1.0,1.0,0.0,0.0,1.0
8294,0.0,0.0,0.0,Black,,2,12.0,12.0,,0.0,29.336,14.0,3.0,3.0,1.0,2.0,4.0,1.0,2.0,0.0,0.0,0.0
8295,0.0,0.0,0.0,Black,0.375,4,12.0,12.0,0.0,1.0,,,2.0,3.0,,,4.0,4.0,3.0,0.0,0.0,1.0
8296,0.0,0.0,1.0,Black,,3,16.0,16.0,,0.0,,0.0,3.0,2.0,0.0,0.0,4.0,5.0,4.0,1.0,,0.0
8297,0.0,0.0,1.0,Black,0.175,3,10.0,10.0,0.0,1.0,72.778,3.0,1.0,2.0,1.0,0.0,4.0,4.0,2.0,1.0,,1.0
8298,0.0,0.0,0.0,Black,0.175,3,10.0,10.0,0.0,1.0,11.683,5.0,2.0,3.0,0.0,1.0,5.0,2.0,3.0,0.0,,0.0
8299,0.0,0.0,1.0,Black,5.1401,7,12.0,,0.0,1.0,38.443,3.0,3.0,2.0,0.0,0.0,2.0,1.0,1.0,0.0,0.0,0.0
8300,1.0,0.0,1.0,Black,,7,10.0,,,,28.367,5.0,2.0,2.0,0.0,0.0,1.0,1.0,1.0,0.0,1.0,0.0
8301,0.0,0.0,1.0,Black,,7,,,,1.0,,7.0,3.0,3.0,0.0,0.0,3.0,2.0,1.0,1.0,0.0,0.0
8302,1.0,0.0,0.0,Black,,4,17.0,14.0,,0.0,,10.0,2.0,2.0,0.0,1.0,1.0,1.0,1.0,0.0,0.0,0.0
8303,1.0,0.0,1.0,Black,,5,12.0,,,0.0,,7.0,3.0,4.0,1.0,1.0,4.0,4.0,1.0,0.0,0.0,0.0
8304,0.0,0.0,1.0,Black,,5,,14.0,,0.0,,2.0,2.0,4.0,0.0,0.0,5.0,5.0,2.0,0.0,,0.0
8305,0.0,1.0,0.0,Black,,5,12.0,,,,,0.0,2.0,4.0,6.0,7.0,3.0,4.0,4.0,1.0,,1.0
8306,0.0,1.0,0.0,Hispanic,,4,10.0,13.0,0.0,0.0,21.795,5.0,2.0,2.0,0.0,0.0,2.0,1.0,1.0,0.0,0.0,0.0
8307,0.0,1.0,1.0,Black,,3,12.0,,1.0,0.0,48.562,6.0,3.0,4.0,0.0,0.0,3.0,3.0,1.0,1.0,0.0,0.0
8308,0.0,0.0,1.0,Black,1.7,5,12.0,12.0,0.0,1.0,,4.0,2.0,2.0,0.0,0.0,4.0,,1.0,0.0,,0.0
8309,0.0,0.0,1.0,Black,0.75,6,12.0,12.0,0.0,0.0,3.396,3.0,1.0,1.0,0.0,4.0,5.0,5.0,2.0,0.0,0.0,0.0
8310,0.0,0.0,0.0,Black,0.8,2,,,0.0,0.0,18.154,0.0,2.0,2.0,0.0,0.0,1.0,1.0,1.0,0.0,1.0,0.0
8312,1.0,0.0,0.0,Black,1.96,4,12.0,12.0,0.0,0.0,27.832,2.0,1.0,2.0,0.0,0.0,3.0,3.0,1.0,0.0,0.0,0.0
8313,1.0,0.0,0.0,Black,1.96,4,12.0,12.0,0.0,0.0,35.54,3.0,2.0,1.0,0.0,0.0,2.0,2.0,1.0,0.0,0.0,0.0
8314,1.0,0.0,1.0,Black,4.9715,4,13.0,,0.0,0.0,24.846,0.0,2.0,2.0,1.0,1.0,4.0,3.0,2.0,0.0,0.0,0.0
8315,0.0,0.0,1.0,Black,12.3101,3,13.0,12.0,0.0,0.0,45.682,0.0,2.0,3.0,0.0,0.0,5.0,5.0,3.0,0.0,0.0,0.0
8316,1.0,0.0,0.0,Black,5.25,4,,,1.0,0.0,6.816,0.0,1.0,1.0,0.0,0.0,4.0,5.0,2.0,1.0,0.0,0.0
8317,0.0,0.0,0.0,Black,5.25,4,,,1.0,0.0,11.56,2.0,1.0,1.0,0.0,0.0,1.0,1.0,1.0,0.0,0.0,0.0
8318,0.0,0.0,1.0,Black,,4,,,,1.0,23.088,20.0,2.0,3.0,1.0,1.0,5.0,4.0,2.0,,,1.0
8319,0.0,0.0,1.0,Black,,4,,,,0.0,1.784,10.0,3.0,3.0,2.0,1.0,2.0,5.0,2.0,1.0,,1.0
8320,1.0,0.0,1.0,Black,,3,14.0,,0.0,0.0,21.789,1.0,2.0,3.0,99.0,0.0,2.0,1.0,1.0,0.0,,0.0
8321,0.0,0.0,0.0,Black,4.5,5,14.0,12.0,0.0,0.0,16.219,2.0,2.0,2.0,0.0,0.0,3.0,1.0,1.0,0.0,0.0,0.0
8322,0.0,0.0,0.0,Black,0.075,3,14.0,,1.0,,,,2.0,1.0,0.0,0.0,5.0,5.0,2.0,0.0,,0.0
8323,1.0,0.0,1.0,Black,19.92,3,16.0,14.0,0.0,,83.851,0.0,2.0,2.0,0.0,0.0,1.0,3.0,1.0,0.0,0.0,0.0
8324,1.0,0.0,0.0,Black,,3,14.0,13.0,0.0,0.0,41.596,3.0,2.0,4.0,0.0,0.0,2.0,2.0,1.0,0.0,0.0,0.0
8325,0.0,0.0,1.0,Black,,2,13.0,12.0,,1.0,,4.0,1.0,1.0,0.0,0.0,5.0,5.0,1.0,0.0,0.0,0.0
8326,1.0,0.0,0.0,Black,5.25,4,12.0,13.0,0.0,0.0,29.185,5.0,2.0,2.0,0.0,0.0,5.0,5.0,,0.0,0.0,0.0
8327,1.0,0.0,1.0,Black,5.705,3,13.0,8.0,0.0,0.0,9.15,3.0,2.0,1.0,0.0,0.0,4.0,5.0,1.0,0.0,0.0,0.0
8328,0.0,0.0,0.0,Black,0.075,4,12.0,12.0,0.0,1.0,,8.0,4.0,2.0,0.0,2.0,5.0,2.0,1.0,0.0,,1.0
8329,1.0,1.0,1.0,Black,-0.0685,4,12.0,12.0,0.0,,28.775,0.0,2.0,3.0,0.0,2.0,4.0,3.0,2.0,1.0,0.0,0.0
8330,0.0,0.0,0.0,Hispanic,1.35,4,13.0,,0.0,0.0,30.052,4.0,4.0,1.0,2.0,5.0,3.0,1.0,1.0,0.0,0.0,0.0
8331,1.0,0.0,1.0,Hispanic,7.45,5,16.0,14.0,0.0,0.0,45.071,3.0,2.0,4.0,0.0,0.0,3.0,2.0,1.0,0.0,,0.0
8332,0.0,0.0,0.0,Black,0.53,3,12.0,12.0,0.0,0.0,22.993,4.0,1.0,2.0,0.0,0.0,2.0,1.0,1.0,0.0,0.0,0.0
8333,0.0,0.0,0.0,Hispanic,,4,12.0,12.0,0.0,0.0,12.045,8.0,2.0,2.0,0.0,0.0,4.0,3.0,1.0,0.0,0.0,0.0
8334,1.0,0.0,1.0,Black,1.075,5,12.0,12.0,0.0,0.0,30.92,5.0,2.0,2.0,0.0,0.0,4.0,2.0,4.0,0.0,0.0,0.0
8335,1.0,0.0,1.0,Black,1.075,5,12.0,12.0,0.0,0.0,69.826,3.0,2.0,3.0,0.0,0.0,1.0,1.0,1.0,0.0,0.0,0.0
8336,1.0,0.0,1.0,Black,1.075,5,12.0,12.0,0.0,0.0,65.54,2.0,2.0,2.0,0.0,0.0,1.0,1.0,2.0,0.0,0.0,0.0
8337,1.0,0.0,1.0,Black,2.175,4,12.0,12.0,0.0,0.0,31.379,3.0,1.0,3.0,0.0,0.0,4.0,1.0,2.0,1.0,1.0,0.0
8338,0.0,0.0,0.0,Black,3.575,4,14.0,12.0,0.0,0.0,34.78,5.0,2.0,3.0,1.0,1.0,1.0,3.0,3.0,0.0,0.0,0.0
8339,1.0,0.0,0.0,Black,3.575,4,14.0,12.0,0.0,0.0,53.109,1.0,2.0,3.0,0.0,0.0,3.0,1.0,2.0,0.0,0.0,0.0
8340,0.0,0.0,0.0,Black,,4,12.0,,0.0,1.0,7.887,5.0,4.0,4.0,1.0,0.0,3.0,4.0,3.0,1.0,0.0,0.0
8341,0.0,0.0,1.0,Black,,6,12.0,12.0,,0.0,14.896,1.0,3.0,1.0,0.0,0.0,2.0,1.0,2.0,0.0,0.0,0.0
8342,0.0,0.0,1.0,Black,3.425,6,12.0,12.0,0.0,0.0,7.432,3.0,3.0,4.0,0.0,1.0,3.0,2.0,4.0,0.0,0.0,0.0
8343,0.0,0.0,1.0,Black,3.425,6,12.0,12.0,0.0,0.0,6.35,5.0,4.0,2.0,1.0,1.0,2.0,2.0,2.0,0.0,0.0,1.0
8344,0.0,0.0,0.0,Black,12.775,3,12.0,14.0,0.0,0.0,33.927,3.0,2.0,2.0,0.0,0.0,2.0,2.0,2.0,0.0,0.0,0.0
8345,1.0,0.0,1.0,Black,,3,14.0,14.0,0.0,1.0,71.297,10.0,3.0,2.0,0.0,0.0,3.0,3.0,2.0,0.0,0.0,0.0
8346,0.0,0.0,0.0,Black,-0.125,2,12.0,,0.0,0.0,47.804,4.0,2.0,1.0,0.0,0.0,2.0,3.0,2.0,1.0,0.0,1.0
8347,0.0,0.0,0.0,Black,3.625,2,15.0,12.0,0.0,,30.0,5.0,2.0,2.0,0.0,0.0,3.0,3.0,3.0,0.0,0.0,1.0
8348,0.0,0.0,0.0,Black,0.04,2,12.0,6.0,0.0,0.0,5.353,1.0,2.0,2.0,2.0,0.0,2.0,1.0,2.0,0.0,,1.0
8349,0.0,0.0,0.0,Black,6.7425,3,14.0,14.0,0.0,,,15.0,3.0,2.0,0.0,3.0,2.0,1.0,2.0,0.0,0.0,0.0
8350,0.0,0.0,0.0,Hispanic,11.98,5,,,0.0,0.0,28.486,1.0,2.0,2.0,0.0,0.0,3.0,3.0,1.0,0.0,,0.0
8351,0.0,0.0,1.0,Hispanic,,5,12.0,,,0.0,2.058,,2.0,1.0,0.0,0.0,5.0,3.0,5.0,0.0,0.0,1.0
8352,0.0,0.0,0.0,Black,-0.125,7,12.0,,0.0,,1.535,35.0,4.0,4.0,3.0,0.0,2.0,2.0,2.0,0.0,0.0,0.0
8353,1.0,0.0,0.0,Black,0.925,7,12.0,,0.0,0.0,9.799,1.0,2.0,1.0,1.0,1.0,1.0,1.0,1.0,0.0,0.0,0.0
8354,1.0,0.0,0.0,Black,-0.35,5,12.0,,0.0,,79.405,3.0,2.0,4.0,0.0,0.0,3.0,2.0,1.0,1.0,0.0,0.0
8355,1.0,0.0,0.0,Black,-0.35,5,,11.0,0.0,,6.134,3.0,2.0,2.0,0.0,0.0,3.0,1.0,2.0,0.0,0.0,1.0
8356,1.0,0.0,1.0,Black,-1.59,6,12.0,12.0,0.0,1.0,56.256,4.0,2.0,1.0,0.0,0.0,3.0,3.0,2.0,0.0,0.0,0.0
8357,0.0,0.0,1.0,Black,-1.59,6,12.0,12.0,0.0,0.0,26.728,0.0,3.0,4.0,0.0,0.0,1.0,1.0,1.0,0.0,0.0,0.0
8358,1.0,1.0,1.0,Black,0.13,5,12.0,,0.0,1.0,,5.0,2.0,2.0,0.0,0.0,2.0,1.0,3.0,0.0,0.0,1.0
8359,0.0,1.0,0.0,Hispanic,-0.35,7,8.0,6.0,0.0,1.0,12.39,13.0,2.0,2.0,0.0,0.0,2.0,2.0,4.0,0.0,,1.0
8360,0.0,0.0,0.0,Hispanic,-0.35,7,8.0,6.0,0.0,,11.203,,2.0,2.0,0.0,0.0,4.0,1.0,5.0,0.0,,1.0
8361,0.0,0.0,0.0,Hispanic,-0.35,7,8.0,6.0,0.0,,26.9,7.0,2.0,2.0,0.0,0.0,5.0,,5.0,0.0,,1.0
8362,1.0,0.0,1.0,Black,,3,12.0,,,,12.806,5.0,3.0,3.0,0.0,0.0,4.0,2.0,2.0,0.0,0.0,0.0
8363,0.0,0.0,1.0,Hispanic,0.675,3,9.0,4.0,0.0,0.0,22.874,5.0,2.0,3.0,0.0,0.0,3.0,2.0,2.0,0.0,0.0,0.0
8364,,,1.0,Hispanic,0.425,5,,,0.0,,11.974,4.0,2.0,2.0,3.0,0.0,2.0,1.0,3.0,0.0,,0.0
8365,0.0,0.0,1.0,Black,8.05,3,14.0,13.0,0.0,1.0,75.344,2.0,2.0,2.0,0.0,0.0,5.0,4.0,2.0,0.0,0.0,0.0
8366,0.0,0.0,1.0,Black,,9,,,,,3.842,2.0,2.0,2.0,0.0,0.0,3.0,3.0,1.0,0.0,,1.0
8367,0.0,0.0,1.0,Hispanic,,3,,7.0,,,24.393,10.0,2.0,2.0,0.0,3.0,,1.0,1.0,0.0,0.0,0.0
8368,0.0,0.0,1.0,Hispanic,2.04,4,10.0,,0.0,0.0,1.964,8.0,2.0,2.0,0.0,0.0,2.0,1.0,1.0,0.0,0.0,0.0
8369,0.0,1.0,1.0,Hispanic,2.04,4,10.0,,0.0,,10.403,8.0,2.0,2.0,0.0,1.0,1.0,4.0,1.0,0.0,0.0,1.0
8370,0.0,,1.0,Black,,4,11.0,12.0,0.0,0.0,21.898,5.0,2.0,2.0,0.0,0.0,1.0,1.0,1.0,0.0,0.0,1.0
8371,0.0,0.0,0.0,Black,,7,12.0,12.0,0.0,0.0,36.092,4.0,1.0,2.0,1.0,0.0,3.0,3.0,2.0,1.0,,0.0
8372,0.0,0.0,1.0,Black,,7,12.0,12.0,0.0,,10.524,2.0,1.0,1.0,1.0,0.0,2.0,1.0,1.0,0.0,1.0,0.0
8373,0.0,0.0,1.0,Black,2.213,4,11.0,,0.0,,86.468,0.0,2.0,2.0,0.0,0.0,2.0,2.0,1.0,1.0,,0.0
8374,1.0,0.0,1.0,Hispanic,,6,10.0,10.0,0.0,1.0,72.025,,2.0,2.0,0.0,1.0,1.0,1.0,1.0,0.0,0.0,1.0
8375,0.0,1.0,0.0,Hispanic,0.75,7,4.0,12.0,0.0,,,5.0,2.0,2.0,4.0,1.0,3.0,1.0,2.0,0.0,1.0,1.0
8376,0.0,0.0,0.0,Hispanic,4.325,2,12.0,15.0,0.0,0.0,41.962,1.0,2.0,3.0,0.0,0.0,4.0,4.0,1.0,0.0,,0.0
8377,0.0,0.0,1.0,Black,1.8,5,12.0,,0.0,1.0,,1.0,1.0,1.0,0.0,0.0,1.0,1.0,1.0,0.0,1.0,1.0
8378,0.0,0.0,1.0,Hispanic,0.175,2,5.0,,0.0,0.0,12.689,,4.0,2.0,0.0,3.0,5.0,1.0,1.0,0.0,0.0,1.0
8379,0.0,1.0,0.0,Hispanic,0.915,5,14.0,12.0,0.0,0.0,29.488,22.0,2.0,2.0,0.0,0.0,4.0,2.0,2.0,1.0,0.0,0.0
8380,0.0,0.0,0.0,Black,0.77,4,12.0,16.0,1.0,0.0,,0.0,2.0,2.0,0.0,1.0,4.0,1.0,1.0,0.0,0.0,0.0
8381,0.0,0.0,0.0,Black,,3,13.0,,1.0,0.0,,6.0,2.0,2.0,2.0,1.0,2.0,1.0,1.0,,,1.0
8382,0.0,0.0,1.0,Hispanic,0.175,6,10.0,11.0,1.0,1.0,18.936,2.0,2.0,2.0,0.0,0.0,4.0,2.0,1.0,0.0,0.0,1.0
8383,0.0,0.0,0.0,Black,,4,,,0.0,0.0,37.633,3.0,2.0,2.0,0.0,1.0,2.0,2.0,1.0,0.0,,0.0
8384,0.0,0.0,0.0,Black,1.8295,3,12.0,11.0,0.0,0.0,18.031,0.0,1.0,2.0,0.0,0.0,3.0,1.0,1.0,1.0,0.0,1.0
8385,0.0,0.0,1.0,Black,,4,9.0,12.0,0.0,0.0,4.819,6.0,1.0,1.0,2.0,2.0,1.0,,1.0,0.0,0.0,0.0
8386,1.0,0.0,1.0,Black,2.7435,3,15.0,12.0,0.0,0.0,68.3,0.0,2.0,2.0,0.0,0.0,2.0,1.0,2.0,1.0,0.0,0.0
8387,0.0,0.0,0.0,Black,0.75,6,9.0,,0.0,0.0,2.218,2.0,2.0,3.0,0.0,1.0,1.0,1.0,3.0,0.0,0.0,0.0
8388,0.0,0.0,0.0,Black,,6,12.0,11.0,,0.0,7.403,1.0,2.0,2.0,0.0,0.0,2.0,1.0,2.0,1.0,0.0,0.0
8389,0.0,0.0,0.0,Black,,6,12.0,11.0,,0.0,5.066,0.0,1.0,4.0,0.0,1.0,2.0,1.0,3.0,0.0,0.0,0.0
8390,1.0,0.0,1.0,Black,2.55,4,15.0,,0.0,0.0,43.494,1.0,2.0,3.0,0.0,0.0,1.0,1.0,2.0,0.0,0.0,0.0
8391,1.0,0.0,1.0,Black,1.845,4,12.0,12.0,0.0,,41.439,6.0,2.0,2.0,0.0,0.0,3.0,2.0,1.0,0.0,0.0,0.0
8392,0.0,0.0,1.0,Black,0.125,2,7.0,12.0,0.0,,14.114,4.0,3.0,2.0,0.0,0.0,4.0,3.0,3.0,1.0,0.0,0.0
8393,1.0,0.0,1.0,Black,1.46,4,,,0.0,0.0,52.606,0.0,1.0,2.0,0.0,0.0,1.0,1.0,1.0,0.0,0.0,0.0
8394,1.0,0.0,1.0,Black,1.46,4,,,0.0,0.0,60.683,0.0,2.0,2.0,0.0,0.0,1.0,1.0,1.0,0.0,,0.0
8395,1.0,0.0,0.0,Black,6.775,3,16.0,,0.0,1.0,48.972,0.0,1.0,1.0,0.0,0.0,1.0,1.0,1.0,0.0,0.0,0.0
8396,1.0,0.0,1.0,Black,0.125,5,8.0,,0.0,,60.267,2.0,3.0,2.0,0.0,0.0,1.0,1.0,1.0,0.0,0.0,0.0
8397,1.0,0.0,1.0,Black,0.125,5,8.0,,0.0,,13.975,0.0,1.0,2.0,1.0,0.0,1.0,1.0,1.0,0.0,0.0,0.0
8398,1.0,0.0,0.0,Black,0.125,5,8.0,,0.0,0.0,19.786,0.0,3.0,2.0,4.0,3.0,1.0,1.0,1.0,1.0,,1.0
8399,1.0,0.0,0.0,Black,11.6,4,12.0,14.0,0.0,,59.509,0.0,2.0,2.0,0.0,0.0,3.0,3.0,2.0,1.0,,0.0
8401,1.0,0.0,1.0,Black,1.3599,2,,,0.0,0.0,4.91,2.0,2.0,1.0,0.0,0.0,1.0,1.0,1.0,0.0,0.0,0.0
8402,1.0,0.0,1.0,Black,1.95,5,12.0,12.0,0.0,0.0,62.501,3.0,2.0,3.0,0.0,0.0,3.0,3.0,1.0,1.0,,0.0
8403,1.0,0.0,1.0,Black,,7,12.0,,,,,3.0,2.0,3.0,1.0,1.0,4.0,3.0,5.0,1.0,,0.0
8404,0.0,,0.0,Hispanic,0.25,4,8.0,8.0,1.0,,12.372,2.0,1.0,2.0,0.0,1.0,1.0,1.0,1.0,0.0,,0.0
8405,0.0,0.0,1.0,Black,0.75,3,11.0,,0.0,1.0,,5.0,3.0,2.0,0.0,2.0,3.0,1.0,1.0,,0.0,0.0
8406,1.0,0.0,1.0,Black,0.3526,6,15.0,,0.0,,,10.0,2.0,2.0,0.0,0.0,2.0,3.0,1.0,0.0,0.0,0.0
8407,0.0,0.0,0.0,Black,0.1448,5,12.0,12.0,0.0,,,6.0,2.0,2.0,0.0,2.0,,,,,,1.0
8408,0.0,0.0,1.0,Black,0.375,5,10.0,12.0,0.0,,4.745,40.0,4.0,4.0,0.0,0.0,2.0,4.0,2.0,0.0,0.0,0.0
8409,0.0,0.0,0.0,Black,0.375,5,10.0,12.0,0.0,,,3.0,2.0,1.0,0.0,0.0,3.0,2.0,2.0,0.0,0.0,0.0
8410,0.0,0.0,0.0,Black,0.175,2,7.0,8.0,0.0,0.0,11.555,0.0,1.0,2.0,0.0,1.0,5.0,3.0,2.0,0.0,0.0,0.0
8411,1.0,0.0,1.0,Black,1.6,4,,7.0,0.0,1.0,1.858,3.0,1.0,2.0,0.0,2.0,1.0,1.0,1.0,0.0,1.0,0.0
8412,0.0,0.0,0.0,Black,0.475,5,10.0,10.0,0.0,0.0,,0.0,3.0,2.0,0.0,3.0,3.0,2.0,3.0,0.0,1.0,0.0
8413,0.0,0.0,1.0,Black,6.4,3,,16.0,0.0,0.0,52.227,2.0,2.0,3.0,2.0,0.0,2.0,1.0,1.0,0.0,0.0,0.0
8414,0.0,0.0,1.0,Black,3.035,7,12.0,12.0,0.0,0.0,32.018,1.0,2.0,2.0,0.0,0.0,4.0,1.0,1.0,0.0,,0.0
8415,1.0,0.0,1.0,Black,11.8801,6,12.0,12.0,0.0,0.0,5.492,0.0,4.0,2.0,0.0,0.0,3.0,3.0,3.0,0.0,0.0,0.0
8416,1.0,0.0,0.0,Black,11.8801,6,12.0,12.0,0.0,0.0,29.784,0.0,2.0,2.0,0.0,0.0,1.0,1.0,1.0,0.0,0.0,0.0
8417,0.0,0.0,0.0,Black,0.375,3,6.0,,0.0,0.0,1.607,15.0,2.0,3.0,0.0,0.0,3.0,1.0,3.0,0.0,1.0,0.0
8418,0.0,0.0,1.0,Black,3.025,4,12.0,12.0,0.0,0.0,22.651,5.0,2.0,2.0,20.0,0.0,2.0,3.0,1.0,1.0,1.0,0.0
8419,0.0,0.0,0.0,Black,-0.17,5,12.0,12.0,0.0,,4.558,0.0,2.0,3.0,1.0,0.0,1.0,1.0,1.0,1.0,,0.0
8420,1.0,0.0,0.0,Black,,4,12.0,12.0,,0.0,18.685,0.0,2.0,2.0,0.0,0.0,3.0,1.0,2.0,0.0,0.0,
8421,0.0,0.0,0.0,Black,0.65,6,12.0,10.0,0.0,0.0,2.734,3.0,1.0,3.0,0.0,1.0,4.0,4.0,3.0,0.0,0.0,0.0
8422,0.0,0.0,1.0,Black,0.65,6,12.0,10.0,0.0,0.0,13.929,4.0,2.0,3.0,1.0,0.0,5.0,3.0,2.0,1.0,0.0,0.0
8423,1.0,0.0,0.0,Black,0.65,6,12.0,10.0,0.0,,44.454,5.0,1.0,3.0,1.0,0.0,3.0,1.0,2.0,0.0,0.0,1.0
8424,1.0,0.0,1.0,Black,0.95,5,12.0,,0.0,,62.57,3.0,2.0,3.0,0.0,0.0,2.0,3.0,1.0,1.0,0.0,0.0
8425,0.0,0.0,0.0,Black,,11,9.0,,0.0,,5.879,6.0,2.0,2.0,0.0,0.0,3.0,1.0,1.0,0.0,0.0,1.0
8426,0.0,0.0,0.0,Black,-0.1,11,12.0,,0.0,0.0,15.447,7.0,2.0,2.0,0.0,1.0,1.0,1.0,1.0,0.0,,1.0
8427,0.0,0.0,1.0,Black,,11,11.0,,0.0,,2.757,5.0,2.0,2.0,0.0,2.0,1.0,1.0,1.0,0.0,0.0,0.0
8428,0.0,0.0,0.0,Black,-0.125,4,12.0,,0.0,,24.288,8.0,1.0,2.0,0.0,0.0,5.0,2.0,2.0,1.0,,1.0
8429,0.0,0.0,0.0,Black,3.675,5,14.0,12.0,0.0,0.0,14.025,4.0,3.0,3.0,0.0,1.0,2.0,1.0,3.0,0.0,0.0,0.0
8430,0.0,0.0,0.0,Black,,5,10.0,,,,,,3.0,3.0,0.0,0.0,5.0,5.0,1.0,0.0,,0.0
8431,0.0,0.0,1.0,Black,,5,10.0,,,0.0,,14.0,3.0,3.0,1.0,20.0,2.0,1.0,2.0,0.0,0.0,1.0
8432,0.0,0.0,0.0,Black,6.105,3,13.0,15.0,0.0,0.0,58.941,30.0,2.0,3.0,1.0,1.0,2.0,2.0,1.0,0.0,0.0,1.0
8433,1.0,1.0,0.0,Black,6.105,3,13.0,15.0,0.0,0.0,80.476,1.0,2.0,3.0,0.0,0.0,1.0,1.0,1.0,,0.0,0.0
8434,0.0,0.0,0.0,Black,2.43,5,12.0,12.0,0.0,0.0,27.679,3.0,3.0,2.0,0.0,2.0,1.0,1.0,1.0,0.0,0.0,1.0
8435,0.0,0.0,1.0,Black,2.155,3,9.0,12.0,0.0,0.0,31.032,4.0,3.0,3.0,0.0,0.0,1.0,1.0,1.0,0.0,0.0,0.0
8436,0.0,0.0,0.0,Black,1.03,7,12.0,11.0,0.0,,,3.0,2.0,2.0,0.0,0.0,1.0,1.0,1.0,0.0,,0.0
8437,0.0,0.0,0.0,Black,1.03,7,12.0,11.0,0.0,0.0,,1.0,1.0,1.0,0.0,0.0,1.0,1.0,1.0,0.0,0.0,0.0
8438,1.0,0.0,1.0,Black,10.475,4,13.0,12.0,0.0,0.0,35.713,4.0,1.0,3.0,1.0,0.0,4.0,3.0,2.0,0.0,,0.0
8439,0.0,0.0,1.0,Black,3.07,5,13.0,12.0,0.0,0.0,35.845,8.0,3.0,3.0,0.0,0.0,3.0,3.0,1.0,0.0,0.0,0.0
8440,1.0,0.0,1.0,Black,2.24,3,11.0,12.0,1.0,,65.985,0.0,2.0,2.0,0.0,0.0,3.0,2.0,1.0,0.0,0.0,0.0
8441,0.0,1.0,0.0,Black,4.08,2,12.0,,0.0,,4.368,4.0,2.0,3.0,0.0,0.0,5.0,1.0,2.0,1.0,0.0,
8442,1.0,0.0,0.0,Black,3.945,3,6.0,,0.0,0.0,,2.0,2.0,2.0,0.0,0.0,5.0,1.0,1.0,,0.0,1.0
8443,0.0,0.0,0.0,Black,3.945,3,12.0,12.0,0.0,0.0,,0.0,2.0,4.0,0.0,0.0,4.0,1.0,1.0,0.0,0.0,1.0
8444,1.0,0.0,1.0,Black,,4,12.0,12.0,0.0,0.0,27.52,0.0,1.0,2.0,1.0,0.0,1.0,1.0,1.0,0.0,0.0,0.0
8445,0.0,0.0,0.0,Black,,3,12.0,12.0,,0.0,,5.0,2.0,2.0,0.0,0.0,3.0,2.0,1.0,0.0,0.0,0.0
8446,1.0,0.0,0.0,Black,,5,12.0,12.0,0.0,0.0,22.699,0.0,3.0,2.0,0.0,0.0,4.0,3.0,1.0,0.0,0.0,0.0
8447,1.0,0.0,0.0,Black,10.4251,2,14.0,12.0,0.0,0.0,18.727,2.0,2.0,2.0,0.0,0.0,2.0,1.0,1.0,0.0,0.0,0.0
8448,0.0,1.0,0.0,Black,5.275,3,11.0,12.0,0.0,0.0,,,2.0,2.0,,,3.0,2.0,1.0,0.0,,0.0
8449,0.0,0.0,0.0,Black,8.43,4,10.0,7.0,0.0,0.0,4.118,3.0,2.0,1.0,0.0,0.0,4.0,3.0,3.0,0.0,,0.0
8450,1.0,0.0,1.0,Black,13.2001,3,16.0,14.0,1.0,0.0,89.207,4.0,2.0,2.0,0.0,0.0,4.0,2.0,2.0,0.0,1.0,0.0
8451,0.0,0.0,1.0,Black,10.5,3,13.0,12.0,0.0,0.0,24.704,0.0,2.0,2.0,0.0,0.0,2.0,2.0,1.0,0.0,0.0,0.0
8452,0.0,0.0,0.0,Black,10.3001,4,12.0,12.0,0.0,0.0,12.668,6.0,2.0,2.0,0.0,1.0,5.0,5.0,2.0,0.0,,0.0
8453,1.0,0.0,0.0,Black,0.375,3,,,0.0,0.0,69.719,5.0,4.0,4.0,0.0,0.0,5.0,5.0,3.0,0.0,0.0,1.0
8454,1.0,0.0,0.0,Black,0.175,4,10.0,,0.0,,9.481,0.0,2.0,1.0,0.0,0.0,4.0,1.0,3.0,1.0,0.0,0.0
8455,1.0,0.0,0.0,Black,0.175,4,10.0,,0.0,0.0,25.773,0.0,1.0,3.0,2.0,3.0,1.0,1.0,2.0,1.0,0.0,0.0
8456,1.0,0.0,1.0,Black,0.265,5,12.0,6.0,0.0,1.0,6.615,1.0,2.0,2.0,0.0,0.0,5.0,5.0,2.0,0.0,0.0,0.0
8457,0.0,0.0,0.0,Black,0.265,5,12.0,6.0,0.0,0.0,11.177,1.0,2.0,2.0,0.0,0.0,5.0,1.0,4.0,0.0,0.0,0.0
8458,1.0,0.0,1.0,Black,0.085,7,12.0,9.0,0.0,1.0,,8.0,2.0,3.0,0.0,0.0,2.0,1.0,1.0,0.0,,0.0
8459,0.0,0.0,1.0,Black,1.72,7,11.0,,0.0,0.0,22.668,10.0,2.0,2.0,0.0,0.0,4.0,1.0,1.0,0.0,0.0,0.0
8460,0.0,1.0,0.0,Black,1.875,5,,6.0,0.0,0.0,20.45,15.0,2.0,2.0,0.0,0.0,2.0,1.0,1.0,0.0,0.0,0.0
8461,1.0,0.0,1.0,Black,8.5,2,13.0,12.0,0.0,0.0,66.045,8.0,2.0,4.0,0.0,0.0,2.0,3.0,1.0,0.0,,0.0
8462,1.0,0.0,0.0,Black,,4,19.0,12.0,0.0,0.0,63.167,11.0,4.0,4.0,0.0,0.0,4.0,1.0,1.0,0.0,0.0,0.0
8463,0.0,0.0,0.0,Black,,3,10.0,,0.0,0.0,1.388,3.0,4.0,2.0,2.0,0.0,5.0,5.0,5.0,1.0,0.0,0.0
8464,0.0,0.0,0.0,Black,0.465,2,14.0,,0.0,,1.714,4.0,1.0,1.0,0.0,1.0,1.0,1.0,1.0,0.0,,1.0
8465,0.0,0.0,0.0,Black,0.495,4,11.0,11.0,0.0,0.0,,15.0,2.0,1.0,0.0,0.0,5.0,4.0,5.0,0.0,0.0,1.0
8466,0.0,0.0,0.0,Black,0.495,4,11.0,11.0,0.0,0.0,,28.0,2.0,3.0,2.0,2.0,1.0,1.0,1.0,0.0,0.0,0.0
8467,1.0,0.0,1.0,Black,,3,16.0,12.0,0.0,0.0,57.875,0.0,1.0,2.0,0.0,0.0,4.0,2.0,1.0,0.0,0.0,0.0
8468,0.0,0.0,1.0,Black,1.59,3,12.0,9.0,0.0,0.0,15.385,2.0,2.0,2.0,0.0,0.0,4.0,2.0,2.0,0.0,0.0,0.0
8469,1.0,0.0,1.0,Black,0.175,4,10.0,12.0,0.0,0.0,9.644,0.0,2.0,3.0,0.0,1.0,1.0,1.0,1.0,0.0,0.0,0.0
8470,0.0,0.0,1.0,Black,,4,12.0,9.0,0.0,0.0,16.58,0.0,3.0,2.0,0.0,0.0,2.0,2.0,1.0,0.0,0.0,0.0
8471,1.0,0.0,1.0,Black,4.6,10,,,0.0,0.0,31.554,3.0,2.0,2.0,0.0,0.0,3.0,5.0,1.0,0.0,1.0,0.0
8472,0.0,0.0,1.0,Black,4.6,10,,,0.0,0.0,1.867,10.0,3.0,4.0,3.0,0.0,4.0,5.0,4.0,0.0,,0.0
8473,0.0,0.0,0.0,Black,4.6,10,,,1.0,0.0,3.256,1.0,2.0,2.0,1.0,0.0,,1.0,1.0,0.0,0.0,0.0
8474,0.0,1.0,0.0,Black,7.3942,10,,,0.0,1.0,40.103,0.0,2.0,2.0,0.0,1.0,,1.0,1.0,0.0,0.0,1.0
8475,0.0,0.0,0.0,Black,7.3942,10,,12.0,0.0,0.0,36.797,0.0,3.0,3.0,5.0,5.0,3.0,1.0,1.0,1.0,1.0,1.0
8476,0.0,0.0,1.0,Black,,3,,,,1.0,,2.0,4.0,2.0,2.0,1.0,3.0,2.0,2.0,0.0,0.0,1.0
8477,0.0,0.0,0.0,Black,0.1405,4,,,0.0,1.0,0.0,1.0,2.0,2.0,1.0,4.0,1.0,1.0,1.0,0.0,0.0,0.0
8478,,,1.0,Black,0.35,3,11.0,,0.0,,,0.0,2.0,3.0,0.0,0.0,4.0,2.0,1.0,0.0,,0.0
8479,0.0,,1.0,Black,0.35,3,11.0,,0.0,,,2.0,2.0,2.0,0.0,0.0,2.0,1.0,1.0,0.0,,0.0
8481,1.0,0.0,0.0,Black,-0.815,4,16.0,16.0,0.0,0.0,50.367,0.0,2.0,3.0,1.0,1.0,5.0,3.0,1.0,1.0,1.0,0.0
8482,1.0,0.0,0.0,Black,-0.815,4,16.0,16.0,0.0,0.0,3.928,0.0,2.0,4.0,99.0,1.0,4.0,3.0,4.0,1.0,0.0,0.0
8483,1.0,1.0,0.0,Black,-0.815,4,16.0,16.0,0.0,0.0,4.332,0.0,2.0,3.0,1.0,2.0,2.0,3.0,2.0,0.0,0.0,0.0
8484,0.0,0.0,0.0,Hispanic,1.375,3,,3.0,0.0,0.0,,30.0,3.0,4.0,6.0,3.0,3.0,1.0,2.0,0.0,,1.0
8485,0.0,0.0,0.0,Hispanic,1.375,3,,3.0,0.0,0.0,,30.0,2.0,2.0,20.0,5.0,4.0,2.0,5.0,0.0,,1.0
8486,0.0,0.0,0.0,Hispanic,0.7,3,12.0,,0.0,,,2.0,2.0,2.0,0.0,1.0,3.0,2.0,4.0,0.0,,0.0
8487,0.0,0.0,0.0,Black,0.125,2,12.0,10.0,0.0,,22.135,3.0,3.0,4.0,0.0,0.0,2.0,1.0,2.0,1.0,0.0,0.0
8488,0.0,0.0,0.0,Black,4.635,3,12.0,16.0,0.0,0.0,,0.0,2.0,2.0,0.0,0.0,4.0,3.0,2.0,0.0,,0.0
8489,0.0,0.0,0.0,Black,5.25,2,12.0,15.0,0.0,,9.809,5.0,2.0,3.0,1.0,0.0,3.0,2.0,2.0,1.0,0.0,1.0
8490,0.0,0.0,1.0,Hispanic,2.505,4,,,0.0,0.0,24.778,10.0,2.0,3.0,1.0,1.0,4.0,2.0,1.0,0.0,0.0,0.0
8491,0.0,0.0,1.0,Hispanic,1.755,7,,,0.0,0.0,18.337,,2.0,2.0,0.0,0.0,5.0,2.0,1.0,1.0,0.0,0.0
8492,0.0,0.0,1.0,Hispanic,1.755,7,,,0.0,0.0,1.227,27.0,3.0,2.0,4.0,1.0,2.0,1.0,3.0,0.0,0.0,0.0
8493,0.0,0.0,1.0,Black,-0.325,2,,,0.0,,1.007,5.0,2.0,4.0,8.0,3.0,3.0,1.0,1.0,0.0,,1.0
8494,0.0,0.0,1.0,Hispanic,0.51,3,7.0,,0.0,,54.275,0.0,2.0,4.0,0.0,0.0,3.0,3.0,1.0,0.0,0.0,0.0
8495,0.0,0.0,1.0,Black,,2,11.0,,0.0,,,0.0,4.0,3.0,0.0,0.0,3.0,1.0,4.0,0.0,,0.0
8496,1.0,0.0,1.0,Black,,3,12.0,,0.0,,3.302,1.0,2.0,4.0,0.0,2.0,1.0,1.0,1.0,0.0,0.0,0.0
8497,1.0,0.0,1.0,Black,,8,,,,,1.405,4.0,2.0,3.0,0.0,0.0,4.0,1.0,1.0,0.0,0.0,0.0
8498,0.0,0.0,1.0,Hispanic,8.24,5,16.0,,0.0,0.0,83.241,3.0,1.0,2.0,0.0,0.0,3.0,1.0,1.0,0.0,0.0,0.0
8499,1.0,0.0,1.0,Black,,5,12.0,,0.0,0.0,48.577,4.0,2.0,3.0,0.0,0.0,3.0,4.0,1.0,0.0,0.0,1.0
8500,0.0,0.0,0.0,Hispanic,6.43,6,12.0,12.0,0.0,0.0,66.3,0.0,2.0,3.0,2.0,0.0,3.0,2.0,4.0,1.0,0.0,0.0
8501,1.0,0.0,0.0,Hispanic,6.43,6,12.0,12.0,0.0,0.0,88.603,3.0,1.0,1.0,0.0,1.0,1.0,1.0,3.0,0.0,0.0,0.0
8502,1.0,0.0,1.0,Hispanic,6.43,6,12.0,12.0,0.0,0.0,44.175,0.0,1.0,2.0,0.0,0.0,1.0,1.0,1.0,0.0,0.0,0.0
8503,1.0,0.0,0.0,Black,4.7709,4,10.0,,0.0,,23.928,2.0,2.0,2.0,1.0,5.0,3.0,2.0,2.0,0.0,,0.0
8504,1.0,0.0,0.0,Black,,4,12.0,7.0,1.0,,51.4,1.0,2.0,1.0,0.0,0.0,5.0,3.0,1.0,0.0,0.0,0.0
8505,0.0,0.0,1.0,Black,,4,12.0,,0.0,,12.546,0.0,3.0,3.0,1.0,3.0,2.0,1.0,1.0,0.0,0.0,0.0
8506,0.0,0.0,1.0,Black,0.05,4,11.0,,0.0,1.0,10.529,15.0,2.0,1.0,0.0,2.0,3.0,1.0,3.0,0.0,0.0,0.0
8507,0.0,0.0,0.0,Black,0.05,4,11.0,12.0,0.0,0.0,2.791,7.0,2.0,1.0,0.0,1.0,1.0,1.0,1.0,0.0,0.0,0.0
8508,0.0,0.0,1.0,Black,0.435,3,12.0,,0.0,0.0,11.732,0.0,2.0,2.0,0.0,0.0,2.0,1.0,3.0,0.0,0.0,0.0
8509,0.0,0.0,1.0,Black,0.426,3,12.0,12.0,0.0,0.0,1.567,1.0,3.0,3.0,0.0,0.0,5.0,4.0,2.0,0.0,0.0,1.0
8510,0.0,0.0,1.0,Black,0.0177,3,12.0,12.0,0.0,1.0,5.264,0.0,4.0,3.0,0.0,1.0,5.0,5.0,4.0,0.0,0.0,0.0
8511,0.0,0.0,0.0,Black,1.63,2,14.0,12.0,0.0,0.0,,0.0,2.0,1.0,0.0,0.0,3.0,2.0,1.0,0.0,0.0,0.0
8512,1.0,0.0,1.0,Black,6.9335,5,16.0,14.0,0.0,0.0,58.181,2.0,2.0,2.0,3.0,0.0,3.0,3.0,2.0,0.0,0.0,0.0
8513,1.0,0.0,1.0,Black,18.4501,4,12.0,12.0,0.0,0.0,18.38,5.0,2.0,1.0,0.0,4.0,3.0,1.0,2.0,0.0,0.0,0.0
8514,1.0,0.0,0.0,Black,8.61,4,12.0,12.0,0.0,0.0,21.984,2.0,2.0,3.0,1.0,2.0,2.0,1.0,1.0,0.0,0.0,0.0
8515,0.0,0.0,1.0,Black,8.61,4,12.0,12.0,0.0,0.0,22.208,0.0,3.0,2.0,2.0,1.0,3.0,1.0,1.0,0.0,,0.0
8516,1.0,0.0,0.0,Hispanic,0.8,6,5.0,5.0,0.0,,,4.0,2.0,3.0,2.0,1.0,2.0,1.0,1.0,0.0,,0.0
8517,,,0.0,Hispanic,0.8,6,5.0,5.0,0.0,,,2.0,2.0,2.0,0.0,0.0,1.0,1.0,1.0,0.0,,0.0
8518,1.0,0.0,0.0,Hispanic,0.8,6,5.0,5.0,0.0,,,4.0,2.0,2.0,0.0,2.0,1.0,1.0,1.0,0.0,,0.0
8519,0.0,0.0,0.0,Black,,4,15.0,,0.0,,30.582,0.0,2.0,2.0,0.0,1.0,4.0,5.0,1.0,0.0,,0.0
8520,1.0,0.0,1.0,Hispanic,1.67,6,,,1.0,0.0,48.894,2.0,2.0,3.0,0.0,0.0,4.0,5.0,1.0,0.0,0.0,0.0
8521,1.0,0.0,0.0,Hispanic,1.67,6,,,0.0,0.0,60.818,2.0,2.0,2.0,0.0,0.0,1.0,1.0,2.0,0.0,0.0,0.0
8522,0.0,0.0,1.0,Hispanic,2.85,5,6.0,,0.0,0.0,1.285,4.0,2.0,3.0,0.0,0.0,5.0,1.0,1.0,0.0,0.0,0.0
8523,0.0,0.0,0.0,Hispanic,2.85,5,6.0,,0.0,0.0,13.368,1.0,3.0,2.0,0.0,0.0,2.0,1.0,1.0,0.0,0.0,0.0
8524,1.0,0.0,1.0,Hispanic,8.7,6,16.0,12.0,0.0,0.0,46.45,0.0,3.0,3.0,0.0,0.0,2.0,3.0,2.0,0.0,0.0,0.0
8525,0.0,0.0,1.0,Hispanic,2.805,8,12.0,2.0,1.0,0.0,13.258,1.0,3.0,2.0,0.0,0.0,3.0,3.0,1.0,0.0,0.0,0.0
8526,0.0,0.0,1.0,Hispanic,2.805,8,12.0,2.0,1.0,0.0,4.132,0.0,3.0,4.0,0.0,0.0,3.0,2.0,2.0,0.0,0.0,0.0
8527,0.0,0.0,0.0,Hispanic,2.805,8,12.0,2.0,1.0,0.0,0.0,1.0,2.0,2.0,0.0,0.0,1.0,1.0,1.0,0.0,0.0,0.0
8528,1.0,0.0,0.0,Hispanic,1.8,4,4.0,14.0,1.0,0.0,45.918,2.0,2.0,2.0,0.0,0.0,2.0,1.0,1.0,0.0,0.0,0.0
8529,1.0,0.0,0.0,Hispanic,4.87,7,3.0,6.0,0.0,,61.395,2.0,2.0,2.0,0.0,0.0,1.0,1.0,2.0,1.0,0.0,0.0
8530,0.0,1.0,0.0,Hispanic,1.3,7,6.0,,1.0,0.0,15.172,0.0,2.0,3.0,1.0,0.0,3.0,4.0,3.0,0.0,0.0,1.0
8531,0.0,0.0,1.0,Hispanic,1.3,7,6.0,,0.0,0.0,9.7,10.0,2.0,2.0,0.0,1.0,2.0,2.0,3.0,0.0,0.0,0.0
8532,0.0,1.0,1.0,Hispanic,3.442,5,3.0,3.0,0.0,0.0,35.096,2.0,2.0,2.0,0.0,0.0,3.0,3.0,1.0,0.0,0.0,0.0
8533,0.0,0.0,0.0,Hispanic,3.975,9,5.0,6.0,0.0,0.0,0.118,0.0,2.0,1.0,0.0,0.0,3.0,1.0,1.0,0.0,0.0,0.0
8534,0.0,0.0,1.0,Hispanic,3.975,9,5.0,6.0,0.0,0.0,9.556,2.0,2.0,2.0,0.0,2.0,1.0,1.0,1.0,0.0,0.0,0.0
8535,0.0,1.0,1.0,Hispanic,11.79,7,9.0,11.0,0.0,0.0,31.244,2.0,2.0,1.0,2.0,0.0,5.0,5.0,2.0,1.0,1.0,0.0
8536,0.0,0.0,0.0,Hispanic,11.79,7,9.0,11.0,0.0,0.0,21.665,4.0,1.0,1.0,0.0,0.0,1.0,1.0,1.0,0.0,0.0,0.0
8537,0.0,0.0,0.0,Hispanic,2.5751,9,6.0,12.0,0.0,0.0,14.316,1.0,2.0,1.0,0.0,0.0,1.0,2.0,1.0,0.0,0.0,0.0
8538,0.0,0.0,0.0,Hispanic,2.5751,9,6.0,12.0,0.0,,23.976,5.0,3.0,,0.0,0.0,1.0,1.0,1.0,0.0,0.0,1.0
8539,0.0,1.0,0.0,Hispanic,0.175,10,,10.0,0.0,0.0,,1.0,2.0,2.0,0.0,0.0,1.0,1.0,2.0,1.0,0.0,0.0
8540,1.0,0.0,1.0,Hispanic,4.835,5,8.0,5.0,0.0,0.0,82.031,3.0,1.0,2.0,0.0,0.0,4.0,4.0,2.0,0.0,0.0,0.0
8541,1.0,0.0,0.0,Hispanic,4.835,5,8.0,5.0,0.0,0.0,,4.0,2.0,2.0,1.0,0.0,3.0,2.0,1.0,0.0,0.0,0.0
8542,0.0,0.0,0.0,Hispanic,4.33,4,,,0.0,0.0,19.715,2.0,1.0,2.0,3.0,0.0,3.0,3.0,2.0,1.0,1.0,0.0
8543,1.0,0.0,0.0,Hispanic,9.85,4,16.0,16.0,0.0,0.0,22.618,3.0,2.0,2.0,0.0,0.0,2.0,2.0,1.0,1.0,,0.0
8544,1.0,0.0,0.0,Hispanic,9.85,4,16.0,16.0,0.0,0.0,94.609,5.0,2.0,2.0,5.0,2.0,1.0,1.0,1.0,1.0,0.0,0.0
8545,0.0,0.0,1.0,Hispanic,6.675,4,6.0,,0.0,0.0,54.423,0.0,2.0,2.0,0.0,0.0,3.0,4.0,1.0,0.0,0.0,0.0
8546,0.0,0.0,1.0,Hispanic,6.675,4,6.0,,0.0,0.0,34.91,1.0,2.0,3.0,0.0,0.0,3.0,4.0,2.0,0.0,0.0,0.0
8547,0.0,0.0,0.0,Hispanic,7.78,7,3.0,4.0,0.0,,,0.0,2.0,2.0,0.0,0.0,1.0,1.0,4.0,0.0,0.0,0.0
8548,0.0,0.0,0.0,Hispanic,0.175,7,11.0,3.0,0.0,0.0,6.067,5.0,3.0,3.0,0.0,0.0,5.0,5.0,2.0,0.0,,0.0
8549,1.0,0.0,1.0,Hispanic,0.175,7,11.0,3.0,0.0,0.0,12.739,2.0,2.0,2.0,0.0,0.0,1.0,1.0,1.0,0.0,0.0,0.0
8550,1.0,0.0,0.0,Hispanic,4.75,4,12.0,14.0,0.0,0.0,17.862,0.0,1.0,2.0,0.0,0.0,1.0,1.0,1.0,0.0,0.0,0.0
8551,1.0,0.0,0.0,Hispanic,4.75,4,12.0,14.0,0.0,0.0,58.001,1.0,1.0,2.0,0.0,0.0,1.0,1.0,1.0,0.0,0.0,0.0
8552,0.0,0.0,1.0,Hispanic,15.8,5,,,0.0,0.0,21.35,4.0,2.0,2.0,0.0,1.0,2.0,1.0,1.0,0.0,1.0,0.0
8553,0.0,0.0,0.0,Hispanic,15.8,5,,,0.0,0.0,16.961,4.0,1.0,2.0,5.0,0.0,2.0,1.0,2.0,0.0,0.0,0.0
8554,1.0,0.0,0.0,Hispanic,0.495,7,6.0,2.0,1.0,0.0,,0.0,1.0,2.0,0.0,0.0,3.0,1.0,4.0,0.0,0.0,0.0
8555,0.0,0.0,1.0,Hispanic,0.495,7,6.0,2.0,1.0,0.0,,5.0,2.0,2.0,0.0,0.0,4.0,3.0,3.0,0.0,0.0,0.0
8556,0.0,0.0,1.0,Hispanic,0.345,4,8.0,6.0,1.0,0.0,,4.0,1.0,1.0,0.0,0.0,1.0,1.0,1.0,0.0,,0.0
8557,0.0,0.0,0.0,Hispanic,0.345,4,8.0,6.0,1.0,0.0,34.228,3.0,2.0,1.0,0.0,0.0,1.0,1.0,1.0,1.0,,0.0
8558,0.0,0.0,0.0,Hispanic,1.65,7,8.0,4.0,1.0,,,0.0,2.0,2.0,5.0,0.0,1.0,1.0,1.0,,,0.0
8559,0.0,0.0,0.0,Hispanic,4.8,3,14.0,14.0,0.0,,16.118,0.0,2.0,2.0,0.0,0.0,2.0,1.0,2.0,0.0,0.0,0.0
8560,0.0,0.0,0.0,Hispanic,1.33,3,13.0,12.0,0.0,,13.4,5.0,2.0,2.0,0.0,0.0,3.0,4.0,5.0,0.0,,0.0
8561,1.0,0.0,1.0,Hispanic,1.33,3,13.0,12.0,0.0,,43.06,5.0,4.0,2.0,0.0,0.0,1.0,2.0,4.0,0.0,0.0,0.0
8562,0.0,0.0,1.0,Hispanic,3.6,5,7.0,16.0,0.0,0.0,10.118,3.0,2.0,3.0,0.0,0.0,3.0,5.0,3.0,0.0,0.0,0.0
8563,1.0,0.0,0.0,Hispanic,5.25,5,11.0,12.0,0.0,0.0,24.562,0.0,2.0,2.0,0.0,0.0,3.0,2.0,1.0,0.0,,0.0
8564,1.0,1.0,1.0,Hispanic,0.67,4,14.0,11.0,0.0,0.0,40.051,8.0,2.0,3.0,0.0,0.0,4.0,2.0,4.0,0.0,0.0,0.0
8565,1.0,0.0,0.0,Hispanic,7.33,4,12.0,12.0,0.0,0.0,39.56,0.0,2.0,2.0,0.0,0.0,2.0,2.0,2.0,0.0,1.0,0.0
8566,0.0,0.0,0.0,Hispanic,9.455,5,9.0,7.0,0.0,0.0,35.969,0.0,2.0,1.0,0.0,0.0,1.0,1.0,2.0,0.0,0.0,0.0
8567,0.0,0.0,0.0,Hispanic,3.025,4,11.0,7.0,0.0,0.0,35.403,8.0,2.0,2.0,0.0,0.0,1.0,1.0,1.0,0.0,0.0,0.0
8568,0.0,0.0,0.0,Hispanic,3.025,4,11.0,7.0,0.0,0.0,30.281,9.0,2.0,2.0,0.0,0.0,1.0,1.0,1.0,0.0,0.0,0.0
8569,1.0,0.0,1.0,Black,0.375,6,10.0,,1.0,0.0,22.968,3.0,3.0,4.0,3.0,0.0,2.0,5.0,2.0,1.0,0.0,0.0
8570,0.0,0.0,0.0,Black,0.375,6,10.0,,1.0,0.0,60.682,4.0,2.0,2.0,1.0,2.0,2.0,1.0,2.0,1.0,0.0,1.0
8571,0.0,0.0,0.0,Black,,3,,13.0,,,5.552,0.0,3.0,3.0,2.0,1.0,3.0,3.0,3.0,1.0,1.0,1.0
8572,1.0,,0.0,Black,0.05,2,12.0,12.0,0.0,,,2.0,2.0,3.0,1.0,0.0,4.0,5.0,5.0,1.0,1.0,0.0
8573,1.0,1.0,1.0,Black,2.75,5,14.0,12.0,0.0,,33.191,0.0,2.0,2.0,0.0,0.0,3.0,4.0,2.0,1.0,0.0,0.0
8574,0.0,0.0,0.0,Black,,3,15.0,8.0,,,18.824,6.0,2.0,2.0,0.0,0.0,5.0,4.0,2.0,0.0,,0.0
8575,0.0,0.0,1.0,Hispanic,1.5,6,13.0,2.0,0.0,0.0,,31.0,3.0,4.0,0.0,0.0,4.0,5.0,2.0,0.0,0.0,0.0
8576,0.0,1.0,0.0,Hispanic,1.5,6,13.0,2.0,0.0,0.0,,32.0,2.0,3.0,0.0,0.0,3.0,3.0,3.0,1.0,0.0,1.0
8577,0.0,0.0,1.0,Hispanic,1.5,6,13.0,,0.0,1.0,,5.0,2.0,3.0,0.0,0.0,3.0,2.0,1.0,0.0,0.0,1.0
8578,1.0,0.0,1.0,Hispanic,24.4,2,19.0,19.0,0.0,0.0,98.371,3.0,2.0,2.0,1.0,0.0,1.0,4.0,1.0,1.0,0.0,0.0
8579,0.0,0.0,1.0,Hispanic,,4,14.0,16.0,0.0,0.0,80.941,3.0,2.0,2.0,1.0,0.0,4.0,5.0,2.0,0.0,0.0,0.0
8580,0.0,0.0,1.0,Hispanic,,5,12.0,,,0.0,,6.0,1.0,4.0,0.0,0.0,4.0,4.0,3.0,0.0,0.0,0.0
8581,1.0,0.0,0.0,Hispanic,,5,12.0,,,,,3.0,1.0,2.0,0.0,0.0,1.0,1.0,1.0,0.0,0.0,0.0
8582,1.0,0.0,1.0,Hispanic,0.05,5,6.0,9.0,1.0,0.0,,15.0,2.0,2.0,0.0,0.0,3.0,1.0,2.0,0.0,0.0,0.0
8583,0.0,0.0,1.0,Hispanic,0.05,5,6.0,9.0,1.0,0.0,,5.0,2.0,3.0,3.0,1.0,3.0,2.0,2.0,1.0,0.0,1.0
8584,0.0,0.0,1.0,Hispanic,0.05,5,6.0,9.0,1.0,0.0,,21.0,2.0,2.0,0.0,0.0,3.0,2.0,2.0,0.0,0.0,0.0
8585,0.0,0.0,0.0,Hispanic,0.08,8,,,1.0,,52.449,3.0,2.0,3.0,1.0,0.0,1.0,1.0,2.0,1.0,,0.0
8586,0.0,0.0,1.0,Hispanic,0.05,6,9.0,,0.0,0.0,12.861,20.0,2.0,2.0,0.0,0.0,4.0,3.0,4.0,0.0,0.0,0.0
8587,0.0,0.0,0.0,Hispanic,0.05,6,9.0,10.0,0.0,0.0,14.297,2.0,2.0,2.0,2.0,0.0,2.0,1.0,4.0,0.0,1.0,1.0
8588,0.0,0.0,1.0,Hispanic,-0.165,4,9.0,,0.0,0.0,33.809,10.0,2.0,2.0,1.0,0.0,1.0,1.0,1.0,0.0,1.0,0.0
8589,0.0,0.0,1.0,Hispanic,,4,7.0,7.0,,0.0,19.317,10.0,2.0,2.0,2.0,1.0,3.0,4.0,4.0,0.0,0.0,0.0
8590,1.0,0.0,1.0,Hispanic,9.0,3,12.0,14.0,0.0,0.0,61.725,2.0,2.0,3.0,0.0,0.0,1.0,1.0,1.0,1.0,0.0,0.0
8591,0.0,0.0,0.0,Hispanic,1.09,6,9.0,9.0,0.0,0.0,54.221,3.0,2.0,2.0,0.0,0.0,3.0,2.0,3.0,0.0,0.0,0.0
8592,1.0,0.0,0.0,Hispanic,1.09,6,9.0,9.0,0.0,,46.507,3.0,2.0,2.0,0.0,0.0,1.0,1.0,3.0,0.0,0.0,0.0
8593,0.0,0.0,0.0,Hispanic,11.75,8,12.0,9.0,0.0,1.0,20.991,1.0,1.0,2.0,4.0,1.0,3.0,2.0,1.0,1.0,1.0,0.0
8594,0.0,1.0,0.0,Hispanic,,6,12.0,12.0,,0.0,,4.0,1.0,1.0,0.0,0.0,2.0,2.0,1.0,0.0,1.0,1.0
8595,1.0,0.0,0.0,Hispanic,,4,16.0,13.0,,0.0,,1.0,2.0,2.0,0.0,0.0,2.0,1.0,1.0,0.0,,0.0
8596,0.0,0.0,1.0,Hispanic,4.975,9,9.0,11.0,0.0,0.0,30.761,3.0,2.0,2.0,0.0,0.0,2.0,1.0,1.0,0.0,0.0,0.0
8597,0.0,0.0,0.0,Hispanic,2.36,4,,12.0,0.0,,49.777,3.0,2.0,3.0,0.0,0.0,3.0,2.0,3.0,0.0,,0.0
8598,1.0,0.0,0.0,Hispanic,6.84,8,12.0,12.0,0.0,,18.889,3.0,1.0,2.0,7.0,3.0,2.0,3.0,1.0,0.0,0.0,0.0
8599,0.0,0.0,0.0,Hispanic,6.84,8,12.0,12.0,0.0,0.0,27.109,3.0,2.0,3.0,1.0,0.0,4.0,2.0,1.0,0.0,0.0,0.0
8600,1.0,0.0,1.0,Hispanic,0.125,5,12.0,12.0,0.0,0.0,70.717,3.0,2.0,2.0,0.0,0.0,4.0,3.0,2.0,0.0,0.0,0.0
8601,1.0,0.0,1.0,Hispanic,0.125,5,12.0,12.0,0.0,0.0,57.455,0.0,1.0,2.0,0.0,0.0,1.0,1.0,1.0,0.0,0.0,0.0
8602,0.0,0.0,0.0,Hispanic,1.525,3,12.0,,0.0,,27.548,1.0,2.0,2.0,0.0,0.0,2.0,1.0,2.0,1.0,0.0,0.0
8603,1.0,0.0,1.0,Hispanic,0.225,11,11.0,9.0,0.0,0.0,26.824,0.0,2.0,3.0,0.0,0.0,3.0,4.0,2.0,1.0,0.0,0.0
8604,0.0,0.0,0.0,Hispanic,,11,9.0,12.0,,,2.362,5.0,2.0,2.0,3.0,2.0,5.0,4.0,4.0,0.0,0.0,1.0
8605,0.0,0.0,0.0,Hispanic,0.225,11,11.0,9.0,0.0,0.0,14.885,0.0,2.0,1.0,0.0,0.0,1.0,1.0,1.0,0.0,0.0,0.0
8606,1.0,0.0,0.0,Hispanic,4.385,5,6.0,6.0,0.0,,65.428,6.0,2.0,3.0,0.0,0.0,1.0,2.0,3.0,0.0,,0.0
8607,1.0,0.0,0.0,Hispanic,4.385,5,6.0,6.0,0.0,0.0,45.397,0.0,2.0,2.0,0.0,0.0,1.0,1.0,2.0,0.0,,0.0
8608,1.0,0.0,1.0,Hispanic,4.7,4,6.0,6.0,0.0,0.0,47.709,0.0,3.0,3.0,1.0,0.0,1.0,1.0,1.0,0.0,0.0,0.0
8609,1.0,0.0,1.0,Hispanic,5.185,5,14.0,13.0,0.0,0.0,54.174,4.0,2.0,2.0,0.0,0.0,1.0,1.0,1.0,0.0,0.0,0.0
8610,0.0,0.0,1.0,Hispanic,5.185,5,14.0,13.0,0.0,0.0,75.08,11.0,2.0,2.0,0.0,0.0,1.0,1.0,1.0,0.0,,0.0
8611,0.0,0.0,1.0,Hispanic,1.11,4,12.0,,0.0,,2.34,4.0,2.0,2.0,6.0,0.0,5.0,3.0,5.0,1.0,1.0,1.0
8612,0.0,0.0,0.0,Hispanic,1.11,4,12.0,,0.0,,34.818,0.0,3.0,3.0,2.0,0.0,1.0,1.0,2.0,0.0,0.0,1.0
8613,1.0,0.0,0.0,Hispanic,25.75,4,14.0,,0.0,,,5.0,1.0,2.0,0.0,0.0,1.0,1.0,1.0,0.0,0.0,0.0
8614,1.0,0.0,0.0,Hispanic,,4,16.0,16.0,0.0,0.0,88.622,0.0,2.0,2.0,0.0,0.0,1.0,1.0,1.0,0.0,1.0,0.0
8615,1.0,0.0,0.0,Hispanic,,3,17.0,16.0,,,,0.0,2.0,3.0,0.0,0.0,4.0,5.0,1.0,0.0,,0.0
8616,0.0,0.0,1.0,Hispanic,0.4252,5,10.0,11.0,0.0,0.0,6.576,3.0,2.0,3.0,0.0,0.0,1.0,1.0,1.0,0.0,0.0,0.0
8617,0.0,0.0,0.0,Hispanic,0.4252,5,10.0,11.0,0.0,,0.0,1.0,2.0,2.0,0.0,0.0,1.0,1.0,1.0,0.0,,0.0
8618,0.0,0.0,0.0,Hispanic,,4,4.0,,0.0,0.0,46.574,1.0,2.0,3.0,0.0,0.0,2.0,3.0,1.0,0.0,0.0,1.0
8619,1.0,0.0,0.0,Hispanic,6.05,2,13.0,8.0,0.0,0.0,42.173,3.0,2.0,2.0,0.0,1.0,1.0,1.0,1.0,0.0,,0.0
8620,0.0,0.0,1.0,Hispanic,3.63,8,7.0,,0.0,,6.249,2.0,2.0,2.0,0.0,0.0,1.0,1.0,1.0,0.0,0.0,0.0
8621,1.0,0.0,0.0,Hispanic,2.315,4,11.0,,0.0,0.0,,4.0,2.0,3.0,0.0,0.0,1.0,3.0,1.0,0.0,0.0,0.0
8622,0.0,0.0,1.0,Hispanic,2.315,4,11.0,9.0,0.0,0.0,23.223,0.0,2.0,2.0,0.0,0.0,1.0,1.0,1.0,0.0,0.0,0.0
8623,0.0,0.0,0.0,Hispanic,0.45,4,6.0,4.0,0.0,0.0,19.049,4.0,1.0,1.0,0.0,0.0,1.0,1.0,1.0,0.0,0.0,0.0
8624,0.0,0.0,1.0,Hispanic,1.785,7,10.0,14.0,0.0,0.0,31.12,11.0,2.0,2.0,0.0,0.0,2.0,2.0,1.0,0.0,0.0,0.0
8625,0.0,0.0,0.0,Hispanic,3.91,5,9.0,9.0,0.0,0.0,,6.0,2.0,1.0,0.0,0.0,3.0,4.0,1.0,0.0,0.0,0.0
8626,0.0,0.0,1.0,Hispanic,,5,,,,0.0,,60.0,3.0,3.0,0.0,0.0,4.0,4.0,1.0,0.0,0.0,1.0
8627,0.0,0.0,1.0,Hispanic,2.4,6,6.0,8.0,0.0,0.0,7.063,5.0,2.0,2.0,0.0,1.0,3.0,1.0,1.0,0.0,0.0,0.0
8628,0.0,0.0,1.0,Hispanic,,4,11.0,2.0,,0.0,13.556,4.0,4.0,2.0,0.0,1.0,4.0,1.0,2.0,0.0,,1.0
8629,1.0,0.0,1.0,Black,0.89,2,15.0,12.0,0.0,0.0,48.427,0.0,1.0,1.0,0.0,0.0,4.0,2.0,4.0,1.0,0.0,0.0
8630,0.0,0.0,1.0,Black,7.25,4,12.0,10.0,0.0,1.0,26.684,5.0,2.0,3.0,0.0,0.0,2.0,1.0,5.0,0.0,0.0,0.0
8631,0.0,0.0,0.0,Black,0.75,4,12.0,10.0,0.0,0.0,5.688,4.0,2.0,4.0,0.0,1.0,2.0,1.0,1.0,0.0,0.0,1.0
8632,0.0,0.0,1.0,Black,3.73,8,10.0,,0.0,,,2.0,2.0,2.0,0.0,0.0,3.0,3.0,1.0,0.0,,0.0
8633,0.0,0.0,1.0,Black,3.73,8,7.0,,1.0,0.0,8.244,3.0,2.0,2.0,0.0,0.0,3.0,1.0,2.0,0.0,0.0,0.0
8634,0.0,0.0,1.0,Hispanic,0.1,7,6.0,,0.0,,,0.0,2.0,2.0,0.0,0.0,4.0,4.0,1.0,0.0,0.0,0.0
8635,0.0,0.0,0.0,Hispanic,7.55,7,6.0,2.0,0.0,,,15.0,2.0,2.0,0.0,0.0,2.0,3.0,5.0,1.0,,0.0
8636,0.0,0.0,0.0,Hispanic,7.55,7,6.0,,0.0,,,,1.0,2.0,0.0,1.0,1.0,1.0,1.0,0.0,,0.0
8637,0.0,0.0,0.0,Black,0.05,5,12.0,,0.0,,,5.0,4.0,3.0,0.0,2.0,5.0,5.0,5.0,0.0,0.0,1.0
8638,0.0,0.0,1.0,Black,4.575,7,10.0,12.0,0.0,1.0,3.173,7.0,2.0,2.0,1.0,1.0,,,2.0,0.0,0.0,0.0
8639,0.0,1.0,0.0,Black,4.575,7,10.0,12.0,0.0,,2.173,0.0,2.0,2.0,0.0,0.0,4.0,1.0,3.0,0.0,0.0,0.0
8640,0.0,0.0,1.0,Hispanic,0.95,6,6.0,6.0,0.0,0.0,17.339,5.0,2.0,2.0,0.0,0.0,1.0,1.0,1.0,1.0,0.0,0.0
8641,0.0,0.0,1.0,Hispanic,0.95,6,6.0,6.0,0.0,0.0,17.259,6.0,1.0,2.0,0.0,0.0,1.0,1.0,2.0,0.0,0.0,0.0
8642,0.0,0.0,0.0,Black,2.15,4,12.0,,0.0,1.0,11.202,6.0,4.0,2.0,3.0,1.0,3.0,1.0,5.0,1.0,1.0,0.0
8643,0.0,0.0,0.0,Hispanic,2.15,4,8.0,,0.0,1.0,19.284,,3.0,3.0,0.0,0.0,2.0,5.0,5.0,0.0,,1.0
8644,0.0,0.0,1.0,Black,2.15,4,12.0,,0.0,1.0,28.295,0.0,3.0,3.0,0.0,2.0,1.0,,1.0,0.0,0.0,0.0
8645,1.0,0.0,1.0,Hispanic,3.405,4,6.0,6.0,0.0,0.0,45.324,3.0,2.0,2.0,0.0,0.0,1.0,1.0,2.0,0.0,0.0,0.0
8646,1.0,0.0,1.0,Hispanic,3.405,4,6.0,6.0,0.0,0.0,68.281,4.0,2.0,2.0,0.0,0.0,1.0,1.0,1.0,0.0,0.0,0.0
8647,0.0,0.0,0.0,Hispanic,4.9701,4,12.0,13.0,0.0,0.0,12.46,0.0,2.0,4.0,1.0,0.0,5.0,3.0,5.0,1.0,0.0,1.0
8648,0.0,0.0,1.0,Hispanic,0.505,2,8.0,,0.0,,34.624,6.0,2.0,2.0,0.0,0.0,2.0,2.0,1.0,0.0,,0.0
8649,0.0,0.0,1.0,Black,2.15,4,10.0,12.0,0.0,,19.683,,3.0,4.0,0.0,1.0,2.0,4.0,4.0,0.0,,0.0
8650,0.0,0.0,1.0,Black,2.15,4,10.0,12.0,0.0,0.0,26.754,2.0,4.0,4.0,2.0,1.0,1.0,1.0,2.0,1.0,,1.0
8651,1.0,0.0,1.0,Hispanic,6.75,5,12.0,12.0,0.0,,90.072,5.0,2.0,3.0,0.0,0.0,3.0,2.0,4.0,0.0,,0.0
8652,0.0,0.0,1.0,Black,2.75,7,12.0,8.0,0.0,0.0,29.629,0.0,1.0,2.0,1.0,0.0,3.0,3.0,1.0,0.0,0.0,0.0
8653,0.0,0.0,1.0,Black,4.05,2,12.0,,0.0,,1.541,2.0,4.0,3.0,0.0,0.0,4.0,2.0,1.0,0.0,,0.0
8654,0.0,1.0,0.0,Black,0.75,4,11.0,10.0,0.0,0.0,,2.0,2.0,2.0,0.0,0.0,1.0,1.0,1.0,0.0,0.0,1.0
8655,0.0,0.0,0.0,Black,0.75,4,11.0,10.0,0.0,0.0,,4.0,3.0,2.0,0.0,1.0,5.0,3.0,4.0,0.0,0.0,1.0
8656,0.0,0.0,0.0,Black,0.505,7,10.0,12.0,0.0,0.0,1.11,0.0,2.0,2.0,0.0,0.0,2.0,2.0,1.0,0.0,0.0,0.0
8657,0.0,0.0,0.0,Black,0.505,7,10.0,12.0,0.0,0.0,20.325,5.0,2.0,3.0,0.0,0.0,2.0,1.0,1.0,0.0,0.0,0.0
8658,0.0,0.0,0.0,Black,0.05,4,8.0,,1.0,,,1.0,2.0,2.0,0.0,1.0,5.0,2.0,3.0,0.0,,0.0
8659,1.0,0.0,1.0,Black,,3,16.0,16.0,0.0,0.0,54.709,0.0,1.0,1.0,5.0,0.0,4.0,2.0,1.0,0.0,,0.0
8660,1.0,0.0,0.0,Black,0.85,2,10.0,,0.0,0.0,13.075,0.0,1.0,2.0,0.0,0.0,4.0,4.0,1.0,0.0,0.0,0.0
8661,1.0,0.0,1.0,Black,3.75,4,9.0,,0.0,,53.367,2.0,1.0,1.0,0.0,0.0,1.0,1.0,1.0,1.0,0.0,0.0
8662,0.0,0.0,0.0,Black,1.525,2,12.0,,0.0,,,0.0,2.0,1.0,0.0,0.0,3.0,2.0,1.0,0.0,0.0,0.0
8663,1.0,0.0,1.0,Black,,3,13.0,12.0,,,,3.0,1.0,1.0,1.0,0.0,3.0,1.0,1.0,1.0,,0.0
8664,1.0,,1.0,Black,,3,13.0,12.0,,,,1.0,3.0,3.0,0.0,0.0,4.0,4.0,1.0,0.0,,0.0
8665,0.0,0.0,0.0,Black,0.22,2,,11.0,0.0,0.0,3.479,2.0,2.0,2.0,0.0,1.0,1.0,1.0,1.0,0.0,1.0,0.0
8666,0.0,0.0,0.0,Black,1.83,2,16.0,12.0,0.0,1.0,,14.0,2.0,2.0,0.0,0.0,5.0,2.0,2.0,0.0,1.0,0.0
8667,0.0,0.0,0.0,Black,0.6155,7,10.0,,0.0,0.0,13.277,3.0,2.0,2.0,0.0,0.0,1.0,1.0,1.0,1.0,,0.0
8668,1.0,1.0,1.0,Black,0.385,3,10.0,11.0,0.0,1.0,34.357,4.0,2.0,2.0,0.0,0.0,4.0,2.0,1.0,0.0,0.0,0.0
8669,0.0,0.0,1.0,Black,0.385,3,10.0,11.0,0.0,0.0,0.949,6.0,3.0,3.0,0.0,2.0,4.0,3.0,2.0,0.0,0.0,0.0
8670,0.0,0.0,1.0,Black,0.89,2,,,0.0,,19.755,8.0,3.0,4.0,5.0,0.0,4.0,4.0,1.0,1.0,0.0,0.0
8671,0.0,0.0,1.0,Black,0.215,4,9.0,,0.0,0.0,15.364,2.0,2.0,2.0,0.0,0.0,1.0,1.0,2.0,0.0,0.0,0.0
8674,0.0,1.0,0.0,Black,3.14,6,14.0,5.0,0.0,0.0,3.81,6.0,2.0,1.0,0.0,0.0,1.0,1.0,1.0,0.0,0.0,0.0
8675,0.0,0.0,0.0,Black,3.75,4,,11.0,0.0,0.0,37.75,10.0,2.0,2.0,0.0,1.0,3.0,3.0,1.0,0.0,0.0,0.0
8676,0.0,0.0,0.0,Black,0.76,4,,12.0,0.0,0.0,53.806,12.0,2.0,2.0,0.0,0.0,3.0,3.0,1.0,0.0,0.0,0.0
8677,0.0,0.0,0.0,Black,0.76,4,,12.0,0.0,0.0,35.654,2.0,1.0,1.0,0.0,0.0,1.0,1.0,1.0,0.0,0.0,0.0
8678,0.0,0.0,1.0,Hispanic,0.05,5,9.0,,1.0,0.0,,9.0,2.0,2.0,0.0,0.0,1.0,1.0,1.0,0.0,0.0,0.0
8679,0.0,0.0,1.0,Black,4.31,4,11.0,10.0,0.0,0.0,,1.0,2.0,2.0,0.0,0.0,2.0,2.0,1.0,0.0,0.0,0.0
8680,0.0,0.0,1.0,Black,,2,12.0,,,,,0.0,2.0,2.0,0.0,0.0,2.0,1.0,1.0,0.0,,0.0
8681,0.0,0.0,1.0,Black,1.89,3,13.0,12.0,0.0,0.0,21.703,0.0,2.0,2.0,0.0,0.0,3.0,1.0,1.0,0.0,0.0,0.0
8683,0.0,0.0,0.0,Black,2.52,3,15.0,12.0,0.0,1.0,9.722,0.0,2.0,4.0,4.0,0.0,4.0,3.0,4.0,0.0,,0.0
8684,0.0,0.0,0.0,Black,,4,15.0,,1.0,,78.525,7.0,1.0,2.0,0.0,0.0,4.0,2.0,2.0,0.0,0.0,0.0
8685,0.0,0.0,1.0,Black,3.25,3,14.0,14.0,0.0,1.0,,,2.0,2.0,0.0,0.0,1.0,1.0,1.0,0.0,0.0,0.0
8686,0.0,0.0,0.0,Black,,4,,,0.0,1.0,,3.0,2.0,3.0,0.0,0.0,2.0,,1.0,0.0,,1.0
8687,0.0,0.0,1.0,Black,,6,12.0,12.0,,0.0,23.497,1.0,1.0,2.0,0.0,0.0,4.0,5.0,3.0,0.0,0.0,0.0
8688,0.0,0.0,1.0,Black,4.25,2,12.0,,0.0,,,4.0,2.0,2.0,0.0,0.0,3.0,3.0,1.0,1.0,,0.0
8689,0.0,1.0,1.0,Black,1.3,3,13.0,,0.0,1.0,,1.0,3.0,3.0,2.0,1.0,4.0,3.0,1.0,0.0,1.0,0.0
8690,1.0,,0.0,Black,,3,12.0,12.0,,,79.943,0.0,2.0,1.0,0.0,0.0,2.0,1.0,1.0,0.0,,0.0
8691,0.0,0.0,0.0,Black,0.05,3,11.0,12.0,0.0,0.0,51.585,3.0,2.0,2.0,0.0,0.0,1.0,1.0,1.0,0.0,0.0,0.0
8692,1.0,0.0,0.0,Black,,3,12.0,12.0,0.0,0.0,3.654,0.0,2.0,2.0,0.0,0.0,2.0,3.0,2.0,0.0,0.0,0.0
8693,0.0,0.0,1.0,Black,0.2,3,12.0,9.0,0.0,0.0,21.818,2.0,2.0,3.0,20.0,0.0,3.0,1.0,3.0,0.0,0.0,0.0
8694,0.0,0.0,0.0,Black,0.2,3,12.0,9.0,0.0,,13.816,3.0,1.0,1.0,0.0,0.0,4.0,4.0,3.0,1.0,0.0,0.0
8695,1.0,0.0,1.0,Black,1.91,3,12.0,12.0,0.0,0.0,82.767,0.0,2.0,1.0,0.0,0.0,2.0,2.0,1.0,0.0,0.0,0.0
8696,1.0,0.0,1.0,Black,-0.75,2,12.0,11.0,0.0,0.0,,3.0,2.0,2.0,0.0,0.0,1.0,1.0,1.0,1.0,1.0,1.0
8697,0.0,0.0,1.0,Black,0.635,2,12.0,12.0,0.0,,27.007,5.0,2.0,2.0,0.0,0.0,2.0,1.0,1.0,0.0,0.0,0.0
8698,0.0,0.0,1.0,Black,-0.2,3,12.0,,0.0,,67.397,10.0,2.0,2.0,0.0,0.0,2.0,2.0,1.0,1.0,,1.0
8699,1.0,0.0,1.0,Black,0.75,2,16.0,13.0,0.0,,8.351,1.0,3.0,2.0,2.0,0.0,3.0,3.0,1.0,1.0,1.0,0.0
8700,1.0,0.0,1.0,Black,3.0,4,16.0,16.0,0.0,0.0,30.361,1.0,2.0,2.0,0.0,0.0,2.0,1.0,1.0,1.0,,1.0
8701,0.0,,1.0,Hispanic,2.406,8,,,1.0,0.0,40.375,0.0,1.0,2.0,5.0,0.0,1.0,1.0,1.0,0.0,,1.0
8702,0.0,0.0,0.0,Black,2.435,5,,12.0,0.0,0.0,,3.0,2.0,2.0,0.0,0.0,3.0,2.0,2.0,0.0,0.0,1.0
8703,0.0,0.0,1.0,Black,2.435,5,,12.0,0.0,0.0,,10.0,3.0,2.0,0.0,0.0,4.0,2.0,3.0,1.0,0.0,0.0
8704,0.0,0.0,0.0,Black,2.435,5,,12.0,0.0,0.0,,10.0,1.0,1.0,0.0,0.0,4.0,4.0,4.0,1.0,0.0,1.0
8705,0.0,0.0,1.0,Black,2.435,5,,12.0,0.0,,,3.0,2.0,2.0,0.0,0.0,3.0,2.0,2.0,0.0,,0.0
8706,1.0,0.0,0.0,Black,6.65,2,16.0,,0.0,0.0,43.512,3.0,2.0,3.0,0.0,0.0,3.0,2.0,1.0,1.0,1.0,1.0
8707,0.0,0.0,0.0,Black,9.685,3,14.0,14.0,0.0,0.0,60.778,0.0,2.0,2.0,0.0,0.0,3.0,2.0,1.0,0.0,,0.0
8708,0.0,0.0,0.0,Black,,5,12.0,12.0,0.0,0.0,12.52,0.0,2.0,2.0,0.0,1.0,1.0,1.0,2.0,0.0,,1.0
8709,1.0,0.0,0.0,Hispanic,8.79,4,20.0,13.0,0.0,0.0,80.541,0.0,2.0,3.0,0.0,0.0,3.0,2.0,1.0,0.0,0.0,0.0
8710,0.0,0.0,0.0,Hispanic,8.79,4,20.0,13.0,0.0,,65.183,4.0,2.0,2.0,0.0,1.0,2.0,2.0,1.0,0.0,0.0,0.0
8711,0.0,0.0,1.0,Black,-0.01,6,12.0,8.0,0.0,,7.59,5.0,3.0,2.0,0.0,0.0,3.0,2.0,2.0,0.0,0.0,0.0
8712,1.0,0.0,1.0,Black,-0.01,6,12.0,8.0,0.0,1.0,10.978,,2.0,2.0,0.0,0.0,,1.0,1.0,0.0,0.0,0.0
8713,0.0,0.0,1.0,Black,0.195,2,11.0,,0.0,1.0,19.865,3.0,3.0,2.0,0.0,0.0,5.0,4.0,2.0,0.0,0.0,0.0
8714,0.0,0.0,0.0,Black,0.375,4,12.0,12.0,1.0,,32.406,27.0,2.0,4.0,0.0,0.0,4.0,5.0,4.0,0.0,0.0,0.0
8715,0.0,0.0,1.0,Black,,5,11.0,,0.0,0.0,1.117,,2.0,2.0,0.0,0.0,1.0,1.0,3.0,0.0,0.0,0.0
8716,1.0,1.0,1.0,Black,-0.99,3,14.0,16.0,0.0,0.0,47.345,1.0,2.0,3.0,1.0,0.0,1.0,1.0,1.0,1.0,0.0,0.0
8717,0.0,0.0,1.0,Black,1.75,7,12.0,11.0,1.0,0.0,9.99,20.0,1.0,1.0,0.0,0.0,5.0,5.0,1.0,1.0,0.0,1.0
8718,0.0,0.0,0.0,Black,1.75,7,12.0,12.0,1.0,,5.262,4.0,2.0,2.0,0.0,1.0,3.0,2.0,2.0,0.0,1.0,1.0
8719,0.0,0.0,0.0,Black,0.359,4,13.0,11.0,0.0,0.0,1.412,,1.0,1.0,0.0,0.0,3.0,5.0,2.0,1.0,0.0,1.0
8720,0.0,0.0,1.0,Black,0.359,4,13.0,11.0,0.0,0.0,1.579,2.0,3.0,3.0,2.0,3.0,4.0,1.0,2.0,1.0,0.0,1.0
8721,0.0,0.0,0.0,Black,,4,11.0,12.0,0.0,,45.112,0.0,4.0,3.0,2.0,0.0,4.0,3.0,4.0,0.0,0.0,1.0
8722,0.0,0.0,1.0,Black,0.05,3,9.0,10.0,0.0,1.0,3.665,0.0,2.0,2.0,0.0,0.0,1.0,1.0,1.0,0.0,1.0,1.0
8723,0.0,0.0,1.0,Hispanic,,2,,,,0.0,,40.0,2.0,2.0,0.0,0.0,5.0,5.0,3.0,0.0,,0.0
8724,0.0,0.0,0.0,Black,-0.295,5,14.0,19.0,0.0,0.0,46.982,3.0,1.0,2.0,0.0,0.0,2.0,2.0,2.0,0.0,0.0,0.0
8725,0.0,0.0,1.0,Black,-0.295,5,14.0,19.0,0.0,0.0,19.94,2.0,1.0,2.0,0.0,0.0,1.0,1.0,1.0,0.0,0.0,0.0
8726,0.0,0.0,1.0,Black,0.35,6,12.0,12.0,0.0,1.0,48.174,5.0,2.0,3.0,0.0,0.0,2.0,2.0,1.0,0.0,0.0,0.0
8727,1.0,0.0,1.0,Black,0.35,6,12.0,12.0,0.0,1.0,43.201,2.0,2.0,2.0,0.0,0.0,2.0,1.0,1.0,0.0,0.0,0.0
8728,0.0,0.0,1.0,Hispanic,,6,13.0,10.0,0.0,0.0,9.527,20.0,2.0,3.0,4.0,2.0,4.0,4.0,4.0,0.0,,1.0
8729,1.0,0.0,1.0,Black,-0.25,13,12.0,,0.0,0.0,,5.0,1.0,1.0,1.0,0.0,3.0,3.0,2.0,0.0,0.0,0.0
8730,0.0,0.0,1.0,Black,0.375,3,12.0,3.0,0.0,0.0,11.692,10.0,2.0,2.0,0.0,0.0,2.0,2.0,2.0,1.0,,0.0
8731,1.0,0.0,1.0,Black,,3,13.0,12.0,0.0,0.0,36.256,2.0,2.0,2.0,0.0,0.0,3.0,2.0,2.0,0.0,0.0,0.0
8732,0.0,0.0,1.0,Hispanic,6.7,5,11.0,3.0,0.0,0.0,,4.0,2.0,3.0,0.0,0.0,4.0,3.0,3.0,0.0,0.0,1.0
8733,0.0,0.0,1.0,Hispanic,6.7,5,11.0,3.0,0.0,0.0,,1.0,3.0,2.0,0.0,0.0,5.0,3.0,5.0,0.0,,0.0
8734,0.0,0.0,0.0,Hispanic,6.7,5,11.0,3.0,0.0,,,9.0,2.0,2.0,10.0,18.0,1.0,1.0,1.0,1.0,,0.0
8735,0.0,0.0,1.0,Black,0.05,9,12.0,9.0,0.0,0.0,,4.0,3.0,2.0,7.0,50.0,5.0,4.0,5.0,1.0,0.0,0.0
8736,0.0,0.0,0.0,Black,0.05,9,12.0,9.0,1.0,0.0,,5.0,3.0,3.0,0.0,1.0,5.0,4.0,4.0,1.0,0.0,
8737,0.0,0.0,1.0,Black,0.05,9,12.0,9.0,1.0,0.0,,5.0,2.0,2.0,10.0,2.0,5.0,3.0,3.0,1.0,,1.0
8738,1.0,0.0,0.0,Black,0.05,9,12.0,9.0,1.0,,,1.0,2.0,2.0,0.0,0.0,3.0,,5.0,0.0,0.0,0.0
8739,0.0,0.0,0.0,Hispanic,3.18,4,10.0,10.0,0.0,,40.094,,2.0,3.0,0.0,0.0,1.0,1.0,1.0,1.0,0.0,0.0
8740,0.0,0.0,1.0,Hispanic,3.55,3,14.0,10.0,0.0,0.0,55.569,5.0,2.0,2.0,0.0,0.0,1.0,1.0,1.0,1.0,,0.0
8741,1.0,0.0,0.0,White,,4,12.0,16.0,0.0,0.0,,3.0,1.0,1.0,0.0,0.0,2.0,3.0,1.0,0.0,,0.0
8742,1.0,0.0,0.0,White,,4,12.0,16.0,0.0,0.0,,5.0,1.0,2.0,0.0,0.0,2.0,2.0,1.0,0.0,0.0,0.0
8743,1.0,1.0,1.0,White,17.9,4,12.0,14.0,0.0,0.0,,8.0,2.0,2.0,2.0,0.0,3.0,4.0,2.0,0.0,1.0,0.0
8745,0.0,0.0,1.0,Black,0.1,5,12.0,16.0,0.0,0.0,,0.0,2.0,3.0,1.0,0.0,2.0,1.0,1.0,0.0,0.0,0.0
8746,0.0,0.0,0.0,Black,11.575,4,12.0,,0.0,0.0,4.971,0.0,4.0,3.0,0.0,1.0,2.0,4.0,4.0,0.0,0.0,1.0
8747,0.0,0.0,0.0,Black,,8,10.0,12.0,0.0,0.0,5.811,3.0,3.0,2.0,0.0,2.0,5.0,2.0,2.0,0.0,,1.0
8748,0.0,0.0,1.0,Black,,8,10.0,,0.0,0.0,12.212,30.0,2.0,2.0,0.0,0.0,5.0,5.0,3.0,,0.0,0.0
8749,0.0,0.0,1.0,Black,,8,10.0,,0.0,0.0,2.011,20.0,3.0,2.0,1.0,7.0,2.0,1.0,2.0,0.0,0.0,0.0
8750,1.0,0.0,0.0,White,6.655,2,15.0,18.0,0.0,0.0,72.044,4.0,3.0,3.0,3.0,1.0,3.0,4.0,1.0,0.0,1.0,1.0
8751,1.0,0.0,1.0,White,11.15,4,16.0,14.0,0.0,0.0,47.911,10.0,3.0,3.0,0.0,0.0,4.0,4.0,1.0,0.0,,0.0
8752,1.0,0.0,1.0,White,2.05,3,11.0,12.0,0.0,0.0,55.981,7.0,1.0,2.0,1.0,1.0,3.0,1.0,1.0,0.0,0.0,0.0
8753,0.0,1.0,0.0,White,,5,12.0,12.0,0.0,0.0,20.032,1.0,2.0,2.0,0.0,0.0,3.0,2.0,1.0,1.0,,0.0
8754,0.0,0.0,0.0,White,,7,8.0,,,0.0,5.649,5.0,2.0,2.0,0.0,2.0,3.0,2.0,1.0,1.0,1.0,0.0
8755,0.0,0.0,0.0,White,,7,8.0,,,0.0,1.235,5.0,2.0,2.0,0.0,2.0,1.0,1.0,1.0,0.0,0.0,0.0
8756,1.0,0.0,0.0,Hispanic,,7,11.0,11.0,1.0,1.0,45.069,6.0,2.0,,0.0,0.0,2.0,2.0,2.0,0.0,0.0,0.0
8757,0.0,0.0,0.0,Black,,7,11.0,11.0,1.0,1.0,25.726,,2.0,2.0,0.0,0.0,4.0,,,0.0,0.0,
8758,0.0,0.0,0.0,White,,3,15.0,,0.0,0.0,22.39,4.0,2.0,2.0,0.0,0.0,2.0,2.0,1.0,0.0,0.0,1.0
8759,0.0,0.0,0.0,White,,7,,12.0,0.0,1.0,16.714,0.0,2.0,2.0,0.0,2.0,5.0,1.0,1.0,0.0,1.0,0.0
8760,1.0,0.0,0.0,White,1.35,4,13.0,16.0,0.0,0.0,76.141,1.0,2.0,2.0,0.0,0.0,2.0,1.0,1.0,0.0,0.0,0.0
8761,0.0,0.0,0.0,White,1.035,2,12.0,12.0,0.0,0.0,0.0,4.0,1.0,2.0,0.0,1.0,4.0,2.0,1.0,0.0,0.0,1.0
8762,1.0,0.0,1.0,White,2.27,5,10.0,12.0,0.0,,86.172,1.0,1.0,2.0,0.0,0.0,2.0,1.0,1.0,0.0,0.0,0.0
8763,1.0,0.0,0.0,White,24.25,4,6.0,16.0,0.0,0.0,66.48,0.0,2.0,2.0,4.0,0.0,3.0,4.0,3.0,1.0,0.0,0.0
8764,1.0,0.0,0.0,Hispanic,,5,16.0,,0.0,0.0,95.374,5.0,2.0,2.0,0.0,0.0,1.0,1.0,1.0,0.0,0.0,0.0
8765,0.0,0.0,1.0,Black,0.05,8,10.0,10.0,0.0,1.0,,1.0,2.0,2.0,2.0,1.0,,5.0,3.0,1.0,0.0,0.0
8766,1.0,0.0,1.0,White,1.275,5,16.0,14.0,0.0,0.0,,2.0,2.0,3.0,0.0,0.0,2.0,3.0,2.0,0.0,0.0,0.0
8767,1.0,0.0,1.0,Hispanic,,1,,,,,,0.0,1.0,2.0,0.0,0.0,1.0,1.0,1.0,0.0,0.0,0.0
8768,1.0,0.0,1.0,Black,,5,17.0,18.0,0.0,0.0,98.134,1.0,2.0,2.0,0.0,0.0,2.0,1.0,1.0,0.0,0.0,0.0
8769,0.0,0.0,1.0,Black,,5,17.0,18.0,0.0,0.0,67.137,2.0,2.0,2.0,0.0,0.0,2.0,3.0,1.0,1.0,0.0,0.0
8770,0.0,0.0,0.0,White,4.8573,6,13.0,13.0,0.0,0.0,27.404,4.0,2.0,3.0,7.0,13.0,3.0,1.0,1.0,0.0,0.0,0.0
8771,0.0,0.0,0.0,White,4.8573,6,13.0,13.0,0.0,0.0,2.928,3.0,3.0,4.0,10.0,2.0,5.0,1.0,1.0,0.0,0.0,1.0
8772,1.0,0.0,0.0,Hispanic,1.405,5,20.0,16.0,0.0,,20.171,0.0,2.0,1.0,0.0,0.0,1.0,1.0,1.0,0.0,,0.0
8773,1.0,0.0,0.0,White,,6,13.0,13.0,0.0,0.0,75.842,5.0,3.0,3.0,20.0,2.0,3.0,2.0,4.0,1.0,0.0,1.0
8774,0.0,0.0,1.0,Black,1.562,3,14.0,12.0,0.0,0.0,12.02,2.0,2.0,3.0,2.0,0.0,1.0,1.0,2.0,0.0,1.0,0.0
8775,0.0,0.0,1.0,Black,5.225,3,12.0,12.0,0.0,0.0,,2.0,2.0,2.0,0.0,0.0,1.0,1.0,1.0,1.0,,0.0
8776,0.0,0.0,0.0,Hispanic,0.2,6,,12.0,0.0,,3.988,3.0,2.0,2.0,0.0,0.0,3.0,2.0,2.0,0.0,0.0,1.0
8777,0.0,0.0,0.0,Hispanic,,5,9.0,5.0,,0.0,,0.0,2.0,2.0,0.0,0.0,1.0,1.0,1.0,0.0,,0.0
8778,0.0,0.0,1.0,Other,,3,8.0,,,,3.127,,,,,,5.0,4.0,3.0,0.0,0.0,0.0
8779,,,0.0,Hispanic,,4,6.0,,0.0,,,,2.0,2.0,,,,,,0.0,,0.0
8780,0.0,0.0,1.0,Hispanic,,4,6.0,,0.0,,95.476,0.0,2.0,2.0,0.0,0.0,1.0,,,0.0,0.0,0.0
8781,0.0,0.0,1.0,Hispanic,0.525,2,5.0,,0.0,0.0,25.754,,2.0,1.0,,,2.0,1.0,2.0,0.0,0.0,0.0
8782,1.0,0.0,1.0,Hispanic,,6,16.0,14.0,,0.0,,6.0,2.0,2.0,0.0,0.0,5.0,4.0,2.0,0.0,1.0,0.0
8783,1.0,0.0,0.0,Hispanic,,6,16.0,14.0,,0.0,,1.0,2.0,2.0,0.0,0.0,1.0,1.0,2.0,0.0,0.0,0.0
8784,1.0,0.0,1.0,Hispanic,0.8,5,8.0,12.0,0.0,,61.247,2.0,2.0,1.0,2.0,0.0,1.0,1.0,1.0,1.0,,0.0
8785,0.0,0.0,1.0,Black,0.455,7,12.0,11.0,0.0,0.0,6.939,6.0,2.0,3.0,0.0,0.0,3.0,1.0,1.0,0.0,0.0,0.0
8786,0.0,0.0,0.0,Black,3.52,4,12.0,15.0,0.0,0.0,15.663,6.0,2.0,2.0,0.0,0.0,4.0,1.0,4.0,1.0,0.0,1.0
8787,0.0,0.0,1.0,Black,3.325,4,13.0,12.0,0.0,0.0,11.401,4.0,2.0,2.0,0.0,1.0,3.0,2.0,1.0,1.0,0.0,0.0
8788,1.0,,0.0,White,8.5,6,11.0,14.0,0.0,0.0,35.592,12.0,2.0,2.0,0.0,0.0,1.0,2.0,1.0,0.0,0.0,0.0
8789,0.0,0.0,0.0,White,8.5,6,11.0,14.0,0.0,0.0,33.815,2.0,2.0,3.0,0.0,0.0,1.0,1.0,1.0,0.0,0.0,0.0
8790,1.0,0.0,1.0,White,8.5,6,18.0,,0.0,0.0,74.539,2.0,2.0,2.0,0.0,0.0,1.0,1.0,1.0,0.0,0.0,0.0
8791,1.0,0.0,1.0,White,22.45,4,14.0,12.0,0.0,0.0,51.833,11.0,1.0,1.0,0.0,0.0,1.0,1.0,1.0,0.0,0.0,0.0
8792,0.0,0.0,1.0,Black,0.325,7,11.0,14.0,0.0,0.0,14.665,0.0,2.0,2.0,0.0,0.0,2.0,1.0,1.0,0.0,0.0,0.0
8793,1.0,0.0,1.0,Black,0.325,7,11.0,14.0,0.0,0.0,20.249,0.0,4.0,3.0,0.0,0.0,4.0,1.0,1.0,0.0,0.0,0.0
8794,0.0,0.0,0.0,Black,0.325,7,11.0,14.0,0.0,0.0,22.298,0.0,2.0,1.0,20.0,0.0,3.0,2.0,2.0,1.0,1.0,0.0
8795,0.0,0.0,0.0,Black,0.325,7,11.0,14.0,0.0,0.0,64.417,1.0,3.0,1.0,5.0,0.0,1.0,1.0,1.0,1.0,0.0,0.0
8796,1.0,0.0,1.0,Black,0.325,7,11.0,14.0,0.0,0.0,35.864,0.0,2.0,2.0,0.0,0.0,1.0,1.0,1.0,0.0,,0.0
8797,1.0,0.0,1.0,Black,2.35,3,,,0.0,,54.874,1.0,2.0,2.0,0.0,0.0,2.0,1.0,1.0,0.0,0.0,0.0
8798,0.0,0.0,0.0,White,37.2001,6,14.0,12.0,0.0,,31.849,4.0,2.0,2.0,0.0,0.0,2.0,2.0,1.0,0.0,,0.0
8799,0.0,0.0,0.0,White,37.2001,6,14.0,12.0,0.0,0.0,44.382,5.0,2.0,2.0,0.0,0.0,1.0,1.0,1.0,0.0,,0.0
8800,0.0,0.0,0.0,White,37.2001,6,14.0,12.0,0.0,0.0,25.306,2.0,2.0,2.0,0.0,0.0,3.0,2.0,2.0,0.0,,1.0
8801,0.0,0.0,0.0,Black,0.0432,5,7.0,12.0,0.0,0.0,23.818,0.0,2.0,3.0,0.0,0.0,1.0,1.0,1.0,0.0,0.0,1.0
8802,0.0,0.0,0.0,White,,6,,,0.0,0.0,,,2.0,4.0,,,2.0,1.0,1.0,0.0,0.0,1.0
8803,0.0,0.0,0.0,White,,6,,,0.0,0.0,15.788,17.0,2.0,2.0,0.0,,2.0,1.0,1.0,1.0,0.0,0.0
8804,0.0,0.0,0.0,White,,6,,,0.0,1.0,36.067,2.0,2.0,1.0,0.0,0.0,1.0,1.0,2.0,0.0,0.0,1.0
8805,1.0,0.0,1.0,Hispanic,5.675,5,12.0,11.0,0.0,0.0,27.671,3.0,3.0,3.0,0.0,0.0,4.0,4.0,2.0,1.0,0.0,0.0
8806,1.0,0.0,1.0,Hispanic,0.375,5,2.0,5.0,0.0,0.0,35.045,1.0,1.0,1.0,0.0,0.0,1.0,,2.0,0.0,1.0,0.0
8807,1.0,0.0,0.0,Hispanic,8.125,4,14.0,12.0,0.0,,37.845,5.0,2.0,2.0,0.0,0.0,2.0,2.0,1.0,0.0,,0.0
8808,1.0,0.0,1.0,Hispanic,8.125,4,14.0,12.0,0.0,,44.969,2.0,2.0,2.0,0.0,0.0,2.0,2.0,2.0,0.0,,0.0
8809,0.0,0.0,1.0,Hispanic,0.075,4,13.0,12.0,0.0,,34.472,30.0,2.0,4.0,0.0,0.0,4.0,5.0,5.0,0.0,0.0,0.0
8810,1.0,1.0,1.0,Hispanic,,4,14.0,14.0,,0.0,63.728,7.0,2.0,3.0,0.0,0.0,3.0,3.0,1.0,0.0,0.0,0.0
8811,1.0,,0.0,Hispanic,,4,14.0,14.0,,,46.521,10.0,2.0,3.0,2.0,2.0,3.0,3.0,2.0,0.0,0.0,1.0
8812,1.0,,1.0,White,,5,16.0,16.0,,,64.81,0.0,2.0,2.0,0.0,0.0,3.0,3.0,2.0,0.0,,0.0
8813,1.0,0.0,1.0,White,,5,16.0,16.0,,,81.234,0.0,2.0,2.0,0.0,0.0,4.0,1.0,2.0,0.0,0.0,0.0
8814,1.0,0.0,1.0,White,,5,16.0,16.0,,,64.37,2.0,1.0,2.0,1.0,0.0,2.0,1.0,2.0,1.0,0.0,1.0
8815,1.0,0.0,1.0,Hispanic,,4,12.0,,,0.0,2.926,5.0,2.0,1.0,0.0,0.0,2.0,2.0,2.0,0.0,0.0,0.0
8816,1.0,0.0,0.0,Hispanic,23.0901,5,9.0,12.0,0.0,0.0,48.438,1.0,2.0,2.0,1.0,0.0,2.0,1.0,2.0,1.0,0.0,1.0
8817,0.0,,0.0,White,2.375,2,12.0,17.0,0.0,,,8.0,3.0,3.0,15.0,0.0,4.0,4.0,2.0,1.0,1.0,1.0
8818,0.0,0.0,1.0,Hispanic,0.15,6,9.0,4.0,0.0,0.0,16.971,2.0,1.0,2.0,0.0,0.0,1.0,2.0,1.0,0.0,0.0,0.0
8819,0.0,0.0,0.0,Hispanic,0.15,6,9.0,4.0,0.0,0.0,,0.0,2.0,1.0,0.0,0.0,2.0,1.0,3.0,0.0,1.0,1.0
8820,0.0,0.0,0.0,Hispanic,0.15,6,9.0,4.0,0.0,0.0,,0.0,2.0,1.0,0.0,0.0,2.0,1.0,2.0,0.0,0.0,0.0
8821,1.0,0.0,1.0,Hispanic,0.15,6,9.0,4.0,0.0,0.0,,0.0,1.0,1.0,0.0,0.0,1.0,1.0,2.0,0.0,0.0,0.0
8822,0.0,1.0,1.0,White,1.1545,7,,8.0,0.0,,71.16,15.0,2.0,2.0,2.0,0.0,3.0,1.0,2.0,1.0,0.0,0.0
8823,0.0,0.0,0.0,White,,7,12.0,9.0,,0.0,0.136,10.0,2.0,2.0,1.0,1.0,5.0,1.0,3.0,0.0,0.0,0.0
8824,0.0,0.0,0.0,Asian,,5,14.0,7.0,,0.0,38.4,2.0,2.0,2.0,0.0,0.0,4.0,4.0,1.0,0.0,0.0,1.0
8825,0.0,0.0,0.0,White,4.5,2,11.0,,0.0,1.0,11.218,21.0,2.0,2.0,0.0,1.0,3.0,1.0,1.0,0.0,0.0,1.0
8826,0.0,0.0,1.0,White,0.375,3,12.0,12.0,0.0,,17.189,5.0,2.0,4.0,4.0,1.0,5.0,4.0,2.0,0.0,0.0,1.0
8827,0.0,0.0,1.0,Other,0.375,3,12.0,12.0,0.0,0.0,8.73,10.0,2.0,3.0,2.0,1.0,5.0,4.0,2.0,0.0,0.0,1.0
8828,1.0,0.0,0.0,Hispanic,5.29,3,12.0,12.0,0.0,0.0,,46.0,2.0,1.0,0.0,0.0,2.0,2.0,1.0,0.0,0.0,1.0
8829,1.0,0.0,1.0,Hispanic,5.29,3,12.0,12.0,0.0,,,3.0,4.0,2.0,0.0,0.0,1.0,1.0,1.0,0.0,0.0,0.0
8830,0.0,0.0,1.0,White,19.97,5,12.0,12.0,0.0,,75.4,1.0,3.0,2.0,0.0,0.0,3.0,2.0,1.0,0.0,0.0,0.0
8831,0.0,0.0,1.0,White,,5,12.0,12.0,,,65.33,3.0,4.0,2.0,0.0,0.0,3.0,2.0,2.0,0.0,,0.0
8832,1.0,0.0,1.0,White,0.95,4,12.0,11.0,0.0,0.0,51.977,6.0,1.0,1.0,0.0,0.0,3.0,2.0,1.0,0.0,,0.0
8833,0.0,0.0,0.0,White,6.65,4,12.0,12.0,0.0,0.0,,0.0,2.0,3.0,0.0,1.0,4.0,2.0,1.0,0.0,,0.0
8834,1.0,0.0,0.0,Black,1.73,6,12.0,12.0,0.0,0.0,,11.0,3.0,3.0,0.0,1.0,4.0,3.0,2.0,1.0,0.0,1.0
8835,1.0,0.0,0.0,Black,0.0556,3,12.0,12.0,0.0,0.0,85.057,3.0,2.0,1.0,0.0,0.0,5.0,1.0,4.0,1.0,0.0,0.0
8836,1.0,0.0,0.0,White,14.0,4,11.0,12.0,0.0,0.0,52.043,0.0,2.0,2.0,0.0,0.0,4.0,1.0,1.0,0.0,0.0,0.0
8837,1.0,0.0,1.0,White,14.0,4,11.0,12.0,0.0,0.0,69.453,0.0,2.0,2.0,0.0,0.0,1.0,1.0,1.0,0.0,0.0,0.0
8838,0.0,0.0,0.0,Black,,6,,,,0.0,42.888,3.0,1.0,2.0,0.0,0.0,3.0,1.0,1.0,1.0,1.0,0.0
8839,0.0,0.0,0.0,Black,-0.15,3,,9.0,0.0,1.0,6.923,2.0,1.0,2.0,0.0,1.0,3.0,1.0,1.0,1.0,0.0,1.0
8840,1.0,0.0,1.0,White,2.09,3,15.0,12.0,0.0,0.0,76.191,3.0,2.0,3.0,0.0,0.0,1.0,1.0,1.0,0.0,0.0,0.0
8841,0.0,,0.0,Black,0.668,5,10.0,,0.0,,31.503,3.0,1.0,1.0,0.0,0.0,2.0,4.0,1.0,0.0,,0.0
8842,0.0,,0.0,Black,0.668,5,9.0,10.0,0.0,,6.278,2.0,2.0,2.0,0.0,1.0,3.0,2.0,1.0,1.0,,1.0
8843,0.0,0.0,0.0,Black,0.668,5,10.0,,0.0,1.0,4.723,0.0,3.0,2.0,0.0,2.0,1.0,1.0,1.0,0.0,,1.0
8844,0.0,0.0,1.0,White,1.1,2,14.0,10.0,0.0,0.0,26.925,15.0,4.0,2.0,0.0,3.0,4.0,4.0,2.0,0.0,0.0,1.0
8845,1.0,0.0,1.0,Hispanic,,4,12.0,14.0,0.0,0.0,73.447,0.0,2.0,1.0,0.0,0.0,1.0,1.0,1.0,0.0,0.0,0.0
8846,0.0,0.0,0.0,White,1.125,2,12.0,,0.0,,37.608,2.0,2.0,2.0,0.0,0.0,4.0,3.0,1.0,1.0,0.0,0.0
8847,0.0,0.0,0.0,White,5.9488,4,13.0,12.0,1.0,,39.139,3.0,2.0,3.0,0.0,0.0,2.0,2.0,1.0,0.0,,0.0
8848,0.0,0.0,1.0,White,5.9488,4,13.0,12.0,1.0,0.0,33.125,0.0,2.0,2.0,0.0,0.0,2.0,1.0,1.0,0.0,0.0,0.0
8849,1.0,,0.0,White,,6,12.0,12.0,,,76.268,3.0,2.0,2.0,0.0,1.0,2.0,1.0,1.0,0.0,,0.0
8850,1.0,1.0,1.0,White,,3,14.0,12.0,,1.0,77.947,1.0,2.0,3.0,0.0,0.0,1.0,1.0,1.0,0.0,0.0,0.0
8851,0.0,0.0,1.0,White,,4,12.0,10.0,,0.0,29.451,7.0,3.0,3.0,0.0,0.0,3.0,5.0,1.0,0.0,,0.0
8852,0.0,0.0,0.0,Hispanic,3.03,4,9.0,10.0,0.0,1.0,13.45,5.0,2.0,2.0,0.0,1.0,3.0,4.0,1.0,0.0,0.0,1.0
8853,0.0,0.0,1.0,Hispanic,8.575,5,4.0,6.0,0.0,0.0,,8.0,2.0,1.0,0.0,0.0,1.0,1.0,1.0,0.0,,0.0
8854,0.0,1.0,0.0,White,,4,12.0,12.0,,0.0,,4.0,2.0,3.0,1.0,3.0,3.0,3.0,2.0,1.0,,0.0
8855,0.0,0.0,0.0,Hispanic,4.85,5,9.0,11.0,0.0,1.0,18.215,0.0,2.0,2.0,0.0,1.0,1.0,1.0,2.0,0.0,0.0,0.0
8857,0.0,,0.0,Hispanic,,6,,9.0,,,,25.0,3.0,4.0,0.0,,4.0,4.0,,0.0,,0.0
8858,0.0,0.0,0.0,Hispanic,,6,12.0,,,0.0,,3.0,2.0,2.0,0.0,20.0,3.0,3.0,2.0,0.0,0.0,0.0
8859,1.0,0.0,1.0,Hispanic,,6,,9.0,,0.0,,2.0,2.0,2.0,0.0,0.0,1.0,1.0,1.0,0.0,,0.0
8860,1.0,0.0,1.0,Black,,6,,12.0,0.0,1.0,9.139,0.0,2.0,2.0,0.0,0.0,5.0,1.0,1.0,0.0,,0.0
8861,0.0,0.0,1.0,Black,,6,,12.0,0.0,,4.852,0.0,2.0,2.0,0.0,0.0,2.0,2.0,5.0,0.0,0.0,0.0
8862,0.0,0.0,0.0,Black,,6,,12.0,0.0,1.0,5.83,0.0,2.0,2.0,0.0,0.0,2.0,1.0,1.0,0.0,0.0,0.0
8863,0.0,0.0,1.0,Black,,4,,,,0.0,41.269,,2.0,2.0,0.0,1.0,3.0,3.0,1.0,0.0,0.0,0.0
8864,0.0,0.0,0.0,Black,,4,,,,,5.679,,1.0,2.0,0.0,0.0,3.0,1.0,1.0,0.0,0.0,0.0
8865,1.0,0.0,1.0,Hispanic,1.05,9,,13.0,0.0,0.0,1.609,5.0,2.0,2.0,0.0,0.0,3.0,1.0,1.0,0.0,0.0,0.0
8866,0.0,0.0,1.0,Hispanic,1.05,9,,13.0,0.0,0.0,2.469,27.0,2.0,2.0,0.0,0.0,1.0,1.0,1.0,0.0,0.0,0.0
8867,0.0,0.0,1.0,Hispanic,1.05,9,,13.0,0.0,0.0,16.105,27.0,3.0,2.0,0.0,0.0,5.0,4.0,1.0,0.0,0.0,0.0
8868,1.0,0.0,0.0,White,,5,5.0,5.0,,,25.056,3.0,2.0,2.0,0.0,0.0,3.0,2.0,1.0,0.0,0.0,0.0
8869,0.0,0.0,0.0,White,,5,5.0,5.0,,,,3.0,3.0,3.0,0.0,1.0,5.0,2.0,4.0,0.0,,0.0
8870,1.0,1.0,1.0,Hispanic,10.5,5,9.0,9.0,0.0,1.0,45.651,0.0,1.0,1.0,0.0,0.0,1.0,1.0,1.0,0.0,0.0,0.0
8871,1.0,0.0,1.0,Hispanic,,4,12.0,12.0,,0.0,,4.0,2.0,2.0,0.0,0.0,3.0,3.0,4.0,0.0,0.0,0.0
8872,0.0,0.0,0.0,Hispanic,,4,12.0,12.0,,0.0,,1.0,2.0,2.0,0.0,0.0,1.0,1.0,1.0,0.0,0.0,0.0
8873,0.0,1.0,1.0,Hispanic,,3,14.0,15.0,,0.0,32.667,3.0,2.0,3.0,0.0,0.0,2.0,1.0,1.0,0.0,0.0,0.0
8874,1.0,0.0,1.0,Hispanic,,3,14.0,15.0,,0.0,20.7,4.0,2.0,3.0,0.0,0.0,2.0,2.0,1.0,0.0,0.0,0.0
8877,1.0,0.0,0.0,Hispanic,0.875,4,15.0,,0.0,0.0,92.234,0.0,1.0,2.0,0.0,0.0,1.0,1.0,1.0,0.0,0.0,0.0
8878,1.0,0.0,0.0,White,,5,14.0,14.0,0.0,0.0,56.87,1.0,2.0,2.0,0.0,0.0,4.0,5.0,1.0,0.0,0.0,0.0
8879,1.0,0.0,0.0,White,,5,14.0,14.0,0.0,0.0,51.24,3.0,2.0,4.0,0.0,0.0,2.0,4.0,1.0,0.0,0.0,0.0
8880,1.0,0.0,0.0,White,8.575,5,16.0,16.0,0.0,0.0,,0.0,2.0,2.0,0.0,0.0,2.0,2.0,1.0,0.0,1.0,0.0
8881,1.0,1.0,1.0,White,8.575,5,16.0,16.0,0.0,,,0.0,2.0,2.0,0.0,0.0,1.0,1.0,1.0,0.0,0.0,0.0
8882,0.0,0.0,1.0,White,24.75,7,12.0,12.0,0.0,,,2.0,3.0,3.0,0.0,0.0,2.0,2.0,1.0,0.0,0.0,0.0
8883,,,1.0,White,22.52,5,12.0,19.0,0.0,,90.134,5.0,4.0,3.0,0.0,0.0,4.0,1.0,1.0,1.0,,0.0
8884,1.0,0.0,1.0,White,25.85,5,18.0,16.0,0.0,,95.691,5.0,2.0,2.0,0.0,0.0,2.0,2.0,1.0,0.0,0.0,0.0
8885,0.0,0.0,0.0,Black,1.75,3,12.0,12.0,1.0,0.0,9.144,6.0,2.0,3.0,2.0,0.0,5.0,2.0,3.0,0.0,,0.0
8886,0.0,0.0,0.0,Black,1.75,3,12.0,12.0,1.0,0.0,7.631,2.0,2.0,2.0,0.0,0.0,1.0,1.0,1.0,0.0,,0.0
8887,0.0,0.0,1.0,White,13.6001,4,12.0,12.0,0.0,0.0,87.453,6.0,2.0,2.0,0.0,0.0,2.0,1.0,1.0,0.0,0.0,0.0
8888,1.0,0.0,1.0,White,36.2001,4,17.0,18.0,0.0,0.0,97.928,2.0,2.0,3.0,0.0,0.0,4.0,3.0,1.0,0.0,0.0,0.0
8889,1.0,0.0,1.0,White,36.2001,4,17.0,18.0,0.0,0.0,96.422,1.0,2.0,1.0,0.0,0.0,2.0,1.0,1.0,0.0,0.0,0.0
8890,0.0,0.0,0.0,White,30.05,3,14.0,12.0,0.0,0.0,,3.0,3.0,3.0,3.0,2.0,2.0,2.0,2.0,0.0,0.0,1.0
8891,0.0,0.0,1.0,Hispanic,33.4,4,16.0,8.0,0.0,0.0,52.826,16.0,2.0,2.0,0.0,0.0,4.0,4.0,5.0,0.0,1.0,1.0
8892,0.0,0.0,0.0,Hispanic,33.4,4,16.0,8.0,0.0,0.0,15.51,20.0,2.0,1.0,0.0,0.0,1.0,1.0,1.0,0.0,,1.0
8893,1.0,1.0,0.0,White,4.95,2,16.0,,0.0,0.0,76.257,4.0,2.0,2.0,0.0,0.0,1.0,1.0,1.0,0.0,1.0,0.0
8894,1.0,0.0,1.0,Black,,4,12.0,13.0,0.0,0.0,7.914,4.0,2.0,3.0,0.0,0.0,4.0,2.0,1.0,0.0,,0.0
8895,0.0,0.0,0.0,Black,,4,12.0,13.0,0.0,0.0,3.354,2.0,4.0,3.0,0.0,0.0,5.0,4.0,3.0,0.0,,0.0
8896,0.0,0.0,1.0,Hispanic,,4,18.0,,0.0,0.0,45.597,4.0,2.0,2.0,0.0,0.0,4.0,4.0,2.0,1.0,0.0,0.0
8897,0.0,0.0,1.0,White,2.5815,5,13.0,,0.0,,94.869,5.0,2.0,3.0,1.0,1.0,4.0,4.0,2.0,0.0,,0.0
8898,0.0,0.0,1.0,White,2.5815,5,12.0,14.0,0.0,,2.58,0.0,2.0,1.0,0.0,0.0,1.0,1.0,1.0,0.0,,0.0
8899,1.0,0.0,1.0,White,12.85,5,13.0,12.0,0.0,0.0,,0.0,2.0,3.0,0.0,0.0,,1.0,1.0,0.0,0.0,0.0
8900,1.0,0.0,0.0,Hispanic,0.05,4,6.0,5.0,0.0,,58.962,3.0,2.0,3.0,1.0,0.0,3.0,2.0,2.0,0.0,0.0,0.0
8901,0.0,0.0,0.0,White,16.05,4,12.0,12.0,0.0,0.0,28.721,1.0,2.0,2.0,0.0,0.0,2.0,2.0,1.0,0.0,0.0,0.0
8902,1.0,0.0,1.0,White,,5,,,0.0,0.0,31.719,2.0,2.0,4.0,0.0,0.0,4.0,5.0,2.0,1.0,0.0,0.0
8903,1.0,1.0,0.0,White,,5,,,0.0,0.0,56.356,5.0,2.0,2.0,0.0,0.0,3.0,2.0,1.0,0.0,0.0,0.0
8904,1.0,0.0,1.0,White,11.0,5,12.0,,0.0,0.0,55.096,3.0,2.0,1.0,3.0,0.0,4.0,5.0,3.0,0.0,,0.0
8905,0.0,0.0,1.0,Black,,3,12.0,,0.0,,56.226,13.0,2.0,3.0,0.0,0.0,4.0,2.0,2.0,1.0,0.0,1.0
8906,0.0,,1.0,Hispanic,0.05,5,10.0,8.0,1.0,,2.043,16.0,1.0,2.0,1.0,0.0,1.0,1.0,1.0,0.0,,0.0
8907,1.0,0.0,0.0,Hispanic,8.321,5,14.0,5.0,0.0,0.0,9.272,4.0,1.0,1.0,0.0,0.0,2.0,1.0,1.0,1.0,0.0,1.0
8908,0.0,0.0,0.0,Hispanic,8.321,5,14.0,5.0,0.0,0.0,19.406,1.0,2.0,2.0,0.0,0.0,3.0,2.0,1.0,0.0,0.0,1.0
8909,1.0,0.0,0.0,Hispanic,8.321,5,14.0,5.0,0.0,0.0,22.891,0.0,1.0,1.0,0.0,0.0,1.0,1.0,2.0,1.0,0.0,0.0
8910,0.0,0.0,0.0,Hispanic,0.17,5,12.0,9.0,0.0,0.0,19.314,4.0,2.0,2.0,0.0,0.0,5.0,3.0,2.0,0.0,0.0,0.0
8911,0.0,0.0,0.0,Hispanic,0.17,5,12.0,9.0,0.0,0.0,19.506,4.0,2.0,2.0,0.0,0.0,4.0,4.0,2.0,0.0,0.0,0.0
8912,1.0,0.0,1.0,Hispanic,,5,12.0,13.0,0.0,,80.751,1.0,1.0,1.0,0.0,0.0,1.0,1.0,1.0,0.0,,0.0
8913,0.0,0.0,0.0,Hispanic,,4,6.0,8.0,0.0,0.0,,5.0,2.0,3.0,0.0,0.0,3.0,2.0,2.0,0.0,,0.0
8914,1.0,,0.0,White,60.0,4,15.0,9.0,0.0,,26.004,3.0,2.0,3.0,0.0,0.0,4.0,3.0,2.0,1.0,,0.0
8915,1.0,0.0,1.0,Black,1.075,8,12.0,9.0,0.0,0.0,33.45,4.0,2.0,2.0,0.0,0.0,1.0,1.0,1.0,0.0,0.0,0.0
8916,0.0,0.0,1.0,Black,1.075,8,12.0,9.0,0.0,0.0,18.989,2.0,2.0,4.0,0.0,0.0,1.0,2.0,1.0,0.0,0.0,0.0
8917,0.0,0.0,1.0,Black,1.075,8,12.0,9.0,0.0,0.0,13.251,1.0,1.0,3.0,0.0,0.0,1.0,1.0,1.0,0.0,0.0,0.0
8918,0.0,0.0,0.0,Hispanic,0.595,2,,,0.0,0.0,67.986,10.0,2.0,2.0,0.0,1.0,4.0,1.0,1.0,0.0,0.0,0.0
8919,1.0,0.0,1.0,Black,1.235,5,12.0,12.0,0.0,0.0,56.51,0.0,2.0,2.0,0.0,0.0,1.0,1.0,1.0,0.0,0.0,0.0
8920,0.0,0.0,1.0,Black,0.295,11,8.0,,0.0,0.0,1.145,11.0,2.0,2.0,0.0,0.0,3.0,4.0,2.0,0.0,0.0,0.0
8921,0.0,0.0,0.0,Black,,6,12.0,12.0,,0.0,29.582,0.0,3.0,2.0,1.0,2.0,1.0,1.0,1.0,1.0,0.0,0.0
8922,0.0,0.0,1.0,Black,0.05,6,12.0,12.0,,0.0,17.842,3.0,3.0,3.0,20.0,1.0,5.0,1.0,2.0,1.0,0.0,1.0
8923,1.0,0.0,1.0,White,25.85,4,12.0,19.0,0.0,,79.208,7.0,2.0,2.0,0.0,0.0,3.0,3.0,2.0,0.0,0.0,0.0
8924,0.0,0.0,1.0,Black,6.85,3,14.0,18.0,0.0,0.0,91.972,0.0,1.0,2.0,1.0,0.0,4.0,2.0,1.0,1.0,0.0,0.0
8925,0.0,0.0,1.0,White,21.33,5,16.0,16.0,0.0,0.0,50.671,0.0,1.0,1.0,0.0,0.0,2.0,3.0,1.0,0.0,0.0,0.0
8926,0.0,0.0,1.0,White,60.0,3,14.0,16.0,0.0,0.0,74.878,0.0,1.0,2.0,0.0,0.0,3.0,1.0,1.0,0.0,0.0,0.0
8927,0.0,0.0,1.0,White,-4.545,5,12.0,,0.0,,16.045,11.0,3.0,4.0,0.0,0.0,4.0,5.0,2.0,0.0,0.0,1.0
8928,1.0,0.0,0.0,Black,1.37,4,12.0,12.0,0.0,0.0,36.789,6.0,2.0,3.0,0.0,0.0,2.0,3.0,1.0,0.0,0.0,0.0
8929,1.0,0.0,1.0,Black,1.37,4,12.0,9.0,0.0,0.0,14.537,1.0,3.0,3.0,1.0,0.0,1.0,2.0,1.0,0.0,1.0,0.0
8930,0.0,0.0,0.0,Hispanic,0.05,4,12.0,10.0,0.0,0.0,,0.0,2.0,2.0,0.0,0.0,,,,0.0,0.0,0.0
8931,0.0,0.0,1.0,White,,3,9.0,9.0,1.0,0.0,39.017,8.0,2.0,4.0,0.0,0.0,5.0,4.0,1.0,0.0,,0.0
8932,1.0,0.0,0.0,Black,2.31,5,,15.0,0.0,0.0,41.708,30.0,4.0,4.0,20.0,0.0,4.0,4.0,4.0,1.0,0.0,1.0
8933,0.0,0.0,0.0,Black,2.31,5,,15.0,0.0,0.0,44.725,50.0,3.0,3.0,5.0,0.0,4.0,4.0,3.0,0.0,0.0,1.0
8934,1.0,0.0,0.0,White,11.43,3,13.0,14.0,0.0,0.0,35.225,0.0,1.0,1.0,1.0,0.0,1.0,1.0,1.0,1.0,0.0,0.0
8935,0.0,0.0,1.0,Black,0.375,2,12.0,,0.0,0.0,6.87,2.0,3.0,3.0,0.0,0.0,1.0,3.0,2.0,0.0,0.0,0.0
8936,0.0,0.0,1.0,Black,-0.5,7,,,0.0,0.0,1.649,5.0,2.0,3.0,0.0,0.0,5.0,5.0,2.0,,,1.0
8937,0.0,0.0,1.0,Black,-0.5,7,11.0,12.0,0.0,0.0,10.973,3.0,3.0,3.0,2.0,0.0,4.0,4.0,3.0,,0.0,1.0
8938,0.0,0.0,1.0,Black,3.85,4,12.0,11.0,0.0,0.0,28.902,2.0,3.0,3.0,0.0,0.0,4.0,1.0,1.0,1.0,1.0,0.0
8939,0.0,0.0,0.0,Black,,3,10.0,,0.0,,2.541,1.0,2.0,3.0,0.0,0.0,1.0,1.0,1.0,0.0,0.0,0.0
8940,0.0,0.0,0.0,Black,2.725,4,15.0,12.0,0.0,0.0,16.854,0.0,2.0,4.0,0.0,0.0,4.0,3.0,1.0,0.0,,0.0
8941,1.0,0.0,1.0,Black,-0.675,4,11.0,12.0,0.0,0.0,32.978,1.0,2.0,2.0,0.0,0.0,3.0,2.0,1.0,0.0,0.0,0.0
8942,0.0,0.0,0.0,Black,-0.675,4,11.0,12.0,0.0,0.0,2.418,,2.0,3.0,0.0,3.0,5.0,1.0,1.0,1.0,,1.0
8943,0.0,0.0,0.0,Black,-0.675,4,11.0,12.0,0.0,0.0,10.499,7.0,2.0,2.0,0.0,1.0,3.0,3.0,1.0,0.0,,1.0
8944,1.0,0.0,1.0,Hispanic,,4,14.0,16.0,,0.0,14.884,4.0,3.0,3.0,0.0,0.0,1.0,3.0,1.0,0.0,0.0,0.0
8945,0.0,0.0,0.0,White,3.25,5,14.0,12.0,0.0,0.0,,4.0,2.0,2.0,0.0,0.0,2.0,2.0,1.0,0.0,0.0,0.0
8946,0.0,0.0,1.0,White,,6,14.0,,,,23.788,1.0,2.0,1.0,2.0,0.0,1.0,2.0,1.0,1.0,0.0,0.0
8947,1.0,0.0,1.0,White,16.15,4,13.0,12.0,0.0,0.0,72.828,1.0,2.0,2.0,0.0,0.0,2.0,4.0,1.0,0.0,0.0,0.0
8948,0.0,0.0,0.0,White,0.74,5,18.0,12.0,0.0,0.0,11.711,10.0,2.0,2.0,0.0,0.0,1.0,1.0,1.0,0.0,0.0,0.0
8949,1.0,0.0,0.0,White,,4,17.0,17.0,0.0,,93.146,2.0,1.0,1.0,0.0,0.0,1.0,1.0,1.0,0.0,,0.0
8950,1.0,0.0,1.0,White,0.9719,4,12.0,12.0,0.0,1.0,51.931,0.0,2.0,1.0,0.0,0.0,1.0,1.0,1.0,0.0,0.0,0.0
8951,0.0,0.0,1.0,Black,,6,,,0.0,0.0,28.508,3.0,2.0,2.0,0.0,0.0,1.0,4.0,3.0,0.0,,0.0
8952,0.0,0.0,0.0,Black,,4,12.0,,,,10.399,4.0,2.0,2.0,0.0,3.0,4.0,5.0,5.0,0.0,,0.0
8953,0.0,0.0,1.0,Hispanic,0.375,4,8.0,8.0,0.0,0.0,,10.0,2.0,1.0,0.0,0.0,1.0,1.0,2.0,0.0,0.0,1.0
8954,0.0,0.0,1.0,Hispanic,8.65,5,3.0,2.0,0.0,0.0,2.575,30.0,3.0,4.0,0.0,0.0,5.0,5.0,5.0,0.0,0.0,0.0
8955,0.0,0.0,0.0,Hispanic,8.65,5,3.0,2.0,0.0,0.0,17.79,5.0,2.0,2.0,1.0,15.0,4.0,1.0,5.0,0.0,0.0,1.0
8956,1.0,0.0,0.0,Hispanic,0.35,6,13.0,13.0,0.0,1.0,49.345,4.0,3.0,1.0,3.0,2.0,4.0,4.0,3.0,0.0,0.0,0.0
8957,1.0,0.0,0.0,White,7.3,4,18.0,14.0,0.0,1.0,84.276,3.0,2.0,2.0,0.0,0.0,4.0,3.0,1.0,0.0,0.0,0.0
8958,0.0,,0.0,White,,4,16.0,18.0,,,,0.0,1.0,1.0,0.0,0.0,1.0,1.0,1.0,0.0,,0.0
8959,0.0,0.0,0.0,Hispanic,,2,16.0,,,0.0,,2.0,2.0,2.0,4.0,0.0,2.0,1.0,1.0,1.0,,1.0
8960,1.0,0.0,0.0,White,,4,12.0,,0.0,,34.193,2.0,1.0,2.0,0.0,0.0,4.0,3.0,1.0,0.0,,0.0
8961,0.0,0.0,1.0,White,,6,14.0,16.0,0.0,0.0,90.388,2.0,2.0,3.0,0.0,0.0,3.0,2.0,1.0,0.0,1.0,0.0
8962,1.0,0.0,1.0,White,,6,14.0,16.0,0.0,0.0,70.094,1.0,1.0,2.0,0.0,0.0,2.0,1.0,1.0,0.0,0.0,0.0
8963,0.0,0.0,0.0,Black,0.175,4,11.0,9.0,1.0,,7.53,4.0,3.0,3.0,0.0,1.0,1.0,1.0,1.0,0.0,0.0,0.0
8964,0.0,0.0,1.0,Black,,3,,12.0,,0.0,,3.0,2.0,2.0,0.0,0.0,5.0,3.0,1.0,0.0,0.0,0.0
8965,1.0,0.0,0.0,White,,4,12.0,12.0,,0.0,,1.0,2.0,3.0,0.0,0.0,4.0,5.0,1.0,0.0,0.0,0.0
8966,1.0,0.0,1.0,White,,4,12.0,12.0,,,,5.0,2.0,2.0,4.0,0.0,4.0,5.0,1.0,1.0,0.0,0.0
8967,0.0,0.0,0.0,Hispanic,0.155,4,1.0,3.0,0.0,0.0,,0.0,2.0,3.0,0.0,0.0,1.0,1.0,1.0,0.0,,0.0
8968,0.0,0.0,1.0,White,,5,,,,,21.749,10.0,3.0,3.0,0.0,0.0,4.0,3.0,4.0,0.0,0.0,1.0
8969,0.0,0.0,1.0,Hispanic,2.28,5,11.0,8.0,0.0,,,7.0,1.0,3.0,1.0,2.0,5.0,5.0,4.0,1.0,1.0,0.0
8970,0.0,0.0,0.0,White,-1.425,3,14.0,12.0,0.0,0.0,7.54,2.0,2.0,2.0,0.0,0.0,2.0,1.0,1.0,0.0,0.0,0.0
8971,0.0,0.0,0.0,White,-1.425,3,14.0,12.0,0.0,0.0,13.52,3.0,2.0,3.0,1.0,1.0,2.0,2.0,1.0,0.0,0.0,1.0
8972,0.0,0.0,1.0,Hispanic,0.377,4,2.0,,0.0,0.0,,5.0,1.0,1.0,0.0,0.0,2.0,2.0,3.0,0.0,,0.0
8973,1.0,0.0,1.0,Hispanic,7.35,4,12.0,11.0,0.0,0.0,11.722,5.0,2.0,2.0,3.0,0.0,4.0,3.0,2.0,1.0,0.0,0.0
8974,1.0,0.0,1.0,White,14.53,3,14.0,12.0,0.0,0.0,,0.0,2.0,2.0,0.0,0.0,4.0,2.0,1.0,0.0,0.0,0.0
8975,0.0,0.0,1.0,White,44.25,4,18.0,14.0,0.0,0.0,94.494,1.0,1.0,2.0,0.0,0.0,3.0,2.0,1.0,0.0,0.0,0.0
8977,0.0,0.0,0.0,White,13.8,5,14.0,12.0,0.0,0.0,,0.0,2.0,3.0,0.0,0.0,5.0,4.0,2.0,0.0,,0.0
8978,1.0,0.0,0.0,White,7.57,4,14.0,12.0,0.0,0.0,87.167,0.0,2.0,2.0,0.0,0.0,1.0,2.0,1.0,0.0,0.0,0.0
8979,1.0,0.0,0.0,White,7.57,4,14.0,12.0,0.0,0.0,67.413,,1.0,2.0,0.0,0.0,1.0,2.0,1.0,0.0,0.0,0.0
8980,0.0,0.0,1.0,White,1.57,6,12.0,12.0,0.0,1.0,26.461,6.0,2.0,4.0,2.0,0.0,4.0,3.0,1.0,0.0,0.0,0.0
8981,0.0,0.0,1.0,White,1.57,6,,,1.0,0.0,6.33,3.0,2.0,2.0,2.0,1.0,5.0,3.0,1.0,0.0,,0.0
8982,0.0,0.0,0.0,White,5.95,4,15.0,13.0,0.0,0.0,68.444,1.0,2.0,2.0,0.0,0.0,1.0,1.0,1.0,0.0,0.0,0.0
8983,1.0,0.0,0.0,Hispanic,,8,16.0,14.0,0.0,,51.588,0.0,3.0,1.0,0.0,0.0,3.0,3.0,2.0,0.0,0.0,0.0
8984,1.0,0.0,0.0,Hispanic,,8,16.0,14.0,0.0,,20.002,1.0,2.0,2.0,0.0,0.0,2.0,1.0,1.0,0.0,0.0,0.0
8985,0.0,0.0,0.0,Hispanic,,3,13.0,14.0,,0.0,60.279,3.0,2.0,2.0,1.0,0.0,3.0,1.0,2.0,0.0,0.0,0.0
8986,1.0,0.0,0.0,White,,6,12.0,,,0.0,84.49,7.0,2.0,2.0,0.0,0.0,1.0,2.0,1.0,0.0,0.0,0.0
8987,1.0,1.0,1.0,White,,6,12.0,,,0.0,73.695,3.0,1.0,2.0,0.0,0.0,2.0,1.0,1.0,1.0,0.0,0.0
8988,0.0,0.0,1.0,Black,0.05,6,9.0,16.0,1.0,0.0,9.271,8.0,2.0,4.0,0.0,3.0,3.0,2.0,2.0,0.0,0.0,0.0
8989,0.0,0.0,1.0,Black,0.05,6,9.0,16.0,1.0,1.0,6.468,2.0,2.0,1.0,0.0,0.0,5.0,2.0,1.0,0.0,1.0,0.0
8990,0.0,0.0,0.0,Black,0.05,6,9.0,16.0,0.0,1.0,2.135,0.0,2.0,2.0,0.0,2.0,1.0,1.0,1.0,0.0,0.0,1.0
8991,1.0,0.0,1.0,White,55.6,4,16.0,16.0,0.0,0.0,94.579,3.0,2.0,3.0,0.0,0.0,2.0,2.0,1.0,1.0,0.0,0.0
8992,1.0,0.0,0.0,White,,3,18.0,18.0,,0.0,93.708,2.0,2.0,3.0,1.0,1.0,3.0,3.0,1.0,0.0,,0.0
8993,1.0,,1.0,Hispanic,9.75,4,11.0,12.0,0.0,,71.032,5.0,2.0,1.0,0.0,0.0,3.0,1.0,1.0,0.0,,0.0
8994,0.0,,1.0,Black,5.0001,8,11.0,11.0,1.0,0.0,4.748,,2.0,2.0,,,3.0,4.0,3.0,0.0,0.0,0.0
8995,0.0,0.0,0.0,Black,5.0001,8,11.0,11.0,1.0,0.0,5.398,5.0,2.0,2.0,3.0,1.0,4.0,1.0,1.0,0.0,0.0,1.0
8996,0.0,0.0,0.0,Black,5.0001,8,11.0,11.0,0.0,,6.856,3.0,2.0,3.0,1.0,1.0,2.0,1.0,2.0,1.0,0.0,1.0
8997,0.0,0.0,1.0,Black,5.0001,8,11.0,,1.0,,21.594,9.0,3.0,4.0,0.0,1.0,3.0,4.0,2.0,1.0,0.0,1.0
8998,,,1.0,Black,7.5001,5,12.0,12.0,0.0,,,10.0,2.0,2.0,0.0,4.0,4.0,2.0,2.0,0.0,,0.0
8999,0.0,0.0,0.0,Black,1.6,10,15.0,12.0,0.0,0.0,38.179,2.0,2.0,2.0,0.0,0.0,4.0,4.0,5.0,1.0,0.0,1.0
9000,0.0,0.0,0.0,Black,1.6,10,15.0,12.0,0.0,0.0,9.423,0.0,3.0,2.0,0.0,0.0,2.0,1.0,2.0,1.0,0.0,0.0
9001,1.0,0.0,1.0,Black,1.6,10,15.0,12.0,0.0,0.0,14.116,,2.0,2.0,0.0,0.0,2.0,2.0,2.0,0.0,0.0,0.0
9002,1.0,0.0,1.0,Black,1.6,10,,,,0.0,33.47,3.0,3.0,2.0,1.0,0.0,5.0,4.0,2.0,1.0,0.0,1.0
9003,1.0,0.0,1.0,Black,16.4,4,18.0,16.0,0.0,0.0,46.657,1.0,2.0,2.0,0.0,0.0,3.0,4.0,3.0,1.0,1.0,0.0
9004,0.0,0.0,1.0,Black,,6,11.0,,,1.0,,2.0,2.0,2.0,0.0,1.0,5.0,2.0,5.0,0.0,0.0,1.0
9005,0.0,0.0,0.0,Black,,3,12.0,11.0,0.0,0.0,15.283,1.0,1.0,1.0,0.0,0.0,3.0,3.0,3.0,0.0,0.0,0.0
9006,1.0,0.0,0.0,Black,1.95,6,12.0,11.0,0.0,,28.236,0.0,1.0,3.0,0.0,0.0,2.0,2.0,2.0,0.0,0.0,0.0
9007,0.0,0.0,0.0,Black,,5,6.0,,0.0,1.0,,0.0,1.0,4.0,0.0,0.0,5.0,1.0,1.0,0.0,0.0,1.0
9008,1.0,0.0,1.0,Black,8.2,3,12.0,,0.0,0.0,83.385,7.0,2.0,3.0,0.0,0.0,1.0,1.0,1.0,1.0,0.0,0.0
9009,1.0,0.0,0.0,White,7.25,2,12.0,,0.0,0.0,71.393,2.0,2.0,3.0,0.0,0.0,2.0,1.0,2.0,1.0,0.0,1.0
9010,0.0,0.0,0.0,White,11.5,6,10.0,,0.0,0.0,61.144,2.0,3.0,3.0,0.0,0.0,4.0,3.0,1.0,1.0,0.0,0.0
9011,0.0,0.0,1.0,White,11.5,6,10.0,,0.0,0.0,64.34,3.0,1.0,2.0,2.0,0.0,5.0,4.0,2.0,0.0,0.0,0.0
9012,1.0,0.0,1.0,Black,11.5,6,,,0.0,0.0,54.225,0.0,1.0,1.0,0.0,0.0,1.0,1.0,1.0,0.0,0.0,0.0
9013,0.0,0.0,0.0,Black,1.794,8,11.0,,0.0,0.0,,9.0,2.0,3.0,0.0,0.0,4.0,3.0,1.0,1.0,0.0,0.0
9014,0.0,1.0,1.0,Black,1.794,8,11.0,,0.0,0.0,,25.0,2.0,3.0,0.0,0.0,4.0,1.0,1.0,0.0,0.0,0.0
9015,1.0,0.0,1.0,Black,5.48,4,12.0,12.0,0.0,0.0,85.517,8.0,2.0,2.0,0.0,0.0,1.0,2.0,1.0,1.0,0.0,0.0
9016,1.0,0.0,1.0,Black,2.7406,4,15.0,14.0,0.0,0.0,18.599,1.0,2.0,1.0,0.0,0.0,1.0,1.0,3.0,0.0,0.0,0.0
9017,0.0,0.0,0.0,White,21.7501,5,12.0,13.0,0.0,,56.691,5.0,3.0,4.0,1.0,0.0,2.0,3.0,1.0,1.0,0.0,0.0
9018,0.0,0.0,1.0,White,,4,13.0,,,0.0,12.716,,2.0,2.0,,,5.0,4.0,3.0,0.0,1.0,0.0
9019,0.0,0.0,0.0,Hispanic,0.175,4,11.0,13.0,1.0,0.0,27.785,3.0,1.0,1.0,1.0,2.0,1.0,1.0,1.0,0.0,0.0,0.0
9020,1.0,0.0,0.0,White,23.6,3,15.0,18.0,0.0,0.0,96.478,3.0,2.0,3.0,0.0,0.0,2.0,2.0,1.0,0.0,0.0,0.0
9021,1.0,0.0,0.0,White,-0.315,4,14.0,,0.0,0.0,61.58,20.0,4.0,4.0,0.0,0.0,4.0,5.0,1.0,0.0,1.0,1.0
9022,1.0,0.0,1.0,White,-0.315,4,14.0,,0.0,0.0,71.549,22.0,4.0,4.0,2.0,0.0,4.0,5.0,1.0,0.0,1.0,0.0
