respondent_id,timely_college,earliest_arrest_date,total_number_of_incarcerations,r_threatened_to_be_hurt_at_school,r_in_a_fight_at_school,days_r_absent_from_school,teachers_good,discipline_is_fair_agree_disagree,percent_of_peers_who_smoke,percent_of_peers_who_get_drunk_1_times_a_month,percent_of_peers_belong_to_a_gang,percent_of_peers_who_have_had_sex,what_year_first_arrest_arrest_10,bullying_victim_before_age_12,r_victim_of_bullying_12_18_years,percent_chance_r_victim_of_violent_crime_by_next_year,sex,r_ever_live_through_hard_times,household_net_worth,household_size,biological_father_education,biological_mother_education,race_ethnicity,asvab_math_verbal_score_percent,mother_serve_prison_sentence,father_serve_prison_sentence
1,1.0,-4,0,0,0,2,1,2,5,4,1,3,-4,0,0.0,25,2,0,-3,6,16,8,4,45070,0,0
2,1.0,-4,0,0,0,3,2,1,1,4,1,-4,-4,1,0.0,-4,1,-4,-4,4,17,15,2,58483,0,0
3,1.0,-4,0,0,0,1,2,2,4,2,1,-4,-4,1,0.0,-4,2,0,10200,2,-3,12,2,27978,0,0
4,1.0,-4,0,0,0,4,2,2,5,5,4,4,-4,0,0.0,0,2,0,-1500,2,12,12,2,37012,0,0
5,0.0,-4,0,0,3,3,2,3,3,1,2,1,-4,0,0.0,-4,1,0,-3,4,12,12,2,-4,0,0
6,1.0,-4,0,0,0,21,2,2,5,3,3,5,-4,0,0.0,-4,2,0,7500,5,-3,12,2,22001,0,0
7,0.0,200102,0,0,0,17,2,2,5,2,1,-4,-4,0,,-4,1,0,7500,5,-3,12,2,3585,-5,-5
8,1.0,-4,0,0,0,0,1,1,2,1,-2,-2,-4,0,0.0,-2,2,0,-3,5,6,12,4,-4,-5,-5
9,1.0,-4,0,0,0,5,1,2,2,3,1,-2,-4,0,0.0,-4,1,0,-3,5,6,12,4,-4,0,0
10,1.0,-4,0,0,0,3,1,2,1,1,1,-4,-4,0,0.0,-4,1,0,-3,5,6,12,4,-4,-5,-5
11,1.0,-4,0,0,0,3,2,3,5,4,2,3,-4,0,0.0,-4,2,0,17500,3,12,14,2,30583,0,0
12,1.0,-4,0,0,0,-2,2,2,3,2,3,3,-4,1,0.0,0,1,0,17500,4,-3,12,2,-4,0,0
13,0.0,200310,0,0,0,0,2,2,1,-2,1,-4,-4,0,0.0,-4,1,-4,-4,4,-3,6,2,67533,0,-2
14,0.0,-4,0,0,1,1,2,2,1,1,1,2,-4,0,,50,1,0,17500,4,12,12,2,-4,-5,-5
15,1.0,-4,0,0,0,1,2,2,3,1,1,-4,-4,0,0.0,-4,2,-4,-4,4,13,12,2,26024,-5,-5
16,1.0,200201,0,2,4,6,2,3,3,2,4,2,-4,1,0.0,-4,1,0,17500,2,10,11,2,44451,0,0
17,0.0,-4,0,0,0,-2,2,3,3,-2,-2,3,-4,0,,50,2,0,7500,8,-3,14,2,30811,-5,-5
18,0.0,199801,0,0,20,26,3,3,4,5,4,5,-4,0,,-4,1,0,3750,6,10,15,1,9339,0,0
19,0.0,200706,1,12,1,10,4,2,5,1,1,-4,-4,1,0.0,-4,1,0,3750,6,10,15,1,8334,-5,-5
20,0.0,200204,0,0,0,14,1,2,3,4,1,3,-4,1,,0,1,0,3750,4,10,11,1,11025,-5,-5
21,1.0,-4,0,0,1,16,2,2,2,3,2,-4,-4,0,0.0,-4,1,0,7500,4,11,13,2,3505,0,0
22,1.0,-4,0,2,50,0,4,2,5,3,3,-4,-4,0,0.0,-4,1,0,7500,2,12,11,2,10443,0,0
23,1.0,-4,0,0,0,-2,2,2,5,3,4,-4,-4,0,0.0,-4,2,0,7500,4,10,10,2,6423,0,1
24,0.0,199906,1,0,4,40,2,2,3,1,2,-4,-4,1,1.0,-4,1,0,7500,6,5,7,2,6120,0,0
25,0.0,-4,0,0,0,-2,2,2,5,-2,3,-4,-4,0,0.0,-4,2,0,7500,5,12,12,2,5403,0,0
26,0.0,200107,0,0,2,0,2,2,4,5,1,5,-4,0,0.0,0,1,0,7500,4,-3,12,1,12866,0,1
27,0.0,199506,0,0,0,-2,2,2,5,5,4,5,-4,-3,0.0,70,1,0,7500,6,8,10,1,9161,0,-4
28,1.0,-4,0,0,0,0,1,2,1,1,1,-4,-4,0,0.0,-4,2,0,7500,4,12,12,1,17058,0,0
29,0.0,-4,0,0,0,0,2,2,3,2,-2,-4,-4,0,,-4,2,0,3750,4,-3,-3,4,-4,-5,-5
30,0.0,-4,0,0,0,-2,2,2,3,-2,-2,-2,-4,-3,,-3,1,0,-3,4,-3,-3,4,36755,-5,-5
31,1.0,-4,0,2,0,2,2,2,3,1,1,-4,-4,0,0.0,-4,1,-4,-4,5,12,12,4,62806,0,0
32,1.0,-4,0,0,0,5,1,2,3,1,1,3,-4,0,,50,2,-4,-4,4,16,16,4,39949,0,0
33,1.0,-4,0,0,0,2,2,2,4,3,1,3,-4,0,0.0,50,2,0,259500,5,16,14,4,96655,0,0
34,1.0,-4,0,0,0,3,1,1,1,1,1,-4,-4,0,0.0,-4,2,0,17500,4,9,16,4,35107,0,0
35,1.0,-4,0,0,0,0,1,2,-2,1,-2,-4,-4,-3,0.0,-4,1,-4,-4,4,-3,-3,4,59270,0,0
36,0.0,200103,0,0,0,23,3,3,4,3,1,3,-4,0,0.0,25,2,0,66000,4,16,15,4,52192,0,0
37,1.0,-4,0,0,0,2,2,2,2,2,2,2,-4,0,0.0,-2,2,0,3000,4,11,-3,4,82912,0,0
38,1.0,-4,0,0,0,2,2,2,3,2,-2,-2,-4,0,0.0,-2,2,0,3000,4,11,-3,4,68753,0,0
39,1.0,-4,0,2,0,1,3,2,3,2,1,3,-4,1,1.0,50,1,0,-3,4,-3,-3,2,45900,0,0
40,1.0,-4,0,0,0,4,4,4,1,1,1,-4,-4,0,,-4,2,-4,-4,5,12,12,4,-4,-5,-5
41,1.0,200107,0,0,0,1,1,1,1,1,1,-4,-4,0,0.0,-4,2,-4,-4,11,12,12,4,88652,0,0
42,1.0,-4,0,0,0,0,2,1,1,1,1,-4,-4,0,0.0,-4,1,-4,-4,5,-3,-3,4,44217,-5,-5
43,1.0,200002,0,0,0,1,2,4,4,1,1,2,-4,0,,0,2,0,7500,4,-4,-3,1,22965,0,0
44,1.0,-4,0,0,2,10,1,1,4,3,2,-2,-4,0,0.0,0,1,0,41250,5,-3,-3,2,25325,0,0
45,0.0,-4,0,0,0,0,4,4,3,1,4,-4,-4,0,0.0,-4,2,0,500,7,-4,8,1,-4,0,0
46,0.0,199907,3,0,0,0,3,4,3,3,-2,-4,-4,0,0.0,-4,1,0,500,7,-4,8,1,-4,0,0
47,1.0,-4,0,0,0,10,2,2,4,2,2,-4,-4,0,0.0,-4,2,0,1750,3,-4,11,1,46475,-2,-2
48,1.0,-4,0,1,0,3,2,1,3,1,3,-4,-4,0,0.0,-4,2,0,1750,3,-4,11,1,63769,1,-4
49,0.0,-4,0,0,0,0,2,1,3,3,3,-4,-4,0,0.0,-4,2,0,-3,3,-3,12,1,79413,0,0
50,0.0,-4,0,1,0,0,4,2,3,3,3,-4,-4,0,0.0,-4,2,0,3750,3,-4,12,1,-4,0,0
51,1.0,-4,0,0,0,2,2,2,-2,-2,1,-2,-4,0,0.0,10,1,0,3750,5,-4,12,1,51057,0,0
52,1.0,-4,0,0,0,0,2,-2,-2,-2,-2,-4,-4,0,0.0,-4,1,0,3750,5,-4,12,1,29824,0,0
53,0.0,-4,0,0,0,6,1,4,1,-2,-2,-4,-4,0,0.0,-4,2,0,7500,4,12,12,1,47134,0,0
54,0.0,-4,0,0,0,2,2,3,1,1,2,-4,-4,0,0.0,-4,2,0,-3,5,-4,14,1,58541,0,0
55,1.0,-4,0,0,0,20,1,1,3,1,1,2,-4,0,0.0,0,2,0,3500,8,12,10,2,53241,0,0
56,1.0,-4,0,0,0,7,2,2,3,3,2,3,-4,1,0.0,-4,2,0,488850,4,16,18,4,96703,0,0
57,0.0,-4,0,0,0,1,1,1,1,1,-2,-2,-4,0,0.0,-4,1,0,-3,5,12,12,1,-4,0,0
58,1.0,-4,0,0,0,1,1,1,1,1,2,-4,-4,0,0.0,-4,1,0,-1750,4,12,12,1,15235,0,0
59,1.0,-4,0,1,0,5,2,2,1,1,1,3,-4,1,1.0,50,2,0,73500,3,-4,16,1,56429,0,-4
60,1.0,202305,0,0,0,1,2,1,1,1,1,-4,-4,0,0.0,-4,1,0,19500,5,-4,14,4,1355,-5,-5
61,1.0,-4,0,0,0,0,4,2,4,2,1,-4,-4,0,1.0,-4,2,0,37000,4,12,12,1,44495,0,0
62,1.0,-4,0,0,0,0,1,1,2,1,1,1,-4,0,0.0,0,1,0,158500,4,14,14,1,73429,0,0
63,1.0,-4,0,1,0,3,2,2,4,1,1,-4,-4,1,1.0,-4,2,0,158500,4,14,14,1,52921,0,0
64,1.0,199505,0,0,0,1,3,2,4,3,4,2,-4,0,0.0,50,1,-4,-4,3,12,15,1,34197,-5,-5
65,1.0,-4,0,0,1,0,2,2,3,1,1,-4,-4,0,0.0,-4,1,0,50751,8,-3,95,1,27471,-5,-5
66,1.0,-4,0,0,0,0,1,1,3,1,1,3,-4,0,0.0,50,1,0,413500,7,12,-3,1,-4,-5,-5
67,1.0,-4,0,0,0,2,2,3,3,1,2,4,-4,0,0.0,20,1,0,413500,7,12,18,1,-4,0,0
68,1.0,-4,0,5,0,0,1,3,3,1,1,1,-4,1,0.0,50,1,0,413500,7,12,-4,1,-4,0,0
69,1.0,-4,0,1,0,2,2,2,2,1,1,4,-4,1,0.0,5,2,0,-3,5,12,16,1,81315,-5,-5
70,1.0,-4,0,0,0,2,2,2,2,2,1,-4,-4,0,0.0,-4,1,0,-3,5,12,16,1,56708,0,0
71,0.0,-4,0,0,0,0,2,4,3,1,1,2,-4,1,0.0,50,1,0,18800,2,14,14,1,-4,-5,-5
72,0.0,-4,0,0,0,3,2,2,2,2,1,-4,-4,1,1.0,-4,2,-4,-4,5,12,11,1,-4,-5,-5
73,1.0,200005,0,5,0,2,3,2,1,1,2,-4,-4,1,0.0,-4,1,-4,-4,5,12,11,1,-4,-5,-5
74,1.0,-4,0,0,0,0,1,1,1,1,1,-4,-4,0,0.0,-4,1,0,-3,4,-3,-3,4,-4,0,0
75,1.0,-4,0,0,0,0,2,2,2,1,1,1,-4,1,0.0,-4,1,-4,-4,3,8,-3,4,7556,0,0
76,0.0,-4,0,0,0,2,1,2,-2,2,-2,-2,-4,1,0.0,-4,1,-4,-4,3,8,-3,4,34058,-5,-5
77,1.0,-4,0,0,0,8,1,1,1,1,1,-4,-4,0,0.0,-4,2,0,3750,4,12,12,2,-4,-5,-5
78,0.0,200706,0,0,0,-2,2,2,3,-2,-2,-2,-4,0,0.0,-2,2,0,-3,2,-4,-3,4,29032,0,0
79,0.0,199806,0,2,2,7,1,1,1,1,2,-4,-4,0,0.0,-4,1,1,-3,4,14,11,2,10563,0,0
80,0.0,200208,0,0,0,10,1,1,2,-2,-2,-2,-4,0,0.0,0,1,0,-3,4,14,12,1,11014,0,0
81,0.0,-4,0,0,4,2,3,2,4,5,5,-4,-4,1,0.0,-4,2,0,500,4,12,12,1,2390,0,0
82,1.0,-4,0,0,2,-2,2,2,1,1,1,-4,-4,0,0.0,-4,1,0,-3,5,-4,-3,2,69940,0,-4
83,1.0,200307,0,0,0,-2,2,2,-2,-2,1,-2,-4,0,0.0,-2,1,0,3750,5,12,6,2,8011,0,0
84,0.0,-4,0,0,0,2,3,2,2,-2,-2,-4,-4,0,0.0,-4,2,0,3750,5,12,6,2,42129,0,0
85,0.0,200206,1,1,2,5,2,3,1,1,1,-4,-4,0,0.0,-4,1,0,8000,4,12,12,4,70113,0,-2
86,1.0,-4,0,2,0,18,3,4,4,3,1,1,-4,1,0.0,2,2,0,12240,9,12,12,4,13722,0,0
87,1.0,-4,0,0,0,5,2,4,1,1,1,-4,-4,0,0.0,-4,1,0,15750,4,14,12,2,75575,-5,-5
88,0.0,-4,0,0,2,6,2,2,3,3,2,2,-4,-3,0.0,-3,1,-4,-4,5,12,12,4,5929,0,0
89,1.0,-4,0,0,0,4,1,1,4,-2,-2,-2,-4,0,0.0,5,1,-4,-4,8,6,6,4,78892,0,0
90,0.0,199910,0,1,0,0,2,1,5,-2,-2,-2,-4,0,0.0,0,1,0,-3,4,12,16,2,-4,0,0
91,1.0,-4,0,0,0,5,2,1,5,1,1,-4,-4,0,0.0,-4,2,0,-3,4,12,16,2,-4,0,0
92,0.0,-4,0,-2,0,10,2,3,-2,-2,-2,-4,-4,1,1.0,-4,1,0,3000,4,12,10,4,4355,0,0
93,0.0,-4,0,0,0,2,2,2,1,2,1,-4,-4,0,,-4,1,0,-3,4,12,8,2,5351,-5,-5
94,1.0,-4,0,0,0,5,2,1,2,2,1,3,-4,1,0.0,50,2,0,-3,2,12,10,1,79941,0,-4
95,0.0,-4,0,0,0,1,1,1,1,1,1,-4,-4,0,,-4,1,0,1750,4,8,8,2,27977,-5,-5
96,1.0,-4,0,0,0,2,1,1,3,2,1,-4,-4,0,,-4,1,0,17500,4,14,12,4,-4,-5,-5
97,1.0,-4,0,0,1,1,2,2,3,2,2,3,-4,0,0.0,30,1,0,12000,4,12,12,2,58177,0,0
98,1.0,-4,0,0,0,0,2,2,1,1,1,-2,-4,-3,,-3,1,-4,-4,4,-3,-3,4,44306,-5,-5
99,0.0,-4,0,0,0,4,1,1,-2,1,3,-4,-4,0,0.0,-4,1,-2,3750,7,-4,8,2,-4,-5,-5
100,0.0,200410,0,0,1,6,1,2,4,2,2,2,-4,0,0.0,-2,2,0,-8500,2,-3,10,1,10086,0,0
101,0.0,-4,0,0,0,9,4,2,5,3,2,3,-4,0,0.0,-2,2,0,-3,6,-4,6,1,-4,0,0
102,1.0,-4,0,0,0,10,2,3,4,3,1,-4,-4,1,,-4,2,0,190001,5,12,12,2,35316,-5,-5
103,1.0,-4,0,0,0,0,2,2,3,1,1,-4,-4,0,,-4,2,0,190001,5,12,12,2,66575,-5,-5
104,1.0,-4,0,0,0,4,2,3,4,4,1,2,-4,0,0.0,10,2,0,258500,6,16,13,4,58482,0,0
105,1.0,-4,0,0,0,4,2,2,1,1,1,-4,-4,0,0.0,-4,1,0,258500,6,16,13,4,74883,0,0
106,1.0,-4,0,0,1,4,3,2,3,4,2,2,-4,0,,78,1,0,382500,4,12,16,4,34516,-5,-5
107,1.0,-4,0,0,0,5,1,2,5,5,2,-4,-4,0,0.0,-4,2,0,559500,6,19,16,4,94837,0,0
108,1.0,-4,0,0,0,5,2,1,1,1,1,-4,-4,0,0.0,-4,1,0,559500,6,19,16,4,83765,0,0
109,1.0,-4,0,0,0,3,2,1,1,1,1,-4,-4,0,0.0,-4,2,0,453750,6,12,12,4,90866,0,0
110,1.0,-4,0,0,0,2,1,1,1,1,1,-4,-4,0,0.0,-4,2,0,453750,6,12,12,4,43864,0,0
111,1.0,-4,0,0,0,0,1,2,4,4,1,3,-4,0,0.0,25,2,0,105500,5,-4,-4,4,82318,0,0
112,1.0,-4,0,0,0,4,2,1,2,1,1,-4,-4,0,0.0,-4,2,-4,-4,4,12,12,4,57727,-5,-5
113,1.0,199704,0,0,0,2,1,2,3,4,1,-4,-4,0,0.0,-4,1,0,2750,5,12,15,4,76838,0,0
114,0.0,200111,0,0,0,1,2,3,4,3,1,-4,-4,1,0.0,-4,2,0,102200,3,13,12,4,65345,0,0
115,0.0,200103,0,0,0,1,2,3,5,5,3,-4,-4,0,0.0,-4,2,0,-3,3,12,12,2,53132,-5,-5
116,0.0,200210,0,0,0,2,2,2,2,1,2,-4,-4,0,,-4,1,0,26250,4,12,12,1,-4,0,0
117,1.0,-4,0,0,2,3,2,2,2,1,2,-4,-4,0,,-4,1,0,26250,4,12,12,1,-4,0,0
118,1.0,199901,0,0,0,2,2,2,3,5,1,3,-4,0,,20,1,0,-3,4,16,12,4,-4,-5,-5
119,1.0,-4,0,0,0,0,2,2,3,1,1,-4,-4,0,,-4,1,0,-3,4,12,15,4,33091,0,0
120,1.0,-4,0,0,1,3,1,4,4,2,1,-4,-4,1,,-4,1,-4,-4,3,17,16,4,-4,0,0
121,1.0,-4,0,0,0,0,2,2,2,1,1,1,-4,0,0.0,3,1,0,155450,4,14,14,4,80701,0,0
122,0.0,-4,0,0,0,0,1,2,1,1,1,-4,-4,0,0.0,-4,1,0,155450,4,14,14,4,59605,0,0
123,0.0,-4,0,1,0,3,2,4,3,4,1,2,-4,0,,25,1,-4,-4,4,12,15,4,-4,-5,-5
124,,-4,0,0,0,4,2,2,3,1,1,-4,-4,0,,-4,1,-4,-4,4,12,15,4,-4,-5,-5
125,1.0,-4,0,0,0,0,2,2,1,1,1,-4,-4,0,,-4,2,0,-3,5,18,16,4,67045,-5,-5
126,0.0,199611,0,0,0,4,3,2,4,3,1,3,-4,0,0.0,0,1,-4,-4,5,-4,12,4,35303,0,0
127,1.0,-4,0,1,0,4,2,2,3,2,1,3,-4,0,0.0,-4,2,-4,-4,4,16,16,4,58706,0,0
128,1.0,-4,0,0,0,6,2,2,4,4,2,-4,-4,0,0.0,-4,2,0,175500,3,18,16,4,71624,0,0
129,1.0,-4,0,0,0,1,1,2,3,1,1,1,-4,0,0.0,1,2,-4,-4,4,17,-4,4,61979,-5,-5
130,1.0,-4,0,0,0,1,2,2,4,2,1,-2,-4,0,,0,2,-4,-4,4,17,-4,4,39653,-5,-5
131,1.0,-4,0,0,0,5,1,1,3,2,1,1,-4,0,,1,1,0,470750,3,16,16,4,98342,-5,-5
132,1.0,-4,0,0,0,2,2,2,3,3,1,-4,-4,0,,-4,1,0,-3,4,16,16,4,89334,-5,-5
133,0.0,-4,0,0,0,3,1,2,3,2,1,-4,-4,1,,-4,1,0,68500,4,16,16,4,83789,0,0
134,1.0,-4,0,15,0,3,2,2,1,1,1,-4,-4,1,0.0,-4,1,-4,-4,5,16,14,4,-4,-5,-5
135,1.0,-4,0,0,0,3,3,2,4,3,1,4,-4,0,,20,1,0,87500,2,15,18,4,94833,-5,-5
136,1.0,-4,0,0,0,10,2,2,3,1,1,-4,-4,0,,-4,2,0,-3,5,14,18,4,89028,-5,-5
137,0.0,-4,0,-4,-4,-4,3,4,5,4,3,4,-4,1,1.0,25,2,1,500,2,-4,12,4,63329,0,0
138,1.0,-4,0,0,0,10,1,2,1,1,1,-4,-4,0,0.0,-4,1,0,600000,5,18,16,4,60424,0,0
139,1.0,-4,0,0,0,4,1,1,1,1,1,-4,-4,0,,-4,2,0,600000,4,16,18,4,98914,-5,-5
140,0.0,-4,0,0,0,5,2,1,1,1,1,-4,-4,0,,-4,1,0,35500,5,14,12,2,79409,-5,-5
141,1.0,-4,0,1,1,8,2,3,4,5,2,4,-4,0,,0,2,0,4050,4,9,12,4,50052,-5,-5
142,1.0,-4,0,0,0,3,2,2,4,2,2,-2,-4,0,,3,2,0,8000,5,14,10,4,55540,0,0
143,0.0,-4,0,0,0,5,2,4,1,1,1,4,-4,0,0.0,0,1,0,84299,5,14,12,1,42098,0,0
144,1.0,200109,0,5,0,0,2,3,5,4,5,-4,-4,1,0.0,-4,1,0,131750,5,12,16,1,62219,0,-2
145,1.0,-4,0,0,0,3,2,2,2,2,1,-4,-4,0,0.0,-4,1,0,131750,5,12,16,1,39585,0,0
146,0.0,-4,0,0,0,2,1,2,1,1,2,-4,-4,0,0.0,-4,1,0,150,4,12,12,1,18371,0,0
147,1.0,-4,0,0,0,6,1,2,1,1,1,-4,-4,0,0.0,-4,2,0,-3,3,13,12,4,42348,0,1
148,0.0,201104,0,0,0,6,4,3,3,5,2,-4,-4,0,0.0,-4,2,0,-15750,5,12,6,1,-4,0,0
149,1.0,-4,0,1,0,10,2,4,2,1,3,-4,-4,0,0.0,-4,2,0,3750,5,11,11,1,5071,0,0
150,1.0,200606,1,1,0,1,2,1,1,1,1,-4,-4,0,0.0,-4,1,0,3750,5,-3,11,1,12233,0,-4
151,0.0,-4,0,0,1,2,3,2,5,5,3,5,-4,0,,-4,2,1,-3,5,11,11,1,19749,0,0
152,0.0,199903,0,0,1,6,2,1,1,1,3,4,-4,0,,-4,1,-4,-4,5,14,12,1,27157,0,0
153,0.0,-4,0,2,4,15,2,2,4,3,1,5,-4,0,0.0,75,2,0,1750,5,13,10,1,10825,0,0
154,1.0,-4,0,0,0,5,2,1,3,3,1,3,-4,0,,60,1,0,125500,4,20,19,4,97902,-5,-5
155,1.0,200308,0,0,0,5,2,1,3,2,1,2,-4,0,0.0,0,1,0,-3,4,18,14,4,99595,0,0
156,1.0,200007,0,0,0,5,2,1,3,2,1,-4,-4,1,0.0,-4,1,0,-3,4,18,14,4,92692,0,0
157,1.0,-4,0,0,0,3,1,2,3,3,1,3,-4,1,0.0,-4,2,0,34500,4,12,12,2,-4,0,0
158,1.0,-4,0,0,0,0,2,1,1,1,2,-4,-4,0,0.0,-4,1,0,56000,5,-3,16,2,79949,0,0
159,1.0,-4,0,-4,-4,-4,2,2,1,4,1,2,-4,0,0.0,0,2,0,8200,5,10,12,2,3049,0,0
160,0.0,200605,0,0,2,40,2,1,5,4,2,5,-4,0,0.0,50,2,1,3750,5,10,9,2,5463,0,0
161,0.0,199612,1,0,2,5,3,3,3,3,3,3,-4,0,0.0,-4,1,1,3750,5,10,9,2,4251,0,1
162,1.0,-4,0,0,0,3,2,3,4,3,2,4,-4,0,,50,2,0,-3,5,-4,-3,1,-4,0,1
163,0.0,200011,1,0,0,2,1,3,3,4,3,5,-4,0,1.0,-4,1,0,-3,5,-4,-3,1,-4,0,1
164,0.0,199609,0,0,0,24,2,2,3,3,1,3,-4,0,0.0,10,2,0,14250,5,12,12,4,50169,0,0
165,1.0,-4,0,0,0,2,2,2,3,3,1,3,-4,0,0.0,0,1,-4,-4,5,12,13,4,40421,0,0
166,1.0,-4,0,0,0,6,2,2,3,3,1,-4,-4,0,0.0,-4,2,-4,-4,5,12,13,4,83128,0,0
167,0.0,-4,0,1,4,0,1,2,1,-2,1,-4,-4,0,0.0,-4,1,0,-3,4,12,8,2,-4,0,0
168,0.0,-4,0,0,0,1,2,2,3,1,2,1,-4,1,,0,1,0,-3,5,12,13,2,31337,-5,-5
169,0.0,200904,3,0,0,7,1,1,2,1,1,-4,-4,0,0.0,-4,2,0,3250,5,20,12,4,75582,0,0
170,1.0,-4,0,0,0,4,1,1,2,1,1,-4,-4,0,0.0,-4,2,0,3250,5,20,12,4,61533,0,0
171,1.0,-4,0,0,0,3,1,1,2,1,1,-4,-4,0,0.0,-4,2,0,38500,4,11,12,2,87967,0,0
172,1.0,-4,0,0,0,7,2,1,1,1,1,-4,-4,0,,-4,1,0,535501,3,18,16,4,98687,-5,-5
173,1.0,-4,0,0,0,14,2,2,3,2,1,3,-4,0,,0,2,0,-3,5,18,16,4,-4,-5,-5
174,1.0,-4,0,0,0,8,2,2,1,1,1,-4,-4,1,,-4,1,0,-3,5,18,16,4,-4,-5,-5
175,1.0,-4,0,0,0,2,1,3,4,2,1,2,-4,0,0.0,0,2,0,-3,4,18,16,4,95637,-5,-5
176,1.0,-4,0,0,0,3,2,1,4,1,-2,-4,-4,0,0.0,-4,1,0,535001,7,18,13,4,90292,0,0
177,1.0,-4,0,0,0,3,2,2,4,3,1,3,-4,0,0.0,0,2,0,160950,4,12,16,4,46304,0,0
178,1.0,-4,0,0,0,1,1,2,2,1,1,2,-4,0,,0,2,0,288000,5,18,12,4,87198,0,0
179,0.0,-4,0,0,0,0,2,2,2,2,1,2,-4,0,,0,2,0,288000,5,18,12,4,-4,-5,-5
180,1.0,-4,0,0,0,3,1,2,1,1,1,-4,-4,0,,-4,1,0,288000,5,18,12,4,95254,0,0
181,1.0,-4,0,0,0,4,2,2,2,1,1,-4,-4,0,0.0,-4,2,0,-3,4,20,18,4,100000,0,0
182,1.0,-4,0,0,0,3,1,2,1,1,1,-4,-4,0,0.0,-4,2,0,-3,4,20,18,4,98196,0,0
183,1.0,-4,0,0,0,2,2,2,4,2,1,3,-4,0,0.0,25,2,0,-3,4,20,16,4,81282,0,0
184,1.0,-4,0,0,0,0,2,2,2,1,1,-4,-4,0,0.0,-4,1,0,293800,4,16,14,4,79429,-5,-5
185,0.0,199305,2,0,1,4,2,4,4,4,1,5,-4,0,0.0,75,1,0,-2332,4,12,12,1,7810,0,0
186,0.0,-4,0,0,0,1,2,3,4,2,1,-4,-4,0,0.0,-4,2,-4,-4,4,-3,-3,4,-4,-5,-5
187,1.0,-4,0,0,1,0,2,1,4,1,1,-4,-4,0,0.0,-4,1,0,-3,6,14,12,2,85828,0,0
188,1.0,-4,0,0,0,2,2,2,4,5,1,5,-4,1,,0,2,0,19500,2,12,12,4,42443,0,0
189,1.0,-4,0,0,0,0,2,2,2,1,1,-4,-4,0,,-4,2,-4,-4,5,-4,12,4,-4,-5,-5
190,0.0,200006,0,0,0,4,2,2,4,1,1,-4,-4,0,,-4,1,0,308001,4,12,16,4,82474,0,0
191,0.0,199804,0,1,0,1,2,2,3,2,2,-4,-4,1,1.0,-4,1,0,326000,3,-4,-4,4,74248,0,-4
192,0.0,-4,0,0,1,2,2,2,3,3,1,-4,-4,0,0.0,-4,2,0,-42488,3,16,15,2,55484,0,-4
193,0.0,200711,0,1,0,4,3,3,5,4,3,4,-4,0,,0,2,0,-8000,4,10,12,1,18081,0,0
194,0.0,200509,0,0,0,1,2,2,4,4,1,4,-4,0,,10,2,0,-27600,4,-3,14,2,49636,0,0
195,1.0,199602,2,0,0,4,4,2,3,3,1,-4,-4,1,0.0,-4,1,0,30500,2,-3,14,1,63503,0,1
196,1.0,200108,0,5,3,7,2,3,1,1,1,-4,-4,1,,-4,1,0,-3,4,14,19,2,-4,-5,-5
197,1.0,-4,0,0,0,17,3,3,3,3,1,-2,-4,0,,0,2,0,132000,5,17,14,4,75823,0,0
198,0.0,199509,0,0,0,7,3,3,4,4,2,4,-4,-3,1.0,0,2,-4,-4,5,12,11,4,29945,0,0
199,1.0,199506,0,0,1,1,2,4,1,1,1,-4,-4,1,1.0,-4,1,0,455500,4,16,17,4,52600,0,0
200,1.0,-4,0,0,0,0,2,2,3,3,2,1,-4,0,0.0,0,1,0,255500,5,12,15,4,-4,0,0
201,1.0,-4,0,0,0,13,2,2,2,1,1,-4,-4,0,0.0,-4,2,0,123000,3,18,18,4,99591,0,0
202,0.0,-4,0,0,0,8,2,2,1,1,1,-4,-4,0,0.0,-4,1,-4,-4,4,12,12,4,39048,0,0
203,1.0,-4,0,0,0,3,1,2,2,1,1,-4,-4,0,0.0,-4,2,-4,-4,4,12,12,4,46707,0,0
204,1.0,-4,0,8,0,13,2,3,5,4,2,4,-4,0,1.0,10,2,0,37550,3,14,15,4,61895,0,1
205,0.0,-4,0,0,0,4,3,3,4,2,1,-4,-4,0,0.0,-4,2,0,37550,3,14,15,4,33506,-5,-5
206,1.0,200609,0,0,0,9,3,3,4,3,2,2,-4,0,0.0,-4,1,0,-3,7,10,10,4,-4,0,0
207,1.0,-4,0,0,0,0,2,2,3,3,1,2,-4,0,0.0,40,2,0,600000,7,8,12,4,81998,-5,-5
208,1.0,-4,0,0,0,1,2,2,1,1,1,-4,-4,0,0.0,-4,2,0,600000,7,8,12,4,71791,0,0
209,0.0,-4,0,0,1,0,2,2,3,2,2,-4,-4,0,0.0,-4,1,0,155500,5,8,8,2,-4,-5,-5
210,0.0,-4,0,0,0,1,2,2,1,1,1,-4,-4,0,0.0,-4,1,0,155500,5,8,8,2,-4,-5,-5
211,1.0,-4,0,0,0,0,3,2,1,1,1,1,-4,0,0.0,5,2,0,48300,5,4,4,2,-4,0,0
212,0.0,-4,0,3,0,3,1,2,3,3,1,3,-4,0,0.0,0,1,0,7900,4,8,12,2,42507,0,0
213,1.0,-4,0,0,0,2,2,2,1,1,1,1,-4,0,0.0,-4,2,0,7900,4,8,12,2,35568,0,0
214,1.0,-4,0,0,0,4,2,1,4,1,1,-4,-4,0,0.0,-4,2,0,31900,5,16,12,2,66561,0,0
215,1.0,-4,0,1,1,5,1,2,3,2,2,5,-4,0,0.0,50,1,0,1750,6,12,12,2,-4,0,0
216,1.0,-4,0,0,0,40,2,3,4,4,1,4,-4,1,1.0,50,2,0,43000,5,6,11,2,60496,0,0
217,1.0,-4,0,0,0,5,2,2,2,3,5,-4,-4,0,,-4,2,-4,-4,3,12,8,2,44030,0,0
218,0.0,-4,0,3,0,3,2,2,1,1,2,-4,-4,0,,-4,1,-4,-4,4,12,16,2,-4,-5,-5
219,1.0,-4,0,0,0,0,2,2,2,2,1,-4,-4,0,0.0,-4,1,0,139500,3,15,18,3,80773,0,0
220,1.0,-4,0,0,1,1,3,4,1,1,2,-4,-4,1,1.0,-4,1,0,118000,6,14,12,4,66556,-5,-5
221,1.0,-4,0,0,0,2,2,2,1,1,1,-4,-4,0,0.0,-4,2,0,183500,4,18,14,4,82209,0,0
222,1.0,-4,0,0,0,2,4,1,4,2,1,4,-4,1,0.0,10,1,0,-3,4,12,9,2,62197,0,0
223,1.0,-4,0,0,0,2,2,3,4,1,1,5,-4,1,0.0,80,1,0,-3,4,12,9,2,87923,0,0
224,0.0,-4,0,0,0,3,2,2,4,2,1,-4,-4,0,0.0,-4,2,0,120750,3,12,12,4,37760,0,0
225,0.0,-4,0,2,0,0,2,2,4,3,1,3,-4,1,1.0,0,1,0,-3,3,12,14,4,54975,0,0
226,1.0,-4,0,0,0,0,2,2,5,2,1,4,-4,0,0.0,0,2,0,2350,4,-3,9,1,7113,0,-2
227,0.0,199406,-3,3,0,0,3,3,5,5,1,5,-4,-3,1.0,35,2,0,47650,2,-4,-3,3,-4,-2,-2
228,1.0,-4,0,0,0,1,1,1,1,1,1,-4,-4,0,0.0,-4,1,0,-2500,7,15,15,4,29631,0,0
229,1.0,-4,0,0,0,0,2,2,1,1,1,-4,-4,0,0.0,-4,2,0,79530,3,-4,16,4,86033,0,0
230,1.0,200110,0,0,0,2,2,2,3,1,1,-4,-4,0,0.0,-4,1,0,-19883,4,12,12,2,62122,0,0
231,1.0,199806,0,0,3,7,2,3,3,2,3,5,-4,0,0.0,2,1,-4,-4,4,12,11,2,-4,0,0
232,0.0,-4,0,0,0,1,2,1,2,1,1,-4,-4,0,,-4,1,0,30485,2,12,12,2,43085,0,0
233,1.0,199707,0,0,0,5,2,2,4,3,3,4,-4,0,0.0,50,1,0,3765,3,7,13,2,-4,0,0
234,0.0,199806,0,0,0,2,2,1,2,1,1,-4,-4,0,0.0,-4,2,-4,-4,7,14,11,2,-4,0,0
235,1.0,-4,0,0,0,6,2,2,4,2,1,-2,-4,0,0.0,0,2,0,1747,4,15,10,4,60888,0,0
236,1.0,-4,0,0,0,4,4,3,-2,-2,2,-4,-4,0,0.0,-4,2,0,-3,2,12,15,2,76936,0,0
237,1.0,-4,0,0,0,1,1,1,1,1,1,-4,-4,0,0.0,-4,1,0,40067,6,13,14,4,58782,0,0
238,1.0,-4,0,0,0,0,2,2,3,2,1,4,-4,0,0.0,0,2,-4,-4,3,-4,-3,4,79982,0,0
239,1.0,-4,0,0,0,4,2,1,4,3,1,2,-4,0,,0,1,0,600000,6,18,18,4,-4,0,0
240,1.0,-4,0,0,0,2,1,1,1,1,1,-4,-4,0,0.0,-4,2,0,600000,6,18,18,4,-4,0,0
241,1.0,-4,0,0,0,0,1,2,4,4,1,-4,-4,0,0.0,-4,2,0,29750,5,16,18,2,51504,0,0
242,1.0,-4,0,0,0,0,2,2,1,1,1,-4,-4,0,0.0,-4,1,0,29750,5,16,18,2,45199,0,0
243,1.0,-4,0,3,0,5,4,3,3,1,2,-4,-4,1,1.0,-4,2,0,-3,5,12,12,3,29804,-5,-5
244,1.0,-4,0,0,0,3,2,2,1,1,1,-4,-4,0,0.0,-4,1,0,-3,5,12,12,2,10687,0,0
245,1.0,-4,0,0,0,0,2,3,1,1,1,-4,-4,0,0.0,-4,2,-4,-4,6,-3,-3,4,72248,0,0
246,1.0,-4,0,0,0,0,2,3,4,3,2,3,-4,1,0.0,0,1,0,-3,7,15,-4,2,89776,0,0
247,1.0,200909,0,0,0,3,2,3,4,2,1,2,-4,1,0.0,-4,1,0,17850,4,13,13,4,86419,0,0
248,1.0,-4,0,0,0,1,2,1,4,4,2,-4,-4,0,0.0,-4,2,0,17850,4,13,13,4,87611,0,0
249,0.0,-4,0,0,0,16,3,2,3,2,1,3,-4,1,,30,1,-4,-4,3,12,14,4,45564,-5,-5
250,0.0,199607,1,4,2,3,2,3,4,5,3,5,-4,0,,25,1,0,-3,4,12,13,4,17015,-5,-5
251,1.0,-4,0,0,0,5,2,2,4,3,1,1,-4,0,0.0,-4,1,0,-3,4,14,11,2,56495,0,0
252,1.0,-4,0,0,0,10,2,2,1,1,2,-4,-4,0,0.0,-4,2,0,-3,4,14,11,2,63505,0,0
253,1.0,-4,0,0,0,0,2,2,1,1,1,-4,-4,0,,-4,2,-4,-4,5,-3,-3,4,50121,-5,-5
254,1.0,-4,0,0,0,0,2,2,2,1,3,1,-4,0,0.0,-2,1,0,-3,3,16,18,4,58224,0,0
255,1.0,-4,0,0,0,2,2,2,4,1,2,-4,-4,0,,-4,2,0,-3,3,16,18,4,84456,-5,-5
256,0.0,200004,0,0,0,20,3,4,3,5,1,3,-4,0,0.0,5,1,0,-3,5,-3,-3,4,-4,0,0
257,0.0,200210,0,0,0,4,2,2,3,2,2,-4,-4,0,0.0,-4,1,0,-3,5,-3,-3,4,-4,0,0
258,1.0,-4,0,0,0,1,2,2,3,3,2,-4,-4,0,0.0,-4,1,-4,-4,5,14,12,4,42366,0,0
259,1.0,-4,0,0,0,1,1,2,2,1,1,2,-4,0,0.0,0,1,0,-3,4,-3,-3,4,53011,-5,-5
260,1.0,-4,0,0,0,3,2,2,3,1,1,-2,-4,0,0.0,0,1,-4,-4,4,-4,14,1,18085,0,0
261,0.0,200104,0,0,0,10,2,2,4,1,2,-4,-4,0,0.0,-4,1,0,1750,3,-4,12,1,14864,0,0
262,0.0,-4,0,0,0,-2,2,2,4,3,3,3,-4,0,0.0,0,1,-4,-4,6,-4,8,1,9388,-5,-5
263,0.0,199909,0,0,0,2,3,2,1,1,2,-4,-4,0,0.0,-4,1,-4,-4,6,-4,8,1,33760,-5,-5
264,1.0,-4,0,0,3,1,1,2,3,1,1,-4,-4,0,1.0,-4,1,-4,-4,4,-3,-3,4,57523,0,0
265,1.0,-4,0,0,2,0,2,2,1,1,2,-4,-4,0,0.0,-4,1,0,1500,7,6,6,2,10621,0,0
266,1.0,-4,0,0,0,1,2,2,4,3,2,3,-4,0,0.0,0,2,0,148500,5,12,12,4,-4,0,0
267,1.0,-4,0,0,0,0,2,2,4,3,3,3,-4,0,0.0,0,2,0,110800,3,12,13,4,91328,0,0
268,1.0,-4,0,0,0,0,1,1,1,1,1,1,-4,1,0.0,0,1,0,242500,5,11,11,2,36454,0,-2
269,1.0,199501,0,0,0,-2,2,2,1,1,1,2,-4,-3,0.0,25,2,0,412500,4,12,16,4,45316,-5,-5
270,1.0,199811,0,0,0,2,2,2,3,1,2,-4,-4,0,0.0,-4,2,0,412500,4,12,16,4,75382,0,0
271,0.0,-4,0,0,0,7,2,2,4,1,1,-4,-4,0,0.0,-4,2,0,50870,5,12,12,4,15074,0,0
272,1.0,-3,0,0,2,10,3,4,4,3,4,-4,-4,0,0.0,-4,2,0,12500,6,6,7,2,18296,0,0
273,0.0,-4,0,0,0,5,2,2,3,2,1,-4,-4,0,0.0,-4,2,-4,-4,5,12,12,2,-4,-5,-5
274,0.0,-4,0,3,3,14,3,3,4,3,2,4,-4,0,,25,2,0,500,7,5,5,2,-4,-5,-5
275,0.0,-4,0,-4,-4,-4,2,2,1,1,1,1,-4,0,0.0,0,1,-4,-4,7,5,1,2,-4,-5,-5
276,0.0,-4,0,1,1,10,2,2,3,2,3,2,-4,0,,-4,2,0,500,7,5,5,2,-4,0,0
277,0.0,200910,0,0,0,17,2,2,1,1,4,-4,-4,0,,-4,1,0,500,7,5,5,2,-4,-5,-5
278,1.0,-4,0,0,0,10,2,2,3,2,1,2,-4,1,0.0,10,1,0,47500,4,16,14,4,63505,0,0
279,1.0,-4,0,0,0,4,2,2,3,4,1,2,-4,0,,6,1,0,-3,4,18,16,4,-4,-5,-5
280,1.0,200106,0,0,0,4,3,3,2,1,2,-4,-4,0,0.0,-4,1,0,-3,4,18,16,4,-4,-5,-5
281,1.0,200405,0,1,3,7,2,1,1,1,1,-4,-4,0,0.0,-4,1,1,500,4,-3,11,1,53768,0,0
282,1.0,199609,0,0,0,0,2,3,3,4,1,2,-4,0,,0,1,0,-3,5,12,14,4,20877,0,0
283,1.0,-4,0,0,0,3,2,2,1,1,1,-4,-4,0,0.0,-4,1,0,-3,5,12,14,4,72692,0,0
284,1.0,-4,0,0,0,7,2,3,5,5,1,5,-4,0,0.0,0,2,1,3750,6,10,12,1,9799,0,0
285,0.0,-4,0,0,0,13,2,2,4,3,2,2,-4,0,0.0,0,1,0,-3,4,9,11,4,28624,0,0
286,1.0,-4,0,0,0,3,1,3,2,1,1,-4,-4,0,0.0,-4,2,-4,-4,3,14,12,4,-4,0,0
287,0.0,-4,0,0,0,8,2,3,5,4,2,5,-4,0,0.0,60,1,0,87326,5,12,12,4,18211,0,0
288,1.0,-4,0,1,0,2,2,3,3,1,1,-4,-4,1,1.0,-4,2,0,87326,5,12,12,4,34539,0,0
289,1.0,-4,0,0,0,1,2,2,3,1,1,-4,-4,0,0.0,-4,2,0,87326,5,12,12,4,52200,0,0
290,0.0,-4,0,0,0,5,2,2,1,4,3,-4,-4,0,0.0,-4,2,0,-3,4,12,14,4,39122,0,0
291,0.0,201703,0,10,0,10,2,4,5,5,2,4,-4,1,1.0,100,2,0,134500,5,12,12,4,44991,0,0
292,1.0,-4,0,0,0,0,2,2,5,3,1,-4,-4,0,0.0,-4,2,0,6850,5,12,14,1,56630,0,0
293,1.0,-4,0,0,0,0,1,1,5,4,2,-4,-4,0,0.0,-4,2,0,-3,5,12,12,2,89741,0,0
294,1.0,-4,0,0,0,0,2,3,3,2,3,2,-4,1,0.0,-4,1,-4,-4,5,12,12,2,64580,0,0
295,1.0,201106,0,0,0,2,2,2,1,1,1,-4,-4,0,0.0,-4,2,0,35100,6,-3,8,2,-4,0,0
296,1.0,-4,0,0,0,3,2,3,5,3,1,2,-4,0,0.0,0,2,0,-3,4,14,11,2,10256,0,0
297,0.0,200012,0,0,0,0,2,2,1,1,1,-4,-4,0,1.0,-4,1,0,-3,4,14,11,2,17932,0,0
298,1.0,-4,0,0,0,6,2,2,4,1,1,-4,-4,0,0.0,-4,2,0,-3,5,16,18,4,95218,0,0
299,1.0,-4,0,0,0,5,4,2,5,4,3,3,-4,0,1.0,40,1,0,-3,3,12,12,4,18566,0,0
300,1.0,-4,0,0,0,5,2,2,4,3,1,-4,-4,0,0.0,-4,2,0,-3,5,12,13,4,-4,0,0
301,1.0,-4,0,0,0,4,2,2,3,3,2,3,-4,0,,10,2,0,55250,3,18,12,4,4216,-5,-5
302,,-4,0,0,0,4,2,2,3,3,1,-4,-4,0,,-4,2,0,-3,4,12,14,4,86696,-5,-5
303,1.0,200010,0,0,0,4,2,3,4,4,1,2,-4,0,0.0,10,2,0,-3,4,-3,13,4,56044,0,0
304,1.0,-4,0,0,0,10,1,3,2,1,1,-4,-4,0,0.0,-4,1,0,-3,5,-3,-3,4,80090,0,0
305,1.0,-4,0,0,0,2,2,2,1,1,1,-4,-4,0,0.0,-4,2,0,-3,6,16,16,4,40245,0,0
306,1.0,-4,0,0,0,0,2,2,1,1,1,1,-4,1,1.0,0,2,-4,-4,7,-4,-4,4,62235,0,0
307,1.0,-4,0,0,0,2,2,2,1,1,1,1,-4,0,0.0,0,2,-4,-4,7,-4,-4,4,88283,-2,-4
308,1.0,-4,0,6,3,0,3,4,1,1,1,1,-4,0,,0,1,-4,-4,7,-4,-4,4,24145,-5,-5
309,1.0,-4,0,0,0,1,2,1,1,1,1,1,-4,0,,0,2,-4,-4,7,-4,-4,4,27426,0,-4
310,1.0,-4,0,0,0,10,3,2,1,1,1,1,-4,0,,-4,2,-4,-4,7,-4,-4,4,45052,-5,-5
311,1.0,-4,0,0,0,1,2,2,3,2,1,-4,-4,0,0.0,-4,1,-4,-4,5,-4,-4,4,73369,-5,-5
312,1.0,-4,0,2,1,18,2,2,4,3,2,-4,-4,0,0.0,-4,2,-4,-4,5,-4,-4,4,80507,-5,-5
313,1.0,-4,0,0,0,2,2,1,3,4,2,3,-4,0,0.0,3,2,0,-3,5,16,12,4,96328,0,0
314,1.0,-4,0,0,0,3,2,2,3,2,5,-4,-4,1,0.0,-4,1,0,-3,5,16,12,4,98451,-5,-5
315,1.0,200306,0,1,0,7,3,4,5,4,1,2,-4,0,0.0,-4,2,0,413500,5,16,16,4,34805,0,0
316,1.0,-4,0,0,0,1,2,4,3,3,1,-4,-4,0,,-4,1,0,-3,4,14,14,4,71838,-5,-5
317,1.0,-4,0,0,0,8,1,2,5,1,4,5,-4,0,,5,2,-4,-4,4,-3,-3,2,-4,-5,-5
318,0.0,-4,0,0,0,5,2,2,1,1,1,-4,-4,0,,-4,1,0,-3,4,-3,12,4,27268,-5,-5
319,,-4,0,0,0,0,2,2,2,1,1,-4,-4,0,,-4,2,0,-3,4,16,14,4,36222,-5,-5
320,1.0,-4,0,0,0,0,2,2,3,1,1,-4,-4,0,0.0,-4,2,0,365001,2,13,18,4,-4,-5,-5
321,0.0,-4,0,10,0,6,3,2,5,4,1,3,-4,1,0.0,75,1,-4,-4,3,12,12,4,70777,0,0
322,1.0,-4,0,0,0,2,2,2,2,1,1,-4,-4,0,0.0,-4,2,0,151000,3,12,13,4,55736,0,0
323,1.0,-4,0,0,0,4,2,3,3,2,1,2,-4,1,1.0,5,1,0,-3,2,15,14,4,88413,0,-2
324,1.0,-4,0,0,0,7,1,2,4,4,1,3,-4,0,,10,1,-4,-4,4,16,12,4,-4,-5,-5
325,1.0,-4,0,0,0,5,2,2,1,1,1,-4,-4,0,0.0,-4,1,-4,-4,2,12,13,4,36685,0,0
326,1.0,-4,0,0,0,2,2,2,4,4,1,4,-4,0,0.0,0,2,0,-3,3,14,12,4,35463,0,0
327,1.0,-4,0,0,0,1,2,2,1,1,1,-4,-4,0,1.0,-4,2,-4,-4,3,18,14,4,-4,0,0
328,1.0,-4,0,0,0,3,2,2,1,1,1,-4,-4,0,,-4,1,0,-3,5,12,12,4,45243,-5,-5
329,1.0,-4,0,0,0,0,2,3,1,1,1,-4,-4,1,0.0,-4,1,-4,-4,4,14,12,4,61751,-5,-5
330,,-4,0,0,0,0,2,2,4,2,1,-4,-4,1,,-4,1,-4,-4,4,14,14,4,16242,-5,-5
331,1.0,-4,0,0,0,8,2,3,4,4,1,3,-4,1,1.0,10,2,0,-3,4,12,12,4,-4,0,0
332,1.0,-4,0,0,0,3,2,2,2,4,1,3,-4,0,0.0,0,1,0,-3,6,-3,-4,4,98368,0,0
333,1.0,-4,0,1,0,6,2,1,1,1,1,-4,-4,0,0.0,-4,2,0,-3,6,-3,-4,4,43110,0,0
334,1.0,-4,0,1,0,20,1,2,1,1,1,-4,-4,0,1.0,-4,2,0,-3,6,-3,20,4,67241,0,0
335,1.0,-4,0,0,0,6,2,2,2,2,1,-2,-4,0,1.0,0,2,-4,-4,4,12,12,4,81833,0,0
336,1.0,200203,0,1,0,1,2,2,2,2,2,-4,-4,0,1.0,-4,1,0,-3,4,16,18,1,48416,0,0
337,1.0,-4,0,0,0,2,2,2,1,1,1,-4,-4,0,0.0,-4,1,0,-3,5,16,16,4,73243,0,0
338,1.0,-4,0,0,0,3,3,3,3,3,1,2,-4,0,0.0,5,2,0,-3,3,20,18,4,83123,0,0
339,1.0,-4,0,0,0,0,2,2,2,2,1,1,-4,0,0.0,20,2,0,3750,6,11,10,4,69403,0,0
340,1.0,-4,0,0,0,1,2,2,1,1,1,1,-4,0,0.0,0,1,0,2778,6,9,11,4,23765,0,0
341,1.0,-4,0,0,0,0,2,2,1,1,2,-4,-4,0,0.0,-4,1,-4,-4,6,9,11,4,61481,0,0
342,0.0,199909,0,1,1,7,2,2,1,1,1,1,-4,0,0.0,-4,1,-4,-4,5,16,-4,4,-4,0,0
343,0.0,-3,1,1,0,2,2,2,2,1,1,-4,-4,0,0.0,-4,1,-4,-4,5,16,-4,4,-4,0,0
344,1.0,199806,0,0,0,2,2,2,1,1,1,-4,-4,0,,-4,1,-4,-4,5,16,-4,4,-4,0,0
345,0.0,199910,1,5,0,3,1,2,3,1,3,-4,-4,0,0.0,-4,1,-4,-4,5,16,-4,4,-4,0,0
346,1.0,-4,0,5,1,3,2,1,2,1,1,-4,-4,1,0.0,-4,1,0,500,4,10,12,2,25049,0,0
347,0.0,-4,0,0,0,0,2,2,1,1,1,1,-4,0,0.0,0,1,0,-26250,6,6,6,2,-4,-5,-5
348,0.0,-4,0,0,0,2,2,2,1,1,1,-4,-4,0,0.0,-4,1,0,-26250,6,6,6,2,-4,-5,-5
349,0.0,199912,2,0,0,2,2,2,1,1,1,-4,-4,1,0.0,-4,1,0,-26250,6,6,6,2,-4,-5,-5
350,0.0,199903,0,0,0,5,2,2,1,1,1,-4,-4,0,0.0,-4,1,0,45000,4,-3,-3,4,-4,0,0
351,1.0,-4,0,0,1,7,2,2,3,4,2,2,-4,0,,50,2,0,58250,5,10,10,2,-4,0,0
352,0.0,199511,0,0,1,3,1,2,3,2,3,4,-4,0,,5,2,0,58250,5,10,10,2,-4,-5,-5
353,0.0,200302,0,3,0,2,1,1,2,2,2,-4,-4,0,0.0,-4,2,0,58250,5,10,10,2,-4,-5,-5
354,0.0,-4,0,0,0,8,2,3,1,2,2,-4,-4,0,,-4,2,0,59750,4,11,11,2,-4,0,0
355,0.0,-4,0,2,0,4,1,1,3,2,2,3,-4,1,1.0,50,2,0,59750,4,11,11,2,-4,0,0
356,1.0,-4,0,0,0,4,2,3,4,2,2,-4,-4,0,,-4,2,0,4750,3,11,10,2,-4,0,0
357,1.0,-4,0,5,0,1,1,2,2,1,1,2,-4,0,0.0,25,1,0,52250,6,6,6,2,-4,0,0
358,1.0,-4,0,0,0,7,2,2,1,1,1,-4,-4,0,0.0,-4,1,0,52250,6,6,6,2,-4,0,0
359,1.0,-4,0,0,0,4,2,2,2,1,1,-4,-4,-3,0.0,-4,2,0,52250,6,6,6,2,-4,0,0
360,1.0,-4,0,0,0,0,2,2,1,1,1,-4,-4,0,0.0,-4,1,-4,-4,3,-3,10,2,-4,0,0
361,,-4,0,4,3,2,2,2,2,2,1,2,-4,0,,10,1,-4,-4,2,-4,-4,2,-4,-5,-5
362,0.0,-4,0,0,0,4,2,1,1,1,2,3,-4,0,0.0,0,2,0,6100,6,4,4,2,59187,0,0
363,1.0,-4,0,0,0,6,2,2,1,1,2,-4,-4,0,0.0,-4,2,0,6100,6,4,4,2,51107,0,0
364,1.0,-4,0,0,0,5,2,2,2,1,4,-4,-4,0,0.0,-4,2,0,2750,5,-3,3,2,-4,-5,-5
365,0.0,199601,0,4,4,4,2,2,3,3,3,3,-4,1,0.0,-4,2,0,12750,4,11,12,2,-4,0,0
366,1.0,-4,0,0,0,0,2,2,2,3,2,3,-4,0,0.0,20,2,-4,-4,6,9,8,2,45232,0,0
367,1.0,-4,0,0,0,2,2,1,3,3,2,2,-4,0,0.0,0,1,-4,-4,6,9,8,2,47394,0,0
368,1.0,200001,0,0,0,4,2,1,3,1,1,3,-4,0,0.0,10,2,0,-3,5,3,6,2,10479,0,0
369,0.0,199910,0,0,0,0,2,2,1,-2,1,-4,-4,0,,-4,1,0,-3,5,3,6,2,4585,-5,-5
370,0.0,199402,-3,0,0,0,3,2,2,3,5,2,-4,1,0.0,-2,1,0,167750,4,12,-3,2,-4,1,0
371,0.0,-4,0,6,0,5,3,2,3,1,5,-4,-4,0,,-4,2,0,167750,4,12,-3,2,16245,-2,-2
372,0.0,-4,0,0,0,1,3,2,3,3,2,-4,-4,0,0.0,-4,1,-4,-4,3,12,10,2,23633,0,0
373,0.0,-4,0,0,1,1,3,2,1,1,1,-4,-4,0,0.0,-4,2,-4,500,3,12,10,2,7915,0,0
374,0.0,-4,0,0,0,0,4,3,3,4,5,4,-4,0,0.0,50,2,0,153812,2,-4,14,4,-4,-5,-5
375,0.0,200401,1,0,0,3,2,2,1,2,2,-4,-4,0,,-4,1,0,285500,2,12,14,1,97117,-5,-5
376,1.0,-4,0,1,0,0,2,3,3,2,2,3,-4,0,0.0,0,1,0,227500,3,9,12,1,-4,0,0
377,0.0,-4,0,0,0,2,3,3,1,1,1,-4,-4,0,0.0,-4,2,0,1750,6,12,11,1,-4,0,0
378,1.0,200501,0,0,0,2,2,3,1,1,1,-4,-4,0,0.0,-4,1,0,25001,3,16,13,1,-4,0,0
379,,-4,0,0,0,40,2,3,3,3,2,3,-4,0,,10,2,0,118500,4,16,16,2,64443,-5,-5
380,1.0,-4,0,0,0,4,2,2,2,1,1,-4,-4,0,,-4,1,0,7500,2,-4,12,4,20750,-5,-5
381,0.0,-4,0,-4,-4,-4,-4,-4,-4,-4,-4,-4,-4,-3,,-3,1,0,54500,3,14,14,2,-4,-5,-5
382,1.0,-4,0,0,0,0,2,2,2,2,2,2,-4,-3,1.0,-3,2,-4,-4,3,14,14,4,48082,0,0
383,0.0,-4,0,0,0,3,2,2,1,1,1,-4,-4,0,,-4,2,0,217500,2,16,14,4,-4,-5,-5
384,1.0,-4,0,0,0,2,2,2,1,1,1,-4,-4,0,,-4,1,0,166750,4,11,12,2,-4,-5,-5
385,1.0,200611,1,10,5,4,1,3,3,3,4,2,-4,0,1.0,25,1,0,16500,5,6,8,2,14009,0,0
386,1.0,-4,0,0,0,5,2,2,2,4,1,3,-4,0,0.0,0,1,0,500,5,-4,-3,2,36962,0,1
387,0.0,200909,0,1,0,13,4,2,2,2,2,-4,-4,0,0.0,-4,2,0,500,5,-4,-3,2,11738,0,0
388,0.0,-4,0,0,0,10,3,2,2,2,3,3,-4,0,0.0,-4,2,-4,-4,3,-4,5,2,11676,-5,-5
389,1.0,-4,0,0,0,2,1,2,2,1,1,1,-4,0,,25,2,0,134100,4,14,14,4,61504,-5,-5
390,1.0,200301,0,1,0,3,2,2,3,2,2,-4,-4,0,0.0,-4,2,0,-3,3,16,15,4,-4,0,1
391,0.0,-4,0,0,0,0,1,1,3,1,1,3,-4,1,1.0,50,1,-4,-4,5,6,6,4,-4,0,0
392,1.0,-4,0,0,0,4,2,2,2,1,1,2,-4,0,0.0,-3,1,0,122600,4,14,18,2,95143,0,0
393,1.0,-4,0,0,0,2,1,2,1,1,1,-4,-4,0,0.0,-4,1,-4,-4,8,12,14,2,26658,0,0
394,1.0,200610,0,0,0,5,1,2,1,1,1,-4,-4,0,0.0,-4,1,-4,-4,8,16,14,2,85233,0,0
395,1.0,-4,0,1,0,0,1,1,1,1,1,-4,-4,0,0.0,-4,1,0,45000,4,-3,14,4,-4,0,0
396,1.0,-4,0,0,0,3,2,2,3,2,2,-4,-4,0,0.0,-4,1,0,108750,5,-3,-3,4,60488,0,0
397,0.0,200012,0,4,1,9,2,2,4,2,1,-4,-4,0,0.0,-4,1,0,69500,4,14,14,2,-4,-2,0
398,1.0,-4,0,1,0,0,2,2,3,3,1,3,-4,0,0.0,10,1,-4,-4,3,12,-3,2,-4,0,-2
399,1.0,-4,0,0,1,12,2,2,4,4,1,3,-4,0,,0,1,0,185000,6,-3,12,3,66370,-5,-5
400,1.0,199807,0,0,0,14,2,2,4,4,2,-4,-4,0,,-4,2,0,185000,6,-3,12,3,88260,-5,-5
401,0.0,199702,0,0,1,5,1,1,1,1,1,-4,-4,0,0.0,-4,1,0,66250,2,13,-4,4,59049,0,0
402,0.0,200704,0,0,0,1,2,2,1,1,2,-4,-4,0,0.0,-4,2,-4,-4,4,-3,12,4,-4,0,1
403,1.0,200110,0,0,0,0,2,3,1,1,1,-4,-4,0,0.0,-4,2,0,-3,4,11,14,1,26195,0,1
404,1.0,-4,0,0,0,3,2,2,2,1,1,1,-4,0,0.0,0,1,0,184500,10,14,14,4,46187,0,0
405,1.0,-4,0,0,0,3,2,2,2,3,2,3,-4,0,0.0,15,1,0,184500,10,14,14,4,82821,-5,-5
406,1.0,-4,0,0,0,0,1,2,1,1,2,-4,-4,0,1.0,-4,2,0,184500,10,14,14,4,94129,-5,-5
407,0.0,-4,0,0,0,10,2,3,3,3,3,3,-4,0,0.0,5,2,0,1750,2,-4,-3,2,-4,0,0
408,1.0,-4,0,1,0,6,2,2,1,1,1,1,-4,0,1.0,0,1,0,-3,2,-4,-3,1,50883,0,0
409,0.0,201305,0,0,0,-2,3,2,3,2,2,3,-4,1,0.0,5,2,0,-3,4,-3,-3,1,-4,0,0
410,0.0,199211,1,0,0,0,4,2,3,3,3,3,-4,0,0.0,0,1,0,1750,5,-4,-3,2,8080,0,-2
411,0.0,-4,0,0,6,-1,3,4,-2,-2,1,-2,-4,1,1.0,99,2,-4,-4,6,-3,-3,2,24968,0,0
412,1.0,200007,0,0,0,3,3,2,2,1,1,2,-4,1,1.0,-4,1,-4,-4,6,-3,-3,2,30740,0,0
413,0.0,-4,0,0,0,2,2,2,2,2,1,2,-4,0,0.0,50,1,-4,-4,2,-4,13,1,-4,0,-4
414,0.0,200001,1,0,0,10,3,3,3,3,3,4,-4,0,,20,2,0,500,3,11,11,1,16020,0,-1
415,1.0,-4,0,2,0,10,2,2,4,4,2,3,-4,0,0.0,0,2,0,600000,4,14,12,4,16817,0,0
416,1.0,-4,0,0,0,0,1,3,2,2,1,2,-4,0,0.0,10,2,0,-3,5,17,16,4,99561,0,0
417,1.0,200404,0,0,0,11,2,2,5,4,1,-4,-4,0,0.0,-4,2,0,569800,3,16,14,4,28489,-5,-5
418,1.0,-4,0,0,0,3,1,1,3,2,1,-4,-4,0,,-4,1,0,-3,4,13,13,4,-4,-5,-5
419,1.0,-4,0,0,0,4,2,2,1,1,1,-4,-4,0,0.0,-4,1,0,600000,5,16,14,4,90936,0,0
420,1.0,199307,0,0,0,13,2,1,2,2,1,2,-4,0,1.0,40,1,0,-3,5,20,17,4,-4,0,0
421,1.0,199606,0,0,0,7,2,2,1,3,3,2,-4,0,0.0,-4,1,0,88750,4,-3,16,4,-4,-5,-5
422,1.0,-4,0,0,0,2,2,2,3,4,2,2,-4,-3,0.0,-3,1,0,84000,4,20,15,3,-4,0,0
423,1.0,-4,0,0,1,15,2,4,2,1,1,-4,-4,-3,0.0,-4,2,0,84000,4,-3,12,3,-4,0,0
424,1.0,-4,0,0,0,2,2,1,2,1,1,-4,-4,0,0.0,-4,2,0,-3,5,17,17,2,83087,0,0
425,1.0,-4,0,1,0,3,3,3,3,2,3,-4,-4,1,0.0,-4,2,0,76500,4,16,12,4,96531,0,0
426,0.0,-4,0,5,0,20,2,2,1,1,1,1,-4,0,0.0,0,2,0,6250,3,5,-3,2,2417,0,0
427,0.0,200310,0,0,0,5,2,2,2,2,1,1,-4,0,,15,1,0,11250,6,6,-3,2,15242,0,0
428,1.0,-4,0,0,0,1,2,2,2,1,1,-4,-4,0,,-4,2,-4,-4,6,6,-3,2,8618,-5,-5
429,0.0,199701,0,50,1,20,2,2,1,1,4,2,-4,-3,1.0,60,1,0,15636,4,11,12,4,41516,0,0
430,1.0,-4,0,0,0,4,2,1,1,1,2,-4,-4,0,0.0,-4,1,0,98750,5,14,16,4,-4,-5,-5
431,1.0,-4,0,0,0,3,1,1,2,1,3,-4,-4,0,0.0,-4,2,0,1327,4,12,15,2,24639,-5,-5
432,0.0,199806,2,0,0,8,1,3,4,3,3,2,-4,0,,100,1,0,-250,5,-3,16,2,20973,0,0
433,1.0,-4,0,0,0,4,2,2,1,1,1,-4,-4,0,,-4,2,0,-250,5,-3,16,2,-4,0,0
434,0.0,-4,0,10,2,8,3,3,4,4,2,4,-4,1,0.0,-4,1,0,600000,4,16,12,4,34640,0,0
435,1.0,-4,0,0,0,6,2,1,2,1,1,2,-4,0,,0,2,0,3250,3,6,14,2,-4,0,0
436,0.0,-4,0,0,0,2,3,3,3,1,5,2,-4,0,,-4,2,0,1000,4,6,6,2,-4,0,0
437,1.0,-4,0,0,0,4,1,1,2,2,2,3,-4,0,0.0,0,2,0,5750,5,-3,-3,2,42467,0,0
438,1.0,-4,0,0,0,20,2,2,1,2,2,-4,-4,0,0.0,-4,1,0,5750,5,-3,-3,2,22450,0,0
439,0.0,-4,0,0,0,23,2,2,2,2,2,-4,-4,0,0.0,-4,2,0,5750,5,-3,-3,2,999,0,0
440,1.0,199712,2,0,0,2,3,2,2,2,2,3,-4,1,0.0,2,1,0,1750,5,9,95,2,30844,0,0
441,0.0,199702,0,15,1,21,3,3,3,4,3,3,-4,0,1.0,-4,1,0,1750,5,9,95,2,4790,0,0
442,0.0,-4,0,0,0,2,2,1,2,1,2,2,-4,0,,10,2,-4,-4,3,-3,12,2,-4,0,0
443,0.0,200612,0,0,0,5,2,3,1,1,1,1,-4,0,0.0,0,1,0,-3,4,-3,12,2,-4,0,0
444,0.0,-4,0,0,0,15,3,2,1,2,2,2,-4,0,0.0,-4,2,0,-3,4,-3,12,2,-4,0,0
445,0.0,200511,0,0,0,5,2,2,3,2,1,2,-4,0,,20,1,-4,-4,3,-4,-3,2,-4,0,0
446,0.0,199708,4,0,1,1,2,2,2,3,1,-4,-4,0,0.0,-4,1,-4,-4,2,-4,-3,2,-4,0,0
447,0.0,-3,0,0,0,1,2,2,3,2,2,-4,-4,0,0.0,-4,2,0,5000,5,12,12,2,-4,0,0
448,0.0,199904,0,0,0,3,2,1,1,1,1,-4,-4,0,0.0,-4,2,0,5000,5,12,12,2,-4,0,0
449,0.0,-4,0,0,0,5,2,2,1,1,1,-4,-4,0,,-4,2,0,39500,5,12,11,2,-4,-5,-5
450,1.0,200307,0,0,0,8,2,3,3,3,2,4,-4,1,0.0,0,2,0,500,8,6,6,2,-4,0,0
451,0.0,199611,0,0,3,20,2,2,4,3,3,-4,-4,0,1.0,-4,1,0,500,8,6,6,2,-4,0,0
452,0.0,201706,0,0,10,75,2,2,1,1,2,5,-4,0,,10,2,0,1200,8,-3,-3,2,-4,0,-4
453,0.0,-4,0,3,2,10,2,3,4,2,2,-4,-4,1,,-4,2,0,1200,8,-3,-3,2,-4,0,-4
454,1.0,-4,0,0,0,2,1,1,1,1,1,-4,-4,1,0.0,-4,1,0,1750,3,-3,6,2,57742,0,0
455,1.0,201105,1,0,0,1,1,4,1,1,1,-4,-4,0,0.0,-4,1,0,23000,4,-3,-3,2,-4,-5,-5
456,1.0,-4,0,0,1,0,3,4,1,1,1,-4,-4,1,0.0,-4,1,0,9500,8,3,12,2,68666,0,0
457,0.0,-4,0,0,0,1,2,2,1,2,2,4,-4,0,0.0,1,1,-4,-4,11,6,-4,2,-4,0,0
458,1.0,-4,0,0,0,2,1,1,1,1,1,-4,-4,0,0.0,-4,1,-4,-4,11,6,6,2,-4,0,0
459,1.0,-4,0,0,0,0,1,2,1,1,1,-4,-4,0,0.0,-4,2,0,-900,4,12,6,2,47120,0,0
460,0.0,-4,0,0,0,7,3,4,1,1,3,2,-4,0,0.0,50,2,0,500,8,6,9,2,2010,0,0
461,0.0,-4,0,0,0,-2,2,2,1,5,2,-4,-4,0,0.0,-4,2,0,500,8,6,9,2,13978,0,0
462,0.0,201003,0,0,0,2,2,1,1,1,3,2,-4,0,0.0,10,2,0,2600,12,-3,-3,2,-4,0,-2
463,0.0,200410,1,0,0,1,2,2,1,1,1,-4,-4,0,0.0,-4,1,1,2600,12,-3,-3,2,-4,0,0
464,1.0,-4,0,0,0,4,1,2,4,2,4,2,-4,0,0.0,48,2,0,11200,4,7,8,2,26273,0,0
465,1.0,-4,0,1,0,3,2,1,3,4,4,-4,-4,0,0.0,-4,2,0,11200,4,7,8,2,-4,0,0
466,0.0,199711,2,0,0,5,3,2,1,1,1,-4,-4,0,0.0,-4,1,-4,-4,5,-3,4,2,7468,0,-4
467,0.0,200004,0,0,0,2,2,2,1,1,3,-4,-4,0,0.0,-4,2,1,4550,6,10,6,2,-4,0,0
468,1.0,-4,0,0,0,2,1,2,4,3,2,5,-4,0,0.0,20,2,0,3550,5,-4,-3,2,-4,0,0
469,1.0,-4,0,0,0,0,1,2,2,2,2,2,-4,0,0.0,-4,2,0,3550,5,9,12,2,-4,0,0
470,0.0,-4,0,0,0,1,2,2,2,1,1,-2,-4,0,0.0,0,2,-4,-4,3,16,9,2,-4,0,0
471,0.0,-4,0,0,3,5,2,2,5,5,2,2,-4,0,0.0,50,1,0,-4885,6,6,3,2,19146,0,0
472,1.0,-4,0,0,0,8,2,2,-2,1,-2,-4,-4,0,0.0,-4,2,0,-4885,6,6,3,2,40550,0,0
473,0.0,-4,0,0,0,21,2,1,4,3,4,-4,-4,1,,-4,2,0,7600,2,13,12,2,-4,0,0
474,1.0,-4,0,0,0,1,1,2,1,1,1,-4,-4,0,0.0,-4,2,-4,-4,6,-3,-3,2,-4,0,0
475,1.0,-4,0,4,0,4,2,2,3,2,4,2,-4,0,0.0,40,1,0,-3,5,12,10,2,15463,0,0
476,0.0,-4,0,0,0,1,2,1,1,1,2,-4,-4,1,0.0,-4,1,-4,-4,2,10,12,1,-4,0,0
477,1.0,-4,0,8,0,30,4,4,4,4,4,-4,-4,0,0.0,-4,2,-4,-4,3,12,-3,2,-4,0,0
478,1.0,-4,0,1,0,7,1,3,2,1,1,-4,-4,0,0.0,-4,2,0,164750,5,-3,-3,4,-4,0,0
479,1.0,-4,0,0,0,5,2,2,2,2,1,2,-4,0,0.0,-4,2,-4,-4,5,9,6,2,-4,0,0
480,1.0,200803,0,0,0,10,1,4,3,2,1,2,-4,0,0.0,0,2,0,8750,7,-4,3,2,-4,0,-4
481,0.0,200604,0,1,1,10,1,2,1,1,2,-4,-4,0,0.0,-4,1,0,8750,7,-4,3,2,-4,0,0
482,1.0,200711,0,0,0,2,1,1,1,1,1,-4,-4,0,0.0,-4,1,0,42500,3,-4,-4,1,30629,1,1
483,1.0,-4,0,0,0,5,1,2,2,2,1,1,-4,0,0.0,10,1,0,63750,3,-4,13,2,94974,0,0
484,1.0,-4,0,0,0,0,1,2,2,2,1,-4,-4,0,0.0,-4,2,0,63750,3,-4,13,2,66930,0,0
485,1.0,-4,0,0,0,1,2,2,2,2,-2,-4,-4,0,1.0,-4,1,-4,-4,6,-3,18,4,-4,0,0
486,1.0,-4,0,0,0,7,2,3,4,3,1,3,-4,0,0.0,10,2,0,101000,4,12,14,4,74540,-5,-5
487,1.0,-4,0,0,0,7,2,4,1,1,-2,-4,-4,0,0.0,-4,1,0,101000,4,12,14,4,6538,0,0
488,1.0,-4,0,0,1,13,3,2,5,3,2,3,-4,1,1.0,-4,2,0,266501,3,10,14,4,26452,0,0
489,1.0,-4,0,1,0,0,1,2,2,2,1,-4,-4,1,1.0,-4,2,0,8000,2,-4,13,4,-4,-5,-5
490,1.0,-4,0,0,1,4,2,2,1,1,1,-4,-4,0,0.0,-4,1,0,-1500,4,17,17,3,98786,0,0
491,0.0,-4,0,0,0,2,1,2,1,1,1,-4,-4,0,,-4,1,0,-1500,4,17,17,3,44976,-5,-5
492,1.0,-4,0,1,0,1,2,2,2,1,2,-4,-4,1,0.0,-4,2,-4,-4,4,16,16,4,59730,0,0
493,0.0,-4,0,0,0,0,3,2,2,2,1,1,-4,1,,50,1,-4,-4,6,17,12,4,-4,0,0
494,0.0,-4,0,0,0,7,1,3,2,1,2,-4,-4,1,,-4,2,-4,-4,5,12,16,2,-4,-5,-5
495,0.0,-4,0,0,0,1,2,1,1,1,1,-4,-4,0,,-4,1,-4,-4,5,12,16,2,-4,-5,-5
496,1.0,-4,0,0,4,0,2,2,1,1,1,-4,-4,0,0.0,-4,1,-4,-4,5,12,12,2,-4,0,0
497,1.0,-4,0,0,0,5,2,3,3,2,1,1,-4,0,0.0,3,2,0,191500,5,16,13,3,-4,-5,-5
498,1.0,-4,0,0,0,5,2,2,2,2,1,3,-4,0,1.0,3,2,0,465500,7,20,16,4,-4,0,0
499,0.0,-4,0,0,0,1,2,2,4,3,2,-4,-4,0,,-4,2,0,49500,3,12,13,2,-4,-5,-5
500,1.0,-4,0,0,0,14,2,2,4,2,2,3,-4,1,,-4,1,0,5600,7,14,14,4,54409,-5,-5
501,1.0,-4,0,0,0,6,2,2,3,3,-2,-4,-4,0,,-4,1,0,5600,7,12,12,4,8218,-5,-5
502,1.0,-4,0,0,0,13,2,2,2,1,2,-4,-4,0,,-4,1,0,5600,7,14,14,4,66987,-5,-5
503,1.0,-4,0,0,0,6,2,2,1,1,1,2,-4,0,0.0,0,1,0,127000,5,16,12,4,52227,0,0
504,0.0,201310,1,4,0,3,1,3,1,1,1,-4,-4,1,,-4,2,0,-3,5,12,12,4,19388,-5,-5
505,1.0,201009,0,0,1,0,2,2,1,1,2,-4,-4,1,,-4,1,0,57050,3,14,12,2,78650,-5,-5
506,1.0,-4,0,0,0,4,2,1,2,1,1,-4,-4,0,,-4,1,0,2350,2,14,12,4,69845,-5,-5
507,1.0,-4,0,0,0,0,2,2,1,1,2,-4,-4,0,0.0,-4,2,-4,-4,5,6,6,4,9152,0,0
508,0.0,200403,1,0,0,10,1,2,1,1,1,1,-4,0,0.0,0,1,1,-3,4,3,3,2,20532,0,0
509,1.0,-4,0,0,0,4,2,2,1,1,1,-4,-4,0,0.0,-4,2,0,3450,2,-3,15,1,27912,0,-2
510,0.0,200501,3,0,0,10,1,1,4,2,2,3,-4,0,1.0,10,1,0,1750,3,-4,6,2,-4,-5,-5
511,0.0,199612,0,0,1,12,2,2,2,2,1,3,-4,-3,0.0,10,1,-4,-4,6,4,6,2,19706,0,0
512,0.0,-4,0,1,0,6,2,2,1,1,3,1,-4,0,1.0,1,2,0,-1500,6,4,4,2,-4,0,0
513,0.0,199901,1,0,2,6,2,3,1,1,1,-4,-4,0,1.0,-4,1,0,-1500,6,4,4,2,-4,0,0
514,0.0,-4,0,0,0,5,1,2,1,1,1,1,-4,0,,40,2,0,1750,4,9,9,2,-4,-5,-5
515,0.0,-4,0,0,0,5,2,3,2,1,2,-4,-4,1,0.0,-4,2,0,9500,7,-3,12,2,14734,0,0
516,0.0,200501,0,0,1,4,2,3,1,2,1,-4,-4,0,0.0,-4,1,0,9500,7,-3,12,2,7873,0,0
517,0.0,-4,0,0,0,0,1,1,3,2,2,2,-4,0,0.0,0,1,-4,-4,5,-3,8,2,-4,0,0
518,0.0,-4,0,0,0,1,2,2,1,1,2,-4,-4,0,0.0,-4,2,-4,-4,5,-3,8,2,-4,0,0
519,1.0,-4,0,-4,-4,-4,1,2,3,3,5,3,-4,0,0.0,20,2,-4,-4,4,4,12,2,-4,0,0
520,0.0,199810,0,0,0,0,2,2,2,1,2,3,-4,0,0.0,25,1,-4,-4,4,5,8,2,-4,0,0
521,0.0,199906,0,0,0,2,2,3,2,-2,2,-4,-4,0,0.0,-4,1,-4,-4,4,5,8,2,-4,0,0
522,0.0,200503,0,0,0,3,2,1,1,1,2,-4,-4,-3,0.0,-4,1,0,6750,3,-4,12,2,15606,0,0
523,0.0,200004,2,0,0,0,2,2,4,4,3,5,-4,1,1.0,20,2,0,184950,4,14,12,4,32067,0,0
524,0.0,199805,1,0,0,13,2,1,3,3,1,4,-4,0,0.0,5,1,-4,-4,4,-3,12,2,29740,0,0
525,0.0,199908,0,0,0,3,2,2,4,4,1,3,-4,0,0.0,-4,1,0,-3,5,9,6,2,-4,0,0
526,0.0,199908,1,0,0,5,2,2,3,1,2,-4,-4,0,0.0,-4,1,0,-3,5,9,6,2,-4,0,0
527,1.0,-4,0,0,0,15,4,2,3,1,1,1,-4,0,1.0,0,1,0,-3,4,20,17,4,93560,0,0
528,1.0,-4,0,0,0,9,3,2,3,3,2,-4,-4,0,0.0,-4,2,0,457500,4,12,-3,4,55307,0,0
529,1.0,-4,0,0,0,20,2,1,2,2,-2,-4,-4,0,0.0,-4,2,0,14750,7,-4,14,2,90458,0,1
530,1.0,-4,0,0,0,4,2,2,2,1,2,1,-4,0,0.0,-4,2,0,-3,4,16,16,4,-4,0,0
531,0.0,-4,0,0,0,30,1,2,1,1,1,2,-4,0,,0,2,-4,-4,8,6,6,2,-4,-5,-5
532,,-4,0,0,1,5,2,2,1,1,2,-4,-4,0,,-4,2,-4,-4,8,6,6,2,-4,-5,-5
533,1.0,-4,0,0,0,2,1,2,1,1,1,-4,-4,0,0.0,-4,2,-4,-4,6,-3,-3,4,62007,-5,-5
534,0.0,-4,0,0,0,2,2,1,4,3,2,3,-4,0,1.0,25,2,-4,-4,4,6,6,2,24444,0,0
535,1.0,-4,0,0,0,2,1,2,3,3,2,3,-4,0,,50,2,-4,-4,4,16,16,4,72473,0,0
536,1.0,-4,0,0,6,20,3,3,2,2,2,-4,-4,0,0.0,-4,1,-4,-4,8,9,9,2,26653,0,0
537,,-4,0,0,0,15,1,2,4,3,1,-2,-4,1,0.0,-4,1,0,-2235,4,10,13,4,5305,0,0
538,0.0,199902,0,0,0,5,2,3,4,1,1,-4,-4,0,0.0,-4,2,0,-2235,4,10,13,4,15014,0,0
539,1.0,-4,0,0,0,2,2,2,2,3,1,3,-4,1,1.0,10,1,0,148500,3,-3,16,2,-4,-5,-5
540,1.0,-4,0,0,0,3,2,2,2,2,1,1,-4,0,0.0,-4,2,0,148500,3,-3,16,2,-4,0,0
541,0.0,-4,0,0,0,5,2,2,2,2,1,3,-4,0,,-4,2,-4,-4,7,12,12,2,-4,-5,-5
542,1.0,-4,0,0,0,0,2,1,2,1,1,-4,-4,1,0.0,-4,2,0,600000,3,15,16,1,77604,0,0
543,1.0,-4,0,0,1,20,2,3,3,3,1,-4,-4,0,0.0,-4,1,0,52500,3,6,8,2,61988,0,1
544,1.0,-4,0,0,0,0,1,3,1,2,1,1,-4,0,0.0,5,1,0,600000,4,-4,-4,4,95302,0,0
545,0.0,199401,0,0,0,0,2,2,3,4,1,3,-4,1,0.0,5,1,-4,-4,2,-3,14,1,45886,-5,-5
546,1.0,199712,0,0,0,5,2,2,1,2,1,2,-4,0,0.0,10,1,0,-3,4,16,16,4,92687,-5,-5
547,1.0,199906,0,0,0,3,1,2,1,1,1,-4,-4,0,0.0,-4,1,0,600000,5,16,18,4,91290,0,0
548,0.0,-4,0,0,0,3,2,4,3,1,2,-4,-4,1,0.0,-4,2,0,600000,3,13,12,4,65106,0,0
549,1.0,199511,0,2,0,4,2,2,4,4,1,2,-4,0,0.0,5,1,0,85800,3,16,16,4,-4,0,0
550,1.0,-4,0,0,0,5,2,2,1,1,1,-4,-4,0,0.0,-4,1,0,-3,3,16,18,4,99648,-5,-5
551,1.0,-4,0,0,0,5,2,2,2,1,1,1,-4,0,0.0,15,1,0,600000,5,16,14,4,91323,0,0
552,1.0,-4,0,0,0,0,2,2,3,3,1,2,-4,0,,40,1,0,234500,5,12,15,4,67641,-5,-5
553,,-4,0,5,0,2,2,2,2,1,1,-4,-4,0,,-4,1,0,234500,5,12,15,4,18347,-5,-5
554,0.0,199608,4,0,0,4,2,4,3,3,1,2,-4,-3,,15,1,0,33600,5,12,13,4,29928,-5,-5
555,1.0,-4,0,2,0,0,2,2,1,1,1,-4,-4,0,0.0,-4,1,0,46300,4,14,16,4,82274,0,0
556,1.0,-4,0,0,0,1,2,2,3,4,3,-4,-4,0,0.0,-4,2,0,17900,8,20,16,4,82153,0,0
557,0.0,199611,0,0,0,8,2,2,3,4,2,2,-4,0,0.0,1,2,0,118200,4,16,18,2,71808,0,0
558,1.0,-4,0,0,0,3,2,2,1,1,1,-4,-4,0,0.0,-4,1,0,442500,3,15,8,4,-4,0,0
559,1.0,-4,0,0,0,10,2,2,3,1,2,-4,-4,0,0.0,-4,2,0,142500,2,12,18,4,70469,-5,-5
560,1.0,-4,0,0,0,4,2,2,3,3,2,3,-4,0,0.0,0,2,0,29467,4,12,13,4,19240,0,0
561,1.0,-4,0,4,2,0,3,3,1,1,2,-4,-4,0,0.0,-4,1,0,29467,4,12,13,4,65918,0,0
562,1.0,-4,0,0,0,0,3,1,1,1,1,-4,-4,0,0.0,-4,2,0,49200,4,8,12,2,19305,-5,-5
563,0.0,-4,0,1,0,5,2,2,4,2,5,-4,-4,0,0.0,-4,1,0,28030,4,-3,9,4,3029,0,0
564,1.0,-4,0,0,0,2,2,2,1,1,2,-4,-4,1,0.0,-4,1,0,100651,3,12,13,4,81035,0,0
565,0.0,199606,0,0,0,4,3,2,3,1,1,-4,-4,0,0.0,-4,1,0,56000,5,12,12,2,51465,0,0
566,0.0,-4,0,0,0,0,2,2,2,2,1,-4,-4,0,0.0,-4,2,-4,-4,4,8,8,2,48296,0,0
567,0.0,-4,0,0,0,8,4,4,4,4,3,3,-4,1,,10,1,0,-3,5,11,12,4,32380,-5,-5
568,0.0,201911,0,0,0,3,4,3,3,2,3,3,-4,0,0.0,100,1,0,-3,5,11,12,4,46128,0,0
569,0.0,-4,0,2,0,30,2,2,3,3,4,3,-4,0,,50,1,0,4500,6,12,12,4,21926,-5,-5
570,0.0,-4,0,0,0,5,2,3,2,1,2,2,-4,0,,-4,2,0,4500,6,12,12,4,23397,-5,-5
571,0.0,-4,0,2,0,3,2,2,3,2,2,2,-4,0,1.0,50,1,0,159000,4,12,12,4,3328,0,0
572,0.0,-4,0,0,0,0,2,4,3,2,1,-4,-4,0,,-4,1,0,159000,4,12,13,4,74836,-5,-5
573,0.0,-4,0,1,0,10,2,2,3,1,1,3,-4,0,0.0,50,2,0,86250,9,5,8,2,9055,0,0
574,0.0,200005,0,0,2,3,2,2,4,2,2,-4,-4,0,0.0,-4,2,0,86250,9,5,8,2,236,0,0
575,0.0,199307,0,0,0,5,2,2,4,3,4,3,-4,-3,,10,1,1,116901,5,-3,16,4,-4,-5,-5
576,1.0,201512,1,0,0,3,2,3,3,3,2,2,-4,1,0.0,25,1,0,8750,4,17,14,4,44856,0,0
577,1.0,-4,0,0,0,1,2,2,2,1,1,-4,-4,1,0.0,-4,1,0,8750,4,17,14,4,41102,0,0
578,0.0,199711,0,0,0,2,2,2,2,1,1,-4,-4,0,0.0,-4,1,0,20899,5,14,14,4,53141,0,0
579,1.0,200005,0,0,0,3,2,3,2,3,1,2,-4,0,0.0,50,2,0,600000,4,12,12,4,55555,0,1
580,1.0,-4,0,0,0,0,2,3,2,1,2,-4,-4,0,0.0,-4,1,0,600000,4,12,12,4,36129,0,1
581,1.0,-4,0,0,0,0,1,2,4,3,2,-4,-4,0,0.0,-4,1,0,5050,6,-3,12,4,28983,0,0
582,0.0,-4,0,0,0,0,2,1,1,2,1,-4,-4,0,0.0,-4,2,0,5050,6,-3,12,4,8072,0,0
583,1.0,200105,0,0,0,5,2,3,4,5,3,3,-4,1,1.0,50,2,0,4750,4,14,16,4,75190,0,0
584,1.0,-4,0,0,0,3,2,1,3,4,2,2,-4,0,0.0,45,2,-4,-4,7,13,10,4,81343,0,0
585,0.0,-4,0,0,0,3,1,2,2,2,1,-4,-4,0,0.0,-4,2,-4,-4,7,13,10,4,91965,0,0
586,0.0,200706,1,0,0,1,2,2,3,2,1,2,-4,0,1.0,10,1,0,1300,5,12,10,2,38632,0,0
587,1.0,-4,0,1,0,1,2,1,1,1,1,-4,-4,0,,-4,2,0,1300,5,12,10,2,58110,0,0
588,0.0,199305,0,3,7,5,2,2,5,5,5,-4,-4,0,0.0,-4,1,1,1200,5,10,11,4,7209,-5,-5
589,1.0,199902,4,0,1,4,4,3,2,3,1,-4,-4,0,0.0,-4,1,1,1200,5,10,11,4,9350,0,1
590,0.0,-4,0,0,0,6,1,1,1,1,1,-4,-4,0,1.0,-4,1,0,-3,3,12,12,4,93526,0,0
591,1.0,-4,0,0,0,2,1,2,2,1,1,-4,-4,0,0.0,-4,2,0,1194,5,10,12,2,71510,0,1
592,0.0,-4,0,0,0,2,2,3,2,1,1,-4,-4,1,0.0,-4,2,0,1194,5,10,12,2,32409,0,1
593,0.0,201712,0,2,0,10,2,2,3,3,1,3,-4,1,,25,2,0,42200,6,13,12,2,77417,-5,-5
594,0.0,200607,2,0,2,3,2,4,5,1,5,1,-4,0,0.0,1,2,0,4750,5,-3,8,1,0,0,0
595,0.0,200304,0,0,1,7,4,4,1,3,1,3,-4,0,0.0,0,2,0,4750,5,-3,8,1,-4,1,0
596,0.0,-4,0,2,0,94,2,1,4,5,1,5,-4,0,,95,2,0,1600,4,-3,12,4,56992,-5,-5
597,1.0,-4,0,0,1,5,2,3,3,3,1,-4,-4,0,,-4,2,0,1600,4,-3,12,4,62773,0,0
598,1.0,-4,0,0,0,2,2,2,3,2,1,3,-4,1,0.0,0,1,0,92500,3,12,12,2,30224,0,0
599,1.0,-4,0,0,0,14,2,3,5,3,4,5,-4,1,0.0,20,2,0,500,4,-3,2,2,25566,0,0
600,1.0,-4,0,0,0,1,1,1,1,1,1,-4,-4,0,0.0,-4,1,-4,-4,7,12,2,2,14295,0,0
601,0.0,-4,0,0,0,2,2,2,2,4,5,5,-4,0,,0,2,-4,-4,4,12,8,2,-4,0,0
602,0.0,-4,0,0,0,9,2,2,2,1,1,1,-4,0,,-4,2,-4,-4,4,12,8,2,-4,0,0
603,0.0,-4,0,0,0,8,1,1,1,1,4,-4,-4,0,0.0,-4,1,0,1500,7,3,5,2,5825,0,0
604,0.0,-4,0,0,0,30,3,2,2,1,3,2,-4,0,0.0,10,2,0,20500,7,6,6,2,26620,0,0
605,0.0,-4,0,0,1,5,2,3,3,2,4,-4,-4,0,0.0,-4,2,0,11650,5,-3,12,2,25410,0,-4
606,0.0,200001,3,2,1,7,1,1,5,5,3,4,-4,1,1.0,50,1,0,2513,3,12,16,4,70761,0,1
607,1.0,199512,2,0,0,50,3,4,4,4,2,-4,-4,1,0.0,-4,2,1,2513,3,-3,16,4,40530,-5,-5
608,1.0,-4,0,0,0,0,1,1,1,1,1,-4,-4,0,1.0,-4,1,0,18375,3,12,12,4,81071,0,0
609,1.0,-4,0,0,0,5,2,2,2,2,1,2,-4,1,1.0,-4,2,0,386951,4,12,14,4,50530,0,0
610,0.0,199701,1,6,1,7,2,2,3,2,2,2,-4,1,1.0,50,2,0,407150,5,12,12,4,45169,0,0
611,1.0,199704,0,1,0,3,2,2,2,1,1,-4,-4,0,0.0,-4,1,0,407150,5,12,12,4,66249,0,0
612,1.0,-4,0,0,0,0,2,2,1,1,1,-4,-4,0,0.0,-4,1,0,-3,4,16,17,4,95262,0,0
613,1.0,-4,0,0,0,7,2,2,3,3,3,-4,-4,0,0.0,-4,1,0,138000,3,12,12,4,82822,0,0
614,1.0,-4,0,0,0,3,2,2,4,5,-2,4,-4,0,0.0,0,2,0,-3,4,16,16,2,-4,0,0
615,1.0,-4,0,0,0,4,2,2,3,3,3,-4,-4,-3,0.0,-4,2,0,-3,5,13,13,2,86031,-5,-5
616,1.0,-4,0,0,0,6,3,3,1,1,2,-4,-4,0,0.0,-4,1,0,-3,5,13,13,2,90977,-5,-5
617,1.0,-4,0,0,0,10,1,2,1,1,1,-4,-4,0,0.0,-4,2,0,1750,7,14,-4,2,-4,0,-2
618,0.0,200904,0,0,0,5,2,3,2,3,1,2,-4,0,0.0,0,1,0,123760,5,12,11,2,59993,0,0
619,0.0,-4,0,0,0,5,2,3,1,1,1,-4,-4,0,0.0,-4,1,0,234300,6,12,12,2,16662,0,0
620,0.0,200106,0,-4,-4,-4,3,2,1,1,1,1,-4,-3,,-3,1,0,500,8,-3,9,2,-4,-5,-5
621,0.0,-4,0,0,2,2,2,2,4,4,3,2,-4,0,,0,1,0,-250,5,3,3,2,-4,0,0
622,0.0,-4,0,0,0,5,2,2,1,1,1,1,-4,0,0.0,0,2,0,1950,6,6,6,2,-4,0,0
623,0.0,-4,0,0,0,3,3,2,3,2,2,1,-4,0,0.0,-4,1,0,1950,6,6,6,2,-4,-5,-5
624,1.0,-4,0,0,0,10,3,3,2,5,1,1,-4,1,,50,2,0,2950,4,4,4,2,32603,0,0
625,0.0,199701,0,0,0,10,2,2,1,1,1,-4,-4,0,,-4,1,0,2950,4,4,4,2,-4,0,0
626,1.0,-4,0,0,0,1,2,2,1,1,2,-4,-4,0,0.0,-4,2,1,500,7,3,5,2,-4,0,0
627,0.0,-4,0,0,0,7,1,2,1,1,1,-4,-4,0,1.0,-4,1,0,-3,3,-3,18,4,98373,0,-4
628,1.0,-4,0,0,0,5,2,2,2,2,1,-4,-4,0,0.0,-4,1,0,-3,5,17,15,4,51088,0,0
629,0.0,-4,0,0,0,4,2,3,2,1,1,-4,-4,0,0.0,-4,2,0,160900,5,16,12,4,23769,-5,-5
630,0.0,-4,0,0,0,6,2,2,3,4,1,2,-4,1,0.0,0,1,0,3500,3,12,14,4,63361,0,0
631,1.0,-4,0,0,0,0,2,1,2,2,1,2,-4,0,,0,1,0,-3,5,13,13,4,73932,-5,-5
632,1.0,-4,0,0,0,2,2,2,2,1,1,-4,-4,0,,-4,2,0,-3,5,13,13,4,93903,0,0
633,1.0,-4,0,0,0,2,2,2,2,1,1,-4,-4,0,0.0,-4,2,0,-3,5,13,13,4,92188,0,0
634,1.0,-4,0,0,0,4,2,2,4,5,3,5,-4,1,,20,2,0,160001,6,12,-3,4,40896,0,0
635,1.0,-4,0,1,0,5,1,2,5,5,3,4,-4,1,1.0,-2,2,0,-3,2,18,12,4,64248,0,0
636,1.0,-4,0,2,0,5,2,2,1,1,1,-4,-4,0,,-4,1,0,231000,3,14,14,4,-4,0,0
637,1.0,-4,0,0,0,3,1,1,4,3,1,1,-4,0,,0,2,0,17550,6,13,12,2,-4,0,0
638,1.0,-4,0,0,0,4,1,2,1,1,1,-4,-4,0,0.0,-4,1,0,-3,4,12,12,4,97225,0,0
639,1.0,-4,0,0,0,1,2,3,2,1,1,1,-4,1,1.0,60,2,0,600000,3,14,12,4,-4,0,0
640,1.0,199712,0,0,0,1,2,2,1,1,2,1,-4,0,0.0,-4,1,0,280250,5,16,16,4,54911,0,0
641,1.0,-4,0,0,0,6,2,2,2,2,1,1,-4,0,,0,2,0,118250,4,17,15,4,-4,0,0
642,1.0,-4,0,0,0,0,2,2,2,1,1,3,-4,0,0.0,10,1,0,-3,4,14,12,4,72046,0,0
643,0.0,-4,0,0,0,0,1,2,3,2,1,-4,-4,0,,-4,1,0,-3,4,14,12,4,70220,0,0
644,0.0,199702,0,0,0,15,2,3,5,2,1,2,-4,-3,,0,1,0,211001,6,5,5,4,-4,-5,-5
645,0.0,-4,0,0,1,5,2,3,5,4,2,-4,-4,0,,-4,1,0,211001,6,5,5,4,-4,-5,-5
646,,-4,0,0,0,2,2,4,5,2,3,3,-4,0,,0,1,0,5600,4,12,12,1,-4,-5,-5
647,1.0,-4,0,3,0,0,3,3,4,4,1,-4,-4,0,1.0,-4,1,0,246500,5,12,17,4,29055,0,0
648,1.0,-4,0,0,0,0,2,1,5,4,1,2,-4,0,0.0,5,1,0,369501,5,14,14,4,21187,0,0
649,1.0,199607,0,0,0,0,2,2,4,2,1,-4,-4,1,0.0,-4,1,0,369501,5,14,14,4,49154,0,0
650,1.0,-4,0,0,0,2,2,1,3,1,2,-4,-4,0,1.0,-4,2,0,369501,5,14,14,4,23206,0,0
651,0.0,-4,0,2,0,1,2,2,3,4,1,-4,-4,0,0.0,-4,2,0,1000,7,12,12,4,-4,-5,-5
652,0.0,-4,0,0,0,0,2,1,2,1,2,-4,-4,0,0.0,-4,2,0,1000,7,12,12,4,-4,0,0
653,0.0,-4,0,10,3,6,2,1,1,1,1,-4,-4,1,0.0,-4,1,0,239400,6,20,16,4,91568,0,0
654,1.0,-4,0,0,0,4,2,2,2,2,2,4,-4,0,1.0,5,2,0,143750,4,16,14,4,80727,0,0
655,0.0,200106,0,0,0,5,2,3,3,5,1,3,-4,0,,0,2,0,240200,3,11,11,4,26792,0,1
656,0.0,-4,0,0,0,2,2,3,2,1,2,2,-4,0,0.0,-4,1,0,-3,4,-3,12,2,-4,0,0
657,1.0,-4,0,0,0,5,2,3,3,3,1,3,-4,0,,10,1,-4,-4,6,6,6,2,-4,-5,-5
658,0.0,-4,0,0,0,5,2,2,1,1,1,-4,-4,0,0.0,-4,2,-4,-4,6,6,6,2,-4,0,0
659,1.0,199411,0,0,0,1,2,2,3,3,3,3,-4,0,0.0,25,1,0,47750,5,-3,15,2,87047,-5,-5
660,0.0,199703,0,1,1,2,2,3,2,3,4,-4,-4,0,0.0,-4,2,0,47750,5,-3,15,2,64918,0,0
661,0.0,200208,2,0,0,0,1,2,1,1,1,-4,-4,0,,-4,1,1,-3,11,1,-3,2,14590,0,0
662,0.0,199607,1,0,2,0,4,3,3,5,4,5,-4,1,0.0,100,1,0,-3250,5,12,13,2,4067,0,0
663,1.0,200107,0,0,0,0,2,3,1,1,1,1,-4,1,0.0,-4,1,0,-3,3,10,13,2,-4,0,1
664,1.0,200006,0,0,0,8,4,4,3,1,1,-4,-4,0,0.0,-4,1,0,-13110,2,12,12,1,44940,0,0
665,1.0,-4,0,0,0,2,2,2,2,1,1,1,-4,0,,0,1,0,119500,5,12,13,2,-4,0,0
666,1.0,-4,0,0,0,0,2,2,2,1,1,2,-4,0,1.0,1,2,0,-3,7,15,4,4,78135,0,0
667,1.0,-4,0,0,0,0,2,3,2,2,1,-4,-4,0,0.0,-4,2,0,-3,7,15,4,4,60034,0,0
668,1.0,-4,0,0,0,0,2,1,3,1,1,-4,-4,0,0.0,-4,2,0,-3,7,15,4,4,70811,0,0
669,1.0,-4,0,0,0,7,1,1,3,1,2,-4,-4,1,0.0,-4,1,0,6000,6,12,14,1,68257,0,0
670,1.0,-4,0,0,0,5,2,3,2,2,1,3,-4,0,,15,1,0,-3,4,11,11,2,-4,0,0
671,0.0,199706,0,0,0,5,2,2,1,1,1,-4,-4,0,0.0,-4,1,-4,-4,7,-4,12,2,-4,-5,-5
672,1.0,-4,0,0,0,4,2,2,2,1,1,3,-4,0,0.0,30,2,0,156500,6,18,16,1,22863,0,0
673,1.0,-4,0,0,1,-2,1,2,1,1,1,-4,-4,0,0.0,-4,1,0,156500,6,18,16,1,75099,0,0
674,1.0,-4,0,0,1,0,2,2,1,1,1,-4,-4,0,0.0,-4,2,0,2450,5,16,14,1,-4,0,0
675,0.0,200207,2,0,0,7,3,3,5,5,5,5,-4,0,0.0,60,2,0,-3950,3,-3,9,1,8920,-5,-5
676,1.0,-4,0,0,0,0,2,2,1,1,1,-4,-4,0,0.0,-4,2,0,7500,4,12,12,1,27664,0,0
677,0.0,-4,0,2,0,5,2,2,3,3,2,-4,-4,0,0.0,-4,2,0,-30100,5,12,10,1,3676,0,1
678,0.0,200110,0,0,2,2,2,2,2,1,4,-4,-4,0,0.0,-4,1,0,-30100,5,12,10,1,-4,-5,-5
679,0.0,-3,0,0,0,7,2,2,1,1,2,-4,-4,0,0.0,-4,2,0,1750,4,12,12,1,-4,0,0
680,1.0,199910,1,2,1,20,2,2,2,2,3,4,-4,0,0.0,0,1,0,-3,3,16,12,1,41546,0,-2
681,1.0,199605,0,0,0,2,2,2,3,1,4,-4,-4,1,0.0,-4,2,0,13750,3,16,18,1,51582,-5,-5
682,1.0,-4,0,0,0,4,2,2,5,5,5,5,-4,0,0.0,0,2,0,85000,4,16,12,1,22217,-5,-5
683,1.0,-4,0,0,0,0,2,3,1,3,2,-4,-4,0,0.0,-4,1,-4,-4,2,16,15,1,13143,0,0
684,0.0,-4,0,0,0,10,1,1,1,1,1,-4,-4,0,0.0,-4,2,0,8750,3,12,9,1,16523,0,0
685,0.0,199903,0,0,0,0,2,3,1,1,1,-4,-4,0,0.0,-4,1,0,-3,3,-3,14,1,16841,-2,-2
686,0.0,199709,0,99,25,7,2,1,4,5,5,-4,-4,1,,-4,2,0,4250,4,12,14,4,25933,1,-2
687,0.0,-4,0,6,2,6,1,2,2,2,3,-4,-4,-3,0.0,-4,1,0,153801,7,12,14,4,49836,0,0
688,0.0,200111,0,0,0,1,1,2,5,3,5,-4,-4,0,0.0,-4,1,0,44000,4,14,7,2,13401,-5,-5
689,0.0,-4,0,3,0,3,2,2,1,1,4,-4,-4,0,0.0,-4,2,0,3650,3,6,6,2,24066,0,0
690,0.0,199407,0,0,0,2,2,3,3,2,2,1,-4,0,,10,1,0,51700,6,6,6,2,-4,0,0
691,0.0,199507,0,15,0,20,3,2,4,1,3,3,-4,1,0.0,-4,1,0,51700,6,6,6,2,-4,0,0
692,0.0,-4,0,0,0,10,2,2,1,1,1,-4,-4,0,,-4,1,0,84950,4,4,6,2,-4,0,0
693,1.0,-4,0,0,0,5,2,3,2,1,2,-4,-4,0,,-4,2,0,9500,4,12,12,4,-4,0,0
694,1.0,-4,0,3,0,2,2,1,4,2,3,2,-4,0,0.0,5,1,0,15756,6,12,12,2,60768,0,0
695,0.0,-4,0,-4,-4,-4,3,1,1,1,1,4,-4,0,1.0,20,1,0,2500,6,6,4,2,-4,-5,-5
696,0.0,-4,0,0,0,3,2,2,1,1,1,-4,-4,0,,-4,1,0,2500,6,6,4,2,-4,-5,-5
697,0.0,199610,0,0,0,5,2,1,2,1,1,-4,-4,1,,-4,1,-4,-4,5,6,6,2,-4,-5,-5
698,1.0,-4,0,0,0,0,4,4,5,5,4,5,-4,1,,50,2,1,3750,3,14,12,1,60347,-1,-1
699,1.0,-4,0,0,2,6,2,2,1,1,1,-4,-4,0,,-4,1,-4,-4,3,16,13,1,-4,0,0
700,0.0,-4,0,5,0,30,2,4,5,5,5,5,-4,1,0.0,0,2,0,-11351,3,11,11,1,2379,0,1
701,0.0,199508,3,2,12,10,2,2,5,3,5,-4,-4,1,0.0,-4,1,0,-11351,3,11,11,1,0,0,-4
702,1.0,-4,0,0,1,10,2,2,2,1,3,2,-4,1,0.0,-4,1,0,500,7,10,11,1,-4,0,0
703,1.0,199712,1,0,0,10,4,3,3,4,4,3,-4,1,,0,2,0,3500,2,-3,14,1,-4,0,0
704,0.0,199706,0,0,0,4,2,2,5,4,3,3,-4,0,1.0,0,2,0,-220,3,9,14,4,-4,-5,-5
705,0.0,-4,0,4,0,6,2,2,4,4,3,3,-4,0,0.0,0,2,0,35818,4,12,16,4,25736,0,0
706,0.0,199702,0,0,1,1,2,1,1,1,1,1,-4,0,0.0,-4,1,0,35818,4,12,16,4,44322,0,0
707,1.0,-4,0,1,0,4,1,1,4,2,1,2,-4,0,,-4,2,-4,-4,2,-3,13,4,38621,0,-4
708,1.0,-4,0,0,0,10,2,3,3,3,4,5,-4,0,,10,2,0,-3,2,13,15,1,36810,-5,-5
709,0.0,199710,0,1,0,25,2,3,5,3,1,3,-4,0,0.0,50,2,0,140001,2,-4,10,2,35216,0,-4
710,1.0,-4,0,0,0,0,2,3,1,1,1,1,-4,0,0.0,-4,2,1,96000,8,12,13,1,47867,-5,-5
711,1.0,199304,0,10,0,4,2,2,3,2,4,-4,-4,0,,-4,1,0,-3,8,14,18,1,70421,-5,-5
712,1.0,-4,0,0,0,1,2,3,2,1,3,-4,-4,0,,-4,1,0,399500,5,-3,11,1,18049,0,1
713,0.0,199801,0,0,0,4,2,2,2,1,1,-4,-4,0,0.0,-4,2,0,399500,5,-3,11,1,282,0,-4
714,1.0,-4,0,0,1,0,2,2,1,1,2,-4,-4,0,0.0,-4,1,0,-3,5,12,-3,1,-4,-5,-5
715,1.0,-4,0,0,0,0,2,2,1,1,3,-4,-4,0,,-4,2,0,-3,5,12,14,1,60494,0,0
716,1.0,200210,0,0,2,4,2,3,1,2,2,-4,-4,0,,-4,1,0,63001,6,11,11,2,23380,-5,-5
717,1.0,-4,0,0,4,0,3,1,4,4,5,5,-4,0,0.0,0,1,0,86500,4,12,12,1,4166,0,0
718,1.0,-4,0,2,2,4,1,1,1,2,3,-4,-4,0,0.0,-4,1,0,275250,3,12,16,1,-4,0,0
719,1.0,-4,0,0,0,4,1,2,4,3,3,4,-4,0,0.0,0,1,0,66100,5,-3,16,1,73176,0,1
720,1.0,-4,0,0,0,1,2,2,2,3,2,3,-4,0,0.0,20,1,0,-37000,5,12,12,4,82427,0,0
721,1.0,-4,0,0,0,4,2,2,3,4,2,3,-4,0,,25,2,0,41250,4,14,14,2,85980,0,0
722,1.0,-4,0,0,0,1,2,1,1,1,1,-4,-4,0,,-4,1,0,41250,4,14,14,4,96662,0,0
723,1.0,200207,0,0,0,2,1,2,2,1,1,-4,-4,1,0.0,-4,1,0,225500,4,15,14,2,47503,0,0
724,1.0,-4,0,0,0,0,2,2,2,1,2,-4,-4,1,1.0,-4,1,0,207000,6,16,16,4,99678,-5,-5
725,1.0,-4,0,0,0,0,2,2,3,2,3,3,-4,0,0.0,25,2,0,217000,5,16,16,1,91393,0,0
726,1.0,-4,0,0,0,0,2,2,3,2,1,-4,-4,0,0.0,-4,1,-4,-4,5,16,16,1,99018,0,0
727,1.0,-4,0,0,0,2,2,2,1,1,1,-4,-4,0,0.0,-4,2,-4,-4,5,16,16,1,97811,0,0
728,1.0,-4,0,0,0,1,2,2,1,1,1,-4,-4,0,,-4,2,0,108501,5,14,13,1,15042,0,0
729,1.0,-4,0,0,0,4,2,3,4,4,4,4,-4,0,0.0,0,1,0,107700,5,14,14,1,69945,0,0
730,1.0,200201,0,0,0,5,1,3,3,1,1,-4,-4,0,,-4,2,-4,-4,5,14,12,4,-4,0,0
731,1.0,-4,0,0,0,0,2,2,2,1,1,3,-4,0,0.0,0,1,0,-3,4,-3,-3,4,96022,0,0
732,1.0,-4,0,0,0,2,2,1,1,1,1,-4,-4,0,,-4,2,0,-3,4,16,16,4,73821,0,0
733,1.0,-4,0,0,0,1,1,2,2,2,1,2,-4,0,,50,2,0,446500,4,18,16,4,95304,-5,-5
734,1.0,-4,0,0,0,0,2,3,2,1,1,-4,-4,0,,-4,2,0,446500,4,18,16,4,92465,0,0
735,1.0,-4,0,0,0,3,1,2,3,1,1,1,-4,0,,2,2,0,503002,5,16,17,4,100000,0,0
736,1.0,-4,0,0,0,0,2,2,1,1,1,-4,-4,0,,-4,2,0,503002,5,16,17,4,88772,-5,-5
737,1.0,-4,0,0,0,2,1,1,2,3,1,-4,-4,0,0.0,-4,1,0,190500,5,18,16,4,74667,0,0
738,1.0,-4,0,0,0,0,2,2,1,1,1,1,-4,0,0.0,1,1,0,197500,5,18,16,4,91394,0,0
739,1.0,-4,0,0,0,0,2,3,3,3,1,2,-4,1,0.0,-4,2,0,197500,5,18,16,4,97859,0,1
740,1.0,-4,0,0,0,3,1,2,1,1,1,-4,-4,1,1.0,-4,2,0,-3,4,16,16,4,99182,0,0
741,1.0,199606,0,2,0,2,2,3,4,3,2,1,-4,0,0.0,-4,2,0,600000,3,-4,16,4,79802,0,0
742,1.0,-4,0,0,0,5,1,1,4,2,1,1,-4,0,0.0,-4,2,0,-3,3,18,18,4,92299,0,0
743,1.0,-4,0,0,0,0,1,1,1,1,1,-4,-4,0,,-4,1,0,600000,6,-3,-3,4,87047,-5,-5
744,1.0,-4,0,10,0,0,2,4,3,2,2,-4,-4,0,,-4,1,0,600000,6,-3,-3,4,73800,-5,-5
745,1.0,-4,0,0,0,3,2,3,3,2,1,1,-4,0,0.0,5,1,0,600000,5,16,16,4,97502,0,0
746,1.0,-4,0,0,0,0,3,2,1,1,1,1,-4,0,0.0,-4,1,0,600000,4,18,17,4,97067,0,0
747,1.0,199304,0,1,0,3,2,2,2,1,1,2,-4,0,0.0,5,1,0,600000,4,20,16,4,-4,-5,-5
748,1.0,-4,0,0,0,1,2,2,1,1,1,-4,-4,0,0.0,-4,2,-4,-4,5,-3,15,1,58438,0,0
749,1.0,-4,0,0,0,3,2,2,1,1,1,-4,-4,1,0.0,-4,2,0,-3,7,16,14,1,19553,0,0
750,0.0,200210,0,0,1,0,1,4,1,1,1,-4,-4,0,0.0,-4,1,0,-1000,6,-3,-3,1,2359,0,0
751,0.0,-4,0,0,0,1,1,1,1,1,1,-4,-4,0,0.0,-4,2,0,-1000,6,-3,-3,1,9674,1,1
752,1.0,199906,0,0,1,0,1,1,1,1,2,-4,-4,0,1.0,-4,1,1,-3250,4,12,13,1,5544,0,-2
753,1.0,200105,0,1,1,3,2,2,1,2,1,-4,-4,1,0.0,-4,1,0,125819,2,13,12,1,-4,0,0
754,0.0,-4,0,0,0,5,1,2,2,3,2,3,-4,0,,10,1,0,191500,4,7,12,2,64200,0,0
755,1.0,-4,0,0,0,0,2,2,2,1,1,-4,-4,0,0.0,-4,2,0,195900,7,8,9,4,41835,0,0
756,1.0,-4,0,0,0,0,1,1,1,1,1,-4,-4,0,0.0,-4,2,0,195900,7,8,9,4,48786,-5,-5
757,1.0,-4,0,1,0,0,1,3,1,2,1,1,-4,1,1.0,25,2,0,338001,4,16,16,4,75948,0,0
758,1.0,-4,0,0,0,5,1,1,2,1,1,-4,-4,1,0.0,-4,1,0,368001,7,19,14,4,98909,-5,-5
759,1.0,-4,0,0,0,0,1,1,1,1,1,-4,-4,0,0.0,-4,1,0,290000,3,13,-3,4,54970,-5,-5
760,1.0,-4,0,0,0,2,2,2,3,2,1,-4,-4,0,0.0,-4,2,0,463001,4,20,16,4,-4,-5,-5
761,0.0,200205,0,0,0,2,3,3,2,1,1,-4,-4,0,,-4,1,0,339000,3,18,16,4,28994,-5,-5
762,1.0,-4,0,0,0,1,2,3,4,4,1,4,-4,0,,75,2,0,400001,5,20,18,2,-4,0,0
763,1.0,-4,0,0,0,5,2,2,4,4,2,4,-4,1,1.0,25,1,0,151750,2,16,20,4,96315,0,0
764,0.0,199307,0,0,0,10,3,3,3,3,2,3,-4,0,0.0,10,1,0,2500,3,12,13,1,22302,0,0
765,1.0,-4,0,0,0,1,2,2,2,1,3,-4,-4,0,0.0,-4,1,0,91900,5,12,12,2,56176,0,0
766,0.0,-4,0,0,0,10,2,1,2,1,1,-4,-4,1,,-4,1,0,77500,3,12,14,4,55457,-5,-5
767,1.0,-4,0,0,0,2,2,2,3,4,2,3,-4,0,0.0,10,2,0,-3,5,18,18,4,70562,-5,-5
768,1.0,200104,0,0,0,5,2,2,1,1,1,-4,-4,0,0.0,-4,1,0,32750,3,12,14,1,26572,0,0
769,0.0,-4,0,-4,-4,-4,3,4,4,4,4,5,-4,1,1.0,4,2,0,89000,4,15,16,4,62924,0,0
770,0.0,-4,0,2,1,4,2,2,4,2,1,-4,-4,1,,-4,2,0,104400,6,12,12,4,61888,-5,-5
772,1.0,-4,0,0,0,3,2,1,2,1,1,-4,-4,0,0.0,-4,2,0,98500,3,19,16,4,100000,0,0
773,0.0,-4,0,3,0,0,2,3,3,1,1,-4,-4,1,,-4,1,-4,-4,3,-3,12,4,22334,-5,-5
774,1.0,-4,0,0,0,1,2,2,3,3,2,2,-4,0,0.0,0,2,0,99000,4,12,12,2,53585,0,0
775,1.0,-4,0,15,12,0,2,2,5,5,4,5,-4,0,1.0,80,1,0,-500,4,12,12,4,-4,0,-4
776,0.0,-4,0,2,0,2,2,1,1,1,1,-4,-4,0,,-4,1,-4,-4,5,12,-3,4,-4,0,0
777,1.0,-4,0,0,0,1,2,2,2,1,1,-4,-4,0,,-4,2,-4,-4,5,16,12,2,-4,-5,-5
778,1.0,-4,0,0,0,2,2,3,1,1,1,-4,-4,0,0.0,-4,2,0,72500,2,-4,18,4,99632,0,0
779,0.0,199612,3,0,0,2,2,2,1,1,1,4,-4,0,,0,1,0,-6250,4,12,12,1,-4,0,-4
780,0.0,-4,0,0,0,4,2,2,2,1,1,-4,-4,0,,-4,1,0,-6250,4,12,12,1,-4,-5,-5
781,0.0,-4,0,0,1,9,2,3,3,3,1,4,-4,0,0.0,2,1,0,62001,5,16,16,4,-4,-5,-5
782,1.0,201212,0,0,0,4,2,2,4,3,1,2,-4,0,0.0,-4,2,0,62001,5,16,16,4,-4,0,0
783,0.0,200411,0,3,1,18,2,3,1,1,3,-4,-4,0,0.0,-4,1,0,62001,5,16,16,4,-4,0,0
784,1.0,199611,0,2,1,50,1,3,4,2,1,3,-4,0,0.0,10,1,0,-3,5,16,14,4,-4,-5,-5
785,1.0,-4,0,0,0,3,1,2,2,1,1,-4,-4,0,0.0,-4,1,0,296000,4,13,13,4,73141,0,0
786,,-4,0,0,0,10,2,2,3,2,2,5,-4,1,,10,1,0,-3,3,16,15,4,-4,-5,-5
787,0.0,-4,0,1,0,5,2,2,1,1,1,-4,-4,0,,-4,1,0,-3,3,16,15,4,-4,-5,-5
788,1.0,-4,0,0,0,8,2,1,2,1,1,1,-4,0,0.0,-4,1,0,127500,4,16,16,4,95668,-5,-5
789,0.0,199705,0,0,0,4,2,2,3,2,1,3,-4,0,0.0,25,1,0,118500,4,12,14,4,36814,0,0
790,0.0,199808,1,0,0,6,2,4,2,3,1,-4,-4,0,0.0,-4,1,0,118500,4,12,14,4,-4,0,0
791,1.0,-4,0,0,0,1,2,2,2,1,1,1,-4,0,0.0,-4,2,0,331500,3,13,16,4,64858,0,0
792,1.0,199607,0,0,0,8,2,3,2,3,1,2,-4,0,0.0,10,1,0,337300,6,18,16,4,-4,0,0
793,1.0,199807,0,0,0,0,2,3,2,1,2,-4,-4,0,0.0,-4,1,0,337300,6,18,16,4,-4,0,0
794,1.0,199905,0,0,0,3,2,2,3,3,1,-4,-4,0,0.0,-4,1,0,204600,4,13,16,4,93038,0,0
795,1.0,-4,0,0,0,10,2,2,3,3,1,3,-4,0,0.0,50,2,0,109913,3,14,12,4,70117,-5,-5
796,1.0,-4,0,0,0,0,1,2,1,1,1,-4,-4,0,0.0,-4,2,0,80700,5,-3,18,4,82304,0,0
797,1.0,-4,0,0,0,2,1,3,2,1,1,1,-4,1,1.0,0,2,0,102250,3,14,-3,4,91505,0,0
798,1.0,-4,0,0,0,0,1,2,1,1,1,-4,-4,0,0.0,-4,1,0,106200,4,16,16,4,92824,0,0
799,1.0,-4,0,0,0,0,2,2,3,3,1,2,-4,1,0.0,20,1,0,-3,7,12,14,4,-4,0,0
800,1.0,-4,0,0,0,1,2,2,3,2,1,-4,-4,0,0.0,-4,1,0,106000,5,16,12,4,73102,0,0
801,1.0,-4,0,0,0,3,2,2,1,1,1,-4,-4,0,0.0,-4,2,0,106000,5,16,12,4,19617,0,0
802,0.0,-4,0,1,1,3,2,2,1,1,1,-4,-4,0,,-4,2,0,20000,4,-3,12,2,-4,-5,-5
803,0.0,199702,0,0,0,17,2,2,3,3,1,4,-4,1,,0,1,1,9550,3,4,9,4,-4,0,0
804,1.0,-4,0,0,0,1,2,4,3,2,1,1,-4,0,,0,1,0,17200,6,-3,6,2,-4,-5,-5
805,0.0,-4,0,0,0,3,2,3,3,3,2,3,-4,0,0.0,40,1,0,143582,5,12,12,4,47276,0,0
806,0.0,199608,0,0,0,0,2,3,2,1,1,-4,-4,0,0.0,-4,1,0,143582,5,12,12,4,20920,0,0
807,0.0,199505,0,1,0,6,3,3,3,2,2,-4,-4,0,0.0,-4,2,0,68200,5,12,11,2,36578,0,0
808,0.0,200110,2,1,1,0,3,2,2,1,1,-4,-4,0,0.0,-4,1,0,68200,5,12,11,2,51988,0,0
809,1.0,-4,0,0,0,10,2,2,4,4,2,4,-4,0,,15,2,1,18850,6,12,12,4,53477,-5,-5
810,0.0,-4,0,0,0,10,2,1,4,3,1,3,-4,0,,0,1,1,18850,6,12,12,4,33429,-5,-5
811,0.0,-4,0,0,0,10,2,2,5,4,2,3,-4,0,0.0,0,2,0,431500,5,12,12,4,-4,-5,-5
812,0.0,202211,0,0,1,1,2,4,1,1,2,-4,-4,0,0.0,-4,2,-4,-4,2,14,14,1,8143,0,0
813,1.0,-4,0,0,0,10,2,2,2,4,2,3,-4,0,0.0,10,2,0,-3,5,-3,-3,1,42380,0,0
814,0.0,-4,0,5,0,4,2,2,-2,-2,-2,-4,-4,0,0.0,-4,2,0,-23250,4,10,12,1,64764,0,0
815,0.0,-4,0,8,0,10,2,2,3,2,3,4,-4,1,,10,2,0,-3,3,-3,-3,1,12534,-5,-5
816,0.0,-4,0,2,1,7,2,4,5,2,2,-4,-4,0,0.0,-4,2,0,24900,4,12,12,1,2227,0,0
817,0.0,199908,1,0,0,0,2,2,2,1,4,-4,-4,0,0.0,-4,1,0,2000,3,-3,14,1,10130,0,-4
818,1.0,-4,0,0,0,2,2,3,2,2,2,3,-4,0,0.0,10,2,0,94750,2,16,18,1,-4,0,0
819,0.0,-4,0,0,0,0,2,4,3,5,3,3,-4,-3,1.0,-3,1,0,-3,7,-3,14,1,60860,0,0
820,0.0,200006,0,2,2,10,1,1,1,1,1,-4,-4,0,0.0,-4,1,0,-3,7,-3,14,1,42475,0,0
821,0.0,-4,0,0,0,8,2,2,3,3,4,5,-4,0,,0,2,0,8000,3,-3,12,1,35740,0,0
822,0.0,-4,0,0,0,5,3,3,3,3,2,4,-4,0,0.0,20,2,0,-3,7,12,12,1,-4,0,0
823,1.0,201706,0,0,0,4,2,3,1,1,2,-4,-4,0,0.0,-4,1,0,-3,7,12,12,1,-4,0,0
824,0.0,-4,0,0,0,5,3,1,3,2,3,4,-4,0,0.0,50,2,-4,-4,3,12,9,2,22080,0,0
825,1.0,-4,0,0,0,10,2,2,1,1,1,-4,-4,0,0.0,-4,2,-4,-4,3,12,9,2,21940,0,0
826,1.0,-4,0,0,0,5,2,2,3,4,1,3,-4,1,,50,1,0,-3,4,-3,15,2,-4,0,1
827,1.0,200206,0,0,0,4,2,3,2,2,1,-4,-4,0,0.0,-4,1,0,36750,4,17,15,4,84822,0,0
828,1.0,-4,0,0,0,2,2,1,1,1,1,-4,-4,0,0.0,-4,2,0,-3,6,12,12,4,48674,0,0
829,,-4,0,0,0,3,2,2,1,1,1,-4,-4,0,,-4,2,0,26400,3,12,12,4,-4,-5,-5
830,1.0,-4,0,0,0,0,1,1,2,1,1,-4,-4,1,1.0,-4,1,0,65329,4,12,12,4,-4,0,0
831,1.0,-4,0,0,0,0,2,2,1,1,1,-4,-4,0,0.0,-4,1,0,40800,3,19,13,4,76002,0,0
832,1.0,200508,0,1,0,2,2,1,3,2,1,-4,-4,0,0.0,-4,2,0,155500,4,12,14,4,83735,-5,-5
833,1.0,-4,0,0,0,2,2,1,2,1,1,-4,-4,0,0.0,-4,2,0,147500,4,14,16,4,88213,0,0
834,0.0,-4,0,0,0,1,2,2,1,1,1,-4,-4,0,,-4,1,0,377500,5,12,12,4,-4,-5,-5
835,1.0,200010,0,3,0,3,2,3,2,3,2,-4,-4,1,0.0,-4,2,-4,-4,4,16,16,4,41643,0,0
836,1.0,-4,0,0,0,0,2,2,2,4,1,3,-4,0,0.0,0,1,0,234500,4,12,12,4,-4,0,0
837,0.0,-4,0,2,0,1,3,4,2,1,1,1,-4,0,,50,1,0,93750,5,10,9,4,13250,0,0
838,0.0,200106,0,3,0,2,3,3,1,1,1,1,-4,1,0.0,0,2,0,93750,5,10,9,4,28146,0,0
839,1.0,-4,0,0,0,6,2,1,1,1,1,2,-4,0,0.0,1,2,0,322500,4,12,16,4,93117,0,0
840,1.0,-4,0,0,0,3,1,1,1,1,1,-4,-4,0,0.0,-4,2,0,322500,4,12,16,4,77320,0,0
841,1.0,-4,0,0,0,1,2,1,2,2,1,-4,-4,0,0.0,-4,2,0,600000,4,16,17,4,92924,0,0
842,1.0,-4,0,0,0,5,2,1,1,1,1,-4,-4,0,0.0,-4,1,0,133900,5,18,13,4,66939,0,0
843,1.0,200211,0,2,0,30,3,2,2,2,1,2,-4,0,0.0,10,1,-4,-4,3,12,16,4,79719,0,0
844,1.0,-4,0,0,0,13,2,2,1,1,1,-4,-4,0,0.0,-4,2,0,2750,3,15,15,4,31267,0,0
845,1.0,-4,0,0,0,6,2,2,3,2,1,2,-4,0,0.0,0,1,0,-3,4,18,16,4,66257,-5,-5
846,1.0,-4,0,0,0,4,2,2,2,2,1,2,-4,1,1.0,50,2,0,71250,3,17,13,2,45919,0,0
847,1.0,199911,0,0,0,3,2,3,3,4,1,-4,-4,1,0.0,-4,1,0,106500,6,14,13,1,60225,0,0
848,0.0,201304,0,4,0,2,3,3,1,1,1,-4,-4,0,0.0,-4,2,0,106500,6,14,13,1,30799,0,0
849,0.0,-4,0,0,0,3,4,2,5,1,2,3,-4,0,0.0,0,2,0,-3,4,12,14,1,2167,0,0
850,1.0,-4,0,0,0,3,2,1,4,3,2,4,-4,0,0.0,50,2,0,3838,3,12,12,1,65686,0,0
851,1.0,-4,0,0,0,14,2,2,2,3,2,-4,-4,0,0.0,-4,2,0,17250,8,10,12,4,65618,0,1
852,0.0,199902,0,0,0,4,2,2,2,1,1,-4,-4,0,0.0,-4,1,-4,-5000,8,12,11,4,25539,0,0
853,1.0,200105,0,0,1,2,2,3,3,2,3,-4,-4,0,0.0,-4,2,0,17250,8,10,12,4,23167,0,0
854,0.0,-4,0,10,1,2,2,1,1,1,2,-4,-4,0,,-4,2,0,8300,7,12,5,4,-4,-5,-5
855,1.0,-4,0,0,0,3,1,3,3,3,1,3,-4,1,0.0,10,2,0,-3,5,-4,17,4,81882,0,0
856,1.0,199712,0,1,1,3,2,2,2,2,1,3,-4,0,0.0,0,1,1,22050,3,-3,15,4,35054,0,-4
857,1.0,-4,0,0,0,0,2,2,2,2,1,2,-4,0,1.0,0,2,0,134800,4,12,13,4,76355,0,0
858,1.0,-4,0,2,0,0,1,1,1,1,1,-4,-4,0,0.0,-4,2,0,134800,4,12,13,4,17212,0,0
859,0.0,-4,0,0,0,5,1,1,1,1,1,-4,-4,1,0.0,-4,1,0,385500,5,12,14,4,13132,0,0
860,1.0,-4,0,0,0,5,2,2,2,2,1,1,-4,0,0.0,-4,1,0,334000,6,18,12,3,87904,0,0
861,1.0,-4,0,0,0,2,2,2,1,1,1,-4,-4,0,0.0,-4,1,-4,-4,6,18,12,3,64221,0,0
862,0.0,199701,0,4,0,30,2,3,4,3,3,3,-4,0,0.0,10,2,0,8850,4,12,13,4,7766,0,0
863,0.0,199908,1,0,0,10,2,1,2,1,1,-4,-4,1,,-4,2,0,8850,4,12,13,4,32722,0,0
864,0.0,199704,0,8,0,88,4,3,5,5,1,5,-4,1,0.0,-4,2,0,3950,3,12,12,4,-4,0,-2
865,1.0,-4,0,0,0,2,1,2,1,1,1,-4,-4,0,0.0,-4,1,0,47300,3,12,12,4,92938,-5,-5
866,0.0,-4,0,0,-2,7,2,4,3,5,1,-4,-4,0,0.0,-4,1,-4,-4,3,12,12,4,-4,0,-4
867,0.0,199805,0,1,1,4,2,3,2,1,1,-4,-4,0,0.0,-4,1,-4,18750,3,12,12,4,-4,-2,-4
868,0.0,-4,0,0,0,10,3,4,4,5,2,-4,-4,1,0.0,-4,2,0,18750,3,-3,-3,1,22802,0,0
869,0.0,-4,0,0,0,2,2,2,1,1,1,-4,-4,0,,-4,2,-4,-4,7,-4,-3,4,24827,-5,-5
870,1.0,200609,1,0,0,2,3,3,1,1,1,-4,-4,0,0.0,-4,1,0,20000,6,12,12,1,14973,0,0
871,0.0,199605,2,0,1,3,4,3,5,5,4,-4,-4,0,,-4,2,0,24984,4,-3,-3,1,14279,0,1
872,1.0,199409,0,0,1,15,2,4,4,4,3,4,-4,0,0.0,-4,1,0,500,3,-4,4,2,72985,-5,-5
873,1.0,-4,0,0,0,5,3,3,3,3,1,-4,-4,0,1.0,-4,2,0,500,3,-4,4,2,65003,0,1
874,1.0,-4,0,0,0,1,2,2,1,1,1,-4,-4,0,0.0,-4,1,0,6250,8,6,10,2,2943,0,0
875,0.0,-4,0,0,0,4,2,2,4,5,3,-4,-4,0,1.0,-4,2,0,5050,3,11,12,4,45442,0,0
876,0.0,-4,0,0,0,3,2,1,1,1,1,-4,-4,0,0.0,-4,2,0,2500,7,14,12,4,40111,0,0
877,0.0,199911,1,0,0,24,1,4,5,5,4,5,-4,1,1.0,0,1,0,3750,3,-3,11,1,-4,-5,-5
878,1.0,-4,0,1,0,8,3,3,3,2,1,-4,-4,0,0.0,-4,2,-4,-4,5,-3,-3,4,49844,-5,-5
879,1.0,-4,0,0,0,2,2,2,5,3,3,2,-4,0,0.0,30,2,0,-2250,4,16,-3,4,22579,0,0
880,1.0,-4,0,0,0,3,2,1,3,2,3,3,-4,0,,0,2,0,1280,5,-3,11,2,25857,-5,-5
881,1.0,200808,0,0,0,8,1,2,5,5,1,4,-4,0,0.0,-4,2,0,17500,3,-3,17,1,45363,0,0
882,0.0,200203,0,3,2,5,2,3,4,4,4,-4,-4,0,0.0,-4,1,0,-750,4,11,13,2,-4,0,0
883,1.0,199608,0,0,0,9,2,2,3,2,1,-4,-4,1,0.0,-4,2,0,215979,4,14,12,2,54870,0,0
884,1.0,199411,0,1,0,18,2,2,2,1,1,2,-4,0,0.0,1,1,0,110970,5,14,16,4,50894,0,0
885,1.0,-4,0,0,0,4,2,1,4,2,2,-4,-4,0,0.0,-4,1,0,110970,5,14,16,4,37811,0,0
886,1.0,-4,0,0,0,3,2,2,4,2,1,1,-4,0,,-4,1,0,137000,5,12,13,4,59157,-5,-5
887,1.0,-4,0,0,0,20,2,2,3,2,2,-4,-4,0,,-4,2,0,137000,5,12,13,4,31578,-5,-5
888,1.0,-4,0,0,0,0,2,1,3,1,1,2,-4,0,0.0,50,2,-4,-4,4,-4,-4,3,42359,-5,-5
889,0.0,-4,0,1,0,0,2,3,1,1,1,-4,-4,0,,-4,1,-4,-4,4,-4,-4,4,-4,0,0
890,0.0,200210,2,0,0,1,1,2,1,2,1,3,-4,0,,0,1,-4,-4,8,11,12,1,24015,0,1
891,0.0,199604,0,3,2,0,2,3,4,3,3,5,-4,1,,-4,1,-4,-4,8,11,12,1,17079,0,0
892,0.0,-4,0,0,0,0,2,2,1,1,1,-4,-4,0,,-4,2,-4,-4,8,11,12,1,15783,0,0
893,1.0,-4,0,0,0,0,2,2,5,4,2,4,-4,1,0.0,25,1,-4,-4,6,15,15,2,55322,0,0
894,1.0,-4,0,0,0,4,2,2,3,3,2,2,-4,0,,-4,1,0,-3,6,15,15,2,35079,0,0
895,1.0,-4,0,2,0,6,2,3,1,1,1,-4,-4,0,,-4,1,0,-3,6,15,15,2,24099,0,0
896,0.0,-4,0,0,0,0,2,2,1,1,1,-4,-4,1,,-4,2,0,92250,5,12,13,4,-4,0,0
897,1.0,-4,0,1,0,2,1,2,1,1,1,-4,-4,0,0.0,-4,2,0,600000,4,14,14,4,70718,0,0
898,0.0,199808,0,5,1,0,2,2,2,1,1,-4,-4,1,,-4,1,0,107122,4,14,12,4,75173,-5,-5
899,1.0,-4,0,0,0,12,2,3,3,4,1,3,-4,0,0.0,20,2,0,-3,5,18,14,4,41909,-5,-5
900,1.0,-4,0,0,4,6,1,2,2,1,1,-4,-4,0,0.0,-4,1,0,-3,5,18,14,4,46715,-5,-5
901,1.0,200401,0,0,0,2,2,3,2,1,1,-4,-4,0,0.0,-4,2,0,342500,5,14,14,4,60434,0,0
902,0.0,-4,0,0,0,0,2,2,4,3,2,3,-4,0,0.0,0,2,0,74250,4,-3,-3,4,13394,-5,-5
903,1.0,-4,0,0,0,4,2,2,3,2,1,1,-4,0,,2,1,0,297500,3,12,12,2,19864,0,0
904,0.0,199605,0,0,0,2,3,4,2,1,3,-4,-4,1,,-4,2,0,3950,4,-3,-3,2,26078,0,0
905,0.0,199510,0,0,0,5,2,2,3,2,2,-4,-4,0,,-4,2,1,3500,5,12,12,2,46474,0,0
906,0.0,199909,0,0,0,3,4,2,3,2,2,-4,-4,0,,-4,2,0,50001,3,8,10,4,11754,0,0
907,0.0,-4,0,0,0,20,2,2,4,3,5,5,-4,0,0.0,-4,2,0,500,3,-4,-3,2,-4,0,0
908,0.0,-4,0,1,0,3,1,1,1,1,1,-4,-4,1,0.0,-4,2,0,1750,4,-4,8,4,7227,-2,0
909,0.0,200903,0,0,0,2,2,1,2,1,1,-4,-4,0,0.0,-4,1,0,1750,4,-4,8,4,3800,1,-2
910,0.0,-4,0,1,1,6,3,3,2,1,1,3,-4,0,,90,2,0,345000,4,-3,-3,4,22554,-5,-5
911,1.0,-4,0,20,0,10,2,4,4,4,2,-4,-4,1,0.0,-4,1,-4,-4,3,-3,-3,2,55786,0,0
912,1.0,-4,0,0,0,1,2,4,5,5,1,4,-4,0,,50,2,0,125000,4,16,16,1,47830,-5,-5
913,1.0,-4,0,1,0,5,2,1,3,1,1,-4,-4,0,1.0,-4,2,0,600000,4,17,16,4,24294,0,0
914,1.0,-4,0,0,0,8,2,2,2,1,1,-4,-4,0,,-4,1,0,-3,3,16,13,4,34987,-5,-5
915,1.0,-4,0,0,0,7,2,2,2,2,1,2,-4,0,0.0,0,2,0,600000,4,16,14,4,71805,0,0
916,1.0,-4,0,0,0,2,2,2,2,1,1,-4,-4,0,0.0,-4,2,0,600000,4,16,14,4,70288,0,0
917,1.0,-4,0,0,1,4,2,2,1,1,1,-4,-4,0,0.0,-4,1,0,-3,5,19,18,4,-4,0,0
918,1.0,-4,0,0,1,0,2,2,2,4,1,3,-4,0,0.0,20,1,0,600000,4,20,18,4,89502,0,0
919,1.0,-4,0,0,0,1,1,1,1,1,1,-4,-4,0,0.0,-4,2,0,600000,4,20,18,4,63707,0,0
920,1.0,-4,0,0,0,5,2,2,2,1,1,1,-4,0,,3,2,0,-3,4,18,16,4,-4,-5,-5
921,1.0,-4,0,0,0,2,2,3,2,2,1,-4,-4,0,0.0,-4,1,0,88000,6,14,14,2,-4,0,0
922,1.0,-4,0,1,0,4,2,4,4,4,1,-4,-4,0,0.0,-4,2,0,487600,3,16,16,2,71471,0,0
923,1.0,-4,0,0,0,1,2,3,3,1,2,2,-4,0,1.0,5,2,0,19004,5,12,14,3,25009,0,0
924,1.0,-4,0,0,0,1,1,2,3,1,1,2,-4,0,0.0,-4,2,0,19004,5,14,16,1,51695,0,0
925,1.0,-4,0,0,0,0,3,3,2,1,1,1,-4,0,,-4,2,0,250,5,-4,11,2,-4,-5,-5
926,0.0,-4,0,0,0,2,3,3,4,-2,1,-4,-4,0,,-4,1,0,250,5,7,11,2,-4,0,0
927,1.0,-4,0,0,1,0,2,1,2,2,2,2,-4,1,1.0,10,1,0,296000,4,16,16,2,-4,0,0
928,1.0,-4,0,0,0,1,2,2,-2,-2,-2,-4,-4,1,0.0,-4,2,0,296000,4,16,16,2,-4,0,0
929,1.0,-4,0,0,0,1,3,3,1,2,1,-4,-4,0,0.0,-4,1,0,326750,5,16,16,4,96075,0,0
930,1.0,-4,0,0,0,3,2,2,1,1,1,-4,-4,0,0.0,-4,2,0,12700,3,-3,12,2,30012,0,0
931,1.0,-4,0,0,0,0,2,2,1,1,1,-4,-4,0,0.0,-4,2,0,-3,4,14,14,1,91934,0,0
932,1.0,-4,0,0,0,0,2,1,1,1,1,-4,-4,1,1.0,-4,2,0,-3,3,12,16,4,-4,0,0
933,1.0,-4,0,0,0,1,1,2,4,4,1,2,-4,0,0.0,45,2,0,-3,4,13,19,4,88446,0,0
934,1.0,200807,0,0,0,5,2,2,1,1,1,-4,-4,0,0.0,-4,2,0,-3,4,13,19,4,93017,0,0
935,1.0,-4,0,0,0,2,2,2,1,1,1,-4,-4,0,,-4,2,0,78500,5,12,16,2,88303,0,0
936,1.0,-4,0,0,0,2,2,2,2,1,1,-4,-4,0,0.0,-4,1,0,134750,8,18,16,4,46239,0,0
937,1.0,-4,0,0,0,0,1,1,1,1,1,2,-4,0,,-4,1,0,-3,5,16,14,2,83343,-5,-5
938,1.0,200102,0,2,3,2,2,2,2,1,1,-4,-4,1,0.0,-4,1,0,-3,5,16,14,2,28754,-5,-5
939,0.0,-4,0,0,0,3,1,1,3,2,2,2,-4,0,1.0,0,2,-4,-4,5,16,12,4,41292,0,0
940,1.0,-4,0,7,0,0,3,3,4,2,1,-4,-4,1,0.0,-4,1,0,332000,4,20,17,4,97754,0,0
941,1.0,-4,0,0,1,4,-2,4,3,3,1,3,-4,0,,10,2,-4,-4,2,20,17,4,71111,-5,-5
942,1.0,-4,0,0,0,2,2,2,4,5,1,-4,-4,1,1.0,-4,1,0,384500,5,18,16,4,84902,-5,-5
943,1.0,200903,0,0,0,6,1,2,1,1,1,-4,-4,0,0.0,-4,1,0,384500,5,18,16,4,76746,0,0
944,1.0,-4,0,0,0,0,2,2,5,4,3,3,-4,1,0.0,0,2,0,467750,4,16,20,4,84141,-5,-5
945,1.0,-4,0,0,0,2,2,2,3,2,2,3,-4,1,0.0,5,2,0,-3,3,16,16,4,95490,0,0
946,0.0,-4,0,0,1,2,1,2,2,3,1,3,-4,0,,10,1,0,88200,4,12,14,4,81017,-5,-5
947,1.0,-4,0,1,0,7,2,2,4,4,1,4,-4,0,0.0,0,2,0,248750,4,17,14,2,88910,-5,-5
948,1.0,-4,0,0,0,6,1,2,1,1,1,-4,-4,0,0.0,-4,2,0,248750,4,17,14,2,46225,-5,-5
949,0.0,-4,0,0,0,0,3,4,3,3,2,4,-4,0,0.0,5,2,0,236400,5,16,16,4,31876,0,0
950,1.0,-4,0,0,0,4,2,1,1,1,1,-4,-4,0,0.0,-4,2,0,236400,5,16,16,4,74565,-5,-5
951,1.0,-4,0,0,0,3,1,3,4,5,1,3,-4,0,,50,2,0,497500,4,20,18,4,66579,-5,-5
952,1.0,200004,0,0,0,1,2,2,1,1,1,-4,-4,0,0.0,-4,2,0,497500,4,20,18,4,92727,-5,-5
953,1.0,-4,0,0,0,14,1,2,2,1,2,-4,-4,0,0.0,-4,1,0,267500,3,16,18,4,53442,-5,-5
954,1.0,-4,0,0,0,12,2,2,5,4,2,4,-4,0,,50,2,0,228700,4,12,16,4,38872,0,0
955,1.0,-4,0,0,0,0,2,2,1,1,1,-4,-4,0,0.0,-4,2,0,-3,4,16,16,4,68613,0,0
956,1.0,-4,0,0,0,0,2,2,1,1,1,-4,-4,0,0.0,-4,1,0,115000,3,17,16,4,83262,0,0
957,1.0,200210,0,0,0,1,1,2,1,1,1,-4,-4,0,0.0,-4,1,0,546051,5,18,12,4,96600,0,0
958,1.0,200004,0,0,0,7,2,2,3,1,1,2,-4,1,1.0,15,1,0,-3,5,16,12,4,47090,0,0
959,1.0,-4,0,0,0,2,2,3,1,1,1,-4,-4,0,,-4,1,0,-3,5,16,12,4,14042,0,0
960,1.0,-4,0,0,0,3,1,1,2,1,1,1,-4,0,,2,1,0,600000,4,12,12,4,37490,-5,-5
961,1.0,-4,0,0,0,0,1,3,1,1,1,-4,-4,0,0.0,-4,2,0,-3,3,16,13,4,65859,0,0
962,1.0,-4,0,0,0,0,2,2,2,2,2,3,-4,0,1.0,5,1,0,332500,5,14,17,4,72445,0,0
963,1.0,-4,0,0,0,1,2,2,1,1,1,-4,-4,0,0.0,-4,1,0,332500,5,14,17,4,97287,0,0
964,1.0,-4,0,0,0,2,2,1,3,3,1,-4,-4,0,0.0,-4,2,0,600000,4,16,16,2,98004,0,0
965,1.0,-4,0,0,1,0,2,3,2,1,1,-4,-4,0,,-4,2,0,600000,5,16,14,2,41795,-5,-5
966,1.0,-4,0,0,0,8,1,1,1,1,1,-4,-4,0,0.0,-4,2,0,-3,8,12,11,4,-4,-5,-5
967,1.0,-4,0,0,0,2,2,2,1,1,1,1,-4,0,0.0,-4,2,0,600000,4,16,16,3,92553,0,0
968,1.0,-4,0,0,0,1,2,1,2,3,1,4,-4,0,,10,1,0,575001,5,16,18,4,-4,0,0
969,0.0,-4,0,0,0,0,2,1,2,2,2,-4,-4,0,,-4,2,0,575001,5,16,18,4,-4,0,0
970,1.0,200004,0,25,2,0,2,4,2,1,1,-4,-4,1,1.0,-4,1,0,487501,4,18,16,4,49509,0,0
971,1.0,-4,0,0,0,0,2,1,1,1,1,-4,-4,-3,0.0,-4,2,0,358820,4,16,18,4,57779,0,0
972,1.0,200401,0,0,0,8,2,3,2,3,1,-4,-4,0,0.0,-4,1,0,-3,5,20,16,4,81082,0,0
973,1.0,-4,0,2,0,1,2,2,2,1,1,-4,-4,0,,-4,1,0,600000,5,20,20,2,94066,0,0
974,1.0,200007,0,0,0,5,2,3,1,1,1,-4,-4,0,0.0,-4,1,0,600000,4,20,19,4,99147,0,0
975,1.0,199709,0,0,0,2,2,2,3,3,1,3,-4,0,,50,1,0,600000,5,14,12,4,43312,0,0
976,1.0,-4,0,1,0,2,2,2,2,4,2,3,-4,0,0.0,40,1,0,600000,5,14,12,4,45486,0,0
977,1.0,199704,0,5,0,7,3,2,2,2,1,-4,-4,0,0.0,-4,1,0,326500,3,8,16,4,37900,-5,-5
978,1.0,-4,0,0,0,1,1,2,1,1,1,1,-4,0,0.0,2,1,0,600000,4,18,16,4,98692,0,0
979,1.0,-4,0,0,0,1,1,2,1,1,1,-4,-4,0,0.0,-4,2,0,600000,4,18,16,4,98758,0,0
980,1.0,199804,0,0,0,6,1,2,3,4,1,-4,-4,1,0.0,-4,1,0,600000,4,19,16,4,85075,0,0
981,0.0,200002,0,0,0,3,1,2,4,3,2,3,-4,0,1.0,5,1,0,332500,3,16,12,4,8362,0,0
982,1.0,-4,0,0,0,4,2,2,1,1,1,1,-4,0,,-4,1,0,-3,3,12,12,4,93084,-5,-5
983,1.0,200309,0,1,0,3,2,2,1,1,1,-4,-4,0,0.0,-4,2,0,-3,5,14,13,2,88750,0,0
984,1.0,-4,0,0,0,10,2,2,1,1,1,1,-4,0,0.0,1,2,0,209500,4,-3,6,2,36803,0,0
985,0.0,199701,0,0,1,23,3,3,5,4,3,4,-4,0,,90,2,0,7750,6,4,7,2,345,-5,-5
986,1.0,-4,0,-4,-4,-4,-4,-4,4,4,1,4,-4,0,0.0,50,2,0,-3,3,18,12,4,87455,0,0
987,0.0,199712,0,0,1,50,2,2,3,5,3,-4,-4,1,0.0,-4,1,0,-3,3,18,12,2,78318,0,0
988,1.0,-4,0,0,0,4,2,2,1,1,1,-4,-4,0,0.0,-4,2,0,32000,4,-3,12,4,97316,0,-4
989,1.0,-4,0,0,0,3,2,2,1,1,1,-4,-4,0,0.0,-4,2,0,109750,5,16,13,4,62978,0,0
990,0.0,199812,2,1,0,0,1,2,1,3,1,1,-4,0,1.0,10,1,-4,-4,6,12,-3,4,56688,0,0
991,0.0,200109,2,0,0,5,2,2,3,2,2,3,-4,0,,0,1,-4,-4,2,-3,-3,4,-4,-5,-5
992,1.0,200209,0,10,0,3,2,3,4,4,2,-4,-4,0,1.0,-4,2,0,14400,2,12,13,4,-4,0,-2
993,0.0,-4,0,0,0,1,3,4,3,4,2,4,-4,0,,10,2,-4,-4,4,13,12,4,-4,0,0
994,1.0,-4,0,0,0,10,2,2,2,1,1,-4,-4,0,,-4,1,0,-3,6,14,13,4,80797,-5,-5
995,0.0,-4,0,-4,-4,-4,2,3,5,5,3,5,-4,0,0.0,25,2,0,-3,3,12,12,2,51778,0,0
996,1.0,-4,0,0,0,2,2,2,5,3,2,3,-4,1,1.0,75,2,0,124500,6,14,14,4,36039,0,0
997,1.0,-4,0,0,0,2,2,2,2,2,2,2,-4,0,0.0,0,1,0,19500,3,12,13,4,58719,0,0
998,0.0,199607,0,0,0,2,3,3,3,3,3,-4,-4,1,0.0,-4,1,0,-3,4,11,11,1,39787,0,0
999,0.0,199805,4,0,1,3,2,2,3,1,3,-4,-4,1,0.0,-4,1,0,66000,4,12,12,4,54835,0,0
1000,1.0,-4,0,0,0,30,2,4,5,2,3,2,-4,0,1.0,0,1,-4,-4,5,16,15,4,17420,0,0
1001,0.0,199703,3,0,1,1,2,4,3,4,2,-4,-4,0,,-4,1,-4,-4,5,-4,-4,1,29268,-5,-5
1002,0.0,201112,0,2,0,2,2,2,4,4,4,-4,-4,1,0.0,-4,1,-4,-4,5,-4,-4,1,26381,0,0
1003,1.0,-4,0,0,0,5,2,2,3,2,2,-4,-4,-3,0.0,-4,2,-4,-4,6,7,16,4,29276,0,0
1004,1.0,-4,0,1,0,1,2,3,5,4,3,-4,-4,0,0.0,-4,1,-4,-4,6,7,16,4,41822,0,0
1005,0.0,-4,0,0,0,1,4,2,3,1,4,-4,-4,1,0.0,-4,1,0,8500,9,-3,16,4,47386,0,0
1006,0.0,-4,0,1,1,12,1,1,2,1,3,-4,-4,0,0.0,-4,1,0,8500,9,-3,16,4,18999,0,0
1007,1.0,-4,0,0,0,1,2,1,3,1,1,-4,-4,0,0.0,-4,1,0,-3,7,16,16,4,20759,-5,-5
1008,1.0,-4,0,0,0,15,2,3,5,4,1,5,-4,0,1.0,10,2,0,-3,4,14,12,4,34578,0,0
1009,1.0,-4,0,1,0,2,2,2,2,2,1,-4,-4,0,0.0,-4,1,0,-3,4,14,12,4,82177,0,0
1010,1.0,-4,0,0,0,1,3,2,3,1,4,-4,-4,0,0.0,-4,2,-4,-4,7,12,12,4,-4,-5,-5
1011,1.0,-4,0,3,0,10,3,2,3,2,1,2,-4,1,0.0,8,1,0,-2800,5,17,12,4,99067,0,0
1012,0.0,-4,0,0,0,10,2,2,1,1,1,-4,-4,0,0.0,-4,1,0,-2800,5,17,12,4,90817,0,0
1013,1.0,-4,0,0,0,3,1,2,1,1,1,-4,-4,0,0.0,-4,1,0,-3,5,14,14,1,68139,0,0
1014,1.0,-4,0,0,0,3,2,2,2,3,4,-4,-4,0,,-4,1,0,24850,6,16,14,4,29819,0,0
1015,1.0,-4,0,0,0,2,2,1,2,1,2,-4,-4,0,,-4,1,0,24850,6,16,14,4,69021,-5,-5
1016,1.0,-4,0,0,0,2,1,1,2,1,1,1,-4,0,0.0,10,1,0,36500,5,-4,12,4,52996,0,0
1017,0.0,-4,0,0,0,4,1,1,2,1,2,-4,-4,0,,-4,2,0,36500,5,-4,12,4,17283,-5,-5
1018,1.0,200101,0,3,1,1,2,3,1,1,1,-4,-4,0,0.0,-4,1,0,198500,4,12,16,4,73083,0,0
1019,1.0,-4,0,0,0,0,1,1,2,2,2,-4,-4,0,0.0,-4,1,0,73200,5,14,17,4,89397,0,0
1020,1.0,-4,0,0,0,10,2,1,4,3,1,2,-4,0,0.0,10,1,0,89200,4,12,14,4,14470,0,0
1021,1.0,-4,0,0,0,2,1,3,2,1,1,-4,-4,0,0.0,-4,2,0,288000,5,14,13,4,87740,0,0
1022,1.0,-4,0,0,0,4,2,1,3,3,2,4,-4,0,0.0,15,2,0,-5400,5,15,18,4,66015,0,0
1023,1.0,-4,0,0,0,8,2,2,1,1,1,-4,-4,0,0.0,-4,2,0,226750,4,12,14,2,63809,-5,-5
1024,1.0,-4,0,0,0,15,2,2,3,2,1,3,-4,0,0.0,30,2,0,81000,5,-3,14,4,95928,0,0
1025,0.0,200203,3,0,0,3,2,3,1,2,1,1,-4,0,0.0,10,1,0,494500,4,16,16,4,75378,0,0
1026,0.0,-4,0,2,0,4,2,2,4,3,2,2,-4,1,0.0,50,1,0,-3,7,10,12,4,73778,0,-2
1027,0.0,200210,0,0,0,1,2,3,4,2,1,-2,-4,1,0.0,0,1,0,60511,7,12,12,4,7278,0,0
1028,0.0,-4,0,0,1,4,2,2,3,1,2,-4,-4,0,0.0,-4,1,0,60511,7,12,12,4,79287,-5,-5
1029,0.0,-4,0,0,0,30,3,3,4,2,1,4,-4,0,0.0,-4,2,0,113000,3,11,10,4,59518,0,0
1030,1.0,-4,0,1,0,6,2,1,4,2,1,-2,-4,0,0.0,10,1,0,-3,3,12,10,4,69783,0,0
1031,0.0,-4,0,0,0,3,2,2,3,1,1,3,-4,0,,-4,1,1,-8250,3,8,9,1,43999,0,1
1032,1.0,-4,0,2,0,2,1,1,1,1,1,-4,-4,1,0.0,-4,1,0,500,4,11,11,1,16840,0,0
1033,0.0,-4,0,0,2,6,2,2,2,1,1,-4,-4,0,0.0,-4,2,0,500,4,12,11,1,-4,0,0
1034,0.0,199507,2,1,5,19,2,1,5,4,3,-4,-4,1,0.0,-4,1,0,1750,4,13,10,1,10319,-5,-5
1035,0.0,-4,0,1,0,5,2,3,2,2,2,3,-4,0,,20,2,-4,-4,3,12,10,1,-4,0,0
1036,0.0,199504,0,30,0,0,3,2,2,1,3,-4,-4,0,0.0,-4,1,0,1700,5,12,10,1,-4,-5,-5
1037,0.0,199806,0,0,0,9,3,2,1,1,1,-4,-4,0,0.0,-4,1,0,-1500,5,-4,-3,1,835,0,0
1038,0.0,199503,0,5,7,42,4,3,1,1,1,-4,-4,1,0.0,-4,1,0,-1500,5,-4,-3,1,-4,0,0
1039,0.0,-4,0,1,1,4,2,1,2,1,1,-4,-4,1,0.0,-4,2,0,500,7,-3,11,1,12321,0,-2
1040,0.0,-4,0,0,0,10,2,2,3,3,3,4,-4,1,,0,2,0,19750,3,12,12,1,17119,0,0
1041,0.0,199707,1,1,12,1,2,2,2,2,3,2,-4,0,0.0,0,1,0,3750,5,11,10,1,0,0,0
1042,0.0,-4,0,0,1,5,2,2,5,2,1,-4,-4,0,0.0,-4,2,0,3750,5,11,10,1,16713,0,1
1043,0.0,-4,0,0,0,1,2,2,1,1,1,4,-4,0,,0,2,1,-1250,6,-3,9,1,-4,-5,-5
1044,0.0,200809,0,0,0,3,2,2,1,1,2,-4,-4,0,0.0,-4,1,0,-1250,6,-3,9,1,6128,0,-2
1045,0.0,-4,0,0,0,3,3,4,4,4,3,4,-4,0,1.0,0,2,1,-3500,4,12,12,1,-4,0,0
1046,0.0,-4,0,0,2,3,2,2,1,1,3,-4,-4,1,1.0,-4,1,1,-3500,4,-3,12,1,10082,0,0
1047,1.0,199610,0,0,5,15,2,3,5,5,1,5,-4,0,,100,2,0,7000,4,-3,12,1,2770,0,1
1048,1.0,-4,0,0,0,4,1,2,2,2,1,-4,-4,1,0.0,-4,2,0,500,3,11,11,1,-4,0,1
1049,0.0,199910,0,0,0,16,2,2,1,1,1,-4,-4,0,,-4,1,0,13650,3,8,10,2,13881,0,1
1050,0.0,-4,0,1,0,20,2,2,4,2,5,5,-4,0,,50,2,1,-5738,6,-3,9,1,139,-1,-1
1051,0.0,199602,1,3,3,5,1,3,1,1,1,2,-4,0,,-4,1,0,-5738,6,-3,9,1,639,-5,-5
1052,0.0,199502,0,3,3,12,2,3,5,5,1,-4,-4,1,1.0,-4,2,0,6250,4,12,11,1,-4,0,0
1053,0.0,-3,0,0,0,19,3,3,4,3,5,5,-4,1,,0,1,1,1750,3,12,12,1,44032,0,0
1054,0.0,200708,0,1,2,13,2,2,2,1,1,-4,-4,0,0.0,-4,2,0,-3,3,8,12,1,4842,0,-4
1055,0.0,-4,0,0,1,3,1,2,1,1,1,-4,-4,0,,-4,2,0,1950,5,-3,11,1,-4,0,1
1056,0.0,-4,0,0,0,15,2,2,3,2,1,5,-4,0,0.0,3,2,0,1750,5,-3,11,1,26913,0,0
1057,0.0,-4,0,0,0,0,3,2,4,2,5,3,-4,0,0.0,0,2,0,1750,5,-3,11,1,7205,0,-4
1058,0.0,199402,2,1,0,11,2,2,4,2,2,3,-4,0,0.0,-4,1,0,2050,2,12,12,1,-4,-5,-5
1059,1.0,-4,0,0,2,2,2,3,1,1,1,-4,-4,1,0.0,-4,1,0,18100,3,12,12,1,-4,0,0
1060,1.0,-4,0,0,0,6,1,1,2,1,1,-4,-4,0,0.0,-4,2,0,12250,2,16,9,1,46480,0,0
1061,1.0,-4,0,0,0,2,2,3,3,2,2,-4,-4,0,0.0,-4,2,0,1750,4,11,12,1,30329,-5,-5
1062,0.0,-4,0,15,0,7,1,4,4,2,2,4,-4,1,0.0,50,1,0,7600,2,11,13,1,13270,0,0
1063,1.0,199806,1,80,4,20,3,3,3,4,2,-4,-4,0,,-4,1,0,300,4,12,-3,1,44967,0,0
1064,,-4,0,0,2,3,3,3,3,4,1,4,-4,0,,15,2,0,-3,3,12,12,1,-4,-5,-5
1065,1.0,-4,0,0,0,1,2,2,3,3,1,3,-4,0,,0,1,0,39000,5,12,12,1,18481,0,0
1066,1.0,200306,0,1,0,6,2,2,3,1,2,-4,-4,0,1.0,-4,2,0,35100,5,12,13,1,57487,0,0
1067,0.0,199708,0,0,0,20,1,3,2,1,1,-4,-4,0,0.0,-4,2,0,76790,7,3,6,2,34815,0,0
1068,0.0,200711,0,0,1,5,2,2,1,1,1,-4,-4,0,0.0,-4,1,0,76790,7,3,6,2,26063,0,0
1069,,-4,0,0,1,2,2,2,4,3,2,-4,-4,0,,-4,1,0,-3,5,15,13,4,-4,-5,-5
1070,1.0,-4,0,1,0,1,2,2,3,2,1,3,-4,0,1.0,0,2,0,32100,5,13,12,1,48016,0,0
1071,0.0,-4,0,0,1,5,1,3,1,1,1,-4,-4,0,0.0,-4,1,0,104000,4,12,12,2,74768,0,0
1072,1.0,199701,0,0,1,9,2,4,4,4,2,5,-4,0,0.0,0,1,0,-13250,3,-3,15,1,-4,0,0
1073,1.0,-4,0,0,0,2,2,2,3,3,1,3,-4,0,1.0,20,2,0,241000,4,18,14,4,96849,-5,-5
1074,1.0,-4,0,0,0,0,1,2,3,2,1,-4,-4,0,0.0,-4,1,0,241000,4,18,14,4,89970,0,0
1075,1.0,-4,0,2,1,5,1,1,5,3,2,-4,-4,0,0.0,-4,2,0,243750,3,12,16,1,70261,0,1
1076,1.0,-4,0,0,0,1,1,1,3,2,1,1,-4,0,0.0,-4,2,0,222500,5,16,14,4,-4,-5,-5
1077,1.0,-4,0,0,0,2,2,2,1,1,1,-4,-4,0,0.0,-4,2,0,222500,5,16,14,4,-4,-5,-5
1078,1.0,-4,0,0,0,0,2,2,2,1,1,-4,-4,0,0.0,-4,1,0,-3,4,16,12,4,25218,0,0
1079,1.0,-4,0,0,0,1,2,2,3,2,1,2,-4,0,,0,1,0,-3,4,14,12,4,-4,-5,-5
1080,1.0,-4,0,0,0,1,2,2,4,4,2,-4,-4,1,,-4,2,0,-3,4,14,12,4,-4,-5,-5
1081,1.0,-4,0,0,0,2,2,2,2,1,1,-4,-4,1,0.0,-4,1,0,362001,4,18,18,4,95237,0,0
1082,1.0,-4,0,0,0,6,1,2,2,1,1,-4,-4,0,0.0,-4,2,0,600000,4,20,16,4,96117,0,0
1083,1.0,-4,0,0,0,5,2,1,4,3,1,3,-4,0,0.0,10,2,0,280000,4,16,14,4,75922,-5,-5
1084,1.0,-4,0,0,0,0,1,2,3,2,1,-4,-4,0,0.0,-4,2,0,280000,4,16,14,4,63819,0,0
1085,1.0,-4,0,5,0,10,2,3,5,3,1,3,-4,1,1.0,10,1,0,-3,5,14,13,4,23518,0,0
1086,1.0,-4,0,0,0,1,2,2,1,1,1,-4,-4,0,0.0,-4,1,-4,-4,5,16,12,4,96974,0,0
1087,1.0,-4,0,0,0,1,1,2,4,3,1,3,-4,0,0.0,10,2,0,-3,5,12,12,2,93441,0,0
1088,1.0,-4,0,0,0,7,2,3,1,1,1,-4,-4,0,,-4,2,0,120500,5,12,13,4,66643,-5,-5
1089,1.0,-4,0,3,1,5,3,4,3,2,1,3,-4,0,,25,1,0,25687,4,12,13,4,91722,-5,-5
1090,1.0,199610,0,0,0,6,2,2,3,3,1,-4,-4,0,,-4,1,0,25687,4,12,13,4,84379,-5,-5
1091,1.0,-4,0,0,0,3,2,3,4,3,2,3,-4,0,1.0,35,2,-4,-4,3,13,15,4,-4,1,0
1092,1.0,199601,0,0,0,1,2,2,3,3,3,-4,-4,0,0.0,-4,2,-4,-4,3,13,15,4,-4,0,0
1093,1.0,-4,0,0,0,0,2,3,3,1,1,-4,-4,0,,-4,1,0,15300,5,-3,13,2,27648,0,-2
1094,1.0,-4,0,0,0,15,2,2,1,1,1,1,-4,0,,75,1,0,15750,4,15,14,1,44847,0,0
1095,0.0,-4,0,0,1,5,1,2,1,1,1,1,-4,1,1.0,-4,1,0,15750,4,15,14,1,51129,0,0
1096,0.0,-4,0,0,4,0,2,2,1,1,1,-4,-4,0,0.0,-4,2,1,-2500,5,9,11,1,-4,0,0
1097,0.0,200712,1,1,1,8,3,2,5,3,2,5,-4,0,0.0,85,1,0,17000,5,18,13,1,15719,0,0
1098,1.0,-4,0,2,0,6,2,3,4,5,2,-4,-4,0,0.0,-4,2,0,17000,5,18,13,1,24971,0,0
1099,1.0,199411,0,0,0,30,4,3,5,5,5,5,-4,0,0.0,50,2,-4,-4,4,10,12,1,41681,0,0
1100,0.0,199805,0,3,2,6,2,2,5,5,3,5,-4,0,0.0,-4,2,0,2860,3,-3,15,1,42960,0,1
1101,0.0,199608,0,0,0,15,4,4,1,1,1,-4,-4,1,0.0,-4,2,1,8000,11,9,9,1,8325,0,-4
1102,0.0,-4,0,0,0,0,1,1,1,5,2,-4,-4,0,0.0,-4,2,1,8000,11,9,9,1,7270,0,-2
1103,0.0,-4,0,0,3,2,2,2,1,2,1,-4,-4,1,0.0,-4,2,0,7500,6,-3,9,2,14495,0,-2
1104,0.0,199601,0,0,0,8,2,3,5,3,1,3,-4,-3,0.0,0,2,0,121501,5,14,14,4,21080,0,0
1105,0.0,-4,0,0,0,8,2,1,1,1,1,-4,-4,0,0.0,-4,2,0,121501,5,14,14,4,39864,0,0
1106,0.0,199901,1,0,0,4,3,4,5,5,3,4,-4,0,0.0,0,1,1,10290,5,10,12,4,-4,0,-2
1107,0.0,199702,0,0,0,2,2,2,1,1,1,-4,-4,0,0.0,-4,2,1,10290,5,-3,12,4,-4,0,0
1108,1.0,199810,0,0,0,2,2,2,4,2,2,-4,-4,0,0.0,-4,1,0,-8700,4,12,15,3,29364,0,0
1109,1.0,-4,0,0,0,2,2,1,1,1,1,-4,-4,0,0.0,-4,2,0,69500,4,12,13,4,61161,0,0
1110,1.0,-4,0,0,0,0,2,2,4,3,1,2,-4,0,,2,1,0,183900,4,14,14,4,-4,-5,-5
1111,1.0,200804,0,0,6,2,2,2,1,1,1,-4,-4,0,,-4,1,0,183900,4,14,14,4,-4,0,0
1112,1.0,-4,0,0,0,3,2,2,1,1,1,1,-4,0,,1,1,0,336100,4,16,12,4,-4,0,0
1113,1.0,-4,0,1,0,2,2,2,2,2,1,2,-4,0,0.0,0,1,0,83200,3,12,12,4,98827,0,0
1114,1.0,-4,0,0,0,2,2,3,3,2,1,-4,-4,0,0.0,-4,2,0,80750,5,12,12,2,34749,0,0
1115,0.0,200409,0,0,0,2,2,2,4,3,1,-4,-4,0,0.0,-4,1,0,-3,4,16,16,4,70938,-5,-5
1116,1.0,-4,0,0,0,1,2,2,1,1,1,-4,-4,0,0.0,-4,2,0,273500,4,13,17,4,86260,0,0
1117,1.0,200410,1,1,2,1,2,3,1,1,1,-4,-4,0,0.0,-4,1,0,273500,4,13,17,4,47520,0,0
1118,1.0,200006,0,0,0,2,1,4,4,5,1,5,-4,0,1.0,2,2,0,600000,4,12,12,4,91258,0,0
1119,1.0,-4,0,0,0,2,2,2,2,1,1,-4,-4,0,1.0,-4,2,0,600000,4,12,12,2,76267,0,0
1120,1.0,-4,0,0,0,1,2,2,4,3,1,4,-4,0,,5,2,0,391500,3,12,10,4,99132,-5,-5
1121,1.0,-4,0,1,0,10,3,3,3,3,2,-4,-4,0,0.0,-4,2,0,-3,4,12,12,4,-4,-5,-5
1122,1.0,200708,0,0,0,3,2,2,2,3,1,2,-4,0,0.0,2,1,0,401500,4,13,12,4,95644,-5,-5
1123,1.0,-4,0,0,0,1,2,1,1,1,1,-4,-4,0,0.0,-4,2,0,401500,4,13,12,4,70116,0,0
1124,0.0,199411,0,0,2,15,3,3,5,1,1,-4,-4,1,0.0,-4,1,0,4500,4,10,10,2,20702,0,0
1125,0.0,-4,0,0,2,0,3,3,1,1,1,-4,-4,0,0.0,-4,1,0,-3,2,-4,12,1,-4,-5,-5
1126,1.0,-4,0,0,0,8,2,2,3,3,2,4,-4,0,0.0,50,1,-4,-4,6,12,12,1,75659,0,0
1127,1.0,199608,0,0,0,7,2,4,3,3,1,-4,-4,1,0.0,-4,2,0,-45750,6,7,12,1,-4,0,1
1128,1.0,-4,0,0,0,6,1,2,1,1,2,-4,-4,0,0.0,-4,2,0,131001,6,12,13,1,42916,1,1
1129,1.0,199606,0,0,0,3,2,2,1,1,1,-4,-4,0,0.0,-4,1,1,2500,4,12,15,4,94837,0,-2
1130,0.0,-4,0,0,1,3,2,1,1,1,1,-4,-4,0,0.0,-4,1,1,2500,4,12,15,4,77228,0,-2
1131,1.0,201106,0,0,0,3,2,2,2,1,1,-4,-4,0,0.0,-4,1,0,2750,4,12,12,4,24545,0,0
1132,0.0,-4,0,0,1,11,1,2,4,4,2,3,-4,0,,0,2,0,51250,3,12,12,4,5580,0,0
1133,1.0,-4,0,0,0,2,2,2,2,2,1,-4,-4,0,0.0,-4,2,0,109801,4,12,12,4,67804,0,0
1134,0.0,-4,0,0,1,2,2,2,1,1,1,-4,-4,0,,-4,2,0,109801,4,12,12,4,75646,-5,-5
1135,1.0,200407,0,0,0,3,2,2,2,1,1,-4,-4,1,0.0,-4,1,0,-3,5,18,16,4,80559,0,0
1136,,199407,0,7,0,3,3,3,4,4,2,4,-4,1,,20,1,0,152500,3,12,12,4,-4,-5,-5
1137,1.0,-4,0,0,0,1,1,2,1,1,1,-2,-4,1,,0,1,0,-3,3,-4,16,4,-4,-5,-5
1138,1.0,-4,0,0,0,2,2,2,5,3,1,3,-4,0,,10,2,0,-3,4,20,18,4,50223,-5,-5
1139,,-4,0,0,0,2,2,2,1,1,1,-4,-4,0,,-4,2,0,84500,4,13,12,4,-4,-5,-5
1140,1.0,-4,0,0,0,0,1,2,1,1,1,-4,-4,0,0.0,-4,1,0,65750,3,20,18,4,99294,0,0
1141,1.0,-4,0,0,0,2,2,3,2,1,1,-4,-4,0,0.0,-4,1,0,114500,3,12,18,4,-4,-5,-5
1142,0.0,200004,3,0,0,7,2,3,3,2,1,3,-4,0,,25,1,0,2550,4,12,13,4,55647,0,0
1143,1.0,200110,0,0,0,2,1,3,5,4,1,-4,-4,0,0.0,-4,2,0,2550,4,12,13,4,84773,0,0
1144,0.0,201611,0,0,0,20,2,2,3,3,1,-4,-4,0,0.0,-4,2,0,2550,4,12,13,4,56860,0,0
1145,1.0,-4,0,0,0,1,1,2,3,2,1,-4,-4,0,0.0,-4,2,0,112900,4,12,13,4,88647,0,0
1146,1.0,-4,0,0,0,0,2,2,3,1,1,-4,-4,0,0.0,-4,2,0,112900,4,12,13,4,73490,0,0
1147,1.0,-4,0,0,0,0,2,2,2,2,1,1,-4,0,1.0,1,1,0,9400,9,12,11,4,-4,0,0
1148,0.0,-4,0,0,0,4,2,3,4,2,2,2,-4,0,0.0,3,2,0,9400,9,12,11,4,-4,0,0
1149,1.0,-4,0,0,0,0,2,3,3,2,1,-4,-4,0,0.0,-4,2,0,9400,9,12,11,4,-4,0,0
1150,0.0,-4,0,0,0,-2,1,2,1,1,1,-4,-4,1,,-4,1,0,-3,2,14,16,4,64591,0,0
1151,1.0,-4,0,0,0,2,2,2,2,1,1,-4,-4,0,0.0,-4,2,0,63000,5,12,14,4,63074,0,0
1152,0.0,-4,0,1,0,4,3,2,5,4,1,4,-4,0,0.0,15,2,0,28750,4,3,12,2,35676,0,0
1153,0.0,-4,0,0,0,0,2,2,3,2,1,-4,-4,-3,0.0,-4,2,0,28750,4,3,12,2,12720,0,0
1154,1.0,-4,0,0,0,1,2,2,2,1,1,-4,-4,0,0.0,-4,2,0,-3,5,-3,12,4,61185,0,0
1155,1.0,199910,0,0,0,15,2,2,4,2,1,-4,-4,0,0.0,-4,1,0,258500,4,18,14,4,51844,0,0
1156,0.0,-4,0,0,0,0,1,3,1,1,1,-4,-4,0,,-4,2,0,78750,4,16,12,4,20373,-5,-5
1157,0.0,-4,0,0,0,5,1,3,5,3,1,1,-4,1,,30,1,0,-3,4,16,14,2,44559,-5,-5
1158,1.0,-4,0,0,0,4,2,3,4,3,2,3,-4,1,0.0,15,1,0,600000,5,19,17,4,-4,0,0
1159,1.0,-4,0,0,0,13,4,3,2,1,1,1,-4,1,0.0,-4,1,-4,-4,6,16,14,4,-4,0,0
1160,1.0,-4,0,0,0,0,2,1,4,4,1,-4,-4,0,0.0,-4,2,-4,-4,5,16,16,4,-4,0,0
1161,0.0,-4,0,0,0,9,2,2,2,1,1,1,-4,0,0.0,0,1,0,-3,4,12,12,4,26462,0,0
1162,1.0,-4,0,0,0,2,2,2,3,3,1,2,-4,0,0.0,10,1,1,200200,6,12,14,4,85744,-5,-5
1163,1.0,-4,0,0,0,4,2,2,1,1,1,-4,-4,0,0.0,-4,1,0,200200,6,18,12,4,85523,0,0
1164,1.0,200303,0,5,0,3,1,2,2,2,1,-4,-4,1,0.0,-4,1,-4,-4,4,12,12,4,86187,0,0
1165,1.0,-4,0,1,0,8,2,2,4,1,1,-4,-4,0,0.0,-4,2,-4,-4,4,12,12,4,68159,0,0
1166,1.0,199703,0,0,3,10,2,2,4,4,1,3,-4,0,1.0,50,2,-4,-4,3,-3,12,4,-4,-5,-5
1167,0.0,199801,0,1,1,4,2,4,3,3,1,4,-4,0,0.0,2,1,0,308500,6,12,14,4,77174,0,0
1168,0.0,199606,1,0,0,0,3,4,5,3,1,3,-4,-3,0.0,15,1,0,308500,6,12,14,4,28548,-5,-5
1169,1.0,200510,0,0,0,2,2,2,2,2,1,-4,-4,0,0.0,-4,2,0,308500,6,12,14,4,19887,0,0
1170,1.0,-4,0,30,0,0,2,2,4,2,1,3,-4,0,0.0,5,1,0,162500,5,18,12,4,97589,-5,-5
1171,1.0,-4,0,0,0,0,2,2,2,1,1,-4,-4,0,0.0,-4,1,0,162500,5,18,12,4,83906,0,0
1172,0.0,-4,0,0,0,3,2,3,3,1,1,1,-4,0,1.0,0,1,-4,-4,4,12,12,4,-4,-5,-5
1173,1.0,201308,0,3,1,1,2,2,4,3,1,-4,-4,1,0.0,-4,2,-4,-4,4,12,12,4,-4,0,0
1174,1.0,-4,0,0,1,2,2,2,2,2,1,-4,-4,0,1.0,-4,1,0,-3,2,12,12,4,-4,-5,-5
1175,1.0,-4,0,0,0,3,1,2,2,2,1,1,-4,0,0.0,-4,2,0,21700,3,12,14,4,76363,0,0
1176,1.0,-4,0,0,4,10,2,3,3,2,2,-4,-4,0,0.0,-4,1,0,21700,3,12,14,4,11057,-5,-5
1177,1.0,-4,0,0,0,8,2,3,5,2,1,-4,-4,1,,-4,2,-4,-4,5,-4,13,4,-4,-5,-5
1178,1.0,-4,0,0,0,0,2,2,2,3,1,-4,-4,0,0.0,-4,1,0,93300,2,16,12,4,96986,-5,-5
1179,1.0,-4,0,0,0,30,2,3,5,2,1,-4,-4,0,,-4,1,0,116300,4,16,16,4,59301,-5,-5
1180,0.0,-4,0,2,0,29,2,3,3,1,1,-4,-4,1,,-4,1,0,116300,4,16,16,4,79907,-5,-5
1181,1.0,-4,0,0,0,0,2,1,2,-2,-2,-4,-4,0,,-4,2,0,-3,4,13,15,4,98082,-5,-5
1182,0.0,-4,0,0,0,2,2,3,4,4,1,3,-4,0,,30,2,0,62750,5,11,12,4,48873,0,0
1183,0.0,199906,0,0,0,7,2,3,2,1,1,-4,-4,0,0.0,-4,1,0,62750,5,11,12,4,38968,0,0
1184,0.0,199511,2,1,0,14,2,2,3,3,1,3,-4,0,0.0,25,1,0,-3,3,12,13,2,50407,0,0
1185,0.0,199605,1,2,0,7,3,3,3,2,1,-4,-4,0,0.0,-4,1,0,-3,3,12,13,2,92172,0,0
1186,1.0,-4,0,0,0,2,2,3,3,3,1,2,-4,1,0.0,15,1,0,41900,6,12,12,4,87831,0,0
1187,1.0,-4,0,0,0,0,2,2,2,1,1,-4,-4,0,1.0,-4,2,0,41900,6,12,12,2,78417,0,0
1188,1.0,-4,0,0,0,1,2,2,3,1,1,-4,-4,0,1.0,-4,2,0,41900,6,12,12,4,64764,0,0
1189,1.0,-4,0,0,0,2,2,2,4,2,1,1,-4,1,1.0,-4,1,0,99000,4,16,13,4,94937,0,0
1190,1.0,200707,0,1,1,8,2,1,5,4,2,4,-4,0,,30,2,0,54800,3,16,12,2,49608,0,0
1191,0.0,-4,0,1,0,4,2,2,4,3,1,3,-4,0,0.0,0,1,0,143780,4,12,12,4,77237,0,0
1192,0.0,-4,0,3,1,40,2,3,4,3,1,5,-4,1,,40,1,0,4913,3,-4,11,4,59803,-5,-5
1193,1.0,200911,0,0,0,3,1,1,3,1,1,-4,-4,0,0.0,-4,1,0,-3,4,11,12,4,92341,0,0
1194,1.0,201104,2,0,0,2,2,1,3,2,1,-4,-4,0,0.0,-4,2,0,-3,4,11,12,4,93790,0,0
1195,0.0,199805,0,2,2,23,2,2,4,4,3,3,-4,0,1.0,50,1,-4,-4,4,12,-4,4,-4,0,0
1196,0.0,200007,0,0,0,0,2,3,3,3,1,-4,-4,0,,-4,1,-4,-4,7,12,10,4,-4,0,0
1197,0.0,200406,0,3,0,1,1,1,2,1,2,-4,-4,1,,-4,2,-4,-4,7,12,10,4,-4,0,0
1198,0.0,-4,0,1,0,7,2,2,-4,-4,-4,-4,-4,0,1.0,0,1,0,191000,5,-4,12,4,2924,0,0
1199,0.0,200511,2,10,0,1,2,2,5,3,1,-4,-4,0,1.0,-4,1,0,191000,5,-4,12,4,91272,0,1
1200,0.0,199305,0,0,0,13,2,2,4,3,2,2,-4,0,0.0,30,2,0,18500,5,-4,10,4,17374,0,-4
1201,1.0,199605,1,15,4,10,2,2,4,4,5,-4,-4,0,,-4,1,0,18500,5,-4,10,4,21345,0,-2
1202,0.0,199903,2,0,0,5,2,3,1,2,2,4,-4,1,,0,1,0,-3,4,11,12,1,24292,0,0
1203,0.0,-4,0,0,0,4,2,2,1,1,1,1,-4,0,0.0,0,2,1,500,8,-3,10,1,1591,0,0
1204,0.0,-4,0,0,0,4,1,1,1,1,1,-4,-4,0,1.0,-4,1,1,500,8,-3,10,1,10415,0,0
1205,1.0,-4,0,0,0,7,2,3,3,4,2,4,-4,0,,50,2,0,47500,3,-3,15,1,69265,0,0
1206,0.0,201910,0,3,0,12,1,4,4,5,3,-4,-4,0,0.0,-4,2,0,7800,4,12,13,1,45529,0,0
1207,1.0,200310,0,0,0,3,2,2,2,2,1,2,-4,0,,-4,1,-4,-4,3,14,12,1,-4,0,0
1208,1.0,199703,0,0,2,15,2,3,4,2,4,-4,-4,0,0.0,-4,1,0,37500,5,-4,13,1,19891,0,0
1209,0.0,200502,1,5,1,5,3,2,3,1,2,-4,-4,0,0.0,-4,2,0,500,6,-3,12,1,5778,0,0
1210,0.0,200201,1,10,0,5,4,2,1,1,1,-4,-4,0,0.0,-4,1,0,500,6,-3,12,1,5207,0,1
1211,0.0,-4,0,0,0,5,4,3,4,3,3,5,-4,0,,0,1,0,750,5,-3,11,1,17238,0,0
1212,0.0,-4,0,1,0,2,1,3,5,4,1,-4,-4,0,0.0,-4,2,0,750,5,-3,11,1,15333,0,-4
1213,0.0,200103,0,20,0,2,3,4,5,1,1,-4,-4,0,,-4,1,0,750,5,-3,11,1,11276,-5,-5
1214,0.0,-4,0,0,0,0,2,3,1,1,2,-4,-4,0,0.0,-4,1,0,5155,3,-3,11,1,2675,0,-2
1215,1.0,-4,0,0,0,0,2,1,1,2,1,3,-4,0,0.0,20,1,-4,-4,4,-3,11,1,-4,0,0
1216,1.0,-4,0,0,0,2,2,2,1,1,1,1,-4,1,,-4,2,-4,-4,4,-3,11,1,-4,0,0
1217,0.0,200809,0,0,0,5,2,2,5,5,1,4,-4,0,0.0,0,1,0,11300,3,-3,11,1,22537,0,-4
1218,0.0,-4,0,0,0,0,2,2,4,4,2,-4,-4,0,0.0,-4,1,0,18750,4,-4,12,1,24370,0,0
1219,0.0,-4,0,3,3,30,2,2,1,1,1,-4,-4,0,,-4,1,0,7500,5,-3,12,1,4440,0,0
1220,1.0,-4,0,0,0,8,2,2,3,1,2,3,-4,0,0.0,0,2,0,7500,4,-3,12,1,-4,0,0
1221,0.0,-4,0,0,0,0,2,2,1,2,2,2,-4,0,,0,1,-4,-4,4,-3,12,1,-4,-5,-5
1222,0.0,199804,1,1,1,8,2,1,2,1,1,-4,-4,0,0.0,-4,1,0,38650,3,16,13,1,13782,0,0
1223,1.0,199805,0,0,0,19,2,2,4,4,1,4,-4,0,,-2,2,0,19500,3,10,15,1,73106,0,0
1224,0.0,-4,0,0,1,10,2,2,3,2,2,2,-4,0,1.0,0,1,1,7200,4,-3,12,1,-4,0,0
1225,1.0,-4,0,0,0,5,2,2,3,2,2,-2,-4,0,0.0,0,2,0,-3,4,12,13,1,29731,-5,-5
1226,1.0,-4,0,0,0,4,2,2,3,3,1,3,-4,0,0.0,20,1,0,-3,5,12,15,1,57412,0,0
1227,1.0,-4,0,0,0,2,2,2,1,1,1,-4,-4,0,1.0,-4,2,0,600000,4,20,16,3,73604,0,0
1228,1.0,-4,0,3,0,0,2,4,3,3,1,1,-4,0,0.0,5,1,0,245000,4,14,14,4,56036,0,0
1229,1.0,-4,0,0,0,2,1,1,1,1,1,-4,-4,0,0.0,-4,2,0,208601,5,14,14,4,46246,0,0
1230,1.0,200006,0,0,1,0,3,3,2,1,2,-4,-4,0,,-4,1,0,195000,4,12,16,4,82549,-5,-5
1231,1.0,-4,0,0,0,0,2,3,3,4,1,3,-4,0,0.0,5,1,0,537500,4,18,17,4,90950,0,0
1232,1.0,-4,0,0,0,0,2,2,4,3,1,-4,-4,0,0.0,-4,1,0,537500,4,18,17,4,39201,0,0
1233,1.0,200410,0,0,0,0,1,2,1,1,1,-4,-4,0,0.0,-4,1,0,600000,4,18,18,4,86220,0,0
1234,1.0,-4,0,0,0,7,2,2,1,1,1,-4,-4,1,0.0,-4,1,0,-3,4,17,16,4,93480,0,0
1235,1.0,-4,0,0,0,0,1,1,1,1,1,-4,-4,0,0.0,-4,1,0,600000,5,16,16,4,92624,0,0
1236,1.0,-4,0,0,0,5,2,2,2,1,1,-4,-4,1,,-4,1,0,600000,3,13,13,4,-4,-5,-5
1237,1.0,-4,0,0,0,7,1,2,1,1,1,-4,-4,0,0.0,-4,1,0,600000,3,14,19,4,44271,0,0
1238,0.0,200512,0,0,0,0,2,2,1,1,1,-4,-4,0,0.0,-4,2,0,214501,6,12,14,4,-4,-5,-5
1239,1.0,-4,0,0,0,2,2,2,2,1,1,-4,-4,0,0.0,-4,1,0,484501,4,16,20,4,98479,0,0
1240,1.0,200212,0,0,0,1,2,1,3,2,1,-4,-4,0,0.0,-4,1,0,522000,4,18,16,4,49811,0,0
1241,1.0,-4,0,0,0,7,2,2,2,2,1,-2,-4,0,0.0,5,2,0,600000,4,14,12,4,88002,0,0
1242,1.0,-4,0,0,0,1,2,2,1,1,1,-4,-4,1,,-4,2,0,293500,5,18,16,4,-4,-5,-5
1243,1.0,-4,0,1,1,4,1,1,1,1,1,-4,-4,1,0.0,-4,2,0,199000,4,20,20,4,-4,-5,-5
1244,1.0,-4,0,3,0,1,1,1,5,3,2,2,-4,0,,10,1,0,600000,5,20,16,4,-4,-5,-5
1245,1.0,-4,0,0,0,4,2,1,3,3,2,2,-4,0,,0,2,0,425101,4,13,16,4,88832,0,0
1246,0.0,-4,0,0,0,0,3,4,3,2,4,-2,-4,0,0.0,0,2,0,179950,8,17,17,4,3750,0,0
1247,1.0,-4,0,0,0,3,2,2,3,3,1,2,-4,0,0.0,-4,1,0,179950,8,17,17,4,100000,0,0
1248,1.0,-4,0,0,0,3,2,1,-2,1,1,-4,-4,0,0.0,-4,2,0,179950,8,17,17,4,74027,-5,-5
1249,1.0,-4,0,0,0,14,2,3,4,3,1,2,-4,0,0.0,2,2,0,304500,4,16,14,4,37433,0,0
1250,1.0,-4,0,25,0,3,1,2,2,1,1,-4,-4,1,0.0,-4,1,0,304500,4,16,14,4,73351,0,0
1251,1.0,-4,0,0,0,7,2,2,3,2,1,2,-4,0,0.0,5,1,0,217250,6,16,16,4,87686,0,0
1252,0.0,-4,0,20,0,7,3,2,3,1,1,1,-4,1,0.0,-4,1,0,217250,6,-3,14,2,74940,0,0
1253,1.0,-4,0,0,0,1,2,3,2,1,1,-4,-4,0,0.0,-4,2,0,112300,4,16,14,4,63285,0,0
1254,1.0,-4,0,0,0,4,2,3,3,3,1,-4,-4,0,0.0,-4,2,-4,-4,4,16,16,4,100000,0,0
1255,,-4,0,1,0,7,4,3,5,4,1,4,-4,0,,-4,1,-4,-4,4,13,10,4,-4,-5,-5
1256,0.0,199907,1,0,1,5,2,2,4,4,2,-4,-4,0,,-4,2,-4,-4,4,13,10,4,-4,0,0
1257,0.0,-4,0,3,0,5,2,1,5,2,2,-4,-4,0,,-4,2,0,24700,4,12,11,4,10048,0,0
1258,1.0,-4,0,0,0,10,3,3,4,3,1,-4,-4,1,1.0,-4,2,1,-3,3,-4,13,4,20099,-5,-5
1259,0.0,-4,0,2,0,4,3,3,4,2,2,-4,-4,1,0.0,-4,1,1,-3,3,-4,13,4,13216,-5,-5
1260,0.0,199005,0,30,1,28,3,3,5,3,1,-4,-4,1,1.0,-4,1,0,17500,4,10,12,4,-4,0,0
1261,1.0,199903,0,0,0,5,2,2,4,4,1,2,-4,0,0.0,0,1,0,36200,6,13,12,4,13241,0,0
1262,1.0,-4,0,0,0,5,1,2,1,1,1,-4,-4,0,0.0,-4,1,0,36200,6,13,12,4,20881,0,0
1263,1.0,-4,0,0,0,9,2,2,1,1,1,-4,-4,0,0.0,-4,1,0,-3,6,14,14,4,-4,0,0
1264,1.0,200809,0,0,0,0,2,2,1,1,1,-4,-4,1,0.0,-4,1,0,36650,4,11,12,4,21211,0,0
1265,1.0,-4,0,0,0,4,2,3,4,4,2,2,-4,0,0.0,2,2,0,241400,4,12,13,4,68369,0,0
1266,1.0,200208,0,4,2,1,2,2,4,2,1,-4,-4,1,1.0,-4,2,-4,-4,4,9,12,4,52341,0,1
1267,1.0,200303,0,0,0,0,2,1,2,2,1,1,-4,1,0.0,0,1,0,600000,4,16,14,4,98145,0,0
1268,1.0,-4,0,0,0,6,1,1,5,5,1,5,-4,0,0.0,50,2,0,129450,3,12,13,4,20327,-5,-5
1269,1.0,199909,0,0,0,10,1,2,5,5,1,4,-4,0,,50,2,0,129450,3,12,13,4,84812,0,0
1270,1.0,200006,0,0,0,0,1,1,4,3,2,3,-4,1,1.0,5,1,0,210500,4,16,13,4,80050,0,0
1271,1.0,-4,0,0,0,5,3,3,5,4,2,1,-4,0,0.0,-4,2,-4,-4,5,10,11,4,-4,0,0
1272,0.0,200910,1,0,2,6,3,1,5,5,1,5,-4,0,,10,1,0,39000,4,-3,12,4,-4,0,-4
1273,0.0,-4,0,0,0,3,4,3,5,5,1,4,-4,0,1.0,0,1,0,32500,4,12,13,4,49199,-5,-5
1274,0.0,-4,0,10,0,12,3,3,3,3,2,3,-4,0,,50,2,-4,-4,4,12,12,4,72045,-5,-5
1275,0.0,200201,1,0,0,2,2,2,5,3,2,-4,-4,0,0.0,-4,2,0,69000,4,12,11,4,-4,0,0
1276,1.0,-4,0,0,0,5,1,2,5,5,1,2,-4,0,0.0,0,2,0,274530,5,12,-3,4,26848,0,0
1277,1.0,200812,0,0,0,3,2,2,3,2,1,-4,-4,0,0.0,-4,1,-4,-4,5,12,-3,4,45781,0,0
1278,1.0,-4,0,0,0,2,1,1,1,1,1,1,-4,0,0.0,-4,1,0,239001,5,13,12,4,89933,0,0
1279,1.0,201311,0,1,0,0,2,1,2,1,1,1,-4,0,1.0,-4,1,0,239001,5,13,12,4,83174,0,0
1280,0.0,200407,0,0,0,1,1,2,2,1,1,-4,-4,0,,-4,1,0,-3,4,3,10,2,58832,-5,-5
1281,1.0,200306,0,0,0,0,2,2,1,1,1,-4,-4,0,0.0,-4,1,0,211500,5,12,13,4,87092,0,0
1282,1.0,-4,0,0,0,4,2,1,3,2,1,2,-4,0,0.0,10,2,0,300700,3,12,12,4,93868,0,0
1283,0.0,-4,0,0,0,7,2,2,-2,-2,1,-4,-4,0,0.0,-4,1,0,300700,3,12,12,4,84853,-5,-5
1284,1.0,199811,0,0,1,11,2,4,3,3,2,2,-4,0,0.0,70,1,0,89900,6,14,-3,4,-4,0,0
1285,1.0,-4,0,0,0,7,2,3,3,4,1,2,-4,0,0.0,10,2,0,600000,5,20,12,4,-4,0,0
1286,1.0,-4,0,0,0,5,1,1,1,1,1,-4,-4,1,1.0,-4,1,0,251250,5,19,16,4,86944,0,0
1287,0.0,200103,3,7,0,1,1,1,1,1,1,-4,-4,1,0.0,-4,1,0,155620,2,12,11,4,59198,0,0
1288,1.0,-4,0,0,0,3,2,3,1,1,1,-4,-4,0,1.0,-4,1,0,253500,3,16,17,4,89647,0,0
1289,1.0,-4,0,1,0,0,2,2,2,3,1,1,-4,0,,5,1,0,600000,3,16,16,4,-4,-5,-5
1290,1.0,-4,0,0,0,2,2,1,2,2,1,1,-4,0,0.0,0,2,0,-3,6,18,16,4,78566,0,0
1291,1.0,-4,0,2,0,1,3,3,3,3,1,3,-4,1,1.0,5,1,0,383500,4,16,13,4,-4,0,0
1292,1.0,-4,0,0,0,0,2,4,3,2,1,-4,-4,0,1.0,-4,2,0,247500,4,15,15,4,32744,0,0
1293,0.0,-4,0,0,0,4,2,2,2,1,1,3,-4,1,0.0,1,1,1,355250,3,13,12,4,77914,-5,-5
1294,0.0,-4,0,0,0,5,1,2,1,1,1,-4,-4,0,0.0,-4,1,0,445002,4,16,16,4,58640,0,0
1295,1.0,-4,0,0,0,5,2,3,4,4,1,2,-4,1,1.0,20,2,0,600000,3,16,18,4,78654,-5,-5
1296,1.0,-4,0,0,0,1,2,1,3,1,1,-4,-4,0,0.0,-4,2,-4,-4,4,18,17,1,83738,0,0
1297,1.0,-4,0,0,0,2,2,2,4,4,2,3,-4,0,0.0,5,1,0,-3,4,18,16,4,54161,0,0
1298,0.0,200301,0,0,1,0,3,4,5,5,1,4,-4,0,1.0,50,1,0,201201,4,-3,17,1,7582,0,-4
1299,1.0,-4,0,0,0,4,3,2,1,1,1,-4,-4,0,0.0,-4,1,0,-3,6,16,16,4,22869,-5,-5
1300,1.0,-4,0,0,0,1,2,2,1,1,1,-4,-4,0,0.0,-4,1,0,-3,6,16,16,4,73902,-5,-5
1301,1.0,-4,0,0,0,0,2,2,1,1,1,-4,-4,1,0.0,-4,1,0,174000,4,15,12,4,33169,0,0
1302,1.0,-4,0,0,0,3,2,2,3,2,1,2,-4,0,,0,2,0,-3,6,14,12,4,80862,0,0
1303,1.0,-4,0,0,0,1,2,2,1,1,1,-4,-4,0,,-4,2,0,-3,6,14,12,4,83275,0,0
1304,1.0,-4,0,0,0,3,2,2,4,3,3,2,-4,0,0.0,0,1,0,171001,3,12,19,4,85914,0,-4
1305,1.0,-4,0,0,0,2,2,2,4,3,1,2,-4,0,0.0,2,1,0,171001,3,12,19,4,93123,0,0
1306,1.0,-4,0,0,0,3,2,2,3,3,2,2,-4,0,0.0,5,2,0,211500,3,13,13,4,75071,0,0
1307,1.0,-4,0,0,0,2,2,2,2,1,1,-4,-4,0,0.0,-4,2,0,211500,3,13,13,4,50498,0,0
1308,1.0,-4,0,0,0,2,2,2,2,2,1,-4,-4,0,0.0,-4,2,0,600000,5,16,17,4,94901,0,0
1309,1.0,200112,0,0,0,5,2,3,4,1,1,1,-4,0,,-4,2,0,518500,3,14,15,4,88293,0,0
1310,0.0,199701,1,0,0,16,2,2,3,4,1,3,-4,0,0.0,100,1,0,21840,3,11,14,4,-4,0,0
1311,1.0,-4,0,0,0,6,2,2,3,3,1,3,-4,0,0.0,0,2,0,377500,4,-4,12,4,-4,0,0
1312,1.0,-4,0,0,0,3,2,3,4,4,1,4,-4,0,1.0,10,2,0,-3,7,15,14,4,17236,0,0
1313,1.0,-4,0,3,0,1,2,2,3,2,1,-4,-4,0,0.0,-4,2,0,-3,7,15,14,4,85180,-5,-5
1314,1.0,-4,0,0,0,2,2,2,3,2,1,-4,-4,0,0.0,-4,2,0,77300,2,12,16,4,69377,0,0
1315,0.0,-4,0,0,0,1,2,3,3,2,1,4,-4,0,1.0,15,2,0,189500,5,2,12,4,78297,0,0
1316,1.0,-4,0,1,0,2,2,3,3,2,1,-4,-4,0,,-4,2,0,189500,5,2,12,4,37357,-5,-5
1317,1.0,-4,0,0,0,4,1,2,4,3,2,3,-4,0,,-4,2,0,64450,4,10,12,4,35721,-5,-5
1318,1.0,-4,0,1,0,4,1,1,4,1,2,-4,-4,0,1.0,-4,1,0,31980,4,12,10,4,3271,0,0
1319,1.0,-4,0,1,0,2,2,1,3,1,1,-4,-4,0,0.0,-4,2,0,21850,4,11,12,4,50494,0,0
1320,0.0,200411,0,0,0,3,2,2,3,2,1,3,-4,0,0.0,1,1,0,187000,6,14,13,4,33617,0,0
1321,0.0,-4,0,0,0,2,3,2,3,1,1,-4,-4,0,0.0,-4,1,0,187000,6,14,13,4,23247,0,0
1322,1.0,-4,0,0,0,1,2,2,4,1,1,-4,-4,0,0.0,-4,2,0,45000,4,18,14,4,95321,0,0
1323,1.0,-4,0,5,1,5,2,2,1,1,1,-4,-4,1,0.0,-4,1,0,104550,6,13,14,2,94021,0,0
1324,1.0,-4,0,0,0,6,2,3,5,5,4,5,-4,0,,0,2,1,8650,4,12,12,1,-4,0,0
1325,1.0,-4,0,0,0,4,2,1,1,-2,-2,-4,-4,0,0.0,-4,2,0,-3,2,20,16,1,83215,0,0
1326,0.0,199610,0,4,0,3,2,2,2,1,2,-4,-4,0,0.0,-4,1,-2,17848,3,9,12,4,33716,0,0
1327,0.0,200304,0,1,0,5,2,2,3,2,4,2,-4,0,,0,2,0,6250,4,12,12,4,-4,-5,-5
1328,1.0,-4,0,0,0,0,4,2,2,3,1,5,-4,0,0.0,50,2,0,88000,2,10,14,1,51977,0,0
1329,0.0,200609,0,4,0,10,3,3,4,2,5,5,-4,0,0.0,10,2,0,1500,4,12,12,2,30896,0,-4
1330,1.0,-4,0,0,0,2,2,1,4,4,1,-4,-4,0,,-4,2,0,392500,4,18,17,4,96354,0,0
1331,1.0,-4,0,0,0,1,1,2,2,1,1,-4,-4,0,0.0,-4,2,0,-3,5,18,16,4,78967,-5,-5
1332,1.0,-4,0,0,0,4,2,1,3,2,1,2,-4,0,,10,1,-4,-4,4,16,12,4,74174,0,0
1333,1.0,-4,0,0,0,10,1,2,2,2,1,-4,-4,0,,-4,2,-4,-4,4,16,12,4,57193,-5,-5
1334,1.0,-4,0,0,0,4,1,4,2,3,1,1,-4,0,,50,2,0,-3,2,20,18,4,-4,0,0
1335,1.0,-4,0,0,0,4,2,3,2,2,1,1,-4,0,0.0,5,1,0,600000,5,18,16,4,88801,0,0
1336,1.0,-4,0,0,0,1,2,2,1,1,1,-4,-4,0,0.0,-4,1,0,600000,5,18,16,4,79563,0,0
1337,1.0,-4,0,0,0,3,2,2,2,1,2,-4,-4,0,,-4,2,0,315751,4,16,16,4,88993,-5,-5
1338,1.0,-4,0,0,0,3,2,2,2,2,1,1,-4,0,0.0,3,2,0,-3,4,16,15,4,95328,0,0
1339,1.0,199802,0,0,0,5,2,1,3,4,1,3,-4,0,,5,1,0,600000,4,17,13,4,48055,0,0
1340,,-4,0,0,0,5,2,1,1,1,1,-4,-4,0,,-4,2,0,600000,4,17,13,4,78330,-5,-5
1341,1.0,200305,0,0,1,3,2,2,3,2,2,-4,-4,0,0.0,-4,1,0,-3,4,19,18,4,87617,0,0
1342,1.0,-4,0,0,0,0,2,2,2,2,1,2,-4,0,0.0,40,1,0,112900,4,12,12,4,53759,0,0
1343,1.0,199612,0,0,0,1,3,3,4,5,1,3,-4,0,0.0,50,1,0,136500,4,16,16,4,-4,0,0
1344,0.0,-4,0,0,0,3,1,1,2,1,1,-4,-4,0,0.0,-4,2,0,136500,4,16,16,4,41100,0,0
1345,1.0,-4,0,0,0,0,2,3,1,1,1,2,-4,0,,50,2,0,-3,2,16,17,1,77458,0,0
1346,1.0,-4,0,5,1,0,2,2,3,1,2,-4,-4,0,,-4,1,-1,-3,4,13,14,1,-4,-5,-5
1347,1.0,200202,0,0,0,8,1,1,3,2,1,-4,-4,0,0.0,-4,2,0,451650,4,14,12,4,98307,0,0
1348,1.0,-4,0,0,0,0,2,2,1,1,1,1,-4,0,,0,1,0,64800,4,16,12,4,74557,-5,-5
1349,1.0,-4,0,1,0,2,2,3,4,2,3,-4,-4,1,0.0,-4,1,0,-3,4,18,16,4,37574,0,0
1350,0.0,200002,0,0,2,2,2,2,1,1,1,-4,-4,0,0.0,-4,2,0,3850,4,5,10,2,9073,0,0
1351,1.0,200804,0,0,0,0,4,1,1,1,1,1,-4,0,0.0,0,1,0,7500,5,4,-3,2,18436,0,0
1352,0.0,201312,1,0,0,0,2,2,1,1,1,-4,-4,0,0.0,-4,1,0,7500,5,4,-3,2,4204,-5,-5
1353,1.0,-4,0,1,0,0,2,2,1,1,1,-4,-4,0,0.0,-4,1,0,7500,5,4,-3,2,14176,0,0
1354,0.0,-4,0,-4,-4,-4,2,2,1,1,1,1,-4,0,,0,2,-4,-4,5,-4,-3,2,9979,-5,-5
1355,0.0,200103,0,0,0,60,2,2,1,1,2,1,-4,0,,0,2,-4,-4,5,-3,-3,2,11450,-5,-5
1356,0.0,-4,0,0,0,2,2,1,1,1,1,2,-4,0,,10,2,1,3000,7,5,4,2,-4,0,1
1357,1.0,-4,0,0,0,1,1,1,1,1,3,-4,-4,0,0.0,-4,2,1,3000,7,5,4,2,-4,0,0
1358,1.0,-4,0,0,0,2,1,1,1,1,2,-4,-4,0,0.0,-4,2,1,3000,7,5,4,2,-4,0,0
1359,1.0,-4,0,0,0,0,3,2,3,3,2,2,-4,1,1.0,0,1,0,4750,3,15,13,1,-4,0,-2
1360,1.0,199509,0,0,0,0,1,2,2,1,1,1,-4,-3,0.0,5,1,0,600000,4,16,12,2,87685,0,0
1361,1.0,-4,0,0,0,1,2,2,1,1,1,-4,-4,0,0.0,-4,1,0,600000,4,16,12,4,95761,0,0
1362,0.0,-4,0,2,0,5,2,1,5,5,5,4,-4,1,0.0,75,2,0,9650,3,18,20,4,74128,0,0
1363,0.0,-4,0,0,0,2,2,2,4,2,1,3,-4,0,,0,1,0,75300,5,-3,15,2,-4,0,-4
1364,1.0,-4,0,0,0,3,2,2,5,2,2,3,-4,0,0.0,0,1,0,-3,5,10,12,4,20042,0,1
1365,0.0,-4,0,0,0,1,2,2,1,1,1,1,-4,0,,-4,1,0,1750,4,-3,3,2,-4,-5,-5
1366,1.0,-4,0,0,2,9,1,1,4,2,1,3,-4,0,0.0,0,1,0,58000,5,12,12,2,-4,0,0
1367,1.0,-4,0,0,0,3,2,4,1,1,1,-4,-4,0,0.0,-4,1,0,56000,4,12,14,4,93929,0,0
1368,0.0,-4,0,0,0,0,2,1,2,1,1,-4,-4,0,0.0,-4,2,0,-33700,5,9,12,2,20468,0,0
1369,1.0,-4,0,2,0,0,2,2,1,1,1,3,-4,0,0.0,25,2,0,12750,4,12,13,4,96337,0,0
1370,1.0,-4,0,0,0,2,2,2,3,1,1,-4,-4,0,0.0,-4,2,0,80000,4,16,16,4,-4,0,0
1371,1.0,202211,0,0,0,1,2,2,2,1,1,1,-4,1,,10,1,0,-3,5,16,16,4,99393,0,0
1372,1.0,-4,0,0,0,1,2,2,2,1,2,-4,-4,0,,-4,2,0,-3,5,16,16,4,75604,-5,-5
1373,1.0,-4,0,0,1,0,2,2,2,2,1,-4,-4,0,0.0,-4,1,0,398750,4,16,12,4,96334,0,0
1374,0.0,200505,2,5,1,5,2,1,4,2,1,3,-4,1,0.0,-4,1,0,22500,7,9,12,4,-4,0,0
1375,0.0,201502,1,2,0,3,2,2,1,1,1,-4,-4,-2,0.0,-4,2,0,22500,7,-3,8,4,-4,0,1
1376,1.0,-4,0,0,0,5,2,2,4,3,1,3,-4,1,0.0,50,1,0,-3,6,-4,16,4,-4,0,1
1377,0.0,-4,0,0,0,2,2,2,1,1,1,-4,-4,1,0.0,-4,1,0,42000,4,12,12,4,680,0,0
1378,0.0,200106,1,0,0,10,2,2,2,1,1,-4,-4,0,0.0,-4,1,0,12500,4,-3,12,4,17614,0,0
1379,1.0,-4,0,0,0,2,2,2,1,1,1,-4,-4,0,0.0,-4,2,0,12500,4,-3,12,4,10166,0,0
1380,1.0,-4,0,0,0,1,2,4,4,2,3,3,-4,1,0.0,25,2,0,128501,5,12,12,4,-4,0,0
1381,,-4,0,0,0,0,2,1,2,1,1,-4,-4,0,,-4,1,0,32750,2,12,12,4,-4,-5,-5
1382,0.0,199905,5,1,1,3,2,2,3,1,1,-4,-4,0,0.0,-4,1,0,155000,4,12,18,4,77235,0,0
1383,0.0,-4,0,10,0,10,2,4,2,1,2,-4,-4,1,0.0,-4,1,0,9250,6,11,14,4,-4,-5,-5
1384,0.0,-4,0,0,0,4,2,2,3,1,5,-4,-4,1,0.0,-4,2,0,5500,2,-3,12,4,-4,0,0
1385,0.0,199701,1,0,0,9,2,2,1,1,1,-4,-4,1,0.0,-4,2,0,3550,2,-3,12,4,-4,0,-2
1386,0.0,-4,0,0,0,15,2,2,1,1,1,1,-4,0,0.0,0,2,0,500,6,-3,12,2,19213,0,0
1387,0.0,-4,0,0,0,-2,2,2,1,1,1,-4,-4,0,0.0,-4,2,0,500,6,-3,12,2,13736,0,0
1388,0.0,-4,0,1,0,1,2,3,1,1,3,-4,-4,0,0.0,-4,2,0,500,6,-3,12,2,8872,0,0
1389,0.0,-4,0,0,0,0,4,1,5,4,5,5,-4,0,,0,2,0,1585,5,-3,9,4,5981,-5,-5
1390,1.0,-4,0,0,0,1,1,1,1,1,1,-4,-4,0,0.0,-4,1,-4,-4,5,11,11,4,30273,0,0
1391,0.0,-4,0,0,0,3,2,2,2,3,3,3,-4,1,1.0,50,2,0,238001,10,4,5,2,-4,-5,-5
1392,1.0,-4,0,0,0,10,2,2,3,2,4,3,-4,0,0.0,0,2,0,238001,10,5,4,2,23372,0,0
1393,0.0,-4,0,0,0,-2,2,2,2,1,1,-4,-4,0,0.0,-4,2,0,238001,10,5,4,2,6740,0,0
1394,0.0,200604,1,8,1,5,2,3,1,1,3,-4,-4,0,0.0,-4,1,0,51751,5,12,12,1,15021,0,0
1395,0.0,199807,-3,0,1,1,1,1,2,-2,1,-4,-4,0,0.0,-4,1,0,6150,4,-3,12,1,5648,-5,-5
1396,0.0,200101,0,0,2,2,2,2,1,1,3,-4,-4,0,0.0,-4,1,0,6150,4,-3,12,1,961,0,0
1397,0.0,199609,4,1,4,6,2,2,5,2,5,-4,-4,1,0.0,-4,1,0,10500,7,-3,-3,1,10056,0,0
1398,0.0,200711,1,-4,-4,-4,2,1,2,5,5,5,-4,0,1.0,50,2,0,21250,5,12,12,1,3068,0,-2
1399,0.0,-4,0,2,0,-2,3,2,1,1,5,-4,-4,0,0.0,-4,2,1,33300,3,11,13,1,26045,0,0
1400,1.0,200808,1,0,0,3,2,3,3,3,3,4,-4,0,0.0,30,1,0,500,8,-4,12,1,47984,0,0
1401,0.0,200701,0,0,1,2,2,2,2,1,1,-4,-4,0,0.0,-4,1,0,500,8,-4,12,1,43999,0,0
1402,1.0,-4,0,0,0,0,1,3,1,1,1,-4,-4,0,0.0,-4,1,0,164000,3,14,12,4,-4,0,0
1403,0.0,-4,0,0,0,0,1,2,3,3,2,3,-4,0,,15,2,0,63550,3,15,12,4,30616,0,0
1404,1.0,-4,0,0,0,-2,2,1,1,1,2,-4,-4,0,,-4,1,0,63550,3,15,12,4,50768,-5,-5
1405,0.0,199505,0,0,10,4,1,3,4,4,1,4,-4,0,,-4,1,0,11800,3,12,12,4,-4,-5,-5
1406,1.0,-4,0,0,0,0,1,2,1,1,1,-4,-4,0,1.0,-4,1,0,218500,4,12,12,4,82151,0,0
1407,1.0,-4,0,0,0,0,2,3,1,1,1,-4,-4,1,1.0,-4,1,0,184501,4,18,14,4,44213,0,0
1408,1.0,200109,0,0,0,20,2,2,4,4,1,3,-4,0,,80,1,0,-3,3,16,12,4,-4,-5,-5
1409,1.0,199602,8,0,0,4,2,3,2,2,1,2,-4,1,1.0,-4,1,1,80500,5,-3,-3,4,-4,-5,-5
1410,1.0,199602,0,0,0,15,2,3,4,5,1,4,-4,-3,0.0,10,2,0,121500,4,18,16,4,65409,0,0
1411,1.0,-4,0,0,0,0,2,2,4,4,1,2,-4,0,0.0,0,2,0,210501,4,17,20,4,75344,0,0
1412,1.0,-4,0,0,0,1,2,2,1,1,1,-4,-4,0,0.0,-4,2,0,210501,4,17,20,4,84423,0,0
1413,1.0,200110,0,0,0,1,2,2,1,1,1,-4,-4,0,0.0,-4,2,0,17750,4,12,13,2,-4,0,0
1414,1.0,199908,0,0,0,4,2,3,4,2,1,-4,-4,0,0.0,-4,2,0,-3,5,14,12,4,-4,0,0
1415,0.0,-4,0,0,0,3,2,2,5,3,1,-4,-4,0,,-4,2,0,64000,5,10,12,4,34335,0,0
1416,1.0,199507,0,0,0,0,2,2,2,3,3,-4,-4,1,0.0,-4,2,-4,-4,5,12,12,4,71954,0,0
1417,0.0,200012,0,0,0,2,2,2,1,1,1,-4,-4,0,,-4,1,0,114500,4,11,11,4,-4,-5,-5
1418,0.0,-4,0,0,0,2,3,2,3,1,3,-4,-4,0,1.0,-4,1,0,9250,5,12,12,4,25902,0,0
1419,0.0,-4,0,0,0,2,3,2,5,2,1,-4,-4,0,0.0,-4,2,0,-10550,3,9,12,4,2790,0,0
1420,0.0,199911,0,5,0,4,3,3,3,2,1,-4,-4,1,0.0,-4,2,0,-10550,3,9,12,4,47397,-5,-5
1421,1.0,-4,0,0,1,2,1,2,2,1,2,-4,-4,0,0.0,-4,1,0,600000,4,20,18,4,96147,0,0
1422,1.0,-4,0,0,0,4,3,3,4,2,2,5,-4,1,0.0,-4,2,0,-3,2,12,16,1,59644,0,1
1423,1.0,-4,0,0,0,3,2,2,3,2,3,-4,-4,0,0.0,-4,2,0,105000,4,15,12,1,49276,-5,-5
1424,0.0,199808,0,0,2,-2,1,2,5,5,2,-4,-4,0,0.0,-4,2,0,1250,5,-4,12,1,1069,0,0
1425,0.0,199004,0,0,0,-2,2,2,5,4,3,5,-4,1,0.0,50,1,-4,-4,6,12,-4,1,8770,0,0
1426,0.0,201007,0,0,0,-2,2,2,4,4,3,-4,-4,0,0.0,-4,1,0,6250,6,-4,-4,1,3223,0,-4
1427,0.0,-4,0,0,0,2,2,3,1,1,1,-4,-4,1,0.0,-4,2,-4,-4,6,12,-4,1,841,0,0
1428,0.0,-4,0,-4,-4,-4,4,3,5,-2,4,5,-4,0,0.0,50,2,0,-3,6,-4,12,1,6732,0,-2
1429,1.0,-4,0,0,0,2,2,2,2,4,1,2,-4,0,,25,2,0,196700,4,16,14,4,56251,0,0
1430,1.0,-4,0,0,0,2,2,2,1,1,1,-4,-4,0,,-4,2,0,196700,4,16,14,4,65843,0,0
1431,1.0,-4,0,3,0,3,2,2,4,4,1,4,-4,1,,5,1,0,170500,5,18,18,4,33549,0,0
1432,1.0,-4,0,2,0,1,2,2,4,3,1,-4,-4,1,0.0,-4,2,0,170500,5,18,18,4,58124,0,0
1433,1.0,-4,0,0,0,1,2,3,1,1,2,-4,-4,0,0.0,-4,2,0,170500,5,18,18,4,77559,0,0
1434,1.0,-4,0,0,0,3,2,2,3,3,1,2,-4,0,0.0,15,1,-4,-4,4,20,12,4,-4,-5,-5
1435,0.0,-4,0,1,0,10,3,2,4,3,1,-4,-4,0,0.0,-4,1,0,33700,5,12,13,4,31243,0,0
1436,1.0,200006,0,5,5,0,1,4,4,2,4,-4,-4,1,0.0,-4,2,0,33700,5,12,13,4,24156,0,0
1437,0.0,-4,0,0,0,5,2,2,4,3,2,3,-4,0,,25,2,0,58000,6,14,12,4,-4,0,0
1438,1.0,-4,0,0,0,1,2,2,1,1,1,-4,-4,0,0.0,-4,2,0,176000,4,18,20,4,87052,0,0
1439,0.0,200102,0,0,0,3,2,1,3,3,2,-4,-4,0,0.0,-4,1,0,77500,3,12,14,4,8992,-5,-5
1440,1.0,-4,0,0,0,1,1,1,2,1,1,1,-4,0,0.0,5,2,0,437501,3,20,10,4,74327,0,0
1441,0.0,200207,0,0,0,6,2,1,4,3,1,4,-4,1,,0,1,0,128200,5,12,6,4,29013,0,0
1442,1.0,200704,0,1,0,2,2,2,4,3,2,3,-4,1,1.0,25,2,0,128200,5,12,6,4,55703,0,0
1443,0.0,200201,0,0,0,3,1,2,3,1,1,-4,-4,0,0.0,-4,1,0,128200,5,12,6,4,38482,0,0
1444,1.0,-4,0,0,0,3,2,2,1,1,1,1,-4,0,0.0,0,2,0,31200,4,16,14,4,62844,0,0
1445,1.0,-4,0,0,0,2,2,2,4,2,1,2,-4,0,0.0,-4,2,0,237500,5,16,16,4,93452,0,0
1446,1.0,-4,0,0,0,5,1,1,1,1,1,-4,-4,0,0.0,-4,1,0,237500,5,16,16,4,49542,0,0
1447,1.0,199910,1,0,1,1,2,2,1,1,1,-4,-4,0,0.0,-4,1,0,92500,4,16,14,4,77991,0,0
1448,1.0,200111,0,0,0,2,3,3,3,2,1,2,-4,0,0.0,-4,2,0,94000,3,-4,-4,4,-4,-5,-5
1449,1.0,-4,0,0,0,3,2,1,3,3,1,2,-4,0,,30,1,0,198200,3,16,17,4,41118,0,0
1450,1.0,-4,0,0,0,1,1,2,1,1,1,1,-4,0,0.0,1,2,0,592500,3,19,17,4,100000,0,0
1451,1.0,-4,0,0,0,1,2,3,3,2,1,1,-4,0,1.0,5,2,-4,-4,5,18,14,4,-4,-5,-5
1452,0.0,199906,0,0,0,1,2,2,2,1,1,-4,-4,0,0.0,-4,1,0,70500,6,16,16,2,55649,0,0
1453,1.0,-4,0,0,0,1,2,2,3,2,1,2,-4,0,0.0,25,2,0,361500,4,18,16,4,97528,0,0
1454,1.0,-4,0,0,0,3,2,2,3,3,1,3,-4,0,0.0,1,2,0,600000,4,20,17,4,98512,0,0
1455,1.0,-4,0,0,0,2,2,-2,1,1,1,-4,-4,0,0.0,-4,1,0,600000,4,20,17,4,96269,0,0
1456,1.0,199506,0,0,0,1,2,2,3,3,1,2,-4,-3,,5,1,0,600000,4,10,16,4,80160,0,0
1457,1.0,-4,0,0,0,2,2,2,2,1,1,-4,-4,0,0.0,-4,1,0,-3,4,20,16,4,98996,0,0
1458,1.0,-4,0,1,0,6,2,3,2,2,2,2,-4,0,,5,1,0,333501,4,16,16,4,-4,-5,-5
1459,1.0,-4,0,0,0,3,1,1,1,1,1,-4,-4,0,0.0,-4,2,0,333501,4,16,16,4,-4,-5,-5
1460,1.0,-4,0,0,0,2,2,2,1,1,1,-4,-4,0,0.0,-4,1,0,194500,7,16,16,4,98598,0,0
1461,1.0,-4,0,0,0,2,2,1,5,5,1,2,-4,1,1.0,25,1,-4,-4,5,16,16,4,-4,0,0
1462,1.0,-4,0,0,0,5,2,1,1,1,1,-4,-4,0,0.0,-4,2,-4,-4,5,16,16,4,95589,0,0
1463,1.0,-4,0,0,0,9,2,4,2,2,1,2,-4,1,0.0,46,1,-4,-4,3,18,14,4,96579,0,0
1464,1.0,-4,0,0,0,2,1,1,1,1,1,-4,-4,0,0.0,-4,2,0,420001,5,17,16,4,53498,0,0
1465,1.0,200001,4,3,2,3,2,2,5,2,2,-4,-4,1,0.0,-4,1,0,9000,4,12,12,1,62849,-5,-5
1466,1.0,-4,0,0,0,1,3,3,1,1,1,1,-4,0,0.0,-4,2,0,-3,5,16,16,1,76560,0,0
1467,0.0,-4,0,0,0,3,2,2,5,3,1,5,-4,0,,70,2,0,4650,3,12,12,1,-4,0,-4
1468,1.0,-4,0,0,0,15,2,3,2,1,1,1,-4,0,0.0,25,1,0,8100,3,12,12,1,53755,0,1
1469,0.0,199901,0,0,0,5,2,1,1,1,1,-4,-4,0,0.0,-4,1,0,63500,4,12,12,1,13078,0,0
1470,0.0,199809,0,0,0,1,2,4,5,3,1,-4,-4,1,1.0,-4,2,0,950,5,14,15,1,28346,0,1
1471,0.0,199906,2,0,2,15,2,1,4,2,5,-4,-4,1,0.0,-4,1,0,950,5,14,15,1,10554,0,1
1472,0.0,199812,1,0,2,0,1,1,1,2,1,-4,-4,1,0.0,-4,2,0,69600,5,-4,14,1,-4,0,-4
1473,1.0,-4,0,0,0,3,2,2,2,1,1,-4,-4,0,0.0,-4,1,0,98001,5,16,18,1,73874,0,0
1474,1.0,199910,1,0,0,5,2,3,3,3,2,2,-4,1,1.0,60,1,0,49800,4,13,14,2,-4,0,0
1475,1.0,-4,0,0,0,3,2,2,3,2,1,-4,-4,0,0.0,-4,2,0,49800,4,13,14,2,-4,0,0
1476,0.0,-4,0,0,0,10,2,2,3,3,1,3,-4,0,0.0,10,2,0,322500,6,14,12,1,42197,0,0
1477,0.0,-4,0,0,0,3,2,3,3,4,1,-4,-4,0,0.0,-4,2,0,322500,6,14,12,1,34832,0,0
1478,1.0,-4,0,0,0,3,2,2,2,1,1,-4,-4,0,0.0,-4,1,0,110301,2,12,12,1,49427,0,0
1479,1.0,-4,0,0,0,5,2,2,3,3,1,5,-4,0,1.0,0,2,0,143000,4,12,12,1,10432,-5,-5
1480,1.0,-4,0,2,0,4,2,1,5,5,2,-4,-4,0,,-4,2,0,143000,4,12,12,1,3537,-5,-5
1481,0.0,200211,0,1,0,3,2,2,2,1,2,-4,-4,0,0.0,-4,1,1,2050,4,12,12,1,42127,0,0
1482,1.0,199906,2,1,0,8,1,3,2,3,3,3,-4,0,0.0,0,1,0,4800,2,12,12,1,-4,0,0
1483,1.0,201302,0,0,2,1,2,2,1,1,2,-4,-4,1,0.0,-4,1,0,3750,5,4,2,2,-4,0,-4
1484,1.0,199804,1,0,0,0,2,2,2,2,1,2,-4,0,1.0,0,1,0,351001,4,13,13,4,81152,0,0
1485,1.0,199909,1,0,0,0,1,1,4,2,1,-4,-4,0,0.0,-4,1,0,351001,4,13,13,4,49125,0,0
1486,1.0,-4,0,0,0,7,2,2,2,1,1,-4,-4,0,0.0,-4,1,0,228500,4,18,14,4,53833,0,0
1487,1.0,-4,0,0,0,2,1,3,3,3,1,2,-4,0,0.0,0,2,0,244500,5,20,16,4,88479,0,0
1488,1.0,199909,1,0,0,3,2,2,3,2,1,2,-4,0,0.0,1,1,0,78500,4,16,16,4,83245,0,0
1489,0.0,-4,0,0,0,0,2,3,3,2,1,-4,-4,0,0.0,-4,2,0,78500,4,16,16,4,45820,0,0
1490,1.0,-4,0,0,0,7,2,2,1,1,1,-4,-4,0,,-4,2,0,600000,4,18,17,4,-4,-5,-5
1491,1.0,-4,0,0,0,9,2,2,4,3,1,-4,-4,0,0.0,-4,1,0,125501,4,13,12,4,95156,0,0
1492,1.0,-4,0,0,0,9,2,1,2,1,1,-4,-4,0,0.0,-4,2,0,130300,3,16,16,4,84039,-5,-5
1493,1.0,201103,0,0,0,2,2,3,2,1,1,-4,-4,0,1.0,-4,1,0,134900,6,16,16,4,94937,0,0
1494,1.0,200405,0,0,0,3,2,2,4,4,1,3,-4,0,1.0,0,2,0,127300,4,12,14,4,62784,0,0
1495,1.0,-4,0,0,0,2,2,3,4,3,1,3,-4,0,0.0,25,2,0,265044,5,17,17,4,86973,0,0
1496,1.0,-4,0,1,0,0,2,2,4,3,1,3,-4,1,1.0,2,2,0,265044,5,17,17,4,96589,0,0
1497,1.0,-4,0,0,0,9,2,1,3,1,1,-4,-4,0,0.0,-4,2,-4,-4,5,20,16,4,86558,0,0
1498,1.0,-4,0,0,0,0,2,2,2,1,1,-4,-4,1,1.0,-4,2,0,497500,5,20,16,4,54621,0,0
1499,1.0,-4,0,0,0,2,2,2,3,3,1,3,-4,0,0.0,25,2,0,365500,4,16,16,4,81561,0,0
1500,1.0,-4,0,0,0,0,1,2,3,3,1,-4,-4,0,0.0,-4,2,0,262000,6,12,13,1,38089,0,0
1501,1.0,-4,0,0,0,4,2,3,3,2,1,3,-4,0,0.0,25,2,-4,-4,4,19,16,4,90149,-5,-5
1502,1.0,201306,0,0,0,0,2,2,2,1,2,-4,-4,0,0.0,-4,2,0,83500,4,12,12,1,14106,0,0
1503,1.0,-4,0,0,3,4,1,3,3,2,1,3,-4,0,0.0,0,1,0,126000,3,12,15,4,77556,0,1
1504,1.0,-4,0,1,3,-2,2,3,3,1,2,-4,-4,0,0.0,-4,2,0,126000,3,-3,15,4,59316,0,0
1505,0.0,200408,0,0,0,3,1,1,1,1,1,-4,-4,0,0.0,-4,1,-4,-4,5,-3,6,2,33987,0,0
1506,1.0,-4,0,0,0,7,2,3,4,1,2,-4,-4,1,0.0,-4,2,0,3196,5,12,11,2,42695,-5,-5
1507,,-4,0,0,0,2,1,3,2,1,1,-4,-4,0,,-4,1,0,15750,5,12,12,2,-4,-5,-5
1508,0.0,200709,1,0,0,-2,2,2,-2,-2,1,-4,-4,1,0.0,-4,1,0,-1250,3,-4,-3,3,-4,1,-2
1509,0.0,199809,0,0,0,1,2,2,4,1,1,-4,-4,0,0.0,-4,2,-4,-4,4,-3,-3,2,27574,0,0
1510,1.0,201808,0,0,0,1,4,4,4,4,3,4,-4,0,0.0,0,1,0,17900,7,14,12,4,32868,-5,-5
1511,0.0,200210,0,0,0,2,4,4,4,4,2,4,-4,1,0.0,-4,2,0,17900,7,14,12,4,57619,0,0
1512,0.0,199701,0,0,0,13,4,4,4,2,4,-4,-4,0,0.0,-4,2,0,17900,7,14,12,4,7928,0,0
1513,1.0,199401,1,5,0,0,2,4,2,1,1,-4,-4,1,1.0,-4,2,0,17900,7,14,12,4,29258,0,0
1514,1.0,199806,2,0,2,1,3,1,1,1,1,-4,-4,1,1.0,-4,1,-4,-4,5,16,18,1,24719,-5,-5
1515,1.0,200309,1,2,0,14,3,4,3,3,1,4,-4,0,1.0,0,1,0,40500,5,-3,-3,3,67222,0,0
1516,1.0,-4,0,0,0,1,2,3,4,2,2,3,-4,1,0.0,0,2,0,22500,6,17,14,2,20795,-5,-5
1517,1.0,201009,0,0,0,0,2,3,4,1,1,-4,-4,0,0.0,-4,2,-4,-4,6,17,14,2,34318,0,0
1518,1.0,-4,0,5,0,7,2,2,1,1,1,-4,-4,0,1.0,-4,1,0,115501,4,-3,-3,4,96950,0,0
1519,1.0,-4,0,0,0,1,1,2,1,1,1,-4,-4,0,0.0,-4,1,-4,-4,3,-3,-3,3,88443,0,0
1520,0.0,-4,0,8,0,10,1,4,5,1,5,-4,-4,1,1.0,-4,1,0,40750,5,-3,-3,4,27905,0,0
1521,0.0,-4,0,0,0,20,3,3,4,3,3,3,-4,0,,99,2,-4,-4,3,-3,-3,4,-4,0,0
1522,1.0,-4,0,0,0,0,2,2,1,1,5,1,-4,0,0.0,-4,1,0,39550,5,-3,-3,3,99296,0,0
1523,0.0,-4,0,3,1,0,2,3,3,2,2,-4,-4,0,,-4,2,0,-3,4,-3,-3,1,-4,-5,-5
1524,0.0,-4,0,0,0,2,2,4,2,1,2,2,-4,0,0.0,46,2,0,-3,2,-4,-3,1,88163,0,0
1525,1.0,-4,0,0,0,1,2,2,2,4,2,2,-4,0,0.0,3,1,0,20250,3,-4,12,1,67730,0,0
1526,0.0,-4,0,0,0,-2,2,3,1,1,1,-4,-4,0,,-4,2,0,-5450,3,-3,-3,4,-4,0,0
1527,0.0,199703,0,1,0,4,4,2,1,1,1,-4,-4,0,0.0,-4,2,1,1350,4,-4,-3,1,-4,0,-2
1528,0.0,-4,0,0,0,10,2,1,3,1,4,3,-4,0,,3,2,1,1750,7,-4,-3,1,-4,0,0
1529,,-4,0,0,1,0,2,4,1,1,2,-4,-4,0,,-4,1,0,1750,7,-4,-3,1,-4,-5,-5
1530,1.0,199905,0,0,1,12,1,2,4,5,1,3,-4,0,0.0,30,1,0,600000,4,18,17,4,72907,0,0
1531,1.0,-4,0,0,0,2,2,2,1,1,1,-4,-4,0,0.0,-4,2,0,600000,4,18,17,4,71025,0,0
1532,1.0,-4,0,0,0,2,2,2,1,1,1,-4,-4,1,0.0,-4,1,0,-3,2,-3,-3,4,52592,0,-4
1533,1.0,-4,0,1,0,12,3,3,2,1,2,1,-4,0,0.0,-4,2,0,-3,5,18,16,4,67837,-5,-5
1534,0.0,-4,0,2,0,8,3,1,3,4,2,4,-4,0,0.0,35,2,1,-50,3,6,12,4,25157,0,0
1535,0.0,199908,2,0,2,9,2,2,2,1,2,-4,-4,0,0.0,-4,1,1,-50,3,6,12,4,22468,0,0
1536,0.0,-4,0,0,3,2,2,3,2,2,3,-4,-4,0,0.0,-4,1,-4,-4,3,6,3,2,-4,-5,-5
1537,0.0,199810,0,3,0,5,3,1,5,-2,5,-4,-4,0,0.0,-4,2,-4,-4,2,12,12,4,-4,0,-2
1538,1.0,-4,0,2,0,3,2,3,4,4,1,3,-4,0,,15,1,0,307500,4,15,13,2,-4,-5,-5
1539,0.0,-4,0,10,0,3,2,2,4,3,2,-4,-4,1,0.0,-4,2,0,-72500,5,-3,12,4,45247,-5,-5
1540,0.0,-4,0,0,0,20,1,3,4,1,2,-4,-4,1,0.0,-4,2,0,94100,6,-3,10,4,24137,0,0
1541,0.0,200206,0,1,0,0,2,2,1,1,1,-4,-4,0,0.0,-4,2,0,91500,3,12,12,4,83145,-2,-2
1542,1.0,-4,0,0,0,4,1,1,1,1,1,-4,-4,0,0.0,-4,2,0,-3,4,14,14,2,27830,0,0
1543,1.0,-4,0,0,0,0,2,1,5,5,2,-4,-4,0,0.0,-4,2,0,49500,4,16,12,4,81827,0,0
1544,1.0,-4,0,0,0,2,1,2,2,1,2,-4,-4,1,0.0,-4,2,0,49500,4,16,12,4,87534,0,0
1545,1.0,-4,0,0,0,1,2,2,1,1,1,-4,-4,0,0.0,-4,1,1,-3,4,12,12,4,75347,0,0
1546,1.0,200401,0,0,0,4,2,3,2,1,1,-4,-4,0,0.0,-4,2,1,-3,4,12,12,4,90453,0,0
1547,1.0,-4,0,0,0,1,2,2,2,1,1,1,-4,0,0.0,25,1,0,44100,7,9,14,2,52817,0,0
1548,1.0,-3,0,0,0,5,2,1,2,2,1,-4,-4,1,,-4,1,0,44100,7,9,14,2,59391,-5,-5
1549,1.0,-4,0,0,0,0,1,1,1,1,1,-4,-4,0,0.0,-4,1,0,44100,7,9,14,2,95010,0,0
1550,1.0,-4,0,0,0,0,2,2,3,3,2,-4,-4,0,,-4,2,0,-3,3,-4,-4,4,67914,0,0
1551,1.0,-4,0,0,0,2,2,3,2,3,1,3,-4,1,1.0,50,2,0,114200,5,12,14,4,53892,0,0
1552,0.0,200307,0,0,1,0,2,2,1,1,1,-4,-4,0,0.0,-4,1,0,114200,5,12,14,4,64106,0,0
1553,1.0,-4,0,2,1,5,1,2,5,4,5,5,-4,0,0.0,0,1,0,3950,3,11,12,1,-4,0,0
1554,1.0,-4,0,0,0,6,1,1,3,2,1,-4,-4,0,0.0,-4,1,0,3950,3,11,12,1,-4,0,0
1555,0.0,199601,6,0,4,35,2,2,4,4,1,5,-4,0,,5,1,0,8977,4,12,12,1,-4,0,0
1556,0.0,-4,0,5,0,1,1,1,1,1,1,-4,-4,0,0.0,-4,1,0,106500,4,19,16,1,49520,0,0
1557,1.0,-4,0,0,0,6,2,3,1,1,1,-4,-4,0,1.0,-4,2,0,106500,4,19,16,1,63525,0,0
1558,0.0,200110,0,0,0,4,2,2,1,1,3,-4,-4,0,0.0,-4,1,0,11075,2,11,12,1,-4,0,0
1559,1.0,199901,0,3,0,0,2,3,5,4,5,5,-4,1,0.0,-4,1,0,-3500,5,11,12,4,27378,0,0
1560,0.0,-4,0,0,0,3,2,2,1,1,1,-4,-4,0,0.0,-4,1,0,2850,3,9,11,2,50201,0,0
1561,0.0,-4,0,0,0,4,1,2,-2,-2,-2,-4,-4,-2,0.0,-4,1,0,15600,5,13,12,2,-4,0,0
1562,0.0,199910,2,0,2,2,1,2,1,1,1,-4,-4,0,0.0,-4,1,0,19600,3,-3,9,2,35833,0,1
1563,0.0,200912,1,0,0,0,2,2,2,1,1,-4,-4,0,,-4,1,0,32250,5,-3,12,1,32802,0,1
1564,0.0,199507,2,0,1,28,3,3,4,5,1,-4,-4,0,,-4,1,0,59500,4,-3,12,1,-4,0,0
1565,1.0,-4,0,0,0,6,1,1,1,1,1,-4,-4,0,0.0,-4,2,0,2635,2,12,14,1,58669,0,-2
1566,0.0,200009,0,0,0,0,2,3,3,1,1,3,-4,0,0.0,-4,2,0,3750,3,-3,9,1,-4,-5,-5
1568,1.0,-4,0,0,0,2,2,3,3,3,1,4,-4,0,0.0,-4,2,0,354721,3,12,-3,1,-4,0,0
1569,0.0,200407,0,0,0,4,2,3,2,2,3,4,-4,0,1.0,10,1,0,4750,4,5,7,2,-4,0,0
1570,1.0,-4,0,0,0,0,1,1,2,1,2,1,-4,0,,10,1,0,-3,4,6,6,2,60506,0,0
1571,1.0,-4,0,0,0,2,2,2,1,1,1,-4,-4,-1,0.0,-4,2,0,-3,4,6,6,2,39541,0,0
1572,1.0,201907,0,0,0,0,3,2,4,4,1,-4,-4,0,0.0,-4,1,0,136500,6,16,13,4,65921,0,0
1573,1.0,200607,0,0,0,1,2,2,3,3,1,3,-4,0,,15,1,0,335000,5,16,12,4,62972,0,0
1574,1.0,-4,0,0,0,8,2,2,2,1,1,-4,-4,0,0.0,-4,2,0,94000,4,15,13,4,85962,0,0
1575,1.0,-4,0,0,0,4,2,1,4,3,1,3,-4,0,,0,2,0,-3,4,16,12,4,52683,0,0
1576,1.0,199512,0,1,0,0,2,2,4,5,1,5,-4,1,1.0,0,2,0,51000,5,10,12,4,-4,0,0
1577,,-4,0,4,0,2,1,1,4,2,5,-4,-4,0,,-4,2,0,51000,5,10,12,4,-4,-5,-5
1578,1.0,199603,0,0,0,0,3,3,2,4,2,2,-4,0,0.0,0,1,0,-3,5,12,13,4,38641,0,0
1579,0.0,-4,0,0,0,2,2,2,2,1,4,-4,-4,0,,-4,1,-4,-4,3,12,12,1,-4,0,0
1580,0.0,199903,0,0,10,0,2,2,4,5,4,4,-4,0,1.0,0,1,0,24227,2,12,12,1,10849,0,0
1581,0.0,-4,0,0,0,2,2,3,4,5,2,4,-4,0,,10,1,0,240000,4,20,12,4,-4,-5,-5
1582,0.0,200609,1,2,0,2,2,3,2,2,1,2,-4,1,1.0,5,2,0,12750,3,16,12,4,54430,1,0
1583,0.0,199503,1,2,0,4,2,3,4,5,1,5,-4,0,0.0,75,1,-4,-4,5,12,10,2,-4,0,0
1584,0.0,201004,0,0,0,40,2,2,2,3,2,3,-4,0,0.0,-4,2,-4,-4,5,12,10,2,-4,0,0
1585,0.0,-4,0,0,1,5,2,3,1,1,1,-4,-4,0,0.0,-4,2,-4,-4,5,12,10,2,-4,0,0
1586,1.0,-4,0,0,1,2,2,1,1,1,1,-4,-4,0,0.0,-4,1,0,19500,5,16,15,2,4667,0,-2
1587,0.0,199801,0,5,0,3,2,3,5,4,1,2,-4,1,0.0,-4,2,1,-2500,3,8,12,4,74731,0,0
1588,0.0,200309,0,0,0,0,2,2,3,2,2,-4,-4,0,0.0,-4,2,1,-2500,3,8,12,4,56240,0,0
1589,0.0,201108,0,0,0,0,2,3,3,2,-2,-2,-4,0,0.0,1,1,0,2500,6,-3,6,2,63213,0,0
1590,1.0,-4,0,-4,-4,-4,2,1,1,1,1,-4,-4,0,0.0,-4,2,-4,-4,9,15,12,4,-4,-5,-5
1591,0.0,-4,0,0,2,2,2,2,4,4,3,3,-4,0,,-4,1,-4,-4,2,-4,10,4,-4,-5,-5
1592,1.0,-4,0,0,0,2,1,1,3,3,1,1,-4,0,0.0,30,2,0,-3,5,16,16,4,91740,0,0
1593,1.0,199801,0,0,0,6,2,1,5,5,3,5,-4,0,0.0,-4,2,-4,-4,5,16,16,4,38139,-5,-5
1594,0.0,199608,0,20,25,60,4,3,3,4,2,4,-4,-3,0.0,10,2,0,120000,6,16,16,1,28798,0,0
1595,1.0,200102,0,0,0,4,3,3,1,1,1,-4,-4,0,0.0,-4,2,0,120000,6,16,16,1,80881,0,0
1596,0.0,-4,0,0,0,1,2,2,2,1,2,-4,-4,0,,-4,1,0,18300,4,12,12,2,10550,-5,-5
1597,0.0,-4,0,0,1,1,2,2,2,3,1,-2,-4,0,,-4,1,-4,-4,4,-3,12,1,-4,-5,-5
1598,0.0,-4,0,0,0,43,2,1,5,3,3,-2,-4,0,,0,2,0,1750,7,6,9,2,-4,-5,-5
1599,0.0,-4,0,3,0,5,1,1,4,1,2,2,-4,0,0.0,0,2,0,1750,7,6,9,2,-4,-5,-5
1600,0.0,-4,0,0,0,20,2,2,4,2,1,2,-4,0,,-4,2,-4,-4,3,-3,-3,2,19482,0,0
1601,0.0,-4,0,0,0,0,2,1,2,1,3,-4,-4,0,,-4,2,0,1750,8,12,11,2,-4,-2,0
1602,1.0,-4,0,0,0,0,2,2,1,1,1,-4,-4,0,0.0,-4,2,0,1750,8,12,11,2,-4,1,0
1603,1.0,-4,0,0,0,2,2,2,3,2,1,2,-4,0,,1,2,-4,-4,3,-4,6,2,37979,-5,-5
1604,1.0,-4,0,0,0,3,2,2,3,4,1,3,-4,0,0.0,5,2,-4,-4,6,14,14,4,-4,0,0
1605,1.0,-4,0,0,0,2,2,2,3,3,2,-4,-4,0,0.0,-4,2,-4,-4,6,14,14,4,-4,0,0
1606,1.0,-4,0,0,0,10,2,3,4,4,3,5,-4,0,,-4,2,0,500,2,6,14,2,-4,0,0
1607,0.0,-4,0,0,1,0,1,1,1,1,1,-4,-4,0,,-4,1,0,500,3,8,-3,2,-4,0,0
1608,1.0,199407,0,0,0,25,3,4,5,4,3,3,-4,-3,,5,2,-4,-4,5,19,11,4,-4,-5,-5
1609,0.0,200207,1,0,1,2,2,3,1,1,1,-4,-4,0,,-4,1,-4,-4,5,19,11,4,-4,0,0
1610,0.0,-4,0,1,0,0,2,2,4,4,2,-4,-4,0,,-4,2,0,-3,6,15,16,4,54438,-5,-5
1611,1.0,-4,0,0,0,9,2,1,2,4,1,-4,-4,0,,-4,2,0,-3,6,15,16,4,53933,-5,-5
1612,1.0,200410,0,1,0,1,1,1,3,2,1,-4,-4,1,0.0,-4,2,0,-3,3,14,16,4,63831,0,0
1613,,-4,0,0,0,2,1,2,1,1,1,-4,-4,0,,-4,1,-4,-4,5,19,17,4,-4,-5,-5
1614,1.0,-4,0,0,0,5,2,2,2,2,1,2,-4,0,0.0,5,2,0,344000,4,19,16,4,-4,0,0
1615,0.0,-4,0,0,0,6,1,1,-2,-2,-2,-2,-4,0,1.0,-4,1,0,-3,6,12,12,2,-4,0,0
1616,1.0,199706,0,0,0,4,3,3,4,5,4,4,-4,0,,-4,2,0,276551,5,12,12,4,6080,-5,-5
1617,1.0,200508,0,1,0,7,2,3,2,1,1,-4,-4,0,0.0,-4,1,0,48500,4,14,16,4,-4,0,0
1618,0.0,-4,0,50,0,2,2,2,3,2,1,2,-4,1,1.0,15,1,0,-20750,2,12,-4,4,88521,0,0
1619,1.0,199808,0,2,0,4,2,2,3,3,1,3,-4,0,0.0,0,1,0,600000,5,14,12,4,84682,-5,-5
1620,1.0,200209,0,0,0,2,2,2,2,1,2,-4,-4,0,0.0,-4,1,0,600000,5,14,12,4,67504,0,0
1621,0.0,-4,0,0,0,3,2,3,2,1,2,2,-4,0,,15,1,0,-3,5,14,14,4,-4,-5,-5
1622,0.0,-4,0,0,0,18,1,2,3,1,1,-4,-4,0,0.0,-4,2,0,188500,2,19,18,3,80619,0,0
1623,1.0,-4,0,0,0,0,2,2,1,1,1,-4,-4,0,0.0,-4,1,0,446200,4,16,16,4,100000,0,0
1624,1.0,-4,0,0,0,2,2,2,1,1,1,-4,-4,0,0.0,-4,2,0,-3,4,18,15,4,87782,0,0
1625,0.0,-4,0,0,0,8,1,1,4,3,3,5,-4,0,,-4,1,0,-3,7,9,12,2,-4,-5,-5
1626,0.0,200608,0,0,0,27,2,1,5,-2,4,-4,-4,0,,-4,1,0,-3,7,9,12,2,-4,-5,-5
1627,1.0,199904,0,0,0,0,2,2,3,3,2,2,-4,0,0.0,-4,1,0,3750,3,-3,11,4,71904,0,-4
1628,0.0,-4,0,0,4,0,2,4,1,1,1,-4,-4,0,0.0,-4,1,0,3750,3,-3,11,4,51676,0,0
1629,1.0,200408,0,0,0,1,2,2,2,2,1,-4,-4,0,0.0,-4,2,0,500500,2,17,18,4,100000,0,0
1630,1.0,-4,0,0,0,3,1,1,1,1,1,1,-4,0,0.0,1,2,0,129200,4,12,12,4,92749,0,0
1631,1.0,200308,0,0,0,1,3,4,3,4,1,3,-4,0,,1,1,0,92500,4,14,16,4,-4,0,1
1632,1.0,-4,0,1,0,3,2,1,2,1,1,-4,-4,1,1.0,-4,1,0,22000,5,14,13,4,76600,0,0
1633,1.0,-4,0,0,0,0,1,3,3,2,1,3,-4,0,0.0,5,2,0,600000,5,12,14,4,90989,0,0
1634,1.0,-4,0,0,0,0,1,1,3,2,1,-4,-4,0,0.0,-4,2,0,600000,5,12,14,4,83880,0,0
1635,1.0,-4,0,0,0,0,2,1,4,3,1,3,-4,0,,0,1,0,239500,3,18,14,4,-4,0,0
1636,1.0,200302,0,0,0,1,2,3,-2,-2,1,-2,-4,0,1.0,5,1,0,572001,5,16,12,4,-4,-5,-5
1637,0.0,199605,1,0,0,3,3,4,1,1,1,-4,-4,1,0.0,-4,1,0,7250,5,-3,8,4,60045,-5,-5
1638,1.0,-4,0,0,0,1,1,2,4,3,1,3,-4,0,,10,1,0,271700,6,18,12,4,50544,-5,-5
1639,1.0,-4,0,0,0,5,3,3,4,2,1,-4,-4,0,0.0,-4,2,0,104500,4,12,12,4,72761,0,0
1640,1.0,200111,0,0,0,5,1,1,2,2,1,-4,-4,0,0.0,-4,1,0,62300,4,12,14,4,40836,-5,-5
1641,0.0,-4,0,0,0,8,1,3,1,1,1,-4,-4,0,0.0,-4,2,0,62300,4,-3,14,4,11486,0,0
1642,1.0,-4,0,0,0,2,2,2,2,1,1,-4,-4,0,0.0,-4,2,0,600000,5,20,18,4,84037,0,0
1643,1.0,199610,0,0,0,5,2,3,3,2,1,2,-4,-3,,10,1,0,431000,2,12,13,4,73439,-5,-5
1644,1.0,-4,0,0,0,4,2,3,3,3,1,2,-4,0,0.0,10,2,0,301000,6,-3,14,4,77446,0,0
1645,1.0,201102,0,2,0,0,3,1,4,1,1,1,-4,0,0.0,10,1,0,600000,4,16,-3,4,81674,1,0
1646,1.0,-4,0,2,0,2,2,2,5,4,2,-2,-4,0,0.0,-4,1,0,-3,5,12,14,4,44674,0,0
1647,1.0,-4,0,0,0,2,2,1,4,2,1,-4,-4,-3,0.0,-4,2,0,75000,5,7,13,4,94433,0,0
1648,0.0,-4,0,0,0,3,3,2,3,1,1,2,-4,1,1.0,20,1,0,21800,3,-4,11,4,73517,0,-2
1649,1.0,-4,0,0,0,0,2,2,4,5,1,4,-4,0,0.0,0,1,0,164300,5,14,12,4,52657,0,0
1650,,-4,0,0,0,1,2,2,3,3,2,5,-4,0,,-4,1,-4,-4,6,12,13,4,-4,-5,-5
1651,1.0,-4,0,0,0,1,2,2,4,3,2,-4,-4,0,0.0,-4,2,0,190301,5,14,11,4,81829,0,0
1652,1.0,-4,0,0,0,3,2,2,2,2,1,1,-4,0,,0,1,0,177500,4,14,12,4,94943,-5,-5
1653,0.0,-3,0,0,2,1,1,1,4,1,1,-4,-4,0,0.0,-4,1,0,106000,6,16,16,4,-4,-5,-5
1654,1.0,-4,0,0,0,2,2,3,3,3,2,3,-4,0,,35,1,0,115500,4,16,12,4,84828,0,0
1655,1.0,200008,0,1,0,0,1,2,3,1,1,-4,-4,1,,-4,1,0,-10000,3,16,12,4,-4,0,0
1656,1.0,-4,0,0,0,2,1,1,1,1,1,-4,-4,0,1.0,-4,1,0,3750,3,16,16,4,-4,0,0
1657,0.0,-4,0,0,0,6,3,4,3,1,1,-4,-4,0,,-4,2,-4,-4,7,-4,-3,1,-4,0,-4
1658,0.0,-4,0,0,0,0,2,2,2,2,1,-4,-4,0,,-4,2,1,77010,3,9,11,4,-4,-5,-5
1659,0.0,-4,0,0,0,9,2,2,2,1,1,-4,-4,0,0.0,-4,1,0,114750,4,14,12,2,30872,0,0
1660,0.0,-4,0,0,0,0,1,1,1,1,1,1,-4,0,,2,2,0,600000,3,16,16,4,-4,-5,-5
1661,1.0,200207,0,0,0,4,2,2,3,5,2,3,-4,0,0.0,25,1,0,600000,4,20,14,2,-4,0,0
1662,0.0,201605,1,0,1,22,2,2,5,1,2,3,-4,0,0.0,20,1,0,3150,4,11,9,4,-4,0,0
1663,0.0,202010,1,0,0,6,2,2,1,1,1,-4,-4,0,0.0,-4,2,0,40700,3,11,10,2,-4,0,0
1664,0.0,199911,4,4,0,4,2,4,1,1,1,-4,-4,0,,-4,1,-4,-4,3,-3,10,4,41416,0,-4
1665,0.0,199801,3,0,0,1,2,2,4,4,2,4,-4,1,1.0,50,1,0,4200,4,-3,10,4,62886,0,-4
1666,0.0,199903,0,0,0,6,2,3,4,2,1,4,-4,1,1.0,50,1,0,-3,5,10,10,4,29184,0,0
1667,0.0,199805,0,0,0,0,1,1,1,1,2,-4,-4,0,1.0,-4,1,-4,-4,4,-3,4,4,58937,0,-2
1668,0.0,199506,1,2,1,0,2,2,3,1,2,-4,-4,0,,-4,1,0,13750,3,-4,-3,4,22826,0,0
1669,1.0,-4,0,0,0,2,2,2,3,3,2,1,-4,0,0.0,25,2,0,600000,4,16,14,4,97307,0,0
1670,1.0,-4,0,0,0,3,2,2,3,3,1,2,-4,0,0.0,0,2,0,600000,11,18,14,4,83205,0,0
1671,1.0,-4,0,0,0,3,2,2,4,2,1,2,-4,0,0.0,-4,2,0,600000,11,18,14,4,69314,0,0
1672,1.0,-4,0,0,0,5,2,2,2,1,1,-4,-4,0,0.0,-4,2,0,600000,11,18,14,4,81439,0,0
1673,1.0,-4,0,0,0,14,2,1,2,2,1,-4,-4,0,0.0,-4,2,0,118500,3,12,16,4,68524,0,0
1674,1.0,200911,0,0,0,12,2,2,3,3,1,3,-4,0,0.0,30,2,-4,-4,5,15,18,4,44381,0,0
1675,0.0,199909,0,0,0,3,2,2,2,1,1,-4,-4,0,0.0,-4,1,-4,-4,5,15,18,4,69624,0,0
1676,1.0,200102,0,0,0,8,2,2,2,4,1,1,-4,0,0.0,0,1,0,152500,5,16,18,4,62494,0,0
1677,1.0,-4,0,15,0,0,1,3,4,4,2,-4,-4,1,0.0,-4,2,0,152500,5,16,18,4,95557,-5,-5
1678,1.0,-4,0,0,0,3,2,2,1,1,1,-4,-4,0,0.0,-4,1,-4,-4,4,-3,-3,4,79779,0,0
1679,1.0,-4,0,0,0,2,2,2,3,3,2,3,-4,0,0.0,-4,2,0,142750,5,16,12,4,36118,0,0
1680,1.0,-4,0,0,0,0,2,2,2,2,1,1,-4,0,0.0,-4,2,0,-3,4,16,17,4,89719,0,0
1681,1.0,200211,0,0,0,6,2,2,2,3,1,2,-4,1,,50,1,0,-3,2,12,13,4,85032,-5,-5
1682,1.0,-4,0,0,0,2,2,2,3,4,1,2,-4,1,0.0,30,2,0,600000,3,16,16,4,35171,0,0
1683,0.0,-4,0,0,0,2,1,2,4,2,1,3,-4,0,0.0,0,1,0,-3,5,-3,12,2,84407,0,0
1684,0.0,201501,0,0,0,2,1,1,4,4,2,3,-4,0,0.0,0,2,0,-3,5,-3,12,2,-4,0,0
1685,1.0,200807,1,0,0,12,1,1,3,4,1,2,-4,0,1.0,5,1,-4,-4,4,16,16,3,-4,0,0
1686,1.0,-4,0,0,0,3,2,2,3,4,1,3,-4,0,0.0,-4,2,0,-3,5,17,17,4,-4,0,0
1687,1.0,199905,1,0,0,0,3,2,1,1,1,1,-4,0,0.0,0,1,0,246501,5,16,18,4,-4,0,0
1688,1.0,200101,2,5,1,0,1,1,1,1,1,-4,-4,0,0.0,-4,1,0,246501,5,16,18,4,-4,0,0
1689,0.0,-4,0,4,0,8,2,1,4,1,3,-4,-4,0,0.0,-4,2,0,14500,5,9,12,4,43037,0,1
1690,0.0,201209,1,0,0,6,2,1,1,1,1,-4,-4,0,0.0,-4,2,0,121750,3,12,-3,4,18473,-2,0
1691,0.0,200312,0,0,0,1,2,1,1,1,1,-4,-4,0,0.0,-4,2,0,121750,3,12,-3,4,28509,1,0
1692,1.0,-4,0,0,0,2,1,2,2,2,1,2,-4,0,0.0,10,1,0,600000,4,12,12,4,82197,0,1
1693,1.0,200404,2,30,1,0,2,1,2,1,1,-4,-4,0,0.0,-4,1,0,113500,3,16,12,4,57315,-5,-5
1694,1.0,-4,0,0,0,1,2,2,3,2,2,-4,-4,1,,-4,1,0,345500,5,12,14,4,93284,0,0
1695,1.0,-4,0,0,0,1,1,1,1,1,1,-4,-4,0,,-4,1,0,345500,5,12,14,4,89436,0,0
1696,0.0,200009,0,0,1,0,2,1,4,2,1,-4,-4,0,0.0,-4,1,0,115500,4,12,11,4,53148,-5,-5
1697,1.0,-4,0,0,0,5,2,2,2,1,1,-4,-4,0,,-4,2,0,112100,4,13,16,4,75986,0,0
1698,1.0,-4,0,0,0,5,1,1,1,1,1,1,-4,0,0.0,15,2,0,600000,4,14,17,4,-4,0,0
1699,0.0,200105,0,0,0,7,2,2,2,1,2,-4,-4,0,,-4,1,0,600000,4,14,17,4,-4,-5,-5
1700,1.0,200608,0,0,0,5,1,2,3,1,1,-4,-4,0,0.0,-4,1,-4,-4,3,12,12,4,12621,-5,-5
1701,1.0,-4,0,0,0,3,1,1,1,1,1,-4,-4,0,0.0,-4,1,-4,-4,3,12,12,4,27137,0,0
1702,0.0,-4,0,0,0,0,2,3,2,1,1,-4,-4,1,1.0,-4,1,0,17900,5,12,13,4,17443,-5,-5
1703,1.0,-4,0,0,0,5,2,2,2,2,1,4,-4,0,,75,2,0,305200,4,12,12,4,69670,0,0
1704,1.0,-4,0,0,0,0,2,1,4,2,1,-4,-4,0,0.0,-4,1,0,305200,4,12,12,4,67243,0,0
1705,0.0,200102,2,12,3,6,3,4,5,4,5,3,-4,1,1.0,0,2,0,5050,4,10,9,4,5572,0,-2
1706,0.0,200008,0,4,0,4,2,2,2,2,1,-4,-4,1,0.0,-4,2,0,5050,4,-3,9,4,22261,0,0
1707,,-4,0,0,0,0,2,4,3,3,2,4,-4,0,,-2,1,-4,-4,4,13,12,1,-4,-5,-5
1708,0.0,200210,0,0,0,7,2,3,4,2,2,-4,-4,1,0.0,-4,1,0,1000,3,12,13,4,-4,0,-4
1709,1.0,-4,0,1,0,4,2,2,3,2,1,4,-4,0,0.0,50,2,0,207500,8,20,13,4,64134,-5,-5
1710,0.0,-4,0,0,0,5,2,2,4,2,3,-4,-4,0,,-4,1,0,207500,8,15,12,4,74740,-5,-5
1711,0.0,200111,0,0,0,0,2,1,3,1,1,2,-4,1,,10,1,-4,-4,4,12,12,4,66296,0,0
1712,1.0,-4,0,0,0,2,2,1,3,2,2,-4,-4,0,0.0,-4,2,-4,-4,4,13,12,4,68046,0,0
1713,1.0,-4,0,1,0,1,1,4,1,1,1,-4,-4,1,0.0,-4,2,0,114000,4,13,16,4,-4,0,0
1714,0.0,199908,0,0,0,0,1,1,-3,-3,-3,-3,-4,-3,0.0,-4,1,0,5250,6,-3,2,2,-4,0,0
1715,0.0,-4,0,2,0,2,1,2,2,2,3,-2,-4,1,0.0,50,1,0,12750,9,-3,12,4,3248,-5,-5
1716,0.0,-4,0,0,0,1,2,2,3,1,1,-2,-4,0,,-4,2,0,12750,9,-3,12,4,12375,0,-2
1717,0.0,200803,0,0,0,-2,3,2,1,1,3,-4,-4,0,0.0,-4,2,0,12750,9,-3,12,4,17884,-5,-5
1718,0.0,-4,0,0,0,20,1,1,1,1,1,1,-4,0,,0,2,0,-3,15,-4,-3,2,-4,0,0
1719,0.0,-4,0,0,0,10,2,1,1,1,1,-4,-4,0,0.0,-4,2,0,-3,15,2,-3,2,14999,0,0
1720,0.0,-4,0,0,0,0,2,1,4,1,1,3,-4,0,0.0,0,1,0,8750,5,10,11,4,7252,0,-2
1721,0.0,-4,0,0,0,4,2,1,3,2,2,1,-4,0,,5,1,0,2500,8,-3,7,2,-4,0,0
1722,0.0,199312,0,0,0,10,2,2,3,2,1,2,-4,-3,0.0,10,1,0,-2600,5,8,7,2,-4,0,0
1723,0.0,-4,0,-4,-4,-4,2,2,1,1,1,-2,-4,0,0.0,0,2,-4,-4,7,-3,-3,2,-4,0,0
1724,0.0,199306,2,0,0,10,2,2,2,2,2,2,-4,0,,0,1,0,-3,12,-3,2,2,-4,-5,-5
1725,0.0,199808,0,-4,-4,-4,2,2,3,1,4,-2,-4,0,,50,1,0,5150,9,9,10,2,-4,-5,-5
1726,0.0,199808,0,0,1,8,2,2,-2,-2,3,-2,-4,0,,-4,1,0,5150,9,9,10,2,-4,-5,-5
1727,0.0,200304,0,0,0,6,2,2,1,1,2,-4,-4,0,0.0,-4,1,0,5950,5,12,10,2,-4,0,1
1728,0.0,-4,0,0,0,5,2,2,3,2,3,-4,-4,1,0.0,-4,2,0,-3,4,-3,-3,2,-4,0,-4
1729,0.0,199807,1,0,0,0,2,2,2,1,2,-4,-4,0,0.0,-4,1,0,-3,4,-3,-3,2,-4,-5,-5
1730,0.0,-4,0,0,0,0,2,2,3,3,1,3,-4,0,0.0,0,2,0,7000,3,-3,12,4,-4,1,0
1731,0.0,199506,1,50,14,10,4,4,3,3,5,5,-4,1,,50,2,1,13000,2,-3,12,4,-4,-5,-5
1732,0.0,201507,0,2,1,2,2,2,1,1,1,-4,-4,0,0.0,-4,1,-4,-4,4,12,10,4,-4,0,0
1733,0.0,200301,0,0,0,12,2,3,4,3,1,4,-4,1,1.0,20,2,0,-3,3,14,9,4,57012,0,0
1734,0.0,-4,0,10,2,10,2,3,3,1,3,-4,-4,0,0.0,-4,1,-4,-4,5,12,12,4,19004,0,0
1735,0.0,199605,0,0,0,3,2,2,2,2,1,2,-4,0,0.0,50,1,0,-3,5,12,14,4,67524,0,0
1736,0.0,200104,1,0,0,-2,1,3,3,1,1,-4,-4,0,0.0,-4,2,0,-3,5,12,14,4,94261,-5,-5
1737,0.0,-4,0,1,0,4,2,4,3,2,2,3,-4,0,,15,1,0,78600,4,11,14,4,32699,-5,-5
1738,0.0,-4,0,0,0,0,2,1,2,2,2,1,-4,0,,0,1,0,78600,4,11,14,4,80385,-5,-5
1739,0.0,-4,0,0,0,1,2,1,4,1,1,-4,-4,0,0.0,-4,2,0,25350,4,12,12,4,33271,0,0
1740,0.0,-4,0,0,2,0,2,2,1,-2,2,-4,-4,0,0.0,-4,1,0,46500,8,12,10,4,-4,0,0
1741,0.0,200407,0,0,0,6,2,2,1,-2,-2,-4,-4,0,0.0,-4,1,0,46500,8,12,10,4,-4,0,0
1742,,-4,0,0,0,0,2,2,1,2,1,-4,-4,0,,-4,2,0,-3,5,12,15,4,-4,-5,-5
1743,1.0,-4,0,0,0,0,1,1,1,1,1,-4,-4,0,,-4,2,0,-3,5,12,15,4,-4,-5,-5
1744,0.0,-4,0,0,0,3,2,1,1,1,2,-4,-4,0,1.0,-4,1,0,74300,5,13,12,4,26271,0,0
1745,1.0,201009,2,1,1,2,3,2,1,1,1,-4,-4,0,0.0,-4,2,-4,-4,3,-4,12,4,43797,0,0
1746,1.0,-4,0,0,0,2,2,4,4,2,2,-4,-4,0,0.0,-4,1,0,187500,4,12,12,4,11047,0,0
1747,0.0,-4,0,0,0,10,2,1,5,4,2,-4,-4,0,0.0,-4,2,0,18872,3,10,12,4,-4,0,0
1748,1.0,199510,0,0,0,11,3,3,3,2,1,-4,-4,1,,-4,1,0,850,3,16,15,2,53629,-5,-5
1749,0.0,-4,0,10,0,3,3,2,3,5,1,-4,-4,-1,,-4,2,-4,-4,4,16,-4,4,-4,0,0
1750,0.0,-4,0,0,0,10,2,2,5,3,1,5,-4,1,,25,2,0,6750,4,12,12,4,-4,0,-2
1751,1.0,-4,0,0,0,10,2,2,3,3,1,2,-4,0,,0,2,0,13000,4,15,12,4,-4,-5,-5
1752,1.0,-4,0,0,0,0,2,2,3,1,1,-4,-4,1,0.0,-4,2,0,240000,3,19,16,4,90154,0,0
1753,1.0,-4,0,0,0,8,1,2,3,2,1,3,-4,1,1.0,15,1,0,-3,2,18,18,4,83275,0,0
1754,0.0,200902,2,-2,-2,-2,4,4,4,3,1,2,-4,-2,,10,2,0,-3,3,16,15,4,-4,0,1
1755,1.0,-4,0,0,0,3,1,1,2,2,1,2,-4,1,0.0,0,1,0,-3,3,14,16,4,93563,0,0
1756,1.0,-4,0,0,0,1,2,1,2,4,1,1,-4,0,,0,2,0,114200,4,16,16,4,80337,-5,-5
1757,1.0,-4,0,2,1,1,2,2,1,1,1,-4,-4,0,0.0,-4,1,0,114200,4,16,16,4,65276,0,0
1758,1.0,-4,0,0,0,3,2,2,3,4,1,3,-4,1,0.0,30,1,0,228200,4,15,20,4,46170,-5,-5
1759,0.0,200809,0,2,3,1,4,4,2,2,2,-4,-4,1,,-4,1,1,23000,4,16,16,4,-4,0,0
1760,0.0,-4,0,0,0,60,4,3,4,-2,1,3,-4,0,,30,2,0,-3,8,12,-3,1,-4,0,-2
1761,0.0,200612,0,4,0,10,3,3,4,2,3,3,-4,0,1.0,25,2,-4,-4,8,12,-3,1,-4,-5,-5
1762,0.0,-4,0,2,0,3,2,3,3,2,2,3,-4,0,,20,1,-4,-4,8,12,-3,1,-4,-5,-5
1763,0.0,199904,5,0,0,15,2,3,3,2,2,-4,-4,0,,-4,1,-4,-4,8,12,-3,1,-4,0,1
1764,,-4,0,0,0,3,1,3,3,3,1,3,-4,0,,10,1,0,-3,5,-4,-4,4,-4,-5,-5
1765,1.0,201606,0,1,0,0,3,2,2,1,3,-4,-4,1,1.0,-4,1,1,2273,2,-4,12,4,72076,0,-2
1766,0.0,-4,0,0,0,3,2,2,1,1,1,1,-4,1,0.0,-4,1,0,-3,5,16,9,4,58786,0,0
1767,0.0,200004,0,0,1,0,2,2,1,1,1,-4,-4,1,1.0,-4,1,1,-3,5,-4,-3,4,-4,0,0
1768,1.0,-4,0,0,0,2,2,1,3,3,1,4,-4,0,0.0,40,1,0,-15500,3,12,12,1,21099,0,0
1769,1.0,-4,0,0,0,2,2,1,5,4,3,3,-4,0,0.0,5,2,0,-15500,3,12,12,1,53349,0,0
1770,1.0,199801,0,0,0,30,2,2,4,4,4,5,-4,0,,0,1,0,1750,4,14,13,2,27185,0,-2
1771,1.0,-4,0,0,0,0,2,2,2,2,1,1,-4,0,0.0,0,1,0,503200,5,-4,13,4,-4,0,0
1772,1.0,-4,0,0,0,2,2,2,3,3,1,-4,-4,0,0.0,-4,2,0,55500,5,16,14,4,93809,0,0
1773,1.0,-4,0,0,0,2,2,3,2,1,1,-4,-4,0,0.0,-4,2,0,55500,5,16,14,4,62018,0,0
1774,1.0,-4,0,0,0,0,2,1,-2,1,-2,-4,-4,0,0.0,-4,2,0,-3,5,14,16,4,19156,-5,-5
1775,1.0,-4,0,0,0,5,2,2,3,2,1,2,-4,0,0.0,5,1,-4,-4,6,12,12,4,-4,0,0
1776,1.0,-4,0,0,0,4,3,4,4,4,1,4,-4,0,1.0,0,2,0,240651,3,12,16,4,77830,0,0
1777,0.0,201310,0,2,3,5,2,2,4,2,2,2,-4,1,,1,1,0,38350,4,16,14,4,17409,0,0
1778,0.0,200009,0,0,0,0,1,3,4,1,1,-4,-4,1,,-4,1,0,223200,6,12,13,4,49034,0,0
1779,1.0,-4,0,0,0,3,1,1,1,1,1,-4,-4,1,0.0,-4,1,0,223200,6,12,13,4,31027,0,0
1780,1.0,200305,0,0,0,0,1,2,3,2,1,-4,-4,0,0.0,-4,2,0,-3,5,12,12,4,-4,0,0
1781,1.0,-4,0,0,0,8,2,2,1,1,1,-4,-4,0,0.0,-4,2,0,185600,4,15,16,2,86563,-5,-5
1782,1.0,-4,0,0,0,3,2,3,3,2,2,3,-4,0,,25,2,-4,-4,3,12,12,4,-4,0,0
1783,1.0,-4,0,0,0,4,2,2,4,5,1,2,-4,0,0.0,10,2,0,416500,4,14,12,4,54214,0,0
1784,1.0,-4,0,0,0,0,2,1,4,4,1,-4,-4,0,0.0,-4,2,0,122500,4,17,12,4,82943,0,0
1785,0.0,199710,0,0,0,10,2,4,3,2,1,-4,-4,0,0.0,-4,2,0,11500,4,11,11,4,-4,0,0
1786,0.0,-4,0,5,0,6,1,3,4,3,1,2,-4,1,0.0,0,2,0,44000,5,14,12,1,31446,0,0
1787,0.0,199604,2,1,2,10,3,3,5,1,5,-4,-4,0,0.0,-4,1,0,44000,5,14,12,1,10632,0,0
1788,0.0,-4,0,0,1,0,2,3,4,3,3,-4,-4,0,0.0,-4,1,0,-3,7,8,14,1,13283,-5,-5
1789,0.0,200006,0,0,0,0,3,3,2,1,2,-4,-4,0,0.0,-4,2,0,-3,7,8,14,1,11463,0,0
1790,0.0,200406,0,0,0,5,2,2,3,2,2,4,-4,0,0.0,25,1,0,41500,4,12,12,1,1295,0,0
1791,0.0,-4,0,0,0,7,2,3,3,2,3,4,-4,0,0.0,-4,1,0,41500,4,12,12,1,19362,0,0
1792,0.0,200112,0,0,3,4,3,2,5,5,5,5,-4,0,1.0,50,2,0,46500,4,10,11,1,22322,-5,-5
1793,0.0,-4,0,1,1,1,1,2,2,2,2,-4,-4,0,,-4,2,0,-3,6,14,17,1,26292,0,0
1794,0.0,-4,0,1,0,4,2,3,3,3,2,-4,-4,0,,-4,1,0,-3,6,14,17,1,14599,0,0
1795,1.0,200508,0,10,2,2,2,4,3,3,2,4,-4,1,0.0,85,1,0,-3,4,-3,16,1,-4,0,0
1796,0.0,-4,0,0,0,24,2,3,4,5,1,5,-4,0,,0,2,0,-3,2,12,9,4,-4,-5,-5
1797,1.0,-4,0,0,0,2,1,2,1,1,1,-4,-4,0,0.0,-4,1,0,342501,5,14,14,4,44904,0,0
1798,0.0,-4,0,1,1,0,1,3,3,3,3,-4,-4,0,0.0,-4,2,0,16605,4,12,12,4,-4,0,0
1799,1.0,-4,0,0,0,2,2,2,1,1,1,-4,-4,0,0.0,-4,1,0,16605,4,12,12,4,59594,0,0
1800,0.0,-4,0,0,0,0,1,2,3,1,1,2,-4,0,0.0,0,2,0,-3,5,-3,10,4,-4,0,0
1801,0.0,-4,0,0,0,10,3,3,3,2,1,3,-4,1,0.0,20,2,-4,-4,4,15,12,4,-4,0,0
1802,1.0,-4,0,0,0,-2,1,1,1,1,1,-4,-4,0,0.0,-4,1,0,265500,5,16,12,4,34654,0,0
1803,0.0,-4,0,0,0,4,2,2,3,2,1,3,-4,0,0.0,15,1,-4,-4,3,11,12,4,-4,0,0
1804,1.0,-4,0,0,0,5,1,2,2,1,1,-4,-4,0,0.0,-4,2,0,-3,4,12,12,4,92562,0,0
1805,0.0,-4,0,0,0,1,1,1,2,1,1,-4,-4,0,0.0,-4,1,0,28750,5,18,12,1,49511,0,0
1806,1.0,-4,0,0,0,0,2,4,1,1,1,-4,-4,0,0.0,-4,2,0,322001,4,12,12,4,57745,-5,-5
1807,1.0,-4,0,9,1,21,2,3,4,3,1,-2,-4,0,,10,1,0,12600,3,13,13,4,78616,0,0
1808,1.0,200604,0,0,0,3,1,1,4,4,1,-4,-4,1,0.0,-4,1,0,132001,2,-3,13,4,-4,0,0
1809,1.0,-4,0,0,0,0,2,1,1,1,-2,-2,-4,0,0.0,0,1,0,11000,6,16,16,4,92454,0,0
1810,1.0,-4,0,0,0,0,2,2,1,1,1,-4,-4,0,0.0,-4,1,0,11000,6,16,16,4,64358,0,0
1811,1.0,-4,0,0,0,1,2,2,1,1,-2,-4,-4,0,0.0,-4,1,0,11000,6,16,16,4,26230,0,0
1812,1.0,-4,0,0,0,3,1,2,1,1,1,-4,-4,0,0.0,-4,2,0,97000,4,13,20,4,78293,0,0
1813,1.0,-4,0,0,0,5,2,4,4,5,1,2,-4,1,0.0,0,1,0,56000,6,12,12,4,26850,0,0
1814,1.0,-4,0,1,0,0,2,4,5,3,1,-4,-4,0,0.0,-4,2,0,56000,6,12,12,4,13662,0,0
1815,1.0,-4,0,0,0,0,2,2,3,4,1,3,-4,0,0.0,10,1,0,80750,5,16,14,4,51759,0,0
1816,1.0,199809,0,0,0,1,2,2,4,3,1,3,-4,0,0.0,20,1,0,80750,5,16,14,2,27256,0,0
1817,1.0,-4,0,20,0,0,2,3,3,3,1,-4,-4,1,1.0,-4,1,0,-3,5,16,16,4,67046,0,0
1818,1.0,-4,0,0,0,0,2,2,4,2,5,-4,-4,0,0.0,-4,2,0,16250,5,12,12,1,-4,0,0
1819,1.0,199609,0,0,1,-2,2,2,3,3,1,3,-4,0,1.0,20,1,0,54750,3,15,12,4,34967,0,0
1820,1.0,-4,0,0,0,0,2,2,2,2,-2,3,-4,0,0.0,0,1,0,531500,3,19,16,4,81111,0,0
1821,1.0,-4,0,0,0,10,2,2,4,3,1,1,-4,0,,10,2,0,12900,4,16,14,4,59675,-5,-5
1822,1.0,-4,0,0,0,15,2,2,3,4,2,2,-4,0,,45,2,0,12900,4,16,14,4,69078,-5,-5
1823,0.0,200107,0,0,2,5,2,2,1,1,1,-4,-4,1,0.0,-4,1,0,66470,3,16,12,4,51823,0,0
1824,1.0,-4,0,0,0,3,2,2,1,1,1,-4,-4,0,0.0,-4,2,0,98000,4,18,16,4,76073,0,0
1825,1.0,200410,0,2,0,3,1,2,2,1,1,-4,-4,1,0.0,-4,1,0,409500,3,12,12,4,70724,0,0
1826,1.0,200909,0,0,0,0,1,2,1,1,1,1,-4,0,0.0,10,1,0,-3,4,16,16,4,85409,0,0
1827,1.0,199906,0,0,0,5,2,2,2,1,1,1,-4,1,0.0,-4,1,0,144000,5,16,12,4,52930,0,0
1828,1.0,-4,0,2,1,0,3,3,2,1,1,-4,-4,1,,-4,1,0,144000,5,16,12,4,93188,0,0
1829,1.0,201009,0,0,0,1,2,1,2,1,1,-4,-4,0,0.0,-4,2,0,263000,4,20,20,4,77983,0,0
1830,1.0,201404,0,0,0,5,2,2,4,4,1,1,-4,0,0.0,5,1,0,234750,6,20,12,4,84631,0,0
1831,1.0,199810,0,0,0,9,2,1,1,1,1,-4,-4,0,0.0,-4,1,0,600000,5,12,14,4,56505,0,0
1832,1.0,200601,0,0,0,1,2,2,1,1,1,-4,-4,0,,-4,1,0,-44750,3,14,16,4,-4,0,0
1833,1.0,201507,0,0,0,0,1,1,3,1,1,-4,-4,0,0.0,-4,2,0,67650,7,10,9,4,39234,0,0
1834,0.0,200206,1,0,0,0,4,2,1,1,1,-4,-4,0,0.0,-4,1,0,386100,4,12,13,4,15403,0,0
1835,0.0,-4,0,5,0,4,2,3,4,4,3,4,-4,1,1.0,50,2,-4,-4,4,12,12,4,-4,-5,-5
1836,1.0,201405,0,0,0,4,2,2,3,2,1,-4,-4,0,0.0,-4,1,0,305001,4,-4,-4,4,95854,-5,-5
1837,1.0,-4,0,0,0,4,1,2,4,4,1,2,-4,0,0.0,0,2,0,295750,3,18,20,4,71068,0,0
1838,1.0,200203,0,0,2,3,2,1,4,3,1,1,-4,0,0.0,70,1,0,600000,3,-4,-4,4,85466,0,0
1839,1.0,-4,0,0,0,2,1,2,2,2,1,4,-4,0,0.0,5,2,1,26750,6,18,18,1,85899,0,0
1840,1.0,-4,0,0,0,10,2,3,1,1,1,-4,-4,0,0.0,-4,2,1,26750,6,18,18,1,99655,0,0
1841,0.0,-4,0,0,0,2,1,3,4,2,1,-4,-4,1,1.0,-4,2,1,26750,6,18,18,1,45647,0,0
1842,0.0,200208,0,0,0,13,2,1,1,1,1,-4,-4,0,0.0,-4,1,0,1750,5,11,10,1,2003,0,0
1843,0.0,199711,2,0,2,10,2,3,3,2,3,1,-4,0,0.0,-4,1,-4,-4,11,11,10,4,-4,0,0
1844,1.0,-4,0,0,0,4,2,4,3,1,4,-4,-4,0,0.0,-4,2,-4,-4,11,11,10,4,-4,0,0
1845,0.0,199706,0,0,2,20,2,1,3,3,3,-4,-4,0,,-4,1,0,-3250,5,12,11,1,22994,0,0
1846,0.0,199801,0,0,0,3,3,3,1,1,1,-4,-4,1,0.0,-4,2,1,-3250,5,12,11,1,9100,0,0
1847,1.0,-4,0,0,0,5,1,1,1,1,1,-4,-4,0,0.0,-4,1,0,1900,4,20,16,1,91502,0,0
1848,0.0,-4,0,0,0,6,2,3,3,2,1,4,-4,0,,25,2,0,85800,3,12,12,3,71217,-5,-5
1849,1.0,200108,0,0,0,0,2,2,5,5,1,3,-4,0,0.0,15,1,0,48200,3,16,12,1,26059,0,0
1850,0.0,-4,0,1,1,15,2,3,3,2,2,3,-4,1,1.0,0,2,0,11200,4,16,12,1,64359,-5,-5
1851,1.0,199611,0,5,1,32,2,4,4,1,1,-4,-4,1,0.0,-4,1,-4,-4,4,16,12,1,22172,0,0
1852,0.0,-4,0,0,1,5,3,2,3,3,1,3,-4,0,,0,1,0,31500,5,10,9,4,-4,-5,-5
1853,1.0,-4,0,0,0,1,2,2,1,1,1,1,-4,0,0.0,5,1,0,86300,5,16,20,1,72455,0,0
1854,1.0,199608,0,0,0,7,2,2,5,5,2,3,-4,0,0.0,10,1,0,1750,5,11,11,4,33875,0,0
1855,1.0,-4,0,0,0,2,2,3,4,4,2,1,-4,1,1.0,0,2,0,244350,3,12,13,4,69120,-5,-5
1856,1.0,-4,0,0,0,15,2,2,2,2,1,2,-4,0,0.0,5,2,0,259500,4,16,16,4,99698,0,0
1857,1.0,-4,0,0,0,3,2,2,2,1,1,-4,-4,1,1.0,-4,1,0,259500,4,16,16,4,89855,0,0
1858,1.0,-4,0,0,0,0,2,2,1,1,1,1,-4,0,0.0,1,2,0,382500,7,20,20,4,98740,0,0
1859,0.0,-4,0,0,0,15,2,3,3,3,1,2,-4,0,,10,1,0,130000,3,16,16,4,60012,-5,-5
1860,1.0,-4,0,0,0,4,2,3,3,1,1,2,-4,0,0.0,5,2,0,315600,4,14,12,4,96727,0,0
1861,1.0,-4,0,0,0,2,1,2,2,2,1,2,-4,0,0.0,0,1,0,315600,4,14,12,4,80370,0,0
1862,1.0,-4,0,0,1,4,3,4,1,1,1,-4,-4,0,0.0,-4,2,0,532500,4,16,18,4,83526,0,0
1863,,-4,0,0,0,2,2,2,2,1,1,1,-4,0,,0,2,0,223500,4,20,15,4,-4,-5,-5
1864,1.0,-4,0,0,0,8,2,3,3,2,2,2,-4,0,1.0,20,2,0,164001,8,17,18,4,72828,0,0
1865,0.0,-4,0,0,0,5,2,2,5,3,2,4,-4,0,,0,2,0,78600,8,12,11,4,5094,0,0
1866,0.0,-4,0,6,0,15,2,2,4,5,3,4,-4,0,,-4,2,0,50,4,12,13,4,36880,0,0
1867,0.0,200011,0,0,0,0,2,2,2,1,1,-4,-4,0,0.0,-4,1,0,6767,5,13,14,3,23042,0,0
1868,1.0,-4,0,0,0,20,1,2,1,1,1,-4,-4,0,0.0,-4,1,-4,-4,5,13,14,3,4562,0,0
1869,0.0,200702,1,1,1,2,2,2,2,1,1,-4,-4,0,,-4,1,0,2575,6,14,12,3,67733,-2,1
1870,0.0,200207,0,2,0,3,1,1,3,1,1,-4,-4,1,0.0,-4,2,-4,-4,6,14,12,3,34176,0,1
1871,0.0,-4,0,0,0,8,2,1,4,1,1,-4,-4,0,0.0,-4,1,0,10309,3,-4,-4,3,2101,0,0
1872,0.0,199605,0,1,3,20,2,3,4,2,2,4,-4,1,0.0,0,1,0,24850,4,11,13,2,12042,0,-2
1873,0.0,-4,0,2,0,2,1,4,5,3,2,3,-4,1,1.0,50,1,0,-3,6,12,11,4,61196,0,0
1874,1.0,-4,0,0,0,2,2,3,4,3,1,-4,-4,0,0.0,-4,2,0,-3,6,12,11,4,57322,0,0
1875,1.0,-4,0,0,0,3,2,2,3,1,2,-4,-4,0,0.0,-4,2,-4,-4,2,-3,-3,4,34667,-5,-5
1876,1.0,199508,0,0,0,2,2,2,3,2,1,2,-4,0,0.0,2,2,0,305500,3,16,16,4,53822,0,0
1877,0.0,199808,0,1,1,6,3,3,4,5,3,4,-4,0,,40,2,0,24529,5,12,12,4,-4,0,0
1878,0.0,-4,0,1,3,2,2,3,3,1,1,-4,-4,0,0.0,-4,1,0,24529,5,12,12,4,-4,0,0
1879,0.0,-4,0,2,2,0,2,1,1,1,1,-4,-4,0,,-4,1,0,65000,4,18,12,4,12847,0,0
1880,1.0,-4,0,0,0,1,2,2,2,2,1,-4,-4,0,0.0,-4,2,0,30600,3,12,12,4,72197,0,0
1881,0.0,199401,0,-4,-4,-4,2,2,4,4,3,-2,-4,-3,,50,1,0,167750,3,12,14,3,-4,0,0
1882,1.0,-4,0,0,0,8,2,2,2,3,1,1,-4,0,0.0,0,1,0,-3,4,17,13,4,85935,0,0
1883,1.0,-4,0,0,0,3,2,2,1,1,1,-4,-4,0,0.0,-4,2,0,-3,4,17,13,4,46586,0,0
1884,1.0,-4,0,0,0,6,2,3,3,3,1,3,-4,0,0.0,10,2,0,-3,5,17,17,4,-4,0,0
1885,1.0,200810,0,0,0,0,2,3,2,2,1,-4,-4,1,0.0,-4,1,0,-3,5,17,17,4,-4,0,0
1886,0.0,-4,0,10,0,10,2,3,2,1,1,-4,-4,1,0.0,-4,1,0,81600,6,13,13,4,47733,0,0
1887,1.0,-4,0,0,0,1,2,2,2,1,1,-4,-4,0,0.0,-4,1,0,322001,4,20,20,4,73482,-5,-5
1888,1.0,200606,0,1,0,5,2,1,1,1,1,-4,-4,1,1.0,-4,1,0,55950,5,10,10,4,78908,0,0
1889,0.0,-4,0,0,0,10,2,2,3,2,1,2,-4,0,,0,2,0,11615,5,12,12,4,24026,-5,-5
1890,0.0,199810,0,0,0,3,3,2,2,2,2,-4,-4,0,,-4,1,0,11615,5,12,12,4,45126,-5,-5
1891,0.0,-4,0,0,0,22,3,2,1,1,1,-4,-4,1,,-4,1,0,11615,5,12,12,4,15538,-5,-5
1892,0.0,-4,0,0,0,6,2,3,3,2,1,1,-4,0,,2,1,0,88750,4,12,13,4,29378,-5,-5
1893,1.0,-4,0,0,0,0,2,1,3,2,1,-4,-4,1,0.0,-4,2,0,93500,4,12,12,4,65215,0,0
1894,1.0,-4,0,20,1,7,2,3,4,4,3,3,-4,0,0.0,50,2,0,147000,4,17,13,4,31442,0,0
1895,0.0,-4,0,20,0,5,2,2,4,2,1,-4,-4,1,0.0,-4,1,0,147000,4,17,13,4,13667,0,0
1896,1.0,199606,0,3,3,5,1,1,5,5,1,2,-4,1,0.0,-4,1,0,89500,3,14,12,4,72640,0,0
1897,1.0,-4,0,1,0,0,1,2,2,2,1,-4,-4,0,1.0,-4,2,0,230700,4,16,16,4,91477,0,0
1898,1.0,-4,0,0,0,2,2,3,2,1,1,-4,-4,0,0.0,-4,2,0,230700,4,16,16,4,79084,0,0
1899,1.0,-4,0,0,0,8,2,2,4,3,1,-4,-4,0,0.0,-4,2,0,15750,8,12,12,4,70197,-5,-5
1900,1.0,-4,0,0,0,12,1,2,4,2,1,-4,-4,0,1.0,-4,2,0,15750,8,12,12,4,64721,0,-2
1901,0.0,-4,0,3,0,0,2,3,5,4,1,3,-4,0,0.0,25,2,0,22400,4,14,16,4,22738,0,0
1902,0.0,201003,0,0,2,2,3,3,2,1,1,-4,-4,0,0.0,-4,1,0,22400,4,14,16,4,21999,0,0
1903,1.0,-4,0,0,0,1,1,2,3,3,1,2,-4,0,0.0,0,2,0,410500,4,-4,-4,4,58928,0,0
1904,1.0,-4,0,0,0,0,2,3,2,1,1,-4,-4,0,0.0,-4,1,0,410500,4,-4,-4,2,71435,0,0
1905,1.0,-4,0,10,0,1,2,3,5,4,1,3,-4,1,1.0,0,1,0,63200,3,18,15,4,71440,0,0
1906,1.0,-4,0,0,0,2,2,3,3,4,1,4,-4,0,,50,2,0,34500,2,12,12,4,63763,-5,-5
1907,0.0,-4,0,0,0,0,2,2,2,-2,-2,-4,-4,0,,-4,1,0,38550,2,12,11,4,28389,0,0
1908,1.0,-4,0,0,0,3,2,3,3,3,1,3,-4,0,0.0,50,2,0,-3,5,12,13,4,69209,0,0
1909,1.0,-4,0,0,0,5,2,3,2,1,1,-4,-4,0,0.0,-4,2,0,-3,5,12,13,4,78704,0,0
1910,0.0,-4,0,0,0,3,2,2,5,3,1,2,-4,0,,50,1,0,-48240,4,12,13,4,12099,0,0
1911,0.0,201001,0,0,1,3,2,1,3,1,1,-4,-4,0,0.0,-4,1,0,-48240,4,12,13,4,18279,0,0
1912,1.0,-4,0,0,0,14,2,2,3,2,1,-4,-4,0,0.0,-4,2,0,31800,2,10,13,4,75007,0,-4
1913,0.0,199603,0,-4,-4,-4,2,4,5,4,3,3,-4,1,1.0,10,2,0,753,3,12,13,4,19044,0,-4
1914,0.0,-4,0,0,0,8,2,2,1,2,1,4,-4,0,0.0,10,1,0,9800,2,12,14,2,85375,0,0
1915,0.0,200202,0,0,2,2,2,2,1,1,-2,-4,-4,0,,-4,1,0,-1000,3,12,12,1,-4,-5,-5
1916,1.0,199807,0,0,0,1,2,2,3,2,1,-4,-4,0,0.0,-4,2,0,74501,5,12,12,4,74732,0,0
1917,1.0,199811,0,2,0,10,2,3,2,5,3,-4,-4,0,,-4,2,0,227500,2,16,16,4,40913,-5,-5
1918,0.0,-4,0,0,0,0,2,1,1,1,1,-4,-4,1,0.0,-4,1,0,63750,6,16,14,4,89639,0,0
1919,1.0,-4,0,0,0,12,1,2,1,1,1,-4,-4,0,0.0,-4,1,0,63750,6,16,14,4,72831,0,0
1920,1.0,199607,6,0,1,4,2,1,2,2,1,-4,-4,0,,-4,1,0,600000,2,18,20,4,16257,-5,-5
1921,1.0,-4,0,2,0,0,1,1,1,1,1,-4,-4,0,0.0,-4,2,0,21750,5,12,16,4,69511,0,0
1922,1.0,-4,0,0,0,1,1,2,1,1,1,-4,-4,0,0.0,-4,1,0,21750,5,12,16,4,60013,-5,-5
1923,1.0,-4,0,0,0,7,1,2,2,1,1,1,-4,0,0.0,5,2,0,600000,5,16,16,4,91969,0,0
1924,0.0,-4,0,0,0,7,1,2,2,1,1,-4,-4,0,,-4,2,0,539500,8,14,13,4,80637,0,0
1925,1.0,-4,0,0,0,4,2,2,4,3,2,4,-4,1,1.0,0,1,0,369000,4,-4,-4,4,32697,0,0
1926,0.0,-4,0,0,0,5,2,2,2,1,1,1,-4,-3,,-3,2,0,1750,5,-3,12,2,-4,0,-4
1927,0.0,-4,0,1,0,0,2,3,2,1,3,3,-4,-3,,-3,1,0,1750,5,-4,12,2,-4,-5,-5
1928,0.0,200411,0,0,0,10,2,2,4,4,4,4,-4,0,0.0,36,2,0,2550,3,8,12,2,25486,0,1
1929,0.0,200710,2,2,2,10,2,3,2,2,2,-4,-4,1,0.0,-4,1,0,2550,3,8,12,2,36119,0,1
1930,0.0,199809,0,0,0,3,1,1,1,1,2,-4,-4,0,,-4,2,0,1500,5,9,9,2,-4,0,0
1931,0.0,199306,0,15,1,3,2,2,2,1,2,-4,-4,0,0.0,-4,1,0,-3,4,15,12,4,-4,0,0
1932,1.0,-4,0,0,0,3,2,2,3,3,1,2,-4,0,0.0,5,2,0,330500,4,16,16,4,89801,0,0
1933,1.0,-4,0,0,0,1,1,1,2,1,1,1,-4,0,0.0,0,1,0,2300,2,12,14,4,98824,0,0
1934,0.0,-4,0,2,0,30,2,3,5,5,3,4,-4,1,0.0,10,2,1,34000,3,14,10,4,31742,0,0
1935,0.0,199207,2,0,5,6,2,3,4,3,2,4,-4,0,1.0,50,1,0,500,3,12,13,4,1217,0,-4
1936,0.0,-4,0,0,0,0,2,2,1,1,1,-4,-4,0,,-4,1,0,2500,5,8,-3,2,7622,-5,-5
1937,1.0,-4,0,0,0,2,1,2,3,2,2,2,-4,1,0.0,0,1,1,14650,3,10,13,2,77544,0,1
1938,0.0,-4,0,0,0,1,2,3,3,3,3,3,-4,0,0.0,0,1,1,14650,3,10,13,2,25044,0,1
1939,0.0,199604,0,1,1,7,2,3,2,2,1,4,-4,0,,10,2,0,31300,4,10,10,2,8747,0,0
1940,0.0,-4,0,0,0,6,2,2,3,2,2,-4,-4,0,,-4,2,0,-3,4,8,9,2,40541,-5,-5
1941,0.0,-4,0,1,0,1,3,2,3,2,3,3,-4,0,0.0,0,2,0,11750,5,-3,5,2,9380,0,-2
1942,0.0,-4,0,0,1,1,2,2,3,2,3,-4,-4,0,0.0,-4,2,0,11750,5,-3,5,2,7670,0,0
1943,1.0,201108,0,0,0,1,2,3,2,2,1,4,-4,1,0.0,50,1,0,70500,4,20,17,4,67000,0,0
1944,1.0,199805,0,0,0,1,2,2,1,1,1,-4,-4,0,0.0,-4,1,0,70500,4,20,17,4,70219,0,0
1945,0.0,-4,0,0,0,1,2,2,1,1,1,1,-4,0,0.0,0,1,0,13465,2,-4,12,1,-4,0,-2
1946,0.0,-4,0,0,0,2,3,3,1,1,1,-4,-4,0,,-4,2,0,-3,4,12,12,4,81440,-5,-5
1947,1.0,-4,0,1,0,3,2,2,5,5,5,-4,-4,0,0.0,-4,2,0,46000,4,-3,13,4,38691,0,0
1948,0.0,199609,1,0,3,4,2,2,1,1,1,-4,-4,0,0.0,-4,1,0,500,4,-3,10,4,-4,0,0
1949,0.0,-4,0,0,0,0,2,1,1,1,2,-4,-4,1,0.0,-4,1,0,7550,2,12,16,1,23068,0,0
1950,1.0,-4,0,0,0,30,2,3,4,4,5,-4,-4,1,1.0,-4,2,0,25000,4,13,13,4,-4,0,0
1951,1.0,-4,0,0,0,0,1,2,3,3,2,2,-4,1,0.0,-4,1,0,92500,6,11,12,4,-4,0,0
1952,0.0,201004,0,3,0,6,2,3,5,2,2,-4,-4,0,0.0,-4,1,0,20900,5,12,-3,1,2276,-5,-5
1953,0.0,-4,0,0,0,10,2,2,2,2,3,-4,-4,0,1.0,-4,2,0,38250,8,3,3,2,11105,0,0
1954,0.0,-4,0,2,2,10,3,2,1,1,2,-4,-4,1,0.0,-4,2,0,36900,5,12,-3,1,11027,-2,-2
1955,0.0,199908,0,1,0,12,2,3,2,1,3,5,-4,1,,-4,1,0,24735,6,-3,12,1,13672,-5,-5
1956,1.0,-4,0,5,4,2,2,2,3,3,2,3,-4,1,0.0,-4,2,1,24735,6,-3,8,1,25968,0,0
1957,0.0,200207,1,0,1,3,2,2,1,2,3,2,-4,0,0.0,40,1,0,46750,4,-3,10,2,28424,0,0
1958,1.0,-4,0,0,0,5,2,1,1,1,1,-4,-4,0,,-4,1,0,46750,4,-3,10,2,16651,0,0
1959,1.0,-4,0,-4,-4,-4,-4,-4,1,1,1,5,-4,0,0.0,0,2,0,33250,3,-4,-3,1,37804,0,-4
1960,0.0,-4,0,0,0,1,2,2,2,1,3,-4,-4,0,0.0,-4,1,0,-3,5,4,3,2,-4,0,0
1961,0.0,199706,2,0,3,6,2,2,1,1,1,-4,-4,1,0.0,-4,1,0,-3,5,4,3,2,-4,0,0
1962,1.0,200107,0,0,0,2,1,1,2,1,1,-4,-4,0,0.0,-4,2,0,115000,3,12,13,4,-4,0,-2
1963,1.0,-4,0,0,0,2,2,2,1,1,1,-4,-4,0,0.0,-4,1,0,81500,3,12,12,4,49263,0,0
1964,1.0,199808,0,0,0,4,2,2,3,4,2,-4,-4,0,0.0,-4,2,0,29000,3,10,15,4,85938,0,-4
1965,0.0,200303,0,2,0,8,2,3,2,2,1,-4,-4,0,,-4,1,0,14850,5,12,14,2,70696,-5,-5
1966,1.0,-4,0,0,0,10,2,2,-2,1,1,1,-4,0,0.0,0,1,0,41500,5,16,16,2,12588,0,0
1967,1.0,200001,0,0,0,3,2,2,2,2,2,2,-4,1,0.0,20,1,0,43600,5,13,13,2,33299,0,0
1968,0.0,-4,0,0,0,8,2,2,2,2,1,-4,-4,0,0.0,-4,1,0,43600,5,13,13,2,19745,0,0
1969,1.0,-4,0,0,0,6,2,1,2,1,1,-4,-4,0,0.0,-4,2,0,43600,5,13,13,2,54080,0,0
1970,1.0,200306,0,1,0,2,2,2,1,1,2,-4,-4,1,1.0,-4,1,0,90000,4,14,16,3,95947,0,0
1971,1.0,-4,0,0,0,4,3,1,3,2,1,2,-4,0,,40,2,0,-45500,5,-3,12,1,33133,0,-4
1972,1.0,200212,0,1,1,6,2,2,1,1,1,-4,-4,0,0.0,-4,2,0,-45500,5,-3,12,1,31251,-2,-4
1973,1.0,200109,6,0,0,4,2,2,1,1,1,-4,-4,0,0.0,-4,1,0,313500,6,16,15,4,59661,0,0
1974,0.0,200006,0,2,2,2,2,2,1,1,-2,-4,-4,1,0.0,-4,1,-4,-4,3,12,13,4,79781,1,1
1975,0.0,-4,0,1,0,2,2,2,4,4,2,3,-4,0,0.0,-4,1,0,95500,5,12,12,2,91215,0,0
1976,0.0,-4,0,0,0,0,2,1,1,1,1,-4,-4,0,0.0,-4,1,0,95500,5,12,12,2,26572,0,0
1977,1.0,202311,0,0,0,14,2,2,2,2,1,3,-4,1,0.0,30,2,0,1550,4,11,13,1,72030,0,0
1978,0.0,200009,0,0,0,6,2,2,3,3,1,-4,-4,0,0.0,-4,2,-4,-4,3,11,10,2,-4,0,0
1979,1.0,-4,0,1,0,3,2,2,2,1,1,-4,-4,1,0.0,-4,1,0,3525,3,12,13,4,40825,-5,-5
1980,0.0,-4,0,1,0,15,2,4,3,4,4,4,-4,0,0.0,30,2,0,-46200,5,12,12,2,-4,0,0
1981,1.0,-4,0,15,2,23,3,4,5,4,4,3,-4,0,0.0,59,1,0,-46200,5,12,12,2,-4,-5,-5
1982,1.0,-4,0,0,0,5,2,2,3,2,1,-4,-4,0,0.0,-4,1,0,3450,5,9,9,2,72269,0,0
1983,0.0,-4,0,0,0,0,2,1,4,2,1,-4,-4,0,,-4,2,-4,-4,4,12,14,1,-4,0,0
1984,1.0,-4,0,0,0,0,2,2,1,1,1,-4,-4,0,0.0,-4,2,-4,-4,4,12,14,1,-4,0,0
1985,1.0,-4,0,0,0,2,1,1,2,3,1,2,-4,0,,0,1,0,5450,3,15,13,4,79554,0,0
1986,1.0,-4,0,0,0,3,1,2,2,1,1,-4,-4,1,,-4,2,0,-12000,4,14,14,4,-4,-5,-5
1987,0.0,-4,0,0,0,5,2,3,4,2,2,1,-4,1,0.0,0,2,0,32000,4,13,9,2,18689,0,0
1988,1.0,199301,0,3,0,10,2,1,4,4,5,-4,-4,0,0.0,-4,2,0,-2600,3,14,14,4,6960,-5,-5
1989,0.0,200502,0,0,0,15,1,1,3,-2,1,-2,-4,0,,0,2,0,520,2,-4,14,4,-4,0,-4
1990,1.0,200706,0,0,0,6,2,3,2,2,1,2,-4,0,0.0,30,1,0,14250,3,13,17,2,65402,0,1
1991,1.0,-4,0,0,0,3,1,2,4,4,2,-4,-4,0,0.0,-4,2,0,-19375,4,14,18,2,68479,0,0
1992,0.0,-4,0,0,0,-2,3,4,4,5,3,4,-4,0,,20,2,0,6600,5,-3,14,4,-4,0,0
1993,0.0,199703,0,1,0,-2,2,3,-2,-2,1,-4,-4,1,0.0,-4,1,0,6600,5,-3,14,4,-4,0,0
1994,1.0,-4,0,0,0,5,2,2,1,1,1,-4,-4,0,1.0,-4,1,0,-3,4,14,16,4,89773,0,0
1995,1.0,199502,0,0,0,10,2,4,2,3,1,4,-4,1,0.0,10,2,0,600000,4,16,-3,4,43292,0,0
1996,1.0,-4,0,1,0,0,1,1,2,2,1,-4,-4,0,0.0,-4,1,0,600000,4,16,-3,4,87225,-5,-5
1997,1.0,-4,0,0,0,3,1,3,3,3,1,3,-4,0,,0,2,-4,-4,5,6,14,2,-4,-5,-5
1998,1.0,-4,0,0,0,3,1,2,1,1,1,-4,-4,0,,-4,2,-4,-4,5,6,14,2,-4,0,0
1999,0.0,199507,0,0,0,2,2,2,3,1,1,2,-4,1,0.0,-4,1,0,-3,4,-3,12,1,24647,-5,-5
2000,0.0,199809,2,1,0,5,2,3,1,1,1,-4,-4,1,0.0,-4,1,0,-3,4,5,12,1,3967,0,1
2001,,-4,0,0,0,10,2,2,5,4,5,5,-4,0,0.0,-4,2,-4,-4,4,8,9,4,-4,0,0
2002,0.0,201912,0,0,0,0,3,3,2,1,1,-4,-4,0,0.0,-4,2,0,-3,4,9,10,4,42665,0,0
2003,0.0,-4,0,0,0,11,2,2,3,2,1,-4,-4,0,,-4,1,0,64650,6,10,9,4,25598,-5,-5
2004,0.0,-4,0,0,0,8,3,3,4,3,5,5,-4,0,0.0,0,2,1,-1675,5,-3,11,4,-4,0,-2
2005,0.0,200010,1,2,3,6,2,3,2,1,1,-4,-4,1,,-4,1,0,-1675,5,-3,11,4,-4,0,0
2006,1.0,200610,0,0,0,2,2,3,3,3,2,-4,-4,0,1.0,-4,1,0,11086,3,9,12,4,94797,0,0
2007,0.0,-4,0,0,0,30,3,2,5,4,2,3,-4,1,1.0,50,2,0,28300,4,12,9,4,12856,0,0
2008,0.0,199807,0,1,0,21,4,3,4,2,3,-4,-4,0,,-4,2,0,28300,4,12,9,4,3894,0,-2
2009,0.0,200106,2,2,1,29,2,3,5,4,5,5,-4,0,0.0,1,1,0,38250,4,-3,9,4,3994,0,0
2010,0.0,200307,0,0,0,4,2,2,2,1,1,-4,-4,0,0.0,-4,1,0,38250,4,9,9,4,34266,0,0
2011,0.0,199812,0,0,0,4,2,3,4,4,3,5,-4,0,0.0,0,2,0,4000,5,-3,12,4,25644,-5,-5
2012,0.0,199910,0,0,15,3,4,4,5,5,4,-4,-4,0,0.0,-4,2,0,4000,5,-3,12,4,-4,1,1
2013,0.0,199910,3,0,0,0,2,1,2,2,2,-4,-4,0,0.0,-4,1,0,6700,3,11,-3,4,15714,-2,1
2014,0.0,200411,0,0,0,0,2,3,2,1,1,-4,-4,0,0.0,-4,1,0,54250,3,7,8,4,-4,0,0
2015,0.0,-4,0,0,0,5,3,3,4,5,4,2,-4,1,0.0,-2,2,0,-1750,3,-3,11,1,1723,0,0
2016,0.0,199701,0,0,0,5,3,4,3,3,1,4,-4,1,0.0,25,2,0,-1750,3,-3,11,1,10172,0,0
2017,1.0,199701,0,1,0,7,2,2,3,3,1,4,-4,0,0.0,0,2,0,32550,3,12,12,1,71305,0,0
2018,0.0,199103,1,0,0,7,2,2,4,4,2,5,-4,0,0.0,50,1,0,21950,4,10,10,1,25863,0,0
2019,0.0,200012,0,0,0,40,3,2,5,5,5,5,-4,1,0.0,10,1,0,-3,3,-3,12,1,10803,0,0
2020,0.0,201210,0,0,0,10,2,2,2,1,1,3,-4,0,,-4,2,-4,-4,4,-3,10,1,29400,0,1
2021,0.0,-4,0,0,2,10,1,2,3,3,1,-4,-4,0,,-4,2,0,18050,3,12,11,1,-4,-5,-5
2022,0.0,-4,0,0,0,5,2,2,3,2,1,3,-4,0,0.0,0,2,0,-3,4,12,12,1,14494,0,0
2023,1.0,-4,0,1,0,0,2,3,5,2,-2,5,-4,0,,0,2,0,-3,5,12,13,1,2872,-5,-5
2024,0.0,199807,0,0,1,0,3,1,-2,-2,1,-4,-4,0,,-4,1,0,-3,5,12,13,1,2754,-5,-5
2025,1.0,199702,0,0,0,1,1,2,3,1,1,-4,-4,0,0.0,-4,2,0,11000,3,12,13,1,-4,0,0
2026,0.0,200310,0,3,3,11,3,2,3,3,2,-4,-4,0,0.0,-4,2,0,-1750,4,14,12,1,12956,0,0
2027,1.0,-4,0,0,0,0,2,2,3,-2,-2,-2,-4,0,0.0,0,2,0,-3,5,16,16,4,81228,-5,-5
2028,1.0,-4,0,1,0,-2,2,1,4,1,2,-4,-4,0,0.0,-4,2,0,-3,5,16,16,4,65556,0,0
2029,0.0,200202,0,0,0,0,2,1,3,1,1,-4,-4,0,0.0,-4,1,0,207026,4,12,12,4,66898,0,0
2030,1.0,-4,0,0,0,0,2,3,2,1,1,5,-4,0,0.0,0,1,0,-3,2,14,18,1,67068,0,0
2031,0.0,-4,0,0,0,-2,2,2,5,3,-2,5,-4,0,,0,2,0,-3,5,12,12,4,8490,0,-2
2032,1.0,199810,0,4,1,2,2,2,4,4,1,-4,-4,1,,-4,1,0,2480,3,-3,12,1,22339,1,-4
2033,1.0,-4,0,0,0,1,2,1,3,2,1,-4,-4,0,0.0,-4,2,0,297500,5,16,12,4,-4,0,0
2034,,-4,0,0,0,3,1,2,2,1,1,-4,-4,0,,-4,2,0,256500,4,18,18,4,62397,-5,-5
2035,1.0,-4,0,0,0,0,2,2,3,3,2,3,-4,0,0.0,2,1,-4,-4,4,14,14,4,82494,-5,-5
2036,0.0,-4,0,0,0,10,2,2,1,1,1,-4,-4,0,,-4,2,0,71600,5,12,15,1,57980,0,0
2037,1.0,-3,0,0,0,0,2,1,5,5,4,5,-4,1,0.0,0,1,1,4250,5,12,12,2,10835,0,0
2038,0.0,-4,0,0,0,2,2,3,3,5,2,-4,-4,0,0.0,-4,2,1,4250,5,12,12,1,33291,-5,-5
2039,1.0,-4,0,0,0,7,2,2,1,1,1,-4,-4,0,0.0,-4,2,0,81526,4,13,13,4,86924,0,0
2040,1.0,-4,0,0,0,4,2,3,4,4,1,3,-4,1,1.0,3,2,0,126000,5,16,16,4,95918,0,0
2041,0.0,199508,3,0,2,42,4,4,4,3,3,-4,-4,0,,-4,1,0,126000,5,16,16,4,79539,0,0
2042,1.0,-4,0,0,0,5,1,1,3,2,1,1,-4,1,0.0,10,1,0,-3,4,18,12,4,91123,0,0
2043,1.0,-4,0,0,0,5,2,1,1,1,1,-4,-4,0,0.0,-4,1,0,-3,4,18,12,4,82023,0,0
2044,1.0,-4,0,0,0,10,2,2,4,3,1,3,-4,0,,10,2,0,283501,4,16,16,4,-4,-5,-5
2045,1.0,-4,0,1,0,2,1,1,3,2,1,-4,-4,0,1.0,-4,1,0,283501,4,16,16,4,-4,0,0
2046,1.0,200912,0,1,0,0,2,3,5,3,1,4,-4,0,,0,1,-4,-4,4,16,20,4,21494,0,0
2047,1.0,200204,2,0,0,0,2,2,1,1,1,-4,-4,0,0.0,-4,1,-4,-4,4,16,20,4,8766,0,0
2048,1.0,199801,0,1,1,2,2,3,3,4,1,2,-4,1,0.0,0,1,0,501,3,20,-4,4,100000,-5,-5
2049,0.0,-4,0,0,0,0,2,3,3,4,2,-4,-4,0,,-4,1,-4,-4,4,16,12,4,28619,0,0
2050,1.0,-4,0,0,0,0,2,1,2,2,1,2,-4,0,0.0,0,1,-4,-4,5,16,13,4,65383,-5,-5
2051,1.0,-4,0,0,0,0,1,1,3,2,1,-4,-4,0,0.0,-4,1,-4,-4,5,16,13,4,93136,0,0
2052,1.0,-4,0,0,0,10,1,1,4,5,1,3,-4,0,,3,2,0,160000,6,12,13,4,76751,-5,-5
2053,1.0,-4,0,1,0,7,2,1,3,4,1,3,-4,0,,-4,2,0,160000,6,12,13,4,60855,-5,-5
2054,1.0,199906,0,0,0,2,2,2,3,1,1,3,-4,0,,25,1,0,170600,5,19,15,4,67203,0,0
2055,1.0,-4,0,0,0,2,2,2,2,1,1,-4,-4,0,0.0,-4,2,0,170600,5,19,15,4,78365,0,0
2056,1.0,200906,1,0,0,2,1,2,2,1,1,-4,-4,0,0.0,-4,2,0,-935251,6,16,13,4,94948,0,0
2057,1.0,200202,0,0,0,0,2,1,3,2,1,1,-4,0,0.0,-4,1,0,566500,5,16,18,4,83550,0,0
2058,1.0,-4,0,0,0,1,2,1,1,1,1,-4,-4,0,,-4,1,0,566500,5,16,18,4,68947,-5,-5
2059,1.0,199203,0,0,0,3,2,1,2,2,1,1,-4,0,0.0,3,2,0,324500,6,16,20,4,90020,0,0
2060,1.0,199808,0,0,0,2,1,1,1,1,1,-4,-4,0,0.0,-4,1,0,324500,6,16,20,4,64563,0,0
2061,1.0,-4,0,0,0,0,1,2,3,2,1,2,-4,0,0.0,10,2,-4,-4,5,10,16,4,84087,0,0
2062,1.0,-4,0,0,0,0,2,2,3,1,1,-4,-4,0,1.0,-4,1,0,498000,3,19,18,4,100000,0,0
2063,1.0,-4,0,0,0,0,2,2,4,4,2,2,-4,0,0.0,10,2,0,-3,4,17,18,4,58750,0,0
2064,0.0,-4,0,0,0,0,2,2,5,3,1,3,-4,0,0.0,50,1,0,221500,5,13,16,4,-4,-5,-5
2065,1.0,202206,0,0,0,1,1,2,4,2,1,-4,-4,0,0.0,-4,1,0,221500,5,13,16,4,33774,-5,-5
2066,1.0,-4,0,0,0,-2,2,2,2,2,1,2,-4,0,0.0,5,2,0,-3,4,19,16,4,79092,0,0
2067,1.0,-4,0,0,0,-2,2,2,2,1,1,-4,-4,0,,-4,2,0,-3,4,19,16,4,69759,0,0
2068,1.0,-4,0,1,0,2,1,1,1,1,1,-4,-4,0,0.0,-4,1,0,452500,3,20,20,4,75919,0,0
2069,1.0,-4,0,0,0,-2,2,2,1,1,2,-4,-4,1,1.0,-4,2,0,452500,3,20,20,4,100000,0,0
2070,1.0,199606,0,0,0,10,2,3,5,5,2,-4,-4,1,0.0,-4,1,0,-3,5,-3,20,4,88577,0,-4
2071,1.0,-4,0,0,0,3,2,2,1,1,1,-4,-4,1,1.0,-4,1,0,251001,5,16,13,4,64541,0,0
2072,1.0,-4,0,0,0,5,2,2,1,1,1,-4,-4,0,0.0,-4,1,0,505000,5,13,16,4,99668,0,0
2073,1.0,-4,0,0,0,8,2,2,3,3,-2,3,-4,0,,10,1,0,-3,3,-3,18,4,74078,0,0
2074,1.0,-4,0,0,0,0,2,2,3,3,2,-4,-4,0,0.0,-4,1,0,165500,4,14,14,4,60600,0,0
2075,1.0,-4,0,0,0,0,2,2,4,3,1,-4,-4,0,0.0,-4,2,0,91100,5,14,13,4,76549,0,0
2076,1.0,199411,0,0,0,5,1,2,3,3,1,4,-4,0,1.0,10,1,0,79620,5,12,12,4,89701,-5,-5
2077,1.0,-4,0,0,0,1,3,2,3,3,1,-4,-4,0,0.0,-4,2,0,79620,5,12,12,4,90204,0,0
2078,1.0,-4,0,0,0,4,3,3,2,1,1,-4,-4,1,0.0,-4,2,0,145750,4,16,18,4,81194,-5,-5
2079,1.0,-4,0,0,0,0,1,3,4,2,2,2,-4,0,0.0,0,2,0,126000,4,12,12,4,52496,0,0
2080,1.0,-4,0,0,0,7,2,3,2,1,1,-4,-4,0,0.0,-4,2,0,126000,4,12,12,4,94958,0,0
2081,1.0,200206,0,1,0,1,2,2,3,2,2,-4,-4,1,,-4,1,0,-3,5,16,12,4,84887,0,0
2082,0.0,-4,0,0,0,10,2,3,3,2,1,-4,-4,0,,-4,1,0,237001,4,16,16,4,49822,-5,-5
2083,1.0,199803,0,0,0,1,2,3,3,4,1,3,-4,0,0.0,10,2,0,138000,4,19,13,4,70555,0,0
2084,1.0,-4,0,0,0,4,2,2,4,3,1,-4,-4,0,0.0,-4,2,0,138000,4,19,13,4,72707,0,0
2085,1.0,-4,0,0,0,0,1,2,3,3,1,2,-4,0,0.0,10,2,0,79800,5,14,16,4,92942,-5,-5
2086,1.0,-4,0,0,0,2,2,1,1,1,1,-4,-4,0,0.0,-4,1,0,79800,5,14,16,4,97538,-5,-5
2087,1.0,-4,0,0,0,1,1,2,2,1,1,-4,-4,0,0.0,-4,1,-4,-4,5,12,12,4,-4,0,0
2088,1.0,-4,0,2,0,5,3,2,5,3,3,5,-4,1,1.0,5,1,0,233000,3,12,13,4,76341,0,0
2089,1.0,-4,0,0,0,2,2,1,3,4,1,2,-4,0,0.0,10,1,0,490001,5,16,16,4,86654,0,0
2090,1.0,-4,0,0,0,2,2,2,3,2,1,-4,-4,0,1.0,-4,2,0,490001,5,16,16,4,99241,0,0
2091,1.0,-4,0,0,0,4,1,1,2,1,1,1,-4,0,0.0,1,2,0,-3,5,16,16,4,92593,0,0
2092,1.0,200606,0,0,0,0,2,4,1,1,1,-4,-4,0,1.0,-4,1,0,162500,6,16,16,4,85820,0,0
2093,0.0,200101,2,1,5,3,2,3,4,4,5,5,-4,0,0.0,-4,1,0,-3,5,13,13,1,19094,0,0
2094,0.0,-4,0,1,0,5,2,2,3,4,1,-4,-4,0,0.0,-4,2,0,22475,4,14,16,4,57882,0,0
2095,0.0,200104,0,0,0,5,2,4,3,3,2,-4,-4,0,0.0,-4,1,0,54636,4,12,13,4,35916,0,0
2096,1.0,200109,0,0,0,6,1,1,1,1,1,-4,-4,0,0.0,-4,1,0,-10400,3,12,16,4,85528,0,0
2097,0.0,199811,0,1,0,3,2,2,4,3,1,5,-4,1,1.0,25,2,0,-2250,4,16,12,1,12522,1,0
2098,0.0,-4,0,0,0,5,2,3,5,3,2,5,-4,0,,0,2,0,-1900,5,-3,8,1,-4,1,1
2099,0.0,200005,0,0,10,4,2,3,5,4,5,5,-4,0,1.0,50,1,0,-250,5,-3,10,1,70835,0,1
2100,0.0,200601,0,0,7,-2,2,2,5,4,5,-4,-4,1,1.0,-4,1,0,-250,5,-3,10,1,17689,-2,1
2101,1.0,-4,0,3,1,0,2,1,3,1,3,-4,-4,1,1.0,-4,2,-4,-4,3,-4,-3,1,40241,0,0
2102,1.0,-4,0,0,0,25,1,2,5,1,2,5,-4,0,0.0,2,2,0,4050,7,12,12,1,24844,0,0
2103,0.0,-4,0,0,0,5,2,2,2,1,2,-4,-4,1,0.0,-4,2,0,4050,7,12,12,1,37476,0,0
2104,1.0,199511,0,2,1,2,4,2,3,2,1,-4,-4,0,0.0,-4,2,0,8800,3,12,12,1,35738,0,0
2105,1.0,200303,0,2,3,1,3,4,3,4,5,5,-4,1,0.0,0,2,0,74650,5,-4,12,1,14151,0,0
2106,1.0,199601,0,0,0,0,2,3,4,5,3,5,-4,0,0.0,80,2,0,243493,3,17,18,3,27771,0,0
2107,1.0,-4,0,0,0,1,2,2,3,4,2,-4,-4,0,0.0,-4,2,0,46800,3,12,13,1,61498,0,1
2108,0.0,-4,0,0,0,9,3,3,3,3,2,2,-4,0,,-4,1,0,9750,3,-3,12,1,13614,0,0
2109,1.0,-4,0,3,0,3,2,2,3,1,1,-4,-4,1,1.0,-4,2,0,-3,4,14,14,4,-4,-5,-5
2110,0.0,-4,0,0,0,25,4,4,4,5,1,3,-4,1,0.0,0,1,0,5900,6,12,12,4,-4,0,0
2111,0.0,-4,0,0,1,0,2,2,2,3,1,3,-4,0,0.0,0,1,0,83050,3,12,12,4,25451,0,0
2112,1.0,-4,0,0,0,0,1,1,2,1,1,1,-4,0,0.0,0,2,0,75800,4,12,16,4,98502,0,0
2113,1.0,-4,0,0,0,0,2,2,1,1,1,-4,-4,0,0.0,-4,1,0,75800,4,12,16,4,85179,-5,-5
2114,1.0,201404,1,0,0,5,1,2,3,3,1,2,-4,0,0.0,-4,1,-4,-4,5,-4,12,4,-4,0,0
2115,0.0,-4,0,0,0,6,2,4,4,3,1,4,-4,0,0.0,0,2,1,7900,3,11,12,4,-4,0,0
2116,0.0,200007,0,0,0,2,2,2,4,4,2,4,-4,1,1.0,0,1,-4,-4,6,10,12,4,-4,-5,-5
2117,0.0,-4,0,1,0,16,2,2,2,1,1,-4,-4,1,1.0,-4,2,0,500,5,11,10,4,44728,0,0
2118,0.0,201408,0,20,5,12,2,1,1,1,1,-4,-4,1,0.0,-4,1,0,500,5,11,10,4,16213,0,0
2119,0.0,199508,0,0,0,9,2,4,5,5,3,5,-4,-3,1.0,0,1,0,500,5,-3,12,4,15819,-5,-5
2120,1.0,-4,0,0,0,3,2,1,1,1,1,-4,-4,0,1.0,-4,1,0,209500,4,17,14,4,68691,0,0
2121,1.0,-4,0,0,0,5,1,4,2,3,2,3,-4,1,1.0,50,1,0,17602,4,17,14,4,58884,0,0
2122,1.0,201608,0,0,0,-2,3,2,1,1,1,-4,-4,0,0.0,-4,1,0,17602,4,17,14,4,43902,0,0
2123,1.0,-4,0,0,0,7,2,2,2,3,1,3,-4,1,,50,1,0,11000,4,12,16,4,68136,0,0
2124,0.0,-4,0,2,0,5,2,1,5,4,2,-4,-4,1,0.0,-4,2,0,11000,4,12,16,4,55643,0,0
2125,1.0,-4,0,0,0,3,1,1,3,1,1,-4,-4,1,0.0,-4,2,0,-3,4,18,12,2,-4,-5,-5
2126,1.0,200512,0,6,0,0,1,3,5,5,1,-4,-4,0,0.0,-4,2,0,282700,4,12,12,4,-4,0,0
2127,1.0,-4,0,-4,-4,-4,-4,-4,4,4,-2,4,-4,0,,10,2,0,-3,5,14,12,4,81430,-5,-5
2128,1.0,-4,0,0,0,1,2,3,3,3,2,-4,-4,0,,-4,1,0,-3,5,14,12,4,27349,0,0
2129,1.0,-4,0,0,0,1,2,1,1,1,1,-4,-4,0,0.0,-4,1,-4,-4,6,-3,-3,4,47910,0,0
2130,1.0,-4,0,0,0,1,2,2,3,1,2,-4,-4,0,0.0,-4,1,0,45200,7,12,-4,4,91337,0,0
2131,1.0,-4,0,0,0,4,2,2,2,3,1,2,-4,0,1.0,10,1,0,-3,6,12,14,4,78236,-5,-5
2132,1.0,-4,0,1,0,2,2,2,4,3,2,-4,-4,0,0.0,-4,2,0,-3,6,12,14,4,37719,0,0
2133,1.0,-4,0,0,0,1,1,2,1,1,1,1,-4,0,0.0,-4,2,0,-3,4,16,12,4,93630,0,0
2134,1.0,199507,1,1,4,4,2,4,4,5,3,5,-4,0,0.0,0,1,0,-3,3,14,14,1,13657,-5,-5
2135,1.0,-4,0,0,0,3,2,2,5,4,3,-4,-4,0,0.0,-4,2,0,10500,5,12,5,1,22388,0,0
2136,1.0,199910,0,0,1,7,1,1,3,-2,1,-4,-4,0,0.0,-4,1,0,6750,5,-4,16,4,36484,0,-4
2137,0.0,-4,0,0,0,0,2,2,1,1,1,-4,-4,0,0.0,-4,1,0,82500,3,13,14,4,49108,0,0
2138,1.0,199806,4,0,1,8,2,3,3,4,2,4,-4,0,0.0,50,1,0,-3,4,12,12,4,60202,-5,-5
2139,0.0,199207,0,3,0,5,2,3,3,4,2,2,-4,0,0.0,10,1,0,-28150,3,14,12,4,-4,0,0
2140,1.0,-4,0,0,0,4,2,2,2,2,1,1,-4,0,,0,2,0,-3,6,14,12,4,89919,-5,-5
2141,1.0,200403,0,0,0,4,2,2,1,1,1,-4,-4,0,0.0,-4,1,0,177550,3,13,12,4,53137,0,0
2142,1.0,-4,0,-4,-4,-4,2,2,1,1,1,-4,-4,0,0.0,-4,2,0,60700,5,12,12,4,57031,0,0
2143,1.0,-4,0,0,0,0,2,2,1,1,1,-4,-4,0,0.0,-4,2,0,60700,5,12,12,4,40698,0,0
2144,1.0,200206,0,1,0,2,2,2,5,3,1,-4,-4,0,,-4,1,0,77200,5,16,14,4,34281,-5,-5
2145,1.0,-4,0,0,0,1,2,3,3,3,1,4,-4,1,1.0,10,1,0,96502,3,-3,12,4,-4,0,0
2146,1.0,-4,0,0,0,3,1,2,1,1,1,-4,-4,0,0.0,-4,2,0,600000,4,16,16,4,94708,0,0
2147,1.0,-4,0,0,0,9,2,3,3,2,1,3,-4,0,0.0,5,1,0,172500,4,14,14,4,92476,0,0
2148,0.0,-4,0,2,2,15,3,3,5,4,4,5,-4,0,,-3,2,1,600000,5,18,12,4,29661,0,0
2149,1.0,200810,0,0,0,0,2,3,1,1,1,-4,-4,0,1.0,-4,1,0,-3,4,19,14,4,-4,0,0
2150,0.0,-4,0,0,0,1,1,2,4,5,-2,4,-4,0,,2,1,-4,-4,5,14,12,4,33444,0,0
2151,1.0,-4,0,0,0,0,2,2,2,3,1,3,-4,0,0.0,50,1,-4,309501,5,14,12,4,72993,-5,-5
2152,1.0,-4,0,0,0,5,2,3,4,4,1,3,-4,1,0.0,0,2,0,96750,2,16,16,4,93180,0,0
2153,1.0,-4,0,0,0,12,2,2,3,2,1,-4,-4,0,0.0,-4,2,1,-800,4,12,14,4,43841,0,0
2154,0.0,199908,0,0,0,6,3,2,4,5,1,3,-4,1,0.0,50,1,1,800,5,9,10,4,17772,-5,-5
2155,0.0,-4,0,0,0,3,2,2,5,4,1,2,-4,0,,0,2,-4,5300,5,12,10,4,32079,0,0
2156,1.0,-4,0,0,0,9,1,3,3,3,1,2,-4,1,,50,2,1,-6000,4,-3,12,4,65472,0,0
2157,0.0,199501,0,0,0,20,2,2,4,5,1,4,-4,0,0.0,15,2,0,-15850,7,10,8,4,37558,0,1
2158,0.0,199607,0,10,10,30,2,2,4,5,2,-4,-4,1,0.0,-4,1,0,-15850,7,10,8,4,1283,0,1
2159,1.0,-4,0,12,2,6,2,4,1,1,1,1,-4,1,1.0,-4,1,1,39440,4,-4,10,4,20547,0,-4
2160,0.0,200107,0,0,0,7,3,3,1,1,1,-4,-4,0,0.0,-4,2,1,-13250,2,12,14,2,38536,0,-2
2161,0.0,199605,0,0,1,5,2,3,3,3,2,2,-4,0,,0,1,1,17100,2,12,12,4,-4,0,-2
2162,1.0,-4,0,0,0,0,1,2,3,2,1,-4,-4,0,0.0,-4,1,0,-3,4,19,16,4,94075,0,0
2163,1.0,-4,0,0,0,3,1,3,3,2,1,2,-4,0,0.0,3,2,0,430500,4,17,16,4,90416,0,0
2164,1.0,199911,1,0,0,4,2,2,1,2,1,1,-4,0,0.0,-4,1,0,-313250,4,16,16,4,82791,0,0
2165,1.0,-4,0,1,0,5,2,2,1,1,1,-4,-4,0,1.0,-4,1,0,390001,4,16,16,4,64890,0,0
2166,0.0,-4,0,2,1,0,3,3,4,3,1,2,-4,0,0.0,-4,1,0,-18650,4,16,16,4,10258,0,0
2167,1.0,-4,0,3,2,6,2,2,2,1,1,-4,-4,1,1.0,-4,1,0,-18650,4,16,16,4,75942,-5,-5
2168,1.0,200511,0,0,0,4,2,2,2,1,1,3,-4,0,,15,1,0,6000,3,14,16,4,86587,-5,-5
2169,1.0,-4,0,0,0,10,2,2,1,1,1,-4,-4,0,0.0,-4,2,0,416200,3,16,16,4,76398,-5,-5
2170,1.0,-4,0,0,0,2,3,2,1,1,1,-4,-4,0,0.0,-4,2,0,50500,3,-3,14,2,10750,0,0
2171,1.0,-4,0,0,0,5,1,1,1,1,1,-4,-4,0,0.0,-4,2,0,-104500,5,16,20,4,82748,0,0
2172,0.0,199910,1,2,2,3,2,3,4,3,2,3,-4,0,0.0,10,1,0,430200,5,13,14,4,43193,0,0
2173,0.0,-4,0,0,0,12,2,3,2,2,1,2,-4,1,,15,1,0,-3,5,-3,16,4,45578,-5,-5
2174,1.0,-4,0,0,0,10,1,2,4,3,2,4,-4,0,0.0,25,2,0,18700,6,10,12,4,65012,0,0
2175,0.0,199806,0,3,0,0,3,3,4,2,2,-4,-4,1,,-4,1,0,18700,6,10,12,4,-4,0,0
2176,0.0,199710,0,1,0,0,2,2,2,2,1,2,-4,0,0.0,30,2,0,-950,5,12,12,4,49926,0,0
2177,1.0,-4,0,0,0,5,1,1,1,1,1,-4,-4,0,0.0,-4,2,0,32900,4,12,12,4,96575,-5,-5
2178,0.0,200304,0,0,12,2,2,2,1,1,1,-4,-4,0,0.0,-4,1,0,12500,4,12,12,4,2746,-5,-5
2179,0.0,-4,0,0,0,0,2,2,1,1,1,-4,-4,0,0.0,-4,2,0,4500,3,12,12,4,-4,-5,-5
2180,0.0,-4,0,1,0,8,1,2,2,1,1,-4,-4,1,,-4,2,0,111250,3,16,15,4,-4,0,1
2181,1.0,-4,0,0,0,2,2,2,3,4,1,-4,-4,0,0.0,-4,1,0,132500,4,16,16,4,-4,0,0
2182,1.0,200001,0,0,0,0,1,1,2,2,1,2,-4,0,0.0,0,1,0,-3,5,14,14,4,80748,0,0
2183,1.0,200612,0,0,0,0,2,2,3,1,1,-4,-4,0,0.0,-4,1,0,-3,5,14,14,4,91840,0,0
2184,1.0,-4,0,0,0,5,3,2,4,4,1,5,-4,0,0.0,0,2,0,61850,4,12,12,4,29951,-5,-5
2185,0.0,-4,0,0,0,2,1,1,3,2,1,-4,-4,0,0.0,-4,1,0,125600,4,13,12,4,33797,0,0
2186,0.0,199807,0,0,0,1,2,2,2,1,1,-4,-4,0,0.0,-4,1,0,385250,4,12,12,4,-4,0,0
2187,1.0,-4,0,0,0,5,2,2,1,1,1,-4,-4,1,1.0,-4,1,0,266800,4,12,12,4,80143,0,0
2188,0.0,201508,1,1,0,28,2,3,3,5,4,4,-4,0,0.0,25,1,0,51500,8,12,12,4,60000,0,0
2189,0.0,-4,0,0,0,1,2,2,3,5,1,5,-4,0,0.0,10,1,-4,-4,8,12,12,4,49275,0,0
2190,1.0,-4,0,0,0,2,1,2,1,1,1,-4,-4,0,0.0,-4,1,0,600000,4,-4,-4,4,85360,0,0
2191,1.0,-4,0,0,0,4,2,2,2,1,1,-4,-4,0,0.0,-4,2,0,600000,3,20,14,4,90918,0,0
2192,0.0,200004,0,0,0,2,2,2,3,3,1,-4,-4,0,0.0,-4,2,0,63500,5,16,14,4,-4,0,0
2193,0.0,-4,0,0,0,1,2,2,3,3,1,1,-4,0,0.0,0,1,0,209350,5,12,12,4,5429,-5,-5
2194,0.0,-4,0,0,0,1,2,2,-2,1,1,-4,-4,0,0.0,-4,2,0,45050,4,12,12,4,4638,0,0
2195,1.0,-4,0,0,0,2,2,2,1,1,1,-4,-4,0,0.0,-4,2,0,238750,5,16,14,4,71158,-5,-5
2196,0.0,200408,0,0,0,0,1,3,-2,-2,-2,-2,-4,0,1.0,5,2,0,-3,4,-3,8,4,-4,0,0
2197,1.0,-4,0,0,0,4,3,3,3,1,1,-4,-4,0,0.0,-4,1,-4,-4,4,12,12,4,25838,-5,-5
2198,1.0,-4,0,0,0,2,2,2,3,3,1,2,-4,0,0.0,0,2,0,421500,5,13,12,4,22337,-5,-5
2199,0.0,-4,0,0,0,3,1,2,1,1,1,-4,-4,0,,-4,1,0,421500,5,13,12,4,35954,-5,-5
2200,1.0,-4,0,0,0,3,2,1,1,1,1,-4,-4,0,,-4,1,0,600000,3,20,18,2,96270,-5,-5
2201,1.0,-4,0,0,0,6,2,1,4,3,1,2,-4,0,,0,2,0,-3,5,20,16,4,40239,0,0
2202,1.0,-4,0,0,0,7,2,2,2,2,1,1,-4,0,,0,2,0,512500,4,16,16,4,-4,0,0
2203,1.0,-4,0,0,0,0,2,2,1,1,1,-4,-4,0,0.0,-4,2,0,247001,5,18,12,4,-4,-5,-5
2204,1.0,-4,0,0,0,2,2,3,3,3,1,1,-4,0,0.0,15,2,0,600000,5,15,16,4,83367,0,0
2205,1.0,-4,0,0,0,1,2,2,3,4,1,2,-4,0,0.0,5,1,0,92200,4,20,18,4,99249,0,0
2206,1.0,-4,0,0,3,20,1,3,1,1,1,-4,-4,0,0.0,-4,1,0,92200,4,20,18,4,89762,0,0
2207,1.0,200709,0,0,0,2,2,2,3,4,1,1,-4,1,0.0,5,1,0,287500,3,12,13,4,56853,0,0
2208,1.0,-4,0,0,0,1,2,2,-2,-2,1,-2,-4,0,0.0,3,1,0,398500,4,16,16,4,96961,0,0
2209,1.0,-4,0,0,0,2,2,2,2,1,1,1,-4,0,0.0,-4,1,0,398500,4,16,16,4,82015,0,0
2210,0.0,199610,0,0,0,0,2,2,4,3,1,-2,-4,0,1.0,0,1,0,119200,4,18,17,4,94085,0,0
2211,1.0,-4,0,0,0,5,2,-2,1,1,-2,-4,-4,0,0.0,-4,1,0,119200,4,18,17,4,82887,0,0
2212,0.0,200612,0,0,0,0,2,3,4,2,1,-4,-4,1,1.0,-4,1,0,-3,4,95,14,4,77782,0,0
2213,1.0,-4,0,0,0,0,2,2,2,1,1,-4,-4,1,0.0,-4,1,0,133300,5,-4,12,4,83360,0,0
2214,1.0,-4,0,0,1,1,2,2,3,4,1,1,-4,0,,0,1,-4,-4,4,14,12,4,43857,-5,-5
2215,1.0,200305,0,2,4,2,2,1,3,1,1,-4,-4,1,,-4,1,-4,-4,4,14,12,4,89965,0,0
2216,0.0,-4,0,0,0,2,2,3,2,4,1,2,-4,0,,10,2,0,-3,5,14,14,4,75137,-5,-5
2217,0.0,200004,0,4,4,10,2,3,5,5,4,5,-4,1,0.0,20,2,0,-3,4,-3,11,4,16783,-5,-5
2218,1.0,-4,0,2,0,1,1,2,3,1,1,-4,-4,1,,-4,1,0,136250,4,18,18,4,21847,0,0
2219,1.0,-4,0,1,0,0,2,2,4,3,1,2,-4,0,0.0,0,2,0,15750,4,12,12,4,-4,0,0
2220,1.0,-4,0,1,1,0,2,2,1,1,1,-4,-4,1,0.0,-4,1,0,15750,4,12,12,4,-4,0,0
2221,,-4,0,0,0,1,1,2,3,1,1,3,-4,0,,15,1,0,237500,5,18,16,4,42849,-5,-5
2222,0.0,-4,0,0,0,14,3,4,3,4,1,4,-4,0,,50,2,0,88250,5,16,15,4,-4,0,0
2223,0.0,-4,0,0,0,15,2,4,3,3,1,4,-4,0,0.0,30,2,0,88250,5,16,15,4,-4,0,0
2224,0.0,-4,0,0,2,12,4,4,1,1,1,-4,-4,0,,-4,1,0,88250,5,16,15,4,-4,-5,-5
2225,0.0,200410,0,0,0,10,3,2,2,1,1,-4,-4,0,0.0,-4,1,0,88100,4,10,12,4,57518,-5,-5
2226,1.0,199908,0,0,0,2,2,2,4,2,1,-4,-4,0,0.0,-4,1,0,89000,3,12,14,4,86721,0,0
2227,0.0,200308,0,0,0,1,2,2,1,1,1,-4,-4,0,0.0,-4,1,0,5850,5,12,10,4,2155,0,0
2228,1.0,199811,0,0,0,3,2,1,2,2,1,-4,-4,0,0.0,-4,1,0,17950,2,12,14,4,-4,0,0
2229,0.0,-4,0,5,1,2,2,2,4,3,1,-4,-4,0,0.0,-4,1,0,8750,5,12,12,4,18368,0,1
2230,0.0,200106,2,3,0,2,2,2,3,2,1,-4,-4,0,0.0,-4,1,0,8750,5,12,12,4,27805,-5,-5
2231,1.0,-4,0,2,0,4,2,3,3,1,1,-4,-4,1,1.0,-4,2,0,82700,4,12,12,2,-4,0,0
2232,1.0,-4,0,0,0,3,1,1,2,2,1,2,-4,0,,0,2,0,295500,4,8,12,4,70936,-5,-5
2233,1.0,200111,0,0,0,0,2,4,1,1,1,-4,-4,0,0.0,-4,1,0,23000,6,20,16,4,65383,-5,-5
2234,0.0,199905,0,0,0,5,2,3,5,2,1,2,-4,1,1.0,15,1,0,19500,4,11,14,4,63214,0,0
2235,0.0,-4,0,1,0,1,2,1,3,1,3,-4,-4,0,0.0,-4,1,0,345501,5,12,12,4,44917,0,-4
2236,1.0,-4,0,0,0,1,2,2,2,2,1,1,-4,0,0.0,10,2,0,55500,5,16,16,4,88290,0,0
2237,1.0,-4,0,0,0,1,2,3,1,1,1,-4,-4,0,0.0,-4,1,0,132500,3,20,16,4,53072,0,0
2238,0.0,199808,0,1,0,39,2,2,2,3,1,4,-4,0,0.0,15,1,-4,-4,3,16,14,4,5281,0,0
2239,0.0,-4,0,0,0,0,1,2,1,1,1,1,-4,0,,0,2,-4,-4,8,4,3,4,9221,-5,-5
2240,0.0,-4,0,0,0,4,2,2,2,1,2,2,-4,0,,15,2,-4,-4,8,4,3,4,22758,-5,-5
2241,1.0,-4,0,0,0,3,1,2,2,1,2,-4,-4,0,,-4,1,-4,-4,8,4,3,4,26028,-5,-5
2242,0.0,199709,0,0,0,5,2,3,5,5,3,3,-4,1,,46,1,0,-3,4,6,9,2,15349,-5,-5
2243,0.0,-4,0,0,0,4,2,2,2,2,4,-4,-4,0,,-4,2,0,-3,4,6,9,2,9854,-5,-5
2244,0.0,200307,0,0,0,3,2,2,2,1,1,5,-4,0,0.0,-4,2,-4,-4,4,10,8,4,-4,0,0
2245,1.0,-4,0,0,0,3,2,3,1,1,1,-4,-4,0,0.0,-4,2,0,96000,4,12,12,4,-4,0,0
2246,1.0,-4,0,0,0,0,2,2,4,3,1,3,-4,0,,15,1,0,46500,3,12,13,4,-4,0,0
2247,0.0,201605,0,0,0,7,2,2,4,3,1,3,-4,0,0.0,-4,2,0,128500,5,14,12,2,53682,0,0
2248,1.0,-4,0,0,0,1,2,1,2,1,1,-4,-4,0,0.0,-4,2,0,67770,5,14,14,4,-4,0,0
2249,1.0,-4,0,0,0,0,2,2,4,4,1,3,-4,0,,0,2,0,26500,4,14,12,4,49666,0,0
2250,1.0,200110,0,0,0,3,2,2,2,3,1,2,-4,0,0.0,15,1,0,300750,3,12,12,4,90180,0,0
2251,1.0,199907,0,0,0,2,3,4,5,3,1,-4,-4,0,0.0,-4,1,0,300750,3,12,12,4,62720,0,0
2252,1.0,-4,0,0,0,0,2,2,2,4,1,1,-4,0,0.0,20,1,0,298500,3,-4,13,4,100000,0,0
2253,1.0,-4,0,0,0,4,2,2,3,2,1,2,-4,0,0.0,-4,1,0,298500,3,-4,13,4,96780,0,0
2254,1.0,199806,0,8,1,2,2,2,4,4,1,4,-4,0,0.0,20,1,0,257501,4,12,12,4,40491,0,0
2255,0.0,-4,0,0,0,1,2,2,2,2,1,2,-4,0,,0,1,0,30250,6,12,12,4,40850,0,0
2256,0.0,200605,0,0,0,1,2,2,1,1,1,-4,-4,0,0.0,-4,1,0,30250,6,12,12,4,38672,0,0
2257,1.0,-4,0,30,0,2,4,3,4,5,1,4,-4,1,1.0,-2,1,0,-3,5,18,15,4,68920,0,0
2258,1.0,-4,0,0,0,3,2,2,1,1,1,-4,-4,0,,-4,2,0,-3,5,18,15,4,90594,0,0
2260,0.0,-4,0,0,0,0,1,1,1,1,1,-4,-4,0,,-4,2,0,62750,5,12,12,4,-4,0,0
2261,0.0,199610,0,1,2,2,2,3,4,2,1,4,-4,0,1.0,1,1,1,117401,5,11,13,4,36480,0,0
2262,0.0,-4,0,1,0,4,2,2,4,1,1,-4,-4,0,0.0,-4,1,1,117401,5,11,13,4,41081,-2,0
2263,0.0,-4,0,1,0,0,2,2,3,3,1,2,-4,0,0.0,-4,2,0,17000,4,12,12,4,19945,0,0
2264,0.0,200601,1,0,1,4,1,1,3,2,4,-4,-4,0,0.0,-4,1,1,-3,7,12,12,4,6630,0,0
2265,0.0,-4,0,0,0,5,3,3,1,3,2,2,-4,1,0.0,-4,2,0,750,4,12,12,4,17145,0,0
2266,0.0,-4,0,0,0,0,2,2,1,1,1,-4,-4,0,0.0,-4,1,0,750,4,12,12,4,80238,0,0
2267,0.0,200001,0,0,0,2,2,2,1,1,1,-4,-4,0,,-4,1,0,750,5,-4,13,4,50806,0,0
2268,,-4,0,0,0,5,2,2,4,3,1,3,-4,0,,0,2,0,198250,6,12,12,4,78930,-5,-5
2269,,-4,0,0,0,0,2,2,4,3,1,-4,-4,0,,-4,1,0,198250,6,12,12,4,80074,-5,-5
2270,1.0,-4,0,0,0,2,2,1,4,5,1,4,-4,0,0.0,50,2,0,-3,5,16,16,4,73762,0,0
2271,1.0,-4,0,0,0,2,2,2,3,2,1,2,-4,0,0.0,1,2,0,369500,4,16,12,4,47904,0,0
2272,0.0,200006,1,2,0,1,1,2,2,1,1,-4,-4,0,,-4,1,0,39100,2,16,16,4,67952,0,0
2273,0.0,-4,0,0,0,3,2,3,4,3,1,-2,-4,0,0.0,0,1,0,9700,7,12,10,4,68101,0,0
2274,0.0,200110,0,0,0,40,2,-1,1,1,-2,-4,-4,0,0.0,-4,1,0,7500,5,-3,6,2,-4,0,0
2275,1.0,-4,0,0,0,5,3,2,3,2,1,2,-4,1,0.0,30,1,0,-3,4,12,9,4,90598,0,0
2276,1.0,-4,0,0,0,3,2,2,3,1,2,-4,-4,0,0.0,-4,1,0,-3,4,12,9,4,-4,-5,-5
2277,1.0,-4,0,0,0,14,2,2,3,1,1,1,-4,0,0.0,-2,2,1,7250,5,12,-4,2,-4,0,0
2278,0.0,200009,0,0,1,2,2,3,4,2,1,-4,-4,0,0.0,-4,1,0,7250,5,6,12,2,36978,0,0
2279,0.0,-4,0,0,0,1,1,1,1,1,1,-4,-4,0,1.0,-4,1,0,-3,2,12,13,4,52083,-5,-5
2280,1.0,200802,0,10,1,5,2,2,2,2,1,-4,-4,1,0.0,-4,2,0,-3,4,18,16,2,88298,0,0
2281,1.0,-3,0,0,0,7,2,2,2,2,2,4,-4,0,0.0,0,1,0,25534,3,14,14,1,-4,-5,-5
2282,0.0,200105,0,6,6,5,2,3,1,1,2,-4,-4,0,0.0,-4,1,0,7500,4,-3,10,1,-4,-5,-5
2283,0.0,201603,0,0,0,86,2,2,5,2,3,4,-4,0,0.0,-4,2,0,3750,3,12,10,1,0,1,-4
2284,1.0,-4,0,0,0,3,1,1,5,2,2,2,-4,0,,0,2,0,3750,6,12,-3,1,-4,0,0
2285,0.0,-4,0,0,0,45,4,2,1,1,1,-4,-4,0,,-4,1,1,500,7,-3,12,2,19208,-5,-5
2286,0.0,199810,0,0,0,5,2,3,4,3,2,2,-4,0,0.0,0,2,0,10850,3,13,12,4,29837,0,0
2287,1.0,-4,0,0,0,12,2,3,4,3,2,4,-4,1,,0,2,0,92511,4,16,14,4,-4,0,0
2288,0.0,200708,0,2,3,6,2,4,5,3,3,-4,-4,0,,-4,1,0,136400,6,-4,7,4,-4,0,0
2289,0.0,200410,0,0,0,4,2,4,4,2,1,-4,-4,1,,-4,1,0,-3,4,14,17,4,94163,-5,-5
2290,1.0,-4,0,5,0,6,1,3,2,1,1,-4,-4,1,1.0,-4,1,0,-3,4,17,17,4,85526,0,0
2291,0.0,199611,0,6,0,3,2,3,4,3,2,3,-4,0,0.0,40,1,-4,-4,3,12,12,4,63597,0,0
2292,1.0,-4,0,0,0,10,2,3,3,3,1,3,-4,0,1.0,0,1,0,-3,4,12,12,4,75006,0,0
2293,1.0,-4,0,0,0,10,2,3,2,3,1,3,-4,0,0.0,20,2,0,22500,4,12,14,4,21501,0,1
2294,1.0,-4,0,0,0,22,2,2,4,2,1,3,-4,1,,10,1,0,3750,5,10,11,4,-4,0,-4
2295,0.0,200805,0,0,0,20,3,4,3,4,1,3,-4,0,0.0,50,1,0,18000,3,8,14,4,32382,0,0
2296,0.0,-4,0,0,0,0,2,2,2,1,2,-4,-4,1,,-4,1,0,21550,6,16,18,4,66282,0,0
2297,1.0,200302,0,0,0,1,3,3,4,4,2,3,-4,0,0.0,50,1,0,61000,5,12,12,4,12220,0,0
2298,1.0,-4,0,0,0,3,1,2,1,1,2,-4,-4,0,0.0,-4,2,1,-26250,4,14,16,4,55410,0,0
2299,1.0,-4,0,0,0,1,1,1,1,1,1,-4,-4,0,0.0,-4,2,1,-26250,4,14,16,4,67517,0,0
2300,1.0,-4,0,0,0,3,2,2,3,2,1,2,-4,0,,5,1,0,7500,6,14,12,1,39714,-5,-5
2301,1.0,-4,0,0,0,0,2,2,1,1,1,-4,-4,0,,-4,1,0,7500,6,14,12,1,35834,-5,-5
2302,0.0,199807,0,0,0,0,1,2,3,4,1,-4,-4,0,0.0,-4,1,0,-3,6,14,-3,1,39945,-5,-5
2303,0.0,199509,0,0,0,30,2,3,3,5,2,-4,-4,0,0.0,-4,1,0,-3,6,14,-3,1,15947,-5,-5
2304,1.0,-4,0,0,0,1,1,2,4,4,1,4,-4,0,0.0,5,2,0,6750,4,10,1,4,66667,0,-2
2305,0.0,199912,1,0,0,4,2,2,4,2,1,-4,-4,0,1.0,-4,1,0,6750,4,10,1,4,30911,0,0
2306,0.0,-4,0,0,0,5,2,4,4,2,1,2,-4,0,,10,1,-4,-4,7,8,8,4,26424,0,0
2307,1.0,-4,0,0,0,0,2,1,1,1,1,-4,-4,0,0.0,-4,2,-4,-4,7,8,8,4,77205,0,0
2308,0.0,200401,0,0,0,7,2,2,2,1,2,-4,-4,0,1.0,-4,1,0,19600,4,12,14,4,95023,-5,-5
2309,1.0,-4,0,0,0,5,2,2,1,1,1,-4,-4,0,0.0,-4,1,0,52200,4,13,14,4,85077,0,0
2310,0.0,199009,1,0,1,0,1,1,4,3,1,3,-4,1,1.0,50,1,0,-4700,5,10,9,4,83749,0,0
2311,1.0,200104,0,0,0,0,2,2,3,1,2,-4,-4,0,0.0,-4,2,0,-4700,5,10,9,4,26606,0,0
2312,0.0,199403,1,8,1,50,2,4,5,4,2,5,-4,1,1.0,50,1,0,3750,6,11,10,4,44460,0,0
2313,0.0,199601,0,1,0,6,4,1,2,1,1,-4,-4,1,0.0,-4,1,0,3750,6,11,10,4,56232,1,0
2314,0.0,199501,0,1,0,4,2,2,1,1,2,-4,-4,0,0.0,-4,1,0,3750,6,11,10,4,17107,0,0
2315,0.0,200201,1,0,0,13,1,1,2,2,1,2,-4,0,0.0,-4,1,0,3750,4,12,-3,4,15402,0,-2
2316,1.0,200002,0,0,1,6,2,3,2,1,2,-4,-4,0,0.0,-4,1,0,3750,10,9,7,1,17620,0,0
2317,0.0,199612,0,1,1,5,2,3,2,1,1,-4,-4,0,0.0,-4,2,0,3750,10,9,7,1,25456,0,0
2318,1.0,-4,0,0,2,0,2,2,4,3,1,2,-4,0,1.0,25,2,0,91000,3,12,11,4,53747,0,0
2319,0.0,-4,0,1,0,0,1,3,4,3,1,-4,-4,0,0.0,-4,1,0,91000,3,12,11,4,76424,0,0
2320,0.0,200101,0,0,0,8,2,2,3,3,2,4,-4,0,0.0,0,2,0,-3500,4,15,12,4,20767,0,0
2321,0.0,199602,0,0,0,4,1,2,4,4,1,-4,-4,0,0.0,-4,2,0,203000,5,13,12,4,-4,0,0
2322,0.0,199602,0,2,0,1,2,2,3,1,1,-4,-4,0,0.0,-4,2,0,203000,5,13,12,4,-4,1,0
2323,0.0,200207,0,1,0,13,3,4,5,5,2,5,-4,0,0.0,0,2,0,8500,3,10,15,4,2047,0,0
2324,0.0,199807,2,0,0,6,2,2,5,3,1,-4,-4,0,0.0,-4,2,0,8500,3,10,15,4,10266,0,0
2325,0.0,-4,0,0,0,3,2,3,3,2,1,-4,-4,0,0.0,-4,1,0,17500,4,12,12,4,79063,0,0
2326,1.0,200212,0,0,0,10,1,1,3,2,1,1,-4,0,0.0,0,1,0,-3,5,15,13,4,22038,0,0
2327,0.0,199812,0,2,0,5,2,2,4,3,1,-4,-4,0,,-4,1,0,13070,3,14,12,4,41604,0,0
2328,1.0,-4,0,0,0,1,1,2,2,1,1,1,-4,0,0.0,-4,1,0,247400,3,20,14,4,99651,0,0
2329,1.0,-4,0,0,0,0,2,3,2,2,1,2,-4,0,,5,1,0,442500,5,20,20,4,79688,-5,-5
2330,1.0,-4,0,0,0,1,2,2,1,1,1,-4,-4,0,0.0,-4,1,0,442500,5,20,20,4,96841,0,0
2331,1.0,-4,0,0,0,1,2,2,5,5,2,-4,-4,0,0.0,-4,1,0,4550,4,16,14,4,83458,0,0
2332,1.0,-4,0,0,0,1,1,1,1,1,1,-4,-4,0,0.0,-4,2,0,4550,4,16,14,4,55256,0,0
2333,1.0,-4,0,0,0,3,2,2,3,2,2,2,-4,0,0.0,0,1,0,95300,4,13,14,4,72880,0,0
2334,1.0,-4,0,0,0,14,2,3,5,5,3,3,-4,0,1.0,20,2,0,84500,4,12,12,4,-4,-5,-5
2335,1.0,-4,0,0,0,1,2,2,2,1,1,-4,-4,0,,-4,2,0,84500,4,12,12,4,-4,0,0
2336,1.0,-4,0,0,0,10,1,1,3,2,1,-4,-4,0,0.0,-4,2,0,130500,5,12,12,4,-4,0,0
2337,1.0,201502,0,0,0,3,2,2,2,2,1,2,-4,0,1.0,-4,2,0,62200,5,16,13,4,98524,0,0
2338,1.0,-4,0,0,0,1,2,2,3,2,1,-4,-4,0,0.0,-4,1,0,62200,5,16,13,4,70305,0,0
2339,0.0,-4,0,0,0,0,1,4,2,1,1,1,-4,0,1.0,0,2,0,65800,5,-4,12,4,98722,0,0
2340,0.0,-4,0,1,0,2,1,2,4,2,1,-4,-4,0,1.0,-4,2,0,65800,5,-4,12,4,92452,0,0
2341,0.0,-4,0,0,0,2,2,2,3,1,2,-4,-4,0,,-4,1,0,65800,5,12,12,4,76866,0,0
2342,0.0,200005,0,0,0,0,2,3,1,2,1,3,-4,0,1.0,0,1,1,-11000,5,12,12,4,76481,0,0
2343,0.0,-4,0,10,0,0,2,2,3,2,1,-4,-4,0,1.0,-4,2,-4,-4,4,12,12,4,75126,-5,-5
2344,1.0,-4,0,0,0,2,2,2,1,1,1,-4,-4,0,,-4,2,0,517001,5,14,18,4,71146,0,0
2345,1.0,-4,0,0,0,1,2,2,4,3,1,1,-4,0,0.0,0,2,0,215001,3,12,14,4,43696,0,0
2346,1.0,-4,0,0,0,0,1,3,3,4,1,2,-4,0,0.0,1,1,0,439500,4,16,12,4,77774,0,0
2347,1.0,-4,0,0,0,9,1,2,1,1,1,-4,-4,0,0.0,-4,2,0,600000,4,16,16,4,100000,0,0
2348,1.0,-4,0,0,0,4,2,4,2,1,1,-4,-4,0,0.0,-4,2,0,-3,3,12,16,4,66664,0,0
2349,0.0,-4,0,25,0,7,3,3,5,3,1,1,-4,1,1.0,20,1,0,-3,6,12,12,4,41267,0,0
2350,1.0,-4,0,1,0,-2,2,3,3,2,1,2,-4,0,1.0,-4,1,0,-3,6,12,12,4,92661,0,0
2351,1.0,-4,0,0,0,3,2,2,-2,-2,-2,-4,-4,0,0.0,-4,2,0,-3,6,12,12,4,44904,0,0
2352,1.0,-4,0,0,0,10,1,3,2,1,1,1,-4,0,0.0,2,1,0,59500,3,16,16,4,80593,0,0
2353,1.0,-4,0,0,0,2,2,2,4,3,3,3,-4,1,,0,2,0,98000,5,12,12,4,53985,-5,-5
2354,0.0,-4,0,0,0,1,1,2,4,3,2,4,-4,0,,50,2,0,44250,5,-3,12,2,85331,-5,-5
2355,0.0,-4,0,8,3,3,2,2,4,4,2,4,-4,1,,10,1,0,44250,5,16,12,2,-4,0,0
2356,0.0,200108,2,3,1,3,2,1,1,1,1,-4,-4,0,0.0,-4,2,0,-450,4,8,12,2,36386,0,0
2357,0.0,201403,-3,0,0,1,2,2,2,1,1,1,-4,1,0.0,-4,1,-4,-4,6,9,10,1,-4,0,0
2358,0.0,-4,0,0,0,1,2,2,2,1,1,-4,-4,0,0.0,-4,1,-4,-4,6,9,10,1,-4,0,1
2359,1.0,-4,0,0,0,20,2,2,4,3,-2,4,-4,0,,0,2,0,-3,2,12,12,1,11232,0,0
2360,1.0,201009,0,2,1,5,3,4,4,3,3,-4,-4,0,0.0,-4,1,1,-9500,4,12,10,1,28259,0,-4
2361,0.0,200104,1,0,0,30,2,2,3,4,5,5,-4,0,,30,1,0,104500,3,12,12,1,-4,0,1
2362,0.0,199710,0,0,0,3,1,1,1,1,1,-4,-4,0,0.0,-4,1,0,8570,5,-3,13,1,44637,0,0
2363,1.0,-4,0,0,0,3,2,4,4,4,1,5,-4,0,,50,1,0,-3,4,12,12,1,48317,-5,-5
2364,1.0,-4,0,2,2,1,2,1,3,3,3,-4,-4,0,0.0,-4,2,0,-3,4,12,12,1,35178,0,0
2365,0.0,-4,0,4,0,2,2,2,1,1,-2,-4,-4,0,0.0,-4,1,0,-3,4,12,12,4,6293,0,0
2366,0.0,200006,0,2,0,2,2,2,5,4,1,4,-4,0,1.0,0,2,0,-3,4,12,11,2,60190,0,0
2367,0.0,199706,0,0,1,15,2,3,4,2,1,2,-4,0,,0,1,0,170500,4,12,12,4,36395,-5,-5
2368,1.0,199602,0,0,3,3,2,4,5,5,1,-4,1996,0,0.0,-4,2,0,170500,4,12,12,4,69402,0,0
2369,0.0,-4,0,0,0,5,3,3,3,1,2,-4,-4,0,,-4,1,0,7621,2,6,12,4,48976,-5,-5
2370,1.0,199304,0,5,2,30,1,3,4,4,1,4,-4,1,,25,1,0,43500,4,13,12,4,-4,0,0
2371,1.0,-4,0,0,0,0,1,1,1,1,1,-4,-4,0,0.0,-4,1,0,-3,5,20,18,4,39558,0,0
2372,1.0,-4,0,0,0,1,2,2,3,3,1,2,-4,0,0.0,10,1,0,12850,2,12,14,4,48317,-5,-5
2373,1.0,-4,0,0,0,0,2,2,2,2,1,1,-4,1,1.0,3,1,0,-3,6,-3,12,4,46168,0,0
2374,0.0,-4,0,0,0,1,2,2,2,1,1,-4,-4,0,0.0,-4,1,0,-3,6,-3,12,4,50505,0,-2
2375,1.0,200206,5,0,0,6,2,2,1,1,1,-4,-4,0,0.0,-4,1,0,-3,6,-3,12,4,69103,0,0
2376,1.0,-4,0,0,0,3,2,2,3,4,1,2,-4,0,0.0,3,1,0,182500,4,-4,-4,4,98782,0,0
2377,1.0,-4,0,0,0,-2,2,2,1,1,1,-4,-4,0,0.0,-4,1,0,-3,5,14,16,4,99676,0,0
2378,1.0,-4,0,0,0,6,2,4,4,4,2,4,-4,0,0.0,5,2,0,190700,8,-3,13,4,63908,0,0
2379,1.0,-4,0,0,0,11,2,2,2,1,1,-4,-4,0,0.0,-4,1,0,190700,8,-3,13,4,21699,-5,-5
2380,0.0,-4,0,2,0,0,1,1,4,2,1,-4,-4,1,0.0,-4,2,0,-3,6,18,14,4,63130,0,0
2381,1.0,-4,0,0,0,0,2,1,1,1,1,-4,-4,0,0.0,-4,1,0,-3,5,-3,-3,4,44553,0,0
2382,0.0,-4,0,0,0,15,2,2,4,2,1,3,-4,0,0.0,10,1,0,80000,5,14,14,2,90519,-5,-5
2383,1.0,199811,0,7,0,2,3,4,2,2,1,3,-4,1,0.0,0,1,0,-3,4,14,14,1,76955,0,0
2384,1.0,-4,0,0,0,0,2,1,4,4,1,3,-4,0,0.0,0,1,0,236001,4,14,14,4,57613,-5,-5
2385,1.0,-4,0,0,0,1,2,2,3,2,1,-4,-4,0,0.0,-4,1,0,236001,4,14,14,4,43562,-5,-5
2386,1.0,-4,0,0,0,0,2,3,3,4,1,2,-4,0,0.0,10,2,0,-3,7,14,12,4,-4,0,0
2387,0.0,199809,0,0,2,3,2,2,4,5,2,3,-4,0,0.0,50,1,0,-3,7,12,-3,4,-4,0,0
2388,0.0,199501,1,0,0,6,2,3,4,4,3,-4,-4,1,0.0,-4,1,0,-3,7,14,12,4,-4,0,0
2389,1.0,200709,1,3,0,4,3,2,5,3,1,3,-4,1,0.0,60,1,0,3750,6,11,10,1,-4,0,0
2390,0.0,-4,0,0,0,2,2,3,2,1,2,-4,-4,0,0.0,-4,2,0,3750,6,11,10,1,-4,0,0
2391,0.0,-4,0,4,0,0,2,3,3,1,1,-4,-4,0,0.0,-4,2,0,3750,6,11,10,1,-4,0,0
2392,1.0,-4,0,0,0,0,1,2,4,3,2,2,-4,0,0.0,0,2,0,87700,6,17,12,4,62250,0,0
2393,1.0,200005,0,0,0,3,2,2,3,1,2,-4,-4,0,0.0,-4,1,0,87700,6,17,12,4,42428,0,0
2394,1.0,-4,0,0,0,2,2,2,1,1,1,-4,-4,0,0.0,-4,1,-4,-4,4,13,15,4,87388,0,0
2395,1.0,-4,0,0,0,0,2,1,2,2,1,-4,-4,0,0.0,-4,1,0,107500,4,17,20,4,68350,0,0
2396,1.0,-4,0,0,0,0,2,3,3,3,1,1,-4,0,1.0,25,2,0,481500,4,16,16,4,88026,0,0
2397,1.0,-4,0,0,0,0,1,1,1,1,1,1,-4,0,0.0,10,1,0,58000,5,19,14,4,78152,0,0
2398,1.0,-4,0,0,0,0,1,1,1,1,1,-4,-4,0,0.0,-4,1,0,58000,5,19,14,4,43565,0,0
2399,1.0,200309,0,1,0,2,3,3,4,3,1,-4,-4,0,0.0,-4,2,0,60550,5,16,12,4,35000,0,0
2400,1.0,200209,0,0,0,2,2,3,5,3,1,-4,-4,0,0.0,-4,2,0,60550,5,16,12,4,22110,-5,-5
2401,1.0,-4,0,0,0,7,3,2,5,5,1,-4,-4,0,0.0,-4,2,0,60550,5,16,12,4,26548,0,0
2402,1.0,-4,0,0,0,0,2,2,1,1,1,-4,-4,0,0.0,-4,1,0,186500,5,12,11,4,23921,0,0
2403,1.0,-4,0,0,0,0,1,2,4,4,1,2,-4,0,0.0,10,2,0,-3,4,12,12,4,89586,0,0
2404,0.0,-4,0,0,1,1,2,2,1,1,1,-4,-4,1,0.0,-4,1,0,-3,4,12,12,4,38132,-5,-5
2405,1.0,-4,0,0,0,0,2,3,4,3,1,3,-4,0,0.0,0,2,0,-3,4,14,12,4,91149,-5,-5
2406,1.0,-4,0,0,0,2,2,2,4,2,2,-4,-4,0,0.0,-4,2,0,-3,4,14,12,4,91656,-5,-5
2407,1.0,200109,0,0,0,2,3,3,3,3,1,4,-4,1,0.0,20,1,0,-3,4,12,16,4,66812,0,0
2408,1.0,200008,0,0,0,3,2,4,5,5,1,-4,-4,0,1.0,-4,1,0,-3,4,12,16,4,37396,-5,-5
2409,1.0,200301,0,0,0,1,2,4,4,3,3,2,-4,0,1.0,0,1,0,83585,6,12,12,4,33663,0,1
2410,1.0,-4,0,0,0,3,1,1,1,-2,-2,-4,-4,1,1.0,-4,1,0,83585,6,12,12,4,37454,0,0
2411,0.0,198909,0,0,0,4,3,3,2,1,1,-4,-4,0,0.0,-4,1,0,6500,9,14,12,4,20507,0,0
2412,1.0,-4,0,0,0,3,1,2,3,2,1,2,-4,0,,0,2,0,88500,4,16,12,4,78371,-5,-5
2413,,-4,0,0,0,2,2,3,1,1,1,-4,-4,0,,-4,2,0,4750,4,16,16,2,-4,-5,-5
2414,1.0,-4,0,0,0,3,2,2,1,1,1,3,-4,0,0.0,10,1,-4,-4,3,12,12,2,57614,0,0
2415,1.0,-4,0,0,0,1,2,1,4,3,1,1,-4,0,,3,2,0,74000,5,-4,12,4,50965,-5,-5
2416,1.0,-4,0,0,0,0,1,1,5,5,1,3,-4,0,,3,2,0,187300,6,14,12,4,79482,-5,-5
2417,0.0,-4,0,0,0,4,3,2,5,2,4,-4,-4,0,0.0,-4,1,0,34200,3,12,12,4,-4,0,0
2418,0.0,200009,2,0,1,2,2,2,4,2,1,4,-4,0,0.0,0,1,-4,-4,7,12,12,2,24140,0,1
2419,0.0,199811,2,0,1,0,1,1,1,1,1,-4,-4,0,,-4,1,0,29500,7,12,12,2,15430,0,1
2420,1.0,-4,0,0,0,2,2,2,1,1,1,-4,-4,0,0.0,-4,2,0,271500,4,12,12,4,69098,0,0
2421,1.0,-4,0,0,0,0,2,3,2,4,1,3,-4,1,,15,1,0,24900,3,18,17,4,70580,-5,-5
2422,1.0,200701,0,50,0,9,2,3,2,2,1,2,-4,0,1.0,15,1,0,24900,3,18,17,4,96904,-5,-5
2423,1.0,199308,0,0,0,0,2,2,5,3,2,4,-4,0,0.0,20,1,0,142000,4,13,16,4,76009,0,0
2424,1.0,-4,0,0,0,2,2,3,4,1,1,-4,-4,0,,-4,2,0,142000,4,13,16,4,21666,-5,-5
2425,1.0,200206,0,0,0,0,2,2,3,1,2,1,-4,0,0.0,0,1,0,261750,6,13,12,4,68696,-5,-5
2426,0.0,199805,0,0,0,6,2,2,4,5,1,3,-4,0,,25,2,0,48000,6,12,12,4,55637,0,0
2427,0.0,200004,1,0,1,5,2,2,5,3,2,2,-4,0,,0,2,0,126500,7,8,10,4,5137,0,0
2428,,-4,0,0,0,3,2,1,3,2,1,3,-4,0,,0,1,0,-3,4,12,16,4,-4,-5,-5
2429,,-4,0,0,0,0,2,1,1,1,1,-4,-4,0,,-4,1,0,-3,4,12,16,4,-4,-5,-5
2430,0.0,-4,0,0,0,5,2,1,4,3,1,3,-4,0,0.0,15,2,-4,-4,6,12,10,4,32807,0,0
2431,1.0,-4,0,0,0,2,1,4,2,1,1,-4,-4,0,,-4,1,0,-3,5,12,12,4,70807,0,0
2432,1.0,-4,0,0,0,0,2,1,4,3,1,3,-4,0,1.0,5,2,-4,150500,5,10,12,4,62684,-5,-5
2433,0.0,-4,0,0,0,0,2,2,4,1,1,-4,-4,0,0.0,-4,2,0,150500,5,10,12,4,12337,0,0
2434,1.0,-4,0,0,0,8,2,2,3,3,1,2,-4,1,1.0,15,1,0,81700,4,13,12,4,78235,0,0
2435,1.0,-4,0,0,0,9,2,2,3,1,1,-4,-4,0,1.0,-4,2,0,81700,4,13,12,4,71937,0,0
2436,1.0,-4,0,0,0,0,2,2,3,3,1,1,-4,0,,0,1,0,117520,5,12,12,4,19914,-5,-5
2437,1.0,201902,0,0,0,4,2,1,3,1,1,-4,-4,0,,-4,2,0,117520,5,12,12,4,52481,-5,-5
2438,0.0,200809,0,2,5,2,2,2,4,2,1,-4,-4,0,0.0,-4,2,0,10750,3,12,12,4,-4,0,0
2439,1.0,-4,0,0,0,10,1,2,3,1,1,-4,-4,0,0.0,-4,1,0,13650,4,14,12,4,90412,0,0
2440,0.0,-4,0,0,0,4,2,2,4,4,2,4,-4,0,0.0,2,2,0,48500,4,16,12,1,-4,0,0
2441,1.0,200108,1,0,0,0,2,3,2,2,1,3,-4,0,0.0,0,1,0,48500,4,16,12,1,27965,0,0
2442,0.0,201007,2,0,1,3,1,1,4,2,1,-4,-4,0,,-4,1,0,155001,5,9,13,2,23523,0,0
2443,1.0,200406,0,0,0,0,2,3,1,1,1,-4,-4,0,0.0,-4,2,0,155001,5,9,13,2,84573,0,0
2444,0.0,200005,0,0,0,3,2,3,1,1,1,-4,-4,1,,-4,2,0,73500,3,14,12,1,36663,0,0
2445,0.0,199703,0,10,0,21,3,2,5,3,1,-4,-4,0,0.0,-4,2,0,-5250,5,12,11,4,32309,0,-2
2446,1.0,201601,1,0,0,5,2,3,1,1,1,-4,-4,1,0.0,-4,2,0,-5250,5,12,11,4,-4,0,0
2447,0.0,199610,2,0,4,90,2,4,4,3,2,5,-4,0,0.0,0,1,0,58500,4,-3,10,4,23715,0,0
2448,1.0,-4,0,0,0,1,2,2,2,3,1,2,-4,0,0.0,10,2,0,33000,3,11,18,4,-4,0,0
2449,0.0,199501,0,0,1,5,3,2,5,5,2,5,-4,1,1.0,0,1,0,30750,5,7,12,4,-4,-5,-5
2450,0.0,-4,0,0,0,4,2,2,2,1,1,-4,-4,0,,-4,2,0,30750,5,7,12,4,-4,-5,-5
2451,1.0,-4,0,1,1,5,2,3,4,3,2,-4,-4,1,,-4,1,0,3250,2,11,12,4,-4,0,0
2452,0.0,-4,0,0,1,2,2,4,3,1,1,-4,-4,0,0.0,-4,2,0,2500,5,-4,10,4,27227,0,0
2453,0.0,-4,0,0,0,8,2,2,1,1,1,-4,-4,0,0.0,-4,1,0,2500,5,-4,10,4,-4,0,0
2454,0.0,-4,0,0,0,15,2,2,2,3,1,3,-4,0,,-4,2,1,1550,4,8,12,2,32467,0,-2
2455,0.0,199603,0,0,0,9,3,1,2,1,1,-4,-4,0,,-4,1,1,1550,4,8,12,2,2452,0,0
2456,1.0,200403,0,0,0,10,2,3,4,4,2,-4,-4,0,0.0,-4,2,0,0,4,12,12,4,53969,0,0
2457,0.0,200512,0,0,0,8,2,2,1,1,2,-4,-4,0,0.0,-4,2,0,0,4,12,12,4,46657,0,1
2458,1.0,-4,0,0,0,3,2,2,2,2,1,-4,-4,0,0.0,-4,1,0,94000,3,16,16,4,96230,-5,-5
2459,1.0,200403,0,0,0,3,2,2,2,2,1,1,-4,0,,0,1,0,193250,5,16,12,4,91026,-5,-5
2460,1.0,-4,0,0,0,1,2,2,3,2,1,-4,-4,0,,-4,1,0,193250,5,16,12,4,93295,-5,-5
2461,1.0,-4,0,0,0,2,1,1,1,2,1,-4,-4,0,0.0,-4,1,0,352000,5,16,16,4,88931,0,0
2462,0.0,-4,0,1,0,3,2,3,5,5,1,3,-4,0,,0,2,0,176700,5,17,16,4,33231,0,0
2463,1.0,200206,0,2,2,2,1,2,2,1,1,-4,-4,1,0.0,-4,1,0,176700,5,17,16,4,53753,0,0
2464,1.0,-4,0,0,0,1,3,2,3,4,1,2,-4,0,0.0,5,2,0,279750,6,14,14,4,94483,0,0
2465,1.0,-4,0,0,0,5,1,2,2,2,1,-4,-4,0,0.0,-4,2,0,279750,6,14,14,4,49136,0,0
2466,1.0,-4,0,0,0,2,2,2,2,1,1,-4,-4,0,0.0,-4,1,0,260000,4,16,16,4,92921,0,0
2467,1.0,201907,0,0,0,10,2,3,3,1,1,-4,-4,0,0.0,-4,1,-4,-4,4,14,15,4,-4,-5,-5
2468,1.0,-4,0,0,0,1,2,2,2,2,1,-4,-4,0,0.0,-4,1,0,206300,5,18,12,4,76008,-5,-5
2469,0.0,200509,0,0,0,3,2,4,1,1,1,1,-4,1,0.0,0,1,0,69250,4,95,95,4,-4,0,0
2470,0.0,-4,0,1,0,5,2,3,4,1,1,-4,-4,1,0.0,-4,1,0,69250,4,13,12,4,96462,-5,-5
2471,,-4,0,0,0,1,2,2,4,4,2,3,-4,0,,0,2,-4,-4,4,13,12,4,-4,-5,-5
2472,1.0,-4,0,0,0,2,2,2,3,2,1,-4,-4,0,0.0,-4,2,0,-1250,4,18,14,4,-4,0,0
2473,0.0,-4,0,0,0,2,2,1,4,2,1,-4,-4,0,0.0,-4,2,0,39500,5,-4,12,4,54900,0,-4
2474,0.0,201302,2,2,0,-2,2,2,2,1,1,-4,-4,0,0.0,-4,2,0,39500,5,12,12,4,26496,0,0
2475,1.0,199507,0,0,0,5,2,3,4,3,1,3,-4,0,0.0,0,2,0,114500,5,13,14,2,42842,-5,-5
2476,1.0,-4,0,0,0,7,2,2,3,1,1,-4,-4,0,0.0,-4,2,0,114500,5,13,14,4,71417,-5,-5
2477,1.0,-4,0,0,0,1,1,1,2,1,1,-4,-4,1,1.0,-4,1,0,71250,4,13,12,4,81618,0,0
2478,1.0,-4,0,0,0,1,2,2,1,2,2,3,-4,0,1.0,0,2,0,36750,4,-4,-4,4,87857,0,0
2479,1.0,-4,0,1,1,2,2,3,2,1,1,1,-4,0,0.0,-4,1,0,36750,4,-4,-4,4,86791,0,-4
2480,1.0,-4,0,0,0,4,2,2,2,1,1,1,-4,0,0.0,15,1,0,481751,5,20,20,4,96704,0,0
2481,1.0,-4,0,0,0,2,2,2,1,1,1,-4,-4,0,1.0,-4,1,0,34355,3,10,10,4,58241,0,0
2482,1.0,200010,0,0,0,0,2,2,2,4,1,-2,-4,0,0.0,0,2,0,167000,5,12,14,4,70446,0,0
2483,0.0,-4,0,0,0,2,2,2,2,1,1,-4,-4,0,0.0,-4,1,0,43373,4,10,12,4,75525,-5,-5
2484,1.0,-4,0,2,2,2,2,2,2,1,1,-4,-4,0,1.0,-4,1,0,43373,4,10,12,4,14912,-5,-5
2485,0.0,199903,0,0,0,6,2,2,4,4,2,-4,-4,0,0.0,-4,1,0,139250,4,12,12,4,70771,-5,-5
2486,1.0,-4,0,0,0,4,2,2,4,3,2,-2,-4,0,0.0,0,2,0,-3,2,8,13,4,-4,-5,-5
2487,1.0,202303,0,0,0,5,2,3,4,3,2,3,-4,1,0.0,-4,1,-4,-4,4,16,12,4,54543,0,0
2488,0.0,199805,2,0,0,4,2,2,1,1,1,-4,-4,0,0.0,-4,2,-4,-4,4,16,12,4,39305,0,0
2489,1.0,-4,0,2,0,6,2,3,3,3,1,2,-4,1,1.0,5,2,0,61600,4,18,15,4,92510,-5,-5
2490,0.0,199811,0,0,1,2,2,2,1,1,1,-4,-4,0,0.0,-4,1,0,-3,5,15,15,4,-4,0,0
2491,0.0,-4,0,0,0,5,1,2,2,1,1,-4,-4,0,0.0,-4,2,0,-3,5,15,15,4,94720,0,0
2492,1.0,-4,0,1,0,15,2,3,3,3,1,3,-4,1,1.0,50,1,0,32450,4,12,19,4,89588,-5,-5
2493,1.0,-4,0,0,0,0,2,2,2,2,1,1,-4,0,0.0,-4,2,0,159450,6,18,12,4,91837,0,0
2494,1.0,-4,0,0,0,0,1,2,1,1,1,-4,-4,0,0.0,-4,2,0,159450,6,18,12,4,47055,0,0
2495,1.0,-4,0,0,0,1,2,2,3,3,-2,3,-4,0,,0,2,0,66200,5,18,14,4,85764,0,0
2496,1.0,-4,0,0,0,4,2,2,1,1,1,-4,-4,0,0.0,-4,1,0,-3,4,20,18,4,96832,0,0
2497,1.0,199708,0,5,0,0,3,4,4,2,3,-4,-4,0,0.0,-4,1,0,28000,4,12,13,4,70129,0,0
2498,1.0,-4,0,0,0,0,2,2,3,3,1,3,-4,0,0.0,0,1,0,44975,6,12,13,4,-4,0,0
2499,1.0,-4,0,0,0,1,1,3,3,2,1,1,-4,1,0.0,60,1,0,44975,6,12,13,4,-4,-5,-5
2500,1.0,-4,0,0,0,0,2,2,4,3,2,-4,-4,0,,-4,1,0,44975,6,12,13,4,32536,0,0
2501,1.0,-4,0,0,0,0,2,3,2,3,2,-4,-4,0,0.0,-4,2,0,4825,4,12,16,2,-4,0,0
2502,0.0,200107,0,0,0,1,2,3,5,4,2,-4,-4,0,1.0,-4,2,-2,7000,3,10,12,4,1386,0,0
2503,1.0,-4,0,0,0,3,2,3,3,2,1,3,-4,0,0.0,0,1,0,-3,3,12,12,4,84477,0,0
2504,1.0,-4,0,0,0,0,2,2,2,2,1,-4,-4,0,0.0,-4,2,0,74600,5,19,15,4,86400,0,0
2505,0.0,-4,0,0,0,3,2,2,5,4,3,-4,-4,0,1.0,-4,2,0,106050,4,11,12,4,41987,0,0
2506,0.0,200402,0,3,0,6,4,2,4,1,1,-4,-4,0,0.0,-4,1,0,18700,4,9,11,4,29546,-5,-5
2507,0.0,200809,0,0,3,20,3,2,2,1,1,-4,-4,0,0.0,-4,1,0,176700,3,8,9,4,13051,-5,-5
2508,0.0,-4,0,0,1,1,2,3,4,2,1,2,-4,0,1.0,-4,1,0,-3,7,12,12,4,73746,0,0
2509,0.0,-4,0,0,0,10,2,2,5,4,1,5,-4,1,1.0,50,2,0,34350,5,11,13,4,35148,0,0
2510,1.0,200807,0,0,0,6,2,3,3,1,1,-4,-4,0,0.0,-4,2,0,34350,5,11,13,4,76595,-5,-5
2511,0.0,-4,0,0,0,5,2,2,5,4,1,3,-4,0,,0,1,0,38000,4,12,14,4,-4,-5,-5
2512,0.0,-4,0,0,1,2,2,2,3,2,2,2,-4,0,0.0,0,2,0,25850,5,14,11,4,2454,0,0
2513,1.0,-4,0,0,0,6,1,2,3,2,1,1,-4,0,0.0,0,1,0,94900,5,12,12,4,69345,0,0
2514,0.0,-4,0,3,0,0,2,2,3,2,1,4,-4,1,,10,1,0,45050,5,12,13,4,85095,0,0
2515,1.0,-4,0,1,2,8,2,2,1,1,1,-4,-4,1,0.0,-4,1,0,45050,5,12,13,4,74554,0,0
2516,0.0,199606,2,0,0,5,2,2,4,3,1,2,-4,0,,0,1,0,91250,3,9,12,4,-4,0,0
2517,0.0,-4,0,0,0,10,1,2,1,1,1,-4,-4,0,,-4,1,0,91250,3,9,12,4,-4,0,0
2518,1.0,-4,0,0,0,4,2,2,4,2,1,2,-4,0,0.0,10,2,0,97500,5,12,15,4,21044,0,0
2519,1.0,-4,0,0,0,0,2,2,4,2,1,2,-4,0,0.0,0,1,0,97500,5,12,15,4,-4,0,0
2520,0.0,199804,0,3,0,9,3,4,3,2,1,4,-4,1,,25,1,0,92500,5,-4,12,4,16462,0,0
2521,1.0,-4,0,0,0,10,2,2,1,1,1,-4,-4,0,0.0,-4,2,0,2062,5,12,12,4,62355,-5,-5
2522,1.0,-4,0,0,0,0,1,2,3,3,1,3,-4,0,0.0,8,1,0,178860,4,16,12,4,97634,0,0
2523,1.0,-4,0,0,0,0,2,2,1,1,1,-4,-4,0,0.0,-4,1,0,178860,4,16,12,4,84294,0,0
2524,1.0,-4,0,0,0,2,2,2,2,1,2,-4,-4,0,0.0,-4,1,0,98950,4,14,14,4,78872,0,0
2525,1.0,-4,0,0,0,4,2,2,3,1,1,-4,-4,0,0.0,-4,1,0,98950,4,14,14,4,59939,-5,-5
2526,1.0,-4,0,0,0,1,1,2,3,2,1,1,-4,0,0.0,0,1,0,276600,4,14,12,4,85565,-5,-5
2527,1.0,-4,0,0,0,2,1,1,2,1,1,3,-4,0,0.0,-4,1,0,45000,3,12,12,4,97445,-5,-5
2528,1.0,-4,0,0,0,0,2,2,2,2,1,1,-4,0,0.0,0,2,0,198561,4,12,12,4,61330,0,0
2529,0.0,-4,0,1,1,10,2,2,4,2,1,3,-4,0,0.0,0,2,0,158200,3,12,12,4,70381,0,0
2530,0.0,-4,0,0,0,4,2,3,5,4,1,5,-4,0,0.0,25,1,0,74550,4,12,12,4,60071,0,0
2531,0.0,-4,0,0,0,4,3,2,4,4,3,3,-4,0,0.0,-4,2,0,74550,4,12,12,4,63621,0,0
2532,0.0,-4,0,2,1,4,2,3,3,1,1,2,-4,0,,20,2,1,73750,4,12,12,4,-4,0,0
2533,0.0,199702,1,0,1,9,2,2,4,1,1,1,-4,0,0.0,-4,1,-4,-4,4,-3,12,4,-4,0,1
2534,0.0,199907,0,1,0,14,2,3,2,2,1,-4,-4,1,0.0,-4,1,-4,-4,4,-3,12,4,-4,0,1
2535,0.0,199611,0,1,0,12,3,3,5,4,1,5,-4,0,,10,1,0,18600,5,12,12,4,6735,0,0
2536,0.0,199611,0,0,0,2,2,3,5,3,1,5,-4,0,,0,1,0,18600,5,12,12,4,40246,0,0
2537,1.0,-4,0,0,0,3,2,2,2,1,1,-4,-4,0,1.0,-4,1,0,23800,4,12,12,4,-4,0,0
2538,0.0,-4,0,0,0,0,2,2,3,3,1,2,-4,0,,0,2,0,-3,3,12,12,4,-4,0,0
2539,0.0,-4,0,0,0,6,2,2,3,2,1,-4,-4,1,,-4,2,0,48100,4,14,13,4,-4,-5,-5
2540,0.0,-4,0,0,0,8,2,2,3,2,1,-4,-4,0,,-4,2,0,-3,5,11,16,4,-4,-5,-5
2541,1.0,-4,0,0,0,1,2,2,2,1,1,-4,-4,1,,-4,1,0,-3,5,11,16,4,-4,0,0
2542,0.0,200005,0,1,0,16,1,1,3,4,2,3,-4,1,,50,1,0,72600,5,12,12,4,66111,-5,-5
2543,1.0,-4,0,0,0,10,1,2,3,3,1,3,-4,0,,5,2,0,72600,5,12,12,4,92358,0,0
2544,1.0,-4,0,0,0,3,2,2,3,3,2,-4,-4,1,0.0,-4,2,0,177500,4,10,12,4,79727,0,0
2545,0.0,-4,0,2,0,5,2,1,2,1,1,1,-4,0,0.0,0,1,0,85500,4,12,10,4,10623,0,0
2546,0.0,-4,0,-4,-4,-4,2,1,1,1,2,1,-4,0,,10,1,0,-3,5,12,12,4,-4,0,0
2547,1.0,-4,0,0,0,2,2,2,4,2,3,3,-4,0,0.0,5,2,0,107500,4,12,12,4,-4,0,0
2548,1.0,200503,1,0,0,2,2,2,3,1,1,-4,-4,0,0.0,-4,1,0,107500,4,12,12,4,-4,0,0
2549,1.0,-4,0,0,0,0,3,2,4,1,2,-4,-4,0,,-4,2,0,364401,4,8,12,4,21349,-5,-5
2550,0.0,-4,0,0,0,3,3,2,4,3,2,-4,-4,0,,-4,2,0,364401,4,8,12,4,48309,-5,-5
2551,1.0,-4,0,0,0,0,2,2,3,3,2,3,-4,0,0.0,0,2,0,2775,6,12,12,4,31981,-5,-5
2552,1.0,200211,0,0,0,1,1,3,1,1,1,-4,-4,0,0.0,-4,1,0,57000,4,12,12,4,92368,0,0
2553,1.0,-4,0,0,0,6,2,2,3,2,1,5,-4,0,0.0,5,2,0,52500,4,12,11,4,30062,0,0
2554,1.0,-4,0,0,0,5,2,2,1,1,1,1,-4,0,0.0,20,2,0,-3,4,14,16,4,-4,0,0
2555,1.0,-4,0,0,0,8,2,2,2,1,1,2,-4,0,0.0,10,2,0,238500,4,12,12,4,43118,0,0
2556,0.0,-4,0,0,0,9,2,3,3,2,1,3,-4,0,0.0,10,2,0,237000,3,8,11,2,57771,0,0
2557,1.0,-4,0,0,0,1,1,1,1,1,1,-4,-4,0,0.0,-4,2,0,25750,4,14,14,4,97197,0,0
2558,1.0,199706,1,0,0,7,3,2,4,3,1,3,-4,1,0.0,10,1,0,600000,3,18,16,4,90668,0,0
2559,0.0,-4,0,1,0,8,2,3,5,3,1,-4,-4,1,0.0,-4,2,0,-1650,3,11,10,4,33975,0,1
2560,1.0,-4,0,0,0,3,2,2,4,5,1,4,-4,0,,0,1,0,184900,5,16,12,4,51359,0,0
2561,0.0,-4,0,0,0,3,2,3,4,4,3,4,-4,0,1.0,50,2,0,184900,5,16,12,4,36511,0,0
2562,0.0,200207,1,0,0,5,2,3,2,2,1,-4,-4,0,0.0,-4,1,0,59000,4,12,12,4,80262,0,0
2563,1.0,-4,0,5,3,9,2,2,3,3,2,-4,-4,0,0.0,-4,1,0,69300,6,-4,12,4,53705,0,0
2564,1.0,-4,0,0,0,0,1,2,3,1,1,-4,-4,0,0.0,-4,1,0,592500,4,16,16,4,74898,0,0
2565,1.0,-4,0,0,0,0,2,2,1,2,1,1,-4,0,0.0,1,2,0,33500,5,16,15,4,-4,0,0
2566,1.0,-4,0,0,0,2,2,2,1,1,1,-4,-4,0,0.0,-4,1,0,33500,5,16,15,4,-4,0,0
2567,1.0,-4,0,0,0,3,2,2,3,3,1,3,-4,0,1.0,30,2,0,-3,3,16,12,4,74584,0,0
2568,0.0,199703,1,8,2,5,3,3,5,1,1,1,-4,1,1.0,0,1,0,-3,3,11,12,4,52400,0,-4
2569,0.0,-4,0,0,0,0,2,1,1,1,1,-4,-4,0,0.0,-4,1,0,-3,3,11,12,4,79806,0,-4
2570,0.0,-4,0,0,0,0,2,2,3,2,1,1,-4,0,0.0,0,2,0,-3,4,12,12,4,32920,0,0
2571,0.0,-4,0,0,0,0,2,1,2,1,1,-4,-4,0,0.0,-4,2,0,-3,4,12,12,4,31842,0,0
2572,1.0,-4,0,0,0,5,2,2,3,2,1,-4,-4,0,0.0,-4,2,0,-3,3,18,18,4,50160,0,0
2573,1.0,-4,0,12,0,0,1,1,2,1,3,-4,-4,1,1.0,-4,1,0,316501,4,20,20,4,66086,0,0
2574,1.0,-4,0,0,0,2,2,2,4,3,2,1,-4,0,0.0,10,1,1,47800,3,16,-3,4,14925,0,0
2575,1.0,-4,0,0,0,1,2,2,2,2,1,1,-4,0,0.0,9,1,0,175500,6,18,16,4,92395,0,0
2576,1.0,-4,0,0,0,-2,1,2,2,1,1,-4,-4,0,0.0,-4,1,0,175500,6,18,16,4,78656,0,0
2577,1.0,-4,0,0,0,15,2,2,5,2,1,2,-4,0,0.0,0,2,0,118000,4,15,13,4,59442,0,0
2578,1.0,-4,0,0,0,2,2,2,3,3,1,3,-4,0,,50,1,0,-3,4,11,12,4,92062,-5,-5
2579,1.0,-4,0,0,0,1,2,2,3,4,1,3,-4,0,0.0,0,2,0,280200,4,20,12,4,90565,0,0
2580,1.0,-4,0,0,0,4,2,2,3,3,1,2,-4,0,0.0,-4,2,0,280200,4,20,12,4,69858,0,0
2581,1.0,-4,0,2,3,3,2,2,1,1,2,-4,-4,0,0.0,-4,1,0,41500,5,16,16,4,91153,0,0
2582,1.0,-4,0,0,0,3,2,3,2,1,1,-4,-4,0,0.0,-4,2,0,156010,5,12,12,4,46703,-5,-5
2583,1.0,-4,0,0,0,2,1,2,2,1,1,-4,-4,0,0.0,-4,2,0,157150,3,17,16,4,71858,0,0
2584,1.0,-4,0,0,0,3,2,3,1,1,1,-4,-4,0,0.0,-4,1,0,119500,4,16,12,4,43085,0,0
2585,1.0,-4,0,2,0,0,1,2,3,2,3,2,-4,0,,0,1,-4,-4,6,-3,-3,4,-4,0,0
2586,0.0,199502,0,3,0,7,2,2,3,1,1,-4,-4,1,0.0,-4,2,0,2350,4,12,10,4,28718,0,0
2587,1.0,-4,0,0,0,5,1,1,1,1,1,-4,-4,0,,-4,2,0,5250,5,12,12,4,58553,-5,-5
2588,0.0,-4,0,0,0,2,1,1,1,1,1,-4,-4,1,0.0,-4,2,0,5250,5,12,12,4,-4,-5,-5
2589,0.0,200007,0,0,0,-2,3,4,2,1,1,-4,-4,0,,-4,1,-4,-4,3,12,14,4,72559,0,0
2590,0.0,-4,0,5,0,-2,2,2,3,3,2,1,-4,1,0.0,20,2,0,-1740,3,-4,12,4,16489,0,-4
2591,1.0,200208,0,0,0,1,2,2,1,1,1,1,-4,0,0.0,3,1,0,461001,5,16,13,4,68426,-5,-5
2592,1.0,-4,0,1,0,5,2,2,4,4,1,2,-4,0,0.0,10,2,0,-3,3,19,18,4,81580,0,0
2593,1.0,-4,0,0,0,2,1,2,1,1,1,-4,-4,0,,-4,1,0,62000,4,18,18,4,97527,0,0
2594,1.0,199607,0,30,10,7,2,3,4,3,2,-4,-4,1,0.0,-4,1,0,93550,2,20,-4,4,98329,0,0
2595,0.0,199704,1,12,2,17,2,3,3,2,2,5,-4,1,0.0,25,1,0,28780,4,12,12,4,56381,0,0
2596,1.0,-4,0,0,0,10,2,2,4,3,1,1,-4,0,0.0,1,1,0,45900,6,10,17,4,80291,0,0
2597,1.0,-4,0,0,0,0,2,4,3,2,1,-4,-4,0,0.0,-4,1,-4,-4,6,10,17,4,71091,0,0
2598,0.0,201203,0,2,0,8,2,3,2,1,1,2,-4,1,0.0,1,1,0,-3,4,14,14,4,67622,0,0
2599,1.0,-4,0,0,0,1,2,2,3,3,1,4,-4,0,0.0,15,2,0,107100,4,14,14,4,34136,0,0
2600,1.0,-4,0,0,0,0,2,2,2,1,1,-4,-4,0,0.0,-4,2,0,107100,4,14,14,4,47771,0,0
2601,0.0,-4,0,0,0,3,4,4,4,4,1,2,-4,0,0.0,0,2,0,56500,4,18,12,4,46487,0,0
2602,0.0,199609,0,4,0,0,2,4,2,2,1,-4,-4,0,,-4,1,0,63350,4,12,12,1,2669,-5,-5
2603,1.0,200007,2,0,0,4,2,2,1,1,1,-4,-4,0,0.0,-4,1,0,184701,4,16,17,4,87654,0,0
2604,0.0,200501,0,0,0,1,1,1,1,1,1,-4,-4,1,0.0,-4,1,1,2350,5,13,13,4,-4,0,0
2605,0.0,-4,0,0,0,2,3,2,1,1,1,-4,-4,0,,-4,1,0,368500,5,13,14,4,24519,-5,-5
2606,0.0,-4,0,0,0,-2,2,2,3,2,1,4,-4,1,,10,1,0,31700,3,14,12,4,77680,0,0
2607,1.0,-4,0,0,0,1,2,2,2,2,1,1,-4,0,0.0,0,2,0,134400,5,12,12,4,63868,0,0
2608,1.0,-4,0,0,1,0,2,2,2,1,1,-4,-4,0,0.0,-4,1,0,134400,5,12,12,4,47848,0,0
2609,0.0,-4,0,0,0,2,2,2,3,1,1,-4,-4,0,0.0,-4,1,0,106500,6,13,12,4,33425,0,0
2610,1.0,-4,0,0,0,5,2,2,2,1,1,1,-4,0,0.0,-4,2,0,-3,5,13,13,4,58065,0,0
2611,1.0,199608,0,0,0,5,2,3,4,2,1,3,-4,0,0.0,10,1,0,12000,4,11,-4,4,79232,0,0
2612,0.0,200101,5,0,0,2,2,1,1,1,1,-4,-4,0,0.0,-4,2,0,12000,4,11,-4,4,55870,0,0
2613,0.0,200409,0,0,0,2,2,2,1,2,1,1,-4,0,,10,1,0,115150,3,12,12,4,67230,-5,-5
2614,1.0,-4,0,2,0,20,1,2,2,1,1,-4,-4,1,0.0,-4,1,0,141450,6,-4,12,4,90532,0,0
2615,1.0,-4,0,0,0,0,2,2,2,2,1,2,-4,0,0.0,25,1,0,78050,8,14,12,4,74656,0,0
2616,1.0,-4,0,0,0,1,2,2,4,4,2,2,-4,1,1.0,10,1,0,600000,4,20,16,4,99610,0,0
2617,1.0,-4,0,0,0,10,2,2,3,3,1,-4,-4,0,0.0,-4,2,0,-3,4,20,17,4,47398,0,0
2618,1.0,200804,0,0,0,1,2,1,1,1,1,-4,-4,1,0.0,-4,1,0,100000,5,18,16,4,97655,0,0
2619,1.0,199606,0,0,0,0,1,2,4,2,1,2,-4,1,0.0,1,2,0,-3,3,18,16,4,63736,0,0
2620,1.0,-4,0,0,0,1,2,2,2,2,1,1,-4,0,,0,2,0,328900,3,12,16,4,53477,-5,-5
2621,1.0,-4,0,0,0,3,2,2,3,1,1,-4,-4,0,0.0,-4,2,0,170701,3,16,18,4,66594,0,0
2622,0.0,199811,0,0,0,1,2,2,3,2,1,2,-4,0,0.0,20,1,0,74725,4,12,13,4,46535,0,0
2623,1.0,-4,0,0,0,0,2,1,2,1,1,-4,-4,0,0.0,-4,1,0,74725,4,12,13,4,32670,0,0
2624,1.0,-4,0,0,0,2,2,3,2,3,1,2,-4,0,0.0,5,1,0,-3,5,12,12,4,77697,0,0
2625,1.0,-4,0,0,0,1,2,3,3,2,1,1,-4,0,0.0,0,2,0,194000,6,12,12,4,65526,0,0
2626,1.0,-4,0,0,0,2,2,2,2,2,1,2,-4,0,0.0,20,2,0,194000,6,12,12,4,72399,0,0
2627,0.0,201907,0,0,0,4,2,-2,1,1,1,1,-4,0,0.0,-4,1,0,-3,3,-4,-4,4,4947,0,-4
2628,1.0,-4,0,0,0,10,2,2,3,1,1,-4,-4,0,0.0,-4,1,0,77200,6,15,13,4,47030,-5,-5
2629,0.0,-4,0,0,0,-2,2,3,2,-2,1,-4,-4,0,0.0,-4,1,0,74770,6,12,12,4,28505,0,0
2630,0.0,-4,0,0,0,3,1,1,1,1,1,-4,-4,0,0.0,-4,1,0,74770,6,12,12,4,14356,0,0
2631,0.0,200306,1,0,0,-2,3,2,1,1,1,-4,-4,0,0.0,-4,1,0,74770,6,12,12,4,47147,0,0
2632,0.0,200502,3,0,2,2,2,2,5,5,2,-4,-4,0,0.0,-4,2,-4,-4,3,-3,-3,4,-4,-2,0
2633,1.0,200512,0,0,0,7,2,2,1,1,1,-4,-4,0,1.0,-4,1,0,175500,5,16,16,4,-4,-5,-5
2634,1.0,-4,0,0,0,4,3,3,2,3,1,3,-4,0,,25,2,0,-3,4,16,18,4,52211,0,0
2635,1.0,-4,0,0,0,8,1,2,2,2,1,-4,-4,1,0.0,-4,2,0,-3,4,12,14,4,87933,0,1
2636,1.0,-4,0,0,0,4,2,2,1,1,1,-4,-4,0,0.0,-4,2,0,337500,5,17,15,4,81216,-5,-5
2637,1.0,-4,0,1,0,5,1,2,2,2,1,1,-4,0,0.0,5,1,0,262700,6,15,12,4,92056,0,0
2638,1.0,-4,0,0,0,1,1,2,3,3,1,2,-4,0,0.0,50,2,0,236500,4,14,14,4,97088,0,0
2639,1.0,199711,0,0,0,0,2,2,2,2,1,1,-4,0,0.0,0,2,0,312950,4,16,16,4,80730,-5,-5
2640,1.0,-4,0,0,0,2,2,2,1,1,1,-4,-4,0,0.0,-4,2,0,312950,4,16,16,4,90584,0,0
2641,0.0,198703,0,0,22,2,3,3,5,2,5,5,-4,-3,0.0,0,1,0,3750,2,-3,9,4,4503,0,0
2642,0.0,-4,0,1,0,5,1,2,3,2,1,-4,-4,0,0.0,-4,2,1,20153,4,-3,10,4,63501,0,0
2643,0.0,199601,1,2,0,6,2,2,4,4,4,3,-4,0,0.0,-4,1,0,-9750,4,-3,10,4,23119,0,1
2644,0.0,200904,0,0,1,0,3,2,2,2,2,-4,-4,0,0.0,-4,1,0,12850,5,13,9,4,32398,-5,-5
2645,1.0,199812,4,0,0,8,2,3,4,3,3,-4,-4,1,0.0,-4,2,0,-4169,4,-3,12,3,52838,0,0
2648,0.0,-4,0,1,1,21,3,4,3,3,1,2,-4,0,,-4,1,0,14600,4,12,12,4,11875,0,0
2649,0.0,200905,3,6,0,4,1,1,5,3,2,-4,-4,0,0.0,-4,1,1,-48250,4,-3,9,4,1105,0,1
2650,1.0,-4,0,0,1,6,1,2,1,1,1,-4,-4,0,,-4,2,1,3600,5,11,10,4,14569,-5,-5
2651,0.0,200306,5,4,4,10,2,3,4,3,1,-4,-4,1,0.0,-4,1,0,16000,3,11,10,4,30895,0,1
2652,0.0,200102,0,0,0,4,2,2,1,1,1,-4,-4,0,0.0,-4,1,0,-3450,4,16,12,4,66244,0,0
2653,0.0,200409,1,1,0,20,4,4,4,4,3,3,-4,1,1.0,0,2,1,-3,3,-3,9,4,7219,0,-4
2654,1.0,-4,0,0,0,4,4,1,4,3,2,-4,-4,0,0.0,-4,2,0,26550,5,12,12,4,37460,0,0
2655,1.0,-4,0,0,0,3,3,2,4,3,3,-4,-4,0,0.0,-4,2,-4,-4,5,12,12,4,57303,0,0
2656,0.0,200211,1,-4,-4,-4,2,4,5,5,3,5,-4,0,1.0,50,2,0,-2500,4,11,15,4,30231,0,1
2657,0.0,200612,0,0,1,5,2,2,4,4,2,-4,-4,0,0.0,-4,2,0,-2500,4,11,15,4,20999,0,-2
2658,1.0,-4,0,0,1,5,2,4,2,2,1,1,-4,1,1.0,0,1,0,-3,5,14,16,4,88685,0,0
2659,1.0,-4,0,0,0,0,1,3,4,3,1,2,-4,0,0.0,0,2,0,-3,3,16,16,4,77132,-5,-5
2660,1.0,200206,0,0,0,0,1,2,4,4,1,5,-4,0,0.0,0,1,0,188501,6,14,12,4,35953,0,0
2661,1.0,200011,0,0,1,1,2,1,2,1,1,-4,-4,0,1.0,-4,1,0,188501,6,12,12,4,62480,0,0
2662,1.0,-4,0,0,0,0,2,2,2,2,1,2,-4,0,0.0,-4,1,0,350001,4,17,17,4,74288,0,0
2663,1.0,-4,0,1,0,5,2,3,4,4,2,2,-4,0,0.0,0,2,0,-3,4,16,14,4,54941,-5,-5
2664,1.0,-4,0,0,0,0,2,3,2,1,1,1,-4,0,0.0,0,2,0,-3,5,13,16,4,39869,0,0
2665,1.0,200010,0,0,0,1,2,2,1,1,1,-4,-4,0,0.0,-4,1,0,-3,5,13,16,4,43724,0,0
2666,0.0,200208,0,0,0,3,1,2,1,1,1,-4,-4,0,0.0,-4,1,0,184500,5,14,13,4,39081,0,0
2667,1.0,-4,0,0,0,5,2,1,1,1,1,-4,-4,0,0.0,-4,2,0,484500,4,20,15,4,96950,-5,-5
2668,1.0,200208,0,0,0,2,3,2,3,3,1,3,-4,0,0.0,10,1,0,400001,5,16,12,4,71591,0,0
2669,1.0,-4,0,0,0,2,2,2,4,4,2,3,-4,0,0.0,0,2,0,262000,6,17,17,4,55339,0,0
2670,1.0,-4,0,0,0,0,1,1,1,1,1,-4,-4,0,0.0,-4,2,0,170500,5,14,12,4,97936,0,0
2671,0.0,-4,0,0,0,1,2,2,4,4,1,4,-4,0,,0,2,0,-3,10,12,12,4,36892,-5,-5
2672,1.0,-4,0,2,0,0,1,2,4,4,1,5,-4,0,0.0,10,2,0,171982,4,14,13,4,78768,0,0
2673,1.0,-4,0,0,0,0,2,3,3,2,1,-4,-4,0,0.0,-4,1,0,171982,4,14,13,4,64023,0,0
2674,1.0,-4,0,0,0,0,2,2,2,3,1,-4,-4,1,1.0,-4,2,0,-14890,4,13,14,4,66562,0,0
2675,1.0,-4,0,0,0,0,2,2,1,1,1,-4,-4,0,0.0,-4,2,0,-14890,4,13,14,4,41484,0,0
2676,1.0,-4,0,3,1,5,2,2,1,1,1,-4,-4,1,0.0,-4,1,0,83800,4,12,12,4,79314,0,0
2677,1.0,-4,0,0,0,0,1,1,1,1,1,-4,-4,0,0.0,-4,1,0,72000,4,14,13,4,47798,-5,-5
2678,1.0,-4,0,0,0,0,2,2,1,1,1,-4,-4,1,0.0,-4,1,0,72000,4,14,13,4,38690,-5,-5
2679,1.0,-4,0,0,0,3,2,2,4,2,1,3,-4,0,0.0,20,2,0,32450,4,12,12,4,47703,0,0
2680,0.0,-4,0,0,0,2,2,2,3,3,1,3,-4,0,1.0,5,2,0,74749,3,14,12,4,99697,0,0
2681,1.0,-4,0,0,0,9,1,2,3,2,1,3,-4,0,0.0,15,2,0,2750,3,16,16,4,98421,0,0
2682,1.0,200402,1,1,0,2,2,1,3,1,1,-4,-4,1,0.0,-4,1,0,7450,4,12,16,1,74239,0,0
2683,1.0,199806,0,15,3,3,1,2,2,4,1,-4,-4,1,0.0,-4,1,0,7450,4,12,16,1,26253,0,-4
2684,0.0,-4,0,2,1,4,1,4,1,1,3,-4,-4,0,0.0,-4,2,0,-17300,5,12,14,4,22660,0,0
2685,0.0,-4,0,1,0,3,3,3,4,4,2,4,-4,0,,10,2,0,20750,3,12,11,4,51055,0,0
2686,0.0,-4,0,1,0,9,1,2,4,2,2,-4,-4,0,0.0,-4,2,0,90900,3,12,12,4,60541,-5,-5
2687,1.0,-4,0,0,0,3,2,2,4,3,2,-4,-4,0,0.0,-4,2,-4,-4,4,14,17,4,66928,-5,-5
2688,0.0,199907,1,0,0,5,2,2,2,3,1,3,-4,0,0.0,1,1,0,49000,2,14,13,4,37468,0,0
2689,1.0,200408,0,0,0,2,2,2,3,3,1,3,-4,0,0.0,-4,1,0,6226,6,12,13,4,47308,-5,-5
2690,0.0,-4,0,0,0,0,2,1,3,1,3,-4,-4,0,0.0,-4,1,0,6226,6,12,13,4,6831,-5,-5
2691,1.0,199808,0,0,0,1,2,2,1,3,1,-4,-4,0,0.0,-4,2,0,33200,4,14,12,4,22588,0,0
2692,0.0,-4,0,1,0,5,2,2,2,4,1,3,-4,0,1.0,5,1,0,2250,3,10,12,4,25206,-5,-5
2693,1.0,200003,0,0,0,2,2,2,1,1,1,1,-4,0,0.0,20,1,0,2250,3,10,12,4,49724,0,-4
2694,0.0,199811,4,0,0,36,3,2,4,2,1,4,-4,0,1.0,50,1,1,4000,4,11,13,4,-4,0,0
2695,0.0,199701,0,0,0,40,2,2,5,4,2,5,-4,0,0.0,50,1,0,4000,4,11,13,4,7758,0,0
2696,0.0,199806,0,0,0,9,2,3,4,3,1,-4,-4,0,,-4,1,0,4000,4,11,13,4,35373,0,0
2697,0.0,200209,3,0,0,6,3,4,4,4,1,3,-4,0,0.0,10,1,0,16450,4,11,12,4,28805,0,0
2698,1.0,-4,0,0,0,0,2,2,2,3,1,3,-4,0,0.0,0,2,0,-3,5,20,14,4,66501,0,0
2699,1.0,-4,0,0,0,3,2,2,1,1,1,1,-4,1,0.0,-4,2,0,131050,4,14,14,4,94181,0,0
2700,1.0,-4,0,0,0,1,2,2,1,1,1,-4,-4,0,0.0,-4,1,0,131050,4,14,14,4,72445,0,0
2701,1.0,199812,1,3,0,11,3,3,4,5,1,5,-4,0,1.0,50,1,0,165500,4,14,16,4,89196,0,0
2702,0.0,200208,0,0,0,2,3,2,1,1,1,-4,-4,1,0.0,-4,1,0,107350,5,12,12,4,58603,0,0
2703,1.0,-4,0,0,0,0,2,2,2,3,1,2,-4,0,0.0,10,1,0,61850,5,14,12,4,59023,0,0
2704,1.0,200202,0,0,0,1,2,4,2,2,1,1,-4,0,1.0,5,1,0,149000,6,16,12,4,9825,0,0
2705,1.0,-4,0,0,0,0,2,1,2,2,1,2,-4,0,0.0,0,2,0,517500,3,14,12,4,30501,0,0
2706,0.0,200007,5,0,0,5,1,1,2,1,1,1,-4,0,0.0,-4,1,0,3500,6,12,12,4,54035,0,0
2707,1.0,-4,0,0,0,0,2,2,2,1,1,-4,-4,0,0.0,-4,2,0,3500,6,12,12,4,46710,0,0
2708,0.0,-4,0,0,0,0,2,2,1,1,1,-4,-4,1,0.0,-4,2,0,3500,6,12,12,4,92658,0,0
2709,1.0,-4,0,0,0,5,2,3,4,3,1,3,-4,0,0.0,0,2,0,218050,6,16,15,4,99236,0,0
2710,1.0,-4,0,0,0,0,2,2,1,1,1,-4,-4,0,0.0,-4,1,0,218050,6,16,15,4,100000,0,0
2711,1.0,-4,0,0,0,12,2,2,1,1,1,-4,-4,1,0.0,-4,1,0,24510,5,11,8,4,97690,0,0
2712,0.0,-4,0,0,0,2,2,2,1,1,1,-4,-4,0,,-4,2,0,20250,4,-4,11,4,4156,0,1
2713,0.0,200512,0,0,1,3,2,2,1,1,1,-4,-4,0,,-4,1,0,20250,4,11,11,4,6086,0,0
2714,1.0,-4,0,0,2,4,2,2,1,1,2,-4,-4,0,0.0,-4,1,0,45250,4,12,12,4,99012,0,0
2715,0.0,-4,0,0,0,3,2,3,4,1,1,5,-4,1,,0,1,0,4249,3,10,9,4,6446,0,1
2716,0.0,-4,0,0,1,3,2,4,1,1,1,-4,-4,1,,-4,1,1,11350,2,12,16,1,80121,0,0
2717,0.0,-4,0,0,0,10,3,2,3,3,3,2,-4,0,0.0,0,2,0,500,5,-4,11,1,9130,0,0
2718,0.0,-4,0,0,0,15,2,2,5,1,1,-4,-4,0,0.0,-4,2,0,500,5,12,11,1,8859,0,0
2719,0.0,200207,0,1,0,0,2,1,2,1,1,-4,-4,0,0.0,-4,1,0,500,5,12,11,1,11434,-5,-5
2720,1.0,200506,0,0,0,16,4,3,4,4,1,5,-4,0,0.0,0,2,1,-4989,5,12,10,1,17973,0,0
2721,1.0,200506,1,1,0,5,2,3,2,2,2,-4,-4,1,0.0,-4,1,1,-4989,5,12,10,1,9223,0,0
2722,0.0,-4,0,0,0,2,3,3,4,4,1,5,-4,0,,50,2,-4,-4,3,10,10,1,31176,1,0
2723,0.0,200312,1,0,0,0,1,1,1,1,1,-4,-4,1,1.0,-4,2,0,-2979,4,14,12,1,13060,0,0
2724,1.0,-4,0,0,0,9,2,3,3,4,3,-4,-4,0,,-4,2,0,19250,3,13,13,1,13750,0,0
2725,1.0,-4,0,0,0,7,2,-2,1,1,1,-4,-4,0,,-4,2,0,-3,5,16,16,4,81490,0,0
2726,1.0,-4,0,0,0,3,2,2,3,3,1,2,-4,0,,2,2,-4,-4,3,-4,-3,4,95001,-5,-5
2727,1.0,-4,0,0,0,2,1,2,2,1,1,-4,-4,0,0.0,-4,1,0,78500,4,16,12,2,66812,0,0
2728,1.0,-4,0,0,0,2,1,1,1,1,1,-4,-4,0,0.0,-4,1,0,-3,4,16,16,4,-4,0,0
2729,0.0,200006,0,5,0,6,3,2,-2,-2,-2,-2,-4,-3,1.0,-3,2,-4,-4,4,-4,12,4,631,0,0
2730,1.0,-4,0,0,0,18,2,1,2,2,1,2,-4,0,0.0,8,1,0,-3,4,16,16,4,91806,0,0
2731,1.0,-4,0,0,0,3,2,1,2,2,1,-4,-4,0,0.0,-4,1,0,194000,5,16,17,4,97433,0,0
2732,1.0,199710,0,0,0,3,1,2,2,1,1,-4,-4,0,0.0,-4,1,0,34250,4,14,14,4,70407,0,0
2733,0.0,200911,0,0,0,4,2,2,3,2,1,-4,-4,0,0.0,-4,1,0,202001,3,19,20,4,69750,0,0
2734,1.0,-4,0,0,0,0,2,2,1,1,1,-4,-4,0,0.0,-4,2,0,-3,8,18,16,4,94333,0,0
2735,1.0,200708,0,0,0,1,2,2,1,1,1,-4,-4,0,0.0,-4,1,1,-3,8,-4,-4,2,19952,0,0
2736,0.0,-4,0,0,0,0,1,2,1,1,1,-4,-4,1,0.0,-4,1,0,-3,8,-4,-4,4,18834,0,0
2737,1.0,-4,0,0,0,2,2,2,2,2,1,1,-4,0,0.0,0,1,0,93750,5,12,13,4,79494,0,0
2738,1.0,-4,0,0,0,0,1,1,1,1,1,-4,-4,0,0.0,-4,1,0,93750,5,12,13,4,77092,0,0
2739,1.0,-4,0,0,0,10,2,4,4,2,1,4,-4,0,0.0,5,2,1,20750,4,11,12,4,45145,0,0
2740,0.0,-4,0,2,0,3,2,4,5,3,1,3,-4,0,0.0,3,2,0,372300,5,12,12,4,22495,0,0
2741,0.0,200306,1,0,0,0,2,3,1,2,1,1,-4,0,0.0,10,1,0,192000,4,-3,-3,4,36224,0,0
2742,0.0,-4,0,0,0,2,2,2,3,2,1,1,-4,0,0.0,10,1,0,120000,4,18,16,4,51882,0,0
2743,0.0,-4,0,0,0,1,1,2,3,3,2,2,-4,0,0.0,5,1,0,120000,4,18,16,4,30544,0,0
2744,1.0,-4,0,0,0,5,2,3,1,1,1,1,-4,0,0.0,0,2,0,-3,4,20,14,4,18264,0,0
2745,0.0,201702,0,0,0,12,2,2,4,3,1,-4,-4,0,0.0,-4,2,0,-1500,3,15,10,4,-4,0,-4
2746,0.0,-4,0,1,2,10,2,2,2,1,1,-4,-4,1,0.0,-4,2,0,36700,4,15,12,2,56258,0,0
2747,0.0,200409,0,0,0,0,2,2,3,2,1,1,-4,1,0.0,60,1,0,47588,2,14,12,4,31976,-5,-5
2748,1.0,-4,0,0,0,0,2,2,1,1,1,-4,-4,1,0.0,-4,2,0,167000,2,17,17,4,-4,-5,-5
2749,0.0,-4,0,5,0,2,1,3,4,3,2,3,-4,1,1.0,0,2,0,79001,5,13,12,4,38287,0,0
2750,1.0,-4,0,0,0,1,2,2,2,2,2,3,-4,0,0.0,0,2,0,79001,5,13,12,4,54296,0,0
2751,1.0,-4,0,0,0,1,2,2,1,1,1,-4,-4,1,0.0,-4,2,-4,-4,2,12,17,4,75291,-5,-5
2752,0.0,199411,0,0,0,3,1,2,4,2,2,2,-4,-3,0.0,0,1,0,-8200,4,12,14,4,28709,0,0
2753,1.0,-4,0,0,0,0,2,3,2,1,1,-4,-4,0,0.0,-4,1,0,-8200,4,12,14,4,48465,0,0
2754,1.0,-4,0,0,0,1,2,2,2,1,1,1,-4,0,0.0,-4,2,-4,-4,6,12,12,4,83923,0,0
2755,1.0,200408,0,0,0,1,2,2,2,1,1,-4,-4,1,0.0,-4,1,-4,-4,6,12,12,4,78416,0,0
2756,1.0,200402,0,0,1,3,1,2,1,1,1,-4,-4,1,1.0,-4,1,-4,-4,4,16,16,4,92833,0,0
2757,1.0,-4,0,0,0,3,2,2,1,1,1,-4,-4,0,0.0,-4,2,0,85500,4,16,18,4,94897,0,0
2758,1.0,-4,0,0,0,2,2,3,2,3,1,2,-4,0,1.0,5,1,-4,-4,6,17,12,4,86272,0,0
2759,0.0,200405,1,0,0,2,2,2,-2,-2,-2,3,-4,0,0.0,-4,1,0,-3,3,-3,12,4,19597,1,1
2760,0.0,200902,0,-4,-4,-4,3,3,3,3,2,2,-4,0,0.0,0,2,1,7500,4,11,11,4,11202,0,0
2761,1.0,-4,0,2,1,4,2,3,4,3,3,5,-4,1,0.0,-4,1,0,-3,3,12,12,4,61233,0,1
2762,1.0,200107,0,0,0,0,2,3,4,3,1,3,-4,0,0.0,10,1,0,68000,4,18,14,4,68397,0,0
2763,0.0,-4,0,0,0,1,1,1,1,1,1,-4,-4,0,0.0,-4,2,0,52500,4,12,12,4,42996,0,1
2764,1.0,200605,0,0,0,14,2,2,2,1,1,-4,-4,0,0.0,-4,2,-4,-4,7,12,11,1,88455,0,0
2765,1.0,-4,0,90,0,3,1,1,2,1,1,-4,-4,0,,-4,1,0,-3,2,16,14,4,67580,-5,-5
2766,0.0,199802,1,0,2,4,2,1,3,1,3,-4,-4,0,0.0,-4,1,0,144000,4,13,10,4,11802,0,0
2767,0.0,199607,0,1,0,1,2,2,4,5,1,3,-4,0,0.0,50,2,0,23500,4,14,11,4,41538,0,0
2768,1.0,-4,0,5,0,5,1,2,2,2,1,-4,-4,0,0.0,-4,2,-4,-4,5,19,16,4,91993,0,0
2769,1.0,-4,0,0,0,1,2,2,3,2,1,3,-4,1,1.0,10,2,0,252621,3,12,13,4,45173,-5,-5
2770,1.0,-4,0,0,0,1,2,2,3,3,-2,-2,-4,0,0.0,0,2,0,31200,5,12,12,4,70408,0,0
2771,1.0,-4,0,0,0,2,2,2,5,4,1,2,-4,0,,100,2,0,260001,3,17,17,4,47508,-5,-5
2772,1.0,-4,0,0,0,3,1,1,3,1,1,-4,-4,0,,-4,2,0,105500,4,12,12,4,81475,-5,-5
2773,1.0,199806,0,0,1,-2,1,2,3,2,1,1,-4,1,,20,1,0,-3,4,-4,-4,4,-4,-5,-5
2774,0.0,199606,0,0,0,2,2,2,2,2,1,2,-4,1,,-4,1,0,-3,4,-4,-4,4,-4,-5,-5
2775,1.0,-4,0,0,0,3,2,3,2,1,1,-4,-4,0,,-4,1,0,195000,6,14,14,4,85580,0,0
2776,1.0,-4,0,0,0,4,2,2,1,1,1,-4,-4,0,,-4,1,0,195000,6,14,14,4,68704,0,0
2777,1.0,-4,0,0,0,3,2,2,2,2,1,2,-4,0,0.0,5,2,0,145500,5,16,16,4,75553,0,0
2778,1.0,-4,0,0,0,3,1,2,2,1,1,-4,-4,0,0.0,-4,1,0,145500,5,16,16,4,97072,0,0
2779,1.0,-4,0,0,0,2,2,2,2,2,1,3,-4,0,0.0,0,1,0,93750,4,-4,12,4,93516,0,0
2780,0.0,-4,0,0,0,3,2,1,4,2,1,-4,-4,0,0.0,-4,2,0,33500,3,12,12,4,-4,0,0
2781,1.0,-4,0,0,0,7,2,2,5,3,1,4,-4,0,0.0,0,2,0,447500,4,12,12,4,48893,0,0
2782,1.0,-4,0,0,0,5,1,1,3,4,1,3,-4,0,0.0,25,2,0,162500,3,14,12,4,87405,0,0
2783,1.0,-4,0,0,0,0,1,1,3,3,2,3,-4,0,,25,2,0,145500,5,14,12,4,-4,-5,-5
2784,1.0,-4,0,0,0,1,2,4,5,5,3,5,-4,0,0.0,5,2,0,-3,5,18,15,4,38702,0,0
2785,0.0,-4,0,1,0,2,2,3,3,1,1,-4,-4,0,0.0,-4,2,0,-3,5,18,15,4,36595,0,0
2786,0.0,-4,0,0,2,1,2,1,1,3,1,-4,-4,0,,-4,1,0,80500,4,12,12,4,-4,0,0
2787,1.0,-4,0,0,0,5,1,2,2,3,1,3,-4,0,0.0,0,2,0,122500,4,13,13,4,97208,0,0
2788,0.0,200902,0,0,0,1,1,4,3,3,1,-4,-4,0,0.0,-4,1,0,122500,4,13,13,4,86885,0,0
2789,1.0,199809,0,0,0,2,2,2,3,2,1,-4,-4,0,0.0,-4,1,0,27000,5,9,12,4,-4,-5,-5
2790,0.0,-4,0,0,0,1,1,2,3,3,2,3,-4,0,1.0,0,1,0,-3,5,14,12,4,-4,0,0
2791,1.0,-4,0,0,0,2,2,3,1,1,1,-4,-4,0,0.0,-4,1,0,-3,5,14,12,4,85451,0,0
2792,1.0,-4,0,0,0,2,3,2,2,1,1,-4,-4,1,1.0,-4,2,0,599001,3,16,17,4,96142,0,0
2793,1.0,-4,0,2,0,2,2,2,2,2,2,-4,-4,0,0.0,-4,2,-4,-4,3,-4,10,4,57829,0,-2
2794,0.0,-4,0,2,0,5,2,1,3,1,1,1,-4,1,0.0,25,1,-4,-4,4,12,12,4,-4,0,0
2795,0.0,-4,0,0,0,5,2,2,4,4,2,4,-4,1,1.0,0,1,-4,-4,5,14,15,4,-4,0,0
2796,1.0,-4,0,0,0,2,2,2,2,2,2,-4,-4,0,0.0,-4,2,-4,-4,5,14,15,4,-4,-5,-5
2797,1.0,-4,0,0,0,10,3,2,5,4,1,4,-4,0,1.0,25,2,0,-3,4,17,13,4,80893,-5,-5
2798,0.0,200012,6,0,0,1,2,3,2,1,1,-4,-4,0,0.0,-4,1,-4,-4,5,12,14,4,21624,0,0
2799,0.0,200010,4,2,0,5,2,2,5,3,2,4,-4,1,1.0,50,1,0,-3,4,12,-4,1,79651,0,0
2800,0.0,199710,7,1,0,2,3,1,5,2,1,4,-4,0,0.0,0,1,0,-3,4,12,11,1,23132,0,0
2801,1.0,-4,0,1,0,5,2,2,3,2,1,-4,-4,0,0.0,-4,2,0,-3,4,14,19,4,87998,0,0
2802,1.0,-4,0,0,0,1,2,2,2,2,1,-4,-4,0,0.0,-4,2,0,487701,5,13,13,4,50436,0,0
2803,1.0,-4,0,0,0,2,1,1,3,2,1,3,-4,0,0.0,0,2,0,308000,4,16,17,4,48056,-5,-5
2804,0.0,-4,0,0,0,2,1,1,3,3,1,-4,-4,0,0.0,-4,2,0,308000,4,16,17,4,43479,-5,-5
2805,0.0,-4,0,0,0,6,3,3,4,-2,1,-4,-4,1,1.0,-4,2,0,41300,2,13,12,4,60566,0,0
2806,1.0,-4,0,0,0,1,2,1,4,4,2,4,-4,0,0.0,-4,2,0,322500,5,16,16,4,85134,0,0
2807,0.0,-4,0,2,0,3,2,2,4,3,2,-4,-4,0,0.0,-4,1,0,322500,5,16,16,4,67574,0,0
2808,0.0,199511,0,2,0,7,2,2,4,4,3,-4,-4,0,,-4,1,-4,-4,3,12,12,4,-4,-5,-5
2809,0.0,199506,0,0,0,12,4,3,3,2,4,5,-4,0,0.0,0,2,-4,-4,16,13,12,1,20392,0,0
2810,0.0,-4,0,1,6,10,3,2,4,3,4,-4,-4,0,0.0,-4,1,-4,-4,16,13,12,1,19638,0,0
2811,0.0,-4,0,0,0,2,2,1,1,1,1,-4,-4,0,,-4,2,0,19900,6,12,12,1,-4,0,1
2812,1.0,-4,0,0,0,9,3,4,4,5,4,5,-4,0,0.0,50,2,0,32700,3,15,12,4,66849,0,0
2813,0.0,199806,0,0,0,3,2,1,4,2,2,-4,-4,0,1.0,-4,1,0,8750,5,12,13,1,66652,0,0
2814,0.0,199303,-3,0,0,0,2,2,5,2,3,4,-4,1,,25,1,0,-3,5,-3,11,1,1008,0,-2
2815,0.0,-4,0,0,1,1,3,3,-2,3,4,-4,-4,0,,-4,2,0,-3,5,-3,11,1,1602,0,0
2816,0.0,199705,0,0,1,5,2,3,2,5,1,-4,-4,0,0.0,-4,2,0,-3,5,-3,11,1,4148,0,0
2817,1.0,-4,0,0,0,0,2,2,3,3,2,-4,-4,0,,-4,2,0,223100,3,12,12,4,54189,-5,-5
2818,1.0,-4,0,0,0,3,2,1,1,1,1,-4,-4,0,0.0,-4,2,1,-8454,6,20,16,4,94594,0,0
2819,1.0,199506,1,0,0,23,2,3,3,1,3,5,-4,0,,50,1,0,23750,4,14,14,1,37760,0,0
2820,1.0,-4,0,5,0,0,3,2,1,2,2,-4,-4,1,,-4,2,0,23750,4,14,14,1,80738,0,0
2821,0.0,-4,0,0,0,10,2,1,3,3,3,4,-4,0,0.0,50,2,0,250,3,12,-3,1,1523,0,0
2822,0.0,199611,0,1,0,2,4,4,2,3,2,-4,-4,0,0.0,-4,1,0,-3182,3,-3,11,1,-4,0,1
2823,0.0,-4,0,0,0,5,4,4,5,5,4,5,-4,0,1.0,90,1,0,500,4,12,12,1,-4,-5,-5
2824,0.0,199703,0,0,0,0,2,2,2,3,2,5,-4,0,,50,2,0,57500,4,-3,16,1,18646,0,-2
2825,0.0,199805,1,0,1,0,1,1,2,2,4,-4,-4,1,0.0,-4,1,0,57500,4,-3,-3,1,3338,0,0
2826,0.0,200210,0,99,0,5,2,3,1,1,5,-4,-4,0,0.0,-4,2,0,57500,4,-3,-3,1,4301,1,1
2827,0.0,-4,0,0,0,8,2,1,1,1,1,-4,-4,1,0.0,-4,2,-4,-4,5,-3,11,1,-4,0,0
2828,1.0,200701,0,0,0,0,1,2,5,5,5,-4,-4,0,0.0,-4,2,0,-2300,3,16,16,1,48789,0,0
2829,0.0,-4,0,7,1,60,2,4,5,4,3,5,-4,1,1.0,50,1,0,7520,2,-4,12,4,53488,-5,-5
2830,1.0,-4,0,0,0,3,2,2,2,1,2,-4,-4,1,,-4,1,0,24000,3,12,12,1,-4,-5,-5
2831,0.0,-4,0,0,0,25,3,4,5,5,1,3,-4,0,,10,1,0,84250,6,12,11,4,-4,0,0
2832,0.0,-4,0,0,0,8,2,2,3,4,1,3,-4,0,,-4,2,0,84250,6,12,11,4,-4,0,0
2833,1.0,202202,0,0,0,3,2,2,1,1,1,-4,-4,0,0.0,-4,1,0,217000,5,12,16,4,87070,0,0
2834,1.0,-4,0,0,0,1,2,2,3,2,2,-4,-4,0,0.0,-4,2,0,60500,3,12,-3,4,-4,0,0
2835,0.0,199203,5,0,0,4,1,2,3,3,2,4,-4,0,,50,1,0,-3,3,16,12,4,52189,0,0
2836,1.0,199407,0,0,0,5,2,2,3,4,2,4,-4,0,,25,2,-4,-4,5,13,14,1,16513,0,0
2837,1.0,-4,0,0,0,1,2,2,2,3,1,4,-4,0,,50,2,-4,-4,5,13,14,1,54625,-5,-5
2838,1.0,-4,0,0,0,2,1,1,3,3,3,-4,-4,0,,-4,2,-4,-4,3,-3,11,1,-4,-5,-5
2839,0.0,201008,0,0,0,6,2,4,3,3,2,-2,-4,1,0.0,0,2,0,-3,3,15,16,4,64788,0,0
2840,1.0,-4,0,0,0,2,2,2,1,1,1,-4,-4,0,0.0,-4,2,1,630,4,-3,14,4,64150,0,-4
2841,1.0,-4,0,0,0,2,2,2,1,1,1,-4,-4,0,0.0,-4,2,-4,-4,5,14,13,4,-4,0,0
2842,0.0,199501,0,0,1,0,3,2,4,3,1,4,-4,-3,,5,2,0,62500,4,10,12,4,-4,0,0
2843,1.0,-4,0,0,1,10,2,2,4,4,1,3,-4,0,,40,2,0,12500,3,12,15,4,70320,0,0
2844,1.0,-4,0,0,0,5,2,3,2,1,1,-4,-4,0,0.0,-4,2,0,12500,3,12,15,4,69919,0,0
2845,0.0,-4,0,4,0,3,1,2,4,3,3,-4,-4,1,,-4,2,0,19500,3,11,12,4,42019,0,0
2846,0.0,201807,0,0,5,20,1,2,4,4,1,3,-4,0,0.0,-4,1,0,2250,3,7,13,4,-4,0,1
2847,0.0,199907,0,0,0,6,2,2,2,1,1,-4,-4,0,0.0,-4,2,0,2250,3,-3,12,4,-4,0,1
2848,1.0,199607,0,0,0,6,2,3,4,3,1,5,-4,0,1.0,5,2,-4,-4,3,11,12,4,61463,0,0
2849,,199601,0,2,1,15,2,2,3,3,3,-4,-4,0,0.0,-4,2,1,4251,4,10,9,4,-4,0,0
2850,0.0,-4,0,1,0,8,2,2,4,3,1,3,-4,1,1.0,50,1,0,93450,5,12,12,4,-4,0,0
2851,0.0,199807,0,0,0,5,2,1,2,2,1,-4,-4,0,0.0,-4,1,0,91700,4,11,12,4,53033,0,0
2852,,-4,0,10,1,0,1,2,1,1,1,-4,-4,0,,-4,2,-4,-4,6,12,10,4,-4,-5,-5
2853,0.0,199612,3,0,0,3,2,2,4,3,1,3,-4,0,0.0,0,2,-4,-4,4,7,12,4,33867,-5,-5
2854,0.0,200001,0,30,30,1,2,2,5,4,2,-4,-4,0,1.0,-4,1,0,22500,4,6,12,4,52855,0,0
2855,1.0,199912,0,0,0,6,1,1,1,1,1,1,-4,0,0.0,10,2,0,30250,4,12,13,4,-4,0,0
2856,0.0,200705,0,0,0,8,2,2,3,1,1,-4,-4,0,0.0,-4,2,0,30250,4,12,13,4,-4,0,0
2857,,-4,0,0,0,8,2,2,4,4,1,3,-4,0,,15,1,0,34250,2,12,12,4,-4,-5,-5
2858,1.0,-4,0,99,0,3,1,1,5,4,3,3,-4,1,0.0,0,1,0,45450,2,12,9,4,70024,0,0
2859,0.0,-4,0,0,0,3,2,2,3,2,1,-4,-4,0,,-4,2,-4,-4,3,-3,8,4,61633,0,0
2860,0.0,199608,1,1,12,23,2,2,5,2,1,5,-4,0,0.0,0,1,-4,-4,3,9,10,4,9578,0,1
2861,0.0,-3,1,1,0,10,1,1,5,5,1,-4,-4,0,0.0,-4,2,-4,-4,3,9,10,4,3174,0,1
2862,0.0,199303,1,30,1,6,3,4,4,4,1,4,-4,0,,25,1,-4,-4,4,12,12,4,64682,0,0
2863,0.0,199703,0,2,1,0,2,4,3,2,1,-4,-4,0,,-4,1,-4,-4,4,12,12,4,22475,-5,-5
2864,0.0,199608,0,7,13,90,3,4,5,5,3,-4,-4,0,,-4,2,-4,-4,6,13,10,4,28905,0,0
2865,0.0,199804,0,0,0,3,2,1,3,2,1,-4,-4,0,0.0,-4,2,0,3750,6,12,10,4,34734,0,0
2866,1.0,-4,0,3,1,5,1,3,4,4,2,2,-4,1,0.0,10,1,0,5500,4,12,9,4,39414,0,0
2867,0.0,-4,0,1,0,0,1,2,2,1,1,-4,-4,0,0.0,-4,1,0,5500,4,12,9,4,2213,0,0
2868,0.0,200110,1,0,0,4,2,2,4,3,2,1,-4,1,1.0,5,1,-4,-4,5,8,9,4,-4,0,0
2869,1.0,-4,0,0,0,1,1,2,2,4,1,2,-4,0,,25,2,0,-3,4,16,16,4,97007,-5,-5
2870,1.0,-4,0,0,0,7,2,3,1,1,1,-4,-4,0,0.0,-4,2,-4,-4,6,16,16,4,72318,0,0
2871,1.0,-4,0,0,1,0,1,3,3,1,1,1,-4,0,0.0,0,1,0,-3,5,20,19,4,55390,0,0
2872,1.0,200801,0,0,5,5,4,3,4,1,1,-4,-4,0,0.0,-4,1,0,-3,5,20,19,4,31601,-5,-5
2873,1.0,-4,0,0,0,5,2,3,3,2,1,2,-4,0,0.0,0,1,0,-3,3,15,15,4,94819,0,0
2874,1.0,-4,0,0,0,7,2,1,3,3,1,1,-4,0,0.0,1,1,0,-3,4,20,18,4,100000,0,0
2875,1.0,-4,0,0,0,2,2,2,1,1,1,1,-4,0,0.0,1,1,0,-3,4,-4,16,4,87645,-5,-5
2876,1.0,200703,0,0,0,3,2,2,2,3,1,1,-4,0,0.0,5,1,-4,-4,6,20,20,4,100000,0,0
2877,1.0,-4,0,0,0,2,2,2,1,1,1,-4,-4,0,0.0,-4,2,-4,-4,6,20,20,4,85901,0,0
2878,1.0,-4,0,0,0,0,1,2,1,1,1,1,-4,0,,0,2,0,12510,5,-4,12,4,38257,-5,-5
2879,0.0,-4,0,0,0,2,1,1,1,1,1,1,-4,0,,50,2,0,12510,5,-4,12,4,82492,-5,-5
2880,1.0,-4,0,0,0,4,1,1,1,1,1,-4,-4,0,,-4,1,0,12510,5,-4,12,4,55597,0,0
2881,0.0,199805,0,0,0,3,2,2,3,2,2,3,-4,0,,30,1,0,149600,3,15,12,4,95952,-5,-5
2882,0.0,-4,0,0,0,0,2,3,3,4,3,3,-4,0,0.0,42,1,-4,-4,7,9,-3,4,-4,0,0
2883,1.0,-4,0,0,0,3,2,1,1,1,1,-4,-4,0,0.0,-4,1,-4,-4,7,9,-3,4,68930,0,0
2884,1.0,-4,0,0,0,3,2,3,1,1,1,-4,-4,1,0.0,-4,1,0,-3500,2,-3,13,4,57113,0,-2
2885,0.0,199407,0,2,0,200,2,4,5,3,4,3,-4,1,0.0,0,2,0,9750,4,14,16,4,30229,0,0
2886,1.0,200710,0,0,0,1,2,1,1,1,1,-4,-4,0,0.0,-4,1,0,91500,2,14,20,1,48068,0,-2
2887,0.0,-4,0,0,1,1,2,2,3,2,1,-4,-4,1,0.0,-4,2,0,-3,5,18,16,1,44725,0,0
2888,1.0,-4,0,0,0,0,2,2,1,1,1,-4,-4,0,0.0,-4,1,0,-3,4,15,12,4,91731,-5,-5
2889,1.0,-4,0,0,0,1,2,2,4,3,1,3,-4,0,,0,2,0,-3,7,12,12,4,46880,-5,-5
2890,1.0,-4,0,0,2,0,2,2,4,3,2,-4,-4,0,,-4,1,0,-3,7,12,12,4,44386,-5,-5
2891,0.0,-4,0,0,0,1,2,2,1,1,1,-4,-4,0,,-4,1,0,-3,7,12,12,4,18284,0,0
2892,0.0,-4,0,0,0,0,2,2,3,4,1,1,-4,1,,0,2,-4,-4,3,12,12,4,-4,0,0
2893,0.0,-3,0,2,3,3,2,1,3,1,1,-4,-4,0,,-4,1,-4,-4,8,20,10,4,-4,-5,-5
2894,1.0,-4,0,0,0,4,1,2,4,3,1,1,-4,0,0.0,10,2,0,407500,4,20,16,4,93976,0,0
2895,1.0,200609,0,0,5,2,1,3,3,2,1,-4,-4,0,0.0,-4,1,0,590000,2,-4,11,3,8676,0,-2
2896,0.0,-4,0,0,0,60,2,2,3,3,1,-2,-4,0,,0,1,0,-3,5,12,12,4,57305,-5,-5
2897,1.0,200008,0,0,2,2,2,2,2,3,1,-4,-4,0,,-4,1,0,-3,5,12,12,4,10200,-5,-5
2898,1.0,-4,0,0,0,2,1,1,1,1,1,-4,-4,1,0.0,-4,1,0,404500,4,20,20,4,85189,0,0
2899,1.0,-4,0,0,0,4,2,2,2,2,1,1,-4,0,0.0,5,1,0,600000,3,16,12,4,26323,-5,-5
2900,1.0,199702,0,1,0,1,2,2,2,2,1,2,-4,0,0.0,10,1,0,320500,4,17,16,4,71105,0,0
2901,0.0,199808,0,1,3,2,3,1,4,2,3,-4,-4,1,,-4,1,0,-27700,6,11,12,4,60001,-5,-5
2902,1.0,-4,0,0,0,1,2,2,1,1,1,-4,-4,1,,-4,2,0,-4500,4,12,14,4,65820,0,0
2903,0.0,-4,0,2,0,2,2,1,3,1,1,-4,-4,0,,-4,2,-4,-4,5,-4,-3,2,-4,-5,-5
2904,0.0,199610,1,0,0,20,2,2,2,1,1,1,-4,0,0.0,3,1,0,16600,4,12,10,4,20439,0,0
2905,1.0,-4,0,0,0,3,2,2,4,3,1,-4,-4,0,0.0,-4,2,0,-3,5,19,17,4,98369,0,0
2906,1.0,-4,0,0,0,2,1,2,1,1,1,-4,-4,0,0.0,-4,1,0,-3,5,19,17,4,74931,0,0
2907,1.0,-4,0,0,0,0,2,2,2,1,1,1,-4,1,1.0,5,1,0,600000,3,16,18,4,67914,0,0
2908,0.0,-4,0,0,0,0,2,3,3,1,5,-4,-4,0,1.0,-4,1,0,16450,5,13,14,4,62433,0,0
2909,0.0,199712,0,0,0,6,2,3,3,1,1,-4,-4,0,0.0,-4,2,0,69200,6,11,-3,4,27453,0,0
2910,1.0,-4,0,0,0,4,2,3,4,3,1,3,-4,1,0.0,15,1,0,34500,3,14,19,1,93256,0,-2
2911,0.0,199212,4,0,0,0,2,2,5,4,1,3,-4,0,0.0,50,1,0,12965,4,12,12,4,28553,0,0
2912,1.0,-4,0,0,0,1,1,2,3,2,1,-4,-4,0,0.0,-4,2,0,12965,4,12,12,4,38834,0,0
2913,0.0,-4,0,3,0,4,2,3,4,2,2,-4,-4,1,1.0,-4,2,0,12965,4,12,12,4,40805,0,0
2914,1.0,-4,0,0,0,1,2,2,3,3,2,2,-4,0,0.0,10,2,0,122000,4,12,16,4,44781,0,0
2915,1.0,-4,0,0,0,0,1,2,3,2,1,3,-4,1,0.0,25,1,0,183700,5,18,16,1,56898,0,0
2916,1.0,-4,0,0,0,12,2,1,4,3,1,4,-4,0,0.0,5,1,1,-5150,3,12,12,4,72091,0,0
2917,1.0,-4,0,10,1,0,2,4,4,3,1,-4,-4,1,,-4,1,0,114250,4,13,14,4,69045,-5,-5
2918,1.0,-4,0,0,0,0,2,1,2,2,1,-4,-4,0,,-4,1,0,106300,6,12,12,4,91789,-5,-5
2919,0.0,-4,0,0,0,0,2,2,1,1,1,-4,-4,0,,-4,1,0,106300,6,12,12,4,57730,-5,-5
2920,0.0,199905,0,0,0,0,2,3,2,2,2,2,-4,1,,-4,1,0,23000,3,8,12,4,-4,-5,-5
2921,0.0,199911,3,0,0,5,2,2,4,3,1,2,-4,0,,-4,1,-4,-4,5,12,12,4,33656,0,0
2922,0.0,-4,0,0,0,15,2,2,2,1,1,-4,-4,0,0.0,-4,2,-4,-4,5,12,12,4,55392,1,0
2923,0.0,200501,0,0,0,3,1,2,1,1,1,-4,-4,0,0.0,-4,1,0,244800,4,14,12,4,17059,-5,-5
2924,1.0,-4,0,0,0,1,2,2,3,2,1,-4,-4,0,,-4,2,0,80238,6,7,12,4,76380,0,0
2925,0.0,-4,0,0,1,1,2,2,1,2,1,-4,-4,0,0.0,-4,1,0,80238,6,7,12,4,15733,0,0
2926,1.0,-4,0,45,2,0,3,3,3,3,2,4,-4,1,0.0,-4,1,0,570500,3,10,13,4,62016,0,0
2927,0.0,200109,1,3,0,2,3,2,4,2,1,4,-4,0,0.0,-4,2,0,589500,3,12,10,4,13293,0,0
2928,1.0,-4,0,0,0,6,2,2,4,3,2,3,-4,0,,46,2,1,72500,8,12,13,4,52636,-5,-5
2929,1.0,-4,0,0,0,2,2,2,2,2,1,1,-4,1,0.0,-4,2,1,72500,8,12,13,4,61129,-5,-5
2930,1.0,201004,0,0,0,2,2,3,1,1,1,-4,-4,0,0.0,-4,1,1,72500,8,12,13,4,49980,0,0
2931,0.0,-4,0,0,0,4,2,3,1,2,1,2,-4,0,,5,1,0,92750,5,12,14,2,-4,0,0
2932,0.0,-4,0,0,0,7,2,2,3,1,1,3,-4,0,1.0,1,2,0,127201,5,13,14,4,46679,0,0
2933,0.0,-4,0,0,0,15,2,2,5,2,1,-4,-4,0,0.0,-4,2,0,127201,5,13,14,4,55883,0,0
2934,1.0,-4,0,0,0,5,2,3,4,3,2,3,-4,0,0.0,3,2,0,43000,5,8,8,4,31098,0,0
2935,0.0,201709,0,0,0,0,2,2,1,1,1,-4,-4,0,0.0,-4,2,0,43000,5,8,8,4,-4,0,0
2936,0.0,-4,0,0,0,6,3,2,5,5,2,-4,-4,0,0.0,-4,2,0,118250,4,11,10,4,10162,0,0
2937,1.0,-4,0,0,0,3,1,2,1,1,1,-4,-4,0,0.0,-4,2,0,-3,3,20,16,4,77605,0,0
2938,1.0,-4,0,0,0,0,2,2,2,2,1,-2,-4,1,0.0,2,1,0,600000,6,20,20,4,99608,0,0
2939,1.0,-4,0,0,0,0,1,2,1,1,1,-4,-4,0,0.0,-4,1,0,600000,6,20,20,4,91499,0,0
2940,0.0,-4,0,0,0,0,2,2,3,2,1,3,-4,1,1.0,75,2,0,-3,5,20,16,4,19232,0,0
2941,1.0,-4,0,0,0,0,2,2,1,1,1,-4,-4,0,0.0,-4,1,0,-3,5,20,16,4,76618,0,0
2942,1.0,-4,0,0,0,0,2,2,1,1,1,1,-4,0,0.0,1,2,0,-3,6,18,16,4,78515,0,0
2943,1.0,-4,0,0,0,1,2,3,2,5,1,-4,-4,0,0.0,-4,2,0,-3,6,18,16,4,20987,0,0
2944,1.0,-4,0,2,0,3,1,2,1,1,1,-4,-4,0,0.0,-4,2,0,600000,4,16,14,4,76961,-5,-5
2945,1.0,-4,0,0,0,3,1,2,2,2,5,1,-4,0,0.0,5,1,0,-3,5,19,16,4,85093,0,0
2946,1.0,-4,0,0,0,2,1,1,1,1,1,-4,-4,0,0.0,-4,2,0,-3,5,19,16,4,63473,0,0
2947,0.0,200307,1,0,0,4,3,4,4,2,4,-4,-4,0,0.0,-4,1,1,3500,4,9,11,4,17531,0,0
2948,0.0,199804,0,0,0,11,3,2,2,1,2,-4,-4,0,0.0,-4,2,0,26175,3,11,15,4,38181,-5,-5
2949,0.0,-4,0,0,0,1,2,2,2,1,2,2,-4,0,1.0,3,1,0,95500,4,15,8,4,31485,0,0
2950,1.0,-4,0,1,0,7,2,2,4,5,1,3,-4,1,1.0,15,1,0,51500,5,19,13,4,79761,0,0
2951,1.0,-4,0,0,0,4,1,2,2,3,3,-4,-4,1,0.0,-4,1,0,51500,5,19,13,4,71565,0,0
2952,1.0,-4,0,0,0,0,1,1,2,1,1,-4,-4,1,0.0,-4,2,0,148500,5,13,12,4,87994,0,0
2953,1.0,-4,0,0,0,0,1,2,4,1,1,-4,-4,0,1.0,-4,2,0,-3,4,14,15,1,24060,0,0
2954,1.0,-4,0,0,0,0,1,3,3,1,1,-4,-4,1,1.0,-4,1,0,-3,4,14,15,1,26258,0,0
2955,0.0,199909,0,0,0,5,1,1,1,1,1,-4,-4,0,0.0,-4,1,0,53750,5,7,12,4,8169,0,0
2956,1.0,-4,0,0,0,5,1,2,5,3,1,1,-4,0,,0,2,0,33250,4,13,14,4,-4,0,0
2957,1.0,-4,0,0,0,4,1,1,3,2,1,2,-4,0,,0,1,0,83500,5,16,16,4,76169,0,0
2958,0.0,-4,0,3,0,60,3,2,5,5,4,5,-4,0,0.0,50,2,1,62100,2,12,12,4,44544,0,-4
2959,0.0,-4,0,1,0,4,4,2,5,5,5,5,-4,0,,0,1,0,33010,5,-3,16,1,4452,0,1
2960,0.0,200407,2,0,0,1,2,2,2,2,1,-4,-4,1,,-4,1,0,28500,6,12,12,2,-4,-5,-5
2961,0.0,-4,0,0,0,7,2,2,4,4,2,3,-4,0,0.0,10,2,0,56000,2,16,12,1,10601,0,0
2962,1.0,-4,0,0,0,7,3,2,5,5,3,3,-4,1,0.0,5,2,0,-20500,3,18,16,1,-4,0,0
2963,0.0,-4,0,0,0,1,2,2,5,1,1,-4,-4,0,,-4,1,0,8100,4,-4,10,4,36431,-5,-5
2964,0.0,-4,0,0,0,0,2,2,5,3,1,4,-4,0,,0,1,0,138000,6,11,14,4,-4,-5,-5
2965,1.0,-4,0,10,0,4,3,2,3,1,3,-4,-4,1,1.0,-4,1,0,-3750,3,10,12,4,69272,0,-2
2966,0.0,-4,0,0,1,1,2,2,1,4,1,-4,-4,0,,-4,2,0,-4065,5,11,12,2,1784,0,0
2967,0.0,200410,2,0,0,8,2,2,1,1,1,-4,-4,1,,-4,1,0,-4065,5,11,12,4,18914,-5,-5
2968,0.0,200512,1,0,0,5,2,2,1,1,1,-4,-4,1,1.0,-4,1,0,550,4,12,9,4,26368,0,1
2969,0.0,-4,0,0,0,8,2,1,1,1,1,-4,-4,0,0.0,-4,1,-4,-4,4,14,12,4,54747,-5,-5
2970,0.0,199703,1,2,2,6,2,3,4,4,3,-4,-4,1,0.0,-4,2,0,17700,5,9,14,4,78325,0,-4
2971,0.0,-4,0,0,0,6,2,2,3,4,1,4,-4,0,,25,1,0,57800,3,12,12,2,27488,-5,-5
2972,0.0,199806,0,1,4,5,2,1,5,1,2,-4,-4,0,0.0,-4,1,0,25000,3,12,9,4,23729,0,0
2973,,-4,0,0,0,5,2,2,3,5,2,4,-4,0,,5,1,0,8250,4,11,12,4,-4,-5,-5
2974,,-4,0,0,0,2,2,1,3,1,1,-4,-4,0,,-4,2,0,8250,4,11,12,4,-4,-5,-5
2975,1.0,199907,0,0,0,2,2,3,1,1,1,1,-4,0,,30,1,0,148750,3,12,12,4,69409,-5,-5
2976,1.0,-4,0,0,0,7,1,1,1,1,1,-4,-4,0,1.0,-4,1,0,450,2,16,16,4,69353,0,0
2977,0.0,-4,0,0,0,2,2,2,2,2,1,2,-4,1,1.0,50,1,0,3200,4,12,12,4,32258,0,0
2978,0.0,-4,0,0,0,1,1,1,2,2,1,1,-4,1,0.0,0,1,0,2345,3,12,12,4,46282,0,-1
2979,1.0,-4,0,0,1,4,1,1,3,2,2,-4,-4,0,0.0,-4,1,0,94500,3,10,12,4,39677,0,0
2980,0.0,-4,0,0,0,2,2,2,3,2,2,2,-4,1,0.0,5,1,0,21000,4,18,19,4,67110,0,0
2981,1.0,-4,0,0,0,0,2,2,1,1,-2,-4,-4,0,0.0,-4,1,0,89800,4,16,18,4,99515,0,0
2982,1.0,200805,0,3,0,6,1,4,4,2,1,-4,-4,0,0.0,-4,2,0,23500,4,14,15,4,86691,0,0
2983,1.0,-4,0,0,0,5,2,3,3,4,1,3,-4,0,0.0,2,1,-4,-4,5,-3,17,4,35961,0,0
2984,1.0,-4,0,2,0,7,2,3,1,5,1,2,-4,0,0.0,0,1,0,-3,6,16,16,4,42451,0,0
2985,1.0,-4,0,0,0,2,2,3,1,1,1,-4,-4,1,0.0,-4,2,0,-3,6,16,16,4,80569,0,0
2986,1.0,-4,0,0,0,3,3,2,2,2,1,2,-4,0,0.0,4,2,0,72600,3,12,18,4,89758,0,0
2987,1.0,-4,0,0,0,2,2,2,2,1,1,-4,-4,0,0.0,-4,2,0,33000,4,18,13,4,83087,0,0
2988,0.0,199812,0,0,0,3,2,2,3,1,1,-4,-4,0,0.0,-4,1,0,98250,4,12,12,4,77463,0,0
2989,1.0,-4,0,0,0,2,2,1,4,3,2,-4,-4,0,0.0,-4,2,0,244500,4,14,16,4,53800,0,0
2990,1.0,-4,0,0,1,3,2,2,3,2,2,-4,-4,0,,-4,1,0,306000,4,19,16,4,85945,0,0
2991,1.0,-4,0,0,0,8,2,3,4,4,2,4,-4,0,,0,2,0,125500,4,13,14,4,51697,0,-4
2992,1.0,-4,0,0,0,0,2,1,3,4,2,3,-4,1,0.0,2,1,0,153250,4,14,17,4,94782,0,0
2993,1.0,200812,0,0,0,2,1,1,1,1,1,-4,-4,0,0.0,-4,1,0,153250,4,14,17,4,97787,0,0
2994,0.0,199901,3,0,0,6,2,3,4,3,2,5,-4,0,,0,1,0,169000,5,11,12,4,18870,-5,-5
2995,1.0,-4,0,1,1,5,2,1,1,1,1,-4,-4,0,,-4,1,0,-3,5,16,18,4,90479,0,0
2996,0.0,199605,1,0,0,5,2,4,3,3,3,5,-4,0,,75,1,0,2171,4,-4,14,1,5626,-5,-5
2997,1.0,-4,0,0,0,7,3,3,3,3,1,2,-4,0,0.0,30,2,0,80500,3,16,18,4,91391,0,0
2998,1.0,-4,0,0,0,10,2,2,1,1,1,1,-4,0,0.0,0,2,0,58600,3,14,14,4,39356,0,0
2999,0.0,200611,1,1,0,0,2,2,4,2,2,-4,-4,0,,-4,1,0,-3,4,-4,12,1,-4,0,1
3000,,-4,0,0,0,-2,2,2,2,1,1,-2,-4,1,,0,2,0,59000,3,12,14,4,-4,-5,-5
3001,0.0,200106,0,0,0,16,1,1,1,1,1,-4,-4,1,0.0,-4,1,0,125000,2,13,9,4,69747,-5,-5
3002,0.0,200307,1,0,0,-2,2,2,5,4,1,4,-4,1,1.0,0,2,-4,-4,3,11,12,4,61807,0,1
3003,0.0,200212,4,0,0,16,2,3,4,3,1,-4,-4,0,0.0,-4,1,0,154961,7,12,12,4,43199,0,1
3004,1.0,-4,0,2,0,6,1,2,2,2,1,-4,-4,1,0.0,-4,1,0,177750,4,12,16,4,85240,0,0
3005,1.0,-4,0,0,0,7,1,2,1,1,2,-4,-4,0,0.0,-4,2,0,177750,4,12,16,4,71083,0,0
3006,1.0,-4,0,0,0,3,2,3,3,3,2,2,-4,0,0.0,0,2,0,371001,3,12,12,4,43391,0,0
3007,1.0,-4,0,0,0,3,2,3,2,2,1,-4,-4,0,,-4,2,0,371001,3,12,12,4,50387,0,0
3008,1.0,-4,0,0,0,5,2,2,1,1,1,-4,-4,0,0.0,-4,1,0,127500,3,12,12,2,12070,0,0
3009,1.0,-4,0,0,0,4,2,2,3,2,1,3,-4,0,0.0,45,2,0,45000,5,12,12,4,76476,0,0
3010,1.0,-4,0,0,0,2,2,2,4,3,1,4,-4,0,0.0,-4,2,-4,-4,4,12,14,4,-4,-5,-5
3011,0.0,200008,0,0,0,1,2,3,2,2,1,-4,-4,0,0.0,-4,1,-4,-4,4,12,14,4,-4,-5,-5
3012,1.0,-4,0,1,0,2,2,2,4,2,1,-4,-4,0,0.0,-4,2,0,63800,5,17,16,4,82528,0,0
3013,1.0,-4,0,0,0,5,2,2,4,4,2,-4,-4,0,0.0,-4,2,0,600000,4,12,12,4,44044,0,0
3014,1.0,-4,0,0,1,19,2,3,4,4,2,3,-4,0,0.0,20,2,0,336500,4,17,18,4,40705,0,0
3015,1.0,-4,0,0,0,1,2,2,2,1,1,-4,-4,0,0.0,-4,1,0,336500,4,17,18,4,63572,0,0
3016,1.0,200310,0,0,0,5,2,2,1,1,1,-4,-4,1,0.0,-4,1,0,147401,5,14,16,4,84611,0,0
3017,1.0,-4,0,0,0,0,2,2,1,1,1,-4,-4,0,0.0,-4,2,0,221900,4,12,12,4,62077,0,0
3018,0.0,-4,0,0,0,6,1,2,1,2,1,-4,-4,0,0.0,-4,2,0,141800,5,13,14,4,7706,0,0
3019,1.0,-4,0,0,0,0,2,2,2,2,1,2,-4,0,0.0,5,1,0,193700,6,15,13,4,87382,0,0
3020,1.0,-4,0,0,0,1,2,2,2,1,1,-4,-4,0,0.0,-4,1,0,193700,6,15,13,4,18904,-5,-5
3021,1.0,-4,0,0,0,7,2,2,3,4,2,3,-4,1,0.0,5,2,0,178000,5,12,17,4,85023,0,0
3022,1.0,-4,0,0,0,2,1,2,1,1,1,-4,-4,0,0.0,-4,2,0,178000,5,12,17,4,97424,0,0
3023,1.0,-4,0,0,0,3,2,2,2,2,1,2,-4,0,0.0,5,2,0,520500,5,12,12,4,64698,0,0
3024,1.0,-4,0,0,0,4,2,2,1,1,2,-4,-4,0,0.0,-4,1,0,520500,5,10,12,4,22289,0,0
3025,1.0,-4,0,0,0,0,2,2,4,3,2,-4,-4,0,0.0,-4,2,0,11500,6,10,12,4,72639,0,-2
3026,1.0,200110,0,0,0,6,2,3,4,2,3,-4,-4,0,0.0,-4,2,-4,91500,6,12,12,4,11857,0,0
3027,1.0,200407,0,0,0,3,2,2,1,1,1,-4,-4,0,0.0,-4,1,0,78500,3,12,12,4,80350,0,0
3028,0.0,-4,0,0,0,0,2,2,4,2,1,-4,-4,0,0.0,-4,2,0,83750,4,14,12,4,11128,0,0
3029,0.0,-4,0,0,0,15,2,3,5,5,4,4,-4,0,,5,2,0,18000,5,14,14,4,35549,0,0
3030,0.0,-4,0,10,2,20,2,2,3,3,2,2,-4,1,1.0,-4,2,0,18000,5,14,14,4,45699,0,0
3031,1.0,-4,0,0,0,4,2,1,3,3,2,-4,-4,0,0.0,-4,2,0,-3,4,13,17,4,60920,0,0
3032,0.0,-4,0,0,2,6,4,3,3,2,1,-4,-4,1,0.0,-4,1,0,51500,3,11,12,4,41937,0,0
3033,0.0,199801,1,0,3,10,4,4,4,5,2,-4,-4,-1,0.0,-4,1,0,51500,3,11,12,4,513,0,0
3034,0.0,-4,0,0,0,0,2,2,1,1,1,-4,-4,0,,-4,1,0,28525,3,12,13,4,31324,-5,-5
3035,0.0,199410,1,0,0,24,2,3,4,2,2,3,-4,0,0.0,2,1,0,36750,6,8,11,4,8449,-5,-5
3036,1.0,201804,1,0,0,5,1,1,1,1,1,1,-4,0,0.0,-4,1,0,-3,4,11,12,2,-4,0,0
3037,1.0,-4,0,0,0,3,2,2,1,1,1,-4,-4,0,0.0,-4,2,0,-3,4,11,12,2,38465,0,0
3038,1.0,-4,0,2,0,2,1,2,4,2,1,1,-4,1,0.0,0,1,0,-3,4,14,17,4,96007,0,0
3039,1.0,-4,0,0,0,5,2,2,3,2,1,-4,-4,0,0.0,-4,2,0,107500,5,14,12,4,68699,0,0
3040,1.0,-4,0,0,1,25,2,2,5,4,1,-4,-4,0,,-4,2,0,50700,3,16,16,3,79452,0,-2
3041,1.0,-4,0,0,0,9,2,2,2,1,1,-4,-4,0,0.0,-4,2,0,50700,3,16,16,3,56644,0,0
3042,0.0,200103,0,0,0,3,1,2,3,1,1,-2,-4,0,,48,1,1,1300,3,-3,11,4,60500,-5,-5
3043,0.0,-4,0,0,0,6,2,2,2,1,2,-4,-4,0,,-4,1,0,61501,4,-3,12,4,67871,0,0
3044,0.0,199506,1,0,0,35,2,2,4,3,2,-4,-4,1,,-4,1,0,262251,14,13,12,1,-4,0,0
3045,1.0,-4,0,0,0,1,2,2,2,1,1,-4,-4,0,0.0,-4,2,1,10000,6,12,12,4,47417,0,-2
3046,1.0,-4,0,0,1,4,2,3,4,4,2,5,-4,0,0.0,2,2,0,60611,6,13,15,1,11812,0,0
3047,1.0,-4,0,0,0,6,2,2,4,2,1,-2,-4,0,0.0,-4,2,0,65500,2,-3,18,4,94347,0,-4
3048,1.0,199902,0,2,0,46,3,1,4,3,2,3,-4,0,,0,1,0,223500,4,12,12,4,49691,0,0
3049,1.0,-4,0,0,0,10,2,3,2,2,1,2,-4,0,0.0,-4,2,0,-3,5,20,18,4,87781,-5,-5
3050,1.0,-4,0,0,0,2,2,2,3,-2,-2,-4,-4,0,,-4,2,0,-3,5,20,18,4,74363,-5,-5
3051,1.0,-4,0,0,0,7,2,2,3,3,1,-4,-4,0,0.0,-4,2,0,-3,4,12,20,4,87294,0,0
3052,0.0,-4,0,0,0,20,2,1,4,5,2,-2,-4,0,0.0,40,2,0,91500,4,18,12,4,42899,0,0
3053,0.0,-4,0,0,0,10,2,2,3,3,1,-4,-4,0,0.0,-4,1,0,91500,4,18,12,4,74425,0,0
3054,0.0,-4,0,1,5,24,2,2,2,1,1,2,-4,1,1.0,50,2,0,24755,2,12,14,4,9473,0,1
3055,1.0,200109,0,0,1,3,3,3,4,1,1,-4,-4,0,0.0,-4,1,0,28000,4,11,12,4,39081,0,0
3056,0.0,199612,3,0,0,7,2,3,5,3,1,5,-4,0,0.0,15,1,0,49621,5,10,12,4,14785,0,0
3057,0.0,200510,0,1,0,4,2,1,1,1,1,-4,-4,1,0.0,-4,1,0,49621,5,10,12,4,43733,0,0
3058,1.0,-4,0,0,0,2,2,1,3,1,1,-4,-4,0,,-4,1,0,7751,4,12,11,4,-4,0,-4
3059,1.0,202105,0,0,0,6,2,3,2,1,1,-4,-4,0,0.0,-4,1,0,71000,3,14,16,4,73934,0,0
3060,1.0,-4,0,0,0,1,2,3,2,3,1,4,-4,0,,5,2,0,181800,5,12,12,4,27095,0,0
3061,0.0,200210,1,0,0,7,3,3,-2,-2,1,-2,-4,0,,0,1,0,181800,5,12,12,4,27696,-5,-5
3062,1.0,-4,0,0,0,4,2,2,2,1,1,-4,-4,0,,-4,2,0,-3,4,13,12,4,37190,-5,-5
3063,1.0,-4,0,0,0,4,2,2,2,1,1,1,-4,0,0.0,-4,1,0,56500,5,12,12,4,24107,-5,-5
3064,0.0,-4,0,-2,0,3,2,2,-2,1,-2,-4,-4,1,0.0,-4,1,-4,21500,5,12,16,4,66240,0,0
3065,0.0,199406,0,5,1,-2,3,4,5,5,1,4,-4,0,0.0,0,1,0,68300,3,8,12,4,6849,0,0
3066,1.0,-4,0,0,0,9,2,1,1,1,1,-4,-4,0,0.0,-4,2,1,56450,4,12,14,4,32662,0,0
3067,1.0,-4,0,0,0,2,2,2,3,3,1,3,-4,0,0.0,10,2,0,63850,5,12,12,4,96045,0,0
3068,1.0,-4,0,0,0,10,2,2,1,1,1,-4,-4,0,0.0,-4,1,0,63850,5,12,12,4,46865,0,0
3069,1.0,-4,0,0,0,6,1,1,3,3,1,4,-4,0,0.0,3,1,0,73916,3,12,16,4,-4,0,0
3070,1.0,-4,0,0,0,0,3,3,3,4,1,2,-4,1,,-4,2,0,14500,4,12,11,4,28542,0,0
3071,1.0,-4,0,0,0,3,2,2,2,4,1,4,-4,1,1.0,25,2,0,97005,4,14,19,4,99131,-5,-5
3072,1.0,199608,0,10,3,12,2,2,3,2,1,-4,-4,0,1.0,-4,1,0,97005,4,14,19,4,90605,0,0
3073,1.0,-4,0,0,0,1,2,2,3,4,1,3,-4,0,0.0,15,2,0,135700,4,12,14,4,95182,0,0
3074,1.0,-4,0,0,0,5,2,1,2,1,1,-4,-4,0,0.0,-4,1,0,135700,4,12,14,4,75222,0,0
3075,1.0,200210,0,0,0,2,2,1,2,3,1,-2,-4,0,0.0,-4,1,0,157550,4,12,12,4,35779,-5,-5
3076,1.0,-4,0,0,0,5,2,2,1,1,1,-4,-4,0,0.0,-4,1,0,586250,3,12,14,2,85574,0,0
3077,1.0,201201,1,0,1,2,2,2,1,1,1,-4,-4,1,0.0,-4,1,0,181301,4,13,12,4,71146,0,0
3078,0.0,-4,0,0,0,4,2,1,2,2,1,-4,-4,0,0.0,-4,2,0,15300,2,12,12,1,-4,0,0
3079,1.0,-4,0,0,0,0,2,2,4,4,2,4,-4,0,0.0,-4,2,0,112500,4,18,16,4,79945,0,0
3080,1.0,200111,0,0,1,6,2,2,2,2,2,-4,-4,1,0.0,-4,1,0,112500,4,18,16,4,5799,0,-2
3081,1.0,-4,0,0,0,0,2,1,4,3,1,2,-4,0,,0,2,0,58300,6,12,12,4,60684,-5,-5
3082,0.0,-4,0,2,1,1,2,2,1,1,1,-4,-4,0,,-4,1,0,35250,2,12,12,4,57944,-5,-5
3083,1.0,199801,0,20,3,6,2,4,5,4,1,-4,-4,1,,-4,2,0,343500,4,18,16,4,58936,-5,-5
3084,1.0,-4,0,0,0,10,1,1,1,1,1,1,-4,0,0.0,2,1,0,155000,5,18,15,4,99166,0,0
3085,1.0,-4,0,0,0,1,1,1,1,1,1,-4,-4,0,0.0,-4,2,0,155000,5,18,15,4,79022,0,0
3086,1.0,-4,0,1,0,3,1,1,1,1,1,-4,-4,0,0.0,-4,2,0,47500,4,10,12,4,61093,0,-4
3087,1.0,-4,0,0,0,0,2,2,1,1,2,-4,-4,0,0.0,-4,2,0,68000,3,12,16,4,71257,0,0
3088,1.0,-4,0,0,0,1,2,2,2,1,1,-4,-4,1,,-4,1,-4,-4,3,20,16,4,-4,0,0
3089,1.0,-4,0,0,0,2,2,1,4,4,1,2,-4,1,1.0,10,1,0,172000,3,13,13,4,64993,0,0
3090,1.0,-4,0,0,0,5,2,2,4,3,1,4,-4,0,0.0,10,1,0,314500,5,12,14,4,39975,-5,-5
3091,1.0,200809,0,5,1,10,1,2,1,1,1,-4,-4,1,0.0,-4,1,0,314500,5,14,14,4,62720,0,0
3092,0.0,-4,0,0,0,1,2,2,1,1,1,-4,-4,0,,-4,1,0,146750,4,18,18,4,68898,-5,-5
3093,1.0,-4,0,0,0,4,2,2,3,2,1,2,-4,1,0.0,-4,2,0,230500,5,11,12,4,89040,0,0
3094,1.0,-4,0,0,0,3,2,2,4,3,1,2,-4,0,0.0,10,1,0,104000,5,20,14,4,-4,0,0
3095,0.0,199608,0,0,0,40,3,3,1,1,1,-4,-4,1,,-4,1,-4,50000,5,17,12,4,-4,0,0
3096,1.0,-4,0,0,0,3,2,2,2,3,1,-4,-4,0,1.0,-4,2,-4,-4,3,12,13,4,-4,0,0
3097,0.0,199908,0,0,0,1,1,3,-2,-2,-2,-2,-4,0,0.0,3,1,0,16650,7,19,13,4,27442,0,0
3098,0.0,-4,0,0,0,0,1,1,1,1,1,-4,-4,0,,-4,1,0,16650,7,19,13,4,5653,0,0
3099,1.0,-4,0,0,0,1,2,1,2,1,1,-4,-4,0,0.0,-4,2,0,600000,4,18,14,4,69261,0,0
3100,0.0,-4,0,2,0,6,2,2,1,1,1,-4,-4,0,,-4,2,0,-3,2,12,12,1,-4,0,-4
3101,0.0,200001,2,0,0,15,2,2,2,1,1,4,-4,0,,-4,1,0,-40000,6,13,13,1,-4,0,0
3102,0.0,199708,6,0,4,3,2,4,3,4,4,4,-4,0,,75,1,1,2650,4,6,12,1,16606,0,0
3103,0.0,200811,0,0,1,0,3,2,1,1,1,-4,-4,0,0.0,-4,1,1,2650,4,6,12,1,3031,0,0
3104,0.0,-4,0,-4,-4,-4,3,4,5,5,5,5,-4,0,,0,1,1,500,2,12,11,1,-4,0,0
3105,0.0,-4,0,0,0,15,2,4,2,4,2,3,-4,0,,50,2,0,1750,3,12,12,1,-4,0,0
3106,1.0,199704,0,0,0,5,2,2,4,1,2,2,-4,0,0.0,-4,1,0,277501,4,13,20,4,-4,0,0
3107,1.0,-4,0,0,0,6,2,2,2,1,1,-4,-4,0,0.0,-4,1,0,-3,4,14,12,4,45353,0,0
3108,0.0,199403,0,0,2,2,4,1,3,3,1,1,-4,0,0.0,0,1,-4,-4,6,4,6,2,578,0,0
3109,0.0,199510,2,0,5,2,3,2,2,1,2,-4,-4,0,0.0,-4,1,-4,-4,6,4,6,2,-4,-2,0
3110,0.0,200007,4,0,1,1,2,3,3,1,4,-4,-4,0,0.0,-4,1,0,87500,6,-3,14,4,27230,0,0
3111,1.0,200304,0,0,0,1,1,1,1,4,2,-2,-4,0,0.0,20,1,-4,-4,5,12,8,4,-4,-5,-5
3112,,-4,0,0,0,2,2,2,1,1,1,-4,-4,0,,-4,2,0,-3,3,12,12,4,45267,-5,-5
3113,0.0,202103,-3,1,1,2,2,3,4,1,4,-4,-4,1,0.0,-4,1,0,34300,5,12,14,1,30815,0,0
3114,0.0,-4,0,0,0,3,4,4,3,3,1,5,-4,0,,0,1,0,8450,4,-3,12,1,-4,0,0
3115,1.0,-4,0,2,0,6,3,2,1,1,1,1,-4,0,,0,2,0,8450,4,-3,12,1,-4,-5,-5
3116,0.0,-4,0,0,0,10,2,4,3,4,4,3,-4,0,,-4,2,0,32250,6,10,11,2,17958,0,0
3117,0.0,-4,0,0,0,7,2,2,1,1,1,-4,-4,0,,-4,2,0,32250,6,10,11,2,21198,0,0
3118,1.0,-4,0,0,0,0,2,3,5,2,3,2,-4,0,,0,2,0,-66050,5,-3,12,1,-4,0,0
3119,0.0,199602,0,0,0,8,1,1,4,2,2,4,-4,0,1.0,3,1,0,6500,5,12,-3,4,-4,0,0
3120,0.0,199501,1,0,0,2,2,1,4,3,1,-4,-4,1,,-4,1,0,6500,5,12,-3,4,60471,-5,-5
3121,1.0,-4,0,2,1,4,1,2,1,1,2,-4,-4,0,1.0,-4,1,0,7000,5,-3,13,4,87268,0,0
3122,0.0,-4,0,2,0,2,3,3,3,1,5,-4,-4,0,0.0,-4,1,0,33000,4,12,11,4,9585,0,0
3123,0.0,-4,0,0,0,10,2,3,1,1,1,-4,-4,0,0.0,-4,2,0,26750,4,13,12,4,41619,0,0
3124,0.0,-4,0,0,0,15,2,3,3,2,1,2,-4,1,,85,2,-4,-4,4,-3,12,1,-4,0,-4
3125,1.0,-4,0,0,0,1,1,1,1,1,1,1,-4,0,0.0,-4,2,0,-5500,5,13,12,4,50045,-5,-5
3126,0.0,199812,2,1,1,-2,4,4,1,1,1,-4,-4,0,0.0,-4,2,0,9950,6,12,9,3,-4,0,0
3127,0.0,200009,3,0,4,10,1,2,1,1,1,-4,-4,0,0.0,-4,1,0,9950,6,12,12,4,29232,-5,-5
3128,1.0,-4,0,0,0,2,2,3,1,2,1,1,-4,0,0.0,0,1,0,1750,3,12,14,4,60604,0,0
3129,0.0,199409,0,5,0,15,2,1,5,5,1,4,-4,1,1.0,0,2,0,-3,8,12,12,4,53892,0,0
3130,0.0,-4,0,0,1,1,4,2,1,1,1,-4,-4,0,0.0,-4,1,0,-3,8,12,12,4,28738,0,0
3131,1.0,200306,0,0,0,6,2,1,1,2,1,1,-4,0,,0,1,0,600000,3,14,14,4,62278,-5,-5
3132,1.0,-4,0,0,0,5,2,2,2,2,1,1,-4,0,0.0,5,2,0,600000,4,14,15,4,78804,0,0
3134,1.0,-4,0,1,0,6,2,2,3,2,1,2,-4,0,0.0,-4,2,0,327000,6,16,16,4,-4,0,0
3135,0.0,-4,0,0,0,0,2,1,1,1,1,-4,-4,0,1.0,-4,1,0,99500,5,12,14,4,56789,0,0
3136,0.0,200010,0,2,0,0,2,2,1,1,1,-4,-4,1,0.0,-4,1,0,99500,5,12,14,4,62372,-5,-5
3137,0.0,-4,0,0,0,6,2,3,3,3,2,-4,-4,0,0.0,-4,1,0,47900,5,10,11,4,58233,0,0
3138,0.0,-4,0,0,0,2,2,2,2,3,1,2,-4,0,,15,1,0,314500,4,14,12,4,73770,0,0
3139,0.0,199904,1,0,1,6,2,2,4,4,1,2,-4,1,0.0,5,1,0,-3,4,12,12,4,10247,-5,-5
3140,1.0,-4,0,0,0,0,2,2,4,3,2,2,-4,0,0.0,-4,2,0,-3,6,16,16,4,98174,0,0
3141,1.0,200509,0,0,0,1,2,1,1,1,1,-4,-4,0,0.0,-4,1,0,-3,6,16,16,4,94264,0,0
3142,1.0,-4,0,0,0,2,2,3,3,4,1,3,-4,0,0.0,10,1,0,118500,4,12,12,4,94536,0,0
3143,0.0,-4,0,0,0,0,2,2,1,1,1,-4,-4,0,,-4,1,0,150500,4,17,12,4,64015,-5,-5
3144,1.0,-4,0,0,0,4,1,1,-2,-2,-2,-4,-4,0,0.0,-4,2,0,-3,3,14,15,4,86623,0,0
3145,1.0,-4,0,0,0,0,2,2,3,-2,-2,-2,-4,0,1.0,-4,1,0,66000,5,18,16,4,97499,0,0
3146,1.0,-4,0,0,1,4,3,2,3,2,1,3,-4,0,0.0,-4,1,0,144500,4,12,12,4,89556,0,0
3147,0.0,198906,0,30,2,3,2,4,-2,-2,-2,-2,-4,0,1.0,-4,1,1,-3,3,-4,-4,2,98597,0,-4
3148,1.0,-4,0,0,0,0,2,1,1,1,1,1,-4,0,0.0,10,2,0,-3,5,13,12,4,81017,0,0
3149,0.0,-4,0,0,0,0,2,2,1,1,1,1,-4,0,0.0,-4,1,0,-3,5,13,12,4,62234,0,0
3150,0.0,199802,0,3,1,1,2,1,3,2,2,-4,-4,0,0.0,-4,1,0,94000,4,12,9,4,31961,0,0
3151,0.0,200403,0,5,1,15,2,2,2,1,2,-4,-4,0,0.0,-4,2,0,94000,4,12,9,4,48265,0,0
3152,0.0,-4,0,1,0,0,3,3,1,-2,1,-4,-4,-2,0.0,-4,1,0,11750,2,-4,16,4,-4,0,0
3153,1.0,-4,0,0,0,0,2,2,3,3,2,-2,-4,0,0.0,-4,2,0,-3,5,12,12,4,55156,0,0
3154,1.0,-4,0,0,0,4,2,2,2,4,1,3,-4,0,0.0,10,1,0,119500,3,16,17,4,81717,0,0
3155,1.0,-4,0,0,0,2,2,2,3,4,2,4,-4,0,0.0,10,2,0,-3,4,14,13,4,54185,-5,-5
3156,1.0,-4,0,0,0,1,1,3,1,1,1,-4,-4,0,0.0,-4,1,0,-3,3,12,16,4,87586,0,0
3157,0.0,199910,2,0,1,0,2,3,4,5,1,2,-4,0,,0,1,-4,-4,5,16,15,4,-4,0,0
3158,0.0,201201,-3,0,1,7,3,3,4,4,2,-4,-4,1,,-4,1,-4,-4,5,16,15,4,-4,-5,-5
3159,1.0,-4,0,0,0,10,2,3,4,4,2,4,-4,0,1.0,50,2,0,22210,2,-3,15,4,36451,0,0
3160,0.0,-4,0,0,0,10,2,1,5,3,3,4,-4,0,,20,2,0,7750,2,12,11,4,-4,-5,-5
3161,1.0,-4,0,0,0,0,2,3,3,2,1,2,-4,0,,10,2,0,47500,3,12,12,4,73582,0,0
3162,1.0,-4,0,0,0,6,2,2,1,1,1,-4,-4,0,0.0,-4,2,0,25500,5,13,17,4,94497,0,1
3163,0.0,199401,1,3,0,1,2,2,4,3,1,3,-4,0,0.0,25,1,0,277500,3,14,14,4,68766,0,0
3164,0.0,200403,2,0,0,4,2,1,3,2,1,-4,-4,0,0.0,-4,2,0,8250,4,16,16,4,-4,0,0
3165,0.0,-4,0,0,0,4,2,2,4,3,2,-4,-4,0,0.0,-4,2,0,-1920,5,14,10,4,41908,0,0
3166,1.0,-4,0,0,0,5,2,3,2,2,1,2,-4,0,0.0,0,2,0,-30360,5,12,16,4,88756,0,0
3167,0.0,200001,0,0,0,-2,2,2,2,1,1,-4,-4,0,0.0,-4,1,0,-6200,4,-3,16,4,77472,0,-4
3168,0.0,199808,0,1,0,5,4,3,2,1,1,-4,-4,0,0.0,-4,2,0,-6200,4,-3,16,4,45885,-2,-4
3169,1.0,200601,0,5,0,7,2,4,2,1,1,-4,-4,0,0.0,-4,2,0,-3,3,-3,15,4,47838,0,-4
3170,1.0,200206,0,0,0,14,2,3,4,5,2,-4,-4,0,0.0,-4,2,0,-3,2,9,15,4,84131,0,0
3171,1.0,-4,0,0,0,0,2,2,1,1,1,-4,-4,0,0.0,-4,1,0,43900,5,12,16,4,93254,0,0
3172,0.0,200806,0,0,0,15,2,1,1,1,2,-4,-4,1,0.0,-4,1,0,43400,3,10,10,2,4712,0,1
3173,0.0,199911,0,0,0,32,1,1,4,3,4,4,-4,0,0.0,25,1,0,12700,5,10,12,4,21919,0,-4
3174,0.0,199910,1,0,0,3,2,2,1,1,2,-4,-4,0,,-4,1,0,12700,5,10,12,4,75050,0,1
3175,1.0,-4,0,0,0,1,1,2,2,3,1,1,-4,0,0.0,1,2,0,800,5,12,13,4,71666,0,-4
3176,1.0,-4,0,0,0,1,1,1,2,1,1,-4,-4,0,,-4,1,0,800,5,12,13,4,83592,0,0
3177,0.0,200401,0,0,0,0,1,1,1,1,1,-4,-4,0,0.0,-4,2,0,800,5,12,13,4,83901,0,-4
3178,0.0,-4,0,-4,-4,-4,-4,-4,-4,-4,-4,-4,-4,0,0.0,50,2,0,23550,6,13,15,2,18750,0,0
3179,1.0,-4,0,0,0,1,2,2,1,1,1,-4,-4,0,0.0,-4,2,0,23550,6,13,15,2,30556,-5,-5
3180,1.0,-4,0,0,0,0,1,2,4,4,1,4,-4,0,0.0,60,2,0,493880,2,12,16,4,84894,0,0
3181,1.0,-4,0,1,0,-2,2,2,-2,-2,1,-2,-4,0,0.0,-4,1,0,50500,4,16,18,4,85497,0,0
3182,0.0,-4,0,0,0,0,2,2,3,2,1,-4,-4,1,0.0,-4,2,0,50500,4,16,18,4,61002,0,1
3183,1.0,-4,0,0,0,3,1,1,4,2,4,-4,-4,0,0.0,-4,2,0,23500,4,16,16,4,67776,0,0
3184,0.0,200102,2,0,0,3,2,1,3,3,2,1,-4,0,1.0,0,1,0,63750,8,-3,-4,4,44288,-5,-5
3185,0.0,-4,0,0,0,1,2,4,2,-2,1,-4,-4,0,,-4,2,-4,20700,8,14,-4,4,9058,-5,-5
3186,1.0,-4,0,0,0,3,2,2,2,3,1,3,-4,0,0.0,5,2,0,162250,4,16,13,4,79160,0,0
3187,1.0,-4,0,0,0,2,2,3,2,2,1,-4,-4,1,0.0,-4,1,0,162250,4,16,13,4,58190,0,0
3188,1.0,199809,2,0,0,4,2,3,3,4,2,1,-4,0,,10,2,0,48750,5,12,8,4,76749,0,0
3189,1.0,200007,0,0,0,3,2,3,4,4,2,2,-4,0,1.0,40,2,0,377000,6,12,12,4,88002,0,0
3190,0.0,-4,0,0,0,2,2,3,4,5,3,-4,-4,0,,-4,2,0,377000,6,12,12,4,40163,0,0
3191,0.0,-4,0,0,0,1,3,1,1,1,1,-4,-4,0,,-4,1,0,-3,3,14,16,4,33074,-5,-5
3192,1.0,-4,0,0,0,1,2,2,3,4,2,3,-4,0,0.0,3,2,0,534200,5,16,16,4,82346,0,0
3193,1.0,200510,0,0,0,-2,2,2,1,-2,-2,-4,-4,0,0.0,-4,1,0,534200,5,16,16,4,73085,-5,-5
3194,1.0,-4,0,0,0,1,2,1,1,1,1,-4,-4,0,0.0,-4,1,0,255500,5,14,17,4,88323,0,0
3195,1.0,-4,0,0,0,6,2,2,3,2,1,1,-4,0,1.0,-4,2,0,157500,3,18,14,4,82388,0,0
3196,1.0,-4,0,0,0,3,2,2,2,1,1,-2,-4,0,0.0,3,2,0,280000,6,14,16,4,92454,0,0
3197,1.0,-4,0,0,0,0,2,3,2,3,1,1,-4,1,0.0,25,1,0,280000,6,14,16,4,90799,0,0
3198,1.0,-4,0,0,0,0,2,2,1,1,1,-4,-4,0,0.0,-4,1,0,280000,6,14,16,4,91889,-5,-5
3199,1.0,-3,0,0,0,0,1,3,4,2,1,-4,-4,0,1.0,-4,2,1,9750,3,12,13,4,-4,0,0
3200,1.0,-4,0,0,0,2,2,2,4,4,2,4,-4,0,0.0,0,2,0,-3,4,12,12,4,21559,0,0
3201,0.0,199705,0,0,0,4,2,2,4,3,1,2,-4,1,0.0,-4,1,0,-3,4,12,12,4,57247,-5,-5
3202,0.0,200409,0,0,0,4,2,2,2,1,2,-4,-4,0,0.0,-4,1,0,29350,4,10,10,4,14531,0,0
3203,0.0,199604,1,0,0,5,2,2,3,2,2,2,-4,0,0.0,-4,2,0,1200,5,-3,9,2,47644,0,0
3204,0.0,199608,4,0,1,3,3,2,3,2,1,-4,-4,0,0.0,-4,2,0,1200,5,12,9,2,14199,0,0
3205,0.0,199503,1,0,1,5,2,3,4,4,2,-4,-4,1,,-4,1,0,1500,6,20,10,4,17277,-5,-5
3206,0.0,-4,0,0,0,17,1,2,5,3,2,-4,-4,0,0.0,-4,2,0,12950,5,-3,15,4,31672,0,-4
3207,0.0,-4,0,0,1,0,1,2,1,1,1,1,-4,1,0.0,0,1,-2,3300,4,-4,-4,4,-4,0,0
3208,,-4,0,4,1,2,2,2,3,1,2,1,-4,1,,-4,1,0,3300,4,-4,-4,4,-4,-5,-5
3209,0.0,199706,1,0,0,7,2,2,1,3,4,-4,-4,-2,,-4,1,1,3300,4,-4,-4,4,-4,0,0
3210,1.0,-4,0,0,0,2,2,1,2,1,1,-4,-4,1,0.0,-4,2,0,228500,4,13,19,4,61451,-5,-5
3211,1.0,-4,0,0,0,1,2,3,3,2,1,-4,-4,1,0.0,-4,2,0,-3,5,16,18,4,52748,0,0
3212,1.0,200612,0,0,0,2,1,1,1,1,1,-4,-4,1,0.0,-4,1,0,65900,4,14,12,4,76424,0,0
3213,1.0,-4,0,0,0,2,1,1,3,1,1,-4,-4,0,0.0,-4,2,0,45500,8,-3,-3,4,78499,0,0
3214,0.0,-4,0,0,0,0,2,2,1,1,1,-4,-4,0,0.0,-4,2,0,142001,6,15,13,2,33680,0,0
3215,1.0,-4,0,0,0,3,1,3,3,2,1,2,-4,0,0.0,0,1,0,139500,5,18,16,4,65037,0,0
3216,1.0,-4,0,2,0,5,3,3,1,1,1,-2,-4,0,0.0,0,1,0,273400,5,16,18,4,89207,0,0
3217,1.0,-4,0,0,0,1,2,2,2,2,1,1,-4,0,,-4,1,0,600000,4,16,18,4,-4,0,0
3218,1.0,-4,0,0,0,1,2,2,2,1,1,-4,-4,0,,-4,2,0,600000,4,16,18,4,-4,0,0
3219,1.0,-4,0,0,0,0,1,2,3,1,1,-4,-4,0,0.0,-4,1,0,248000,3,12,12,2,56849,0,0
3220,0.0,201002,0,0,0,0,1,3,2,1,1,-4,-4,0,0.0,-4,1,0,84500,4,16,17,4,35519,0,0
3221,1.0,200003,0,0,0,20,2,2,3,2,1,1,-4,0,0.0,1,2,0,32500,3,12,14,4,84180,0,0
3222,1.0,-4,0,3,0,5,2,3,4,3,1,2,-4,1,0.0,1,1,0,-3,5,-4,15,4,92761,0,0
3223,1.0,-4,0,0,0,4,1,3,4,3,1,-4,-4,0,,-4,2,0,-3,5,-4,15,4,92189,0,0
3224,0.0,-4,0,0,3,8,2,2,2,1,1,-4,-4,0,,-4,1,0,600000,5,12,9,4,26386,0,0
3225,0.0,-4,0,0,0,6,1,1,4,4,1,4,-4,0,1.0,10,2,0,109500,3,14,-3,4,16435,0,0
3226,1.0,-4,0,1,1,4,3,4,5,3,-2,2,-4,1,,0,1,0,600000,3,8,12,4,37133,-5,-5
3227,0.0,-4,0,0,0,4,1,2,3,2,1,3,-4,0,,50,2,-4,-4,5,12,12,2,56313,0,0
3228,0.0,-4,0,0,0,2,2,1,4,2,1,-4,-4,0,,-4,2,-4,-4,5,12,12,4,78114,0,0
3229,1.0,201010,0,0,0,1,1,2,3,2,1,-4,-4,0,0.0,-4,2,-4,-4,5,12,-4,4,39125,0,0
3230,0.0,-4,0,0,0,2,2,1,2,2,1,3,-4,0,0.0,0,2,0,61801,6,12,-3,4,44238,0,0
3231,1.0,199810,0,2,0,10,1,2,3,1,-2,-4,-4,0,0.0,-4,1,0,4102,4,9,14,4,28894,0,-2
3232,1.0,-4,0,0,0,9,1,2,-2,-2,-2,-4,-4,0,1.0,-4,2,0,4102,4,9,14,4,21891,0,0
3233,1.0,-4,0,0,0,11,2,3,4,4,1,5,-4,0,,50,2,0,4500,3,10,-3,4,60274,0,0
3234,0.0,200001,0,0,0,1,1,4,1,4,1,4,-4,0,1.0,0,1,-4,-4,3,-3,12,4,549,-5,-5
3235,0.0,-4,0,0,0,30,3,4,3,4,-2,3,-4,0,,15,2,-4,-4,2,14,12,4,88646,0,0
3236,1.0,-4,0,0,0,0,2,2,2,2,1,-4,-4,0,0.0,-4,2,-4,-4,3,12,13,4,47872,-5,-5
3237,1.0,-4,0,0,0,4,1,1,2,1,1,2,-4,0,0.0,0,2,0,152500,4,12,18,4,83489,0,0
3238,1.0,-4,0,0,0,0,1,1,4,3,2,2,-4,0,0.0,5,2,0,600000,4,16,12,4,91429,0,0
3239,0.0,-4,0,0,0,5,2,2,2,1,1,-4,-4,0,0.0,-4,2,0,600000,4,16,12,4,89391,0,0
3240,0.0,200808,0,0,0,2,2,3,4,3,2,-4,-4,0,0.0,-4,2,0,270500,5,12,12,4,30508,0,0
3241,0.0,-4,0,3,0,10,2,3,4,2,2,-4,-4,0,,-4,2,0,-3,4,-3,14,2,31030,0,0
3242,1.0,-4,0,0,0,3,3,3,3,1,1,-4,-4,0,0.0,-4,2,0,84200,3,16,16,4,66357,0,0
3243,1.0,-4,0,0,0,7,1,3,4,3,2,3,-4,0,,0,2,0,194500,2,18,16,2,-4,0,0
3244,1.0,-4,0,0,0,2,2,2,3,2,3,3,-4,0,0.0,-4,1,0,-300,6,12,12,4,99656,-5,-5
3245,1.0,-4,0,2,1,0,3,1,1,1,1,-4,-4,0,0.0,-4,1,0,-1250,3,10,10,4,-4,-5,-5
3246,0.0,200007,0,7,1,0,2,2,3,4,2,5,-4,0,,25,1,0,23671,3,13,12,1,41965,-5,-5
3247,0.0,-4,0,0,0,0,2,2,4,3,2,3,-4,1,,2,1,0,117001,5,15,13,4,33802,0,0
3248,1.0,-4,0,0,0,2,2,2,3,2,1,3,-4,0,1.0,0,2,0,45500,4,16,12,4,84788,0,0
3249,1.0,199907,0,2,0,5,2,3,2,4,2,4,-4,0,,20,2,0,73750,2,18,12,4,70263,1,0
3250,1.0,-4,0,0,0,-2,2,1,4,5,1,3,-4,0,0.0,20,2,0,41550,7,12,12,4,62034,0,0
3251,1.0,-4,0,0,0,3,2,1,2,1,1,-4,-4,0,0.0,-4,2,0,41550,7,12,12,2,84136,0,0
3252,1.0,-4,0,0,0,1,1,1,3,1,1,-4,-4,0,0.0,-4,2,0,41550,7,12,12,2,80985,0,0
3253,1.0,-4,0,1,4,0,2,3,2,1,1,-4,-4,1,1.0,-4,1,0,-3,4,13,16,4,35741,0,0
3254,0.0,-4,0,0,0,30,2,3,4,4,1,4,-4,1,1.0,2,2,0,50100,4,13,12,4,16615,0,0
3255,0.0,-4,0,0,0,3,2,3,4,4,2,2,-4,0,1.0,0,2,0,17000,5,14,13,4,61634,0,0
3256,0.0,200211,0,2,0,0,2,2,1,1,1,-4,-4,0,0.0,-4,1,0,17000,5,14,13,4,61863,0,0
3257,1.0,200004,0,0,0,3,2,2,2,2,1,3,-4,0,0.0,8,2,0,168500,3,12,-4,4,81120,-5,-5
3258,1.0,-4,0,0,0,6,2,2,3,3,1,2,-4,0,0.0,5,1,0,53300,4,16,13,4,53053,0,0
3259,0.0,200511,0,0,0,-2,2,2,4,4,-2,1,-4,1,0.0,0,1,0,-3,4,12,15,4,40237,0,0
3260,0.0,-4,0,0,0,1,2,3,2,1,1,-4,-4,0,,-4,1,0,89000,3,14,14,4,2258,0,0
3261,0.0,-4,0,0,0,8,2,1,4,3,1,3,-4,0,0.0,0,2,0,54500,5,15,14,4,43619,0,0
3262,0.0,-4,0,0,0,3,2,1,2,1,1,-4,-4,0,0.0,-4,1,0,54500,5,15,14,4,-4,-5,-5
3263,0.0,200407,0,0,0,8,1,2,2,1,1,2,-4,0,0.0,0,1,1,5750,3,12,12,4,51326,0,0
3264,1.0,-4,0,0,0,0,2,2,3,4,1,2,-4,0,,0,2,0,-58500,3,18,12,4,61841,-5,-5
3265,0.0,-4,0,0,0,6,1,2,2,1,1,3,-4,0,,0,2,0,-3,3,12,12,4,86568,-5,-5
3266,1.0,-4,0,0,0,2,3,2,3,2,1,2,-4,0,,0,1,0,9000,3,12,12,4,66661,0,0
3267,1.0,-4,0,0,0,2,2,2,4,4,1,2,-4,1,0.0,-4,2,0,61250,5,-4,12,4,82886,0,0
3268,0.0,-4,0,0,0,5,2,4,4,2,1,4,-4,1,0.0,100,2,0,28600,5,10,10,4,21493,-5,-5
3269,0.0,200109,0,0,1,30,4,3,4,3,2,-4,-4,0,0.0,-4,1,0,28600,5,10,10,4,892,0,0
3270,0.0,199806,0,0,0,10,2,4,4,5,3,4,-4,0,0.0,0,1,0,57500,3,16,16,4,40136,0,0
3271,0.0,200803,0,0,0,10,4,4,2,2,2,4,-4,1,1.0,10,1,0,3000,4,12,16,4,41925,-5,-5
3272,0.0,-4,0,0,0,5,2,2,3,3,2,-4,-4,0,0.0,-4,2,0,3000,4,12,16,4,44607,0,0
3273,1.0,201507,0,0,0,5,2,4,5,3,2,3,-4,0,1.0,50,1,0,10785,2,20,15,4,88940,0,0
3274,0.0,201309,1,0,1,2,2,2,3,4,1,4,-4,0,0.0,50,1,0,114400,4,12,12,4,35380,0,0
3275,0.0,-4,0,0,0,1,2,2,4,4,1,2,-4,0,,5,1,0,154500,3,12,12,4,-4,0,0
3276,1.0,-4,0,0,0,0,2,2,2,1,1,-4,-4,0,0.0,-4,2,0,-3,4,13,18,4,80684,0,0
3277,1.0,-4,0,0,0,1,2,1,3,3,2,2,-4,0,,15,2,0,122800,3,14,12,4,46521,-5,-5
3278,0.0,-4,0,0,0,0,1,2,2,1,1,-4,-4,0,,-4,2,0,122800,3,14,12,4,4316,-5,-5
3279,1.0,-4,0,0,0,6,1,1,2,1,1,-4,-4,0,0.0,-4,2,0,72500,4,15,19,4,90299,0,0
3280,0.0,-4,0,0,0,20,2,2,4,4,1,3,-4,0,,0,2,0,78000,4,12,13,4,50260,-5,-5
3281,1.0,-4,0,0,0,2,2,2,1,1,1,-4,-4,0,0.0,-4,1,0,371000,3,16,12,4,90820,0,0
3282,1.0,-4,0,0,0,2,2,2,3,2,1,-4,-4,0,0.0,-4,2,0,230500,4,16,18,4,25970,0,0
3283,1.0,-4,0,2,0,0,2,1,3,1,1,1,-4,0,0.0,0,1,0,85500,4,20,16,4,74688,0,0
3284,1.0,-4,0,0,0,0,2,2,1,1,1,-4,-4,0,0.0,-4,2,0,72250,4,10,12,4,93718,0,0
3285,0.0,-4,0,0,0,2,2,2,1,1,1,-4,-4,0,0.0,-4,1,0,2500,5,12,11,4,15063,0,-2
3286,0.0,-4,0,0,0,6,2,2,1,1,3,-4,-4,0,1.0,-4,1,0,1750,4,5,7,4,-4,0,0
3287,1.0,-4,0,0,0,2,1,2,3,2,2,2,-4,0,0.0,0,1,-4,-4,4,-3,-3,3,64763,0,0
3288,1.0,-4,0,1,0,1,1,2,1,1,1,-4,-4,0,0.0,-4,2,-4,-4,4,-3,-3,3,84513,0,0
3289,0.0,200403,2,0,0,7,4,2,5,2,1,2,-4,0,0.0,-4,1,0,10504,2,13,-3,4,7924,-2,0
3290,0.0,200212,1,0,10,2,2,1,5,1,4,-4,-4,0,1.0,-4,1,0,4550,4,10,9,4,23803,0,0
3291,0.0,200910,0,0,0,3,2,2,-2,-2,1,-2,-4,0,,0,2,0,2500,4,9,12,4,31503,0,-2
3292,0.0,199707,4,1,0,3,2,1,-2,-2,-2,-4,-4,1,1.0,-4,2,0,2500,4,9,12,4,31955,-5,-5
3293,1.0,200507,0,1,0,5,2,3,4,4,2,4,-4,1,1.0,0,1,0,72500,4,12,9,4,65744,0,0
3294,0.0,199802,0,1,0,5,2,2,3,2,1,3,-4,1,,10,1,0,-3,3,12,16,4,-4,0,0
3295,1.0,-4,0,0,0,0,2,2,3,4,1,3,-4,0,0.0,5,2,0,1780,2,14,14,4,-4,0,0
3296,0.0,-4,0,2,0,14,3,4,3,1,3,3,-4,0,0.0,0,2,0,25500,5,9,9,4,4519,0,0
3297,0.0,-4,0,0,0,9,2,2,1,1,1,-4,-4,0,0.0,-4,2,0,55200,4,12,12,1,36832,0,0
3298,0.0,-4,0,0,0,6,3,3,4,2,1,3,-4,0,0.0,50,2,0,-8250,6,11,10,1,-4,0,1
3299,0.0,199310,3,-4,-4,-4,1,1,5,3,1,5,-4,0,0.0,-4,1,0,-8250,6,10,10,1,764,-5,-5
3300,0.0,-4,0,1,1,2,2,2,1,1,1,-4,-4,0,1.0,-4,1,0,6250,4,11,13,1,55855,0,0
3301,0.0,200505,0,0,0,1,2,1,1,1,1,-4,-4,0,0.0,-4,1,0,9150,4,9,13,1,-4,0,-2
3302,1.0,-4,0,0,0,13,1,2,1,1,2,-4,-4,0,0.0,-4,2,0,21175,4,-3,11,4,45882,0,0
3303,1.0,200006,0,0,0,0,2,2,4,2,3,-4,-4,0,0.0,-4,2,0,75500,3,12,9,4,30856,0,0
3304,1.0,-4,0,0,0,5,2,2,2,1,1,1,-4,0,,0,1,0,14500,3,8,8,4,-4,0,0
3305,1.0,-4,0,0,0,2,2,2,4,1,1,-4,-4,0,0.0,-4,1,0,4750,2,12,12,1,12919,0,0
3306,1.0,-4,0,0,0,0,2,2,4,3,2,2,-4,0,,10,2,0,53500,3,12,12,4,-4,0,0
3307,1.0,-4,0,5,0,8,1,3,4,3,4,4,-4,0,0.0,10,2,0,16350,3,12,12,4,-4,0,0
3308,0.0,-4,0,2,0,0,2,2,4,2,1,3,-4,1,1.0,5,2,0,150700,4,12,12,4,55886,0,0
3309,0.0,-4,0,1,1,2,3,2,5,2,1,3,-4,1,0.0,-4,1,-4,-4,4,8,8,4,-4,-5,-5
3310,0.0,199403,1,0,0,3,2,2,5,5,1,4,-4,0,0.0,25,1,0,54500,5,12,14,4,34132,0,0
3311,0.0,199702,0,0,0,3,2,2,2,1,2,-4,-4,0,0.0,-4,1,0,54500,5,12,14,4,57450,0,0
3312,0.0,-4,0,0,0,3,2,3,3,3,1,3,-4,0,0.0,50,2,0,144500,4,12,16,4,25769,0,0
3313,0.0,-4,0,0,0,1,2,2,1,1,1,-4,-4,0,0.0,-4,2,0,144500,4,12,16,4,24590,0,0
3314,0.0,199506,0,0,5,3,4,2,5,5,3,5,-4,0,1.0,100,1,0,73550,4,8,12,4,-4,-5,-5
3315,1.0,-4,0,1,0,0,2,2,1,1,1,2,-4,1,0.0,20,1,0,38020,5,-3,10,4,62351,0,1
3316,0.0,200303,2,0,0,1,1,1,3,2,1,-4,-4,0,0.0,-4,2,0,38020,5,-3,10,4,93703,0,-4
3317,0.0,200909,1,0,0,3,2,2,1,1,1,-4,-4,0,0.0,-4,2,0,38020,5,-3,10,4,43625,0,0
3318,0.0,-4,0,0,0,1,1,2,1,1,1,-4,-4,0,0.0,-4,2,0,26575,6,12,12,4,42601,-5,-5
3319,1.0,-4,0,3,0,2,2,3,4,1,2,2,-4,0,0.0,0,2,0,11615,2,12,12,4,2648,0,0
3320,1.0,-4,0,0,0,1,2,2,1,1,1,1,-4,0,,-4,2,0,21000,2,12,12,4,-4,0,0
3321,0.0,199507,0,0,0,30,3,4,5,3,3,4,-4,0,0.0,3,1,-4,-4,5,-3,14,4,27152,0,0
3322,0.0,-4,0,2,0,5,1,1,1,1,1,-4,-4,0,0.0,-4,1,0,367200,4,12,14,4,31240,0,0
3323,1.0,-4,0,0,0,7,2,3,3,4,1,4,-4,0,,0,2,-4,-4,2,12,12,4,11054,0,0
3324,1.0,-4,0,0,0,0,3,3,4,3,1,2,-4,0,0.0,-4,2,0,517001,3,12,20,4,68552,0,0
3325,1.0,-4,0,0,0,1,2,1,1,2,1,1,-4,0,0.0,5,1,0,600000,5,20,18,4,98744,0,0
3326,1.0,-4,0,1,0,0,1,1,4,2,2,4,-4,1,1.0,10,2,0,-5298,2,14,12,1,43622,0,0
3327,0.0,199902,1,0,0,10,2,4,4,3,1,4,-4,0,0.0,0,1,0,76101,2,12,12,4,-4,0,0
3328,1.0,201007,0,0,0,3,3,4,3,2,1,3,-4,0,,1,1,0,332251,4,12,12,4,21859,0,0
3329,0.0,-4,0,0,0,5,2,2,1,1,1,-4,-4,0,0.0,-4,2,0,147101,4,12,10,4,34162,0,-4
3330,1.0,-4,0,0,0,4,1,2,4,2,1,2,-4,0,,15,1,-4,-4,4,12,12,4,-4,-5,-5
3331,1.0,-4,0,0,0,1,2,2,4,3,2,-4,-4,0,,-4,2,-4,-4,4,12,12,4,-4,-5,-5
3332,0.0,198906,0,10,0,0,2,2,4,1,2,-4,-4,1,1.0,-4,1,0,151300,5,10,12,4,57429,0,-2
3333,0.0,200101,0,2,0,3,1,2,1,1,1,-4,-4,0,0.0,-4,1,-4,-4,5,10,12,4,30495,0,-4
3334,0.0,-4,0,0,0,7,2,1,5,5,3,4,-4,0,,-4,2,0,-3,4,12,12,4,31709,0,0
3335,0.0,201402,0,0,0,12,2,2,3,3,3,3,-4,0,0.0,0,1,0,20300,2,-4,12,4,23290,0,-4
3336,0.0,-4,0,0,1,13,2,2,1,1,2,-4,-4,1,,-4,1,0,12000,7,-3,5,2,-4,0,0
3337,1.0,-4,0,0,0,9,2,2,4,3,2,1,-4,0,0.0,0,2,0,8500,6,12,7,2,-4,0,0
3338,1.0,-4,0,0,0,9,2,3,1,1,2,-4,-4,0,0.0,-4,1,0,8500,6,12,7,2,-4,0,0
3339,0.0,200105,0,0,0,9,3,2,4,3,3,-4,-4,0,,-4,2,0,8500,7,7,7,2,19039,-5,-5
3340,0.0,200206,1,2,2,2,2,2,2,1,1,-4,-4,0,0.0,-4,1,0,34400,5,9,12,4,10959,0,-4
3341,1.0,201410,0,0,0,5,1,2,1,1,1,-4,-4,0,0.0,-4,1,0,104500,5,16,16,2,87121,0,0
3342,0.0,199503,0,0,0,9,2,3,4,4,2,5,-4,0,,0,2,0,-74140,5,16,14,4,72462,-5,-5
3343,0.0,-4,0,0,0,0,2,2,4,2,2,-4,-4,0,0.0,-4,1,0,-74140,5,12,14,4,7475,0,0
3344,0.0,-4,0,0,1,3,3,2,3,1,2,-4,-4,0,0.0,-4,1,0,-74140,5,16,14,4,11320,-5,-5
3345,1.0,-4,0,0,0,5,3,2,3,4,1,3,-4,0,0.0,0,2,0,-3,4,12,12,2,64152,0,0
3346,1.0,-4,0,0,0,6,3,2,3,3,1,2,-4,0,0.0,0,2,0,-3,4,12,12,2,50607,0,0
3347,0.0,200408,0,0,0,2,1,2,1,1,1,-4,-4,0,0.0,-4,1,0,89500,5,13,12,4,94169,0,0
3348,0.0,-4,0,6,5,4,3,3,3,3,2,3,-4,0,1.0,25,2,0,66965,3,12,14,4,75015,0,0
3349,1.0,-4,0,6,0,2,2,3,3,2,1,-4,-4,1,0.0,-4,2,0,66965,3,12,14,4,96275,0,0
3350,0.0,-4,0,0,0,3,3,2,3,2,1,5,-4,0,,0,1,-2,224500,6,12,12,4,31770,0,0
3351,0.0,199612,3,1,1,4,1,3,5,3,3,-4,-4,0,,-4,1,-4,333500,6,12,12,4,48686,0,0
3352,0.0,-4,0,1,1,10,2,2,3,2,1,-4,-4,1,,-4,1,0,224500,6,12,12,4,15437,0,0
3353,1.0,-4,0,1,0,1,2,2,5,1,3,-4,-4,0,0.0,-4,2,0,319500,3,12,2,2,35023,0,0
3354,1.0,-4,0,0,0,0,1,1,1,1,1,1,-4,0,,0,1,0,3100,4,15,13,4,45835,0,0
3355,0.0,-4,0,0,0,4,2,2,2,3,1,4,-4,0,,-4,2,0,3100,4,15,13,4,77827,0,0
3356,1.0,200008,1,0,0,8,2,2,2,1,1,-4,-4,1,0.0,-4,1,0,10000,4,12,10,4,-4,0,0
3357,1.0,201005,0,0,0,5,1,1,1,1,1,-4,-4,0,,-4,2,-4,-4,5,-3,-3,4,-4,-5,-5
3358,0.0,199807,0,0,0,5,2,2,3,2,2,3,-4,0,0.0,0,2,0,500,6,12,12,4,-4,0,-2
3359,1.0,-4,0,10,0,6,2,3,4,2,3,-4,-4,0,1.0,-4,1,0,500,6,12,12,4,-4,0,1
3360,1.0,-4,0,0,1,6,3,2,5,3,3,-4,-4,0,,-4,2,0,6150,2,3,8,2,7575,0,0
3361,0.0,199711,1,3,0,1,3,4,5,5,4,-4,-4,1,0.0,-4,2,0,133501,3,12,12,4,17515,0,0
3362,0.0,201412,1,5,8,0,3,2,1,1,1,-4,-4,0,,-4,1,0,500,4,11,8,2,-4,0,0
3363,1.0,-4,0,0,0,0,2,2,3,4,1,3,-4,0,0.0,0,2,0,27000,4,12,14,4,83854,-5,-5
3364,1.0,-4,0,0,0,2,2,2,2,1,1,-4,-4,0,0.0,-4,2,0,27000,4,12,14,4,83691,-5,-5
3365,1.0,-4,0,3,0,7,1,2,2,1,1,-4,-4,0,0.0,-4,2,0,7500,5,12,12,4,13563,0,0
3366,0.0,199611,1,0,2,5,3,1,2,1,1,-4,-4,0,0.0,-4,1,0,4950,4,12,12,4,66508,0,0
3367,0.0,200411,0,0,1,1,2,2,4,5,2,3,-4,0,0.0,0,1,0,105500,3,9,12,4,6538,0,0
3368,1.0,-4,0,0,0,2,1,2,1,1,1,-4,-4,0,0.0,-4,2,0,93750,4,16,14,4,72939,0,0
3369,1.0,-4,0,0,0,5,1,2,2,2,2,3,-4,0,0.0,20,1,0,17750,3,-4,12,4,99552,0,0
3370,1.0,-4,0,0,0,5,2,2,1,1,1,-4,-4,0,,-4,1,0,183301,4,12,12,4,50727,0,0
3371,1.0,-4,0,0,0,3,1,2,1,1,1,-4,-4,0,,-4,2,0,183301,4,12,12,4,43143,-5,-5
3372,0.0,200603,0,0,0,6,2,1,1,1,1,-4,-4,1,0.0,-4,1,0,295000,4,13,16,4,55907,-5,-5
3373,0.0,-4,0,0,0,6,2,2,1,1,1,-4,-4,0,,-4,1,0,295000,4,13,16,4,38959,-5,-5
3374,1.0,200210,0,0,0,3,2,2,3,3,2,4,-4,1,0.0,25,1,0,345000,4,12,12,4,69915,0,0
3375,0.0,-4,0,0,0,1,2,2,1,1,1,-4,-4,0,,-4,2,0,345000,4,12,12,4,49101,-5,-5
3376,1.0,-4,0,0,0,3,1,1,1,1,1,-4,-4,0,,-4,2,0,146500,5,13,14,2,75979,0,0
3377,1.0,-4,0,3,1,0,2,2,1,1,1,-4,-4,1,0.0,-4,2,0,107900,3,15,20,4,92301,-5,-5
3378,1.0,-4,0,0,0,9,2,3,1,1,1,-4,-4,0,0.0,-4,1,0,95750,4,15,13,4,74050,-5,-5
3379,1.0,200209,0,0,0,0,2,2,2,2,1,-4,-4,0,0.0,-4,1,0,120250,5,18,16,4,89321,0,0
3380,1.0,-4,0,0,0,0,1,1,1,1,1,-4,-4,0,0.0,-4,2,0,120250,5,18,16,4,74176,0,0
3381,1.0,199806,0,2,0,10,2,4,3,4,2,-4,-4,0,,-4,2,0,87500,3,19,18,4,63134,0,0
3382,0.0,200201,0,3,2,2,2,2,4,2,3,-4,-4,0,0.0,-4,1,0,8500,7,8,5,2,2486,0,0
3383,1.0,-4,0,0,0,1,2,3,4,4,2,4,-4,1,0.0,0,2,-4,-4,4,8,8,1,57328,-5,-5
3384,0.0,199612,0,0,0,21,3,3,5,4,2,4,-4,-3,0.0,94,1,0,9000,9,95,11,1,7723,0,1
3385,0.0,199602,2,0,0,37,2,2,5,5,3,-4,-4,0,0.0,-4,1,0,9000,9,12,11,1,13750,0,-2
3386,1.0,200707,0,0,0,6,2,2,3,2,1,2,-4,0,,5,1,0,114500,4,9,16,1,45519,0,0
3387,0.0,199909,0,1,0,0,3,2,2,3,2,-4,-4,1,1.0,-4,1,0,54000,3,9,14,2,25137,-5,-5
3388,1.0,-4,0,0,0,3,2,2,1,1,1,-4,-4,0,,-4,1,-4,-4,4,14,16,1,71226,0,0
3389,0.0,200211,3,0,0,3,2,2,1,1,2,-4,-4,0,0.0,-4,1,0,-3,3,-3,-3,1,16319,0,0
3390,0.0,-4,0,0,0,5,2,2,2,3,-2,-4,-4,0,,-4,1,0,-3,4,12,14,4,27976,0,0
3391,1.0,-4,0,0,0,7,2,2,2,1,1,-4,-4,0,0.0,-4,2,0,-3,4,12,14,4,78004,0,0
3392,0.0,199804,2,0,0,21,3,2,5,4,4,4,-4,0,,20,1,-4,-4,4,12,7,2,1513,0,0
3393,1.0,-4,0,0,0,1,1,2,3,2,1,-4,-4,0,,-4,2,0,104150,2,16,16,1,-4,0,-4
3394,1.0,-4,0,0,0,1,2,2,2,3,2,2,-4,0,0.0,-4,1,0,-3,6,16,12,2,-4,0,0
3395,1.0,-4,0,0,0,0,1,2,3,2,2,-4,-4,0,0.0,-4,1,0,-3,6,16,12,2,-4,0,0
3396,,-4,0,0,0,0,2,2,3,2,2,2,-4,0,,0,1,0,-10250,3,11,12,4,54965,-5,-5
3397,0.0,200209,0,0,0,-2,3,3,5,4,2,-4,-4,0,,-4,2,0,-10250,3,11,12,4,47078,-5,-5
3398,1.0,-4,0,0,0,0,2,2,1,1,-2,-4,-4,0,0.0,-4,2,1,68500,3,18,15,1,81534,0,0
3399,1.0,199808,0,1,0,1,2,1,1,1,2,-4,-4,0,0.0,-4,1,-4,-4,4,16,16,4,23069,0,0
3400,0.0,-4,0,0,0,3,2,3,3,3,1,3,-4,0,,0,1,0,4500,4,10,11,4,15042,0,0
3401,0.0,-3,0,0,1,6,2,3,5,3,1,1,-4,0,0.0,0,2,0,4500,4,-4,-3,4,-4,0,0
3402,0.0,-4,0,0,0,5,2,2,4,3,2,2,-4,0,0.0,0,2,0,17200,5,12,14,4,11559,0,0
3403,0.0,-4,0,0,0,12,2,2,3,4,1,-4,-4,0,,-4,2,0,17200,5,12,14,4,8051,0,0
3405,0.0,200706,0,1,0,4,2,2,1,1,4,-4,-4,0,0.0,-4,2,-4,-4,5,12,13,4,8263,0,0
3406,1.0,199803,0,15,0,0,1,2,5,4,3,-4,-4,1,1.0,-4,2,0,-3,4,12,12,4,88617,0,0
3407,1.0,-4,0,0,0,3,2,3,3,1,1,1,-4,0,,-4,1,1,-3,4,14,13,4,11115,0,0
3408,1.0,-4,0,0,0,1,1,1,2,1,1,-4,-4,0,0.0,-4,2,0,87500,3,12,14,4,87285,-5,-5
3409,1.0,199506,0,1,0,0,1,1,3,1,1,-4,-4,0,0.0,-4,1,0,27500,3,12,13,1,32655,0,-2
3410,1.0,200103,0,1,0,2,2,1,2,1,1,-4,-4,0,0.0,-4,2,0,206500,3,12,12,4,91285,0,0
3411,1.0,-4,0,0,0,3,2,2,1,1,1,2,-4,0,0.0,10,2,0,-3,3,16,16,1,76810,0,0
3412,0.0,-4,0,0,0,0,1,1,4,1,1,-4,-4,1,1.0,-4,1,0,39500,3,16,15,4,-4,0,0
3413,0.0,-4,0,0,0,2,1,2,1,1,1,1,-4,0,0.0,0,2,0,212500,4,12,16,4,43090,0,0
3414,1.0,200607,0,2,0,3,2,2,2,1,1,-4,-4,0,0.0,-4,2,0,600000,3,-3,14,4,79631,0,0
3415,1.0,-4,0,0,0,2,2,3,1,1,1,-4,-4,0,0.0,-4,2,0,101500,6,13,14,4,92137,0,0
3416,1.0,-4,0,0,0,0,2,2,4,3,2,3,-4,0,0.0,5,2,0,455000,3,15,14,4,69116,0,0
3417,1.0,-4,0,0,0,1,2,2,1,1,1,-4,-4,0,0.0,-4,2,0,325500,3,12,16,4,81812,0,0
3418,1.0,-4,0,0,0,1,2,1,3,1,1,-4,-4,0,0.0,-4,1,0,157500,4,16,18,4,50379,0,0
3419,1.0,-4,0,0,0,2,2,2,2,1,1,-4,-4,0,0.0,-4,1,0,157500,4,16,18,4,44460,0,0
3420,,-4,0,0,0,0,3,3,5,4,2,-4,-4,0,0.0,-4,2,0,47900,4,13,13,4,-4,0,0
3421,0.0,-4,0,0,0,0,2,1,2,1,1,-4,-4,0,0.0,-4,1,0,47900,4,13,13,4,-4,-5,-5
3422,1.0,-4,0,1,0,2,2,2,3,2,1,-4,-4,0,0.0,-4,2,0,-3,4,16,16,4,89780,0,0
3423,1.0,199811,0,10,1,7,4,4,5,5,1,5,-4,0,,40,2,0,-3,4,13,18,4,42485,-5,-5
3424,1.0,-4,0,50,20,7,2,2,5,4,3,-4,-4,1,,-4,1,0,-3,4,13,18,4,14372,-5,-5
3425,0.0,200202,0,0,0,6,4,3,2,1,1,-4,-4,0,0.0,-4,1,0,3750,4,12,12,4,35128,0,-2
3426,0.0,200809,0,-4,-4,-4,4,4,3,3,3,4,-4,0,,50,2,-4,-4,3,-3,-3,4,40241,0,0
3427,0.0,200206,0,0,0,2,2,2,3,3,2,3,-4,0,0.0,25,2,-4,-4,3,16,9,4,-4,0,0
3428,0.0,-4,0,2,0,4,2,1,4,5,2,-4,-4,1,0.0,-4,2,0,8250,5,7,8,4,-4,0,0
3429,1.0,-4,0,0,0,3,2,2,2,1,1,-4,-4,0,0.0,-4,2,0,25550,4,12,15,3,71505,0,0
3430,0.0,200410,0,5,0,3,2,2,4,5,1,-4,-4,0,1.0,-4,2,0,22500,2,12,12,4,-4,0,0
3431,1.0,-4,0,2,0,0,1,3,2,1,1,-4,-4,1,0.0,-4,2,-4,-4,4,-4,-3,3,73029,0,0
3432,0.0,199901,0,0,0,0,2,3,2,1,2,-4,-4,0,0.0,-4,2,-4,-4,4,-4,-3,3,55273,0,0
3433,0.0,200607,2,0,2,0,2,1,1,1,1,-4,-4,1,,-4,1,0,-3,7,12,14,1,-4,0,0
3434,1.0,-4,0,0,0,2,2,2,4,4,2,3,-4,0,,50,1,0,110500,5,13,13,4,58170,-5,-5
3435,1.0,-4,0,20,0,4,2,2,1,1,2,-4,-4,1,0.0,-4,1,0,250000,4,14,16,4,98665,0,0
3436,0.0,199701,0,3,1,22,2,2,2,2,1,-4,-4,0,0.0,-4,1,0,9200,4,9,10,4,9031,0,0
3437,0.0,-4,0,0,0,15,2,3,2,1,1,-4,-4,0,0.0,-4,2,-4,17500,4,-3,12,4,42191,-5,-5
3438,0.0,201405,0,10,5,7,4,4,5,4,1,-4,-4,1,0.0,-4,2,1,2250,5,8,10,4,501,0,0
3439,0.0,200008,1,11,6,7,2,4,4,1,5,-4,-4,1,0.0,-4,1,1,2250,5,8,10,4,67890,0,0
3440,0.0,-4,0,0,0,2,2,2,1,1,4,-2,-4,1,1.0,0,1,0,26100,5,13,12,4,2115,0,0
3441,1.0,-4,0,0,0,0,2,2,4,3,1,2,-4,0,0.0,0,2,0,600000,5,16,16,4,59770,0,0
3442,0.0,-4,0,1,0,13,2,2,3,3,1,3,-4,0,0.0,25,2,-4,-4,6,13,14,4,-4,0,0
3443,1.0,-4,0,0,0,3,2,2,2,1,1,-4,-4,0,1.0,-4,2,0,2250,4,8,12,4,88535,0,0
3444,0.0,-4,0,0,0,9,2,2,4,3,3,-4,-4,0,0.0,-4,2,0,-1150,6,12,9,4,-4,0,0
3445,0.0,-4,0,0,0,4,4,3,4,3,1,3,-4,0,0.0,0,2,0,52530,3,-4,11,1,20265,0,0
3446,1.0,-4,0,0,0,2,2,4,4,4,1,3,-4,0,0.0,0,1,1,365001,4,-3,-3,4,59384,0,0
3447,1.0,200508,1,0,0,3,2,2,1,1,2,-4,-4,0,0.0,-4,1,1,365001,4,-3,-3,4,37346,0,0
3448,1.0,-4,0,0,0,4,2,2,3,4,2,3,-4,0,,10,1,1,98800,4,13,13,4,93528,-5,-5
3449,1.0,200410,0,0,0,6,2,4,3,4,1,3,-4,1,0.0,2,1,0,-3,3,12,16,4,48583,0,0
3450,0.0,200009,3,0,0,3,1,2,3,3,2,4,-4,1,0.0,25,1,1,-3,4,12,14,4,63545,0,0
3451,0.0,199812,1,0,0,2,2,2,3,2,1,-4,-4,0,0.0,-4,1,1,-3,4,12,14,4,54050,0,-4
3452,1.0,-4,0,0,0,0,2,2,1,2,1,-4,-4,0,,-4,2,-4,-4,4,-3,-3,4,-4,0,0
3453,1.0,-4,0,1,0,3,2,1,2,2,1,2,-4,0,,0,2,0,414500,4,16,14,4,14664,-5,-5
3454,1.0,-4,0,0,0,3,2,1,1,2,1,2,-4,0,0.0,1,1,0,420500,4,14,16,4,93339,0,0
3455,1.0,-4,0,0,0,10,2,3,3,2,1,-4,-4,0,0.0,-4,2,0,-3,5,20,16,4,20760,0,0
3456,1.0,-4,0,0,0,2,2,2,1,1,1,-4,-4,0,0.0,-4,1,0,-3,4,16,14,4,98818,0,0
3457,1.0,-4,0,0,0,3,1,2,1,1,1,-4,-4,0,0.0,-4,1,0,600000,5,18,18,4,88892,0,0
3458,1.0,-4,0,1,0,3,2,2,1,1,2,-4,-4,0,0.0,-4,1,0,600000,5,18,18,4,86862,0,0
3459,0.0,200605,0,2,0,3,3,2,1,1,1,-4,-4,0,0.0,-4,1,0,165400,6,12,20,4,54168,0,0
3460,1.0,-4,0,0,0,2,1,2,3,2,1,2,-4,0,,0,2,-4,-4,4,16,18,4,-4,0,0
3461,1.0,200007,0,0,0,12,1,2,3,4,1,-4,-4,0,,-4,2,-4,-4,4,16,18,4,-4,0,0
3462,1.0,-4,0,0,0,2,2,3,5,5,2,-4,-4,0,0.0,-4,2,-4,-4,5,-3,-3,4,-4,-5,-5
3463,1.0,-4,0,0,0,0,2,3,3,2,1,-4,-4,0,0.0,-4,2,0,227300,5,12,12,4,59542,0,0
3464,1.0,-4,0,0,0,2,2,2,3,2,1,-4,-4,0,0.0,-4,1,0,227300,5,12,12,4,40120,0,0
3465,0.0,199607,0,0,0,3,2,2,4,3,1,4,-4,-3,0.0,50,1,0,52725,4,13,17,4,58235,-5,-5
3466,0.0,200006,3,0,0,0,2,2,4,4,2,-4,-4,0,1.0,-4,1,0,52725,4,13,17,4,42322,0,0
3467,1.0,-4,0,2,0,8,2,3,2,2,2,-4,-4,0,0.0,-4,1,0,570000,3,20,13,4,75689,0,0
3468,1.0,-4,0,0,0,3,1,2,1,1,1,-4,-4,0,0.0,-4,1,0,80250,4,16,16,4,92129,0,0
3469,1.0,-4,0,0,0,3,2,2,3,1,2,-4,-4,0,0.0,-4,1,0,159250,3,14,14,4,20403,0,0
3470,1.0,-4,0,0,0,1,2,2,3,1,1,1,-4,0,1.0,10,2,0,289300,4,13,14,4,82731,0,0
3471,1.0,-4,0,3,1,1,2,2,1,1,1,-4,-4,0,0.0,-4,1,0,289300,4,13,14,4,88111,0,0
3472,1.0,-4,0,0,0,3,2,1,2,1,2,-4,-4,0,0.0,-4,1,0,272500,4,20,20,4,95695,-5,-5
3473,0.0,201111,1,0,0,0,3,2,3,3,1,-4,-4,0,0.0,-4,1,0,297500,4,12,16,4,8396,0,0
3474,0.0,-4,0,0,0,3,2,3,3,3,1,3,-4,0,,0,1,0,210000,6,16,13,4,44117,0,0
3475,1.0,-4,0,0,0,3,2,3,1,1,1,-4,-4,0,0.0,-4,2,0,210000,6,16,13,4,93375,0,0
3476,1.0,200212,0,2,0,2,2,3,1,1,2,-4,-4,1,1.0,-4,1,0,141001,4,12,17,4,82598,0,0
3477,0.0,-4,0,5,0,3,2,2,4,3,1,3,-4,1,,50,2,-4,-4,5,12,12,4,57659,0,0
3478,0.0,-4,0,0,0,4,2,2,3,2,1,-4,-4,0,,-4,2,-4,-4,5,12,12,4,31579,-5,-5
3479,0.0,-4,0,-4,-4,-4,2,3,3,2,1,3,-4,0,,0,2,0,73500,4,15,12,4,49283,0,0
3480,,-4,0,0,0,3,3,2,3,2,1,4,-4,0,,0,2,0,73500,4,15,12,4,15766,-5,-5
3481,1.0,-4,0,0,0,3,2,2,3,3,1,3,-4,0,0.0,25,2,0,57500,5,12,12,3,81165,0,0
3482,1.0,200103,0,0,0,3,2,1,-2,-2,2,-4,-4,0,0.0,-4,1,0,57500,5,12,12,4,62888,-5,-5
3483,1.0,201302,0,0,0,10,2,3,3,1,1,3,-4,0,,5,2,0,12460,4,14,16,4,65782,0,0
3484,1.0,-4,0,0,0,2,2,1,1,1,1,-4,-4,0,0.0,-4,2,0,108000,4,12,12,4,50061,0,0
3485,0.0,200112,0,1,1,5,2,3,1,1,1,-4,-4,0,0.0,-4,1,0,108000,4,12,12,4,39125,0,0
3486,1.0,-4,0,0,0,0,2,3,4,5,3,3,-4,0,0.0,10,1,0,-3,3,16,16,4,67764,0,0
3487,1.0,-4,0,0,0,2,2,1,1,1,2,-4,-4,0,0.0,-4,1,0,371001,3,14,16,4,72417,0,0
3488,1.0,199910,0,4,1,0,4,4,5,5,5,2,-4,0,0.0,0,2,1,-3,3,12,14,4,24835,0,0
3489,1.0,-4,0,0,0,2,2,2,2,1,1,-4,-4,0,0.0,-4,2,0,-250,2,-3,12,1,84367,0,0
3490,0.0,-4,0,0,0,7,3,3,4,1,1,5,-4,0,,5,2,-4,-4,5,-4,14,1,-4,-5,-5
3491,,-4,0,0,1,3,1,3,1,1,1,-4,-4,0,,-4,1,-4,-4,5,16,14,1,-4,-5,-5
3492,0.0,-4,0,0,0,40,2,2,3,3,2,4,-4,1,,0,2,1,-2150,3,12,11,1,31366,0,0
3493,0.0,199911,0,0,1,2,2,2,1,1,1,-4,-4,1,,-4,1,1,-2150,3,12,11,1,13311,-5,-5
3494,0.0,-4,0,0,0,10,2,3,4,4,1,5,-4,0,,0,2,-4,-4,3,12,12,1,24234,0,0
3495,0.0,200606,0,0,1,2,2,2,2,1,3,-4,-4,0,0.0,-4,1,0,-3250,3,11,12,1,27301,0,1
3496,0.0,199805,1,0,0,6,2,2,3,2,1,-4,-4,1,1.0,-4,1,0,14000,3,12,14,1,62671,0,0
3497,0.0,-4,0,0,0,7,2,3,1,1,1,-4,-4,0,0.0,-4,2,1,1950,4,10,8,4,35358,0,0
3498,1.0,-4,0,0,0,5,2,2,2,2,1,-4,-4,0,0.0,-4,2,0,64500,4,-3,-3,4,97332,0,0
3499,1.0,199407,0,0,0,0,2,2,5,2,1,3,-4,0,,10,1,-4,-4,5,15,14,4,30537,-5,-5
3500,1.0,-4,0,0,0,3,2,4,3,2,1,-4,-4,1,0.0,-4,1,-4,-4,5,15,14,4,17147,0,0
3501,0.0,-4,0,0,0,3,2,2,5,2,1,4,-4,0,,0,2,0,-3,4,14,12,1,1459,0,1
3502,1.0,200503,0,0,0,3,2,3,2,-2,2,-4,-4,-2,,-4,1,0,5500,4,-3,13,1,29647,0,0
3503,1.0,-4,0,0,0,5,2,1,4,5,1,5,-4,0,0.0,0,2,0,37257,5,12,12,1,23631,1,-2
3504,1.0,-4,0,1,0,0,3,3,3,3,1,5,-4,0,0.0,-4,2,0,11000,4,12,16,1,41862,0,1
3505,0.0,-4,0,0,0,5,2,2,3,1,1,4,-4,0,,95,1,-4,-4,4,-3,12,1,11334,0,0
3506,1.0,-4,0,0,2,10,1,2,2,1,1,-4,-4,0,0.0,-4,2,-4,-4,4,-3,12,1,11130,0,0
3507,1.0,-4,0,0,0,10,2,4,5,4,1,5,-4,0,0.0,75,2,0,47500,5,-3,12,1,21372,0,0
3508,0.0,199906,0,2,5,12,4,4,5,2,-2,5,-4,1,1.0,-4,1,0,47500,5,-3,12,1,12616,0,0
3509,0.0,-4,0,0,0,0,2,2,1,1,1,-4,-4,0,0.0,-4,1,1,-3,4,12,13,1,3428,0,0
3510,1.0,-4,0,0,0,1,2,2,4,3,2,4,-4,0,0.0,50,2,0,19600,2,12,13,1,30892,0,0
3511,0.0,201008,0,0,0,2,2,3,3,3,1,2,-4,0,,0,1,0,57000,4,11,12,1,25114,0,0
3512,0.0,-4,0,0,0,6,2,3,5,1,1,2,-4,0,0.0,20,2,-4,-4,7,-4,12,1,11718,0,0
3513,1.0,-4,0,0,0,5,2,1,1,1,1,3,-4,0,0.0,-4,1,-4,-4,7,-4,12,1,26253,-5,-5
3514,0.0,-4,0,0,0,9,1,4,2,1,1,-4,-4,0,0.0,-4,1,-4,-4,7,-4,12,1,-4,0,-2
3515,0.0,200508,0,0,0,1,2,2,1,1,2,-4,-4,0,0.0,-4,1,0,11500,3,12,14,4,78584,0,0
3516,0.0,199703,0,50,50,5,2,2,3,3,1,3,-4,1,0.0,10,1,0,102550,4,-4,-3,1,41843,0,1
3517,1.0,-4,0,0,0,8,3,3,2,1,1,-4,-4,0,0.0,-4,2,0,26500,6,12,8,1,38913,0,-2
3518,0.0,-4,0,0,0,0,2,2,3,2,1,-4,-4,0,0.0,-4,1,-4,-4,4,-3,-3,4,17931,0,0
3520,1.0,-4,0,0,0,3,1,4,2,2,2,2,-4,1,0.0,20,1,0,27100,6,10,-3,4,57244,0,0
3521,1.0,200608,0,2,0,0,2,3,4,5,2,1,-4,0,1.0,50,2,0,24050,2,10,11,4,26426,0,0
3522,0.0,-4,0,0,0,2,3,2,1,1,1,-4,-4,1,0.0,-4,2,0,54008,4,10,13,4,41490,0,-2
3523,1.0,200204,0,0,1,1,2,3,2,1,1,-4,-4,0,0.0,-4,1,-4,-4,4,16,14,4,91075,-5,-5
3524,1.0,200210,3,0,0,0,2,2,3,2,1,4,-4,0,,0,2,0,18500,9,-4,12,1,-4,0,0
3525,0.0,-4,0,0,0,0,2,2,3,2,1,-4,-4,0,,-4,1,0,18500,9,-4,12,1,-4,0,0
3526,1.0,-4,0,0,0,4,2,2,2,2,1,2,-4,0,,50,2,0,63701,5,9,9,4,33141,0,0
3527,1.0,-4,0,1,0,2,2,3,2,2,1,-4,-4,1,0.0,-4,2,0,175001,4,16,13,4,92945,0,0
3528,0.0,200406,1,0,0,4,2,1,1,1,2,-4,-4,0,0.0,-4,1,0,4850,6,10,13,4,13008,0,0
3529,1.0,-4,0,0,0,4,1,2,2,1,1,-4,-4,0,,-4,2,0,-3,5,-3,11,2,81135,0,0
3530,1.0,-4,0,0,2,7,2,3,3,1,2,-4,-4,1,0.0,-4,1,0,25400,3,12,15,4,85212,0,0
3531,0.0,200009,0,3,0,7,2,3,3,5,5,5,-4,0,,70,2,1,14951,3,12,14,1,840,0,0
3532,0.0,199806,0,0,0,4,2,4,3,1,1,-2,-4,0,1.0,-4,2,1,2250,4,-4,12,4,21479,0,1
3533,1.0,200609,0,2,0,6,3,4,3,3,1,4,-4,0,1.0,30,1,0,-3,3,9,12,4,59470,0,0
3534,1.0,-4,0,1,0,6,2,3,3,2,1,3,-4,0,,50,2,0,192500,3,12,11,4,-4,-5,-5
3535,1.0,-4,0,0,0,4,1,2,4,2,1,3,-4,1,0.0,0,2,0,-3,3,14,12,4,64306,0,0
3536,1.0,-4,0,0,0,5,1,1,1,1,1,-4,-4,0,0.0,-4,2,0,85000,4,12,13,4,61108,0,0
3537,1.0,-4,0,0,0,3,1,1,3,3,1,-4,-4,0,0.0,-4,2,0,66450,3,14,18,1,96665,0,0
3538,1.0,-4,0,0,0,1,2,2,3,3,1,-4,-4,0,0.0,-4,1,0,37154,4,12,12,4,67576,0,0
3539,0.0,-4,0,0,0,6,1,1,3,2,1,-4,-4,0,0.0,-4,1,0,9000,5,8,12,4,36134,0,0
3540,1.0,200705,1,0,0,5,2,2,3,3,1,5,-4,0,,0,2,-4,-4,7,12,11,1,-4,0,0
3541,0.0,200002,2,0,0,5,2,2,3,3,2,-4,-4,0,0.0,-4,2,0,6250,2,-4,12,4,58842,0,-4
3542,1.0,200805,0,1,0,8,3,3,1,1,1,1,-4,0,0.0,-4,2,0,28800,2,11,-3,1,12000,0,0
3543,0.0,200205,1,0,1,6,2,2,2,2,1,-4,-4,0,0.0,-4,1,0,-3,3,10,11,1,10865,0,0
3544,1.0,-4,0,0,0,2,2,1,1,1,1,-4,-4,1,0.0,-4,1,0,-3,3,12,-3,4,88978,-5,-5
3545,0.0,200206,2,10,1,5,1,2,1,1,1,-4,-4,1,0.0,-4,1,0,95700,2,-3,-3,4,42369,-2,1
3546,1.0,200006,0,0,0,2,2,3,1,1,1,2,-4,0,0.0,0,1,0,42000,3,11,12,1,41892,0,0
3547,0.0,200411,1,0,0,6,2,1,1,1,1,-4,-4,0,0.0,-4,1,0,42000,3,11,12,1,42156,0,0
3548,1.0,-4,0,0,0,4,2,2,1,1,1,1,-4,1,0.0,4,2,0,216300,3,18,16,4,46241,0,0
3549,1.0,-4,0,0,0,4,2,1,1,1,1,-4,-4,1,0.0,-4,1,0,216300,3,18,16,4,72542,0,0
3550,1.0,-4,0,0,0,4,2,2,3,2,1,3,-4,0,0.0,15,2,0,227500,4,12,14,4,71299,0,0
3551,0.0,-4,0,0,0,2,2,2,3,2,2,4,-4,0,0.0,25,1,0,14750,7,14,14,4,47072,-5,-5
3552,1.0,-4,0,0,0,1,1,2,4,5,1,-4,-4,0,1.0,-4,2,0,30000,2,12,14,4,32487,0,0
3553,1.0,-4,0,0,0,11,2,2,3,3,1,-4,-4,0,0.0,-4,2,0,202250,4,16,16,4,42859,0,0
3554,0.0,200403,0,0,0,2,2,1,2,1,1,-4,-4,1,1.0,-4,1,0,202250,4,16,16,4,62401,0,0
3555,1.0,-4,0,1,0,3,2,1,3,4,1,3,-4,0,0.0,0,2,0,105700,5,12,12,4,56006,0,0
3556,1.0,199910,0,1,0,4,1,1,2,1,1,-4,-4,0,0.0,-4,1,0,105700,5,12,12,4,93668,0,0
3557,0.0,200203,0,5,0,2,2,2,1,1,1,-4,-4,0,1.0,-4,1,0,48905,5,14,16,4,81868,0,0
3558,1.0,-4,0,0,0,4,2,3,1,1,1,-4,-4,0,0.0,-4,1,0,131500,4,15,12,4,98553,0,0
3559,1.0,-4,0,1,0,2,2,2,4,3,1,3,-4,0,,10,1,0,279500,4,18,16,4,79383,-5,-5
3560,0.0,-4,0,10,0,5,2,4,4,3,2,-4,-4,1,1.0,-4,1,0,61750,3,16,20,4,67176,0,0
3561,1.0,-4,0,0,0,1,2,2,1,1,1,-4,-4,0,0.0,-4,2,0,-3,4,16,16,4,94859,0,0
3562,1.0,-4,0,0,0,2,2,2,1,1,1,1,-4,0,0.0,0,2,0,-3,5,14,12,4,84629,0,0
3563,1.0,-4,0,0,0,-2,2,2,1,1,1,-4,-4,0,0.0,-4,1,0,-3,5,14,12,4,83918,0,0
3564,0.0,-4,0,0,1,0,2,3,4,5,1,5,-4,0,,1,1,0,23500,3,-4,12,4,18541,-5,-5
3565,0.0,200101,0,0,0,1,2,2,1,1,1,-4,-4,0,0.0,-4,1,0,23500,3,-4,12,4,7808,0,0
3566,0.0,-4,0,3,1,0,2,2,4,4,3,-4,-4,1,,-4,2,-4,-4,4,12,12,1,8673,-5,-5
3567,0.0,-4,0,0,0,2,1,1,3,2,1,-4,-4,0,,-4,2,0,21750,4,12,12,4,-4,0,0
3568,1.0,-4,0,0,0,14,2,4,2,2,1,-4,-4,0,1.0,-4,1,1,31250,5,-4,13,4,60459,-5,-5
3569,0.0,-4,0,0,0,0,3,2,4,3,1,2,-4,0,0.0,-4,1,0,110000,3,14,12,4,49333,0,0
3570,0.0,200205,2,0,0,12,2,3,4,1,1,-4,-4,0,,-4,1,0,130750,3,12,8,4,26898,0,0
3571,0.0,200105,1,0,0,7,2,2,1,1,2,-4,-4,1,0.0,-4,1,0,130750,3,12,-3,4,9952,0,0
3572,0.0,-4,0,0,0,0,2,3,1,1,1,-4,-4,0,0.0,-4,1,0,20000,4,12,12,4,-4,0,0
3573,0.0,199702,0,0,0,0,2,4,4,2,1,2,-4,0,,1,1,0,49500,3,-4,12,4,11276,0,-4
3574,0.0,200101,0,0,0,3,3,2,4,3,3,3,-4,0,0.0,0,1,0,-3,2,12,16,4,74795,0,0
3575,1.0,-4,0,-4,-4,-4,2,2,1,1,1,-4,-4,0,,-4,2,0,62200,5,16,16,1,30093,-5,-5
3576,1.0,-4,0,0,0,6,2,1,4,1,1,1,-4,0,0.0,-4,2,0,229000,6,12,-3,4,40241,0,0
3577,0.0,-4,0,0,0,0,2,2,-2,-2,-2,-2,-4,0,0.0,0,2,0,8231,6,16,13,2,80031,0,0
3578,1.0,-4,0,-4,-4,-4,2,2,-2,-2,-2,-4,-4,0,0.0,-4,2,0,8231,6,16,13,4,98486,0,0
3579,1.0,-4,0,3,0,0,2,2,4,1,2,-4,-4,0,0.0,-4,2,0,-3,4,13,14,1,45994,0,0
3580,0.0,199705,1,0,1,30,1,3,2,2,1,-4,-4,-1,,-4,1,0,154001,6,-3,12,1,15286,-5,-5
3581,1.0,-4,0,0,0,0,2,2,2,-2,-2,-4,-4,0,0.0,-4,2,0,92500,5,9,9,2,54678,0,0
3582,1.0,-4,0,2,0,4,2,3,2,2,1,-4,-4,1,0.0,-4,1,0,92500,5,9,9,2,65808,0,0
3583,1.0,-4,0,12,1,0,2,2,3,2,2,5,-4,0,0.0,0,2,0,250,5,-4,12,1,60372,0,1
3584,1.0,200201,0,15,0,2,2,2,2,1,1,-4,-4,0,0.0,-4,1,0,123000,3,8,16,1,69506,-5,-5
3585,0.0,-4,0,0,0,2,2,2,3,1,1,-4,-4,0,0.0,-4,2,0,72500,3,11,-3,4,26948,0,0
3586,1.0,201104,0,0,0,0,3,3,4,2,3,-4,-4,0,0.0,-4,2,0,140000,2,12,12,1,51322,0,0
3587,1.0,-4,0,0,0,0,1,1,1,1,1,1,-4,0,0.0,0,1,0,294001,3,12,14,1,91661,0,0
3588,1.0,-4,0,0,0,1,2,2,4,2,1,2,-4,0,0.0,-4,2,0,130150,3,16,12,4,79568,0,0
3589,1.0,-4,0,0,0,0,2,3,1,1,1,-4,-4,-1,0.0,-4,1,0,-3,6,-3,13,1,65135,-5,-5
3590,0.0,-4,0,0,0,13,2,2,3,4,2,5,-4,1,1.0,0,2,0,8000,2,12,12,1,14452,0,-2
3591,0.0,200701,0,0,0,1,3,1,3,4,2,3,-4,0,,-4,1,0,-3,2,13,14,1,26135,0,0
3592,1.0,200008,0,0,0,1,4,4,4,1,1,-4,-4,0,0.0,-4,1,0,-3,3,-4,13,1,56899,0,-4
3593,1.0,-4,0,0,0,10,3,3,3,2,1,3,-4,0,0.0,0,2,0,32250,5,14,12,4,37219,0,1
3594,1.0,-4,0,0,0,1,1,3,2,1,1,-4,-4,0,0.0,-4,2,0,26500,3,-3,14,1,65507,0,0
3595,1.0,-4,0,0,0,5,1,2,1,1,1,-4,-4,0,0.0,-4,2,-4,-4,3,14,16,4,-4,-5,-5
3596,0.0,-4,0,2,0,10,2,3,3,4,1,4,-4,0,1.0,25,2,0,-3,5,14,12,4,52636,-5,-5
3597,1.0,200912,0,0,0,7,4,4,5,4,1,-4,-4,0,0.0,-4,2,0,97000,4,-3,12,4,4378,0,0
3598,1.0,-4,0,0,0,4,2,2,2,2,1,2,-4,0,0.0,0,2,0,139750,4,14,18,1,76823,0,0
3599,1.0,199804,2,0,1,1,3,3,1,1,1,-4,-4,1,0.0,-4,1,0,139750,4,14,18,1,84526,0,0
3600,0.0,-4,0,0,0,0,2,3,4,5,1,5,-4,0,0.0,0,2,-4,-4,4,12,10,1,-4,0,0
3601,1.0,-4,0,0,0,0,2,2,2,1,1,-4,-4,1,1.0,-4,2,0,75000,4,16,14,1,76442,0,0
3602,1.0,200004,2,0,0,1,2,2,4,3,1,5,-4,0,1.0,40,1,0,25500,4,11,12,2,10009,-5,-5
3603,1.0,-4,0,0,0,0,3,3,2,1,1,-4,-4,0,0.0,-4,1,0,25500,4,11,12,2,12799,0,0
3604,1.0,-4,0,0,0,5,2,2,3,1,1,-4,-4,0,0.0,-4,2,0,52500,3,13,12,4,53199,0,0
3605,,-4,0,1,1,7,3,3,3,2,2,-4,-4,0,,-4,1,0,163050,3,-3,16,4,71759,-5,-5
3606,1.0,-4,0,0,0,1,2,2,1,1,1,-4,-4,0,,-4,1,0,387500,6,19,17,4,82038,0,0
3607,0.0,-4,0,0,0,13,1,1,3,1,1,1,-4,0,,5,2,0,81000,4,16,12,4,44129,-5,-5
3608,0.0,199306,0,1,0,15,2,2,4,4,1,4,-4,1,0.0,50,2,0,100501,5,12,17,4,36585,0,0
3609,0.0,200005,2,0,0,20,3,2,4,1,1,-4,-4,1,0.0,-4,1,0,100501,5,8,17,4,18692,0,0
3610,1.0,-4,0,0,0,0,2,2,3,2,1,2,-4,0,0.0,5,1,0,-3,3,12,15,4,-4,-5,-5
3611,1.0,200603,0,0,0,2,1,2,4,2,1,1,-4,0,0.0,0,2,0,92500,5,14,16,4,62803,0,0
3612,1.0,-4,0,0,0,2,2,2,3,2,1,-4,-4,0,0.0,-4,2,-4,-4,5,14,16,4,61631,-5,-5
3613,1.0,-4,0,0,0,5,2,1,2,1,1,-4,-4,1,,-4,2,0,303001,4,14,14,4,32271,-5,-5
3614,1.0,-4,0,0,0,5,2,2,1,1,1,-4,-4,0,0.0,-4,2,0,-3,4,16,16,4,97626,0,0
3615,1.0,-4,0,0,0,6,2,3,3,3,1,-4,-4,0,,-4,2,0,-3,5,16,14,4,81168,-5,-5
3616,1.0,199804,0,1,1,0,2,4,3,1,2,-4,-4,1,0.0,-4,1,0,-3,5,16,14,4,54397,-5,-5
3617,0.0,199601,1,7,1,29,4,4,3,3,2,3,-4,1,,-4,2,-4,-4,4,12,16,4,-4,-5,-5
3618,0.0,199704,0,2,2,6,2,3,4,3,3,-4,-4,1,0.0,-4,1,-4,-4,4,12,16,4,-4,0,0
3619,1.0,-4,0,0,0,3,2,2,2,2,1,-4,-4,0,0.0,-4,2,0,137450,2,12,12,4,82067,0,0
3620,0.0,200310,0,1,0,1,2,1,2,2,1,-4,-4,1,0.0,-4,1,0,-5500,5,12,12,2,22799,-5,-5
3621,1.0,-4,0,0,0,0,2,1,3,2,1,-4,-4,0,,-4,1,0,113400,5,14,14,1,-4,0,0
3622,0.0,199504,0,9,2,105,3,2,5,5,3,3,-4,1,,0,1,-4,-4,4,16,12,2,-4,0,0
3623,1.0,-4,0,0,0,6,2,1,2,2,1,-4,-4,0,0.0,-4,1,0,30500,3,15,14,1,31974,0,0
3624,1.0,-4,0,0,0,5,2,3,3,2,1,3,-4,0,0.0,1,2,0,287500,4,14,15,1,76751,0,0
3625,0.0,-4,0,4,0,6,2,1,1,1,1,-4,-4,0,1.0,-4,1,1,-460,3,12,14,1,95932,0,0
3626,1.0,-4,0,2,1,0,1,4,1,1,1,-4,-4,1,0.0,-4,1,0,3850,4,12,14,1,49780,0,1
3627,1.0,-4,0,0,0,3,2,3,3,3,2,4,-4,1,0.0,5,2,0,-20628,3,12,14,1,80249,0,-4
3628,1.0,-4,0,0,0,0,2,3,4,4,2,-4,-4,0,0.0,-4,2,0,-20628,3,12,14,1,82629,0,0
3629,1.0,199410,0,0,0,2,2,2,1,1,1,1,-4,1,,0,1,0,2750,2,15,12,2,-4,0,0
3630,1.0,-4,0,1,1,-2,3,2,3,2,1,-4,-4,1,,-4,1,-4,-4,3,-3,12,1,28553,0,0
3631,0.0,199712,0,0,0,11,2,2,4,3,1,2,-4,0,0.0,30,2,0,21600,6,10,14,4,85498,0,0
3632,1.0,-4,0,0,0,0,1,1,3,2,1,4,-4,0,,-4,1,0,218500,5,14,14,1,64190,0,0
3633,0.0,-4,0,0,0,-2,2,2,-2,-2,1,-2,-4,0,0.0,0,2,0,7525,4,12,12,1,3638,0,-4
3634,1.0,200008,0,1,1,4,2,2,1,1,1,-4,-4,0,0.0,-4,2,0,-3,3,-4,15,1,80289,-5,-5
3635,0.0,199707,2,5,2,3,2,2,4,4,1,5,-4,0,0.0,15,1,-4,-4,5,-3,-3,1,24709,0,0
3636,0.0,-4,0,0,0,5,2,3,5,1,1,5,-4,-1,,-4,1,0,44250,3,12,11,1,24959,-5,-5
3637,1.0,-4,0,1,0,5,2,1,1,1,1,-4,-4,0,0.0,-4,2,0,40500,3,12,14,1,73122,0,0
3638,1.0,-4,0,0,0,35,2,3,3,3,1,4,-4,1,,0,2,0,-3,2,12,14,1,54581,0,0
3639,1.0,-4,0,0,0,6,2,2,2,1,1,-4,-4,0,0.0,-4,2,0,-9450,4,12,12,1,25535,0,0
3640,1.0,-4,0,1,0,2,2,2,1,1,1,-4,-4,1,0.0,-4,1,0,600000,4,18,16,4,75910,0,0
3641,1.0,-4,0,0,0,0,2,2,1,1,2,-4,-4,0,0.0,-4,2,0,62500,3,12,15,1,52442,0,0
3642,1.0,199306,0,0,0,2,2,2,3,3,1,3,-4,0,0.0,3,1,0,29250,4,12,15,4,49824,-5,-5
3643,1.0,-4,0,0,0,2,2,2,1,1,1,-4,-4,0,0.0,-4,1,0,29250,4,12,15,4,85931,0,0
3644,1.0,-4,0,0,0,0,2,1,3,2,1,-4,-4,0,0.0,-4,2,0,35750,3,14,16,2,86353,0,0
3645,1.0,200410,0,1,1,3,2,3,3,4,2,3,-4,0,0.0,35,1,0,196700,3,16,16,2,68893,0,0
3646,1.0,-4,0,0,0,0,2,1,2,1,1,1,-4,0,0.0,15,1,0,124800,3,16,18,1,57986,0,0
3647,1.0,200408,0,0,0,1,2,1,1,1,1,-4,-4,0,0.0,-4,1,0,382500,5,14,14,4,76262,0,0
3648,1.0,199811,0,1,0,3,2,3,3,4,2,5,-4,0,1.0,10,2,0,-100,5,12,13,2,48114,0,0
3649,0.0,201512,0,0,1,12,1,4,1,1,5,-4,-4,0,,-4,1,0,45050,3,16,12,1,10889,0,0
3650,0.0,200303,0,0,0,0,4,3,3,1,1,1,-4,0,0.0,0,1,0,3500,7,15,14,1,-4,0,0
3651,0.0,-4,0,0,0,0,2,2,1,1,2,-4,-4,0,0.0,-4,1,0,3500,7,15,14,1,-4,0,0
3652,0.0,200305,0,0,0,1,3,1,1,1,1,-4,-4,0,0.0,-4,1,0,3500,7,15,14,1,-4,0,0
3653,0.0,200102,0,0,1,15,2,4,2,2,1,5,-4,0,,1,1,0,500,8,-3,13,1,3871,0,-2
3654,0.0,199403,2,5,5,0,2,2,2,1,3,1,-4,1,1.0,-4,1,0,500,5,-3,-3,1,-4,0,1
3655,0.0,-4,0,0,0,3,2,2,1,1,1,-4,-4,0,0.0,-4,2,0,500,5,-3,-3,1,-4,-5,-5
3656,0.0,199609,0,98,10,9,2,3,5,4,3,-4,-4,1,,-4,1,0,14000,4,12,14,4,20061,0,1
3657,0.0,200503,0,0,2,2,2,3,1,1,1,-4,-4,0,1.0,-4,1,0,4750,3,-3,12,1,-4,0,0
3658,1.0,-4,0,0,0,4,2,3,3,2,1,3,-4,0,0.0,0,1,-4,-4,4,12,12,4,-4,-5,-5
3659,1.0,-4,0,0,0,0,2,3,4,4,2,3,-4,0,,-4,1,0,-3,3,20,18,1,-4,0,0
3660,1.0,-4,0,1,0,1,2,3,5,2,2,3,-4,0,0.0,-4,1,0,293750,4,14,14,4,61613,-5,-5
3661,1.0,-4,0,0,0,1,2,2,4,3,1,3,-4,0,0.0,2,2,0,-26500,4,12,12,4,86318,-5,-5
3662,1.0,-4,0,0,0,5,2,2,1,1,1,-4,-4,0,,-4,2,0,-26500,4,12,12,4,43372,-5,-5
3663,1.0,200610,0,0,0,0,2,3,3,2,1,3,-4,0,,50,1,0,296500,4,16,16,1,90539,-5,-5
3664,1.0,-4,0,0,0,3,2,2,1,1,1,1,-4,0,,0,1,0,102550,5,16,16,4,27237,-5,-5
3665,0.0,-4,0,0,0,0,2,2,1,1,1,-4,-4,0,,-4,1,0,102550,5,16,16,4,11417,-5,-5
3666,0.0,199411,0,0,0,4,2,2,3,2,2,3,-4,-3,,0,1,0,22500,4,-3,15,2,40205,1,0
3667,0.0,199506,0,0,0,10,3,2,3,4,2,-4,-4,0,,-4,2,-4,-4,4,-3,-3,3,16597,0,0
3668,1.0,-4,0,0,3,0,2,2,3,1,1,2,-4,0,,10,1,0,45700,7,-3,-3,2,-4,0,0
3669,1.0,-4,0,0,2,14,2,-2,2,2,3,-4,-4,0,0.0,-4,1,0,179350,4,14,12,2,-4,0,0
3670,0.0,199604,0,0,5,10,2,2,4,1,2,2,-4,0,0.0,-4,2,-4,-4,2,-4,-3,2,-4,1,1
3671,0.0,200401,1,0,0,0,2,2,1,1,1,-4,-4,0,0.0,-4,1,0,4350,4,12,12,2,-4,-5,-5
3672,0.0,199903,0,0,0,17,2,2,3,2,1,3,-4,0,,10,1,0,2350,3,10,9,2,-4,-5,-5
3673,1.0,-4,0,0,0,0,2,2,3,2,1,3,-4,0,,0,2,0,-3750,3,12,15,1,-4,-5,-5
3674,1.0,-4,0,0,0,3,2,4,4,2,2,-4,-4,0,,-4,1,0,82700,3,12,12,1,-4,0,0
3675,0.0,-4,0,0,1,5,3,3,3,1,2,-4,-4,0,,-4,1,0,55000,5,-4,16,1,-4,-5,-5
3676,0.0,200104,0,2,1,1,3,1,1,1,1,-4,-4,0,1.0,-4,1,0,55000,5,-4,16,1,-4,-5,-5
3677,1.0,-4,0,0,0,7,2,4,3,1,1,5,-4,0,1.0,0,2,0,73026,2,10,12,1,-4,0,0
3678,0.0,-3,0,0,1,18,2,2,3,1,1,-4,-4,0,1.0,-4,2,-4,-4,3,-3,-3,1,-4,0,0
3679,1.0,-4,0,0,1,3,2,2,1,1,1,-4,-4,0,,-4,1,-4,-4,3,12,-4,1,72158,-5,-5
3680,1.0,-4,0,0,0,2,2,2,3,2,1,-4,-4,0,0.0,-4,1,0,214500,6,-4,-3,2,-4,-5,-5
3681,1.0,201004,0,0,0,1,2,1,2,1,1,-4,-4,0,0.0,-4,2,0,-1050,3,5,12,2,-4,0,0
3682,1.0,-4,0,0,0,3,2,2,1,1,1,1,-4,0,0.0,-4,2,0,2200,4,18,18,2,51797,0,0
3683,1.0,199704,1,1,0,6,4,2,3,1,2,-4,-4,0,0.0,-4,1,0,24000,4,-3,-3,2,11608,0,0
3684,1.0,200506,0,0,2,21,2,3,1,-2,1,-4,-4,0,0.0,-4,1,0,4750,3,-3,-3,2,57619,0,0
3685,1.0,-4,0,0,0,0,2,3,2,1,1,4,-4,0,0.0,0,1,0,8000,4,-3,-3,2,-4,0,0
3686,1.0,-4,0,0,0,2,2,2,1,1,1,-4,-4,0,1.0,-4,1,0,8000,4,-3,-3,2,-4,0,0
3687,0.0,199811,3,0,0,15,2,1,3,2,3,3,-4,0,0.0,3,1,0,-16000,5,14,16,2,30579,0,0
3688,,-4,0,0,0,0,3,3,1,1,2,-4,-4,0,0.0,-4,2,0,-16000,5,14,16,2,405,-2,0
3689,1.0,-4,0,0,0,0,1,2,1,1,1,-4,-4,0,0.0,-4,2,0,1750,5,13,10,2,59771,-5,-5
3690,1.0,-4,0,25,25,1,2,2,1,1,1,-4,-4,1,0.0,-4,1,0,52500,4,12,12,2,13484,1,1
3691,1.0,-4,0,0,0,2,2,2,1,1,3,-4,-4,0,0.0,-4,2,0,1750,4,-3,7,1,6669,0,0
3692,1.0,-4,0,1,0,12,1,2,4,2,1,-4,-4,0,0.0,-4,1,0,-3,4,13,12,4,17571,-5,-5
3693,0.0,-4,0,4,1,3,2,2,2,1,1,-4,-4,0,0.0,-4,1,0,-3,4,13,12,2,48954,0,0
3694,0.0,-4,0,0,0,0,3,1,2,2,4,5,-4,0,0.0,0,2,-4,-4,5,-3,-3,2,-4,0,0
3695,1.0,-4,0,0,0,2,2,2,1,1,1,1,-4,0,0.0,0,1,0,16750,4,7,8,2,17881,-5,-5
3696,1.0,-4,0,0,0,4,2,2,2,1,2,-4,-4,0,0.0,-4,2,0,16750,4,7,8,2,36333,-5,-5
3697,0.0,-4,0,0,2,0,2,2,3,1,1,-4,-4,0,0.0,-4,2,0,2950,3,-4,11,1,5217,-5,-5
3698,0.0,-4,0,1,1,36,2,2,1,1,-2,-4,-4,0,,-4,1,0,2900,4,-3,-3,4,-4,0,1
3699,1.0,-4,0,0,0,20,3,1,5,4,3,3,-4,0,,10,2,0,22550,4,19,2,2,8641,0,0
3700,0.0,199602,0,0,7,47,4,3,3,4,3,2,-4,0,,-4,2,0,4350,5,-4,-3,2,22639,-5,-5
3701,0.0,199603,3,0,20,42,2,3,3,2,2,-4,-4,0,1.0,-4,1,0,4350,5,-4,-3,2,11909,0,-4
3702,1.0,-4,0,0,0,3,2,2,1,1,3,-2,-4,0,0.0,-4,1,0,-3,4,12,12,2,-4,0,0
3703,1.0,-4,0,0,0,0,2,1,1,1,1,-4,-4,0,,-4,2,0,2350,4,12,12,2,10214,-5,-5
3704,0.0,-4,0,0,0,2,2,3,5,4,2,5,-4,0,0.0,0,2,0,-3,3,16,16,2,26727,0,0
3705,1.0,200211,0,0,0,1,1,2,1,1,1,-4,-4,0,0.0,-4,2,0,420401,3,20,18,4,86359,0,0
3706,0.0,-4,0,0,0,1,2,3,1,1,1,1,-4,0,,0,1,0,600000,4,16,16,4,54640,-5,-5
3707,0.0,199704,1,0,0,5,3,3,5,3,1,1,-4,0,,20,1,0,3950,3,-3,11,1,2483,0,1
3709,0.0,-4,0,0,0,3,1,1,1,1,1,-4,-4,1,,-4,1,0,31700,4,12,-4,1,14568,0,0
3710,1.0,-4,0,0,0,5,1,2,3,2,1,4,-4,1,0.0,0,2,0,75100,5,12,12,1,20904,0,0
3711,0.0,-4,0,1,0,25,2,4,4,3,1,3,-4,0,,5,2,0,-3,4,-3,11,1,26684,0,0
3712,1.0,-4,0,0,1,4,1,2,4,2,1,-4,-4,0,0.0,-4,2,0,9505,3,12,14,2,11267,0,0
3713,1.0,-4,0,0,0,7,2,2,4,3,2,1,-4,0,0.0,0,2,0,301501,6,13,13,4,48800,0,0
3714,1.0,199604,0,0,0,3,2,2,3,1,1,-4,-4,0,0.0,-4,1,0,301501,6,13,13,4,75923,0,0
3715,0.0,199708,1,0,0,3,2,3,1,1,1,-4,-4,0,0.0,-4,1,0,301501,6,13,13,4,138,0,0
3716,0.0,199702,0,0,1,0,2,2,3,3,1,4,-4,0,0.0,10,2,0,4650,5,12,12,1,2262,0,0
3717,0.0,-4,0,0,0,0,1,2,4,4,3,5,-4,0,0.0,25,2,0,4650,5,12,12,1,370,0,0
3718,0.0,-4,0,0,0,2,2,2,3,1,1,-4,-4,0,0.0,-4,2,0,4650,5,12,12,1,5513,0,0
3719,0.0,199404,1,0,0,1,2,2,3,1,1,3,-4,-3,0.0,75,1,0,4180,3,10,12,2,9728,0,0
3720,,-4,0,0,0,1,2,2,1,1,1,-4,-4,0,,-4,2,-4,-4,3,14,12,4,-4,-5,-5
3721,0.0,199109,0,1,2,6,2,1,5,3,2,5,-4,0,,-4,1,-4,-4,3,16,12,4,-4,-5,-5
3722,0.0,-4,0,0,0,3,2,4,4,3,2,-4,-4,0,0.0,-4,2,0,36600,3,9,12,4,28052,-5,-5
3723,1.0,-4,0,1,1,2,1,3,5,5,1,4,-4,0,0.0,-4,1,-4,-4,4,-3,13,4,63984,0,-4
3724,1.0,199412,0,0,0,0,2,2,4,4,1,5,-4,0,,0,1,0,98500,4,-3,12,4,-4,0,0
3725,1.0,-4,0,0,0,2,2,2,3,1,1,-4,-4,1,0.0,-4,1,0,38700,4,13,14,4,94502,0,0
3726,1.0,-4,0,0,0,3,2,3,5,4,2,4,-4,0,0.0,15,2,0,-3,5,13,13,2,-4,0,0
3727,1.0,200701,0,0,0,1,1,2,3,3,2,3,-4,0,1.0,-4,2,0,-3,5,13,13,2,-4,0,0
3728,0.0,-4,0,3,0,0,1,2,2,1,1,-4,-4,0,0.0,-4,1,0,52600,3,12,11,4,60706,0,0
3729,0.0,-4,0,-4,-4,-4,2,2,5,3,4,5,-4,0,0.0,0,2,0,3550,5,11,16,4,8912,0,0
3730,0.0,-4,0,0,0,3,2,2,2,1,1,-4,-4,0,0.0,-4,2,0,43300,4,8,12,4,-4,0,0
3731,1.0,-4,0,4,0,6,3,3,3,3,2,5,-4,1,0.0,80,1,0,29000,3,16,14,4,95707,0,0
3732,0.0,199808,1,0,0,5,3,3,3,5,1,4,-4,0,0.0,15,1,0,78801,5,12,13,1,12216,-5,-5
3733,0.0,199912,1,0,0,3,1,1,4,1,2,2,-4,0,,15,1,-4,8500,5,9,12,1,14202,0,-2
3734,0.0,200012,3,0,0,2,3,2,4,2,2,-4,-4,0,0.0,-4,1,0,78800,4,12,12,1,4096,0,0
3735,1.0,-4,0,0,0,1,2,2,3,1,1,1,-4,0,,5,2,0,17000,6,12,12,4,39516,-5,-5
3736,1.0,-4,0,0,0,10,2,2,3,2,1,4,-4,1,0.0,15,2,0,-16950,5,16,12,4,73559,0,0
3737,0.0,-4,0,0,0,1,2,2,5,1,1,5,-4,0,0.0,-4,1,0,90750,4,12,12,1,9221,0,0
3738,1.0,-4,0,0,0,2,2,2,1,1,1,-4,-4,0,0.0,-4,1,0,31650,5,16,12,2,85713,0,0
3739,1.0,199807,0,0,0,3,1,2,2,1,1,3,-4,0,0.0,0,2,0,79450,4,12,12,1,69722,0,0
3740,0.0,200010,0,0,0,1,2,2,1,1,1,-4,-4,1,0.0,-4,2,0,79450,4,12,12,1,44898,0,0
3741,0.0,-4,0,2,0,3,2,2,5,3,4,4,-4,1,0.0,30,2,0,30800,4,12,12,4,57791,0,0
3742,0.0,-4,0,0,0,0,2,2,5,2,1,3,-4,0,,0,2,0,74500,4,11,12,4,30298,0,0
3743,0.0,199904,2,0,0,4,3,2,2,3,1,3,-4,0,,0,1,-4,-4,5,12,12,1,-4,0,1
3744,0.0,-4,0,0,2,2,3,3,1,1,1,-4,-4,1,,-4,2,-4,-4,5,12,12,1,-4,0,0
3745,1.0,-4,0,0,0,2,2,2,2,1,2,-4,-4,0,0.0,-4,2,0,16200,4,12,13,1,48864,0,0
3746,0.0,199806,3,0,0,3,4,4,5,4,5,-4,-4,0,0.0,-4,1,0,55600,2,10,12,1,51333,0,0
3747,0.0,-4,0,0,0,5,3,2,3,5,3,-4,-4,0,0.0,-4,2,0,39200,6,12,12,1,5824,0,0
3748,1.0,-4,0,0,0,5,2,3,4,3,2,3,-4,0,0.0,0,2,0,-3,4,11,12,2,39399,0,0
3749,0.0,200110,2,0,1,3,2,1,1,3,1,-4,-4,0,,-4,1,0,55471,2,11,11,1,19265,0,0
3750,0.0,-4,0,0,0,2,2,1,4,4,1,4,-4,1,0.0,90,1,0,5150,7,12,14,1,358,0,1
3751,1.0,-4,0,2,0,4,4,2,5,3,2,-4,-4,1,1.0,-4,2,0,5150,7,-3,14,1,50524,0,1
3752,0.0,199504,0,0,0,90,2,3,2,1,1,5,-4,0,0.0,15,2,0,1750,6,-3,12,4,-4,0,-4
3753,0.0,199609,0,0,0,29,2,2,3,4,2,-4,-4,0,0.0,-4,2,0,1750,6,-3,12,4,-4,0,-4
3754,1.0,-4,0,0,0,0,1,1,1,1,1,-4,-4,0,0.0,-4,2,0,114501,3,12,11,1,60680,0,0
3755,0.0,199511,3,0,0,0,2,3,5,3,4,5,-4,1,1.0,50,1,0,-13950,3,-3,10,1,14877,-5,-5
3756,0.0,201205,0,1,1,3,2,2,4,3,3,-4,-4,0,0.0,-4,2,0,-13950,3,-3,10,1,8023,1,-2
3757,0.0,199812,0,0,0,2,4,3,1,1,1,1,-4,0,0.0,100,1,0,90000,5,12,12,1,-4,0,0
3758,0.0,-4,0,0,0,1,2,2,1,1,1,-4,-4,0,0.0,-4,2,0,90000,5,12,12,1,-4,0,0
3759,0.0,199801,0,0,0,2,2,2,1,1,1,5,-4,0,0.0,3,1,0,57100,5,12,12,1,14584,-2,0
3760,0.0,-4,0,0,0,1,2,3,3,4,1,4,-4,0,,20,1,0,47150,3,12,12,1,17255,0,1
3761,1.0,-4,0,0,0,3,2,2,2,1,1,-4,-4,0,0.0,-4,2,0,47150,3,12,12,1,17981,0,1
3762,0.0,-4,0,0,0,6,2,2,2,1,2,3,-4,0,,15,1,0,43500,4,12,12,1,74808,-5,-5
3763,0.0,-4,0,2,1,0,2,3,2,1,1,1,-4,0,1.0,0,1,0,55850,4,12,12,4,4877,0,0
3764,0.0,-4,0,1,0,1,2,3,2,1,3,-4,-4,1,0.0,-4,2,0,62285,3,12,12,4,54165,0,0
3765,1.0,-4,0,0,0,0,3,2,1,1,1,-4,-4,0,0.0,-4,2,0,142900,5,-3,12,1,33393,0,1
3766,1.0,200510,0,0,1,6,3,4,2,2,3,-4,-4,0,1.0,-4,2,0,24950,3,12,16,4,-4,0,0
3767,0.0,199906,0,20,4,7,2,2,4,2,4,-4,-4,0,0.0,-4,2,0,92500,5,12,14,4,20272,0,0
3768,1.0,-4,0,0,0,2,2,2,4,3,2,3,-4,1,0.0,30,1,0,27500,5,11,18,4,91133,0,0
3769,0.0,199611,1,3,0,3,3,4,3,1,2,-4,-4,1,1.0,-4,1,0,27500,5,11,18,4,85860,0,0
3770,1.0,-4,0,0,0,2,2,2,1,1,1,-4,-4,0,0.0,-4,1,0,27500,5,11,18,4,97979,0,0
3771,1.0,-4,0,0,0,1,2,2,4,2,1,-4,-4,0,0.0,-4,2,0,72000,4,12,14,1,68648,0,0
3772,0.0,-4,0,1,1,0,1,1,1,1,2,-4,-4,0,0.0,-4,1,0,54000,4,12,11,4,57196,0,0
3773,0.0,200201,0,5,3,0,2,2,2,1,1,-4,-4,1,0.0,-4,1,0,54000,4,12,11,4,44338,0,0
3774,0.0,-4,0,0,0,0,2,1,3,2,1,-4,-4,0,0.0,-4,2,-4,-4,5,12,12,4,36293,0,0
3775,0.0,-4,0,0,0,1,2,2,4,2,2,-4,-4,0,0.0,-4,2,-4,-4,5,12,12,4,17978,0,0
3776,0.0,-4,0,0,0,1,3,2,1,1,1,-4,-4,0,0.0,-4,2,0,83800,5,12,12,4,0,0,0
3777,1.0,-4,0,0,0,8,2,2,3,3,2,3,-4,0,0.0,50,1,0,73710,4,12,16,3,70011,0,0
3778,0.0,-4,0,1,0,0,2,1,5,2,2,2,-4,0,,10,2,0,1150,4,12,8,4,4468,0,0
3779,0.0,-4,0,0,0,0,1,1,4,1,3,-4,-4,0,0.0,-4,2,0,1150,4,12,8,4,25700,0,0
3780,,-4,0,0,0,0,2,2,4,2,1,1,-4,0,,0,1,-4,-4,5,10,12,4,47193,-5,-5
3781,,-4,0,0,0,0,1,1,2,1,1,-4,-4,0,,-4,1,-4,-4,5,10,12,4,73929,-5,-5
3782,0.0,200401,0,3,0,3,2,1,3,4,3,3,-4,1,1.0,0,2,0,2050,3,12,14,4,-4,0,0
3783,1.0,-4,0,0,0,2,2,2,3,1,1,-4,-4,0,0.0,-4,1,0,-3,3,12,14,1,13882,0,0
3784,1.0,-4,0,0,0,3,2,3,4,2,1,3,-4,0,0.0,0,2,0,25500,6,12,16,4,65158,-5,-5
3785,0.0,200904,0,0,1,3,2,2,3,1,1,-4,-4,1,0.0,-4,1,0,25500,6,12,16,4,30634,-5,-5
3786,1.0,-4,0,0,0,1,1,3,1,1,1,-4,-4,0,0.0,-4,2,0,130001,4,18,12,4,66003,-5,-5
3787,1.0,-4,0,0,1,2,1,1,1,2,1,-4,-4,1,1.0,-4,1,0,65000,5,16,16,4,94489,0,0
3788,1.0,-4,0,0,0,0,2,2,2,1,1,-4,-4,1,,-4,1,-4,-4,5,12,14,1,50929,-5,-5
3789,1.0,-4,0,0,0,0,2,1,2,1,2,-4,-4,1,1.0,-4,2,0,24350,5,16,19,1,92110,0,0
3790,0.0,199508,0,0,1,0,2,2,1,1,1,1,-4,-3,,0,1,0,90000,3,11,10,1,14769,-5,-5
3791,1.0,-4,0,4,0,2,2,3,4,4,3,3,-4,0,0.0,0,2,-4,-4,4,14,12,1,68816,0,0
3792,0.0,-4,0,0,0,2,3,1,3,3,1,-4,-4,1,,-4,1,-4,-4,4,-3,12,1,32207,0,0
3793,0.0,200706,1,0,1,0,1,1,1,1,2,-4,-4,0,0.0,-4,1,0,7500,5,-3,11,1,17350,0,0
3794,1.0,-4,0,0,0,13,2,2,5,3,2,5,-4,0,,0,1,0,47560,2,-4,7,1,-4,-5,-5
3795,0.0,199704,1,0,2,2,4,4,4,1,1,-4,-4,0,,-4,1,0,19200,6,10,9,1,18019,0,0
3796,0.0,199902,0,0,0,2,3,4,4,2,4,-4,-4,1,,-4,1,0,19200,6,10,9,1,23837,0,0
3797,0.0,201311,0,0,0,2,1,2,1,1,3,-4,-4,1,0.0,-4,1,0,6750,6,-3,8,1,612,1,-2
3798,,-4,0,0,1,2,1,1,2,1,1,-4,-4,0,,-4,2,1,500,4,12,11,1,8248,-5,-5
3799,1.0,-4,0,0,0,0,2,3,3,1,-2,-2,-4,1,0.0,0,2,-4,-4,4,12,13,2,29629,0,0
3800,1.0,-4,0,0,0,3,2,1,1,1,1,-4,-4,1,0.0,-4,1,-4,-4,4,12,13,2,70496,0,0
3801,0.0,199905,0,0,0,3,2,1,4,3,1,4,-4,1,,0,2,0,9200,3,12,12,1,15675,-5,-5
3802,0.0,200604,1,0,0,1,2,4,1,1,1,-4,-4,0,0.0,-4,1,0,204001,4,-4,-4,3,49178,0,0
3803,0.0,-4,0,2,1,8,2,2,4,3,1,5,-4,1,1.0,2,2,0,7900,7,12,12,4,72593,0,0
3804,,-4,0,0,0,3,2,2,1,1,1,-4,-4,0,,-4,2,0,-3,2,-4,8,1,42530,-5,-5
3805,0.0,-4,0,1,1,11,2,3,4,3,3,4,-4,0,0.0,50,1,0,19750,3,12,14,4,68082,0,0
3806,0.0,-4,0,0,0,17,2,2,2,3,5,1,-4,0,0.0,0,2,0,1750,4,-3,10,1,2504,0,-4
3807,1.0,-4,0,0,0,7,1,2,1,1,1,-4,-4,0,0.0,-4,2,0,17500,4,12,10,1,34753,0,0
3808,0.0,-4,0,0,1,3,2,2,4,1,2,5,-4,0,0.0,0,1,1,3750,6,16,12,1,5094,0,0
3809,0.0,-4,0,0,0,21,2,2,3,1,1,-4,-4,0,0.0,-4,1,1,3750,6,15,12,1,71763,0,1
3810,0.0,-4,0,0,0,10,3,4,2,2,1,5,-4,0,0.0,0,2,0,7500,4,12,9,2,27285,-5,-5
3811,0.0,200308,0,2,0,8,2,3,2,2,1,3,-4,0,1.0,10,1,0,7500,4,-3,11,2,18042,0,-4
3812,0.0,-4,0,0,0,5,3,2,3,2,2,3,-4,0,0.0,-4,2,-4,-4,5,12,10,1,7263,0,0
3813,1.0,200107,0,0,0,1,2,3,1,2,1,1,-4,0,0.0,-4,1,-4,-4,4,9,12,4,-4,0,0
3814,1.0,-4,0,0,0,3,2,2,3,3,1,3,-4,0,0.0,10,1,0,28500,7,12,12,4,38487,0,0
3815,1.0,201511,1,0,0,6,2,2,4,3,1,2,-4,0,0.0,0,2,0,28500,7,16,16,2,48361,0,0
3816,1.0,-4,0,0,0,3,1,2,2,1,1,-4,-4,0,0.0,-4,1,0,28500,7,16,-3,4,89749,0,0
3817,1.0,-4,0,0,0,0,1,1,1,1,1,-4,-4,0,0.0,-4,1,0,-3,4,19,18,4,-4,-5,-5
3818,0.0,200107,3,2,0,13,2,3,4,4,2,4,-4,1,1.0,50,2,0,12300,5,7,14,4,-4,0,0
3819,0.0,-4,0,0,0,5,2,3,3,3,1,4,-4,0,0.0,5,2,0,600000,6,12,12,4,49114,0,0
3820,0.0,200502,1,30,0,7,2,1,4,3,4,-4,-4,1,0.0,-4,2,0,600000,6,12,12,4,28611,0,0
3821,1.0,200704,0,0,0,0,1,2,3,1,2,-4,-4,0,0.0,-4,2,0,13450,3,12,14,1,58256,0,-2
3822,1.0,-4,0,1,0,3,2,3,3,3,2,-4,-4,0,0.0,-4,2,1,-38000,2,12,16,4,96184,0,0
3823,0.0,200307,0,0,0,8,3,3,1,1,1,-4,-4,0,0.0,-4,2,0,650,3,13,14,3,86672,0,-2
3824,0.0,200908,1,0,0,4,2,3,3,4,2,3,-4,0,,30,2,0,129000,3,17,10,4,34543,0,0
3825,0.0,-4,0,30,0,5,1,4,4,2,3,4,-4,0,0.0,0,2,-4,-4,4,-3,9,4,-4,0,-4
3826,0.0,-4,0,0,1,2,2,2,4,3,1,-4,-4,0,0.0,-4,1,0,206001,6,11,-3,1,-4,0,0
3827,1.0,199808,0,0,2,2,2,2,2,1,1,-4,-4,0,0.0,-4,1,0,206001,6,12,14,1,4788,0,0
3828,0.0,199204,0,8,0,9,2,2,4,2,1,1,-4,-3,0.0,0,2,0,57600,4,12,11,4,17477,0,0
3829,0.0,-4,0,0,0,7,2,2,1,1,1,-4,-4,0,0.0,-4,1,0,-3,4,12,14,4,19140,0,0
3830,0.0,-4,0,0,3,6,3,3,5,5,2,5,-4,0,0.0,0,2,0,29500,5,9,14,4,18671,0,0
3831,0.0,-4,0,0,2,5,3,3,4,5,3,2,-4,1,0.0,-4,1,0,29500,5,9,14,4,7832,0,0
3832,1.0,-4,0,0,0,5,2,2,4,3,1,4,-4,0,0.0,20,2,0,8108,5,14,10,4,83914,0,0
3833,0.0,-4,0,0,0,7,2,2,2,2,1,2,-4,0,0.0,0,2,0,41238,3,9,12,4,30887,0,0
3834,0.0,200104,1,2,0,33,3,3,2,2,1,1,-4,1,0.0,0,1,0,14503,4,16,12,4,-4,-5,-5
3835,0.0,-4,0,3,0,10,3,2,5,3,4,3,-4,1,0.0,0,1,1,1500,4,9,12,4,-4,0,-2
3836,1.0,-4,0,0,0,0,2,2,3,3,1,4,-4,0,0.0,0,1,0,73600,2,-4,12,1,-4,0,0
3837,1.0,-4,0,0,0,5,1,1,1,1,-2,-4,-4,0,1.0,-4,2,0,-3,2,14,14,4,63904,0,0
3838,1.0,200012,0,2,0,1,2,2,2,1,1,-4,-4,1,1.0,-4,2,0,-3,3,14,14,4,97260,0,0
3839,0.0,199810,1,0,0,25,2,3,3,3,2,3,-4,0,,0,1,0,85700,4,-4,-3,4,54468,0,0
3840,0.0,-4,0,20,0,25,2,3,1,1,1,-4,-4,0,0.0,-4,1,0,85700,4,-4,-3,4,288,0,0
3841,0.0,-4,0,0,0,2,2,2,2,1,1,2,-4,1,,-4,2,-4,-4,4,12,12,1,67063,0,0
3842,0.0,201511,0,0,0,2,2,3,4,5,1,-4,-4,1,,-4,2,-4,-4,4,12,12,1,48448,0,0
3843,1.0,-4,0,1,0,2,1,3,1,2,1,-4,-4,1,0.0,-4,2,0,20550,5,12,12,4,55197,-5,-5
3844,0.0,199810,0,0,1,15,2,2,5,5,3,5,-4,0,,20,1,-4,-4,5,-3,-3,1,16014,0,0
3845,0.0,200811,0,0,0,7,2,2,1,1,1,-4,-4,0,,-4,1,-4,-4,5,-3,-3,1,25193,-5,-5
3846,0.0,201010,0,0,0,0,2,2,1,1,1,-4,-4,1,,-4,2,-4,-4,3,19,14,1,-4,-5,-5
3847,1.0,-4,0,1,0,6,4,3,2,1,-2,-4,-4,0,0.0,-4,2,0,1300,3,11,-4,4,51417,0,0
3848,0.0,-4,0,25,0,0,2,2,4,3,3,-4,-4,0,0.0,-4,1,0,8750,3,-4,12,4,73451,0,0
3849,0.0,200102,0,0,0,8,2,4,1,1,1,-4,-4,1,1.0,-4,1,0,50000,2,12,15,4,64465,0,1
3850,1.0,-4,0,0,0,0,1,1,2,1,1,1,-4,0,0.0,5,1,0,42600,4,12,12,4,98010,0,0
3851,0.0,-4,0,0,0,0,3,4,3,1,1,-4,-4,0,0.0,-4,1,0,42600,4,12,12,4,49927,0,0
3852,1.0,-4,0,0,0,1,2,2,2,1,3,-4,-4,0,0.0,-4,1,0,34350,4,13,-4,4,94494,0,0
3853,1.0,200211,0,3,0,3,2,2,2,1,1,-4,-4,1,1.0,-4,2,0,34350,4,13,-4,4,80259,0,0
3854,0.0,-4,0,0,0,0,1,1,3,2,3,-4,-4,0,0.0,-4,1,0,-3,5,13,-3,1,36962,0,-4
3855,1.0,200107,0,1,0,2,2,2,1,1,1,3,-4,1,1.0,50,2,0,-3,4,13,14,1,76601,0,0
3856,0.0,-4,0,0,0,0,2,3,3,-2,-2,-4,-4,0,0.0,-4,2,0,7500,4,12,12,1,24540,0,1
3857,0.0,-4,0,0,1,0,3,2,4,1,1,-4,-4,0,0.0,-4,1,1,7900,5,-3,13,1,5653,0,0
3858,0.0,-4,0,0,0,2,2,2,1,1,1,-4,-4,-3,0.0,-4,1,0,3750,8,-4,-3,1,-4,0,0
3859,0.0,199510,0,0,0,20,4,2,3,3,1,1,-4,0,,15,1,0,86000,3,12,12,1,4327,0,0
3860,0.0,-4,0,0,0,0,1,1,4,5,3,-4,-4,1,0.0,-4,1,0,-3,4,12,13,1,30806,0,0
3861,0.0,200410,0,0,0,1,2,3,3,1,2,3,-4,-1,0.0,-4,2,0,-3,3,12,13,1,11508,-5,-5
3862,1.0,199703,0,0,1,12,2,2,5,3,1,-4,-4,0,1.0,-4,2,0,1250,4,13,14,1,40155,0,0
3863,0.0,-4,0,0,0,11,2,1,2,1,1,5,-4,0,0.0,5,1,-4,-4,11,-3,11,1,21505,0,0
3864,0.0,-4,0,0,0,4,2,2,5,4,4,4,-4,0,0.0,0,2,0,52000,4,12,12,1,7497,0,0
3865,1.0,-4,0,0,2,3,1,3,3,3,4,4,-4,0,0.0,50,2,0,25000,3,12,16,1,64478,0,0
3866,1.0,-4,0,0,0,10,2,1,1,1,1,-4,-4,0,0.0,-4,2,0,18500,3,-3,10,1,-4,0,1
3867,1.0,-4,0,2,0,4,1,1,2,1,1,-4,-4,0,0.0,-4,2,-4,-4,4,-3,12,1,23558,0,-2
3868,0.0,-4,0,0,0,11,2,2,1,1,1,-4,-4,0,0.0,-4,2,-4,-4,4,16,12,1,5908,0,1
3869,0.0,-4,0,0,0,10,2,2,5,2,1,3,-4,0,0.0,0,2,0,58301,8,11,12,1,1758,0,0
3870,0.0,-4,0,1,0,1,2,1,3,4,3,-4,-4,1,1.0,-4,2,0,-3,4,10,-3,4,-4,0,0
3871,0.0,-4,0,0,0,4,2,3,5,4,-2,5,-4,0,0.0,50,1,-4,-4,4,14,12,4,10896,0,0
3872,0.0,-4,0,1,0,4,2,2,3,3,4,4,-4,0,,3,1,0,138850,5,14,12,4,3956,0,0
3873,1.0,-4,0,0,0,0,2,2,3,2,1,3,-4,1,,3,2,0,62000,2,12,12,4,34437,-5,-5
3874,1.0,-4,0,1,0,2,2,2,3,2,2,-4,-4,0,0.0,-4,2,0,-250,2,-3,12,4,77919,0,0
3875,1.0,-4,0,2,0,5,2,3,4,3,1,2,-4,0,0.0,0,2,-4,-4,8,16,12,3,18950,-5,-5
3876,0.0,-4,0,1,0,6,2,2,1,1,1,-4,-4,1,0.0,-4,1,0,8780,4,12,11,4,11377,0,0
3877,0.0,200507,3,1,2,2,2,3,2,1,1,-4,-4,0,0.0,-4,1,0,2550,4,11,12,1,-4,0,0
3878,1.0,-4,0,4,0,1,2,2,4,4,3,-4,-4,0,0.0,-4,1,0,141001,2,16,16,1,85277,0,0
3879,1.0,-4,0,0,1,0,2,2,1,1,1,-4,-4,0,0.0,-4,2,0,17500,8,12,12,1,20572,0,0
3880,1.0,-4,0,0,0,0,3,2,5,1,1,-4,-4,0,,-4,1,0,27500,5,12,14,1,-4,0,0
3881,1.0,-4,0,0,0,3,2,2,3,2,1,-4,-4,0,,-4,1,0,170501,8,12,12,4,45585,0,0
3882,0.0,200111,0,4,0,4,2,2,3,3,2,3,-4,0,0.0,40,1,0,-1100,2,-3,10,4,64763,0,0
3883,1.0,-4,0,0,0,0,1,2,3,4,1,1,-4,0,0.0,50,2,0,31350,6,13,12,4,20662,-5,-5
3884,1.0,-4,0,0,1,5,2,2,1,1,1,-4,-4,0,0.0,-4,1,0,74500,5,12,17,1,69099,0,0
3885,0.0,-4,0,0,0,15,1,1,3,1,2,-4,-4,0,0.0,-4,2,0,77300,3,12,13,1,19183,0,0
3886,0.0,199501,-3,1,1,10,2,2,1,2,4,3,-4,1,0.0,0,1,0,20500,4,-4,-3,1,4313,0,-4
3887,1.0,-4,0,0,0,0,2,2,5,4,2,5,-4,0,0.0,10,2,0,24500,4,12,12,1,57903,0,-2
3888,0.0,-3,0,0,0,10,2,2,4,-2,-2,-4,-4,0,,-4,1,0,24500,4,12,12,1,32051,0,0
3889,0.0,200608,3,0,0,6,1,1,5,1,2,4,-4,0,0.0,0,1,1,38150,3,9,6,4,-4,0,0
3890,0.0,200310,0,1,0,7,2,3,3,2,2,-4,-4,0,0.0,-4,2,0,405500,3,11,12,2,32079,0,0
3891,1.0,-4,0,0,0,1,1,2,3,3,2,2,-4,0,1.0,50,2,0,-3,3,10,12,2,57597,0,0
3892,0.0,199603,0,2,1,10,2,2,4,3,2,5,-4,0,,0,1,0,-3,5,14,12,4,5170,0,0
3893,0.0,202303,0,1,1,2,1,4,3,1,1,-4,-4,0,0.0,-4,1,0,-3,5,14,12,4,-4,-2,0
3894,1.0,-4,0,0,0,6,2,2,4,4,2,3,-4,0,0.0,10,2,0,246300,5,16,16,4,100000,0,0
3895,1.0,-4,0,2,0,5,1,2,2,1,1,1,-4,0,0.0,0,1,0,329001,6,20,18,4,93197,0,0
3896,1.0,200603,0,0,1,6,2,1,1,1,1,-4,-4,0,0.0,-4,1,0,329001,6,20,18,4,91167,0,0
3897,0.0,-4,0,0,0,6,2,2,2,1,1,-4,-4,0,0.0,-4,2,0,63500,4,12,12,4,79235,-5,-5
3898,1.0,-4,0,0,0,2,2,1,1,1,1,-4,-4,0,,-4,1,0,130700,4,12,12,4,-4,-5,-5
3899,1.0,-4,0,0,0,5,2,2,4,4,1,3,-4,0,0.0,0,2,0,136750,4,9,9,4,24565,0,0
3900,0.0,-4,0,0,0,7,2,2,2,2,1,-4,-4,0,0.0,-4,2,0,322500,4,12,12,4,70455,0,0
3901,1.0,-4,0,0,0,3,1,1,1,1,1,-4,-4,0,0.0,-4,2,0,-650,4,12,12,4,40735,-5,-5
3902,0.0,-4,0,0,0,2,2,2,1,1,1,-4,-4,0,,-4,1,0,130400,3,12,12,4,28389,-5,-5
3903,1.0,-4,0,0,0,0,2,2,2,4,1,5,-4,0,0.0,5,1,0,117000,5,12,12,4,80478,-5,-5
3904,0.0,-4,0,0,0,15,2,1,3,2,1,1,-4,0,,3,1,0,169400,3,14,12,4,39640,0,0
3905,1.0,-4,0,0,0,5,2,2,3,2,2,4,-4,0,0.0,10,2,0,158500,5,16,12,4,76418,0,0
3906,1.0,-4,0,0,0,3,1,1,1,1,1,-4,-4,0,0.0,-4,2,0,158500,5,16,12,4,84568,-5,-5
3907,0.0,-4,0,2,0,3,4,2,5,4,1,-4,-4,1,0.0,-4,2,0,73500,3,16,14,4,-4,0,0
3908,1.0,200606,0,1,0,0,2,2,2,1,1,-4,-4,1,0.0,-4,1,0,22500,4,10,12,4,36408,0,0
3909,0.0,-4,0,1,1,37,4,4,5,3,3,2,-4,1,0.0,-4,2,0,-3,2,10,12,4,-4,-5,-5
3910,0.0,-4,0,0,0,1,3,3,1,1,1,-4,-4,0,0.0,-4,1,0,1750,5,12,12,4,-4,0,0
3911,1.0,-4,0,1,0,3,2,2,3,3,2,4,-4,0,0.0,-4,2,0,72600,5,11,12,4,78206,0,0
3912,0.0,-4,0,0,0,20,1,2,5,5,3,5,-4,0,0.0,25,2,0,108500,5,8,16,4,55963,0,0
3913,0.0,199709,0,0,0,5,1,1,1,1,1,-4,-4,0,0.0,-4,2,0,108500,5,8,16,4,8275,0,1
3914,,-4,0,0,0,1,2,2,5,3,1,3,-4,0,,25,1,0,-3,3,12,12,4,-4,-5,-5
3915,1.0,200710,0,0,0,1,1,1,2,1,1,-4,-4,0,0.0,-4,1,0,193000,3,12,13,4,34061,0,1
3916,1.0,-4,0,0,0,3,2,2,2,2,1,-4,-4,0,0.0,-4,2,0,100753,3,11,16,4,95754,0,0
3917,0.0,-4,0,0,0,2,3,4,4,5,3,5,-4,0,,-2,1,0,20500,4,9,12,2,7931,-5,-5
3918,0.0,-4,0,0,0,3,1,1,1,1,2,-4,-4,0,0.0,-4,1,0,20500,4,9,12,1,0,0,0
3919,0.0,200910,1,0,0,3,3,1,4,4,1,5,-4,1,,-4,2,0,4750,6,-3,12,1,4392,-5,-5
3920,0.0,201607,0,2,2,0,2,2,1,1,1,-4,-4,0,0.0,-4,2,0,4750,5,16,16,1,14216,0,0
3921,0.0,199505,8,0,0,14,2,2,5,5,1,-2,-4,0,0.0,-2,1,-4,-4,6,-4,8,1,6940,1,1
3922,0.0,-4,0,0,1,35,2,2,1,-2,-2,-4,-4,0,0.0,-4,2,-4,-4,6,-4,-4,1,710,1,1
3923,0.0,200004,3,0,0,50,2,2,3,2,1,3,-4,0,0.0,-4,1,-4,-4,6,-4,-3,1,9831,0,0
3924,0.0,-4,0,1,2,6,3,2,1,1,1,-4,-4,1,,-4,2,-4,-4,6,-4,-4,1,1658,0,0
3925,0.0,200101,1,0,1,5,2,2,3,3,2,-4,-4,0,0.0,-4,2,-4,-4,6,-4,-4,1,5406,0,0
3926,0.0,-4,0,0,0,0,3,3,1,1,5,-4,-4,1,0.0,-4,2,-4,-4,5,-3,6,1,1732,-5,-5
3927,0.0,-4,0,0,0,10,2,2,-2,-2,-2,-2,-4,0,0.0,5,2,-4,-4,5,-3,6,1,-4,0,0
3928,0.0,-4,0,0,1,99,4,3,1,1,1,-4,-4,0,0.0,-4,2,-4,-4,5,-3,6,1,2493,0,0
3929,0.0,200303,1,0,0,0,2,3,1,1,2,-4,-4,0,0.0,-4,1,0,1750,5,-3,13,1,10672,0,0
3930,0.0,-4,0,-4,-4,-4,3,3,2,1,4,3,-4,0,,0,2,-4,-4,5,-3,12,2,-4,1,0
3931,0.0,199401,0,-4,-4,-4,2,2,1,1,1,1,-4,0,,-4,1,-4,-4,5,-3,-3,2,-4,1,-4
3932,0.0,-4,0,0,0,30,2,1,3,2,1,3,-4,0,0.0,0,2,0,1500,5,-4,8,2,-4,0,0
3933,0.0,-4,0,-4,-4,-4,2,3,1,1,1,1,-4,0,0.0,0,2,0,3100,8,3,3,2,-4,-5,-5
3934,0.0,199905,0,0,0,9,2,3,4,3,2,-4,-4,0,0.0,-4,2,-4,-4,5,-4,6,2,-4,0,0
3935,1.0,-4,0,0,0,0,2,2,5,5,3,5,-4,0,0.0,50,2,0,-3,3,16,17,1,35803,0,0
3936,0.0,199904,0,2,1,3,3,2,3,1,2,-4,-4,0,0.0,-4,1,0,18300,4,9,12,4,56976,0,0
3937,1.0,-4,0,2,0,2,2,3,-2,-2,-2,-4,-4,1,0.0,-4,2,0,22800,4,10,13,4,71841,-5,-5
3938,1.0,-4,0,0,0,0,2,2,5,5,-2,-4,-4,1,1.0,-4,1,-4,-4,5,14,16,4,72386,0,0
3939,1.0,-4,0,0,0,4,1,2,4,4,1,-4,-4,0,1.0,-4,2,0,31900,2,16,16,4,93719,0,0
3940,0.0,200003,0,0,0,-2,2,2,2,2,1,-4,-4,0,0.0,-4,2,-4,-4,3,16,12,1,62677,0,0
3941,0.0,-4,0,0,0,0,2,2,1,1,1,-4,-4,0,,-4,2,0,6820,4,12,-3,4,15353,0,0
3942,0.0,199602,1,0,4,0,1,1,5,5,2,1,-4,0,0.0,0,1,0,3750,2,-3,-3,1,-4,0,0
3943,1.0,-4,0,0,0,13,2,3,3,3,1,4,-4,0,0.0,5,2,0,80000,4,15,12,4,88401,0,0
3944,1.0,-4,0,0,0,3,1,2,1,1,1,1,-4,1,0.0,-4,1,0,80000,4,15,12,4,99296,0,0
3945,0.0,-4,0,0,1,0,3,2,5,2,1,3,-4,0,0.0,0,2,0,49520,4,12,10,4,-4,0,0
3946,0.0,-4,0,10,0,6,2,2,4,1,1,2,-4,1,0.0,-4,1,0,49520,4,12,10,4,-4,0,-2
3947,0.0,200002,0,2,0,6,2,3,3,1,1,-4,-4,0,0.0,-4,1,-4,-4,7,-3,-3,4,33725,0,0
3948,,-4,0,0,0,6,2,3,5,2,2,-4,-4,0,,-4,2,0,-3,4,12,12,4,-4,-5,-5
3949,0.0,199608,0,0,0,15,2,2,2,2,1,3,-4,0,0.0,5,1,0,38400,4,12,12,4,4823,0,0
3950,0.0,199506,1,0,2,15,3,2,4,1,1,3,-4,0,1.0,50,1,-4,-4,3,12,12,4,-4,0,0
3951,0.0,199808,1,0,0,2,2,3,3,1,1,-4,-4,1,0.0,-4,1,0,16750,3,15,16,1,46822,-5,-5
3952,0.0,-4,0,0,0,2,2,3,4,3,2,5,-4,0,0.0,50,2,0,111700,5,7,10,4,43916,0,0
3953,0.0,200001,0,0,0,2,2,2,4,2,1,3,-4,0,1.0,0,1,0,111700,5,11,12,4,42865,-2,0
3954,0.0,-4,0,0,0,-2,1,2,2,1,1,-4,-4,0,,-4,2,-4,-4,4,-4,-3,4,19523,-5,-5
3955,0.0,-4,0,0,0,25,2,2,3,3,2,4,-4,0,0.0,0,2,-4,-4,3,12,12,4,10529,0,0
3956,1.0,-4,0,0,0,4,2,3,3,3,1,5,-4,1,0.0,0,1,0,-3,8,12,12,1,64517,0,0
3957,0.0,-4,0,1,0,3,2,2,4,4,1,5,-4,0,0.0,0,1,0,-3,8,12,12,1,60496,0,0
3958,0.0,200306,4,0,0,0,3,3,3,2,1,-4,-4,1,,-4,1,0,-3,8,-4,-4,1,32983,0,0
3959,1.0,-3,0,0,0,0,3,4,2,1,1,-4,-4,0,0.0,-4,1,-2,-3,8,12,12,1,43172,0,0
3960,1.0,-4,0,0,0,2,2,2,1,1,1,-4,-4,0,0.0,-4,1,-4,-4,8,-4,-4,1,72105,0,0
3961,1.0,-4,0,1,0,3,2,2,3,3,1,3,-4,0,0.0,0,1,0,287800,5,13,13,4,94225,-5,-5
3962,0.0,-4,0,0,0,0,2,2,2,1,1,-4,-4,1,0.0,-4,1,0,287800,5,13,13,4,48853,0,0
3963,1.0,199804,0,5,0,3,2,2,4,3,1,3,-4,1,1.0,50,2,0,600000,4,16,12,4,73198,-5,-5
3964,1.0,-4,0,0,0,0,2,3,1,1,1,-4,-4,0,0.0,-4,2,0,600000,4,16,12,4,48611,-5,-5
3965,1.0,201406,0,0,0,0,1,1,1,1,1,-4,-4,0,0.0,-4,2,0,600000,4,16,16,4,83563,0,0
3966,1.0,-4,0,0,0,1,2,2,1,1,1,-4,-4,0,0.0,-4,2,0,600000,4,20,18,4,95192,0,0
3967,1.0,199508,0,0,0,5,3,2,2,2,1,-4,-4,0,0.0,-4,1,0,600000,4,-4,-4,4,88964,0,-4
3968,1.0,200207,0,0,0,4,2,2,3,1,1,-4,-4,0,,-4,2,0,600000,3,14,13,4,-4,0,0
3969,1.0,-4,0,0,0,1,2,2,2,1,1,-4,-4,0,0.0,-4,1,0,380000,3,16,16,4,-4,0,0
3970,0.0,199604,1,2,0,21,2,3,4,3,2,4,-4,1,1.0,10,2,0,277500,5,10,15,4,90829,0,0
3971,1.0,-4,0,0,0,15,2,2,1,1,1,-4,-4,0,0.0,-4,2,0,277500,5,10,15,4,91959,0,0
3972,0.0,-4,0,1,0,15,3,4,4,5,3,4,-4,0,,29,2,0,3200,4,12,10,4,34112,0,0
3973,1.0,-4,0,0,0,0,2,4,2,1,1,-4,-4,0,0.0,-4,2,0,157700,4,12,12,1,2995,0,1
3974,1.0,200504,2,0,1,3,2,2,3,2,1,-4,-4,0,0.0,-4,1,0,157700,4,12,12,1,26896,0,1
3975,1.0,-4,0,0,0,1,1,1,5,5,1,5,-4,0,,0,2,0,221000,3,16,16,4,-4,-5,-5
3976,1.0,199611,0,0,0,15,3,2,2,1,1,-4,-4,1,,-4,2,-4,-4,4,12,14,4,63859,0,0
3977,0.0,-4,0,0,0,2,1,1,1,1,1,-4,-4,0,,-4,2,0,5750,4,12,10,4,-4,0,0
3978,1.0,-4,0,0,0,0,2,2,3,3,1,3,-4,0,,50,2,0,131350,2,16,17,4,29481,-5,-5
3979,1.0,-4,0,0,0,2,2,3,5,4,1,5,-4,0,0.0,0,2,0,129100,5,12,12,4,23138,0,0
3980,1.0,-4,0,0,0,3,1,1,1,1,1,-4,-4,0,0.0,-4,1,0,129100,5,12,12,4,78098,0,0
3981,0.0,-4,0,0,2,4,2,2,2,1,2,-4,-4,0,,-4,1,0,35250,3,10,8,4,30160,0,0
3982,1.0,201908,1,0,0,3,2,3,3,2,1,3,-4,0,1.0,0,2,0,239800,3,16,14,4,50632,0,0
3983,1.0,-4,0,0,0,6,1,1,1,1,1,-4,-4,0,0.0,-4,2,0,9000,3,12,10,4,80897,0,-4
3984,0.0,199809,3,3,0,10,1,3,3,1,1,-4,-4,0,0.0,-4,2,0,28250,4,13,14,4,7752,0,0
3985,1.0,-4,0,0,0,0,1,1,5,2,1,3,-4,0,,0,2,0,120000,4,14,12,4,-4,0,0
3986,0.0,-4,0,2,2,13,2,4,4,1,2,-4,-4,1,,-4,1,0,120000,4,14,12,4,-4,-5,-5
3987,0.0,-4,0,0,0,3,2,3,3,1,1,1,-4,0,,10,1,0,-3,4,16,12,4,18439,-5,-5
3988,1.0,-4,0,0,0,2,2,2,1,1,1,1,-4,0,0.0,0,1,0,40750,4,20,20,4,84913,-5,-5
3989,1.0,-4,0,0,0,1,1,2,1,1,1,1,-4,0,0.0,1,2,0,40750,4,18,14,4,99379,-5,-5
3990,1.0,-4,0,1,0,3,2,2,3,1,1,1,-4,0,,-4,2,0,252500,3,12,14,4,35340,-5,-5
3991,0.0,-4,0,0,0,6,3,2,4,4,2,4,-4,1,0.0,10,1,0,42900,2,14,16,4,28100,0,0
3992,1.0,-4,0,0,0,6,2,2,4,2,1,3,-4,0,0.0,15,2,0,36500,3,14,12,4,37994,0,0
3993,0.0,200209,0,0,1,5,2,2,2,1,1,-4,-4,1,0.0,-4,1,0,36500,3,14,12,4,31022,0,0
3994,0.0,-4,0,3,0,15,2,4,2,1,3,-4,-4,0,0.0,-4,1,0,90000,4,16,12,4,82895,-5,-5
3995,0.0,199812,1,-4,-4,-4,2,1,2,-2,1,-4,-4,0,,-4,1,0,26250,6,12,10,4,1210,0,0
3996,0.0,200210,0,0,0,5,2,4,3,3,2,-4,-4,0,,-4,1,0,26250,6,12,10,4,9246,0,0
3997,0.0,200203,0,-2,1,-2,3,4,3,3,2,4,-4,0,,50,1,0,-3,5,11,12,4,13266,-5,-5
3998,1.0,-4,0,1,0,2,2,2,3,2,2,-4,-4,0,0.0,-4,1,0,-3,2,16,14,4,45561,-5,-5
3999,1.0,-4,0,0,0,0,2,3,3,3,2,-4,-4,0,,-4,2,0,-1250,4,-4,-3,2,49856,-5,-5
4000,1.0,-4,0,2,0,1,2,2,2,3,1,2,-4,0,1.0,10,2,0,165500,4,10,9,4,77970,0,0
4001,0.0,199611,2,0,0,2,3,3,2,3,1,4,-4,0,0.0,100,1,0,58200,3,13,12,4,-4,0,0
4002,1.0,-4,0,0,0,3,2,3,2,2,1,-4,-4,0,0.0,-4,1,0,-3,3,14,12,4,80175,0,0
4003,1.0,-4,0,0,2,3,4,3,2,4,1,3,-4,0,0.0,10,1,0,205500,5,17,12,4,95276,0,0
4004,1.0,-4,0,1,1,0,2,2,1,1,1,-4,-4,0,0.0,-4,1,0,205500,5,17,12,2,81914,0,0
4005,1.0,200101,0,0,0,2,2,2,4,2,1,2,-4,0,,50,1,1,318750,4,12,11,4,41692,0,0
4006,1.0,-4,0,0,0,3,2,2,1,1,1,-4,-4,1,0.0,-4,1,0,176250,5,13,12,2,31636,0,0
4007,0.0,199401,1,5,1,17,3,3,3,3,2,3,1994,1,,5,1,-4,-4,2,12,12,4,-4,0,0
4008,1.0,-4,0,0,0,0,2,2,1,1,1,-4,-4,0,0.0,-4,1,0,157500,4,12,13,4,76716,0,0
4009,0.0,-4,0,0,0,1,2,2,2,2,1,3,-4,1,0.0,0,1,-4,-4,4,12,13,4,59169,0,0
4010,1.0,-4,0,0,0,0,2,2,4,5,1,5,-4,0,,20,2,0,32750,6,16,15,4,40462,0,-2
4011,1.0,-4,0,0,0,0,2,2,1,2,1,3,-4,0,0.0,15,1,0,222500,4,14,14,4,97100,-5,-5
4012,1.0,200309,0,0,0,0,2,2,2,2,1,-4,-4,0,0.0,-4,2,0,34950,4,15,16,4,48170,0,0
4013,1.0,200305,0,0,0,1,2,2,2,1,1,-4,-4,0,0.0,-4,1,0,34950,4,15,16,4,82439,-5,-5
4014,0.0,199309,0,0,0,12,2,2,2,2,1,3,-4,0,0.0,3,1,0,38800,4,10,14,4,74589,0,0
4015,1.0,-4,0,40,1,11,2,1,5,1,1,-4,-4,1,0.0,-4,2,0,2590,5,14,13,4,50945,0,0
4016,0.0,199104,0,2,1,1,1,1,2,2,1,-2,-4,-3,0.0,25,1,0,5750,3,12,10,4,84179,0,0
4017,1.0,-4,0,0,0,2,2,2,1,1,1,-4,-4,1,0.0,-4,2,0,5750,3,12,10,4,86312,0,0
4018,1.0,-4,0,0,0,3,2,1,2,4,1,2,-4,0,0.0,0,2,-4,-4,4,12,14,4,68486,-5,-5
4019,1.0,-4,0,0,0,4,2,2,1,1,1,-4,-4,0,0.0,-4,2,0,16700,4,12,11,4,62473,0,0
4020,1.0,-4,0,0,0,3,2,1,4,4,1,4,-4,0,0.0,50,2,0,84500,4,12,13,4,-4,0,0
4021,0.0,199203,0,0,0,2,2,2,4,4,2,4,-4,0,0.0,30,1,-4,-4,4,12,12,4,51512,0,0
4022,1.0,199805,0,2,0,4,2,1,4,1,1,-4,-4,0,0.0,-4,2,0,103401,2,-4,-4,4,89509,0,0
4023,1.0,-4,0,0,0,3,2,1,2,1,1,-4,-4,0,0.0,-4,2,0,96000,6,14,14,4,71064,-5,-5
4024,1.0,-4,0,0,0,20,2,2,5,4,3,-4,-4,0,0.0,-4,2,0,588000,4,15,13,1,55552,0,0
4025,0.0,-4,0,1,0,3,2,3,4,2,2,3,-4,1,0.0,-4,1,0,-3,3,12,12,4,30962,0,0
4026,1.0,199808,0,0,0,6,2,4,3,4,1,4,-4,0,0.0,50,2,0,63500,2,16,16,4,82367,0,0
4027,1.0,-4,0,7,0,0,1,3,4,4,2,3,-4,1,0.0,-4,2,0,196000,4,-3,-3,4,-4,0,0
4028,1.0,200607,0,0,0,12,3,2,4,3,1,3,-4,0,0.0,50,2,0,163000,6,17,16,4,67295,0,0
4029,1.0,200806,0,50,5,4,1,1,3,1,1,-4,-4,1,0.0,-4,1,0,163000,6,12,16,4,29708,-5,-5
4030,1.0,199009,1,2,1,7,2,1,2,2,2,1,-4,1,1.0,50,1,0,99312,5,12,12,4,61733,0,-2
4031,0.0,200505,0,1,0,1,2,3,4,3,2,3,-4,0,1.0,50,1,0,26250,3,12,12,4,37429,0,0
4032,1.0,-4,0,0,0,2,2,3,4,4,1,4,-4,0,0.0,5,2,-4,-4,4,-3,16,4,79132,0,-4
4033,1.0,199501,2,0,0,2,2,2,3,2,1,1,-4,1,0.0,30,1,-4,-4,4,-3,16,4,47261,0,-4
4034,1.0,-4,0,0,0,0,2,1,4,3,2,3,-4,0,0.0,0,2,0,100200,3,14,14,4,76785,0,0
4035,0.0,199607,3,4,0,3,2,3,3,4,1,2,-4,0,0.0,0,2,0,106500,4,12,9,4,16520,0,0
4036,0.0,200006,0,0,0,4,2,2,4,2,1,-4,-4,0,,-4,2,0,106500,4,12,9,4,17482,-5,-5
4037,0.0,200401,0,0,0,2,2,2,3,2,2,2,-4,0,0.0,5,1,0,154000,5,13,12,4,50927,0,0
4038,1.0,-4,0,0,0,0,2,2,3,3,1,-4,-4,0,0.0,-4,1,0,89500,4,-4,12,4,60022,0,0
4039,1.0,-4,0,0,0,3,2,4,5,5,3,-4,-4,0,0.0,-4,2,0,37500,2,-3,16,1,57287,-5,-5
4040,1.0,-4,0,0,0,10,2,3,3,3,3,-4,-4,0,0.0,-4,2,0,161000,6,12,12,4,98952,-5,-5
4041,1.0,-4,0,5,0,15,2,1,2,1,1,-4,-4,0,0.0,-4,1,0,161000,6,12,12,4,82357,0,0
4042,1.0,-4,0,0,0,6,2,3,4,4,1,4,-4,0,0.0,25,2,0,168500,5,12,12,4,74997,-5,-5
4043,0.0,200605,2,0,2,1,2,1,3,3,3,3,-4,0,,50,1,0,9755,4,10,-3,4,12203,-5,-5
4044,0.0,199401,-3,0,10,22,4,4,2,3,4,-4,-4,1,,-4,1,0,9755,4,12,12,4,17032,-5,-5
4045,0.0,-4,0,2,0,10,1,1,1,1,1,-4,-4,0,0.0,-4,1,1,7750,2,16,12,4,-4,-2,0
4046,0.0,200007,0,0,0,2,2,2,3,4,2,4,-4,0,1.0,50,2,0,7156,4,12,17,1,23807,0,0
4047,1.0,200209,0,1,0,3,2,3,1,1,1,-4,-4,0,0.0,-4,2,0,7156,4,12,17,1,25528,0,0
4048,0.0,-3,1,0,1,15,2,4,5,5,3,3,-4,1,1.0,75,1,0,27659,5,10,12,4,297,-5,-5
4049,1.0,-4,0,0,0,3,1,1,2,1,1,1,-4,0,0.0,-1,2,0,-3,4,12,12,4,56619,0,0
4050,1.0,200203,0,0,0,2,2,2,2,1,1,1,-4,1,0.0,15,1,0,18750,5,12,12,4,83346,-5,-5
4051,0.0,-4,0,0,1,3,2,2,1,1,1,1,-4,0,0.0,3,1,0,18750,5,12,12,4,27025,0,0
4052,0.0,199608,0,0,0,6,2,4,4,3,1,4,-4,1,,0,2,0,20800,3,8,9,4,26620,0,1
4053,1.0,-4,0,0,0,0,1,1,3,3,3,2,-4,0,0.0,0,2,0,1600,5,-3,-3,4,95875,0,0
4054,1.0,200503,0,0,0,9,2,2,2,2,1,1,-4,1,0.0,25,1,0,13100,6,6,13,2,38105,0,0
4055,0.0,-4,0,0,0,3,3,4,4,4,3,2,-4,0,0.0,-4,2,0,13100,6,6,13,2,22344,0,0
4056,0.0,200003,5,0,1,0,2,4,1,1,1,1,-4,0,0.0,-4,1,-4,-4,4,-4,11,4,-4,-5,-5
4057,0.0,-4,0,99,0,0,2,2,4,2,2,4,-4,1,,0,1,0,61000,5,12,12,4,58151,0,0
4058,1.0,-4,0,0,0,0,2,2,3,2,2,-4,-4,0,0.0,-4,2,0,61000,5,12,12,2,45178,0,0
4059,0.0,200011,0,1,0,10,2,2,3,3,3,-4,-4,1,0.0,-4,1,0,94500,3,9,10,4,20201,0,0
4060,0.0,-4,0,0,0,10,2,3,2,1,1,-4,-4,0,0.0,-4,2,0,-487000,2,12,11,4,23440,0,1
4061,0.0,199908,0,0,0,10,2,2,3,3,2,3,-4,0,0.0,0,2,0,27000,6,-4,-4,4,51869,0,0
4062,1.0,-4,0,0,0,0,2,2,3,3,1,3,-4,1,1.0,0,2,0,17000,5,15,12,4,97934,0,0
4063,0.0,199609,1,0,1,5,2,2,4,4,3,4,-4,0,0.0,20,1,-4,-4,2,12,12,1,63423,0,0
4064,1.0,-4,0,5,0,2,2,3,4,2,1,2,-4,0,0.0,10,1,0,98400,3,16,14,4,86453,0,0
4065,0.0,199905,0,1,0,6,2,2,3,4,1,3,-4,0,0.0,30,1,-4,-4,7,12,12,4,77986,-5,-5
4066,0.0,199904,0,0,0,7,3,3,3,2,3,2,-4,0,0.0,-4,1,0,5300,7,12,12,4,2659,0,0
4067,0.0,200509,1,0,0,8,2,2,2,2,1,-4,-4,0,0.0,-4,2,0,5300,7,12,12,4,81606,-5,-5
4068,0.0,-4,0,0,1,3,1,3,4,4,1,5,-4,0,1.0,0,1,-4,-4,3,12,11,1,-4,-5,-5
4069,0.0,199305,0,0,0,3,2,2,3,1,1,-4,-4,0,1.0,-4,2,-4,-4,3,12,11,1,2427,-5,-5
4070,1.0,-4,0,8,4,0,1,1,1,1,1,-4,-4,0,0.0,-4,1,0,-3,3,19,19,4,-4,0,0
4071,1.0,-4,0,0,0,5,2,1,2,1,1,-4,-4,1,0.0,-4,2,0,96700,5,13,14,4,48261,0,0
4072,0.0,-4,0,1,0,7,3,2,1,4,1,3,-4,1,0.0,15,1,0,8775,3,12,10,4,68505,0,-4
4073,1.0,202302,0,2,5,0,2,2,4,3,2,-4,-4,0,0.0,-4,1,0,19720,4,12,13,4,19289,0,0
4074,0.0,-4,0,1,0,6,2,2,4,2,1,-4,-4,1,0.0,-4,2,0,68750,4,10,12,4,66855,0,0
4075,0.0,201707,0,1,0,6,2,2,5,3,1,-4,-4,0,,-4,2,0,25000,4,10,10,4,82276,1,0
4076,0.0,-4,0,1,0,10,1,1,5,4,1,-4,-4,0,0.0,-4,2,0,25000,4,10,10,4,39257,1,0
4077,1.0,-4,0,0,0,3,2,3,3,1,2,-4,-4,0,0.0,-4,1,0,358701,3,16,16,4,3086,0,0
4078,0.0,-4,0,0,0,4,1,1,2,2,1,3,-4,0,0.0,0,2,0,16000,3,12,12,4,36106,0,0
4079,0.0,-4,0,0,3,2,2,1,1,1,1,-4,-4,0,1.0,-4,1,0,16000,3,12,12,4,13725,0,-4
4080,0.0,200602,0,0,0,4,2,3,4,4,2,3,-4,0,0.0,50,1,0,20500,4,16,14,2,62642,0,0
4081,1.0,-4,0,0,0,0,1,1,2,2,1,-4,-4,0,0.0,-4,2,0,-3,4,17,16,4,64508,0,0
4082,1.0,-4,0,0,0,2,3,4,4,2,1,-2,-4,0,,0,2,-4,-4,5,-4,10,1,-4,-5,-5
4083,1.0,-4,0,0,0,6,1,2,2,-2,-2,-4,-4,0,1.0,-4,2,-4,-4,5,-4,10,1,-4,-5,-5
4084,1.0,200209,0,0,0,7,2,2,2,1,2,-4,-4,0,0.0,-4,1,0,-7950,2,-4,7,2,71460,0,-4
4085,0.0,202002,0,6,4,4,3,3,4,1,3,5,-4,0,0.0,0,1,0,8450,3,14,14,4,-4,0,0
4086,0.0,200005,1,0,3,1,2,3,3,1,2,-4,-4,0,0.0,-4,1,0,-1900,6,-4,10,4,-4,0,-2
4087,1.0,-3,0,1,0,0,2,1,4,4,1,4,-4,0,0.0,10,1,0,-3,5,15,12,4,53215,0,0
4088,0.0,-4,0,0,0,20,2,2,4,3,3,4,-4,0,,25,2,0,-3,5,15,12,4,69965,-5,-5
4089,0.0,-4,0,0,0,10,2,3,-2,-2,2,4,-4,0,0.0,0,2,0,-3,5,12,12,1,18583,0,0
4090,1.0,-4,0,0,0,0,2,2,1,1,1,-4,-4,0,0.0,-4,2,0,-3,5,12,12,1,13411,0,0
4091,0.0,-4,0,0,0,7,4,3,2,1,5,-4,-4,0,0.0,-4,2,0,13850,4,-4,12,1,13573,0,0
4092,1.0,200205,0,4,4,16,3,2,3,1,3,-4,-4,1,0.0,-4,2,0,-3,4,-3,14,1,-4,0,0
4093,0.0,199609,1,0,0,-2,1,-2,3,4,2,-2,-4,0,,0,2,-4,-4,4,-4,-3,4,-4,0,1
4094,0.0,-4,0,0,0,15,1,2,3,2,2,-4,-4,1,0.0,-4,2,-4,-3,4,12,12,4,-4,0,0
4095,0.0,199603,6,2,6,14,2,3,4,2,1,3,-4,0,0.0,25,1,0,600000,3,-3,-4,4,-4,0,0
4096,0.0,199905,0,0,0,4,1,2,2,1,1,-4,-4,1,0.0,-4,1,0,600000,3,-3,-4,4,-4,-5,-5
4097,1.0,-4,0,0,0,2,2,2,2,2,1,-4,-4,0,0.0,-4,1,0,145501,4,17,16,4,56876,0,0
4098,1.0,-4,0,4,0,4,2,4,4,4,3,4,-4,0,0.0,25,2,0,-3,4,12,12,4,34454,0,0
4099,1.0,-4,0,0,0,4,2,2,3,3,2,3,-4,0,0.0,5,2,0,-3,4,-3,-3,4,82012,0,0
4100,1.0,-4,0,0,0,2,2,3,2,-2,2,-4,-4,0,0.0,-4,1,0,-3,4,-3,-3,4,84504,0,0
4101,1.0,-4,0,2,0,5,2,2,2,1,1,-4,-4,1,0.0,-4,1,0,-3,3,16,16,4,92602,0,0
4102,1.0,200604,0,1,0,16,2,2,3,3,2,2,-4,1,,0,2,0,-3,3,-3,-3,4,-4,-5,-5
4103,1.0,-4,0,0,0,6,2,2,4,4,2,3,-4,0,0.0,0,2,0,-3,5,16,16,2,14488,0,0
4104,1.0,-4,0,0,0,11,1,1,2,1,1,-4,-4,0,0.0,-4,2,0,-3,5,16,16,4,33198,0,0
4105,1.0,201204,0,7,0,3,2,3,3,3,2,4,-4,0,0.0,0,2,0,50400,3,14,16,4,28184,-5,-5
4106,0.0,-4,0,0,0,5,2,2,3,1,1,-4,-4,0,1.0,-4,1,0,-60499,4,18,12,4,1343,-5,-5
4107,1.0,-4,0,10,1,5,2,2,2,1,2,-4,-4,0,0.0,-4,1,0,-60499,4,18,12,4,-4,0,0
4108,1.0,-4,0,15,0,5,2,3,4,3,1,3,-4,0,,5,1,0,-3,2,-4,12,4,58604,0,0
4109,1.0,-4,0,0,0,4,2,1,2,1,1,-4,-4,0,0.0,-4,1,0,27500,4,14,12,4,74177,0,0
4110,1.0,-4,0,0,0,0,2,2,3,1,2,1,-4,1,1.0,0,1,0,-3,4,16,-3,4,37059,0,0
4111,1.0,-4,0,1,0,12,2,2,3,2,1,-4,-4,0,0.0,-4,2,0,-3,4,16,-3,4,85124,0,0
4112,1.0,-4,0,0,0,2,2,2,2,2,1,1,-4,0,,10,1,0,-3,4,20,18,4,83625,-5,-5
4113,1.0,-4,0,0,0,3,2,2,2,2,1,-4,-4,0,,-4,1,0,-3,4,20,18,4,98828,-5,-5
4114,1.0,-4,0,0,0,3,2,1,2,2,1,1,-4,0,,-4,2,0,102000,2,-4,12,4,91409,-5,-5
4115,0.0,-4,0,0,0,5,2,2,4,5,1,2,-4,0,0.0,50,2,0,1750,4,-4,11,2,10179,0,0
4116,1.0,-4,0,0,0,4,2,2,3,2,1,2,-4,0,0.0,-4,2,0,62500,4,-4,12,4,21864,-5,-5
4117,0.0,199602,0,5,2,0,3,3,4,3,3,4,-4,1,,50,2,-4,-4,3,8,9,4,5124,-5,-5
4118,1.0,-4,0,0,0,4,1,2,2,2,1,2,-4,0,1.0,20,2,0,12850,3,12,14,4,82821,0,0
4119,0.0,200112,4,0,4,4,3,2,4,3,1,2,-4,0,,25,1,0,-3,6,10,11,4,2045,0,0
4120,0.0,199706,0,0,0,4,2,3,2,4,1,3,-4,0,0.0,0,1,0,33000,6,7,10,4,49276,0,0
4121,0.0,199802,1,1,1,4,2,2,3,2,2,3,-4,0,,-4,1,0,33000,6,7,10,4,18130,0,0
4122,0.0,200709,0,0,0,7,2,3,4,5,2,4,-4,0,0.0,50,2,0,36040,4,11,12,4,16576,-2,0
4123,0.0,199905,1,0,0,5,2,2,2,4,1,3,-4,0,0.0,50,1,0,8799,4,-4,12,2,21256,0,0
4124,1.0,200011,0,0,0,5,2,3,4,3,2,-4,-4,0,0.0,-4,2,0,8799,4,-4,12,2,67148,0,0
4125,0.0,200205,4,0,0,4,2,2,3,3,2,-2,-4,0,0.0,5,1,1,1255,10,-4,6,2,72609,0,0
4126,0.0,200712,0,1,0,5,2,3,3,4,1,-4,-4,0,1.0,-4,1,1,1255,10,-4,6,2,58523,0,0
4127,0.0,-4,0,0,0,1,2,2,1,1,1,-4,-4,0,,-4,2,1,1255,10,-4,6,2,12089,0,-2
4128,1.0,-4,0,0,0,9,2,2,1,1,2,-4,-4,0,0.0,-4,1,0,5750,6,12,14,4,68903,0,0
4129,0.0,200405,0,1,0,2,2,2,2,1,1,-4,-4,0,0.0,-4,1,0,1770,3,12,10,4,73727,0,0
4130,0.0,-4,0,0,0,0,1,2,1,1,1,-4,-4,0,0.0,-4,2,0,-3,3,12,12,4,52186,-5,-5
4131,1.0,199807,0,1,0,3,2,3,3,3,1,3,-4,0,0.0,1,1,0,50500,6,-3,12,4,90137,0,0
4132,1.0,-4,0,0,0,3,2,1,3,3,1,-4,-4,0,0.0,-4,2,0,50500,6,12,12,4,82539,0,0
4133,1.0,-4,0,0,0,1,2,1,1,1,1,-4,-4,0,0.0,-4,1,0,50500,6,12,-3,4,48252,0,0
4134,1.0,-4,0,0,0,0,1,1,1,1,1,-4,-4,0,0.0,-4,1,0,106650,5,12,12,4,56414,-5,-5
4135,1.0,-4,0,0,0,3,2,2,1,1,1,-4,-4,0,0.0,-4,2,0,106650,5,12,12,4,24785,0,0
4136,1.0,-4,0,0,0,0,1,3,2,2,1,2,-4,0,0.0,10,2,0,268500,5,14,16,4,98875,0,0
4137,1.0,-4,0,0,0,1,2,2,1,1,1,-4,-4,0,0.0,-4,2,0,268500,5,14,16,4,96547,0,0
4138,1.0,-4,0,0,0,0,2,2,1,1,1,1,-4,0,0.0,1,2,0,66300,5,16,12,4,94200,0,0
4139,1.0,-4,0,0,0,0,2,1,1,1,1,-4,-4,0,0.0,-4,1,0,66300,5,16,12,4,82978,0,0
4140,0.0,200108,0,10,1,2,2,3,4,1,1,-4,-4,0,0.0,-4,2,0,56400,4,14,18,4,77743,0,0
4141,1.0,-4,0,0,0,3,1,1,2,1,1,1,-4,0,0.0,20,2,0,34500,5,12,13,4,83171,0,0
4142,0.0,-4,0,0,0,5,1,1,1,1,2,-4,-4,0,0.0,-4,1,0,34500,5,12,13,4,46625,0,0
4143,1.0,-4,0,0,0,6,2,2,2,2,1,-4,-4,0,0.0,-4,2,0,71000,5,12,12,4,32394,0,0
4144,0.0,200802,1,0,0,0,2,2,5,5,-2,-2,-4,0,0.0,0,1,0,535200,5,-4,-4,4,41136,0,0
4145,1.0,-4,0,0,0,0,1,1,1,1,1,-4,-4,0,0.0,-4,2,0,535200,5,12,18,4,81706,0,0
4146,1.0,-4,0,0,0,2,2,2,2,2,1,3,-4,0,0.0,0,2,1,11814,3,12,10,2,97782,-5,-5
4147,1.0,-4,0,0,0,0,2,2,2,1,1,3,-4,0,0.0,5,2,1,11814,3,12,10,2,99053,0,0
4148,1.0,-4,0,16,1,11,4,3,5,5,1,3,-4,1,0.0,-4,2,0,98000,4,13,7,4,12912,0,0
4149,1.0,-4,0,-4,-4,-4,2,2,1,1,1,1,-4,0,,10,1,0,-3,5,14,12,4,79078,0,0
4150,0.0,-4,0,-4,-4,-4,1,1,1,1,1,1,-4,0,,0,1,0,-3,5,14,12,4,86795,-5,-5
4151,1.0,-4,0,-4,-4,-4,1,1,1,1,1,-4,-4,0,0.0,-4,2,0,-3,5,14,12,4,38772,-5,-5
4152,1.0,-4,0,0,0,5,1,2,3,2,1,-4,-4,0,,-4,1,0,-3,6,12,12,4,46165,0,0
4153,1.0,-4,0,0,1,4,2,2,1,1,1,-4,-4,0,,-4,1,0,-3,6,12,12,4,66179,0,0
4154,1.0,-4,0,0,0,0,2,2,3,3,1,2,-4,0,,0,1,-4,-4,4,14,12,4,-4,0,0
4155,0.0,201712,0,0,0,1,2,3,2,3,1,-4,-4,0,,-4,1,-4,-4,4,14,12,4,-4,0,0
4156,1.0,200207,0,0,1,2,2,1,1,1,1,-4,-4,0,,-4,1,0,-3,3,12,12,4,41165,0,0
4157,1.0,-4,0,0,0,1,2,4,4,4,2,2,-4,0,,15,2,0,81500,5,12,12,4,63163,-5,-5
4158,1.0,-4,0,0,0,0,2,2,2,2,1,-4,-4,1,0.0,-4,1,0,163200,4,18,16,4,99339,0,0
4159,1.0,-4,0,0,0,3,2,2,2,2,1,1,-4,1,0.0,-4,2,0,-3,4,18,16,4,88666,0,0
4160,1.0,-4,0,2,0,-2,2,2,3,3,1,3,-4,0,0.0,5,1,0,-3,5,19,16,4,89615,0,0
4161,1.0,201110,0,0,0,3,2,2,2,1,2,-4,-4,0,0.0,-4,1,0,-3,5,19,16,4,67207,0,0
4162,1.0,-4,0,0,2,5,2,1,2,1,1,-4,-4,0,0.0,-4,1,0,357500,3,16,16,4,60285,-5,-5
4163,1.0,200111,0,-4,-4,-4,-4,-4,1,1,1,-2,-4,0,1.0,0,2,0,-3,5,16,16,4,71629,0,0
4164,0.0,-4,0,0,0,1,1,1,1,1,1,1,-4,0,,0,2,0,-3,5,16,16,4,95567,-5,-5
4165,0.0,200208,1,0,1,3,1,2,1,2,1,-4,-4,0,0.0,-4,1,0,7050,5,12,14,4,91813,0,0
4166,0.0,200211,1,0,1,0,3,1,1,1,1,-4,-4,0,0.0,-4,1,0,7050,5,12,14,4,41066,0,0
4167,0.0,-4,0,0,0,1,2,2,1,1,1,-4,-4,0,1.0,-4,2,0,96000,4,9,12,2,8527,0,0
4168,1.0,-4,0,2,0,5,2,3,1,1,1,-4,-4,1,0.0,-4,1,0,7100,3,12,12,1,18531,0,0
4169,1.0,-4,0,0,0,0,2,2,2,2,1,4,-4,0,,0,2,0,-3,3,-3,12,1,31138,0,-2
4170,0.0,-4,0,0,0,7,2,2,2,3,1,3,-4,0,0.0,0,2,0,10000,5,12,11,1,2658,0,0
4171,1.0,200007,0,5,0,6,2,2,3,4,2,3,-4,1,0.0,-4,1,0,10000,5,12,11,1,8254,0,0
4172,0.0,199201,5,1,0,5,3,3,5,3,1,4,-4,0,0.0,5,1,0,26300,6,12,-3,2,6737,0,0
4173,0.0,199602,3,0,0,20,2,3,3,1,1,-4,-4,0,0.0,-4,1,0,26300,6,12,-3,2,18897,-5,-5
4174,1.0,200207,0,0,0,3,2,2,2,2,1,3,-4,1,0.0,10,2,0,2250,4,12,12,1,26289,0,1
4175,1.0,-4,0,1,1,3,2,2,2,2,2,-4,-4,1,1.0,-4,2,0,2250,4,12,12,1,36402,0,0
4176,1.0,-4,0,0,0,2,3,2,3,3,3,4,-4,1,,0,1,0,3750,5,12,13,1,5465,0,0
4177,1.0,200512,0,0,0,5,2,1,3,4,5,5,-4,0,0.0,-4,2,0,3750,5,12,13,1,35117,0,0
4178,0.0,-4,0,0,0,3,1,1,2,2,2,-4,-4,0,0.0,-4,2,0,3750,5,12,13,1,23471,0,0
4179,0.0,202303,0,0,0,40,2,2,3,2,1,3,-4,0,1.0,50,1,0,4350,4,-4,10,1,8033,0,0
4180,0.0,200205,5,-4,-4,-4,4,4,4,5,1,-2,-4,0,0.0,50,1,1,226250,10,12,12,4,20441,0,0
4181,0.0,199706,1,0,0,15,1,2,2,1,1,-4,-4,-2,0.0,-4,1,1,226250,10,12,12,4,33030,0,0
4182,0.0,201104,1,0,0,15,3,3,4,3,1,2,-4,0,0.0,20,2,1,500,5,-3,10,2,30471,0,-4
4183,0.0,-4,0,0,0,-2,2,2,1,1,1,-4,-4,0,0.0,-4,2,1,500,5,-3,10,2,15160,0,-4
4184,0.0,200309,0,0,0,-2,3,2,2,1,3,-4,-4,0,0.0,-4,1,1,500,5,-3,10,2,1859,0,-4
4185,0.0,-4,0,2,0,5,2,3,5,5,1,5,-4,1,0.0,0,2,0,-3,5,-3,12,1,6846,0,0
4186,0.0,-4,0,0,1,1,2,2,2,1,1,-4,-4,0,0.0,-4,2,0,12850,6,16,14,4,52831,0,0
4187,0.0,-4,0,5,2,12,2,3,4,3,1,3,-4,0,,75,1,0,130500,5,12,12,4,71638,-5,-5
4188,0.0,-4,0,0,0,5,2,2,4,2,1,3,-4,0,,-4,1,0,130500,5,12,12,4,65183,-5,-5
4189,0.0,-4,0,2,1,4,2,1,2,1,1,-4,-4,0,,-4,1,0,119700,3,10,11,4,-4,-5,-5
4190,0.0,-4,0,0,0,2,2,3,2,3,2,2,-4,0,1.0,0,1,0,367001,4,12,13,4,42407,0,0
4191,1.0,-4,0,0,0,5,2,3,4,4,2,3,-4,0,1.0,-4,2,0,367001,4,12,13,4,53321,0,0
4192,0.0,200510,0,0,1,5,2,3,3,4,2,4,-4,0,,50,1,1,3750,4,10,12,2,33964,0,1
4193,1.0,201009,0,0,0,2,1,2,2,1,3,-4,-4,0,0.0,-4,1,1,3750,4,10,12,2,43811,-2,1
4194,0.0,-4,0,0,1,20,2,1,4,2,3,2,-4,0,0.0,0,2,0,25000,5,7,8,2,47702,0,0
4195,0.0,-4,0,0,0,5,2,2,3,3,2,4,-4,0,,0,2,0,1750,6,-3,10,2,6311,0,-2
4196,0.0,199705,1,0,1,1,2,3,-2,-2,1,-4,-4,0,0.0,-4,1,0,1750,6,-3,10,2,11862,-5,-5
4197,0.0,-4,0,0,0,9,2,2,2,2,2,-4,-4,0,0.0,-4,2,0,1750,6,-3,10,2,16366,0,0
4198,1.0,-4,0,0,0,3,3,1,1,1,1,-4,-4,0,0.0,-4,1,0,155350,4,16,12,4,68961,0,0
4199,0.0,-4,0,17,0,2,1,1,2,1,1,-4,-4,0,0.0,-4,1,0,5600,3,12,12,4,93102,0,0
4200,0.0,199811,0,0,0,4,2,1,4,3,2,-4,-4,0,0.0,-4,2,0,60750,2,11,12,4,32081,-5,-5
4201,0.0,200909,0,0,0,0,2,2,4,2,5,-4,-4,1,0.0,-4,2,0,63375,4,14,12,4,10615,0,0
4202,0.0,199608,0,10,2,5,2,3,1,2,1,-4,-4,1,0.0,-4,1,0,63375,4,14,12,4,79171,0,0
4203,1.0,-4,0,2,0,3,2,3,4,3,1,3,-4,0,0.0,25,2,0,-3,4,18,14,4,55805,0,0
4204,1.0,200510,0,0,0,1,2,2,1,1,2,-4,-4,0,0.0,-4,1,0,126400,5,12,12,4,74215,0,0
4205,1.0,200602,0,0,0,5,2,2,1,1,1,-4,-4,0,0.0,-4,1,0,33550,4,16,16,4,57236,0,0
4206,1.0,-4,0,0,0,25,2,3,3,4,1,4,-4,0,0.0,5,2,0,112000,2,14,14,4,85890,0,0
4207,1.0,-4,0,0,0,5,2,2,3,2,2,-4,-4,1,1.0,-4,2,0,516900,6,18,16,4,78440,0,0
4208,0.0,200310,0,2,0,4,2,2,1,1,1,-4,-4,0,0.0,-4,1,0,516900,6,18,16,4,93318,0,0
4209,0.0,-4,0,0,0,3,2,2,3,2,3,3,-4,0,0.0,0,1,0,10500,3,12,12,1,1446,0,0
4210,1.0,199503,0,0,0,3,2,2,4,4,2,4,-4,0,0.0,25,2,0,47250,3,10,12,1,45618,0,0
4211,0.0,201006,1,-4,-4,-4,2,2,3,5,4,4,-4,0,0.0,25,1,-4,-4,6,9,12,2,39319,-5,-5
4212,0.0,200808,0,0,0,6,2,2,3,3,1,3,-4,0,0.0,0,2,0,70000,6,12,10,2,-4,0,0
4213,1.0,-4,0,0,0,3,2,1,1,1,1,2,-4,0,0.0,-4,2,0,-3,4,14,12,1,77360,0,0
4214,1.0,199805,0,0,0,1,1,2,1,1,1,-4,-4,0,0.0,-4,1,0,600000,4,16,14,4,90887,-5,-5
4215,1.0,199607,0,0,0,26,4,4,3,2,2,3,-4,1,0.0,-4,2,0,-3,2,13,15,4,75294,0,0
4216,1.0,-4,0,0,0,3,2,2,4,3,3,3,-4,0,,50,2,0,63750,4,12,12,4,48357,0,0
4217,1.0,-4,0,0,0,5,1,2,3,2,2,-4,-4,0,0.0,-4,1,0,63750,4,12,12,4,84093,0,0
4218,0.0,199602,2,1,0,12,2,3,5,4,3,3,-4,-3,1.0,30,2,0,24200,3,12,12,4,-4,0,0
4219,1.0,-4,0,0,0,8,2,3,2,1,1,2,-4,0,0.0,10,2,0,-3,3,14,14,4,83503,0,0
4220,1.0,199611,0,3,3,30,2,4,5,5,4,5,-4,1,0.0,50,2,-4,-4,4,9,12,1,20648,0,0
4221,0.0,200207,1,0,1,21,1,4,1,1,1,-4,-4,0,0.0,-4,1,0,3750,3,-3,14,1,42776,-5,-5
4222,1.0,-4,0,0,0,6,2,2,2,1,1,2,-4,0,0.0,-4,1,1,-1500,6,12,13,1,-4,0,0
4223,1.0,-4,0,0,1,6,2,2,3,1,1,-4,-4,0,0.0,-4,2,1,-1500,6,12,13,1,-4,0,0
4224,0.0,-4,0,2,0,6,2,3,4,2,2,4,-4,1,,0,2,0,10750,3,-3,9,1,5697,0,0
4225,0.0,-4,0,0,2,0,1,3,4,5,2,5,-4,0,,0,1,-4,-4,6,12,11,1,-4,-5,-5
4226,0.0,199501,0,0,0,0,2,2,4,1,2,1,-4,0,0.0,90,1,-4,-4,6,12,11,1,-4,0,0
4227,0.0,199606,0,0,0,4,2,3,-2,-2,-2,-4,-4,0,0.0,-4,2,-4,-4,6,12,11,1,-4,0,0
4228,0.0,199804,2,0,2,5,2,2,3,2,1,5,-4,0,,20,1,0,-3,4,12,14,1,-4,0,0
4229,1.0,-4,0,3,0,3,1,2,1,1,1,-4,-4,0,0.0,-4,2,0,250500,3,4,16,4,51116,0,0
4230,0.0,199504,0,0,0,0,2,2,5,5,1,3,-4,0,,50,1,-4,-4,6,-4,-4,1,-4,-5,-5
4231,,-4,0,0,0,0,1,2,4,4,1,3,-4,0,,50,2,1,-3,6,-4,-4,1,-4,-5,-5
4232,,-4,0,5,3,0,2,3,4,2,2,-4,-4,0,,-4,1,1,-3,6,-4,-4,1,-4,-5,-5
4233,,-4,0,0,0,0,2,3,5,3,2,3,-4,0,,-4,1,-4,-4,7,14,12,4,-4,-5,-5
4234,0.0,200911,0,1,0,38,2,2,5,1,2,-4,-4,0,0.0,-4,2,-4,-4,7,14,12,4,-4,-5,-5
4235,1.0,200412,0,5,0,8,2,4,3,2,4,3,-4,0,1.0,0,2,0,167500,4,14,10,1,45565,0,0
4236,0.0,-4,0,0,0,12,2,1,5,3,3,-4,-4,0,0.0,-4,2,0,3750,3,-3,14,1,61967,0,0
4237,0.0,200304,0,0,0,10,2,2,4,3,2,-4,-4,0,0.0,-4,1,0,3750,3,-3,14,1,30889,0,0
4238,1.0,-4,0,0,0,0,2,2,5,4,2,-4,-4,1,0.0,-4,2,0,3750,2,12,12,1,-4,0,0
4239,1.0,-4,0,1,0,2,1,2,1,1,1,-4,-4,0,0.0,-4,1,0,25500,4,12,16,2,81571,0,0
4240,1.0,201809,0,0,0,6,1,1,1,1,1,-4,-4,1,0.0,-4,1,0,61081,4,-4,14,2,37832,0,-4
4241,1.0,-4,0,0,0,2,1,1,1,1,1,-4,-4,0,0.0,-4,2,0,23750,5,12,12,1,-4,0,0
4242,0.0,201108,0,0,1,0,2,2,1,1,1,-4,-4,1,,-4,2,0,23750,5,13,10,1,-4,0,0
4243,0.0,199704,2,0,0,20,1,1,4,2,2,5,-4,0,,10,1,0,48001,4,-4,12,4,-4,0,-4
4244,0.0,-4,0,3,0,2,2,2,3,2,4,-4,-4,1,,-4,1,0,48001,4,-4,12,4,-4,0,1
4245,0.0,-4,0,0,1,17,2,2,4,2,3,5,-4,0,0.0,0,1,0,53500,4,12,12,1,4360,1,0
4246,1.0,-4,0,0,0,8,2,3,2,1,3,-4,-4,0,0.0,-4,2,0,53500,4,12,12,1,25950,0,0
4247,0.0,199901,0,3,1,10,2,3,3,1,3,4,-4,0,,40,1,0,7500,9,12,11,1,17715,0,-2
4248,0.0,-4,0,0,0,8,4,3,5,3,1,4,-4,0,0.0,0,2,0,52800,3,10,12,4,25468,0,0
4249,1.0,-4,0,0,0,10,3,2,5,5,2,4,-4,1,0.0,0,2,0,-46050,3,14,10,4,-4,0,1
4250,0.0,199703,1,0,0,5,2,2,5,5,1,4,-4,0,,50,2,0,85900,5,-3,11,4,3172,-5,-5
4251,0.0,200307,1,3,0,15,2,2,2,1,1,-4,-4,1,,-4,1,0,85900,5,-3,11,4,9832,-5,-5
4252,1.0,-4,0,0,2,2,1,1,1,1,1,-4,-4,1,0.0,-4,1,1,48398,4,12,12,4,28048,0,0
4253,0.0,-4,0,0,0,5,2,2,4,2,1,5,-4,0,0.0,10,2,0,49810,3,5,11,4,14982,0,0
4254,1.0,-4,0,0,0,3,2,3,5,4,2,4,-4,0,0.0,-4,2,0,-3,3,11,12,4,84416,0,1
4255,0.0,200812,1,0,0,5,2,2,2,4,1,2,-4,1,1.0,75,2,-4,-4,6,12,14,4,15771,-5,-5
4256,1.0,201604,0,0,0,2,2,1,2,2,1,-4,-4,0,0.0,-4,1,0,-3,3,16,18,4,96532,0,0
4257,0.0,-4,0,0,0,3,2,2,2,2,1,3,-4,1,0.0,0,2,0,255800,5,12,-3,4,23265,0,0
4258,0.0,200707,1,2,0,9,1,2,5,5,3,5,-4,1,1.0,0,1,0,255800,5,12,-3,4,3895,0,0
4259,1.0,199702,0,10,0,7,2,2,4,4,2,5,-4,1,0.0,0,1,0,41500,3,12,12,4,79253,0,0
4260,1.0,200405,1,0,0,5,2,2,3,3,2,3,-4,0,0.0,15,2,0,24000,2,-3,12,4,96279,-5,-5
4261,1.0,200906,0,0,0,2,2,2,2,-2,1,-4,-4,0,1.0,-4,1,-4,-4,4,12,5,2,4063,0,0
4262,0.0,199510,2,-4,-4,-4,3,3,3,3,1,3,-4,0,,50,2,0,-3900,3,-3,9,2,20329,-5,-5
4263,1.0,-4,0,0,0,3,1,1,2,2,1,3,-4,0,0.0,0,1,0,436500,4,13,14,2,82532,0,0
4264,1.0,-4,0,0,0,6,2,1,2,1,1,-4,-4,0,0.0,-4,2,0,436500,4,13,14,2,96218,0,0
4265,1.0,-4,0,0,0,5,1,2,3,4,1,2,-4,0,0.0,0,1,0,69500,3,17,16,4,95219,0,0
4266,1.0,-4,0,0,0,5,2,3,3,1,1,-4,-4,0,0.0,-4,1,0,-3,3,14,12,2,78622,0,0
4267,1.0,-4,0,0,0,0,2,3,3,2,1,3,-4,0,,10,1,0,105500,3,12,12,4,82850,-5,-5
4268,0.0,200411,0,1,0,2,2,2,1,1,1,-4,-4,0,0.0,-4,1,-4,-4,3,13,9,4,20743,0,0
4269,1.0,201007,0,0,1,6,2,2,2,2,1,-4,-4,0,0.0,-4,1,0,-3,5,-3,17,4,36625,0,0
4270,0.0,-4,0,1,1,2,4,3,4,2,2,5,-4,0,,50,1,0,7500,4,12,12,2,28173,0,1
4271,0.0,199607,1,0,0,5,3,1,5,5,4,3,-4,1,1.0,0,2,0,7500,4,12,12,2,41647,0,-4
4272,1.0,-4,0,0,0,7,2,3,3,3,1,3,-4,0,0.0,5,2,0,81500,4,-3,16,4,24721,0,0
4273,1.0,-4,0,1,0,10,2,4,5,4,1,5,-4,0,0.0,50,2,0,81500,4,-3,16,4,73963,-5,-5
4274,0.0,-4,0,1,0,3,1,2,2,2,1,-4,-4,0,,-4,1,0,81500,4,-3,16,4,42261,0,0
4275,0.0,202109,0,0,0,1,2,2,4,1,3,-4,-4,0,0.0,-4,1,0,48000,4,12,12,4,29818,0,0
4276,0.0,-4,0,0,0,1,2,4,5,2,4,5,-4,0,1.0,50,2,0,74300,6,11,11,4,-4,0,0
4277,1.0,-4,0,0,0,0,2,2,4,2,1,1,-4,0,0.0,0,1,0,107500,5,-4,12,4,83831,-5,-5
4278,1.0,-4,0,0,0,0,2,2,2,1,1,-4,-4,0,0.0,-4,1,0,107500,5,-4,12,4,89587,-5,-5
4279,1.0,-4,0,0,0,0,2,3,3,1,1,2,-4,0,1.0,10,1,0,16350,6,14,12,3,93614,0,0
4280,1.0,-4,0,0,0,0,1,1,1,1,1,-4,-4,0,0.0,-4,1,0,16350,6,14,12,3,52248,0,0
4281,1.0,-4,0,0,0,2,1,2,2,2,1,-4,-4,0,0.0,-4,2,0,-3,4,16,16,4,56454,0,0
4282,1.0,-4,0,0,0,1,2,1,1,1,1,-4,-4,0,0.0,-4,2,0,346001,4,18,16,4,88120,0,0
4283,1.0,199711,0,0,0,23,2,1,3,2,2,-4,-4,0,0.0,-4,2,0,-3,4,12,12,2,55597,0,0
4284,0.0,200407,1,1,0,4,3,2,3,4,4,4,-4,0,,0,1,0,56100,4,14,12,2,11863,0,0
4285,1.0,199902,0,0,0,7,2,2,4,4,4,5,-4,1,0.0,0,1,0,56100,4,14,12,2,11482,0,0
4286,1.0,199810,0,0,0,3,2,2,4,3,2,4,-4,0,0.0,25,1,0,166500,4,12,13,4,75714,0,0
4287,1.0,-4,0,0,0,8,2,2,2,2,1,-4,-4,0,0.0,-4,2,0,166500,4,12,13,4,90384,0,0
4288,1.0,-4,0,0,0,3,2,4,3,3,1,3,-4,0,0.0,-4,1,0,27000,5,18,14,4,81259,0,0
4289,1.0,-4,0,0,0,4,1,2,3,1,1,-4,-4,0,0.0,-4,1,-4,-4,4,12,16,2,-4,0,0
4290,1.0,199911,0,0,0,0,2,2,4,3,3,3,-4,0,0.0,30,2,0,76500,5,16,14,4,76579,0,0
4291,0.0,199702,1,1,0,2,2,3,3,4,2,4,-4,1,,0,1,0,76500,5,16,12,4,48461,0,0
4292,1.0,-4,0,0,1,3,2,2,3,1,1,-4,-4,1,0.0,-4,1,-4,-4,5,-3,-3,2,-4,0,0
4293,1.0,-4,0,0,0,0,2,2,2,2,1,2,-4,0,,0,2,0,71500,4,20,18,4,72988,-5,-5
4294,1.0,-4,0,1,0,4,2,2,2,1,1,-4,-4,0,0.0,-4,1,0,71500,4,20,18,4,77112,0,0
4295,1.0,-4,0,0,0,3,2,2,1,1,1,-4,-4,0,0.0,-4,1,0,113250,4,16,13,4,98216,0,0
4296,1.0,-4,0,0,0,2,2,2,1,1,2,-4,-4,0,0.0,-4,1,0,196000,5,16,16,4,99676,0,0
4297,1.0,-4,0,0,0,0,2,2,4,5,1,3,-4,0,0.0,0,2,0,7550,3,12,13,4,73208,0,0
4298,1.0,-4,0,0,0,0,2,3,4,3,3,-4,-4,0,0.0,-4,2,0,7550,3,12,13,4,82876,0,0
4299,0.0,199810,1,0,0,-2,2,4,3,3,3,5,-4,0,0.0,15,1,0,-3,4,9,16,4,74226,0,0
4300,1.0,198908,0,17,1,2,2,3,4,3,3,-4,-4,1,0.0,-4,1,0,-3,4,9,16,4,93986,0,0
4301,1.0,-4,0,0,0,5,1,2,2,3,2,2,-4,0,0.0,15,2,0,-3,5,14,12,2,75250,-5,-5
4302,0.0,-4,0,0,0,4,2,2,3,2,1,1,-4,0,0.0,20,1,-4,-4,5,7,6,2,-4,-5,-5
4303,0.0,200506,0,10,0,-2,2,3,5,3,2,5,-4,1,1.0,0,2,-4,-4,4,-4,-3,2,-4,0,-2
4304,1.0,-4,0,0,0,5,2,2,4,2,2,-4,-4,1,0.0,-4,2,0,26000,6,-3,14,4,71293,0,-4
4305,0.0,200105,0,3,1,7,2,3,4,3,2,-4,-4,0,0.0,-4,1,0,26000,6,-3,14,4,63039,0,-4
4306,,-4,0,0,0,15,2,2,3,4,1,5,-4,0,,0,2,0,10500,3,-3,11,4,24951,-5,-5
4307,0.0,199705,0,0,0,3,2,1,1,1,2,-4,-4,1,0.0,-4,1,0,2500,4,10,12,2,13601,0,0
4308,0.0,-4,0,0,0,5,2,2,3,3,2,-4,-4,1,0.0,-4,2,0,12500,4,-3,-3,2,-4,0,0
4309,1.0,-4,0,0,0,4,1,1,2,1,2,-4,-4,0,0.0,-4,2,0,1750,6,-3,9,2,20579,0,-4
4310,0.0,200307,5,0,0,0,2,2,2,2,2,-4,-4,0,0.0,-4,1,0,1750,6,-3,9,2,8495,0,-4
4311,0.0,199905,1,0,0,1,1,1,3,2,2,1,-4,0,,0,1,0,2500,6,7,11,2,42883,0,1
4312,0.0,-4,0,20,0,1,2,3,4,3,2,-4,-4,1,1.0,-4,1,0,2500,6,7,11,2,77643,0,1
4313,1.0,200406,0,0,0,0,3,2,2,1,3,-4,-4,0,0.0,-4,1,0,2500,6,12,9,2,32301,0,-2
4314,1.0,-4,0,0,0,0,2,2,3,2,3,-4,-4,0,1.0,-4,2,0,3750,3,-4,8,2,64700,0,-4
4315,0.0,-4,0,5,1,4,2,2,4,3,5,-4,-4,0,0.0,-4,2,0,500,2,-4,-3,2,20563,0,0
4316,0.0,-4,0,0,0,5,1,4,2,2,2,1,-4,0,0.0,0,2,1,500,4,16,9,2,20506,0,0
4317,1.0,199701,0,0,0,5,2,2,3,1,2,-4,-4,0,0.0,-4,1,0,500,4,16,9,2,20449,0,0
4318,0.0,199608,0,0,0,15,3,3,3,4,4,5,-4,0,0.0,0,2,-4,-4,4,-3,8,2,-4,-5,-5
4319,0.0,-4,0,0,0,6,2,2,4,2,1,-4,-4,0,,-4,2,-4,-4,4,-3,8,2,-4,-5,-5
4320,0.0,199905,-3,2,2,2,3,3,1,1,1,-4,-4,0,0.0,-4,1,0,6000,2,7,13,1,19315,0,-4
4321,0.0,199511,2,1,5,10,1,1,3,3,3,-2,-4,0,,-4,1,0,700,2,-4,-3,2,1809,0,-4
4322,0.0,200512,4,2,0,1,2,1,1,1,1,-4,-4,1,0.0,-4,1,0,1750,3,-4,6,2,45522,0,0
4323,0.0,199504,2,0,0,5,1,2,2,4,3,2,-4,0,0.0,50,1,1,500,4,9,11,2,-4,0,0
4324,0.0,200609,0,0,0,4,2,2,2,1,2,-4,-4,0,0.0,-4,2,0,1750,3,-3,10,2,68820,0,0
4325,1.0,-4,0,0,0,2,1,2,2,1,3,-4,-4,0,0.0,-4,2,0,11500,4,10,12,2,49372,0,0
4326,0.0,-4,0,0,0,3,1,1,1,1,1,2,-4,0,0.0,10,1,0,-3,4,6,6,2,24535,0,0
4327,1.0,-4,0,0,0,0,2,3,1,3,-2,2,-4,0,,10,2,0,277500,4,16,12,4,94372,-5,-5
4328,1.0,-4,0,0,0,1,2,4,2,2,2,-4,-4,0,,-4,1,0,277500,4,16,12,4,46246,0,0
4329,0.0,199702,2,2,3,0,2,2,1,4,4,3,-4,1,1.0,0,1,1,1800,10,-4,11,2,19029,0,0
4330,1.0,-4,0,0,0,4,1,2,3,5,2,4,-4,0,0.0,0,2,1,1800,10,-4,11,2,36183,0,0
4331,1.0,200908,0,0,0,2,1,4,2,2,1,-4,-4,1,0.0,-4,1,1,1800,10,-4,11,2,43352,0,0
4332,0.0,199805,0,0,1,14,1,2,1,1,1,-4,-4,0,0.0,-4,1,1,1800,10,-4,11,2,16924,0,0
4333,1.0,200610,0,0,1,5,1,3,4,4,3,4,-4,0,0.0,25,2,0,27550,5,-3,7,2,-4,-5,-5
4334,0.0,-4,0,2,1,6,1,1,1,1,1,-4,-4,0,0.0,-4,1,0,50100,6,7,10,2,4463,0,0
4335,1.0,200201,0,2,0,4,2,3,2,1,1,1,-4,1,,0,2,0,75550,3,12,14,2,36506,0,0
4336,1.0,-4,0,2,0,25,3,3,4,2,2,-4,-4,0,,-4,2,0,600000,6,12,19,4,39274,-5,-5
4337,0.0,200408,1,0,0,15,2,2,3,1,2,-4,-4,0,,-4,1,0,600000,6,12,19,4,3667,-5,-5
4338,1.0,-4,0,0,1,6,2,2,5,3,1,-4,-4,0,0.0,-4,2,0,8500,3,-3,15,4,38865,0,0
4339,0.0,200210,0,1,4,0,1,2,1,1,1,-4,-4,0,0.0,-4,1,0,34290,3,9,10,4,9643,-5,-5
4340,1.0,-4,0,0,0,15,1,1,1,1,1,2,-4,0,0.0,-4,2,0,-3,5,12,14,4,62908,-5,-5
4341,0.0,200304,0,50,0,6,2,3,4,1,1,-4,-4,1,0.0,-4,1,0,-3,5,12,16,4,34548,0,0
4342,0.0,200402,0,0,2,28,3,2,2,1,2,-4,-4,0,,-4,1,1,12050,7,5,9,2,1075,0,0
4343,0.0,-4,0,0,0,10,2,2,2,1,1,-4,-4,0,0.0,-4,2,0,12050,7,5,9,2,25237,-5,-5
4344,1.0,-4,0,0,1,-2,2,3,3,2,1,1,-4,1,,-4,1,0,-3,3,-4,13,4,57695,-5,-5
4345,1.0,-4,0,8,0,2,2,3,4,5,-2,5,-4,0,1.0,0,2,0,9050,5,14,13,4,58387,0,0
4346,1.0,201002,0,1,0,3,2,2,2,1,1,-4,-4,0,0.0,-4,2,0,9050,5,14,13,4,43084,0,0
4347,0.0,200112,0,1,0,2,4,2,2,2,1,-4,-4,0,0.0,-4,1,0,9050,5,14,13,4,59257,0,0
4348,1.0,199701,0,25,0,9,4,4,4,5,-2,5,-4,1,0.0,50,2,0,19750,3,12,14,4,64356,0,0
4349,0.0,-4,0,0,0,0,1,2,4,5,3,-4,-4,1,0.0,-4,1,0,14850,4,12,14,4,72735,0,0
4350,0.0,200711,-3,0,0,10,3,3,4,-2,1,-4,-4,0,0.0,-4,2,0,-7000,2,12,12,2,26440,0,0
4351,0.0,199702,1,0,1,21,3,3,4,2,4,-4,-4,1,,-4,2,0,-4193,4,12,15,2,29576,0,-2
4352,0.0,199511,4,0,0,-2,1,2,5,-2,4,-2,-4,-2,0.0,-2,1,0,4750,3,12,10,2,1059,0,0
4353,0.0,-4,0,0,0,30,2,2,3,5,1,3,-4,0,0.0,0,2,-4,-4,2,12,-4,2,52693,0,0
4354,0.0,199809,0,0,0,0,3,2,4,2,1,4,-4,0,0.0,0,1,0,1000,3,-3,9,2,5812,0,-2
4355,0.0,-4,0,1,0,0,2,2,3,2,3,-4,-4,0,,-4,2,1,450,3,-3,14,4,750,0,0
4356,1.0,-4,0,0,0,0,2,2,1,1,1,-4,-4,1,1.0,-4,1,0,450,3,-3,14,4,1826,0,0
4357,0.0,-4,0,3,5,9,2,2,4,4,3,3,-4,0,,25,2,0,5250,5,12,12,3,23113,0,1
4358,0.0,-4,0,0,0,6,2,2,3,2,2,-4,-4,1,0.0,-4,2,0,5250,5,12,12,3,25193,0,0
4359,0.0,200411,0,0,0,3,2,1,1,1,2,-4,-4,0,0.0,-4,1,0,45000,3,14,17,4,64181,0,0
4360,0.0,199803,0,0,0,2,2,1,3,2,2,2,-4,0,,0,1,0,3770,3,7,11,2,-4,-5,-5
4361,0.0,200002,0,0,0,7,2,4,5,4,3,3,-4,0,0.0,1,2,0,-1250,4,13,13,2,31012,-5,-5
4362,0.0,-4,0,0,0,1,2,1,3,1,2,-4,-4,0,0.0,-4,1,0,50655,3,11,12,4,31729,0,0
4363,1.0,-4,0,1,0,1,2,2,3,2,2,-4,-4,0,0.0,-4,1,0,-3,5,18,16,4,38432,0,0
4364,1.0,-4,0,2,0,2,2,1,4,3,3,-4,-4,1,0.0,-4,1,0,-3,5,18,16,4,37179,-5,-5
4365,1.0,-4,0,0,0,2,2,2,1,1,1,-4,-4,0,0.0,-4,2,0,-3,5,16,16,4,93591,0,0
4366,1.0,-4,0,0,0,2,2,2,3,2,4,3,-4,0,0.0,40,2,0,184100,5,17,15,2,22020,0,0
4367,1.0,-4,0,0,0,0,2,1,3,1,1,-4,-4,0,0.0,-4,2,0,-3,6,10,14,4,65032,0,0
4368,1.0,-4,0,0,0,3,1,1,3,2,2,2,-4,0,0.0,-4,2,0,143500,4,12,12,2,71259,-5,-5
4369,0.0,-4,0,0,0,1,2,2,3,3,1,-4,-4,0,0.0,-4,2,0,52750,4,12,12,4,74404,0,0
4370,1.0,-4,0,0,0,2,2,2,4,3,3,1,-4,1,,0,2,0,156750,2,12,14,4,15280,-5,-5
4371,1.0,200708,0,0,0,5,2,3,4,3,5,-4,-4,0,,-4,2,0,23600,3,12,12,2,7178,0,0
4372,1.0,-4,0,0,0,3,1,2,1,1,1,-4,-4,0,0.0,-4,2,0,72200,2,18,16,2,59281,0,0
4373,0.0,-4,0,1,1,3,2,3,4,2,4,-4,-4,1,0.0,-4,2,0,84248,3,3,10,2,9679,0,0
4374,0.0,200303,0,0,0,-2,1,1,1,1,2,-4,-4,0,,-4,1,-4,-4,4,-3,11,2,9202,0,0
4375,1.0,199908,0,0,1,3,2,3,2,1,1,-4,-4,0,0.0,-4,2,0,222500,4,14,14,2,65669,0,0
4376,1.0,199912,0,0,0,0,1,2,4,3,1,-4,-4,0,0.0,-4,2,0,28250,3,14,12,2,-4,0,-4
4377,1.0,-4,0,2,0,0,2,3,4,4,2,-4,-4,1,0.0,-4,2,0,268500,4,16,16,4,98223,0,0
4378,0.0,-4,0,0,0,0,2,2,2,2,2,2,-4,0,,25,1,0,91000,5,19,12,2,29243,0,0
4379,1.0,-4,0,0,0,4,2,1,1,1,-2,-4,-4,0,0.0,-4,1,0,141750,4,16,14,2,29248,0,0
4380,1.0,-4,0,0,0,-2,2,2,2,2,1,-2,-4,0,0.0,5,2,0,-3,5,16,16,2,85230,0,0
4381,1.0,-4,0,0,0,2,2,2,2,1,1,1,-4,0,0.0,-4,1,0,114001,4,18,20,4,62540,0,0
4382,1.0,-4,0,0,0,0,1,1,2,2,1,2,-4,0,,2,2,0,194750,6,12,12,4,25334,-5,-5
4383,0.0,-4,0,0,1,2,1,1,2,1,1,-4,-4,0,,-4,1,0,17400,5,16,9,4,61436,-5,-5
4384,0.0,-4,0,0,0,0,2,2,4,4,3,4,-4,0,,0,2,0,66500,4,15,12,2,13845,0,0
4385,0.0,199603,0,0,0,5,2,2,3,3,4,-4,-4,0,,-4,1,0,66500,4,15,12,2,8028,-5,-5
4386,0.0,199702,1,0,0,8,2,2,3,2,2,2,-4,0,,0,1,0,25250,6,12,12,2,5739,0,0
4387,0.0,-4,0,3,10,2,2,1,4,4,3,-4,-4,1,1.0,-4,1,0,600000,6,-3,12,4,18758,0,0
4388,1.0,200510,0,6,0,5,2,4,4,5,2,3,-4,1,0.0,-4,2,0,20300,4,14,12,2,18444,0,0
4389,0.0,199907,0,0,5,22,3,3,3,1,2,4,-4,0,0.0,12,1,0,-8705,5,11,16,2,13079,0,0
4390,0.0,-4,0,2,1,10,3,2,5,3,4,-4,-4,1,0.0,-4,1,0,-8705,5,11,16,2,150,0,0
4391,1.0,-4,0,0,0,3,2,2,4,3,1,-4,-4,1,1.0,-4,2,0,57050,4,8,9,2,51174,0,0
4392,1.0,-4,0,0,0,4,2,1,3,2,2,-4,-4,0,0.0,-4,2,0,130001,4,12,11,2,-4,0,0
4393,0.0,-4,0,0,0,3,1,1,4,4,5,4,-4,0,0.0,0,2,0,45800,5,11,11,2,1810,0,0
4394,0.0,-4,0,0,0,3,2,2,1,4,5,4,-4,0,,0,2,0,45800,5,11,11,2,3285,0,0
4395,1.0,-4,0,0,1,7,2,2,1,1,2,-4,-4,0,0.0,-4,2,0,17650,3,14,14,2,34958,0,0
4396,1.0,200107,2,0,0,5,2,2,1,2,2,-4,-4,0,0.0,-4,1,1,500,6,12,12,2,21052,0,0
4397,0.0,200712,3,0,0,3,2,2,1,1,1,-4,-4,0,0.0,-4,1,0,8484,3,-3,8,2,16790,0,0
4398,0.0,199703,0,0,0,0,1,3,1,1,1,-4,-4,0,,-4,2,0,356000,3,12,12,2,74375,0,0
4399,1.0,-4,0,0,0,3,2,2,3,3,1,2,-4,0,0.0,-4,2,0,33900,4,12,13,2,73646,0,0
4400,1.0,-4,0,0,0,10,2,2,4,5,4,3,-4,0,0.0,100,2,0,48760,6,6,12,2,28355,0,0
4401,0.0,199906,2,0,0,3,2,3,4,3,2,-4,-4,0,0.0,-4,1,0,48760,6,6,12,2,2080,-5,-5
4402,0.0,199812,0,1,1,5,2,2,3,2,2,2,-4,0,0.0,95,1,0,1200,2,12,12,2,24049,0,0
4403,0.0,200105,5,0,0,3,2,3,4,5,4,-4,-4,0,0.0,-4,1,0,23450,5,11,11,2,11321,0,0
4404,0.0,-4,0,-4,-4,-4,2,3,4,2,2,2,-4,0,,1,2,0,-3,6,11,12,4,8960,-5,-5
4405,1.0,-4,0,0,0,3,2,1,2,1,1,-4,-4,0,,-4,1,0,52000,6,16,12,4,84858,0,0
4406,1.0,200207,1,0,0,5,2,3,3,2,1,-4,-4,0,0.0,-4,2,0,135000,5,12,16,4,97182,0,0
4407,1.0,-4,0,0,0,4,2,2,1,1,1,-4,-4,0,0.0,-4,1,0,372500,5,16,16,4,83369,0,0
4408,1.0,-4,0,0,0,1,2,2,2,2,1,-4,-4,1,0.0,-4,2,0,48500,5,16,12,2,61107,0,0
4409,1.0,-4,0,0,0,0,2,2,1,1,1,-4,-4,0,,-4,2,0,59750,4,14,14,4,75681,0,0
4410,0.0,-4,0,0,0,2,1,2,2,3,1,3,-4,0,0.0,20,2,0,-3,13,13,20,4,66666,0,0
4411,1.0,200007,0,0,0,0,2,2,1,1,1,-4,-4,0,,-4,1,0,-3,13,13,20,4,39320,-5,-5
4412,0.0,-4,0,0,0,2,1,2,1,1,1,-4,-4,0,0.0,-4,2,0,-3,13,-4,20,4,30333,0,0
4413,1.0,-4,0,0,0,0,2,2,1,1,1,-4,-4,0,,-4,1,0,-3,4,20,18,4,81029,-5,-5
4414,0.0,-4,0,2,1,0,2,2,1,1,1,-4,-4,0,0.0,-4,2,0,223101,5,14,12,4,32072,0,0
4415,1.0,-4,0,0,0,2,2,3,3,3,1,1,-4,0,0.0,1,1,0,398500,6,14,16,2,27000,-5,-5
4416,1.0,200009,0,0,0,3,2,2,2,1,1,-4,-4,0,0.0,-4,1,0,398500,6,14,16,2,52433,-5,-5
4417,0.0,199912,1,0,0,1,2,1,3,3,1,3,-4,1,1.0,5,2,0,335000,3,12,10,4,40851,0,0
4418,1.0,-4,0,0,0,0,1,3,3,4,1,3,-4,0,,0,2,-4,-4,4,14,12,4,-4,0,0
4419,1.0,-4,0,0,0,2,1,2,1,1,1,-4,-4,0,0.0,-4,2,-4,-4,4,14,12,4,-4,0,0
4420,1.0,202112,0,0,0,5,2,2,4,2,2,-2,-4,0,,5,1,0,217500,4,16,16,4,-4,-5,-5
4421,1.0,-4,0,0,0,2,2,3,3,3,2,-4,-4,0,0.0,-4,1,0,33750,2,12,13,1,-4,-5,-5
4422,0.0,199206,1,0,0,2,2,3,3,3,3,3,-4,0,0.0,10,1,-4,-4,3,11,16,1,-4,-5,-5
4423,1.0,-4,0,0,0,2,2,3,1,2,1,-4,-4,1,1.0,-4,2,0,-3,3,16,16,1,68434,0,0
4424,1.0,200206,0,1,2,1,2,1,1,1,1,-4,-4,0,,-4,1,0,-3,5,16,13,1,8705,0,0
4425,1.0,199801,0,2,4,2,2,3,4,2,2,-4,-4,0,,-4,1,-4,-4,5,14,13,1,3810,0,0
4426,1.0,-4,0,2,1,-2,2,2,1,1,1,-4,-4,0,,-4,1,-4,-4,5,16,13,1,34959,0,-2
4427,1.0,-4,0,0,0,0,2,2,3,5,2,4,-4,0,,0,2,0,82800,3,14,14,1,31243,0,0
4428,1.0,-4,0,0,0,7,3,2,1,3,1,3,-4,1,0.0,0,2,0,193251,4,14,14,1,47603,0,0
4429,0.0,-4,0,-4,-4,-4,4,4,4,5,3,-4,-4,0,,-4,2,0,-3,4,9,15,4,47445,-5,-5
4430,0.0,-4,0,0,0,-2,2,2,3,2,1,3,-4,0,0.0,3,2,0,88000,4,13,12,4,-4,0,0
4431,0.0,-4,0,0,2,1,2,3,2,1,1,-4,-4,1,0.0,-4,2,0,63500,3,12,12,4,82171,0,1
4432,1.0,-4,0,4,0,5,2,2,2,1,2,-4,-4,1,,-4,1,0,71950,3,-4,11,2,27681,0,0
4433,0.0,201106,0,0,0,6,2,2,2,1,2,-4,-4,0,,-4,2,0,49250,2,12,10,4,21178,0,0
4434,1.0,201010,0,0,0,4,2,2,2,1,1,-4,-4,1,0.0,-4,2,0,-3,4,12,12,1,83055,0,0
4435,0.0,-4,0,0,0,3,2,2,2,2,1,-4,-4,1,,-4,2,1,3753,2,12,10,4,-4,0,0
4436,0.0,-4,0,0,0,0,2,2,2,2,1,2,-4,0,,0,1,-4,-4,3,14,13,1,62034,-5,-5
4437,1.0,-4,0,0,0,0,2,1,2,1,1,-4,-4,0,0.0,-4,1,0,39250,3,14,13,1,52157,0,0
4438,0.0,199907,0,2,1,26,2,3,4,5,4,-4,-4,1,1.0,-4,2,0,19500,2,-4,13,4,61544,0,-4
4439,1.0,199911,0,1,0,10,2,2,1,4,1,4,-4,0,0.0,0,2,0,-97500,5,-3,14,4,-4,0,0
4440,1.0,-4,0,0,0,1,2,2,2,1,1,-4,-4,0,0.0,-4,1,0,-97500,5,-3,14,4,-4,-5,-5
4441,1.0,-4,0,0,0,0,2,3,1,1,1,-4,-4,0,0.0,-4,1,0,252000,3,16,18,4,94363,0,0
4442,1.0,-4,0,0,0,2,1,1,1,3,1,-4,-4,0,0.0,-4,2,0,69750,3,-4,16,4,70541,0,0
4443,0.0,200111,1,2,2,4,2,3,4,2,1,-4,-4,0,0.0,-4,2,0,132000,4,12,14,4,93994,0,0
4444,1.0,199701,1,0,0,2,2,2,4,3,1,-4,-4,0,0.0,-4,1,0,132000,4,12,14,4,64384,0,0
4445,1.0,200504,0,0,1,5,2,2,2,4,1,2,-4,1,,15,1,-4,-4,3,16,12,4,84232,0,0
4446,1.0,-4,0,0,0,2,2,1,3,3,1,5,-4,0,0.0,0,1,-4,-4,4,-4,-4,4,59867,0,0
4447,1.0,-4,0,0,0,0,1,2,-2,1,-2,-4,-4,0,0.0,-4,2,0,-3,4,20,20,4,93340,0,0
4448,1.0,200102,0,0,0,0,1,1,1,-2,1,-4,-4,1,0.0,-4,1,0,279500,3,15,16,4,95997,0,0
4449,1.0,-4,0,0,0,0,2,2,4,4,-2,3,-4,0,0.0,-2,2,0,-3,6,16,14,2,69504,0,0
4450,1.0,-4,0,0,0,1,1,2,1,1,1,-4,-4,0,0.0,-4,1,0,219000,4,16,20,4,95341,0,0
4451,1.0,199601,0,7,1,3,2,2,4,3,3,-4,-4,0,0.0,-4,1,0,145500,3,12,12,4,77427,0,0
4452,1.0,199911,0,0,0,4,3,4,4,3,1,-2,-4,0,0.0,0,2,0,212800,4,11,12,4,87288,0,0
4453,0.0,201208,0,0,0,2,2,2,3,1,1,-4,-4,0,0.0,-4,1,0,212800,4,11,12,4,42768,0,0
4454,0.0,-4,0,1,0,2,3,3,4,3,1,-2,-4,0,0.0,10,1,0,-3,4,16,12,2,1769,0,0
4455,1.0,200503,0,0,0,2,2,1,1,1,1,-4,-4,1,0.0,-4,1,0,65200,4,12,14,4,89089,0,0
4456,1.0,-4,0,0,0,2,2,2,2,2,1,2,-4,0,0.0,25,1,0,367500,4,16,16,4,67652,0,0
4457,1.0,200307,0,0,0,0,2,2,1,1,1,-4,-4,0,0.0,-4,1,0,44500,4,14,14,2,76958,0,0
4458,1.0,-4,0,0,0,8,2,2,1,1,1,-4,-4,0,0.0,-4,1,0,-3,3,16,14,4,97885,0,0
4459,1.0,-4,0,0,0,5,2,2,4,5,2,2,-4,0,0.0,0,2,-4,-4,4,14,16,4,48861,0,0
4460,1.0,200308,0,2,1,3,2,2,2,1,1,-4,-4,-3,0.0,-4,1,-4,-4,4,14,16,4,76783,0,0
4461,0.0,-4,0,0,0,13,2,2,4,5,4,5,-4,0,0.0,0,2,0,130000,8,-3,12,2,18571,0,0
4462,0.0,-4,0,0,1,3,2,2,1,1,1,-4,-4,0,0.0,-4,2,0,-3,4,11,6,2,6841,0,0
4463,0.0,200003,1,0,1,5,3,2,3,1,2,-4,-4,0,,-4,1,0,-3,4,13,12,4,13935,0,0
4464,0.0,201112,2,1,2,0,3,1,2,1,1,-4,-4,0,0.0,-4,1,0,-3,4,13,12,4,14174,0,0
4465,1.0,200611,0,-4,-4,-4,2,2,2,1,1,-4,-4,0,0.0,-4,2,0,27500,4,-3,17,4,46286,0,0
4466,0.0,199401,0,0,0,31,2,2,3,4,3,4,-4,0,,50,1,0,53850,6,-3,11,4,8363,0,0
4467,1.0,-4,0,0,0,2,2,1,1,1,1,1,-4,1,0.0,50,2,0,-3,3,12,14,4,54334,0,0
4468,0.0,200002,0,2,4,2,2,3,4,3,1,5,-4,1,,65,1,0,84250,3,12,10,4,36386,0,0
4469,0.0,201008,0,1,0,3,2,2,4,4,2,-4,-4,0,0.0,-4,2,0,136900,4,10,12,4,50063,0,1
4470,0.0,200007,1,1,0,5,2,4,4,5,2,5,-4,1,1.0,1,2,0,6350,4,-3,12,4,43278,0,0
4471,1.0,-4,0,1,0,3,2,2,1,1,1,-4,-4,0,0.0,-4,2,-4,-4,5,15,16,4,99592,0,0
4472,1.0,-4,0,15,1,5,2,2,4,4,2,-4,-4,0,,-4,1,0,181382,5,-3,12,4,41646,-5,-5
4473,1.0,-4,0,0,0,3,2,2,3,5,2,3,-4,0,,0,2,-4,-4,4,-4,-3,4,76169,-5,-5
4474,0.0,199210,0,0,0,50,2,3,3,5,1,5,-4,0,,10,2,0,111550,5,12,12,2,30470,-5,-5
4475,1.0,-4,0,0,0,12,3,2,4,4,1,4,-4,0,0.0,3,1,0,211000,3,16,16,4,22265,0,0
4476,1.0,-4,0,1,0,7,1,2,4,1,1,-4,-4,1,1.0,-4,2,0,198001,3,16,-3,4,75480,0,0
4477,0.0,199807,0,0,0,2,2,3,4,3,1,2,-4,0,1.0,0,1,0,-3,3,13,16,4,69557,0,0
4478,1.0,199901,0,0,0,6,2,2,3,4,1,4,-4,0,0.0,0,2,0,155500,4,16,12,4,56196,-5,-5
4479,1.0,-4,0,0,0,3,2,1,1,1,-2,-4,-4,0,0.0,-4,1,0,139500,5,12,12,4,51863,0,0
4480,0.0,200011,0,0,0,0,2,3,2,1,1,-4,-4,1,1.0,-4,2,0,9800,3,14,14,2,38123,0,0
4481,1.0,-4,0,0,0,3,2,2,1,1,1,-4,-4,0,0.0,-4,1,0,84500,4,16,-4,2,58334,0,0
4482,0.0,199509,0,1,0,25,2,2,3,1,2,4,-4,1,1.0,0,1,0,3750,4,10,16,2,37636,0,1
4483,0.0,200410,0,1,0,1,2,1,3,3,3,-4,-4,0,,-4,1,0,500,4,9,8,2,17202,-5,-5
4484,1.0,-4,0,0,0,5,2,2,3,4,5,-4,-4,0,0.0,-4,1,1,-3,3,12,12,4,24876,0,0
4485,0.0,200003,1,0,7,4,3,3,3,4,4,3,-4,1,,75,1,-4,-4,8,12,6,2,-4,-5,-5
4486,0.0,199811,4,0,3,3,2,1,4,1,4,-4,-4,0,,-4,1,-4,-4,8,12,6,2,-4,0,0
4487,0.0,-4,0,1,0,3,2,2,1,1,2,-4,-4,0,0.0,-4,2,0,370,4,12,14,4,-4,0,1
4488,0.0,199406,0,0,0,0,2,3,4,4,3,-4,-4,1,0.0,-4,2,0,500,2,11,14,4,6287,0,0
4489,0.0,200706,0,-4,-4,-4,3,2,2,2,2,3,-4,0,0.0,50,1,1,100,4,5,5,2,6364,-5,-5
4490,1.0,-4,0,0,0,10,2,2,2,2,2,-4,-4,0,0.0,-4,2,0,9622,4,12,12,2,36578,0,0
4491,0.0,200011,0,0,0,10,2,2,2,1,1,-4,-4,0,0.0,-4,1,0,9622,4,12,12,2,17522,0,0
4492,0.0,199802,0,0,0,20,2,2,2,3,2,3,-4,0,0.0,20,1,0,74000,5,6,6,2,35854,0,0
4493,1.0,-4,0,0,0,10,1,3,1,-2,1,3,-4,0,0.0,25,2,0,-3,4,13,12,2,24691,0,0
4494,0.0,200308,0,0,2,8,2,2,1,1,3,-4,-4,0,0.0,-4,1,0,-2500,6,-3,9,2,10767,0,0
4495,0.0,199506,0,0,0,5,1,2,2,1,1,-4,-4,1,0.0,-4,2,0,15500,2,-3,3,2,44099,0,1
4496,0.0,199704,0,2,0,6,2,3,4,3,4,-4,-4,0,0.0,-4,2,0,21160,2,8,13,2,6554,0,1
4497,0.0,-4,0,0,0,25,2,2,3,5,4,3,-4,0,0.0,30,1,1,119777,9,4,7,2,15556,0,0
4498,1.0,199812,0,0,0,10,2,4,2,3,3,-4,-4,0,0.0,-4,1,1,119777,9,4,7,2,43345,0,0
4499,0.0,199702,0,0,0,25,2,2,3,4,4,-4,-4,0,0.0,-4,2,1,119777,9,4,7,2,11153,0,0
4500,0.0,199809,0,5,7,20,3,2,1,1,3,-4,-4,1,0.0,-4,1,0,22980,4,6,14,2,23712,0,0
4501,0.0,-4,0,0,0,25,2,2,2,1,1,-4,-4,0,0.0,-4,2,0,-2000,4,12,10,2,8790,1,0
4502,0.0,-4,0,0,1,0,1,1,2,2,4,-4,-4,0,,-4,1,0,63500,4,13,12,2,1260,0,0
4503,0.0,199706,0,0,0,10,2,2,3,3,2,3,-4,0,,0,1,0,-1300,6,6,6,2,15618,0,1
4504,0.0,-4,0,0,0,6,2,2,3,3,1,-4,-4,0,,-4,2,0,-1300,6,6,6,2,108,0,0
4505,0.0,199411,0,1,0,7,2,3,4,4,1,3,-4,0,0.0,5,1,0,36100,5,-3,16,4,-4,0,0
4506,1.0,-4,0,0,0,2,2,3,2,3,1,-4,-4,0,0.0,-4,1,0,66250,4,12,10,4,50869,0,0
4507,,-4,0,0,0,2,2,2,3,4,1,3,-4,0,,2,1,0,-3,4,12,12,4,65118,-5,-5
4508,0.0,199608,0,0,0,4,2,2,3,3,3,4,-4,0,,-4,2,-4,-4,5,14,12,4,12763,-5,-5
4509,0.0,-4,0,16,0,0,2,3,3,2,1,4,-4,1,1.0,-4,1,0,87500,3,-4,14,4,-4,0,-4
4510,1.0,199604,0,0,0,3,2,3,3,4,2,-4,-4,0,0.0,-4,2,-4,-4,4,10,9,2,49688,0,0
4511,0.0,-4,0,20,0,4,2,2,2,1,1,-4,-4,1,1.0,-4,1,-4,-4,4,10,9,2,56165,0,0
4512,1.0,-4,0,0,0,1,2,2,3,4,1,-4,-4,0,0.0,-4,2,0,56950,2,14,12,4,61275,0,0
4513,0.0,-4,0,3,0,0,1,3,4,4,2,2,-4,1,0.0,50,1,0,76500,4,12,14,4,44298,0,0
4514,1.0,201605,0,0,0,0,1,1,4,2,3,-4,-4,1,0.0,-4,1,0,76500,4,12,14,4,62781,0,0
4515,1.0,200401,0,0,0,4,2,2,2,2,1,2,-4,0,0.0,0,1,0,35750,5,14,16,2,42223,-5,-5
4516,1.0,-4,0,0,0,2,2,2,3,1,1,1,-4,0,0.0,3,1,0,35750,5,14,16,2,65606,0,0
4517,1.0,-4,0,1,0,0,1,2,2,1,1,-4,-4,1,0.0,-4,2,0,-3,4,18,15,4,65445,0,0
4518,1.0,199206,0,0,1,5,2,3,4,4,1,3,-4,0,,20,1,-4,-4,5,14,12,4,-4,0,0
4519,0.0,199905,0,0,0,3,1,1,1,1,1,-4,-4,0,0.0,-4,1,0,165000,3,12,13,4,12591,0,0
4520,1.0,199505,0,0,0,2,1,2,1,1,2,1,-4,0,0.0,-4,1,0,49600,4,12,12,2,46271,-5,-5
4521,1.0,-4,0,0,0,2,2,2,2,2,1,-4,-4,0,0.0,-4,2,0,49600,4,12,12,2,87569,0,0
4522,1.0,199509,0,0,0,6,2,3,2,1,1,1,-4,0,,0,1,0,137500,4,16,16,4,96138,0,0
4523,0.0,-4,0,0,0,0,2,2,2,2,1,2,-4,1,1.0,0,2,0,47450,5,18,14,2,48173,-5,-5
4524,1.0,-4,0,0,0,45,1,2,2,4,1,-4,-4,0,0.0,-4,2,0,47450,5,18,14,2,84104,0,0
4525,1.0,-4,0,0,0,-2,1,1,1,1,1,-4,-4,0,1.0,-4,1,0,600000,4,18,17,4,100000,0,0
4526,0.0,199508,0,0,0,1,3,2,2,1,1,1,-4,0,,-4,1,0,5700,5,14,12,4,38690,-5,-5
4527,1.0,-4,0,0,0,0,2,2,2,1,1,-4,-4,0,,-4,1,-4,-4,5,14,12,4,18143,0,0
4528,1.0,-4,0,0,0,0,2,2,2,3,1,1,-4,0,1.0,10,1,0,156250,4,14,16,4,95655,0,0
4529,0.0,-4,0,-4,-4,-4,1,1,2,1,1,-4,-4,0,,-4,2,0,1100,5,-3,11,4,3806,0,-4
4530,0.0,200008,0,2,0,1,2,2,4,3,2,-4,-4,0,,-4,1,0,33250,4,16,14,4,6198,-5,-5
4531,1.0,-4,0,0,0,-1,2,2,4,3,1,-4,-4,1,0.0,-4,2,0,1200,2,13,11,4,34659,0,-2
4532,1.0,-4,0,0,0,1,1,1,1,1,1,-4,-4,0,0.0,-4,2,-4,-4,3,16,20,4,69386,0,-2
4533,0.0,-4,0,0,0,3,2,2,1,1,1,1,-4,1,1.0,15,1,0,-3,5,18,14,4,95112,0,0
4534,1.0,-4,0,0,0,3,2,1,2,3,1,-4,-4,0,0.0,-4,2,0,-3,5,18,14,4,89280,0,0
4535,0.0,-4,0,0,0,1,2,2,1,1,1,-4,-4,0,,-4,1,0,-3,5,18,14,4,40458,0,0
4536,1.0,-4,0,0,0,4,2,2,2,1,1,-4,-4,0,0.0,-4,2,0,-110250,7,20,4,4,87426,0,0
4537,0.0,201110,0,0,0,1,1,2,1,1,1,-4,-4,1,0.0,-4,1,0,-110250,7,20,4,4,98151,0,0
4539,1.0,-4,0,0,0,0,2,2,2,2,2,-4,-4,0,0.0,-4,2,0,154000,5,17,16,4,62035,0,0
4540,1.0,-4,0,0,0,1,2,3,1,2,1,-4,-4,0,0.0,-4,1,0,42800,4,14,12,4,86691,0,0
4541,0.0,199509,2,0,0,3,2,2,4,4,1,3,-4,0,,0,2,0,22820,5,12,10,4,13989,0,0
4542,0.0,-4,0,0,0,-2,3,4,-2,-2,1,-4,-4,0,0.0,-4,2,0,22820,5,12,10,4,38191,0,0
4543,0.0,199706,2,1,0,9,2,2,1,1,1,-4,-4,1,0.0,-4,1,0,18300,4,6,8,2,15873,-5,-5
4544,1.0,199705,2,10,1,8,3,2,2,1,2,-4,-4,1,0.0,-4,1,0,12300,4,8,12,4,47907,0,0
4545,0.0,200103,1,0,0,0,2,2,3,1,1,-4,-4,0,0.0,-4,1,0,-3,3,12,12,4,16113,0,0
4546,1.0,-4,0,0,0,1,2,2,4,3,2,-4,-4,0,0.0,-4,1,0,64000,3,16,14,4,28185,0,0
4547,1.0,199906,0,0,0,1,2,2,3,3,1,2,-4,0,0.0,10,1,0,-3,4,18,16,4,96497,0,0
4548,0.0,-4,0,0,0,2,1,1,3,1,1,-4,-4,0,0.0,-4,2,0,-3,4,18,16,4,85536,0,0
4549,0.0,199603,0,2,0,4,2,2,5,5,2,3,-4,0,0.0,-4,2,0,-3,4,13,12,4,49688,0,0
4550,1.0,-4,0,0,0,2,1,2,1,1,-2,-4,-4,1,0.0,-4,2,0,91500,6,14,18,4,75186,0,0
4551,0.0,-4,0,0,0,1,2,1,1,1,1,-4,-4,0,0.0,-4,1,0,-4750,7,14,14,4,17694,0,0
4552,1.0,-4,0,5,0,2,2,2,2,2,2,2,-4,0,0.0,10,2,0,175000,5,14,14,4,51546,0,0
4553,0.0,-4,0,0,1,2,1,2,3,2,1,-4,-4,0,0.0,-4,2,0,175000,5,14,14,4,43512,0,0
4554,0.0,-4,0,-4,-4,-4,2,2,4,3,1,-4,-4,0,,-4,2,-4,-4,6,12,12,4,-4,0,0
4555,0.0,200010,2,0,0,25,2,2,3,5,3,3,-4,0,0.0,85,1,0,-3,4,11,12,2,38502,0,0
4556,0.0,200009,1,0,0,2,2,2,2,1,1,1,-4,0,,-4,2,0,148750,3,10,13,4,66080,0,0
4557,1.0,-4,0,1,0,4,2,2,3,1,1,-4,-4,0,0.0,-4,2,0,372750,5,15,12,4,56884,0,0
4558,0.0,-4,0,5,0,6,1,1,4,5,3,-4,-4,0,1.0,-4,2,0,1250,2,11,12,4,29368,0,1
4559,0.0,-4,0,0,0,11,2,2,5,4,1,3,-4,0,0.0,0,2,0,5750,5,12,12,4,54618,0,0
4560,1.0,199906,0,0,0,7,3,3,2,3,1,-4,-4,0,0.0,-4,2,0,5750,5,12,12,4,53564,0,0
4561,1.0,-4,0,0,0,6,1,1,3,2,1,3,-4,0,0.0,0,2,0,600000,4,14,12,4,44799,0,0
4562,0.0,-4,0,0,0,0,1,2,2,1,1,-4,-4,0,0.0,-4,1,0,600000,4,14,12,4,4868,0,0
4563,0.0,-4,0,0,0,8,2,2,3,3,1,3,-4,0,,5,2,0,78850,4,18,-3,4,63094,-5,-5
4564,0.0,-4,0,0,0,6,1,1,1,1,1,1,-4,0,0.0,25,1,0,144500,4,-4,-4,4,87113,0,0
4565,0.0,-4,0,0,0,6,2,2,2,1,1,-4,-4,0,0.0,-4,2,0,-3,3,12,12,4,-4,-5,-5
4566,,-4,0,0,0,5,2,2,1,1,1,-4,-4,0,,-4,2,-4,-4,3,14,14,4,-4,-5,-5
4567,1.0,200211,2,0,0,9,4,2,4,5,2,-4,-4,0,,-4,1,-4,-4,3,12,12,4,32070,-5,-5
4568,1.0,-4,0,0,0,0,1,2,2,1,1,1,-4,0,0.0,10,2,0,-3,4,-4,12,4,65859,0,0
4569,0.0,-4,0,0,0,9,2,2,1,1,1,1,-4,0,,20,1,0,90900,4,12,14,4,34220,-5,-5
4570,0.0,-4,0,2,2,2,2,3,2,2,1,-4,-4,0,0.0,-4,1,0,90900,4,12,14,4,38359,-5,-5
4571,0.0,200109,0,0,2,0,2,3,1,1,2,-4,-4,1,0.0,-4,1,0,83500,4,13,14,4,21946,0,0
4572,0.0,199909,1,0,0,10,3,1,3,3,1,3,-4,1,,50,1,1,-8250,4,-3,12,3,-4,-5,-5
4573,0.0,199811,6,0,0,0,2,2,4,2,3,-4,-4,0,0.0,-4,1,0,217600,4,16,14,4,46743,0,0
4574,1.0,-4,0,10,0,4,2,4,1,-2,2,-4,-4,1,1.0,-4,1,0,161250,4,20,18,4,53504,0,0
4575,0.0,-4,0,2,0,10,2,2,3,3,1,-4,-4,0,,-4,2,0,4550,4,14,12,4,67293,-5,-5
4576,1.0,-4,0,0,0,-2,2,2,1,1,1,-4,-4,0,0.0,-4,1,-4,-4,4,12,11,4,-4,0,0
4577,1.0,-4,0,0,0,2,2,2,1,1,1,-4,-4,0,1.0,-4,1,-4,-4,4,12,11,4,-4,0,-2
4578,1.0,-4,0,0,0,1,1,1,4,4,1,1,-4,0,0.0,50,2,0,381200,3,18,18,4,64492,0,0
4579,0.0,-4,0,1,0,18,3,2,3,4,2,3,-4,0,0.0,50,2,0,500,7,12,12,4,40605,0,0
4580,0.0,-4,0,0,0,0,2,2,1,1,2,-4,-4,0,0.0,-4,1,0,500,7,12,12,4,73523,0,0
4581,1.0,200008,0,0,0,7,2,3,4,3,1,2,-4,0,0.0,-4,2,0,149750,4,18,14,4,56513,0,0
4582,1.0,-4,0,0,0,3,1,2,1,1,1,-4,-4,0,0.0,-4,1,-4,-4,4,18,14,4,78973,0,0
4583,1.0,-4,0,0,0,3,1,2,2,1,1,-4,-4,0,0.0,-4,2,0,-8637,2,-3,16,4,84719,0,-4
4584,1.0,-4,0,0,0,1,2,3,3,2,2,-4,-4,0,0.0,-4,2,-4,-4,5,-3,-3,4,-4,0,0
4585,0.0,-4,0,0,0,10,2,2,1,1,1,1,-4,0,0.0,-4,1,0,4600,4,12,12,4,-4,0,0
4586,0.0,199702,1,1,0,5,2,2,2,2,1,-4,-4,0,,-4,1,0,-3,4,12,14,4,36636,0,0
4587,0.0,199804,1,0,1,10,2,2,3,3,2,3,-4,0,0.0,40,1,0,3050,4,-3,5,4,69071,0,0
4588,1.0,-4,0,0,0,2,1,1,4,4,1,1,-4,0,0.0,0,2,0,52500,6,8,10,4,16823,0,0
4589,1.0,-4,0,0,0,1,1,3,2,1,1,-4,-4,0,0.0,-4,1,0,52500,6,8,10,4,22722,0,0
4590,1.0,-4,0,0,0,-2,2,2,2,1,1,-4,-4,0,0.0,-4,2,0,11500,3,12,16,4,67673,-5,-5
4591,1.0,-4,0,0,0,10,3,2,2,1,1,1,-4,0,0.0,10,1,0,1300,3,12,12,4,73848,0,0
4592,0.0,-4,0,2,1,2,3,2,2,1,1,-4,-4,1,0.0,-4,1,0,31341,3,12,14,2,79588,0,0
4593,1.0,-4,0,0,0,5,2,1,1,1,2,-4,-4,1,1.0,-4,2,0,600,4,-4,11,4,35446,-2,-4
4594,0.0,199701,0,5,0,8,3,3,5,3,5,-4,-4,1,1.0,-4,2,0,285500,5,-3,14,3,13820,0,0
4595,0.0,-4,0,12,0,5,2,2,4,4,2,-4,-4,1,,-4,2,0,75500,4,12,12,4,43992,-5,-5
4596,1.0,200201,2,-4,-4,-4,2,2,5,3,3,5,-4,0,,90,1,1,95401,4,14,18,4,56835,0,0
4597,1.0,-4,0,0,0,3,2,3,3,2,1,-4,-4,0,0.0,-4,2,0,221500,4,15,14,4,63464,0,0
4598,1.0,-4,0,0,0,0,2,2,1,1,1,-4,-4,0,0.0,-4,2,0,221500,4,15,14,4,40815,0,0
4599,0.0,-4,0,2,0,4,2,2,2,3,2,-4,-4,0,0.0,-4,2,-4,-4,4,12,12,4,94616,0,0
4600,1.0,-4,0,0,0,5,2,2,1,1,1,1,-4,0,0.0,50,1,0,139500,2,12,12,4,59571,0,0
4601,1.0,199705,0,0,0,10,2,2,2,3,1,3,-4,0,,10,2,0,56500,5,12,12,4,38906,0,0
4602,0.0,-4,0,0,0,0,2,2,2,1,1,-4,-4,0,0.0,-4,1,0,56500,5,12,12,4,30480,0,0
4603,1.0,200105,0,0,0,10,2,2,5,4,1,-4,-4,0,0.0,-4,2,0,136100,2,14,16,4,60120,0,0
4604,0.0,-4,0,2,0,5,2,2,3,3,1,1,-4,1,1.0,50,1,-4,-4,3,16,12,4,-4,-5,-5
4605,,-4,0,0,0,8,3,2,3,3,1,-4,-4,1,,-4,2,-4,-4,3,16,12,4,-4,-5,-5
4606,0.0,199701,0,0,0,3,2,3,3,3,1,-4,-4,0,0.0,-4,1,0,221500,4,12,16,4,31358,-5,-5
4607,0.0,200912,0,1,0,4,2,1,1,1,1,-4,-4,0,1.0,-4,2,0,1900,3,12,12,4,28247,0,0
4608,0.0,-4,0,2,1,10,3,3,3,3,1,-4,-4,1,1.0,-4,2,0,26700,4,13,10,4,-4,0,1
4609,0.0,200104,0,0,0,4,2,4,3,1,1,-4,-4,1,0.0,-4,1,0,133501,7,16,16,4,69513,0,0
4610,1.0,199612,0,1,0,5,2,3,4,5,2,-4,-4,0,,-4,2,0,-3,4,14,13,4,83713,-5,-5
4611,0.0,-4,0,0,1,1,1,3,3,4,1,-4,-4,1,,-4,2,0,9500,6,10,13,4,56349,0,0
4612,1.0,-4,0,0,0,2,2,1,1,1,1,-4,-4,0,0.0,-4,2,0,98100,6,14,14,4,-4,0,0
4613,1.0,200701,0,0,0,8,2,1,5,1,1,2,-4,1,1.0,0,1,0,357400,5,12,12,3,34888,0,0
4614,0.0,-4,0,0,0,2,2,1,4,4,1,5,-4,1,0.0,0,1,0,8700,3,11,10,2,75776,0,0
4615,0.0,200208,0,1,0,2,2,3,3,2,2,1,-4,0,0.0,-4,1,0,186500,5,16,14,4,68197,0,0
4616,0.0,-4,0,0,0,3,2,2,2,3,1,3,-4,1,,50,1,0,-3,6,14,12,4,-4,0,0
4617,0.0,200207,0,0,0,6,2,2,4,3,2,3,-4,0,0.0,5,1,0,236500,9,14,12,4,44816,0,0
4618,0.0,199610,0,3,5,10,3,4,5,4,3,-4,-4,0,0.0,-4,2,0,236500,9,14,12,4,59062,0,0
4619,1.0,-4,0,0,0,8,2,3,5,3,3,-4,-4,1,0.0,-4,2,0,103800,4,12,12,4,34218,-5,-5
4620,0.0,-4,0,0,0,12,2,2,3,2,1,-4,-4,1,,-4,2,0,38400,5,10,14,4,75233,0,-2
4621,0.0,-4,0,0,0,0,2,2,2,1,1,-4,-4,0,0.0,-4,2,0,372001,5,14,13,1,39833,0,0
4622,1.0,199008,0,20,0,7,3,3,4,3,3,-4,-4,1,0.0,-4,1,0,354500,4,13,14,4,46357,0,0
4623,1.0,-4,0,0,0,4,2,2,5,1,1,-4,-4,1,0.0,-4,1,0,354500,4,13,14,4,37239,0,0
4624,0.0,200511,2,3,0,10,2,2,3,2,2,-4,-4,1,1.0,-4,1,0,10950,4,12,13,4,7218,0,0
4625,0.0,199801,0,40,1,10,3,2,5,4,4,2,-4,0,,-4,1,0,13900,5,10,12,1,1376,0,0
4626,0.0,-4,0,0,0,13,1,2,4,4,4,-4,-4,0,0.0,-4,2,0,109000,3,-3,15,4,18641,0,0
4627,0.0,199509,5,1,2,10,2,3,5,5,5,5,-4,-3,1.0,0,1,0,20550,2,13,14,4,3557,-5,-5
4628,0.0,-4,0,0,0,4,2,3,5,4,2,5,-4,0,,50,2,1,7500,2,12,12,4,32783,0,-2
4629,1.0,-4,0,0,0,0,2,2,3,3,2,3,-4,1,1.0,10,1,1,20200,4,17,14,4,97784,0,0
4630,1.0,-4,0,0,0,1,2,2,3,2,2,-4,-4,0,0.0,-4,2,1,20200,4,17,14,4,74711,0,0
4631,1.0,-4,0,0,0,2,1,2,1,1,1,1,-4,1,0.0,-4,1,0,-3,2,-4,-3,3,84582,0,0
4632,0.0,199811,2,5,0,6,2,2,3,1,2,4,-4,0,1.0,5,1,0,100000,5,11,11,4,38498,-5,-5
4633,0.0,-4,0,1,1,0,2,1,3,2,1,-4,-4,1,0.0,-4,2,0,170250,4,13,13,3,35062,0,0
4634,1.0,-4,0,0,0,1,2,2,2,1,1,-4,-4,1,0.0,-4,2,0,445001,8,7,12,4,76741,0,0
4635,1.0,200706,0,0,0,2,2,1,4,3,2,-4,-4,1,0.0,-4,2,0,445001,8,7,12,4,39890,0,0
4636,1.0,-4,0,3,0,7,2,2,2,2,1,-4,-4,0,0.0,-4,1,0,120983,3,12,14,2,84844,-5,-5
4637,0.0,200811,1,0,0,0,3,2,2,1,1,2,-4,0,0.0,10,1,-4,-4,7,14,12,2,-4,0,0
4638,0.0,200302,0,0,0,1,2,3,1,1,1,-4,-4,0,1.0,-4,1,-4,-4,7,14,12,2,55111,0,0
4639,0.0,199610,3,2,0,2,1,1,4,2,1,-4,-4,0,0.0,-4,1,0,-3,3,12,14,1,6391,0,-4
4640,0.0,-4,0,-4,-4,-4,3,2,5,3,2,2,-4,0,1.0,5,1,0,-3,5,-3,17,4,18407,0,0
4641,1.0,-4,0,1,1,3,2,3,2,2,1,1,-4,0,,10,1,0,337500,5,13,14,4,28857,-5,-5
4642,1.0,-4,0,0,0,1,1,2,1,1,1,-4,-4,0,0.0,-4,1,0,337500,5,13,14,4,68287,-5,-5
4643,1.0,200203,0,0,0,3,2,2,3,5,1,-1,-4,0,0.0,5,1,0,125500,3,16,16,4,99184,0,0
4644,1.0,-4,0,0,0,0,2,3,2,1,1,-4,-4,0,0.0,-4,1,0,125500,3,16,16,4,88357,-5,-5
4645,1.0,-4,0,0,0,2,2,2,1,1,1,-4,-4,0,0.0,-4,1,0,-3,4,11,16,4,82600,0,-4
4646,1.0,-4,0,0,1,2,2,3,1,1,1,-4,-4,0,0.0,-4,1,-4,-4,4,16,-3,4,-4,0,0
4647,1.0,-4,0,0,0,1,2,2,3,3,3,-4,-4,0,0.0,-4,2,0,-3,5,19,19,4,78117,0,0
4648,1.0,-4,0,0,0,2,2,2,4,2,1,-4,-4,0,0.0,-4,2,0,-3,5,19,19,4,68223,0,0
4649,1.0,-4,0,2,0,4,2,2,4,4,1,3,-4,0,1.0,0,2,0,3950,3,13,14,4,87753,0,1
4650,0.0,200101,0,0,0,22,2,3,4,4,5,5,-4,1,1.0,0,2,1,1800,9,-3,-3,1,1423,0,0
4651,0.0,199603,-3,0,1,4,3,3,5,5,1,-4,-4,0,,-4,2,1,1800,9,-3,-3,1,349,0,-2
4652,1.0,200004,0,0,0,3,2,3,5,4,2,4,-4,0,,0,2,0,79550,6,12,12,1,-4,-5,-5
4653,1.0,-4,0,0,3,5,4,3,1,1,1,-4,-4,0,,-4,1,0,79550,6,12,12,1,9679,-5,-5
4654,1.0,-4,0,2,0,13,2,2,5,5,3,-4,-4,0,0.0,-4,1,1,1000,5,-3,12,1,31388,0,0
4655,1.0,199701,0,1,0,0,2,3,1,1,1,2,-4,0,0.0,10,2,0,-5108,5,-3,12,4,43992,0,-4
4656,0.0,-4,0,0,0,6,2,3,4,2,3,4,-4,0,0.0,0,2,0,500,5,12,12,1,2387,0,0
4657,1.0,-4,0,0,1,5,2,2,4,2,2,-4,-4,0,0.0,-4,2,0,500,5,12,12,1,1735,0,0
4658,1.0,201703,0,0,0,8,2,3,5,3,1,4,-4,0,1.0,0,2,0,600000,6,16,13,1,10471,0,0
4659,0.0,-4,0,0,0,8,2,4,4,3,1,3,-4,0,,15,1,-4,-4,6,16,13,1,49489,-5,-5
4660,0.0,200112,0,0,0,7,2,3,3,4,1,3,-4,1,,50,1,-4,-4,2,-3,12,1,88788,0,0
4661,0.0,-4,0,0,0,0,2,3,3,3,1,3,-4,0,0.0,0,1,-4,-4,3,-3,-3,4,29411,0,0
4662,1.0,-4,0,0,0,0,2,2,1,1,1,-4,-4,0,,-4,2,0,-3,6,16,14,4,95220,0,0
4663,1.0,-4,0,0,0,5,2,2,2,2,2,3,-4,0,0.0,25,1,0,179500,3,14,12,4,68064,0,0
4664,0.0,200708,0,0,0,8,1,1,4,1,5,-4,-4,1,0.0,-4,2,1,-3,3,12,12,4,11567,0,-2
4665,0.0,199503,2,0,0,10,2,2,4,3,3,3,-4,0,,50,1,-4,-4,5,14,14,4,-4,-5,-5
4666,0.0,-4,0,1,6,8,2,3,4,4,3,-4,-4,1,0.0,-4,1,0,-3,3,13,11,4,49515,0,0
4667,0.0,199811,0,0,0,7,1,3,2,1,1,-4,-4,1,,-4,2,0,-3,3,13,11,4,41851,0,0
4668,0.0,200709,0,0,0,6,2,2,1,1,2,-4,-4,1,0.0,-4,1,0,4750,5,10,14,2,34426,0,0
4669,0.0,-4,0,0,0,5,3,3,1,1,2,-4,-4,0,0.0,-4,1,0,195750,3,12,12,4,21260,0,0
4670,0.0,-4,0,0,0,20,2,2,3,4,2,3,-4,0,0.0,50,2,0,10700,5,12,13,2,33127,0,0
4671,1.0,-4,0,0,0,32,2,3,3,4,2,-4,-4,0,0.0,-4,2,0,10700,5,12,13,2,55554,0,0
4672,0.0,201209,0,1,0,25,2,3,4,4,1,3,-4,0,1.0,50,2,0,77800,4,12,16,4,21536,0,0
4673,1.0,-4,0,0,0,0,2,1,2,2,1,-4,-4,0,0.0,-4,2,0,77800,4,12,16,4,60777,0,0
4674,1.0,200709,0,0,0,30,1,2,3,1,2,-4,-4,0,1.0,-4,2,0,9000,3,12,11,4,61613,0,0
4675,0.0,-4,0,0,0,4,3,3,5,5,3,5,-4,1,0.0,10,2,0,-3,3,-4,11,1,10170,0,1
4676,0.0,-4,0,0,1,10,2,4,3,5,3,2,-4,0,,0,2,-4,-4,4,-3,-3,4,-4,0,0
4677,1.0,-4,0,0,0,2,2,2,3,2,1,-4,-4,0,,-4,2,-4,-4,4,-3,-3,4,-4,0,0
4678,0.0,-3,0,0,0,0,1,1,1,1,1,1,-4,0,,0,2,0,-3,8,-4,-4,2,-4,-2,-4
4679,1.0,200107,1,0,0,7,2,4,4,3,1,-4,-4,1,0.0,-4,1,-4,-4,8,12,13,2,73036,0,0
4680,0.0,199506,0,0,0,21,3,4,3,2,3,-4,-4,1,0.0,-4,1,1,-6850,3,13,14,4,40243,0,0
4681,1.0,-4,0,0,0,1,2,2,3,2,2,-4,-4,0,,-4,1,-4,-4,5,12,8,4,18576,0,-4
4682,1.0,199912,2,0,2,16,2,3,5,3,3,-1,-4,0,,0,1,0,-3,3,12,11,3,4327,0,0
4683,0.0,200411,0,0,0,4,2,3,2,3,1,2,-4,0,,10,2,-4,-4,3,-3,-3,3,55561,0,0
4684,1.0,-4,0,0,0,4,2,1,3,1,1,-4,-4,0,,-4,2,-4,-4,3,-3,-3,3,58703,0,0
4685,0.0,-4,0,0,0,10,2,2,2,4,2,3,-4,0,,0,2,0,-3,4,13,12,4,-4,0,0
4686,1.0,-4,0,0,0,1,2,2,3,3,1,1,-4,0,0.0,-4,2,0,103500,4,4,15,3,70806,-5,-5
4687,1.0,-4,0,0,0,0,2,1,1,1,1,-4,-4,0,0.0,-4,2,0,29500,5,12,11,4,81336,0,0
4688,1.0,-4,0,0,0,0,1,2,3,4,2,-1,-4,0,0.0,0,2,-4,-4,5,7,3,4,46267,0,0
4689,1.0,-4,0,0,0,0,1,2,2,1,1,-4,-4,0,0.0,-4,2,-4,-4,5,7,3,4,29553,-5,-5
4690,0.0,199506,1,0,0,5,2,2,3,4,1,-1,-4,0,0.0,20,1,0,-3,4,-3,11,4,57340,0,0
4691,1.0,201211,0,0,0,-2,2,3,2,2,2,-4,-4,1,0.0,-4,1,0,-3,4,-3,11,4,25145,0,0
4692,0.0,199607,0,0,0,67,2,2,5,5,2,-2,-4,0,,20,1,0,2950,3,12,11,4,-4,0,0
4693,0.0,199707,0,0,0,5,2,2,3,2,3,1,-4,1,,25,1,0,4250,3,12,12,2,43886,0,0
4694,0.0,-4,0,1,0,6,2,3,1,1,1,-4,-4,0,0.0,-4,2,0,4250,3,12,12,2,89566,0,0
4695,0.0,-4,0,0,1,10,2,2,3,3,2,3,-4,0,,50,2,0,4750,2,-4,-3,2,23825,0,-4
4696,1.0,-4,0,0,0,7,2,2,3,5,2,5,-4,1,0.0,0,2,0,52250,4,12,7,2,13158,0,0
4697,1.0,-4,0,0,0,11,1,1,1,1,1,-4,-4,0,0.0,-4,2,0,7150,3,-4,13,4,36072,0,-4
4698,1.0,-4,0,0,0,0,3,2,1,1,1,1,-4,1,,25,2,0,4750,7,3,6,2,4130,0,0
4699,1.0,-4,0,0,0,14,3,2,3,4,2,2,-4,0,,50,2,0,4750,7,3,6,2,2872,0,0
4700,1.0,-4,0,0,0,14,2,2,3,4,3,-4,-4,0,0.0,-4,2,0,4750,7,3,6,2,16433,0,0
4701,0.0,-4,0,0,0,1,1,1,1,1,1,-4,-4,0,,-4,1,-4,-4,8,-3,-3,2,3829,0,0
4702,1.0,-4,0,0,0,3,2,2,1,1,1,-4,-4,0,0.0,-4,1,0,-3,5,10,14,2,85854,0,0
4703,1.0,-4,0,0,0,10,2,2,3,1,2,-4,-4,0,0.0,-4,1,0,212000,6,12,13,3,37419,-5,-5
4704,0.0,-4,0,1,1,30,2,2,2,1,1,-4,-4,1,,-4,2,0,5750,3,-3,4,4,46224,-5,-5
4705,0.0,-4,0,0,0,2,2,2,1,1,1,2,-4,0,,10,1,0,700,6,-3,8,2,-4,0,0
4706,1.0,-4,0,0,0,1,2,3,2,3,1,2,-4,0,,10,2,0,119000,5,12,12,2,94715,-5,-5
4707,1.0,-4,0,2,0,2,2,3,2,1,1,-4,-4,0,,-4,2,0,119000,5,12,12,2,56102,0,0
4708,0.0,-4,0,1,0,4,2,2,3,2,2,3,-4,0,0.0,-4,2,0,-3,4,12,11,4,72265,0,0
4709,0.0,-4,0,1,1,0,2,3,2,1,1,-4,-4,0,0.0,-4,1,0,-3,4,12,11,4,30796,0,0
4710,1.0,-4,0,0,0,5,3,2,2,3,1,2,-4,1,1.0,0,1,0,152500,5,13,13,4,89261,0,0
4711,0.0,-4,0,1,0,11,3,3,2,4,1,-4,-4,0,0.0,-4,2,0,152500,5,13,13,4,98417,0,0
4712,0.0,200501,1,5,0,7,2,2,2,1,1,-4,-4,1,0.0,-4,1,0,-3,4,8,8,4,143,-5,-5
4713,0.0,-4,0,0,0,1,1,3,4,3,1,4,-4,0,,0,1,-4,-4,5,12,12,4,1229,-5,-5
4714,1.0,-4,0,0,0,2,3,3,2,5,3,3,-4,0,0.0,0,2,0,168000,4,12,14,4,34819,0,0
4715,0.0,-4,0,0,0,0,2,1,4,1,3,4,-4,0,,-4,2,0,75750,2,-4,-3,2,6639,0,-4
4716,1.0,-4,0,0,0,5,2,1,1,1,1,-4,-4,0,0.0,-4,2,0,-3,5,14,13,4,52412,0,0
4717,0.0,-4,0,0,0,0,2,2,2,2,3,3,-4,0,,10,1,-4,-4,7,2,2,2,8215,0,0
4718,0.0,-4,0,0,0,0,3,3,4,4,2,4,-4,0,,5,2,0,141250,7,2,2,2,16254,0,0
4719,1.0,-4,0,0,0,2,2,2,2,3,1,2,-4,0,0.0,5,2,0,230500,5,18,16,4,94102,0,0
4720,1.0,-4,0,0,0,3,2,2,2,2,2,-4,-4,1,1.0,-4,2,0,15900,4,-4,12,4,60387,-5,-5
4721,0.0,-4,0,0,0,10,2,3,4,3,2,4,-4,0,0.0,2,2,0,26000,3,11,14,4,56437,0,0
4722,1.0,-4,0,0,0,3,2,2,4,2,1,3,-4,0,0.0,-4,2,0,26000,3,11,14,4,36833,0,0
4723,1.0,-4,0,0,0,5,3,2,2,1,1,-4,-4,0,0.0,-4,2,0,262500,4,17,18,4,29088,0,0
4724,1.0,-4,0,0,0,1,2,2,2,3,1,1,-4,0,0.0,0,1,0,6750,5,19,18,3,79890,0,0
4725,1.0,-4,0,0,0,7,1,2,1,2,1,2,-4,1,1.0,0,2,0,-3,5,12,14,4,55251,-5,-5
4726,0.0,200302,1,2,0,5,2,2,4,4,2,3,-4,0,,15,2,-2,152250,4,10,-3,4,44613,0,0
4727,0.0,-4,0,0,0,5,2,2,3,2,1,-4,-4,0,,-4,1,0,118700,3,16,13,4,6113,-5,-5
4728,1.0,-4,0,0,0,2,1,1,5,5,1,1,-4,0,1.0,-4,2,0,131700,4,12,13,4,60238,0,0
4729,0.0,-4,0,2,0,7,2,4,2,4,2,3,-4,0,1.0,0,2,0,245650,3,14,15,4,13710,0,0
4730,1.0,-4,0,0,0,0,2,4,3,4,2,1,-4,0,0.0,0,2,0,-3,3,14,17,4,52445,0,0
4731,1.0,-4,0,0,0,4,2,2,2,2,1,2,-4,0,0.0,5,1,0,212500,6,18,17,4,89380,0,0
4732,1.0,-4,0,0,0,6,1,1,1,1,1,-4,-4,0,0.0,-4,2,0,212500,6,18,17,4,99069,0,0
4733,0.0,201508,2,0,0,2,2,2,1,1,1,-4,-4,0,0.0,-4,2,0,1450,3,8,11,2,20076,0,0
4734,0.0,-4,0,0,1,2,2,2,3,2,1,-4,-4,0,0.0,-4,1,0,22950,6,3,9,2,362,0,0
4735,0.0,-4,0,5,10,15,2,2,4,5,5,3,-4,0,0.0,0,1,0,80500,4,-3,12,2,-4,0,0
4736,1.0,-4,0,0,0,5,3,2,2,1,2,-4,-4,1,1.0,-4,1,0,-2250,5,10,14,4,76309,0,0
4737,0.0,-4,0,0,0,3,2,2,4,4,2,1,-4,0,0.0,-4,1,0,237601,5,12,12,4,25471,0,-4
4738,0.0,-4,0,0,0,10,1,2,3,2,2,3,-4,0,0.0,0,2,-4,-4,5,-4,-3,4,-4,-5,-5
4739,1.0,-4,0,1,0,3,2,2,1,1,1,1,-4,0,0.0,-4,2,0,12700,5,12,17,2,84094,0,0
4740,1.0,-4,0,0,0,10,1,2,3,4,3,4,-4,0,0.0,30,1,0,176750,8,12,12,2,33212,0,0
4741,0.0,-4,0,0,0,2,3,2,2,3,2,-4,-4,0,0.0,-4,2,0,176750,8,12,12,2,50053,-5,-5
4742,0.0,199810,0,0,0,0,2,2,2,2,1,3,-4,1,0.0,50,2,0,84800,5,14,12,2,18815,0,0
4743,1.0,200001,0,0,0,0,2,2,2,1,2,-4,-4,0,0.0,-4,1,0,168700,4,14,12,1,30552,0,0
4744,1.0,200002,0,2,0,3,2,2,2,1,2,-4,-4,1,0.0,-4,1,0,56800,5,14,11,4,-4,0,0
4745,0.0,200201,0,0,0,5,2,2,2,1,1,-4,-4,0,0.0,-4,1,0,48700,5,-3,12,2,42924,0,0
4746,1.0,-4,0,0,0,7,1,1,1,1,1,-4,-4,1,,-4,1,-4,-4,5,12,12,4,41927,-5,-5
4747,1.0,-4,0,0,0,1,2,3,2,2,1,3,-4,0,0.0,20,2,0,72050,3,14,20,1,22758,0,0
4748,1.0,-4,0,1,1,15,2,3,1,1,1,-4,-4,0,1.0,-4,2,0,43800,3,16,14,4,73388,0,0
4749,0.0,199411,0,0,0,1,1,2,4,5,4,4,-4,0,0.0,50,1,0,17600,3,12,12,4,46659,0,0
4750,0.0,-4,0,0,0,3,2,2,2,2,1,-4,-4,0,0.0,-4,1,0,40500,4,12,12,4,67153,0,0
4751,1.0,-4,0,0,0,0,2,2,1,1,1,1,-4,0,0.0,0,1,0,24250,7,19,17,4,72105,0,0
4752,1.0,199811,0,0,0,7,2,1,3,3,1,-2,-4,0,1.0,0,1,-4,-4,4,12,12,4,19183,0,0
4753,1.0,-4,0,6,1,8,2,2,2,2,2,2,-4,0,0.0,-4,2,-4,-4,4,12,12,4,19781,0,0
4754,1.0,-4,0,0,0,6,2,2,2,2,2,-2,-4,0,,5,2,-4,-4,6,11,12,4,-4,0,-4
4755,0.0,200909,0,1,0,4,2,3,3,5,1,4,-4,0,,20,2,1,750,4,-3,17,2,27656,0,0
4756,1.0,-4,0,0,0,0,2,2,4,3,2,-2,-4,0,0.0,10,2,-4,-4,6,-3,-3,4,24378,-5,-5
4757,1.0,-4,0,0,0,0,2,2,-2,2,1,-4,-4,0,0.0,-4,2,-4,-4,6,-3,-3,4,17360,0,0
4758,1.0,-4,0,0,0,16,3,4,4,5,3,4,-4,0,,20,2,0,24188,5,8,14,1,77261,0,0
4759,1.0,-4,0,0,0,6,2,2,3,3,1,4,-4,0,0.0,5,1,0,15550,4,12,9,4,90763,0,0
4760,0.0,200105,0,0,0,2,1,2,1,-2,1,-4,-4,1,0.0,-4,2,0,15550,4,12,9,4,59300,0,0
4761,1.0,200108,0,0,0,4,2,2,3,1,1,-4,-4,1,,-4,2,1,8700,3,14,13,4,83513,0,0
4762,1.0,-4,0,0,0,6,2,1,1,1,1,-4,-4,0,0.0,-4,1,0,6950,3,12,12,2,34419,0,0
4763,1.0,-4,0,0,0,6,2,1,2,1,1,-4,-4,0,0.0,-4,1,0,68750,2,16,14,4,96906,0,-4
4764,0.0,-4,0,1,0,6,2,2,3,3,2,4,-4,0,0.0,50,1,0,3550,3,8,7,2,-4,0,0
4765,1.0,-4,0,0,0,0,2,2,2,2,4,5,-4,0,,20,1,-4,-4,10,16,-3,4,32881,0,0
4766,0.0,-4,0,0,0,4,2,2,4,3,2,-2,-4,0,,20,1,0,-3,4,14,12,2,-4,0,0
4767,0.0,199811,1,0,0,5,-2,2,2,2,1,-4,-4,0,,-4,2,0,-3,4,14,12,2,-4,-5,-5
4768,0.0,-4,0,0,0,4,2,3,4,3,3,-4,-4,0,0.0,-4,2,0,4950,5,12,9,2,59057,0,-2
4769,1.0,-4,0,0,0,0,2,2,2,3,1,4,-4,0,,10,1,0,20500,4,12,13,4,-4,0,0
4770,1.0,-4,0,3,0,1,2,2,4,3,1,3,-4,0,,5,2,0,45500,3,20,14,4,-4,0,0
4771,1.0,201212,2,0,0,4,2,2,2,1,2,-4,-4,0,0.0,-4,2,0,-14450,2,16,13,4,-4,0,0
4772,1.0,-4,0,0,0,3,2,2,1,1,1,-4,-4,0,0.0,-4,2,0,7500,3,11,14,2,73298,0,0
4773,0.0,-4,0,0,0,2,2,3,3,2,2,2,-4,0,0.0,10,2,0,2350,4,14,6,2,42185,0,0
4774,0.0,-4,0,0,0,0,2,2,1,1,2,-4,-4,0,0.0,-4,1,0,2350,4,14,6,2,21164,0,0
4775,0.0,-4,0,0,1,6,2,4,3,2,5,-4,-4,0,0.0,-4,2,0,24900,7,3,12,2,6958,0,0
4776,1.0,-4,0,0,0,0,1,2,2,1,1,-4,-4,0,0.0,-4,1,1,53129,4,2,2,2,48138,0,0
4777,1.0,200811,1,0,0,10,3,2,4,5,5,5,-4,0,,50,2,0,2880,6,11,6,2,-4,0,0
4778,0.0,-4,0,0,0,0,2,1,4,3,5,5,-4,0,0.0,50,2,0,23750,6,-4,2,2,-4,0,-2
4779,0.0,199701,0,0,1,9,2,2,5,3,1,-4,-4,0,0.0,-4,2,0,55500,7,12,12,2,45366,0,0
4780,0.0,-4,0,0,0,14,2,1,2,3,5,3,-4,0,1.0,70,1,0,46750,7,13,8,2,-4,0,0
4781,0.0,199206,0,2,0,20,2,4,3,3,1,2,-4,-3,1.0,0,1,0,3836,3,10,11,4,2618,0,0
4782,1.0,-4,0,0,0,3,2,2,2,3,2,2,-4,0,0.0,20,1,0,-3,3,10,9,2,-4,0,1
4783,1.0,-4,0,0,0,3,2,2,2,2,1,1,-4,0,0.0,-4,2,0,-3,3,10,9,2,-4,0,0
4784,0.0,-4,0,0,0,0,2,2,1,1,1,-4,-4,0,0.0,-4,2,0,750,5,6,-3,2,13435,0,0
4785,1.0,-4,0,1,0,2,1,3,1,3,2,3,-4,0,0.0,0,2,0,115550,6,12,12,2,61479,0,0
4786,0.0,-4,0,0,0,4,2,2,1,1,1,-4,-4,0,0.0,-4,2,0,115550,6,12,12,2,52399,0,0
4787,1.0,-4,0,2,0,3,1,2,2,2,1,1,-4,0,1.0,-4,1,0,-3,4,18,15,4,52219,0,0
4788,1.0,200003,0,0,0,2,2,-2,3,3,2,-2,-4,0,0.0,2,1,0,-3,4,12,16,4,98261,0,0
4789,1.0,-4,0,0,0,1,2,-2,3,3,1,1,-4,0,0.0,-4,2,0,-3,4,12,16,4,56924,0,0
4790,1.0,200104,3,4,1,13,2,3,3,1,4,-4,-4,0,1.0,-4,1,0,17500,3,20,13,4,77219,0,0
4791,0.0,-4,0,0,0,3,2,2,3,5,1,3,-4,0,,25,1,0,-3,4,16,16,4,-4,-5,-5
4792,1.0,-4,0,0,0,5,2,1,2,2,1,2,-4,0,0.0,-4,2,-4,-4,4,15,14,4,59929,0,0
4793,1.0,-4,0,0,0,1,2,1,3,3,2,2,-4,0,0.0,20,1,-4,-4,5,17,16,4,-4,0,0
4794,1.0,-4,0,0,0,1,2,2,3,1,2,1,-4,1,,0,1,0,-3,4,16,16,4,-4,-5,-5
4795,1.0,-4,0,0,3,4,2,2,2,3,1,5,-4,0,0.0,0,2,0,1150,7,-4,12,2,-4,0,0
4796,1.0,199703,3,1,0,5,2,2,3,3,4,3,-4,1,0.0,50,2,-4,-4,4,12,14,4,28103,0,0
4797,1.0,-4,0,0,0,6,1,2,2,1,1,-4,-4,1,0.0,-4,2,0,19500,4,12,16,4,81956,0,0
4798,0.0,-4,0,2,0,4,1,1,1,1,1,-4,-4,1,0.0,-4,1,0,-3,5,20,13,2,37775,0,0
4799,1.0,-4,0,0,0,1,2,2,2,2,1,-2,-4,1,1.0,5,1,0,92300,3,16,14,4,73210,0,0
4800,0.0,199610,1,0,0,7,2,1,2,1,1,-4,-4,0,0.0,-4,1,0,11750,3,12,11,4,42726,-5,-5
4801,1.0,200602,1,1,0,3,2,3,3,2,2,-4,-4,0,0.0,-4,2,0,237000,3,16,13,4,89023,0,0
4802,1.0,-4,0,0,0,8,1,1,2,2,1,3,-4,0,0.0,-4,2,0,-950,4,16,16,4,-4,0,0
4803,1.0,-4,0,0,0,1,2,3,1,1,1,-4,-4,0,0.0,-4,1,0,69600,4,15,14,4,64954,0,0
4804,1.0,-4,0,0,0,0,2,2,4,2,1,1,-4,0,,-4,2,0,50800,5,12,12,4,39886,0,0
4805,0.0,-4,0,0,0,5,2,2,1,1,1,-4,-4,0,0.0,-4,1,0,5000,4,10,11,4,57602,0,0
4806,0.0,-4,0,0,0,0,1,3,2,1,1,-4,-4,0,1.0,-4,2,1,16350,4,-3,14,4,48726,-5,-5
4807,0.0,200112,0,0,0,1,2,2,4,3,1,-4,-4,0,0.0,-4,2,0,-5150,3,12,12,4,68145,-5,-5
4808,0.0,199407,0,0,0,4,2,2,2,1,1,2,-4,-3,0.0,52,1,0,8500,3,12,9,4,-4,0,1
4809,0.0,-4,0,0,0,4,1,1,2,1,1,-4,-4,0,,-4,2,0,-4241,3,11,11,4,-4,0,0
4810,0.0,199612,2,0,1,5,2,2,3,3,1,-4,-4,0,0.0,-4,1,0,61050,6,12,11,4,23489,-5,-5
4811,0.0,-4,0,1,0,1,1,2,2,3,1,-4,-4,0,0.0,-4,2,0,61050,6,12,11,4,54258,0,0
4812,1.0,-4,0,0,0,1,3,-2,1,1,1,-4,-4,1,0.0,-4,2,0,101900,4,13,16,4,90860,0,0
4813,1.0,-4,0,0,0,0,2,2,3,-2,1,-4,-4,0,0.0,-4,1,0,179900,3,16,18,4,62617,0,0
4814,1.0,-4,0,0,0,7,3,3,1,1,1,-4,-4,0,1.0,-4,1,0,202750,3,20,12,4,89008,0,0
4815,1.0,-4,0,0,0,3,1,2,1,1,1,-4,-4,0,0.0,-4,2,0,42100,7,20,20,4,100000,0,0
4816,1.0,-4,0,0,0,9,2,3,3,4,1,3,-4,0,0.0,30,2,0,-3,5,12,13,4,85215,0,0
4817,0.0,200212,0,0,0,1,3,4,4,2,1,3,-4,1,,25,1,0,-3,5,12,13,4,92098,0,-2
4818,1.0,-4,0,0,0,0,2,1,1,1,1,-4,-4,0,0.0,-4,1,0,225000,4,14,14,4,95580,0,0
4819,0.0,199906,0,0,0,0,2,2,-2,-2,1,-2,-4,0,0.0,-4,1,0,-3,4,5,20,4,75651,-5,-5
4820,1.0,-4,0,0,0,2,1,2,3,2,1,1,-4,0,0.0,-4,1,0,74300,4,12,14,4,97800,0,0
4821,1.0,-4,0,0,0,3,2,1,1,1,1,-4,-4,0,0.0,-4,2,0,74300,4,12,14,4,77652,-5,-5
4822,1.0,-4,0,0,0,6,1,1,1,1,1,-4,-4,0,1.0,-4,2,0,74300,4,12,14,4,78734,0,0
4823,,-4,0,0,0,6,2,2,4,4,1,-4,-4,0,,-4,2,0,125000,5,12,12,4,76867,-5,-5
4824,0.0,-4,0,0,0,0,2,2,3,3,1,2,-4,0,,0,1,0,-3,4,12,12,4,50988,-5,-5
4825,1.0,-4,0,0,0,5,2,3,4,2,2,1,-4,1,1.0,20,2,0,252500,4,11,13,4,49115,-5,-5
4826,1.0,-4,0,0,0,3,2,3,3,2,1,2,-4,0,0.0,3,1,0,384000,4,16,14,4,98327,-5,-5
4827,1.0,-4,0,0,0,3,2,3,4,3,1,3,-4,0,0.0,10,1,0,384000,4,16,14,4,49221,0,0
4828,1.0,-4,0,0,0,0,1,2,3,3,2,3,-4,0,0.0,15,2,0,157750,4,12,12,4,-4,0,0
4829,1.0,200307,0,2,0,0,2,2,3,2,1,3,-4,1,0.0,0,2,1,24550,5,13,13,4,9427,-5,-5
4830,1.0,-4,0,0,0,1,1,2,1,1,1,-4,-4,0,0.0,-4,1,0,113500,4,20,18,4,95930,0,0
4831,0.0,200208,2,5,1,5,3,3,3,2,2,3,-4,1,0.0,40,1,0,2500,2,12,12,4,-4,0,0
4832,1.0,200005,1,0,0,2,1,3,1,1,1,-4,-4,0,0.0,-4,1,0,63300,5,16,16,4,91591,0,0
4833,0.0,200506,0,-4,-4,-4,-4,-4,3,3,1,4,-4,1,1.0,20,1,0,273863,4,20,19,4,100000,0,0
4834,0.0,-4,0,0,0,20,2,3,4,3,1,3,-4,1,1.0,5,2,0,-210,4,10,11,4,63168,0,0
4835,1.0,-4,0,0,0,10,2,2,3,1,1,-4,-4,0,0.0,-4,1,0,-210,4,10,11,4,37739,0,0
4836,0.0,199912,0,0,0,0,2,2,4,3,2,1,-4,0,0.0,0,1,0,270500,4,13,14,4,55070,0,0
4837,1.0,-4,0,0,0,5,2,2,3,2,1,1,-4,0,0.0,3,2,0,160700,5,12,16,4,66693,0,0
4838,1.0,-4,0,0,0,1,1,2,5,3,1,-4,-4,0,0.0,-4,2,0,170450,4,12,12,4,53674,0,0
4839,1.0,-4,0,1,1,0,2,1,1,1,1,-4,-4,1,0.0,-4,1,0,455500,5,12,12,4,54946,0,0
4840,1.0,-4,0,0,0,3,2,2,3,2,1,-4,-4,0,0.0,-4,1,0,238500,4,16,12,4,23402,-5,-5
4841,1.0,-4,0,1,0,10,2,2,4,3,1,-4,-4,0,0.0,-4,2,0,70250,4,15,8,4,84073,0,0
4842,1.0,200010,0,0,0,9,2,2,5,1,1,-4,-4,0,0.0,-4,2,0,70250,4,15,8,4,92270,0,0
4843,0.0,-4,0,1,0,1,2,2,4,3,1,2,-4,0,,0,2,0,-3,5,12,-4,4,54580,0,0
4844,0.0,-4,0,6,0,1,1,4,4,3,2,-4,-4,1,1.0,-4,1,0,-3,5,11,12,4,13325,-5,-5
4845,0.0,-4,0,0,0,5,2,1,4,4,1,1,-4,0,0.0,0,1,0,64500,4,11,12,4,68012,0,0
4846,0.0,-4,0,2,0,5,3,3,4,3,1,-4,-4,0,0.0,-4,2,0,64500,4,11,12,4,15777,0,0
4847,0.0,199611,5,0,6,10,4,3,4,5,1,5,-4,0,1.0,25,1,0,37450,2,-3,10,4,56578,-5,-5
4848,0.0,-4,0,1,0,2,2,3,2,1,1,-4,-4,0,,-4,1,0,66700,4,12,12,4,64711,0,0
4849,0.0,200403,0,0,0,2,2,1,1,1,1,-4,-4,0,,-4,1,0,117100,5,16,13,4,47756,0,0
4850,0.0,-4,0,0,0,3,1,3,4,4,3,5,-4,0,0.0,3,2,-4,-4,6,-3,14,4,45413,0,0
4851,1.0,-4,0,0,0,3,1,2,1,1,1,-4,-4,0,0.0,-4,1,-4,-4,6,-4,-4,4,71887,0,-2
4852,1.0,-4,0,0,0,4,2,2,2,3,1,2,-4,0,0.0,10,2,0,600000,4,16,14,4,67479,0,0
4853,1.0,-4,0,1,0,0,2,2,1,-2,1,-4,-4,1,0.0,-4,1,0,293500,4,18,17,4,85126,0,0
4854,,-4,0,0,0,9,2,3,3,4,2,-4,-4,0,,-4,2,0,-3,6,10,6,4,29988,-5,-5
4855,1.0,-4,0,0,0,4,2,2,2,1,1,-4,-4,0,0.0,-4,2,0,138500,4,12,12,4,62330,0,0
4856,1.0,-4,0,0,0,18,2,2,5,4,2,3,-4,0,0.0,40,2,0,74001,6,-3,4,2,58139,0,0
4857,0.0,200202,2,0,0,17,2,3,1,1,1,-4,-4,0,0.0,-4,2,0,74001,6,-3,2,2,3353,0,0
4858,1.0,-4,0,0,0,1,2,2,1,1,1,-4,-4,0,0.0,-4,2,0,62900,5,17,17,4,97702,0,0
4859,1.0,-4,0,5,0,15,2,3,4,3,1,4,-4,0,,0,2,0,1750,2,12,12,4,76132,-5,-5
4860,0.0,-4,0,0,0,2,2,2,4,3,1,4,-4,0,0.0,0,2,0,47000,3,-4,13,4,24319,0,-2
4861,0.0,200310,0,0,0,10,3,3,4,4,2,5,-4,0,0.0,50,1,0,-3,4,12,12,4,15832,-5,-5
4862,1.0,-4,0,0,0,6,1,1,2,2,1,1,-4,0,0.0,0,2,0,10700,3,11,12,4,59635,0,0
4863,1.0,200001,0,0,0,3,2,2,3,2,1,3,-4,0,0.0,10,1,0,34500,5,14,16,4,82847,0,0
4864,1.0,200010,4,2,1,6,3,3,1,1,1,-4,-4,0,0.0,-4,1,0,34500,5,14,16,4,55075,0,0
4865,0.0,199911,0,2,0,16,2,3,4,2,1,1,-4,0,0.0,-4,2,0,35600,5,12,16,4,52554,0,0
4866,1.0,-4,0,0,0,0,2,3,2,1,1,2,-4,0,0.0,-4,1,0,35000,3,12,12,4,81610,-5,-5
4867,0.0,-4,0,5,0,3,2,2,-1,1,1,-4,-4,0,0.0,-4,2,0,44500,5,-4,8,4,2308,0,0
4868,0.0,200208,0,0,0,0,2,3,5,5,1,1,-4,0,0.0,0,2,0,18750,7,11,11,4,2573,0,0
4869,0.0,199811,0,0,1,4,1,4,2,2,1,-4,-4,0,0.0,-4,1,0,-3,4,-4,11,4,15171,-5,-5
4870,1.0,200410,0,0,0,1,1,2,2,2,1,2,-4,0,0.0,30,1,0,-3,4,12,12,4,93080,0,0
4871,1.0,-4,0,0,0,7,1,3,4,3,3,4,-4,0,0.0,0,2,-4,-4,3,-4,13,4,89185,0,0
4872,1.0,-4,0,1,0,1,1,1,1,1,1,-4,-4,0,0.0,-4,1,-4,-4,3,-4,13,4,55194,-5,-5
4873,1.0,-4,0,0,0,8,2,3,1,3,1,-4,-4,0,0.0,-4,2,0,75000,7,12,12,4,51127,0,0
4874,0.0,-4,0,0,1,5,2,2,1,1,1,-4,-4,0,0.0,-4,1,0,75000,7,12,12,4,3272,0,0
4875,1.0,-4,0,0,0,6,2,4,1,2,1,-4,-4,0,0.0,-4,2,0,-3,5,12,14,4,64686,0,0
4876,1.0,-4,0,0,0,0,2,2,5,5,1,-4,-4,0,0.0,-4,2,0,-3,7,14,14,4,87924,0,0
4877,1.0,-4,0,0,0,0,1,1,1,-2,-2,-4,-4,0,1.0,-4,2,0,-3,7,14,14,4,45857,0,-2
4878,1.0,-4,0,0,0,3,2,3,3,2,1,2,-4,0,0.0,-4,2,0,-3,5,12,12,4,91577,0,0
4879,1.0,-4,0,0,0,8,1,2,1,1,1,-4,-4,0,0.0,-4,2,0,22000,2,-4,14,4,-4,0,0
4880,0.0,199706,0,3,0,5,2,2,5,2,4,-4,-4,0,,-4,2,0,4550,6,9,12,4,18097,-5,-5
4881,1.0,-4,0,0,0,1,2,2,3,2,1,-4,-4,0,0.0,-4,2,0,85500,3,14,14,4,-4,0,0
4882,1.0,-4,0,0,0,6,2,3,4,3,1,3,-4,0,,20,2,0,4750,5,16,15,4,56301,0,0
4883,0.0,-4,0,0,0,3,2,2,1,1,1,-4,-4,0,,-4,1,0,-3,5,14,12,4,35565,-5,-5
4884,0.0,-4,0,0,0,10,2,2,4,4,1,-2,-4,0,0.0,0,1,-4,-4,4,11,11,4,31435,0,0
4885,1.0,-4,0,0,0,0,1,2,3,2,4,-4,-4,1,1.0,-4,2,0,51500,4,16,16,4,80441,0,0
4886,0.0,200511,1,0,0,2,2,2,2,1,1,-4,-4,0,0.0,-4,1,0,-3,5,12,10,4,47928,-5,-5
4887,1.0,-4,0,0,0,25,2,2,2,2,1,-4,-4,0,0.0,-4,1,0,8000,3,-4,13,4,68585,0,-4
4889,1.0,-4,0,0,0,2,1,2,3,5,1,-4,-4,0,0.0,-4,1,0,-3,5,18,18,4,47042,0,0
4890,1.0,-4,0,1,1,1,2,3,1,1,1,-4,-4,1,0.0,-4,1,0,94500,6,18,16,4,55872,0,0
4891,1.0,-4,0,0,0,5,1,2,3,2,1,-4,-4,0,0.0,-4,1,0,283500,2,12,13,4,-4,0,0
4892,0.0,-4,0,3,3,10,3,3,4,1,1,-4,-4,0,,-4,1,0,47750,4,9,11,4,6637,0,0
4893,0.0,199612,1,0,0,18,4,3,5,4,1,4,-4,1,1.0,25,2,-4,-4,4,16,14,4,9360,-5,-5
4894,0.0,200102,0,12,0,30,3,2,5,5,5,5,-4,1,1.0,75,1,-4,44455,4,7,12,4,78712,0,-2
4895,1.0,-4,0,0,0,5,2,3,3,2,1,-4,-4,0,,-4,2,0,-3,4,12,12,4,91625,0,0
4896,0.0,200206,0,0,0,4,1,1,3,1,1,-4,-4,0,,-4,1,0,4000,3,10,10,4,20776,-5,-5
4897,1.0,-4,0,3,0,6,2,2,3,1,1,-4,-4,0,1.0,-4,1,0,40500,3,13,12,4,71536,0,0
4898,0.0,199809,0,0,0,6,2,3,4,2,1,-4,-4,0,,-4,2,0,-3,3,10,12,4,14504,-5,-5
4899,1.0,-4,0,0,0,5,2,2,4,5,1,-4,-4,0,0.0,-4,2,-4,-4,4,14,14,4,79714,0,0
4900,1.0,-4,0,0,0,1,3,2,4,3,1,3,-4,0,0.0,0,1,0,115250,3,12,14,4,71171,0,0
4901,0.0,-4,0,0,0,1,3,3,5,5,1,4,-4,0,0.0,0,2,0,35775,5,12,12,4,19915,0,0
4902,0.0,200109,3,0,0,8,2,4,3,2,1,-4,-4,0,0.0,-4,1,0,35775,5,12,12,4,16852,0,0
4903,1.0,-4,0,6,0,1,2,2,1,2,1,-4,-4,1,0.0,-4,2,0,20700,6,14,14,1,52429,0,0
4904,1.0,199802,0,2,1,15,4,4,3,4,1,-2,-4,1,1.0,25,2,0,93300,6,12,16,4,67953,0,0
4905,1.0,-4,0,0,0,0,2,1,3,1,2,-4,-4,0,0.0,-4,2,0,34550,4,10,13,4,35599,0,-2
4906,0.0,-4,0,0,0,5,1,2,1,1,1,-4,-4,0,0.0,-4,1,1,82100,5,-3,11,4,63342,0,0
4907,1.0,-4,0,-4,-4,-4,1,2,1,1,1,-4,-4,0,0.0,-4,1,1,82100,5,-3,11,4,24335,0,0
4908,0.0,200109,0,0,0,6,2,1,4,5,1,5,-4,0,,0,1,-4,-4,5,12,12,4,50841,0,0
4909,1.0,200510,2,0,1,0,3,3,4,2,1,-4,-4,1,0.0,-4,1,-4,23150,5,12,12,4,65673,0,0
4910,0.0,200204,-3,0,0,3,2,2,1,1,1,-4,-4,1,0.0,-4,1,-4,-4,5,12,12,4,7544,0,0
4911,1.0,-4,0,5,1,3,2,2,4,4,3,3,-4,0,0.0,-4,1,0,172000,4,12,12,4,84766,0,0
4912,1.0,-4,0,0,0,3,1,2,1,1,1,-4,-4,0,0.0,-4,1,0,172000,4,12,12,4,29173,0,0
4913,1.0,-4,0,0,0,0,2,2,1,1,1,-4,-4,0,0.0,-4,1,0,48500,5,14,12,4,84222,0,0
4914,0.0,-4,0,0,0,3,2,2,3,2,2,-4,-4,0,,-4,1,0,24500,5,12,14,4,-4,0,0
4915,1.0,-4,0,0,0,3,2,2,3,3,1,3,-4,0,0.0,5,2,0,-3,4,12,12,4,93916,0,0
4916,1.0,-4,0,0,0,7,2,3,-2,-2,1,-4,-4,0,0.0,-4,1,0,-3,4,12,12,4,74510,0,0
4917,1.0,-4,0,3,0,2,2,4,5,5,2,5,-4,0,0.0,25,2,0,59700,4,12,14,4,65362,0,0
4918,1.0,-4,0,0,0,2,1,2,1,1,1,1,-4,0,0.0,0,1,0,242750,7,12,12,4,79870,0,0
4919,0.0,-4,0,0,0,2,1,1,1,1,1,-4,-4,0,0.0,-4,1,0,242750,7,12,12,4,64039,0,0
4920,0.0,200102,0,0,0,2,2,1,2,1,1,-4,-4,1,0.0,-4,1,0,82550,4,12,12,4,23419,-5,-5
4921,0.0,-4,0,1,0,5,2,2,2,2,2,2,-4,0,0.0,3,1,0,158500,4,12,12,4,66883,0,0
4922,0.0,200406,1,0,0,5,2,2,1,1,1,-4,-4,0,,-4,1,0,158500,4,12,12,4,53373,-5,-5
4923,0.0,-4,0,0,0,4,2,2,3,2,2,-4,-4,0,0.0,-4,2,0,158600,5,12,12,4,-4,0,0
4924,,-4,0,0,0,5,2,3,1,1,1,1,-4,0,,15,2,0,92000,7,10,12,4,-4,-5,-5
4925,0.0,-4,0,0,0,1,2,2,1,1,1,-4,-4,0,,-4,2,0,92000,7,10,12,4,-4,-5,-5
4926,1.0,-4,0,0,0,0,2,2,4,4,3,3,-4,0,0.0,0,2,0,600000,5,18,19,4,39439,0,0
4927,1.0,-4,0,0,0,2,1,1,2,1,1,-4,-4,0,0.0,-4,1,0,337719,4,12,20,4,77125,-5,-5
4928,0.0,-4,0,0,0,9,2,2,2,2,1,3,-4,0,,30,1,-4,-4,3,12,12,4,57725,-5,-5
4929,0.0,199503,-3,1,1,0,2,3,3,2,2,3,-4,0,1.0,-4,1,-4,-4,5,-4,12,4,-4,0,0
4930,0.0,-4,0,0,0,2,4,3,2,2,2,-4,-4,0,,-4,1,-4,-4,5,-4,12,4,-4,0,0
4931,0.0,-4,0,0,0,5,2,3,2,1,1,-4,-4,0,0.0,-4,1,0,416500,4,12,12,4,21363,0,0
4932,0.0,199609,1,3,0,10,3,2,4,5,2,-4,-4,0,0.0,-4,1,0,138900,5,14,12,4,61519,0,0
4933,0.0,-4,0,30,0,14,2,2,4,2,1,4,-4,0,1.0,0,2,0,33000,4,11,11,4,31111,-5,-5
4934,0.0,-4,0,1,0,15,2,2,1,1,1,-4,-4,1,1.0,-4,1,0,8450,4,12,12,4,88783,0,0
4935,1.0,-4,0,0,0,0,1,2,1,1,1,-4,-4,0,0.0,-4,2,0,260500,4,-4,16,4,82774,-5,-5
4936,0.0,199704,2,0,1,2,1,2,4,2,1,-4,-4,0,,-4,1,-4,-4,4,-3,-3,1,5141,0,0
4937,0.0,200008,3,0,1,1,1,3,2,1,1,-4,-4,0,0.0,-4,1,-4,600000,4,-3,12,1,28963,0,0
4938,1.0,-4,0,0,0,5,1,1,1,1,1,-4,-4,0,0.0,-4,2,0,244050,3,12,12,4,49694,0,0
4939,1.0,-4,0,0,0,0,2,1,2,2,1,2,-4,0,,10,1,0,-3,3,16,12,4,38912,-5,-5
4940,0.0,-4,0,0,0,1,4,2,3,2,1,-4,-4,0,,-4,1,0,-3,3,16,12,4,40828,0,0
4941,1.0,-4,0,2,0,0,2,2,1,1,2,-4,-4,1,0.0,-4,2,0,48000,4,16,14,4,91543,0,0
4942,1.0,200101,0,0,0,2,3,2,4,3,2,3,-4,0,0.0,0,1,0,-3,4,12,12,4,90300,0,0
4943,1.0,-4,0,0,0,0,2,3,3,1,1,-4,-4,0,1.0,-4,1,0,-3,4,12,12,4,63870,0,0
4944,1.0,200107,0,0,0,1,2,3,2,1,1,-4,-4,1,0.0,-4,2,0,-3,5,12,12,4,81403,0,0
4945,0.0,-4,0,0,0,4,2,2,3,2,1,3,-4,0,0.0,10,1,0,36500,3,20,12,4,-4,-5,-5
4946,0.0,-4,0,0,0,5,2,3,5,4,2,-4,-4,0,,-4,1,0,38700,3,-3,12,4,12386,-5,-5
4947,0.0,200108,3,2,0,2,2,3,4,3,1,-4,-4,0,,-4,1,1,203750,3,13,10,4,72410,0,0
4948,0.0,-4,0,10,1,11,2,3,5,2,2,3,-4,0,0.0,15,1,0,78800,3,12,12,4,48770,0,0
4949,0.0,200007,0,3,0,0,2,2,1,1,1,-4,-4,0,1.0,-4,2,0,-857,5,9,14,4,44704,-5,-5
4950,0.0,199806,4,1,0,33,2,2,5,3,2,3,-4,0,1.0,0,1,0,26500,5,11,10,4,4238,0,0
4951,0.0,-4,0,3,0,5,2,2,2,2,1,3,-4,0,0.0,-4,1,-4,-4,4,-3,-3,4,-4,0,0
4952,0.0,-4,0,0,0,0,1,2,2,1,1,-4,-4,0,0.0,-4,2,-4,-4,4,-3,-3,4,-4,0,0
4953,0.0,201404,1,0,0,26,2,2,2,2,2,2,-4,0,0.0,15,1,0,32860,4,12,10,4,48484,0,0
4954,0.0,199801,5,0,0,17,2,3,2,1,1,-4,-4,0,0.0,-4,1,0,32860,4,12,10,4,20143,0,0
4955,0.0,-4,0,1,0,30,3,4,5,5,1,3,-4,0,0.0,5,2,0,1200,3,12,13,4,26087,0,0
4956,0.0,-4,0,0,0,20,2,2,1,1,1,-4,-4,0,,-4,2,0,1200,3,12,13,4,73855,0,0
4957,0.0,200112,0,0,0,1,2,3,1,1,2,-4,-4,0,0.0,-4,1,0,3000,5,-3,12,4,-4,0,0
4958,1.0,199809,2,1,0,5,3,4,3,1,2,-4,-4,0,1.0,-4,2,0,107000,4,12,12,4,30966,0,1
4959,0.0,199709,2,20,0,3,1,1,2,1,1,-4,-4,0,0.0,-4,2,0,57750,5,9,12,4,54763,0,1
4960,1.0,199211,0,0,0,5,2,3,4,4,1,3,-4,0,0.0,25,2,0,18212,2,12,14,4,67943,0,1
4961,0.0,199805,3,0,0,7,2,3,4,3,1,3,-4,0,0.0,0,2,0,60000,6,10,13,4,34460,1,-4
4962,0.0,-4,0,0,0,6,2,2,5,2,2,-4,-4,0,0.0,-4,2,0,60000,6,10,13,4,58119,0,-4
4963,0.0,-4,0,0,0,5,1,2,5,4,1,4,-4,0,0.0,0,2,0,52000,6,10,12,4,17766,0,0
4964,,-4,0,0,0,0,1,1,2,2,1,-4,-4,1,,-4,2,0,28953,2,12,16,4,-4,-5,-5
4965,0.0,200605,1,0,0,20,3,3,4,2,2,-4,-4,0,0.0,-4,1,0,28700,4,9,12,4,4842,0,0
4966,0.0,199812,0,13,0,1,3,2,3,2,1,-4,-4,1,0.0,-4,2,0,28700,4,9,12,4,33532,0,0
4967,1.0,-4,0,0,0,10,2,2,2,1,1,-4,-4,0,0.0,-4,2,0,82050,11,16,12,4,54452,-5,-5
4968,1.0,200602,0,0,0,9,2,2,3,2,2,-4,-4,0,0.0,-4,2,0,82050,11,16,12,4,42406,0,0
4969,0.0,-4,0,0,0,3,2,3,3,1,1,-4,-4,0,0.0,-4,2,0,72400,3,12,14,4,24136,0,0
4970,1.0,-4,0,10,0,2,2,1,3,4,2,2,-4,0,0.0,0,1,0,239900,3,12,12,4,29230,0,0
4971,1.0,200511,0,0,0,1,1,2,2,1,2,-4,-4,0,0.0,-4,1,0,184000,3,12,17,4,54739,0,0
4972,0.0,-4,0,0,0,0,2,2,4,3,1,2,-4,0,0.0,0,1,0,19050,3,12,10,4,44725,0,0
4973,0.0,199705,0,5,6,5,3,4,4,5,1,4,-4,0,0.0,5,2,0,58660,3,12,12,4,-4,0,1
4974,0.0,199703,2,1,3,5,3,2,4,4,1,3,-4,0,0.0,60,2,0,58660,3,12,12,4,6312,0,1
4975,0.0,199912,0,0,0,5,1,1,1,1,1,-4,-4,1,0.0,-4,1,0,16000,5,12,12,4,3453,0,0
4976,1.0,-4,0,0,0,20,2,2,3,3,1,2,-4,0,0.0,0,2,0,34205,4,12,13,4,50958,0,0
4977,0.0,200210,1,1,0,3,2,2,1,1,1,-4,-4,1,0.0,-4,1,0,108150,4,10,12,4,15004,0,0
4978,0.0,-4,0,0,1,0,3,3,1,2,1,-4,-4,0,,-4,2,1,23500,2,10,10,4,-4,0,0
4979,0.0,199901,2,0,0,0,2,2,1,1,1,-4,-4,0,0.0,-4,2,0,13850,5,12,13,4,41110,1,0
4980,1.0,-4,0,0,1,2,1,2,2,2,1,-4,-4,0,,-4,1,0,-3,3,14,12,4,-4,-5,-5
4981,0.0,-4,0,0,0,5,2,1,3,1,2,-4,-4,0,,-4,1,0,-3,6,-3,13,4,36474,-5,-5
4982,0.0,-4,0,0,0,3,2,2,3,2,1,3,-4,0,0.0,0,2,0,87700,5,16,16,4,42650,0,0
4983,1.0,-4,0,0,0,-2,2,2,2,1,1,-4,-4,0,0.0,-4,1,0,4750,3,-4,12,4,75798,0,0
4984,0.0,199307,0,0,0,3,4,2,3,3,2,3,-4,0,,25,1,0,138500,4,14,15,4,32095,0,0
4985,0.0,200309,0,0,0,2,2,2,2,-2,-2,-2,-4,0,1.0,0,2,0,11250,2,-4,12,4,8770,0,0
4986,0.0,199504,0,33,0,12,2,2,4,3,3,-2,-4,0,0.0,50,1,0,74500,4,12,14,4,49862,0,0
4987,1.0,-4,0,0,1,5,3,1,2,1,1,-4,-4,1,0.0,-4,1,0,104650,5,14,12,4,79886,0,0
4988,0.0,-4,0,10,1,40,2,2,3,2,2,4,-4,0,1.0,0,2,0,-3,4,-3,13,4,60806,0,1
4989,0.0,199806,0,15,7,11,1,2,2,1,1,-4,-4,-3,0.0,-4,1,0,44800,5,-3,11,4,-4,0,1
4990,1.0,-4,0,0,0,5,3,3,3,2,1,2,-4,0,0.0,-4,2,0,99000,4,12,11,4,-4,0,0
4991,1.0,200201,0,0,0,1,2,2,1,1,1,-4,-4,0,0.0,-4,2,0,99000,4,12,11,4,-4,0,0
4992,1.0,-4,0,3,0,5,2,3,2,4,1,3,-4,0,1.0,40,1,0,104500,5,16,16,4,58548,0,0
4993,1.0,-4,0,0,0,4,2,2,4,2,1,-4,-4,0,0.0,-4,2,0,104500,5,16,16,4,58270,0,0
4994,1.0,-4,0,2,0,0,2,2,4,4,1,-4,-4,0,0.0,-4,2,0,104500,5,16,16,4,63877,0,0
4995,0.0,-4,0,0,0,0,2,3,3,3,1,2,-4,0,,0,2,0,-3,5,12,12,4,27819,-5,-5
4996,0.0,-4,0,0,0,0,1,2,2,2,1,-4,-4,0,,-4,2,0,-3,5,12,12,4,40587,0,0
4997,1.0,200403,0,0,0,3,2,1,2,2,1,-4,-4,0,0.0,-4,1,-4,-4,4,12,18,4,24556,0,0
4998,1.0,-4,0,3,0,0,2,2,2,3,2,-4,-4,0,0.0,-4,2,1,4500,5,-3,-3,2,-4,0,0
4999,0.0,-4,0,0,0,1,4,2,4,3,2,-4,-4,0,0.0,-4,2,1,4500,5,-3,-3,2,-4,0,0
5000,0.0,200907,0,0,0,3,2,2,4,3,1,3,-4,0,0.0,-4,1,-4,-4,6,-3,12,4,-4,0,0
5001,0.0,202202,0,1,0,-2,1,2,4,1,1,-4,-4,0,0.0,-4,2,-4,-4,6,-3,12,4,-4,0,0
5002,0.0,200506,0,0,2,22,2,4,3,1,1,-4,-4,0,0.0,-4,1,0,-3,8,8,10,4,-4,0,0
5003,0.0,200212,0,0,0,8,2,2,1,1,1,-4,-4,0,0.0,-4,2,0,-3,8,8,10,4,-4,0,0
5004,0.0,199907,0,0,2,35,2,2,3,4,3,-4,-4,0,0.0,-4,1,1,500,5,11,12,4,-4,-5,-5
5005,0.0,-4,0,0,0,0,2,4,2,1,5,-4,-4,1,0.0,-4,2,1,500,5,-3,12,4,-4,0,0
5006,1.0,-4,0,0,0,0,1,1,1,1,1,-4,-4,0,0.0,-4,1,0,4500,5,16,12,4,-4,-5,-5
5007,0.0,-4,0,0,0,3,2,2,1,1,1,-4,-4,0,0.0,-4,2,0,303138,4,13,15,4,48261,-5,-5
5008,0.0,-4,0,0,0,2,1,2,1,1,1,-4,-4,0,0.0,-4,2,0,195500,3,12,14,4,-4,0,0
5009,0.0,-4,0,99,0,1,3,3,4,4,2,3,-4,1,1.0,50,2,0,100800,2,12,12,4,70335,0,1
5010,1.0,-4,0,0,0,2,2,3,3,4,1,3,-4,0,1.0,0,1,0,38125,4,12,12,4,87609,0,0
5011,1.0,199602,0,0,0,4,2,2,3,4,1,3,-4,0,0.0,2,2,-4,-4,2,11,12,4,59116,1,0
5012,0.0,199202,0,7,3,5,2,3,3,4,1,3,-4,0,0.0,75,1,0,6760,4,12,12,4,86843,0,-2
5013,0.0,199011,0,3,3,3,3,3,3,1,1,-4,-4,0,0.0,-4,1,0,6760,4,12,12,4,61762,0,0
5014,0.0,199610,0,0,0,6,3,2,2,3,1,4,-4,1,0.0,10,1,0,459500,3,13,14,4,70206,0,0
5015,1.0,-4,0,0,0,8,3,3,1,1,1,-4,-4,0,0.0,-4,2,0,250,6,13,14,4,45228,0,0
5016,1.0,-4,0,0,0,5,2,2,3,2,1,2,-4,0,0.0,0,2,0,25000,3,12,14,4,53085,0,0
5017,1.0,-4,0,0,0,1,1,2,2,1,1,-2,-4,0,1.0,15,2,0,59825,4,12,14,4,96277,0,0
5018,1.0,-4,0,0,0,3,1,2,2,1,1,-4,-4,0,0.0,-4,2,0,59825,4,12,14,4,-4,0,0
5019,0.0,-4,0,0,0,7,2,2,3,2,2,3,-4,0,,2,1,0,49750,4,17,12,4,74175,-5,-5
5020,0.0,200001,0,0,0,0,2,3,2,2,1,1,-4,1,1.0,1,1,0,122250,3,12,13,2,90480,0,0
5021,1.0,-4,0,0,0,5,2,3,3,1,1,-4,-4,0,0.0,-4,2,1,25450,3,14,12,4,61264,-5,-5
5022,1.0,-4,0,0,0,3,2,2,1,1,1,-4,-4,0,0.0,-4,2,0,600000,3,9,12,4,767,0,0
5023,0.0,199904,0,4,3,5,3,3,4,3,1,-4,-4,1,1.0,-4,1,0,1090,3,10,12,4,51342,0,0
5024,1.0,200104,0,0,0,3,2,3,2,1,1,-4,-4,0,0.0,-4,2,0,137750,4,13,16,4,81451,0,0
5025,1.0,200901,0,0,0,2,2,3,3,1,1,-4,-4,0,0.0,-4,2,0,137750,4,13,16,4,23846,0,0
5026,0.0,-4,0,4,0,1,2,3,2,2,1,-4,-4,0,0.0,-4,1,0,89800,4,14,12,2,73189,0,0
5027,1.0,-4,0,0,0,1,2,2,2,1,1,1,-4,0,,0,2,0,-3,6,12,10,4,-4,-5,-5
5028,1.0,199908,0,2,0,5,3,3,3,3,1,3,-4,0,,0,1,0,14750,5,14,14,4,62563,0,0
5029,0.0,199901,0,0,0,9,1,2,1,1,1,-4,-4,0,0.0,-4,1,0,14750,5,14,14,4,39893,0,0
5030,1.0,-4,0,0,0,5,2,3,2,1,1,-4,-4,0,0.0,-4,1,0,324500,4,12,16,4,96742,0,0
5031,1.0,-4,0,0,0,4,2,2,3,2,1,1,-4,0,,0,1,0,182750,4,12,14,4,86988,0,0
5032,0.0,-4,0,0,0,2,2,3,4,4,3,3,-4,0,1.0,10,2,0,28750,3,12,14,4,12694,0,-2
5033,1.0,-4,0,0,0,2,1,1,1,1,1,1,-4,0,1.0,-4,1,0,28750,3,12,14,4,14911,0,0
5034,1.0,-4,0,0,0,0,2,3,4,3,1,3,-4,1,,-4,1,0,-3,3,17,14,4,-4,0,0
5035,0.0,199512,0,0,0,10,2,3,3,5,1,4,-4,0,1.0,30,2,0,-3,4,12,12,4,94490,0,0
5036,1.0,-4,0,0,1,2,2,2,4,1,4,1,-4,1,,10,1,-4,-4,6,12,12,4,-4,-5,-5
5037,1.0,200109,0,0,0,3,1,2,3,3,2,3,-4,0,0.0,60,1,0,157500,4,12,12,4,-4,0,0
5038,0.0,199601,0,0,1,13,2,2,1,2,1,1,-4,1,1.0,5,1,0,9650,4,10,12,4,73210,0,1
5039,0.0,199701,0,0,1,9,3,2,2,2,1,-4,-4,0,0.0,-4,2,0,9650,4,10,12,4,33624,0,1
5040,1.0,-4,0,0,0,0,2,2,4,2,1,-4,-4,0,0.0,-4,2,0,206750,5,14,17,4,-4,-5,-5
5041,1.0,-4,0,0,0,4,2,4,1,1,1,-4,-4,0,0.0,-4,1,0,143000,5,13,18,4,48620,0,0
5042,1.0,-4,0,0,0,4,2,3,3,4,1,3,-4,0,1.0,2,1,0,488500,5,20,16,4,97469,-5,-5
5043,1.0,-4,0,0,0,2,2,2,2,1,1,-4,-4,0,0.0,-4,2,0,488500,5,20,16,2,96512,0,0
5044,1.0,199610,0,0,0,2,3,3,4,2,1,3,-4,0,,10,1,-4,-4,6,12,9,4,-4,0,0
5045,1.0,200303,1,7,0,3,2,3,4,5,2,4,-4,0,0.0,50,1,0,600000,6,20,20,4,99641,0,0
5046,0.0,-4,0,-4,-4,-4,2,3,1,1,1,1,-4,0,,0,2,-2,-3,10,-3,-3,4,28711,-5,-5
5047,0.0,199306,2,17,0,5,3,3,4,3,3,2,-4,1,,0,1,-2,-3,10,-3,-3,4,36791,0,-4
5048,0.0,200007,0,0,0,0,2,2,5,1,1,-4,-4,0,,-4,2,-2,-3,10,-3,-3,4,5787,0,-4
5049,0.0,201007,0,12,0,3,4,3,4,3,2,-4,-4,1,0.0,-4,2,0,-3,4,10,12,2,-4,0,0
5050,1.0,-4,0,0,0,1,1,2,1,1,1,-4,-4,0,0.0,-4,1,0,-3500,4,19,8,2,-4,0,0
5051,0.0,-4,0,0,0,6,1,2,1,1,1,1,-4,-2,0.0,2,2,0,28500,5,17,14,4,53568,0,0
5052,1.0,-4,0,0,0,0,2,2,1,1,1,-4,-4,0,,-4,1,-4,-4,5,14,18,4,46190,0,0
5053,1.0,200105,0,0,0,0,2,2,2,1,1,1,-4,0,0.0,10,1,0,173000,4,14,12,4,85741,0,0
5054,1.0,199503,0,0,0,2,2,2,4,3,1,4,-4,0,0.0,0,2,0,133750,4,14,12,4,86674,0,0
5055,0.0,199905,0,1,0,2,2,3,1,1,1,-4,-4,-1,1.0,-4,1,0,-10845,7,12,16,4,8326,0,0
5056,0.0,199006,0,5,2,5,2,3,4,3,1,4,-4,1,,50,1,0,-3,4,12,12,4,-4,-5,-5
5057,1.0,200510,0,0,0,2,1,3,2,2,1,-4,-4,0,0.0,-4,2,0,-3,5,17,13,1,67472,0,0
5058,1.0,200903,0,-4,-4,-4,2,2,3,2,1,1,-4,0,,0,1,0,154000,8,16,12,4,-4,0,0
5059,0.0,199812,0,0,0,10,2,3,3,2,1,-4,-4,1,0.0,-4,1,1,4750,5,11,12,4,-4,0,0
5060,1.0,-4,0,0,0,1,2,3,4,3,-2,1,-4,0,0.0,15,2,0,136000,4,12,12,4,71568,0,0
5061,0.0,199801,1,0,0,3,2,1,2,1,1,3,-4,0,,2,1,0,4750,2,-3,10,4,-4,-5,-5
5062,1.0,199906,0,1,3,11,2,2,1,1,1,-4,-4,1,0.0,-4,1,0,31050,4,12,14,1,-4,0,0
5063,0.0,199802,8,1,2,2,2,4,4,3,2,-4,-4,1,0.0,-4,1,1,64600,4,-4,14,4,-4,0,-4
5064,0.0,200907,1,0,2,15,2,3,5,4,3,-4,-4,0,,-4,1,0,68650,4,12,14,4,-4,0,0
5065,0.0,-3,0,0,0,0,3,3,4,5,3,3,-4,0,,0,1,0,28500,4,11,11,4,-4,-5,-5
5066,0.0,199801,4,0,0,3,1,1,3,1,1,-4,-4,0,,-4,1,0,28500,4,11,11,4,-4,0,0
5067,1.0,199703,0,0,0,2,1,1,1,1,1,-4,-4,0,0.0,-4,1,0,13750,2,11,10,4,-4,-5,-5
5068,0.0,-4,0,0,0,0,2,2,3,3,1,2,-4,0,0.0,-4,2,0,59500,4,16,14,1,-4,0,0
5069,0.0,200807,2,0,0,0,2,2,4,1,1,-4,-4,0,0.0,-4,2,0,59500,4,16,14,1,-4,0,0
5070,0.0,-4,0,0,0,1,1,2,1,1,1,-4,-4,0,0.0,-4,1,0,-3,4,9,10,2,5296,0,0
5071,0.0,-4,0,0,1,20,2,3,3,4,2,-4,-4,1,0.0,-4,1,0,26600,5,8,13,4,9783,-5,-5
5072,0.0,200004,0,0,0,16,2,4,3,2,1,3,-4,0,0.0,95,2,0,-3,4,11,12,2,28601,0,0
5073,1.0,-4,0,0,0,2,2,2,3,2,1,2,-4,0,0.0,-4,2,0,36150,5,12,13,4,68917,0,0
5074,,-4,0,0,0,2,2,2,2,1,1,-4,-4,0,,-4,1,-4,-4,4,12,13,4,-4,-5,-5
5075,1.0,-4,0,0,0,2,1,2,1,1,1,-4,-4,0,0.0,-4,2,0,191000,9,12,12,4,99034,0,1
5076,0.0,200410,7,0,1,3,2,2,4,2,1,3,-4,0,,0,1,-4,-4,4,7,-3,4,-4,0,0
5077,1.0,-4,0,0,0,0,2,1,2,1,1,-4,-4,0,0.0,-4,1,0,109500,5,12,16,4,54210,-5,-5
5078,1.0,-4,0,0,0,1,2,1,1,1,1,-4,-4,0,,-4,2,0,34050,4,12,11,4,61264,0,0
5079,0.0,199502,3,2,1,1,1,1,2,2,2,4,-4,-3,1.0,20,2,0,31900,3,9,8,4,29358,-5,-5
5080,0.0,201010,1,0,0,0,2,2,3,1,1,3,-4,0,,3,1,0,123000,7,12,12,4,30257,-5,-5
5081,0.0,200106,2,0,0,0,2,4,5,3,1,-4,-4,0,,-4,1,0,123000,7,12,12,4,33389,0,0
5082,1.0,-4,0,0,0,5,1,2,4,3,1,3,-4,0,,3,2,0,168600,4,19,12,4,-4,0,0
5083,,-4,0,0,0,12,1,2,3,2,1,2,-4,0,,5,2,-4,-4,4,12,12,4,-4,-5,-5
5084,1.0,-4,0,0,0,0,2,2,2,2,1,2,-4,0,0.0,-4,1,0,123500,5,16,12,4,78687,0,0
5085,1.0,-4,0,0,0,1,2,2,2,2,1,-4,-4,0,,-4,2,0,123500,5,16,12,4,33896,-5,-5
5086,1.0,-4,0,0,0,1,1,2,4,3,2,-4,-4,0,0.0,-4,2,0,57000,3,10,10,4,76912,0,0
5087,1.0,-4,0,0,0,2,2,2,4,5,1,3,-4,0,,50,2,0,200500,4,16,14,4,13001,-5,-5
5088,1.0,-4,0,0,0,3,2,3,2,1,1,2,-4,0,0.0,10,1,0,57800,5,11,8,4,83849,0,0
5089,0.0,-4,0,0,0,-1,1,2,1,1,1,-4,-4,0,0.0,-4,2,0,57800,5,11,8,4,48677,0,0
5090,1.0,199905,0,0,0,7,3,3,1,1,1,-4,-4,0,,-4,1,0,203500,6,18,16,4,75121,-5,-5
5091,1.0,200303,1,0,0,0,2,2,2,1,1,-4,-4,0,0.0,-4,2,0,203500,6,18,16,4,98071,0,0
5092,1.0,199306,3,2,0,20,4,4,4,4,3,3,-4,1,,50,2,0,74500,5,14,18,4,-4,0,0
5093,0.0,199812,2,-2,4,0,2,4,5,4,2,-4,-4,1,1.0,-4,1,0,31250,2,12,12,4,2970,0,0
5094,0.0,199803,1,0,0,5,1,4,4,4,1,3,-4,-3,,-3,1,-4,-4,3,16,16,4,27897,0,0
5095,1.0,-4,0,0,0,0,1,1,1,1,1,-4,-4,0,0.0,-4,2,0,108001,5,12,12,4,-4,0,0
5096,1.0,200310,0,0,0,7,2,2,3,4,1,-4,-4,0,0.0,-4,2,0,-3,4,12,12,4,-4,0,0
5097,1.0,-4,0,0,0,7,1,2,2,4,1,-4,-4,0,0.0,-4,2,0,-3,4,12,12,4,-4,0,0
5098,1.0,-4,0,0,0,0,1,1,1,1,1,-4,-4,0,0.0,-4,2,0,150500,4,12,12,4,60897,0,0
5099,0.0,-4,0,0,0,1,2,4,3,3,1,-2,-4,0,1.0,2,2,0,62500,3,10,12,4,-4,0,0
5100,1.0,-4,0,0,0,3,2,2,1,1,1,-4,-4,0,0.0,-4,1,0,576500,5,12,12,4,72721,0,0
5101,1.0,-4,0,0,0,0,2,2,3,2,2,4,-4,0,,0,2,0,-3,5,19,16,4,94063,-5,-5
5102,1.0,200204,0,1,0,0,4,4,5,5,1,5,-4,0,0.0,0,1,0,253251,4,15,11,2,19928,0,0
5103,0.0,199912,0,0,0,6,2,2,3,3,1,2,-4,0,0.0,25,1,0,-3,4,12,15,4,-4,0,0
5104,0.0,-4,0,3,1,0,2,2,1,2,1,-4,-4,0,0.0,-4,2,0,-3,4,12,15,4,-4,0,0
5105,0.0,200004,0,-4,-4,-4,2,1,3,2,4,-4,-4,1,,-4,1,0,20550,3,9,12,4,33769,0,0
5106,1.0,200101,2,0,0,2,3,2,4,3,1,4,-4,0,0.0,0,1,0,97000,3,12,12,4,61145,0,0
5107,,-4,0,0,0,0,2,2,2,2,1,-4,-4,0,,-4,1,0,97000,4,12,14,4,-4,-5,-5
5108,1.0,200006,0,0,0,0,1,1,1,1,1,1,-4,0,0.0,-4,1,0,267600,6,14,12,4,80424,0,0
5109,0.0,-4,0,0,0,10,1,3,4,2,1,3,-4,0,0.0,50,1,0,40750,6,15,12,4,68775,0,0
5110,1.0,199906,0,2,1,2,2,2,3,1,1,-4,-4,1,0.0,-4,1,0,37000,4,10,12,4,75354,0,0
5111,1.0,-4,0,1,0,0,2,2,4,4,2,3,-4,0,,50,2,1,-1000,4,14,14,4,47671,0,0
5112,0.0,199901,0,0,0,2,2,3,3,1,1,-4,-4,0,,-4,1,1,-1000,4,14,14,4,26826,-5,-5
5113,0.0,200503,0,5,0,4,2,3,4,3,2,-4,-4,0,0.0,-4,2,0,13865,4,11,12,4,68568,0,0
5114,1.0,-4,0,0,0,2,2,2,2,2,1,3,-4,0,,5,2,0,201000,3,12,12,4,60385,0,0
5115,1.0,-4,0,0,0,9,2,2,4,4,3,4,-4,0,0.0,10,2,0,43250,3,14,14,4,63112,0,0
5116,0.0,199907,0,0,1,3,2,3,4,3,1,5,-4,0,1.0,0,1,0,77400,4,12,12,4,43764,0,0
5117,0.0,199508,2,1,3,4,3,4,4,2,4,3,-4,0,,-4,1,0,25465,4,9,14,4,55819,0,0
5118,1.0,-4,0,0,0,0,2,2,3,2,1,-4,-4,0,0.0,-4,2,0,77500,3,12,12,4,81808,-5,-5
5119,0.0,-4,0,2,0,4,2,2,4,2,1,-4,-4,0,,-4,1,0,94600,5,14,13,4,-4,-5,-5
5120,0.0,199611,3,0,0,10,2,2,5,5,1,5,-4,1,0.0,0,1,0,38880,2,11,11,2,53850,0,0
5121,0.0,-4,0,0,0,2,1,2,2,1,1,-4,-4,0,,-4,1,0,89500,5,16,14,4,-4,-5,-5
5122,0.0,199904,1,0,0,3,1,1,2,1,2,-4,-4,0,0.0,-4,1,0,-3000,4,12,12,4,3890,0,0
5123,0.0,199810,0,1,1,5,2,2,2,2,1,5,-4,0,,0,2,0,363002,3,12,12,4,19596,-5,-5
5124,0.0,199703,0,1,0,5,2,2,2,1,1,1,-4,0,0.0,0,1,0,63501,6,12,12,4,36983,0,0
5125,1.0,-4,0,0,0,2,2,4,1,1,1,-4,-4,1,1.0,-4,2,0,63501,6,12,12,4,52667,0,0
5126,0.0,200304,0,0,0,9,2,3,1,1,1,-4,-4,0,0.0,-4,2,0,12500,3,13,12,1,86001,0,0
5127,0.0,199901,0,0,0,0,2,2,1,4,3,3,-4,1,0.0,5,1,0,11550,2,12,12,1,42014,0,0
5128,1.0,-4,0,0,0,6,3,4,2,1,3,-4,-4,0,0.0,-4,2,0,600000,5,12,14,4,39487,0,0
5129,0.0,-4,0,0,0,5,2,2,1,1,1,-4,-4,0,,-4,2,0,20000,6,18,12,4,36051,0,0
5130,1.0,-4,0,0,0,2,1,1,3,2,1,1,-4,0,,1,2,-4,-4,6,14,12,4,92064,-5,-5
5131,1.0,-4,0,0,0,1,2,2,2,2,1,-4,-4,0,0.0,-4,2,0,207500,2,13,13,4,91307,0,0
5132,1.0,-4,0,0,0,2,2,2,1,2,1,2,-4,0,0.0,10,1,0,600000,4,12,14,4,80326,-5,-5
5133,0.0,-4,0,0,0,3,2,2,2,3,1,-4,-4,0,0.0,-4,1,0,600000,4,12,14,4,41298,-5,-5
5134,0.0,200905,0,0,0,2,3,3,1,1,1,-4,-4,0,0.0,-4,1,0,32075,5,16,14,4,6386,0,0
5135,1.0,-4,0,1,0,5,1,2,2,1,1,-4,-4,0,0.0,-4,1,0,58500,6,12,13,4,30851,0,0
5136,1.0,200611,0,0,0,0,2,2,3,2,1,-4,-4,0,0.0,-4,1,0,47500,3,-4,15,1,44247,0,-4
5137,1.0,-4,0,0,0,11,2,3,4,4,3,3,-4,0,0.0,0,2,0,131001,4,-4,12,4,39821,0,0
5138,1.0,200201,2,0,0,0,2,2,3,4,2,3,-4,0,0.0,-4,2,0,131001,4,-4,12,4,78865,0,0
5139,0.0,199303,0,0,0,2,2,2,2,1,1,1,-4,0,,50,1,0,18500,5,13,12,2,36706,0,0
5140,1.0,-4,0,0,0,5,2,3,2,1,1,-4,-4,1,0.0,-4,2,0,18500,5,13,12,2,40776,0,0
5141,1.0,200007,0,2,0,4,2,2,2,1,2,-4,-4,1,0.0,-4,2,-2,21100,5,13,12,4,24224,0,0
5142,1.0,-4,0,0,0,3,2,2,1,1,1,-4,-4,1,1.0,-4,1,0,117000,5,17,16,4,93459,0,0
5143,1.0,-4,0,0,0,1,2,1,1,1,1,-4,-4,0,0.0,-4,2,0,117000,5,17,16,4,71493,0,0
5144,1.0,200105,0,0,0,6,2,2,3,1,2,-4,-4,0,0.0,-4,1,0,51250,3,12,14,4,77260,0,0
5145,0.0,-4,0,0,0,2,1,1,2,1,1,-4,-4,1,1.0,-4,1,0,56301,3,12,12,4,7306,-5,-5
5146,0.0,-4,0,0,0,0,2,1,2,4,1,4,-4,0,1.0,5,2,0,117325,6,20,16,4,-4,0,0
5147,1.0,200110,0,0,0,7,2,2,1,1,1,-4,-4,0,0.0,-4,1,0,117325,6,20,16,4,-4,-5,-5
5148,1.0,-4,0,0,0,10,1,2,5,4,2,4,-4,0,0.0,50,1,0,42750,4,14,16,4,-4,0,0
5149,0.0,199604,2,1,0,5,2,4,4,3,2,3,-4,0,0.0,0,2,0,51500,4,12,12,4,17052,-5,-5
5150,1.0,-4,0,1,2,0,2,2,3,2,2,-4,-4,0,0.0,-4,1,0,77101,4,14,12,4,77293,-5,-5
5151,1.0,200601,0,0,0,0,2,1,1,1,1,-4,-4,0,0.0,-4,2,-4,-4,4,14,12,4,21243,0,0
5152,,-4,0,1,0,0,2,3,4,3,1,2,-4,0,,30,2,0,21500,4,14,12,1,51571,-5,-5
5153,1.0,-4,0,0,0,3,2,2,2,3,1,-4,-4,0,1.0,-4,1,0,21500,4,14,12,1,62053,0,0
5154,0.0,-4,0,0,0,5,3,3,4,4,2,4,-4,0,0.0,45,2,0,232500,5,16,15,4,96969,0,0
5155,1.0,-4,0,0,0,1,2,3,1,1,2,-4,-4,0,0.0,-4,1,0,232500,5,16,15,4,69242,0,0
5156,1.0,-4,0,0,0,5,2,1,1,1,1,-4,-4,0,0.0,-4,1,0,232500,5,16,15,4,72594,0,0
5157,0.0,199607,1,1,0,0,2,2,2,1,1,1,-4,-3,1.0,50,1,0,111600,3,16,13,4,40564,0,0
5158,1.0,-4,0,1,0,1,2,2,3,2,1,-4,-4,1,0.0,-4,2,0,-4450,4,13,13,4,50888,0,0
5159,1.0,-4,0,0,0,0,2,1,2,2,2,3,-4,0,0.0,50,1,0,46500,4,15,12,4,73590,0,0
5160,0.0,-4,0,0,0,20,3,3,3,3,2,-4,-4,1,,-4,2,0,282001,4,20,12,1,62970,0,0
5161,1.0,-4,0,0,1,0,2,2,4,3,2,2,-4,0,1.0,-4,1,0,-3,5,7,11,2,29925,0,0
5162,1.0,-4,0,0,0,8,2,2,3,3,1,3,-4,0,0.0,-4,1,0,61250,3,16,16,4,93817,0,0
5163,1.0,-4,0,0,0,1,2,3,2,1,1,-4,-4,0,0.0,-4,2,0,61250,3,16,16,4,88162,0,0
5164,1.0,199712,0,0,0,7,2,2,3,2,2,-4,-4,-3,,-4,1,0,-3,4,14,15,4,18616,-5,-5
5165,1.0,199803,0,0,0,3,2,2,2,2,1,2,-4,0,0.0,-4,1,0,34500,4,14,12,4,95919,0,0
5166,0.0,-4,0,0,0,0,2,2,3,2,1,2,-4,1,1.0,50,1,0,158200,5,11,13,4,83691,0,0
5167,0.0,199710,0,1,0,0,2,2,3,3,2,-4,-4,0,0.0,-4,2,0,42500,5,12,13,4,-4,0,0
5170,1.0,-4,0,0,0,5,2,2,2,2,1,2,-4,0,0.0,5,1,0,312250,6,17,16,3,53464,0,0
5171,1.0,-4,0,0,0,4,2,2,2,2,2,-4,-4,0,0.0,-4,2,0,49500,4,16,12,4,68564,-5,-5
5172,1.0,199803,0,0,0,6,2,2,3,4,1,2,-4,0,0.0,50,1,0,38500,5,12,12,4,41152,0,0
5173,0.0,-4,0,0,0,3,2,2,2,2,1,-4,-4,0,0.0,-4,2,0,38500,5,12,12,4,70869,0,0
5174,1.0,-4,0,0,0,2,2,2,1,1,1,-4,-4,1,1.0,-4,1,0,574251,4,20,18,4,97369,0,0
5175,1.0,-4,0,0,0,-2,2,2,1,1,1,-4,-4,1,0.0,-4,2,0,93750,3,13,18,4,64603,0,0
5176,1.0,-4,0,0,0,0,1,1,1,1,1,-4,-4,0,0.0,-4,2,0,93750,3,13,18,4,24318,0,0
5177,1.0,-4,0,15,3,5,2,3,4,3,2,2,-4,1,1.0,30,2,0,58500,4,9,13,2,85067,0,0
5178,1.0,-4,0,0,0,1,1,1,4,4,1,1,-4,0,0.0,0,1,0,143500,6,12,12,4,77097,0,0
5179,1.0,-4,0,0,0,3,2,1,1,2,1,-4,-4,0,0.0,-4,2,0,143500,6,12,12,4,46275,0,0
5180,1.0,-4,0,0,0,2,2,2,4,3,2,3,-4,0,0.0,0,1,0,179500,4,12,16,4,70813,0,0
5181,1.0,-4,0,0,0,1,2,2,2,1,1,-4,-4,1,0.0,-4,1,0,179500,4,12,16,4,40428,0,0
5182,1.0,-4,0,0,0,2,2,2,3,3,2,3,-4,0,0.0,0,2,0,161500,4,12,12,4,47495,-5,-5
5183,1.0,-4,0,0,0,0,2,1,2,2,1,1,-4,0,0.0,0,1,0,133500,4,12,12,4,93715,0,0
5184,1.0,200707,0,0,0,2,2,1,2,1,1,-4,-4,0,0.0,-4,1,0,229001,3,16,19,4,74335,0,0
5185,0.0,-4,0,0,0,6,2,1,1,1,1,-4,-4,0,1.0,-4,2,0,342000,6,12,12,4,8921,0,0
5186,1.0,-4,0,0,0,3,2,2,2,2,1,1,-4,0,0.0,0,2,0,195500,5,12,12,4,93808,-5,-5
5187,1.0,-4,0,2,0,3,2,3,1,2,1,-4,-4,0,0.0,-4,2,0,195500,5,12,12,4,95747,0,0
5188,1.0,-4,0,0,0,2,2,2,1,1,1,-4,-4,1,0.0,-4,1,0,600000,5,12,13,4,90283,0,0
5189,1.0,-4,0,0,0,2,2,2,3,2,1,2,-4,0,0.0,0,2,0,270001,5,14,12,4,74945,0,0
5190,1.0,-4,0,0,0,0,2,1,4,3,1,1,-4,0,0.0,0,2,0,270001,5,14,12,4,75905,0,0
5191,0.0,200610,0,0,0,5,3,2,4,2,2,3,-4,0,0.0,0,1,0,160501,5,12,12,4,77800,0,0
5192,1.0,-4,0,0,0,2,2,1,3,4,1,-4,-4,0,0.0,-4,2,0,160501,5,12,12,4,89965,0,1
5193,1.0,-4,0,0,0,0,2,1,1,1,1,-4,-4,0,0.0,-4,2,0,144700,3,16,16,4,-4,0,0
5194,1.0,-4,0,0,0,2,2,1,2,2,2,2,-4,0,0.0,10,2,0,192500,5,16,16,4,91638,-5,-5
5195,1.0,-4,0,0,0,1,2,2,2,1,1,-4,-4,0,0.0,-4,2,0,192500,5,16,16,4,86881,-5,-5
5196,1.0,-4,0,0,0,1,2,2,3,1,1,1,-4,0,0.0,5,2,0,288001,4,16,14,4,97208,0,0
5197,1.0,-4,0,0,0,1,2,3,1,1,1,1,-4,1,0.0,5,1,0,115500,4,18,16,4,97843,0,0
5198,1.0,-4,0,0,0,2,2,2,1,1,1,-4,-4,0,0.0,-4,2,0,115500,4,18,16,4,94139,0,0
5199,0.0,200109,0,0,0,15,2,2,2,1,1,-4,-4,0,0.0,-4,1,0,8100,6,12,12,4,-4,0,0
5200,0.0,-4,0,-4,-4,-4,-4,-4,-4,-4,-4,-4,-4,0,0.0,-4,2,0,8100,6,12,12,4,-4,0,0
5201,0.0,-4,0,0,0,7,2,4,5,3,2,4,-4,0,0.0,0,1,0,91500,5,18,16,4,47346,0,0
5202,0.0,-4,0,0,0,0,1,1,3,2,1,2,-4,0,1.0,0,2,0,71500,3,12,14,2,48115,0,0
5203,1.0,199812,0,0,0,1,1,2,2,2,1,2,-4,1,0.0,0,2,0,125100,4,13,14,4,75386,0,0
5204,1.0,-4,0,0,0,0,2,2,1,1,1,-4,-4,0,0.0,-4,2,0,212001,4,12,12,4,26882,0,0
5205,1.0,-4,0,0,0,4,2,2,2,3,1,1,-4,1,0.0,1,2,0,140500,5,12,12,4,77393,0,0
5206,1.0,-4,0,0,0,5,1,1,1,1,1,-4,-4,0,0.0,-4,2,0,248000,3,14,14,4,85560,0,0
5207,1.0,-4,0,0,0,1,2,2,3,3,1,2,-4,0,0.0,10,2,0,107500,4,-3,14,4,60739,0,0
5208,1.0,-4,0,0,0,1,1,2,4,3,3,-4,-4,0,0.0,-4,2,0,107500,4,-3,14,4,50554,0,0
5209,1.0,-4,0,0,0,2,2,2,2,2,1,2,-4,1,1.0,0,1,0,143500,5,14,12,4,76635,0,0
5210,1.0,-4,0,0,0,0,2,1,4,3,1,3,-4,0,0.0,0,2,-4,-4,4,-3,-3,4,72191,0,0
5211,0.0,200007,0,3,2,2,1,2,2,1,1,-4,-4,1,0.0,-4,1,0,37439,2,-4,12,4,79999,0,-4
5212,0.0,-4,0,0,0,0,2,2,4,3,1,3,-4,0,0.0,-4,2,0,125500,6,-3,-3,4,33271,0,0
5213,1.0,-4,0,0,0,1,2,2,1,1,1,-4,-4,0,0.0,-4,1,0,125500,6,-3,-3,4,10177,0,0
5214,0.0,200008,1,0,0,7,2,1,4,1,1,-4,-4,0,0.0,-4,1,0,151001,5,12,12,4,22164,0,0
5215,0.0,-4,0,3,0,35,2,2,3,3,1,4,-4,1,0.0,25,2,0,19300,2,12,12,4,-4,0,0
5216,0.0,199807,0,0,1,26,2,3,4,5,2,4,-4,1,1.0,50,2,0,74750,5,12,12,4,53073,0,0
5217,0.0,200312,0,0,1,2,2,2,4,1,1,-4,-4,1,1.0,-4,2,0,74750,5,12,12,4,12070,0,0
5218,0.0,200405,3,3,2,1,2,2,1,1,1,-4,-4,1,0.0,-4,1,0,74750,5,-4,-4,4,7001,0,0
5219,1.0,-4,0,0,0,7,2,3,2,2,1,1,-4,1,0.0,0,2,0,600000,6,-3,-3,4,91631,0,0
5220,1.0,-4,0,0,0,2,2,1,1,1,1,-4,-4,0,0.0,-4,1,0,600000,6,-3,-3,4,53166,0,0
5221,1.0,-4,0,0,0,2,1,1,1,1,1,-4,-4,0,0.0,-4,2,0,203001,5,12,12,4,85882,0,0
5222,1.0,-4,0,0,0,3,2,2,3,2,1,3,-4,0,0.0,50,1,0,94500,5,12,14,4,57001,0,0
5223,1.0,200507,0,0,1,0,2,2,1,1,1,-4,-4,0,0.0,-4,1,0,94500,5,12,14,4,49666,0,0
5224,0.0,200107,1,0,2,11,3,4,3,4,1,3,-4,0,0.0,5,1,0,104500,5,12,12,4,32457,0,0
5225,0.0,199904,2,0,0,1,1,2,2,2,1,-4,-4,0,0.0,-4,2,0,28500,3,-4,12,4,70628,0,0
5226,0.0,200609,1,0,0,2,2,2,3,3,1,1,-4,0,0.0,0,1,0,122000,4,95,95,4,-4,-5,-5
5227,0.0,-4,0,0,0,7,2,2,4,3,2,3,-4,0,0.0,25,2,0,33500,3,-4,12,4,62601,0,1
5228,0.0,-4,0,0,0,3,2,2,3,2,1,-4,-4,0,0.0,-4,2,0,33500,3,-4,12,4,20138,0,1
5229,0.0,-4,0,0,0,0,2,2,2,2,1,1,-4,0,0.0,0,1,0,543500,4,12,12,4,55896,0,0
5230,0.0,-4,0,0,0,0,2,1,1,1,1,-4,-4,0,0.0,-4,2,0,543500,4,12,12,4,25121,0,0
5231,0.0,-4,0,0,0,4,2,2,2,3,1,3,-4,0,0.0,0,1,0,180000,5,14,12,4,41245,0,0
5232,0.0,199705,0,10,1,3,2,3,4,3,2,3,-4,1,0.0,50,2,-4,-4,6,12,12,2,30949,0,0
5233,0.0,199904,6,3,1,1,3,2,3,3,2,-4,-4,0,0.0,-4,2,-4,-4,6,-4,-3,4,15354,0,-4
5234,0.0,-4,0,0,0,1,2,2,2,1,1,-4,-4,0,0.0,-4,1,0,103000,5,12,18,4,78023,0,0
5235,1.0,-4,0,0,0,2,2,2,3,3,1,2,-4,0,0.0,0,1,0,188250,5,13,12,4,-4,0,0
5236,1.0,-4,0,0,0,8,2,1,3,3,2,3,-4,1,0.0,10,2,0,223400,6,18,14,4,86278,0,0
5237,1.0,-4,0,5,0,10,2,3,3,3,1,3,-4,1,0.0,50,2,0,223400,6,20,16,4,50596,0,0
5238,1.0,200207,0,0,0,0,2,2,1,1,1,-4,-4,0,0.0,-4,1,0,223400,6,18,14,4,91950,0,0
5239,1.0,201411,0,0,0,1,2,2,1,1,1,-4,-4,0,0.0,-4,2,0,223400,6,-3,16,4,99257,0,0
5240,0.0,199607,0,0,1,4,2,2,5,3,2,3,-4,-3,,0,1,0,-5200,2,10,11,2,15199,0,1
5241,0.0,200102,0,0,0,12,2,1,2,1,1,-4,-4,0,0.0,-4,2,0,2051,2,12,14,4,39448,0,0
5242,1.0,-4,0,0,0,10,2,3,5,5,1,3,-4,0,0.0,0,2,0,-3,3,-3,-3,4,46913,-5,-5
5243,0.0,-4,0,0,0,2,2,2,3,2,1,-4,-4,0,0.0,-4,2,0,33000,3,10,14,4,4507,0,0
5244,0.0,200507,0,0,0,3,2,2,4,3,2,-4,-4,0,0.0,-4,1,0,162000,6,15,12,4,51463,0,0
5245,0.0,200203,1,0,0,4,2,2,4,1,1,-4,-4,0,0.0,-4,1,0,162000,6,15,12,4,24496,0,0
5246,1.0,-4,0,0,0,2,1,2,1,1,1,-4,-4,0,1.0,-4,1,0,132500,4,18,18,4,84880,0,0
5247,1.0,-4,0,0,0,4,2,2,1,1,1,-4,-4,0,0.0,-4,2,0,66000,5,-4,13,4,-4,0,0
5248,0.0,200401,0,0,0,10,1,1,3,2,1,-4,-4,0,0.0,-4,1,0,750,3,9,12,4,7160,0,0
5249,1.0,-4,0,0,0,0,2,2,2,2,1,-4,-4,0,0.0,-4,1,0,143001,4,13,14,4,77961,0,0
5250,0.0,-4,0,0,0,10,2,2,3,2,1,1,-4,0,,10,1,0,-3850,4,9,14,4,66341,-5,-5
5251,0.0,-4,0,0,0,0,2,2,4,3,1,3,-4,0,0.0,46,2,0,750,5,12,12,4,78003,0,0
5252,0.0,200404,1,0,0,4,2,1,4,3,2,-4,-4,1,0.0,-4,1,0,750,5,12,12,4,42654,0,0
5253,0.0,-4,0,0,0,10,2,3,4,4,1,3,-4,0,,0,2,0,16500,3,-4,12,4,-4,-5,-5
5254,0.0,-4,0,1,5,5,2,2,1,1,1,-4,-4,0,,-4,1,1,1425,3,-4,13,4,-4,-5,-5
5255,0.0,200603,0,6,0,0,1,1,2,1,1,-4,-4,0,0.0,-4,1,0,31500,6,12,13,4,-4,0,0
5256,1.0,201609,2,0,0,9,1,2,1,1,1,-4,-4,0,1.0,-4,2,-4,-4,3,12,12,4,-4,0,0
5257,0.0,199810,0,0,1,33,2,2,5,5,4,-4,-4,0,0.0,-4,2,0,32500,3,16,14,4,64225,0,0
5258,0.0,199507,0,99,0,0,1,2,3,4,1,-4,-4,1,0.0,-4,1,0,-3,5,-3,-3,4,53336,0,0
5259,0.0,-4,0,99,0,0,2,2,4,3,1,2,-4,0,0.0,0,1,0,35800,10,14,13,4,77143,0,0
5260,0.0,-4,0,0,0,4,2,2,2,2,1,-4,-4,0,0.0,-4,1,0,35800,10,14,13,4,38757,0,0
5261,0.0,-4,0,1,1,2,2,2,3,1,2,-4,-4,0,0.0,-4,2,0,35800,10,14,13,4,36074,0,0
5262,0.0,200512,1,10,0,-2,2,2,2,1,1,-4,-4,1,1.0,-4,1,0,15250,6,13,11,4,76763,-2,0
5263,0.0,-4,0,2,0,3,2,1,3,2,1,-4,-4,0,0.0,-4,2,0,15250,6,13,11,4,46247,0,0
5264,0.0,199808,0,2,0,11,3,3,5,5,1,4,-4,0,0.0,25,2,0,19750,2,-4,12,4,68623,1,1
5265,0.0,-4,0,0,0,14,2,1,3,1,1,3,-4,1,1.0,0,2,0,4263,3,-4,12,4,-4,0,1
5266,0.0,200210,2,0,1,0,3,2,1,1,1,-4,-4,1,0.0,-4,1,0,4263,3,-4,12,4,-4,0,1
5267,1.0,-4,0,0,0,1,2,2,3,3,1,1,-4,0,0.0,0,2,0,-3,4,18,14,4,53329,0,0
5268,1.0,200108,0,3,0,2,2,2,1,1,1,-4,-4,0,0.0,-4,1,0,-3,4,18,14,4,57944,-5,-5
5269,1.0,-4,0,0,0,2,1,2,3,3,2,-4,-4,0,0.0,-4,2,0,72500,4,-3,-3,4,77604,0,0
5270,0.0,199304,0,0,0,17,2,2,5,4,1,4,-4,0,1.0,15,2,1,14500,3,12,14,4,-4,0,-2
5271,0.0,-4,0,0,0,2,2,3,3,2,1,2,-4,0,0.0,4,1,0,16750,4,-3,12,4,29444,0,0
5272,1.0,199206,0,0,1,2,2,3,4,5,1,2,-4,-3,0.0,1,2,0,296000,3,18,16,4,28037,0,0
5273,1.0,-4,0,4,0,3,2,2,3,2,1,3,-4,0,,40,1,0,-3,3,-3,16,4,70730,-5,-5
5274,1.0,-4,0,0,0,2,2,2,3,4,1,2,-4,0,0.0,0,2,0,65000,4,12,12,4,-4,-5,-5
5275,1.0,-4,0,0,0,0,2,2,2,2,1,1,-4,0,0.0,0,1,0,129000,4,15,16,4,-4,0,0
5276,0.0,199001,0,0,1,0,2,2,3,2,1,3,-4,0,0.0,0,2,0,-3,4,9,11,4,-4,0,0
5277,0.0,-4,0,0,0,2,2,1,4,4,3,-4,-4,0,0.0,-4,1,0,70500,5,14,16,4,-4,0,0
5278,1.0,-4,0,0,0,1,3,3,5,5,1,4,-4,0,0.0,-4,1,0,108750,4,15,16,4,63263,-5,-5
5279,1.0,-4,0,0,0,3,2,2,2,1,1,3,-4,0,0.0,5,1,0,600000,4,16,15,4,82761,0,0
5280,1.0,-4,0,0,0,3,2,1,2,1,1,-4,-4,0,0.0,-4,2,0,600000,4,16,15,4,69955,0,0
5281,0.0,-4,0,-4,-4,-4,1,3,3,3,1,3,-4,0,0.0,0,2,0,44850,6,15,12,4,67070,0,0
5282,0.0,201410,0,-4,-4,-4,1,1,1,1,1,-4,-4,0,0.0,-4,1,0,44850,6,15,12,4,35417,0,0
5283,0.0,-4,0,0,0,3,2,2,4,2,1,-4,-4,0,0.0,-4,1,0,44576,5,12,12,4,37757,-5,-5
5284,0.0,199801,3,-4,-4,-4,2,2,5,1,1,3,-4,0,0.0,10,1,0,4250,4,10,12,4,6974,-5,-5
5285,0.0,199403,0,-4,-4,-4,3,3,5,3,2,4,-4,-3,0.0,10,2,0,4250,4,15,12,4,32170,0,0
5286,0.0,199601,7,1,5,10,2,4,3,1,1,-4,-4,1,0.0,-4,1,0,4250,4,15,12,4,11383,-5,-5
5287,0.0,200005,0,0,6,2,4,3,4,1,1,-4,-4,0,,-4,1,0,-47001,6,11,8,4,14007,0,0
5288,0.0,-4,0,0,0,4,2,2,4,5,1,-4,-4,1,,-4,1,0,-47001,6,11,8,4,1668,0,0
5289,1.0,-4,0,0,0,2,2,1,2,1,1,-4,-4,0,0.0,-4,2,-4,-4,2,8,12,4,90242,0,1
5290,1.0,-4,0,0,0,5,2,2,4,5,2,4,-4,0,,50,2,0,5000,7,11,14,4,92849,0,0
5291,0.0,-4,0,2,4,5,2,3,5,3,2,-4,-4,1,1.0,-4,2,0,5000,7,11,14,4,40407,0,1
5292,0.0,200505,0,0,3,1,2,2,2,1,1,-4,-4,0,0.0,-4,1,0,15600,4,12,13,4,-4,-5,-5
5293,0.0,-4,0,12,2,5,3,2,4,1,1,-4,-4,1,0.0,-4,2,0,2950,3,9,8,4,2748,0,1
5294,1.0,201906,0,0,0,3,2,1,3,1,1,-4,-4,0,0.0,-4,2,0,118500,4,12,14,4,43913,0,0
5295,1.0,-4,0,0,0,1,1,1,2,1,1,-4,-4,0,1.0,-4,2,0,17600,4,14,15,4,89144,0,-2
5296,0.0,199207,0,0,0,0,2,2,3,3,1,3,-4,0,,0,2,0,2775,5,10,9,4,43691,0,-2
5297,0.0,-4,0,0,4,6,2,4,3,2,1,-4,-4,1,1.0,-4,2,1,2775,5,11,-3,4,9715,0,0
5298,0.0,-4,0,0,0,0,2,2,1,2,1,2,-4,0,0.0,0,2,0,101738,5,10,12,4,17806,0,0
5299,0.0,200504,1,0,0,0,2,2,1,1,1,-4,-4,0,0.0,-4,2,0,101738,5,12,-3,4,2901,-5,-5
5300,1.0,-4,0,0,0,1,2,2,5,5,2,4,-4,0,0.0,5,2,0,149350,5,14,16,4,74176,0,0
5301,0.0,200309,0,0,1,1,2,2,2,3,1,-4,-4,0,0.0,-4,1,0,149350,5,14,16,4,42699,0,0
5302,1.0,-4,0,0,0,3,2,2,2,1,1,-4,-4,0,0.0,-4,2,0,109000,4,12,12,4,63137,0,0
5303,1.0,-4,0,0,0,3,1,2,4,4,1,2,-4,0,1.0,0,2,0,8400,4,12,9,2,36327,0,0
5304,1.0,200406,1,0,0,8,2,3,4,2,1,3,-4,0,0.0,0,2,0,8400,4,12,9,4,37301,0,0
5305,0.0,200301,0,2,1,4,2,2,3,1,1,-4,-4,1,1.0,-4,1,0,-6000,3,13,13,4,-4,0,0
5306,1.0,199406,0,0,0,3,1,3,2,3,1,2,-4,-3,1.0,34,1,0,133000,6,12,15,4,65944,0,0
5307,1.0,-4,0,2,0,3,2,4,4,4,1,3,-4,0,0.0,10,2,0,30900,4,13,13,4,69059,0,0
5308,1.0,-4,0,3,1,4,2,1,4,3,3,-4,-4,0,0.0,-4,1,0,-18350,4,12,12,3,41667,0,0
5309,1.0,-4,0,0,0,3,2,2,2,3,2,-4,-4,0,1.0,-4,1,0,-18350,4,12,12,3,95912,0,0
5310,1.0,-4,0,0,0,0,2,1,3,3,2,3,-4,0,0.0,25,2,0,-3,4,16,14,2,49542,0,0
5311,1.0,-4,0,0,0,0,2,3,4,3,1,3,-4,0,1.0,10,2,0,600000,4,20,16,4,92853,0,0
5312,1.0,200112,0,0,0,0,2,2,1,1,1,-4,-4,0,0.0,-4,1,0,600000,4,20,16,4,89868,0,0
5313,1.0,200110,0,0,0,0,2,2,3,3,1,2,-4,0,0.0,50,1,0,142800,3,10,12,4,46852,0,0
5314,0.0,-4,0,0,0,3,2,2,4,3,1,5,-4,1,0.0,50,1,0,88800,3,12,11,4,9371,0,0
5315,0.0,-4,0,1,0,3,3,4,3,3,1,-4,-4,0,0.0,-4,2,1,2940,6,12,9,4,62253,0,0
5316,1.0,-4,0,0,0,2,2,1,1,1,1,2,-4,0,0.0,1,1,0,433500,4,12,12,4,15427,0,0
5317,1.0,-4,0,0,0,1,1,1,4,3,2,-4,-4,0,,-4,2,0,433500,4,12,12,4,57404,0,0
5318,0.0,201212,0,0,0,12,2,2,3,3,1,-4,-4,0,0.0,-4,2,0,350,4,8,5,2,70747,0,0
5319,1.0,-4,0,0,0,1,2,2,3,2,1,1,-4,0,0.0,40,2,0,93700,4,12,12,4,64652,0,0
5320,1.0,-4,0,0,0,2,2,2,1,1,1,-4,-4,0,0.0,-4,2,0,111250,4,12,12,4,26290,-5,-5
5321,0.0,199708,0,2,0,5,2,2,4,4,1,3,-4,0,,10,1,-4,-4,7,14,14,4,74601,0,0
5322,1.0,-4,0,0,0,3,2,2,3,3,2,-4,-4,1,0.0,-4,1,0,117800,7,14,14,4,52158,-5,-5
5323,0.0,200106,1,2,0,4,1,2,5,1,1,3,-4,0,0.0,0,1,0,69295,3,-4,10,4,12356,0,-4
5324,0.0,199810,3,0,5,50,4,4,5,5,4,5,-4,1,0.0,-4,2,1,500,5,12,10,4,-4,0,0
5325,0.0,199505,4,12,2,10,2,1,5,1,1,-4,-4,1,0.0,-4,1,1,500,5,8,10,4,-4,0,1
5326,0.0,-4,0,0,0,4,1,1,1,1,1,-4,-4,0,0.0,-4,2,0,-3,4,-4,12,4,-4,0,0
5327,0.0,199907,0,0,0,4,2,3,1,1,1,-4,-4,0,0.0,-4,1,0,451500,5,10,9,4,47481,-5,-5
5328,0.0,200509,0,1,0,4,1,1,1,1,1,-4,-4,0,1.0,-4,2,0,-26500,4,16,13,4,-4,0,-2
5329,1.0,-4,0,0,0,2,1,2,3,1,1,-4,-4,0,0.0,-4,1,0,950,4,14,13,4,18182,0,0
5330,1.0,200203,0,0,0,5,2,2,3,2,1,-4,-4,1,0.0,-4,1,0,-3,2,12,12,4,78271,-5,-5
5331,0.0,200412,0,0,0,0,2,1,2,3,1,4,-4,1,1.0,10,1,-4,-4,6,10,12,4,-4,0,0
5332,1.0,199601,3,0,1,10,3,3,4,3,1,3,-4,1,0.0,0,1,0,24000,5,12,16,4,61944,0,0
5333,1.0,-4,0,0,0,3,2,3,1,1,1,-4,-4,0,0.0,-4,2,0,24000,5,12,16,4,99358,0,0
5334,0.0,-4,0,0,0,2,2,2,1,1,1,-4,-4,0,0.0,-4,2,0,24000,5,12,16,4,77974,-5,-5
5335,,-4,0,0,0,2,3,3,2,1,1,2,-4,0,,20,2,0,-3,6,11,13,4,-4,-5,-5
5336,0.0,200009,1,5,0,0,2,2,2,2,1,2,-4,0,0.0,0,1,0,59950,4,10,12,4,31069,0,0
5337,0.0,199810,4,2,0,0,2,3,3,2,1,-4,-4,0,0.0,-4,1,0,59950,4,10,12,4,51223,0,0
5338,0.0,-4,0,0,0,4,2,2,2,2,1,1,-4,0,,3,2,0,5750,5,11,10,4,11144,0,0
5339,0.0,200008,0,0,0,3,2,1,1,1,1,-4,-4,0,,-4,1,0,5750,5,11,10,4,55934,0,0
5340,1.0,200805,0,0,0,2,2,3,4,1,1,1,-4,0,1.0,-4,2,0,180401,5,12,14,4,40717,0,0
5341,0.0,-4,0,0,0,2,2,1,1,1,1,1,-4,0,,0,1,0,600000,4,12,12,4,25312,-5,-5
5342,0.0,-4,0,4,0,4,2,4,2,1,1,-4,-4,0,0.0,-4,1,0,4520,6,12,14,4,52789,0,0
5343,1.0,-4,0,0,0,3,2,4,2,1,1,-4,-4,1,0.0,-4,2,0,4520,6,12,14,4,62620,0,0
5344,1.0,-4,0,0,0,3,2,2,3,1,1,-4,-4,0,1.0,-4,2,0,130750,3,14,12,4,59877,-5,-5
5345,1.0,-4,0,0,0,0,2,2,2,3,1,3,-4,0,0.0,10,1,0,492500,4,16,17,4,97965,0,0
5346,1.0,-4,0,0,0,0,2,2,2,1,2,-4,-4,0,0.0,-4,2,0,492500,4,16,17,4,72070,0,0
5347,1.0,202003,0,0,0,3,1,2,1,1,1,-4,-4,0,0.0,-4,1,0,129500,5,12,12,4,88299,0,0
5348,1.0,-4,0,0,0,2,1,1,1,1,1,-4,-4,0,0.0,-4,1,0,129500,5,12,12,4,52689,-5,-5
5349,0.0,-4,0,0,2,0,2,1,4,1,1,-4,-4,0,0.0,-4,1,0,35500,5,8,12,4,20887,0,0
5350,1.0,-4,0,0,0,1,2,2,1,1,1,-4,-4,0,0.0,-4,1,-4,-4,5,12,-3,4,43093,0,0
5351,1.0,-4,0,0,0,5,1,4,3,2,1,-4,-4,1,,-4,2,-4,-4,2,12,12,4,-4,-5,-5
5352,0.0,-4,0,0,0,1,2,2,3,2,1,2,-4,0,0.0,0,1,0,75000,4,12,12,4,58022,0,0
5353,0.0,200103,0,0,0,3,2,3,1,1,1,1,-4,0,0.0,-4,1,0,69700,5,12,13,4,71055,0,0
5354,1.0,200002,0,0,0,2,1,2,1,1,1,-4,-4,0,0.0,-4,1,0,69700,5,12,13,4,83148,0,0
5355,1.0,-4,0,0,0,1,2,2,2,2,1,2,-4,0,0.0,0,1,0,121100,4,14,16,4,73382,0,0
5356,1.0,-4,0,0,0,1,1,1,1,1,1,-4,-4,0,0.0,-4,1,0,121100,4,14,16,4,92504,0,0
5357,1.0,-4,0,0,0,0,1,2,1,1,1,-4,-4,0,0.0,-4,1,0,232300,4,12,12,4,65715,0,0
5358,1.0,-4,0,0,0,10,1,1,1,1,1,-4,-4,0,0.0,-4,2,0,51000,4,20,18,4,78762,0,0
5359,0.0,199909,0,0,0,3,3,3,5,4,1,4,-4,0,0.0,10,2,0,103001,5,12,10,4,-4,0,0
5360,1.0,-4,0,0,0,0,2,2,1,1,1,-4,-4,0,0.0,-4,1,0,224000,6,17,12,4,76190,-5,-5
5361,1.0,-4,0,0,0,0,1,2,1,1,1,-4,-4,0,0.0,-4,2,0,224000,6,17,12,4,32494,-5,-5
5362,0.0,-4,0,0,0,2,2,3,1,1,1,1,-4,0,0.0,0,1,0,4760,5,13,13,3,85799,-5,-5
5363,0.0,199903,0,0,0,0,2,2,3,1,1,1,-4,1,0.0,10,1,0,68650,2,13,20,4,75531,0,0
5364,0.0,200107,0,0,0,20,2,2,1,1,1,1,-4,0,1.0,0,1,0,79500,3,14,16,4,2672,0,0
5365,1.0,-4,0,0,0,2,2,1,1,1,1,-4,-4,0,0.0,-4,2,0,22500,3,-3,14,4,51804,-5,-5
5366,0.0,200210,0,0,0,1,1,2,1,1,1,-4,-4,0,,-4,1,0,154139,8,12,12,4,32831,0,0
5367,0.0,-4,0,0,0,0,2,1,4,4,1,-4,-4,0,0.0,-4,2,0,134600,4,12,13,4,69925,0,0
5368,0.0,-4,0,0,1,3,2,1,1,1,1,2,-4,0,1.0,0,1,0,97250,3,12,12,4,34742,0,0
5369,1.0,-4,0,0,0,0,1,2,1,1,1,-4,-4,0,0.0,-4,2,0,71500,4,16,14,4,85553,0,0
5370,1.0,199803,0,0,0,4,2,2,3,3,1,3,-4,0,,2,1,0,-3,3,12,12,4,-4,-5,-5
5371,1.0,199503,0,0,0,5,1,2,3,3,1,3,-4,0,0.0,-4,1,0,52100,4,14,12,4,-4,0,0
5372,0.0,200005,1,0,0,7,2,2,3,3,1,2,-4,1,1.0,0,2,0,47550,2,16,16,4,30767,0,0
5373,0.0,-4,0,0,0,3,2,2,1,1,1,-4,-4,0,0.0,-4,1,0,18400,3,11,14,4,-4,0,0
5374,0.0,199605,1,1,0,3,3,4,1,1,2,-4,-4,1,1.0,-4,1,0,23500,5,13,14,4,-4,0,0
5375,0.0,-4,0,0,0,3,2,1,3,1,1,-4,-4,0,1.0,-4,1,0,-3250,4,-3,14,4,51731,-5,-5
5376,0.0,200207,0,0,0,8,4,2,1,1,1,-4,-4,1,0.0,-4,1,-4,-4,6,11,8,3,1439,0,0
5377,0.0,-4,0,0,0,1,1,1,2,2,1,-4,-4,0,,-4,1,0,2350,9,-4,12,4,37807,-5,-5
5378,0.0,-4,0,0,0,3,2,2,1,1,1,-4,-4,1,0.0,-4,2,-4,-4,6,-4,12,4,-4,0,-4
5379,0.0,199109,0,0,0,4,2,2,3,2,1,-4,-4,0,0.0,-4,1,0,93600,3,12,16,4,73444,0,0
5380,1.0,199508,0,0,0,1,2,2,4,5,1,5,-4,0,1.0,2,1,0,177500,3,16,16,4,85846,0,0
5381,1.0,-4,0,0,0,3,2,2,2,1,1,-4,-4,0,0.0,-4,2,0,13820,4,11,13,4,69813,0,0
5382,0.0,199804,0,0,0,6,1,1,2,1,1,-4,-4,0,0.0,-4,2,0,157090,5,14,13,4,70490,0,0
5383,1.0,199512,0,0,0,0,1,3,4,3,1,2,-4,-3,0.0,15,1,0,63700,5,14,12,4,58753,0,0
5384,0.0,200008,0,1,1,0,2,2,2,2,2,-4,-4,0,0.0,-4,1,0,63700,5,14,12,4,12338,0,0
5385,1.0,199612,1,0,0,3,2,3,3,3,1,2,-4,0,0.0,-4,1,0,120500,3,16,16,4,38264,0,0
5386,1.0,199908,0,20,0,2,2,3,3,3,1,2,-4,1,,50,2,0,377500,4,13,17,4,91787,-5,-5
5387,0.0,199703,1,0,0,11,3,3,4,4,3,5,-4,0,1.0,50,2,0,9030,3,12,12,3,32268,0,0
5388,1.0,-4,0,0,0,2,1,1,1,1,1,-4,-4,0,0.0,-4,2,0,170100,4,12,14,4,87440,0,0
5389,1.0,-4,0,0,0,3,2,2,4,3,1,3,-4,0,0.0,0,2,0,359500,3,16,16,4,-4,0,0
5390,1.0,200304,0,0,0,3,2,3,3,3,1,4,-4,0,1.0,10,2,0,50904,3,12,13,1,-4,0,0
5391,1.0,199705,0,0,0,1,2,2,2,1,1,2,-4,0,0.0,25,1,0,119700,5,16,13,4,45865,0,0
5392,1.0,200309,0,0,0,3,2,-2,1,1,1,-4,-4,0,0.0,-4,2,0,119700,5,16,13,4,38775,0,0
5393,1.0,-4,0,0,0,5,2,2,3,4,2,2,-4,0,0.0,1,1,0,477626,5,12,12,4,76465,0,0
5394,1.0,-4,0,0,0,3,2,2,3,2,2,-4,-4,0,0.0,-4,2,0,477626,5,12,12,4,91232,0,0
5395,0.0,199909,0,0,0,1,2,1,1,1,1,1,-4,0,,0,1,0,57900,4,12,12,4,-4,-5,-5
5396,0.0,199602,5,2,2,6,2,2,5,3,4,3,-4,0,0.0,0,1,0,102500,4,11,13,2,2045,0,0
5397,0.0,-4,0,0,0,0,1,2,4,3,2,-4,-4,0,0.0,-4,2,0,102500,4,14,13,2,45147,0,0
5398,0.0,199906,0,0,0,7,1,2,1,1,1,-4,-4,0,0.0,-4,2,0,-3,4,-4,12,4,32302,-5,-5
5399,1.0,199203,0,0,1,3,2,2,4,3,1,3,-4,-3,1.0,3,2,0,18865,2,12,14,4,69157,0,1
5400,0.0,-4,0,0,0,2,2,3,5,5,3,4,-4,0,0.0,5,1,0,5950,4,14,12,4,50280,-5,-5
5401,1.0,199909,0,0,0,2,1,2,2,1,1,-4,-4,0,0.0,-4,2,0,-6000,4,-4,16,4,76267,0,0
5402,1.0,-4,0,0,0,2,1,1,1,1,1,-4,-4,0,0.0,-4,2,0,-7836,5,12,12,4,-4,0,0
5403,0.0,199712,0,45,3,5,2,4,4,3,2,4,-4,1,0.0,25,2,0,-6950,3,12,14,4,28418,0,0
5404,0.0,199606,5,5,0,3,2,3,3,2,3,-4,-4,1,,-4,2,0,-6950,3,12,14,4,65080,0,0
5405,1.0,-4,0,0,0,9,2,2,2,-2,1,-2,-4,0,1.0,0,2,0,145750,3,16,14,4,89532,0,0
5406,1.0,200208,0,0,0,2,1,2,1,1,1,1,-4,0,0.0,-4,1,0,247400,4,-3,16,4,64457,-5,-5
5407,1.0,200312,0,0,0,2,2,2,1,1,1,-4,-4,0,0.0,-4,1,0,247400,4,-3,16,4,58951,-5,-5
5408,1.0,200504,0,0,0,2,2,1,2,1,1,1,-4,0,0.0,15,1,0,-3,5,12,20,4,79681,0,0
5409,0.0,199905,0,1,0,1,2,2,2,1,1,-4,-4,0,0.0,-4,1,0,-3,5,12,20,4,69608,0,0
5410,1.0,-4,0,0,0,0,2,1,1,1,1,-4,-4,0,0.0,-4,2,0,-3,5,12,20,4,50760,0,0
5411,1.0,200210,0,5,0,5,2,2,1,1,1,-4,-4,0,0.0,-4,2,0,526950,4,12,13,4,30530,0,0
5412,1.0,-4,0,0,0,2,1,4,1,1,1,-4,-4,0,0.0,-4,2,0,62433,4,14,14,4,43784,-5,-5
5413,1.0,200104,0,0,0,4,3,3,1,2,1,1,-4,0,0.0,-4,2,0,40300,7,20,16,4,70706,0,0
5414,0.0,-4,0,0,0,0,2,1,4,2,1,3,-4,0,0.0,2,2,0,20000,6,12,12,4,10238,-5,-5
5415,0.0,201409,0,0,0,4,2,3,1,1,1,-4,-4,0,0.0,-4,1,0,20000,6,12,12,4,43557,0,0
5416,1.0,-4,0,0,0,3,2,3,2,1,1,-4,-4,0,0.0,-4,2,0,-3,11,12,12,4,51237,0,0
5417,0.0,-4,0,0,1,1,3,2,2,1,1,5,-4,0,0.0,2,1,0,72500,3,16,12,3,-4,0,0
5418,1.0,200001,0,0,0,0,2,3,4,2,1,2,-4,0,0.0,0,2,0,-3,3,12,12,4,65115,0,0
5419,1.0,-4,0,0,0,1,2,3,4,1,2,2,-4,0,0.0,10,2,0,-3,3,10,11,4,32386,0,0
5420,1.0,-4,0,0,0,4,2,2,2,1,1,1,-4,0,0.0,0,1,0,46250,4,12,16,4,34975,-5,-5
5421,1.0,199901,0,0,1,10,2,3,3,3,2,2,-4,0,0.0,-4,2,0,57205,4,12,14,4,76006,0,0
5422,0.0,-4,0,0,0,10,2,2,3,2,2,-4,-4,0,0.0,-4,2,0,57205,4,12,14,4,36307,0,0
5423,1.0,199702,0,0,0,2,2,2,3,1,2,2,-4,0,0.0,0,1,0,54500,4,11,8,2,51252,0,0
5424,0.0,199906,1,2,0,1,1,2,3,1,1,-4,-4,0,0.0,-4,2,0,54500,4,11,8,2,23101,0,0
5425,1.0,-4,0,0,0,2,2,2,3,2,1,3,-4,0,0.0,0,2,0,28250,3,9,12,4,57696,0,-2
5426,0.0,201209,0,0,0,2,2,2,1,1,1,-4,-4,1,0.0,-4,1,0,28250,3,9,12,4,19493,0,0
5427,0.0,-4,0,0,0,1,2,2,3,4,1,2,-4,0,0.0,10,1,0,-3,4,12,12,4,23128,0,0
5428,1.0,-4,0,2,1,1,2,2,1,1,1,-4,-4,1,0.0,-4,1,0,-3,4,12,12,4,65459,0,0
5429,0.0,-4,0,0,0,2,3,3,5,2,1,2,-4,1,0.0,0,1,0,145500,5,-4,-4,4,22920,0,0
5430,1.0,-4,0,0,0,2,2,1,2,1,2,-4,-4,0,0.0,-4,2,0,145500,5,-4,-4,4,17721,-5,-5
5431,1.0,-4,0,0,1,4,2,2,1,1,1,-4,-4,0,0.0,-4,1,0,-3,5,12,12,4,49427,-5,-5
5432,0.0,-4,0,0,0,0,2,2,1,1,2,-4,-4,0,0.0,-4,2,0,30750,4,12,12,4,9153,0,0
5433,1.0,200008,0,1,1,10,2,3,3,2,1,3,-4,0,0.0,0,1,0,37272,4,14,12,4,74488,0,0
5434,1.0,201410,1,0,0,1,1,2,4,4,2,1,-4,0,0.0,0,1,0,-3,4,12,12,4,-4,0,0
5435,0.0,200001,11,-4,-4,-4,4,3,5,4,1,-4,-4,1,,-4,1,-4,-4,4,11,11,4,-4,0,0
5436,0.0,199605,0,1,4,8,2,1,3,2,1,-4,-4,1,0.0,-4,1,0,5450,4,11,9,4,59568,0,0
5437,1.0,-4,0,0,0,2,1,2,2,1,1,-4,-4,0,0.0,-4,1,0,5450,4,11,9,4,85681,0,0
5438,0.0,-4,0,2,1,1,2,3,1,2,2,-4,-4,0,1.0,-4,1,0,-12050,4,12,12,4,87807,0,0
5439,1.0,-4,0,0,0,2,2,2,3,4,1,2,-4,0,0.0,10,1,0,120001,4,16,12,4,64555,0,0
5440,1.0,200210,0,0,0,0,2,3,1,1,-2,-4,-4,0,0.0,-4,1,0,-3,4,16,17,4,47477,-5,-5
5441,1.0,-4,0,0,0,2,2,1,4,3,2,3,-4,0,0.0,25,1,0,207500,5,12,12,4,14298,0,0
5442,1.0,-4,0,0,0,0,1,1,2,1,2,-4,-4,0,0.0,-4,1,0,207500,5,12,12,4,70471,0,0
5443,0.0,200410,0,0,0,0,2,2,3,2,2,3,-4,0,0.0,-4,1,0,-3,5,12,12,4,-4,0,0
5444,1.0,-4,0,0,0,1,2,2,2,2,2,-4,-4,0,0.0,-4,2,0,-3,5,12,12,4,-4,0,0
5445,1.0,199802,0,1,1,1,2,3,2,1,1,3,-4,0,0.0,80,1,0,133500,4,12,14,3,61101,-5,-5
5446,1.0,-4,0,0,0,0,1,1,4,2,2,-4,-4,0,0.0,-4,2,0,133500,4,12,14,3,72886,0,0
5447,0.0,-4,0,0,6,0,2,2,1,1,1,-4,-4,0,0.0,-4,1,0,115000,4,11,12,4,39456,-5,-5
5448,0.0,199206,3,3,2,3,2,3,3,2,2,4,-4,0,0.0,-4,2,0,37000,6,9,-3,4,63112,0,0
5449,1.0,201603,1,0,0,2,2,2,2,1,1,-4,-4,0,0.0,-4,1,0,-3,4,12,12,4,-4,0,0
5450,0.0,-4,0,2,0,5,2,3,4,2,1,3,-4,1,0.0,10,1,0,177500,3,12,12,4,39779,0,0
5451,0.0,-4,0,0,0,1,2,2,4,3,3,4,-4,1,1.0,25,2,0,-3,5,12,12,4,35301,0,0
5452,1.0,-4,0,1,0,0,2,3,3,3,2,-4,-4,0,0.0,-4,2,0,-3,5,12,12,4,74180,0,0
5453,1.0,-4,0,2,2,0,2,2,1,1,1,-4,-4,0,0.0,-4,1,0,-3,3,12,12,4,58470,0,0
5454,1.0,-4,0,0,0,5,2,4,2,1,1,-4,-4,0,1.0,-4,2,-4,-4,5,12,12,4,-4,-5,-5
5455,0.0,199401,0,0,0,3,2,3,5,5,3,5,-4,-3,1.0,0,1,0,13250,3,9,-4,2,7032,0,0
5456,0.0,199702,0,0,3,2,3,4,5,5,4,-4,-4,0,0.0,-4,2,-4,-4,3,9,-4,2,15191,0,0
5457,0.0,-4,0,0,0,4,2,2,2,1,2,-4,-4,0,0.0,-4,2,1,-10550,4,4,12,4,39779,0,0
5458,0.0,200304,1,0,0,2,1,2,1,1,1,-4,-4,0,0.0,-4,1,1,-10550,4,4,12,4,23479,0,0
5459,0.0,199808,0,1,0,2,3,3,4,2,2,-4,-4,0,0.0,-4,1,0,20100,5,9,12,4,20045,0,0
5460,1.0,-4,0,5,0,3,2,3,3,1,1,-4,-4,0,1.0,-4,2,-4,27000,5,11,12,4,50412,0,0
5461,0.0,200002,1,0,0,2,3,3,4,1,4,-4,-4,0,0.0,-4,1,0,-3,3,-4,12,2,16956,0,0
5462,0.0,199803,1,0,0,1,2,3,1,1,1,-4,-4,0,0.0,-4,1,-4,-4,3,11,12,4,12848,0,0
5463,0.0,199402,0,0,1,2,2,3,4,3,1,2,-4,0,0.0,-4,2,-4,-4,5,12,12,4,34394,0,0
5464,1.0,-4,0,0,0,2,2,2,2,3,1,2,-4,0,0.0,15,1,0,-3,3,12,14,4,94577,-5,-5
5465,0.0,200509,0,3,0,2,2,2,4,4,3,5,-4,0,0.0,0,2,0,42300,4,11,8,3,-4,0,1
5466,0.0,199709,0,0,1,1,3,3,3,3,3,4,-4,0,,0,2,0,42300,4,11,8,3,-4,0,1
5467,0.0,199609,0,2,1,5,3,2,5,5,4,-4,-4,1,1.0,-4,2,0,42300,4,11,8,3,-4,0,1
5468,1.0,199801,0,0,0,1,2,2,3,3,2,4,-4,0,0.0,0,2,0,-3,4,15,13,4,63538,0,0
5469,0.0,-4,0,0,0,0,2,3,3,4,2,-4,-4,0,0.0,-4,2,0,-3,4,15,13,4,35625,0,0
5470,1.0,200601,0,0,0,9,3,3,3,3,2,-4,-4,0,,-4,2,0,-3,3,12,12,4,25319,0,0
5471,0.0,199805,0,2,2,7,3,3,5,5,5,3,-4,1,0.0,40,1,0,23500,3,-4,12,2,50481,0,0
5472,0.0,-4,0,1,0,-2,2,3,4,1,2,-4,-4,1,0.0,-4,2,0,23500,3,-4,12,2,28690,0,0
5473,1.0,199808,0,0,0,1,2,2,4,4,3,3,-4,0,0.0,50,2,0,53750,3,12,12,4,70724,0,1
5474,1.0,-4,0,0,0,1,2,2,1,1,1,-4,-4,1,0.0,-4,1,0,-3,3,17,17,4,99351,0,0
5475,1.0,-4,0,0,0,7,2,2,2,1,1,-4,-4,0,0.0,-4,2,0,-3,4,16,16,4,-4,-5,-5
5476,1.0,-4,0,0,0,0,2,2,5,3,3,-4,-4,0,0.0,-4,2,0,-3,3,-4,12,4,37544,0,0
5477,1.0,-4,0,0,0,0,2,2,2,2,2,-4,-4,0,0.0,-4,2,0,-3,3,-4,12,4,53834,-5,-5
5478,1.0,200307,0,0,0,0,3,2,1,1,1,-4,-4,0,0.0,-4,2,0,-3,4,14,14,4,73818,0,0
5479,1.0,-4,0,0,0,4,1,2,5,3,1,3,-4,0,,0,2,0,6750,4,8,12,4,73654,0,0
5480,1.0,-4,0,0,0,0,2,2,1,1,1,-4,-4,0,0.0,-4,2,0,-3,6,12,14,4,83452,0,0
5481,1.0,-4,0,0,0,0,1,2,3,1,1,1,-4,0,0.0,3,1,0,600000,5,12,14,4,84039,0,0
5482,1.0,-4,0,5,0,0,2,1,3,3,1,-4,-4,0,0.0,-4,2,0,600000,5,12,14,4,24992,0,0
5483,1.0,-4,0,0,1,2,1,2,1,1,1,-4,-4,0,0.0,-4,1,0,600000,5,12,14,4,35476,0,0
5484,0.0,-4,0,0,0,7,1,2,2,5,1,1,-4,0,0.0,0,1,0,174001,4,15,12,4,32672,0,0
5485,1.0,-4,0,0,0,4,2,2,2,1,1,-4,-4,0,,-4,2,-4,-4,4,13,12,4,-4,0,0
5486,0.0,200201,0,1,2,6,2,1,1,1,1,-4,-4,0,0.0,-4,1,0,482000,3,12,12,4,-4,-5,-5
5487,0.0,-4,0,0,0,4,3,3,3,3,1,4,-4,0,,3,2,0,19500,3,12,12,4,6236,0,0
5488,0.0,-4,0,1,0,2,1,2,2,1,1,-4,-4,0,0.0,-4,1,0,21030,4,12,10,4,36987,-5,-5
5489,0.0,-4,0,1,0,3,1,2,1,1,1,-4,-4,0,0.0,-4,2,0,21030,4,12,10,4,27257,0,0
5490,1.0,-4,0,0,0,0,1,1,5,1,1,-4,-4,1,0.0,-4,2,0,155450,5,14,12,4,80760,0,0
5491,1.0,199603,0,0,1,0,2,2,2,2,1,-4,-4,1,0.0,-4,1,0,-3,3,11,12,4,82484,-5,-5
5492,1.0,-4,0,0,0,7,1,2,2,1,1,1,-4,0,,50,1,0,564501,3,15,12,4,82412,0,0
5493,0.0,199507,1,4,0,-2,2,2,4,4,2,3,-4,0,0.0,0,2,0,5250,3,12,12,4,-4,0,0
5494,0.0,199401,3,3,5,10,3,3,4,2,1,-4,-4,0,0.0,-4,1,0,5250,3,12,12,4,16267,0,0
5495,0.0,199804,0,0,0,18,3,4,5,5,4,5,-4,-1,0.0,-4,2,0,206150,3,12,13,4,21373,-5,-5
5496,0.0,199702,0,2,0,-2,3,2,4,3,1,2,-4,0,0.0,25,2,0,27778,3,-3,14,4,47699,0,0
5497,0.0,-4,0,0,0,5,2,2,4,3,4,2,-4,0,0.0,0,1,0,75250,3,10,12,4,46929,0,0
5498,1.0,-4,0,0,0,1,3,2,4,3,1,-2,-4,-1,0.0,0,2,0,-3,6,12,12,4,68735,0,-2
5499,1.0,200210,0,0,0,2,2,2,1,1,1,-4,-4,-1,0.0,-4,1,0,-3,6,-3,12,4,17906,0,0
5500,1.0,200507,2,0,0,0,2,3,2,1,1,-4,-4,1,0.0,-4,1,0,22500,5,12,16,4,56980,0,0
5501,0.0,-4,0,0,0,6,3,3,5,3,2,-4,-4,1,,-4,2,0,8350,3,10,10,4,-4,0,0
5502,0.0,199910,4,0,0,1,2,2,2,1,1,1,-4,0,1.0,20,1,1,29000,6,9,12,4,10675,0,0
5503,1.0,-4,0,0,0,2,2,2,2,1,1,-4,-4,0,0.0,-4,2,1,29000,6,9,12,4,73457,0,0
5504,1.0,-4,0,0,0,0,2,2,2,1,1,-4,-4,0,0.0,-4,2,1,29000,6,9,12,4,71931,0,0
5505,1.0,-4,0,3,0,3,2,2,4,4,1,2,-4,0,0.0,10,2,0,251000,3,12,12,4,55250,0,0
5506,0.0,-4,0,0,0,2,2,3,2,3,1,2,-4,0,0.0,0,2,0,24655,5,12,12,4,27239,0,0
5507,0.0,-4,0,0,0,2,2,2,1,1,1,-4,-4,0,,-4,2,-4,-4,5,12,12,4,25489,0,0
5508,0.0,200707,1,0,0,2,3,2,3,1,-2,-4,-4,1,0.0,-4,2,-4,-4,5,12,12,4,21982,0,0
5509,1.0,-4,0,0,0,2,2,2,2,1,1,1,-4,0,0.0,0,1,0,53550,4,13,12,4,39130,0,0
5510,1.0,-4,0,0,0,1,2,2,1,1,1,-4,-4,0,0.0,-4,1,0,53550,4,13,12,4,28442,-5,-5
5511,0.0,-4,0,10,0,2,2,3,2,1,1,1,-4,1,0.0,-4,1,0,170000,4,12,13,4,10622,0,-2
5512,1.0,200310,0,4,2,5,4,3,3,2,2,3,-4,1,1.0,50,1,0,34244,3,12,15,4,83664,0,0
5513,1.0,-4,0,0,0,1,2,2,2,2,1,-4,-4,0,,-4,2,0,106200,4,10,12,4,27708,-5,-5
5514,,-4,0,0,0,1,2,2,1,1,1,-4,-4,0,,-4,2,0,106200,4,10,12,4,21367,-5,-5
5515,0.0,199906,1,0,0,2,2,2,1,1,1,-4,-4,0,0.0,-4,1,0,51250,4,12,12,4,15929,0,0
5516,0.0,-4,0,0,1,10,3,2,1,1,1,-4,-4,0,0.0,-4,1,0,40710,4,6,9,4,19196,0,0
5517,0.0,199901,7,2,0,3,2,2,5,3,1,3,-4,1,1.0,0,1,0,6250,5,10,11,4,65552,0,1
5518,0.0,-4,0,0,0,4,2,2,4,3,-2,3,-4,0,0.0,0,1,0,6250,5,10,11,4,4729,0,1
5519,0.0,199504,5,0,1,3,2,2,4,1,1,-4,-4,1,0.0,-4,1,0,6250,5,11,11,4,36534,0,0
5520,0.0,200507,0,0,0,4,2,2,2,-2,1,-4,-4,1,1.0,-4,1,0,-7150,3,-3,12,4,87199,0,-4
5521,0.0,200108,0,0,0,2,2,2,1,1,1,-4,-4,0,,-4,1,0,15750,8,-3,10,2,23486,0,1
5522,0.0,200505,1,0,0,4,2,2,5,4,1,2,-4,0,0.0,0,1,0,48125,3,11,12,4,57234,0,0
5523,0.0,-4,0,1,0,2,2,2,2,1,1,-4,-4,0,0.0,-4,1,0,48125,3,11,12,4,80575,0,0
5524,1.0,-4,0,5,0,0,2,2,1,1,1,-4,-4,1,1.0,-4,1,0,42250,4,-3,12,4,63413,-5,-5
5525,0.0,-4,0,0,0,4,2,2,2,1,1,-4,-4,0,0.0,-4,1,0,33500,3,12,12,4,41185,0,0
5526,1.0,-4,0,0,0,0,2,2,1,1,1,-4,-4,0,0.0,-4,2,0,33500,3,12,12,4,65728,0,0
5527,,-4,0,0,1,3,2,2,4,1,1,-4,-4,0,,-4,2,0,1750,3,-3,9,2,74097,-5,-5
5528,1.0,-4,0,0,0,5,2,3,5,5,1,4,-4,0,0.0,10,2,0,35500,3,12,12,4,65027,0,0
5529,1.0,-4,0,0,0,2,2,2,2,1,1,-4,-4,1,0.0,-4,1,0,35500,3,12,12,4,33200,0,0
5530,0.0,200207,0,0,1,-2,2,2,2,1,1,-4,-4,0,0.0,-4,2,0,825,5,14,10,4,41160,0,0
5531,0.0,-4,0,0,0,10,3,2,4,3,1,2,-4,0,0.0,10,2,1,-3,4,12,12,4,50676,0,0
5532,0.0,200001,2,0,3,0,2,2,5,4,1,-4,-4,0,0.0,-4,1,0,-3,4,12,12,4,36885,0,0
5533,1.0,200409,3,2,0,7,2,2,2,2,1,-4,-4,1,1.0,-4,1,0,600000,5,16,14,4,78348,0,0
5534,0.0,-4,0,0,0,3,2,2,2,1,1,-4,-4,1,0.0,-4,2,0,36900,2,12,12,4,35389,0,0
5535,0.0,199907,0,2,0,25,2,4,3,2,3,-4,-4,0,0.0,-4,2,0,21750,5,10,12,4,49449,0,0
5536,1.0,-4,0,0,0,0,2,2,3,2,2,1,-4,0,0.0,-4,1,1,-19250,4,16,12,2,95999,0,0
5537,1.0,-4,0,0,0,2,2,2,1,1,1,-4,-4,0,0.0,-4,1,1,-19250,4,16,12,2,71588,-2,-2
5538,1.0,-4,0,0,0,6,2,2,2,3,1,1,-4,0,0.0,-4,1,0,34800,3,12,12,4,42380,-5,-5
5539,0.0,-4,0,0,0,3,2,2,1,1,1,-4,-4,0,0.0,-4,1,0,43500,5,18,12,4,27716,0,0
5540,1.0,-4,0,2,0,1,2,2,1,1,1,-4,-4,1,1.0,-4,2,0,17200,4,12,17,4,96626,0,0
5541,1.0,-4,0,2,1,6,2,2,2,2,1,1,-4,0,0.0,15,1,0,257000,4,16,12,4,97379,0,0
5542,1.0,-4,0,0,1,0,1,2,1,1,1,-4,-4,0,1.0,-4,1,0,257000,4,16,12,4,88631,0,0
5543,0.0,-4,0,0,0,10,2,3,1,1,1,1,-4,0,0.0,10,2,0,204000,3,12,14,4,78296,0,0
5544,1.0,-4,0,0,0,6,2,2,1,1,1,-4,-4,0,1.0,-4,2,0,111500,4,18,13,4,93837,0,0
5545,0.0,200209,0,0,0,5,2,2,3,2,1,-4,-4,0,0.0,-4,1,0,188151,4,16,12,4,35799,0,0
5546,1.0,200006,1,0,0,1,2,2,2,1,1,-4,-4,0,0.0,-4,1,0,600000,3,14,12,4,93711,0,0
5547,0.0,-4,0,0,0,2,2,1,3,2,3,1,-4,0,0.0,3,1,0,93180,5,10,12,4,26823,-5,-5
5548,0.0,199207,0,9,0,13,2,3,5,4,4,5,-4,-3,1.0,5,2,0,62500,6,11,10,4,23994,0,0
5549,0.0,200306,1,0,1,3,2,3,5,3,2,-4,-4,0,0.0,-4,1,0,62500,6,11,10,4,281,0,0
5550,0.0,199904,1,20,2,5,2,3,3,3,2,-4,-4,1,0.0,-4,1,0,62500,6,11,10,4,21406,-5,-5
5551,0.0,-4,0,10,0,1,2,3,1,2,1,1,-4,0,0.0,20,2,1,-3,6,-3,-3,4,86224,-2,-2
5552,1.0,-4,0,1,0,0,2,2,3,1,1,-4,-4,1,0.0,-4,1,1,-3,6,-3,-3,4,60757,0,0
5553,0.0,-4,0,0,0,0,2,2,3,1,1,-4,-4,1,0.0,-4,1,1,-3,6,-3,-3,4,65937,0,0
5554,1.0,200608,0,0,3,0,3,4,1,1,-2,-4,-4,1,0.0,-4,1,0,2350,2,12,12,1,41945,0,-4
5555,0.0,-4,0,3,0,2,2,2,5,2,5,2,-4,1,1.0,0,1,0,-3,5,-3,13,4,17859,-5,-5
5556,0.0,200511,0,1,0,0,2,1,4,4,3,1,-4,0,0.0,50,1,0,-3,5,-3,13,4,62255,-2,-2
5557,0.0,199812,1,1,1,7,2,2,3,3,2,2,-4,1,0.0,0,1,0,96200,5,-4,12,4,47312,0,0
5558,1.0,-4,0,0,0,2,2,2,2,1,2,-2,-4,0,0.0,0,2,0,-3,4,13,12,1,14389,0,0
5560,1.0,-4,0,0,0,0,3,3,5,4,2,5,-4,1,1.0,10,2,0,-3,5,12,16,1,21745,0,0
5561,0.0,-4,0,0,0,4,2,2,4,3,1,-2,-4,0,,0,1,0,-3,2,-4,-3,4,58428,0,-4
5562,1.0,-4,0,0,0,0,1,1,-2,-2,1,-4,-4,0,0.0,-4,2,0,-3,3,20,16,4,90951,0,0
5563,0.0,200207,0,0,0,52,2,2,4,4,1,4,-4,0,1.0,10,2,0,17500,5,-4,11,4,42003,0,0
5564,0.0,-4,0,1,1,10,2,3,3,1,1,-4,-4,0,0.0,-4,2,0,17500,5,-4,11,4,56087,0,0
5565,0.0,200210,2,0,1,40,3,2,5,1,3,-4,-4,1,0.0,-4,2,0,17500,5,-4,11,4,5006,0,0
5566,0.0,-4,0,0,0,5,2,2,1,1,1,-4,-4,0,0.0,-4,1,0,70500,4,12,-3,4,66843,0,0
5567,0.0,199904,0,1,1,5,2,3,1,1,1,-4,-4,0,0.0,-4,2,1,-27500,5,-3,12,1,-4,-5,-5
5568,0.0,200006,0,0,0,0,2,2,1,1,1,-4,-4,0,0.0,-4,1,0,28500,5,12,12,1,8281,0,0
5569,0.0,201307,1,0,0,6,3,2,4,3,1,-4,-4,1,0.0,-4,1,0,-3,5,-3,12,1,23695,0,0
5570,0.0,-4,0,0,0,0,2,2,1,1,1,-4,-4,0,0.0,-4,2,0,92000,3,-3,18,4,3543,0,0
5571,1.0,-4,0,0,0,10,3,2,3,3,1,-2,-4,0,0.0,0,2,0,375500,2,16,20,4,72654,0,0
5572,0.0,-4,0,4,0,5,3,3,4,2,1,-4,-4,0,,-4,2,-4,-4,2,7,-3,1,14241,0,0
5573,1.0,-4,0,0,0,3,3,3,4,4,1,5,-4,0,0.0,15,2,0,140500,6,-3,12,1,39912,0,0
5574,0.0,-4,0,0,0,-2,2,2,1,1,1,-4,-4,1,0.0,-4,1,0,140500,6,-3,12,1,14314,0,0
5575,1.0,-4,0,3,0,2,2,3,1,1,1,-4,-4,0,0.0,-4,2,0,140500,6,-3,12,1,62467,0,0
5576,0.0,-4,0,0,0,0,2,2,1,1,1,-4,-4,0,0.0,-4,2,-4,-4,4,12,13,1,55965,0,0
5577,0.0,-4,0,0,0,0,1,2,4,1,2,-4,-4,0,0.0,-4,1,0,6750,3,12,12,1,29879,0,-4
5578,1.0,-4,0,0,0,0,2,2,2,1,1,-4,-4,0,0.0,-4,2,0,10200,4,-3,14,1,59790,0,0
5579,0.0,-4,0,0,0,3,2,2,1,1,1,-4,-4,0,0.0,-4,1,0,-3,4,12,14,4,33983,-5,-5
5580,1.0,-4,0,0,0,0,2,2,2,4,1,2,-4,0,0.0,-4,2,0,-3,4,8,8,4,58432,0,0
5581,1.0,-4,0,0,0,4,2,2,3,3,1,1,-4,0,0.0,0,1,0,-3,3,12,13,4,87024,0,0
5582,0.0,199901,2,1,1,-2,2,3,-2,-2,1,-4,-4,1,,-4,1,0,450,3,-4,11,4,-4,0,1
5583,1.0,-4,0,0,0,0,2,2,2,-2,1,1,-4,0,0.0,0,2,0,-3,4,-3,12,4,71413,0,0
5584,0.0,-4,0,0,0,7,2,2,1,1,1,-4,-4,1,0.0,-4,2,0,-3,4,-3,12,4,38797,0,0
5585,1.0,199911,0,0,1,7,3,4,3,3,1,-2,-4,0,0.0,0,2,0,-260,3,12,10,4,-4,-5,-5
5586,0.0,-4,0,8,0,18,2,2,3,2,1,-4,-4,0,0.0,-4,1,0,18850,4,9,7,4,14849,0,0
5587,0.0,-4,0,1,1,8,2,3,2,1,1,5,-4,0,,-4,2,0,-3,4,4,10,4,43564,0,0
5588,1.0,-4,0,0,0,5,2,1,3,3,1,3,-4,1,,15,1,0,-3,3,12,12,4,-4,-5,-5
5589,1.0,-4,0,0,0,5,2,2,2,1,1,-4,-4,0,0.0,-4,2,0,-3,4,16,17,1,69173,0,0
5590,1.0,-4,0,0,0,0,2,2,3,3,2,4,-4,0,0.0,0,2,0,50500,5,-4,12,1,8829,0,0
5591,0.0,-4,0,0,1,3,2,2,1,1,1,-4,-4,0,0.0,-4,1,0,4000,4,8,14,1,14754,0,0
5592,0.0,-4,0,0,0,0,2,2,3,2,2,2,-4,0,,0,1,0,20050,4,12,12,1,1778,0,0
5593,0.0,200512,0,0,0,3,4,4,2,3,3,-4,-4,0,0.0,-4,1,1,36500,5,12,7,1,893,0,0
5594,1.0,-4,0,0,0,2,2,2,1,1,1,-4,-4,0,0.0,-4,2,0,38850,4,6,9,4,60772,0,0
5595,1.0,199711,0,0,0,3,2,2,2,3,1,3,-4,0,0.0,15,1,0,-3,4,14,12,4,77177,0,0
5596,0.0,-4,0,0,0,3,3,2,4,1,1,-4,-4,0,0.0,-4,1,-4,-4,4,12,13,1,12664,0,0
5597,0.0,200606,0,0,0,0,2,1,3,2,2,2,-4,0,1.0,50,2,1,500,5,-3,12,1,2274,0,0
5598,1.0,200709,1,1,1,9,2,2,1,1,1,5,-4,1,1.0,0,1,1,500,5,-3,12,1,2995,0,0
5599,0.0,200601,1,0,0,0,2,3,1,1,1,-4,-4,0,0.0,-4,1,1,42500,5,12,12,1,3279,0,0
5600,0.0,200301,0,1,2,5,2,2,1,1,1,-4,-4,1,0.0,-4,1,1,42500,5,12,12,1,23571,0,0
5601,1.0,-4,0,0,0,3,2,2,4,5,4,5,-4,0,0.0,0,2,0,-3,2,12,12,1,44560,0,0
5602,0.0,-4,0,0,0,0,2,2,3,2,2,2,-4,0,0.0,0,1,0,32750,5,12,12,1,30599,0,0
5603,0.0,-4,0,0,0,3,4,3,2,2,4,2,-4,0,0.0,0,2,0,12900,4,-3,11,1,9962,0,0
5604,0.0,-4,0,0,0,0,2,1,1,1,1,-4,-4,0,0.0,-4,1,0,61000,4,12,12,1,22774,0,0
5605,1.0,-4,0,0,0,0,2,2,1,1,1,-4,-4,0,0.0,-4,1,0,-3,3,16,18,1,-4,0,0
5606,1.0,-4,0,0,0,4,2,2,1,1,1,-4,-4,1,0.0,-4,2,0,30850,5,9,10,4,50883,0,0
5607,1.0,-4,0,1,0,0,3,1,1,1,1,-4,-4,0,0.0,-4,1,0,-6450,4,12,12,1,44283,0,0
5608,1.0,199704,0,1,0,0,2,3,3,2,1,4,-4,0,0.0,25,2,0,22250,3,-3,12,1,20012,0,0
5609,0.0,200101,1,4,5,0,4,4,5,5,1,5,-4,0,0.0,15,1,0,2500,4,11,13,1,18884,0,0
5610,1.0,-4,0,0,0,21,4,4,1,1,1,-4,-4,0,0.0,-4,2,0,-3,3,12,16,1,76425,0,0
5611,0.0,200107,3,0,0,0,1,2,2,1,1,-2,-4,1,0.0,25,1,0,23500,4,7,12,1,20859,0,0
5612,0.0,-4,0,0,0,0,3,3,3,2,1,-4,-4,0,0.0,-4,1,0,23500,4,7,12,1,18480,0,0
5613,1.0,-4,0,0,0,5,2,2,3,3,2,3,-4,0,0.0,25,2,0,20500,5,10,12,1,29593,0,-4
5614,1.0,-4,0,0,0,2,2,2,2,2,1,-4,-4,0,0.0,-4,1,0,600000,4,16,16,4,48117,0,0
5615,0.0,201908,0,0,2,6,2,3,2,4,1,-4,-4,0,1.0,25,2,0,-3,4,12,18,4,54834,0,0
5616,1.0,-4,0,0,0,9,2,1,2,1,1,-4,-4,0,0.0,-4,2,0,-3,3,18,17,4,60831,0,0
5617,0.0,200509,0,0,0,2,2,2,2,1,2,-4,-4,1,0.0,-4,1,0,53100,4,12,12,4,-4,0,0
5618,1.0,199408,0,0,0,6,2,2,2,2,1,3,-4,0,1.0,15,2,0,62500,3,16,18,4,85311,0,0
5619,0.0,-4,0,0,0,0,2,3,3,1,1,-2,-4,0,,0,1,0,-3,3,12,12,4,75756,-5,-5
5620,1.0,-4,0,0,0,5,1,2,-2,-2,1,-4,-4,-3,0.0,-4,2,0,9700,4,12,12,4,37233,0,0
5621,0.0,-4,0,2,0,-2,2,2,3,2,2,-4,-4,1,0.0,-4,2,0,-3,4,6,11,1,43971,0,0
5622,1.0,-4,0,0,0,0,2,2,3,1,1,-4,-4,0,0.0,-4,2,0,-3,4,12,12,1,77431,0,0
5623,0.0,-4,0,0,0,1,3,2,5,3,1,4,-4,0,0.0,-4,2,1,-3,3,-3,12,1,1924,0,0
5624,0.0,201007,0,0,0,0,2,2,3,3,1,5,-4,1,0.0,0,2,0,-3,5,12,16,1,14289,0,0
5625,1.0,-4,0,0,0,6,2,2,5,5,2,5,-4,0,0.0,0,2,0,4250,4,-3,12,1,7662,0,1
5626,0.0,-4,0,0,0,0,2,2,2,-2,1,-4,-4,0,0.0,-4,1,0,4250,4,-3,12,1,22830,0,-2
5627,0.0,-3,2,0,1,0,4,2,5,3,5,5,-4,0,0.0,0,1,-4,-4,5,-4,12,1,-4,0,-2
5628,1.0,199906,0,-2,0,26,3,4,4,3,2,-4,-4,0,0.0,-4,2,0,33450,3,12,14,1,42899,0,0
5629,1.0,200503,0,1,0,6,2,2,4,3,1,-4,-4,1,0.0,-4,1,0,7700,2,12,12,1,22291,0,0
5630,0.0,199601,0,0,0,1,2,1,4,1,1,1,-4,1,0.0,2,1,0,68800,3,12,12,4,28405,0,0
5631,0.0,200005,0,5,2,-2,1,1,1,1,1,-4,-4,0,0.0,-4,1,0,-3000,2,-3,11,1,8605,0,-4
5632,1.0,-4,0,0,0,2,2,2,1,1,1,-4,-4,0,0.0,-4,2,0,-3558,5,-4,13,1,23908,0,0
5633,1.0,-4,0,1,1,0,2,3,4,5,1,5,-4,0,0.0,0,2,0,12500,5,-3,12,1,-4,0,0
5634,1.0,-4,0,0,2,5,2,4,3,2,1,-4,-4,0,0.0,-4,2,0,12500,5,11,12,1,-4,0,0
5635,0.0,201205,0,0,0,5,2,2,3,4,1,5,-4,1,,75,1,0,-3,3,-3,12,1,8901,-5,-5
5636,0.0,-4,0,0,0,0,4,2,3,2,-2,3,-4,0,,3,1,-2,-3,2,-4,-3,1,43183,-5,-5
5637,0.0,-4,0,0,0,1,1,2,4,2,1,5,-4,1,0.0,20,2,0,20250,6,12,12,1,15790,0,0
5638,0.0,200001,0,3,0,1,2,4,2,2,1,4,-4,1,0.0,30,2,-4,-4,6,12,12,1,39153,0,0
5639,0.0,-4,0,10,1,1,2,3,2,2,1,-4,-4,1,0.0,-4,1,-4,-4,6,12,12,1,51707,0,0
5640,1.0,-4,0,0,1,0,3,4,2,1,2,-4,-4,0,,-4,1,-4,-4,6,12,12,1,28106,0,0
5641,0.0,-4,0,1,0,11,2,3,4,3,1,3,-4,0,,-1,2,-4,-4,4,-4,12,4,-4,-5,-5
5642,1.0,-4,0,0,0,8,2,2,3,3,1,4,-4,0,,2,2,0,45250,3,20,16,4,-4,-5,-5
5643,0.0,-4,0,0,0,10,1,2,2,1,1,-4,-4,1,0.0,-4,1,0,65300,3,14,12,4,-4,0,0
5644,1.0,-4,0,0,0,2,2,2,5,3,1,2,-4,-3,0.0,-3,2,0,-3,4,12,16,4,95516,0,0
5645,0.0,-4,0,1,1,10,1,3,3,1,1,-4,-4,0,,-4,2,0,10100,3,12,12,4,78796,0,0
5646,1.0,-4,0,0,0,1,1,2,2,1,1,-4,-4,0,0.0,-4,2,0,6150,3,12,14,4,-4,0,0
5647,1.0,-4,0,0,0,5,2,2,5,4,1,4,-4,0,0.0,-4,2,-4,-4,4,12,15,4,-4,0,0
5648,0.0,-4,0,0,0,0,2,1,4,2,1,3,-4,0,0.0,0,2,0,-1500,5,10,18,4,-4,0,-2
5649,1.0,-4,0,0,0,3,1,1,2,2,1,-4,-4,0,0.0,-4,2,0,-1500,5,10,18,4,-4,0,-2
5650,0.0,199907,0,10,0,2,1,1,1,1,1,-4,-4,1,0.0,-4,1,0,-1500,5,10,18,4,-4,-5,-5
5651,0.0,199903,1,0,0,2,2,4,4,2,1,3,-4,0,,0,1,0,24450,5,12,12,2,23468,0,0
5652,1.0,201005,0,0,0,2,2,2,3,2,2,-4,-4,0,0.0,-4,1,0,24450,5,12,12,2,68093,0,0
5653,0.0,199309,0,0,0,4,2,2,3,2,1,2,-4,-3,0.0,0,2,0,-3,3,12,12,1,-4,0,0
5654,1.0,-4,0,0,0,0,2,2,2,1,2,-4,-4,0,0.0,-4,1,0,173000,3,19,17,4,-4,0,0
5655,0.0,200106,0,2,0,2,2,1,2,1,1,-4,-4,1,0.0,-4,2,0,82600,2,12,12,4,-4,0,0
5656,0.0,200612,0,2,0,7,2,2,3,4,2,5,-4,0,,28,2,0,8100,4,12,12,4,-4,-5,-5
5657,1.0,-4,0,1,1,3,2,3,3,4,1,5,-4,1,0.0,50,1,1,93974,4,8,12,4,58083,0,0
5658,0.0,-4,0,0,0,0,1,3,2,1,1,1,-4,0,0.0,0,1,1,12150,5,10,11,4,-4,-5,-5
5659,0.0,-4,0,3,0,0,1,1,1,1,1,-4,-4,1,1.0,-4,2,1,12150,5,10,11,4,-4,0,0
5660,0.0,200209,2,30,1,5,2,2,2,1,1,1,-4,1,0.0,0,1,-4,-4,3,-4,-3,1,6964,0,-4
5661,1.0,-4,0,0,0,0,2,2,1,1,1,-4,-4,0,,-4,2,-4,-4,4,-4,12,1,61984,0,0
5662,1.0,-4,0,0,0,3,2,2,2,2,1,2,-4,0,0.0,-4,2,0,-3,4,-3,12,4,-4,0,0
5663,0.0,199606,0,0,0,90,4,2,3,3,3,5,-4,0,0.0,10,2,0,1750,6,11,9,4,27777,0,1
5664,0.0,200109,0,0,0,-2,2,2,3,2,1,-4,-4,0,0.0,-4,2,0,1750,6,11,9,4,7110,0,1
5665,0.0,-4,0,0,0,15,2,4,4,4,2,5,-4,0,0.0,50,2,-4,-4,4,12,12,4,-4,0,0
5666,1.0,199909,0,0,0,0,1,2,5,4,1,3,-4,0,0.0,5,1,0,600000,4,15,16,4,-4,-5,-5
5667,0.0,-4,0,0,0,10,1,1,3,2,2,3,-4,1,,15,2,0,98320,5,-3,-3,1,54042,-5,-5
5668,,-4,0,0,0,3,2,2,2,1,1,-4,-4,0,,-4,2,0,98320,5,-3,-3,1,59032,-5,-5
5669,1.0,-4,0,0,0,1,2,2,2,1,2,2,-4,0,0.0,-4,1,0,96320,6,16,14,4,42200,0,0
5670,1.0,-4,0,0,0,4,2,2,1,1,1,-4,-4,0,0.0,-4,1,0,96320,6,16,14,4,93435,0,-2
5671,1.0,-4,0,5,0,10,1,2,1,1,1,-4,-4,1,0.0,-4,1,0,411001,4,17,18,4,60376,0,0
5672,1.0,-4,0,0,0,0,-1,-1,1,1,1,-4,-4,0,0.0,-4,2,0,18100,10,18,16,4,47085,0,0
5673,1.0,200306,0,10,1,9,2,3,3,2,2,-4,-4,1,,-4,1,0,323801,3,-4,-4,2,-4,-5,-5
5674,1.0,200101,1,0,0,1,1,1,1,1,2,-4,-4,0,0.0,-4,2,0,323801,3,-4,-4,4,-4,-5,-5
5675,0.0,200001,7,1,1,3,2,3,2,1,1,-4,-4,1,0.0,-4,1,0,311300,4,16,18,4,-4,0,0
5676,1.0,199611,0,0,0,5,2,4,4,3,2,3,-4,0,0.0,25,1,0,196250,3,14,17,4,-4,0,0
5677,1.0,199908,0,1,2,2,2,3,2,1,1,-4,-4,1,0.0,-4,2,-4,-4,9,-3,12,1,39562,0,0
5678,1.0,200309,0,0,1,0,1,2,2,1,1,-4,-4,0,0.0,-4,1,0,217300,4,12,13,4,-4,-5,-5
5679,1.0,-4,0,0,0,2,2,2,3,2,2,-4,-4,0,,-4,2,-4,-4,3,-4,12,4,-4,-5,-5
5680,0.0,-4,0,10,2,12,2,3,3,2,1,1,-4,1,1.0,0,1,0,122800,4,14,13,4,35861,0,0
5681,1.0,-4,0,0,0,3,1,2,1,1,1,-4,-4,0,1.0,-4,2,0,122800,4,14,13,4,27083,0,0
5682,1.0,-4,0,0,0,5,2,3,3,3,1,3,-4,0,,0,1,0,50700,4,-3,12,4,-4,0,0
5683,1.0,-4,0,0,0,3,2,2,1,1,1,-4,-4,0,1.0,-4,2,0,1650,3,-4,12,4,-4,0,0
5684,1.0,-4,0,0,0,15,2,1,4,2,1,5,-4,1,0.0,50,2,1,3550,4,-3,12,4,64043,0,0
5685,1.0,-4,0,2,1,5,2,2,5,2,2,-4,-4,0,0.0,-4,2,1,3550,4,-3,12,4,25733,-5,-5
5686,0.0,201212,0,90,2,3,1,1,2,1,1,-4,-4,1,1.0,-4,2,1,3550,4,-3,12,4,31956,0,0
5687,0.0,-4,0,-4,-4,-4,4,3,3,4,1,4,-4,0,0.0,0,1,-4,-4,5,11,12,4,26595,0,0
5688,0.0,-4,0,0,0,5,2,2,3,3,1,3,-4,0,0.0,0,2,-4,-4,5,-3,6,4,10478,0,-4
5689,0.0,199804,1,1,2,6,2,2,4,3,1,-4,-4,0,0.0,-4,1,0,68500,8,9,10,4,50032,0,1
5690,0.0,-4,0,4,0,10,2,2,5,2,1,-4,-4,1,,-4,2,0,68500,8,-4,-3,4,9722,-5,-5
5691,0.0,-4,0,0,0,1,1,1,1,1,1,-4,-4,0,0.0,-4,2,0,97500,2,-4,12,4,43438,0,-4
5692,0.0,-4,0,0,0,0,1,2,3,3,2,4,-4,0,,0,1,0,23500,5,8,7,4,0,0,0
5693,0.0,200106,0,0,2,0,2,2,2,2,1,-4,-4,1,0.0,-4,1,0,23500,5,8,7,4,3773,-5,-5
5694,0.0,-4,0,0,0,2,1,2,1,1,4,-4,-4,0,0.0,-4,2,0,23500,5,8,7,4,5264,0,0
5695,0.0,-4,0,1,0,1,2,2,3,4,2,4,-4,0,,0,2,0,3560,2,6,9,4,84452,-5,-5
5696,0.0,199804,0,0,0,0,2,3,2,3,1,-4,-4,0,0.0,-4,1,-4,-4,3,-3,8,4,6706,0,-2
5697,1.0,-4,0,0,0,0,2,2,4,3,1,2,-4,0,0.0,0,2,0,183500,4,16,10,4,45811,0,0
5698,1.0,-4,0,0,0,0,2,2,3,2,1,2,-4,0,0.0,0,1,-4,-4,4,16,10,4,27370,0,0
5699,1.0,-4,0,0,0,0,2,2,4,3,1,3,-4,0,0.0,0,1,0,33500,4,8,-3,4,19505,0,0
5700,0.0,-4,0,0,0,3,2,2,2,1,1,-4,-4,0,0.0,-4,2,0,33500,4,8,-3,4,13437,0,0
5701,0.0,200101,0,6,0,3,2,3,1,1,1,-4,-4,0,0.0,-4,1,0,-3,4,-3,11,4,24969,0,0
5702,1.0,-4,0,0,0,0,2,2,1,1,1,-4,-4,0,0.0,-4,2,0,-3,4,12,12,4,42797,0,0
5703,0.0,-4,0,0,1,2,2,2,1,1,1,-4,-4,1,0.0,-4,1,0,187500,3,12,12,4,36780,0,0
5704,1.0,200708,1,0,1,5,2,4,2,2,1,-4,-4,1,,-4,1,0,-3,3,12,12,4,28087,-5,-5
5705,1.0,-4,0,0,0,0,1,2,3,2,1,3,-4,0,0.0,5,2,0,28500,6,16,15,4,81949,0,0
5706,1.0,-4,0,0,0,3,2,3,3,2,1,2,-4,0,0.0,-4,2,0,28500,6,16,15,4,79214,0,0
5707,0.0,-4,0,0,0,18,2,2,2,3,1,-4,-4,0,0.0,-4,2,0,3750,8,10,9,4,31427,0,-2
5708,1.0,-4,0,0,0,0,2,2,1,1,1,-4,-4,0,0.0,-4,2,0,-3,3,12,12,4,29237,0,0
5709,0.0,199808,5,0,0,3,3,2,3,2,1,3,-4,0,0.0,0,1,0,-3,3,8,12,4,2889,-5,-5
5710,1.0,-4,0,0,0,0,2,3,2,1,1,-4,-4,0,0.0,-4,2,0,72900,3,18,18,4,61875,0,0
5711,1.0,-4,0,0,0,2,2,2,3,4,1,1,-4,0,,0,2,0,-3,5,12,14,4,54868,-5,-5
5712,0.0,202001,0,0,0,1,2,2,3,2,5,-4,-4,0,,-4,2,0,4550,4,8,10,4,-4,0,0
5713,1.0,-4,0,0,0,0,2,1,1,1,1,1,-4,0,0.0,0,1,0,56500,5,19,15,4,65948,0,0
5714,1.0,-4,0,0,0,2,1,2,1,1,1,-4,-4,0,0.0,-4,2,0,56500,5,19,15,4,18845,0,0
5715,0.0,-4,0,0,0,0,1,2,3,1,1,2,-4,0,0.0,15,1,0,-3,5,10,12,4,11622,0,0
5716,0.0,-4,0,0,1,3,1,2,3,3,1,-4,-4,0,0.0,-4,1,0,6250,3,11,11,1,22176,0,0
5717,1.0,-4,0,0,0,2,2,2,4,3,1,-4,-4,0,0.0,-4,2,0,22050,3,12,11,4,5848,0,0
5718,0.0,-4,0,2,0,6,2,3,5,5,1,5,-4,0,1.0,0,2,0,8100,3,4,7,4,-4,0,0
5719,1.0,-4,0,0,0,4,2,1,2,1,1,-4,-4,0,0.0,-4,2,0,-3,3,8,11,4,31310,-5,-5
5720,0.0,200109,1,0,2,3,1,3,1,1,1,-4,-4,0,,-4,2,0,-3,6,12,10,4,16810,0,0
5721,0.0,199809,0,0,0,3,2,2,2,1,1,1,-4,0,0.0,0,1,0,-16550,3,3,12,4,14808,0,0
5722,1.0,-4,0,0,0,0,2,1,3,2,1,1,-4,0,0.0,0,2,0,28450,3,8,12,4,40550,0,0
5723,1.0,-4,0,5,0,1,1,1,1,1,1,-4,-4,0,0.0,-4,1,0,-3,5,19,16,4,-4,0,0
5724,1.0,-4,0,0,0,0,2,2,2,1,1,2,-4,0,0.0,0,1,0,-3,3,12,13,1,47018,0,0
5725,1.0,-4,0,0,0,0,2,2,1,1,1,1,-4,0,0.0,0,2,0,-3,3,12,13,1,42162,0,0
5726,0.0,200508,0,5,10,3,2,2,2,2,1,-4,-4,0,0.0,-4,1,0,17500,5,12,8,1,2005,0,0
5727,0.0,199901,0,3,1,2,3,3,1,2,1,-4,-4,0,0.0,-4,2,0,17500,5,12,8,1,844,0,0
5728,1.0,-4,0,0,0,0,1,1,1,1,5,-4,-4,0,0.0,-4,2,0,-3,2,12,12,1,17434,0,0
5729,0.0,200201,1,1,0,2,2,2,4,2,1,4,-4,1,0.0,0,1,0,7500,3,12,10,4,3306,0,0
5730,1.0,-4,0,5,1,3,2,2,5,2,1,-4,-4,0,0.0,-4,1,0,7500,3,12,10,2,5874,0,0
5731,1.0,-4,0,0,0,0,1,1,2,2,1,-4,-4,0,0.0,-4,1,0,4326,3,11,11,4,32989,0,0
5732,0.0,-3,0,0,0,3,1,2,1,1,1,-4,-4,0,0.0,-4,2,0,19250,6,12,9,4,3956,0,0
5733,1.0,-4,0,0,0,1,1,1,3,4,1,-4,-4,0,0.0,-4,2,0,54500,4,12,10,1,20383,0,0
5734,1.0,-4,0,0,0,1,2,2,1,1,1,-4,-4,0,0.0,-4,1,0,54500,4,12,10,1,3634,0,0
5735,0.0,-4,0,1,0,0,1,2,5,1,1,-2,-4,0,0.0,0,2,0,-14250,3,8,11,4,9955,0,0
5736,1.0,-4,0,0,0,2,3,2,1,1,1,-4,-4,0,0.0,-4,1,0,24750,4,12,12,4,25709,0,0
5737,0.0,199606,1,3,3,12,1,2,3,3,1,-4,-4,0,,-4,1,0,7700,6,12,9,4,15608,0,0
5738,1.0,-4,0,0,0,3,2,2,3,3,1,-2,-4,0,0.0,-4,2,0,118000,4,12,13,4,-4,-5,-5
5739,1.0,201105,0,1,0,3,2,4,3,2,2,-4,-4,1,0.0,-4,2,0,7500,4,-4,12,4,86366,-5,-5
5740,0.0,-4,0,0,0,1,2,2,-2,2,2,-4,-4,1,0.0,-4,2,0,62500,3,12,12,4,31384,-5,-5
5741,1.0,200504,0,1,0,2,2,3,3,1,1,-4,-4,0,0.0,-4,2,1,-3,5,12,12,4,60091,0,0
5742,0.0,199806,2,0,0,2,2,2,3,4,1,5,-4,0,0.0,0,1,0,54000,3,11,8,4,12829,-5,-5
5743,1.0,200001,0,0,0,2,2,1,3,2,1,3,-4,1,0.0,-2,1,0,272500,4,12,12,4,93884,0,0
5744,1.0,-4,0,0,0,0,1,1,3,1,1,-4,-4,1,0.0,-4,1,0,272500,4,12,12,4,62984,0,0
5745,0.0,-4,0,0,0,5,2,1,4,4,2,2,-4,0,0.0,0,2,0,42500,7,5,12,1,20902,-5,-5
5746,1.0,-4,0,2,0,7,1,1,1,1,3,3,-4,0,0.0,-4,1,0,42500,7,5,12,1,51604,0,0
5747,0.0,200105,0,0,0,1,2,1,4,2,-2,-2,-4,0,0.0,0,1,-4,-4,3,-3,12,4,-4,0,0
5748,0.0,202003,0,0,0,5,2,2,3,2,1,-4,-4,0,,-4,2,0,11400,5,8,8,4,29464,-5,-5
5749,0.0,200101,0,3,2,3,2,2,1,1,1,-4,-4,0,0.0,-4,1,0,8600,6,12,14,4,37228,0,0
5750,0.0,-4,0,0,0,10,2,3,4,4,1,1,-4,0,,0,1,0,22300,4,-4,8,4,-4,-5,-5
5751,0.0,-4,0,1,0,1,2,3,2,2,2,-4,-4,0,0.0,-4,1,0,44500,5,12,12,4,16123,0,0
5752,1.0,-4,0,0,0,0,2,2,2,3,1,-4,-4,0,0.0,-4,2,0,33500,5,-3,12,2,-4,-5,-5
5753,0.0,199908,0,2,0,2,2,1,1,1,1,-4,-4,1,0.0,-4,2,0,38400,4,12,14,4,39885,0,0
5754,0.0,201203,0,0,0,4,2,2,1,1,1,-4,-4,0,,-4,1,0,7450,3,12,12,4,-4,0,0
5755,0.0,200004,0,0,1,18,2,2,3,3,2,3,-4,0,,5,1,0,26100,4,11,12,1,3766,-5,-5
5756,1.0,-4,0,0,0,5,3,2,4,5,1,4,-4,0,,0,1,0,-3,3,6,14,4,-4,0,0
5757,1.0,199903,0,2,0,10,2,4,3,4,2,4,-4,0,,0,2,-4,-4,3,12,12,4,51239,0,-2
5758,1.0,200012,0,0,0,0,2,3,3,2,1,2,-4,0,0.0,5,1,0,169000,4,16,16,4,-4,0,0
5759,1.0,200512,0,0,1,1,2,2,1,1,1,-4,-4,1,0.0,-4,1,0,169000,4,16,16,4,53861,-5,-5
5760,0.0,199706,1,2,2,6,4,1,4,2,3,-4,-4,1,0.0,-4,1,0,21540,4,14,11,1,-4,0,0
5761,0.0,199811,1,0,2,1,4,3,5,5,5,-4,-4,1,0.0,-4,2,0,21540,4,14,11,1,-4,0,0
5762,1.0,200706,0,0,1,0,2,3,2,1,2,-4,-4,0,0.0,-4,2,0,27500,2,12,12,1,-4,0,0
5763,1.0,-4,0,0,0,3,1,1,2,3,1,4,-4,1,0.0,35,2,0,-3,7,12,12,1,68160,0,0
5764,1.0,-4,0,0,0,0,2,2,1,1,1,-4,-4,0,0.0,-4,2,0,-3,7,12,12,1,27565,0,0
5765,1.0,-4,0,0,0,2,1,1,3,3,1,4,-4,0,0.0,10,1,0,-3,4,12,16,1,30252,0,0
5766,1.0,-4,0,0,0,4,2,2,1,1,2,-4,-4,0,0.0,-4,1,0,-3,4,12,16,1,16655,0,0
5767,1.0,-4,0,0,0,2,1,2,2,1,1,3,-4,0,,-4,2,0,75000,3,12,18,1,-4,-5,-5
5768,1.0,-4,0,0,0,0,2,2,1,1,1,-4,-4,0,0.0,-4,2,0,-3,4,16,16,1,51488,0,0
5769,0.0,-4,0,0,0,3,1,2,1,1,1,2,-4,0,0.0,0,1,0,-3,5,14,14,1,86409,0,0
5770,0.0,-4,0,0,0,15,1,1,-2,1,2,3,-4,0,0.0,0,2,0,20750,5,12,8,1,6004,0,0
5771,0.0,-4,0,0,0,15,3,3,4,5,2,3,-4,0,0.0,-2,1,0,26050,4,12,11,1,68353,0,0
5772,1.0,-4,0,0,0,7,4,4,2,5,1,-4,-4,0,0.0,-4,2,0,26050,4,12,11,1,45439,0,0
5773,0.0,-4,0,0,1,3,2,2,2,1,2,-4,-4,0,0.0,-4,2,-4,-4,5,11,9,1,12863,0,0
5774,0.0,200207,0,0,1,3,3,1,2,1,1,-4,-4,-3,0.0,-4,1,0,10250,5,8,7,1,-4,0,0
5775,0.0,199507,0,0,0,5,2,4,5,3,2,2,-4,0,,15,2,0,-3,5,12,14,4,-4,0,0
5776,1.0,-4,0,0,1,14,2,2,4,5,3,-4,-4,0,,-4,1,0,-3,5,12,14,4,25586,0,0
5777,1.0,200106,0,0,0,6,1,3,1,1,1,-4,-4,0,0.0,-4,1,0,79000,4,15,16,4,58798,0,0
5778,1.0,-4,0,0,0,12,2,2,1,1,1,-4,-4,0,0.0,-4,2,-4,-4,3,13,-3,4,84260,0,0
5779,1.0,199808,1,0,0,1,2,2,2,3,1,-4,-4,0,0.0,-4,1,0,-3,7,14,14,4,-4,0,0
5780,0.0,-4,0,2,0,5,2,2,1,1,1,-4,-4,0,0.0,-4,1,0,6450,2,12,9,1,-4,0,0
5781,0.0,-4,0,0,1,0,3,2,5,1,1,4,-4,1,0.0,10,1,0,-3,4,12,11,1,583,0,0
5782,0.0,-4,0,0,1,2,2,2,2,3,2,-4,-4,0,0.0,-4,1,0,-3,4,12,11,1,4127,0,0
5783,1.0,-4,0,0,0,11,2,2,3,2,1,1,-4,1,1.0,-4,2,0,-3,3,-4,13,4,57991,0,0
5784,1.0,200102,0,4,3,4,2,2,4,4,1,-4,-4,1,0.0,-4,1,0,-3,4,16,16,4,-4,0,0
5785,0.0,-4,0,0,0,11,2,2,4,4,1,5,-4,0,,10,2,0,-3,3,12,14,4,65823,-5,-5
5786,1.0,-4,0,0,1,6,1,1,2,4,1,2,-4,0,0.0,0,1,0,-100,5,3,9,1,23453,0,0
5787,0.0,-4,0,20,0,12,3,3,-2,-2,3,-2,-4,0,0.0,0,2,0,51401,7,-4,6,1,8275,-2,-4
5788,1.0,-4,0,3,0,0,2,2,2,3,3,3,-4,0,0.0,-4,2,0,51401,7,-3,-3,1,4633,0,1
5789,0.0,-4,0,2,0,40,4,4,5,4,2,5,-4,0,,0,1,0,-3,5,-3,-3,4,1006,0,0
5790,1.0,-4,0,10,0,10,2,2,5,4,2,3,-4,1,1.0,30,1,0,-13950,4,14,16,4,75420,0,0
5791,0.0,-4,0,4,0,0,2,2,5,5,4,-4,-4,0,0.0,-4,1,0,1300,4,7,11,4,4933,0,1
5792,0.0,-3,0,0,0,5,2,3,3,1,2,-4,-4,1,0.0,-4,2,0,1300,4,7,11,4,1005,0,1
5793,1.0,200608,1,0,0,0,2,2,3,1,1,3,-4,1,,0,1,0,23950,5,13,12,4,38047,0,0
5794,1.0,-4,0,2,0,5,1,3,2,1,2,-4,-4,0,0.0,-4,1,0,11050,6,12,17,4,38040,0,0
5795,1.0,-4,0,0,0,0,2,2,4,4,1,3,-4,0,,0,1,0,43250,4,12,16,4,-4,-5,-5
5796,1.0,-4,0,0,0,0,2,2,2,1,1,1,-4,0,0.0,-4,2,0,43250,4,12,16,4,79046,-5,-5
5797,1.0,-4,0,0,0,16,3,2,5,5,1,5,-4,1,1.0,10,2,-4,-4,3,-3,-3,4,22305,0,0
5798,1.0,-4,0,0,0,-2,2,2,3,3,1,2,-4,1,0.0,0,1,0,-3,4,-4,10,4,94121,0,-4
5799,1.0,-4,0,0,0,20,2,2,-2,1,1,-2,-4,0,1.0,0,2,0,62500,6,12,14,4,48477,0,0
5800,0.0,-4,0,10,0,11,2,2,3,2,1,-4,-4,0,0.0,-4,2,0,62500,6,12,14,4,27605,0,0
5801,0.0,-4,0,0,0,1,1,1,2,2,1,-4,-4,0,0.0,-4,2,0,62500,6,12,14,4,72802,0,0
5802,1.0,-4,0,0,0,25,2,1,2,2,1,2,-4,1,0.0,0,1,0,13850,4,14,10,4,75514,0,0
5803,0.0,-4,0,0,0,15,2,3,5,5,1,-4,-4,0,0.0,-4,2,0,-3,5,14,13,4,-4,0,0
5804,0.0,200209,0,1,1,3,1,3,4,2,5,-4,-4,0,0.0,-4,1,1,800,2,12,14,1,1433,0,0
5805,0.0,200209,0,2,0,0,3,2,3,2,1,-4,-4,1,0.0,-4,1,0,-3,4,14,10,1,-4,0,0
5806,0.0,200309,0,1,0,1,2,2,2,1,1,-4,-4,0,0.0,-4,1,0,36500,3,12,14,1,16038,0,0
5807,1.0,-4,0,0,0,0,2,3,3,1,1,4,-4,0,0.0,-4,2,0,5000,4,14,13,1,3377,0,0
5808,0.0,-4,0,0,0,15,3,2,3,1,1,4,-4,0,0.0,0,2,0,48000,5,11,12,1,26127,0,0
5809,0.0,200112,0,0,0,15,2,2,3,1,1,4,-4,0,0.0,-4,1,0,48000,5,11,12,1,15245,0,0
5810,1.0,-4,0,0,1,4,2,3,3,3,1,3,-4,0,0.0,0,2,0,-3,4,12,13,1,23118,0,-2
5811,1.0,-4,0,0,0,20,1,1,5,3,1,1,-4,1,0.0,-4,2,0,18650,3,12,12,4,59212,0,-2
5813,0.0,200104,0,0,1,4,2,2,2,1,1,-4,-4,0,,-4,1,0,45000,3,11,12,4,-4,-5,-5
5814,0.0,-4,0,0,0,10,2,2,1,1,1,1,-4,0,0.0,0,2,0,3250,6,10,11,1,10937,0,0
5815,0.0,200107,1,0,0,30,3,2,5,3,5,1,-4,0,0.0,0,1,0,3250,6,10,11,1,1092,0,0
5816,0.0,-4,0,0,0,3,2,3,2,1,1,-4,-4,0,0.0,-4,1,0,3150,4,12,13,1,6117,0,0
5817,0.0,-4,0,0,1,2,1,1,1,1,3,-4,-4,0,0.0,-4,1,0,3150,4,12,13,1,2616,0,0
5818,1.0,-4,0,0,0,1,2,2,3,2,1,4,-4,0,0.0,50,2,0,6748,3,-3,12,1,51481,0,0
5819,0.0,-4,0,1,0,8,4,2,4,2,4,-4,-4,0,0.0,-4,2,0,1750,4,12,11,1,2530,0,0
5820,0.0,-4,0,0,2,9,3,3,1,1,1,-4,-4,0,0.0,-4,2,0,1750,4,12,11,1,4429,0,0
5821,0.0,200102,0,0,1,6,3,2,5,5,3,5,-4,1,,50,1,1,1000,6,-3,11,1,8728,-5,-5
5822,0.0,-4,0,0,1,4,1,4,5,2,2,2,-4,0,0.0,0,2,1,1000,6,-3,11,1,959,0,0
5823,0.0,200304,0,0,1,2,2,1,1,1,1,-4,-4,0,0.0,-4,1,1,1000,6,-3,11,1,9500,0,0
5824,0.0,-4,0,1,0,4,2,2,2,1,1,-4,-4,0,,-4,2,0,3750,7,-4,11,1,-4,0,-4
5825,0.0,201101,0,0,1,3,2,3,1,1,1,-4,-4,0,,-4,1,0,3750,7,-4,11,1,-4,0,0
5826,1.0,-4,0,0,0,4,2,2,1,1,1,-4,-4,0,0.0,-4,2,0,17500,5,-3,12,1,480,0,0
5827,1.0,-4,0,0,0,5,2,2,2,2,1,1,-4,0,,0,2,0,3750,4,9,12,1,21684,0,0
5828,0.0,200108,0,0,0,2,2,2,2,1,1,-4,-4,0,0.0,-4,1,0,3750,4,9,12,1,18159,0,0
5829,0.0,200210,0,0,5,7,3,3,3,2,1,2,-4,0,0.0,0,1,0,3750,4,10,9,1,-4,-5,-5
5830,0.0,-4,0,0,2,30,4,2,3,3,5,3,-4,0,0.0,-4,2,0,3750,3,-3,12,1,10948,0,0
5831,1.0,-4,0,1,0,3,2,1,4,3,2,3,-4,0,0.0,0,1,0,27500,5,11,10,1,2380,0,0
5832,1.0,-4,0,1,0,15,2,2,4,3,1,2,-4,-3,0.0,-3,2,-4,-4,4,19,12,4,22071,-5,-5
5833,0.0,-4,0,0,1,6,2,2,2,2,1,3,-4,0,,0,1,0,21000,3,-3,17,1,169,0,-4
5834,1.0,-4,0,0,0,0,2,2,1,1,1,-4,-4,1,0.0,-4,2,0,11000,2,12,14,1,50896,0,0
5835,0.0,199602,-3,0,1,7,4,2,5,2,1,2,-4,0,,5,1,0,3750,8,-3,11,1,1162,-5,-5
5836,1.0,200206,0,0,0,3,2,1,2,1,1,1,-4,0,1.0,15,2,0,118200,5,7,13,4,61206,0,0
5837,0.0,-3,0,0,0,6,2,1,1,1,1,-4,-4,0,0.0,-4,1,0,118200,5,7,13,4,20212,0,0
5838,1.0,-4,0,0,0,0,1,1,2,1,1,1,-4,0,0.0,0,1,0,120000,4,18,18,4,65092,0,0
5839,1.0,-4,0,0,0,1,1,2,4,1,1,-4,-4,0,0.0,-4,2,0,120000,4,18,18,4,63464,0,0
5840,1.0,-4,0,1,0,2,2,2,5,4,5,5,-4,0,0.0,25,2,0,103300,3,15,14,1,29126,0,-4
5841,0.0,200005,1,0,0,1,2,2,3,2,2,4,-4,0,0.0,0,1,0,-3,7,16,12,1,627,0,0
5842,1.0,-4,0,1,0,3,2,2,1,2,1,-4,-4,0,0.0,-4,1,0,-3,7,14,18,4,80844,-5,-5
5843,1.0,-4,0,0,0,5,1,1,1,1,1,-4,-4,0,0.0,-4,2,0,97500,4,16,16,1,50816,0,0
5844,1.0,-4,0,0,0,4,2,2,3,3,2,-4,-4,0,0.0,-4,2,0,9500,4,12,12,1,23535,0,0
5845,0.0,-4,0,20,0,5,2,2,1,1,2,-4,-4,0,,-4,2,0,8800,2,12,11,1,7615,0,-4
5846,0.0,-4,0,0,0,0,2,2,1,1,1,1,-4,0,0.0,-4,2,0,8000,3,-4,-3,1,12204,0,0
5847,0.0,200011,0,4,1,3,2,4,5,4,2,4,-4,0,1.0,0,1,-4,-4,7,12,12,1,387,0,0
5848,0.0,199709,0,3,2,0,4,3,5,2,1,5,-4,0,1.0,10,1,-4,-4,7,12,12,1,-4,0,-4
5849,0.0,199803,3,0,0,0,2,1,1,1,1,-4,-4,0,0.0,-4,1,-4,-4,7,12,12,1,4712,0,-4
5850,0.0,199802,3,2,1,0,4,3,5,4,5,-4,-4,0,0.0,-4,1,-4,-4,7,12,12,1,1690,0,0
5851,0.0,-4,0,0,0,2,3,3,5,4,1,1,-4,0,0.0,100,2,0,10750,4,-3,11,1,9581,0,0
5852,0.0,199702,1,0,0,4,3,2,2,1,1,4,-4,0,0.0,-4,1,0,2500,8,9,9,1,5941,0,0
5853,1.0,-4,0,0,0,3,2,4,2,2,1,-4,-4,1,0.0,-4,2,0,5500,5,12,12,1,30220,0,0
5854,1.0,-4,0,0,0,0,2,3,1,1,1,-4,-4,0,0.0,-4,2,0,5500,5,12,12,1,61758,0,0
5855,1.0,-4,0,0,0,5,2,3,4,3,1,-4,-4,1,0.0,-4,2,0,5500,5,12,12,1,29922,0,0
5856,0.0,199704,0,25,3,45,2,3,3,2,2,4,-4,0,,0,2,0,12100,5,11,7,4,-4,0,0
5857,0.0,199902,1,4,2,5,1,2,1,1,1,-4,-4,0,,-4,1,0,12100,5,11,7,4,-4,0,0
5858,1.0,-4,0,0,0,6,2,3,2,2,1,-4,-4,0,,-4,2,0,67500,4,12,13,4,-4,-5,-5
5859,1.0,-4,0,0,0,3,2,2,3,2,1,2,-4,0,0.0,0,2,0,77000,4,13,12,4,61063,0,0
5860,1.0,-4,0,0,0,12,1,1,3,2,1,2,-4,0,0.0,-4,2,0,20100,3,9,11,4,91935,0,0
5861,1.0,-4,0,0,0,0,2,2,2,1,1,-4,-4,1,0.0,-4,1,0,69500,6,11,12,4,97131,0,0
5862,0.0,-4,0,3,2,5,2,2,5,5,4,4,-4,1,,10,1,1,18950,5,14,16,4,3025,-5,-5
5863,1.0,-4,0,0,0,0,2,2,2,3,3,-4,-4,0,1.0,-4,2,1,18950,5,14,16,4,80267,0,0
5864,1.0,-4,0,0,0,8,2,2,3,2,2,4,-4,0,0.0,20,2,0,21000,3,9,12,1,30111,0,-4
5865,1.0,-4,0,1,0,3,2,3,3,4,3,5,-4,0,0.0,2,2,0,17500,5,12,-4,1,40477,0,0
5866,0.0,-4,0,0,0,0,2,2,2,2,1,1,-4,0,,10,1,0,7950,3,16,13,4,42425,-5,-5
5867,0.0,-4,0,0,0,2,2,2,1,1,1,-4,-4,0,0.0,-4,1,0,96500,3,13,15,4,57064,0,0
5868,0.0,199911,1,0,0,8,1,1,1,1,1,-4,-4,1,1.0,-4,1,0,53250,4,-4,9,4,74920,0,0
5869,0.0,199706,0,0,1,15,3,3,5,5,3,-4,-4,0,0.0,-4,1,0,-3,3,-4,12,4,8571,0,0
5870,1.0,-4,0,0,0,4,2,2,4,2,1,2,-4,0,,5,2,0,457700,3,12,12,4,29777,-5,-5
5871,1.0,-4,0,0,0,6,2,1,1,1,1,1,-4,0,1.0,-4,2,-4,-4,4,13,12,4,-4,0,0
5872,0.0,-4,0,1,0,0,1,2,5,4,2,1,-4,0,0.0,-4,1,0,54150,6,12,9,4,-4,0,0
5873,0.0,199606,0,2,0,6,3,4,4,3,1,4,-4,1,,50,2,0,294950,5,-4,-4,4,16179,-5,-5
5874,0.0,-4,0,2,0,5,2,3,4,2,1,-4,-4,0,,-4,1,0,294950,5,-4,-4,4,12699,-5,-5
5875,0.0,199611,0,5,0,20,4,1,4,4,1,4,-4,1,0.0,50,2,1,4450,3,14,14,4,39162,0,0
5876,1.0,-4,0,0,0,2,2,2,1,1,1,1,-4,0,0.0,-4,1,0,129250,5,12,13,4,-4,0,0
5877,0.0,-4,0,0,0,2,2,2,4,3,1,-4,-4,0,,-4,2,0,51250,4,12,12,4,73681,-5,-5
5878,1.0,-4,0,0,0,3,2,2,3,-2,1,3,-4,0,0.0,10,2,0,90000,5,14,17,4,43253,0,0
5879,1.0,-4,0,0,0,1,2,3,3,1,1,-4,-4,0,0.0,-4,2,0,90000,5,14,17,4,49456,0,0
5880,1.0,-4,0,0,0,1,2,2,1,1,1,-4,-4,1,0.0,-4,2,0,-3,4,14,14,4,78834,0,0
5881,1.0,-4,0,0,0,0,1,1,1,1,1,1,-4,0,0.0,0,2,0,323001,4,14,12,4,41692,0,0
5882,1.0,-4,0,0,0,2,3,2,3,1,1,-4,-4,0,0.0,-4,1,0,291250,4,14,12,4,-4,0,0
5883,1.0,199807,0,0,0,4,2,3,3,3,1,2,-4,0,0.0,-4,1,-4,-4,4,12,16,4,95312,0,0
5884,1.0,200106,0,0,0,11,2,2,4,4,2,3,-4,1,0.0,0,2,0,55250,7,13,14,4,73256,0,1
5885,1.0,-4,0,0,0,8,2,2,4,4,1,4,-4,0,0.0,0,2,0,55250,7,13,14,4,14221,0,0
5886,0.0,-4,0,3,0,17,4,2,4,3,1,-4,-4,0,0.0,-4,2,0,55250,7,13,14,4,69038,0,0
5887,,-4,0,0,0,8,2,3,1,1,1,-4,-4,0,,-4,1,0,-3,4,13,14,4,-4,-5,-5
5888,0.0,-4,0,0,0,2,2,3,5,4,1,4,-4,1,1.0,-4,2,0,-3,4,12,8,4,-4,0,0
5889,0.0,-4,0,1,0,8,2,3,5,5,1,4,-4,0,0.0,3,2,0,-3,3,12,12,2,-4,0,-4
5890,1.0,-4,0,0,0,0,2,3,3,2,1,2,-4,0,0.0,0,2,0,102500,5,16,13,1,35645,0,0
5891,0.0,-4,0,0,0,0,2,2,3,5,2,4,-4,0,0.0,-4,2,-4,-4,5,-4,16,1,46971,0,-4
5892,0.0,-4,0,1,0,10,2,3,1,1,2,-4,-4,1,0.0,-4,2,1,1400,6,9,10,4,50175,0,-4
5893,0.0,200502,5,0,0,7,2,2,1,1,1,-4,-4,0,0.0,-4,2,1,1400,6,9,10,4,18223,0,-4
5894,0.0,200111,0,0,0,0,2,2,2,1,1,1,-4,0,0.0,10,1,0,17500,4,12,13,2,15952,0,0
5895,1.0,-4,0,0,0,3,2,3,1,1,1,-4,-4,0,0.0,-4,2,0,17500,4,12,13,2,81311,0,0
5896,0.0,199802,0,2,0,5,2,3,2,1,2,2,-4,0,0.0,-4,1,0,52200,4,11,13,4,14553,0,0
5897,1.0,-4,0,0,0,1,1,1,1,1,2,1,-4,0,0.0,-4,2,0,15500,5,12,12,1,8482,0,0
5898,1.0,201103,0,0,0,2,3,2,1,1,1,-4,-4,1,1.0,-4,2,0,263501,3,15,16,4,73087,0,0
5899,0.0,-4,0,6,0,0,2,3,3,2,4,-4,-4,1,0.0,-4,1,0,40150,4,12,12,1,19904,0,0
5900,1.0,-4,0,6,2,5,3,4,4,1,1,-4,-4,1,0.0,-4,2,0,40150,4,12,12,1,37963,0,0
5901,0.0,200710,0,-2,-2,-2,2,2,2,1,2,3,-4,1,0.0,50,2,0,500,4,-3,8,4,13244,0,-4
5902,0.0,200009,0,0,0,7,2,2,2,2,1,2,-4,1,0.0,-4,2,0,38750,5,-3,14,1,17240,0,0
5903,0.0,-4,0,0,0,0,2,2,2,2,1,5,-4,0,0.0,-4,1,0,14550,4,11,13,1,-4,0,0
5904,1.0,-4,0,1,0,4,2,1,2,1,1,-4,-4,0,,-4,2,0,14550,4,11,13,1,-4,-5,-5
5905,0.0,199907,0,0,0,0,2,2,4,3,1,4,-4,1,,0,2,0,250,3,12,12,1,4224,0,0
5906,1.0,202007,0,0,0,0,2,2,2,2,1,2,-4,0,0.0,5,1,0,164500,5,16,16,4,60467,0,0
5907,1.0,-4,0,0,0,0,2,2,3,2,1,-4,-4,0,0.0,-4,1,0,164500,5,16,16,4,42199,0,0
5908,1.0,-4,0,4,0,6,2,2,4,4,1,-4,-4,1,0.0,-4,1,0,-3,4,12,14,4,64220,0,0
5909,1.0,-4,0,0,0,0,2,2,2,2,1,-4,-4,1,0.0,-4,2,0,-3,4,12,14,4,65453,0,0
5910,1.0,-4,0,0,0,2,2,3,3,3,1,2,-4,0,,2,2,0,280000,4,16,14,4,-4,-5,-5
5911,1.0,-4,0,0,0,4,2,3,2,1,1,-4,-4,0,0.0,-4,2,0,280000,4,16,14,4,-4,-5,-5
5912,1.0,-4,0,0,1,0,2,1,3,1,1,1,-4,0,0.0,-4,2,0,-3,5,14,12,4,58351,0,0
5913,1.0,200110,0,0,0,1,1,3,5,2,3,5,-4,1,0.0,0,1,0,55000,3,12,12,1,-4,0,1
5914,0.0,-4,0,0,0,3,2,2,1,1,1,2,-4,0,0.0,0,2,0,9500,4,11,12,1,3283,0,0
5915,1.0,-4,0,1,0,2,2,4,3,3,4,4,-4,1,1.0,0,2,0,80750,4,12,12,1,60806,0,0
5916,1.0,-4,0,0,0,5,2,2,3,1,3,-4,-4,0,0.0,-4,2,0,80750,4,12,12,1,23191,0,0
5917,1.0,-4,0,0,0,1,2,2,4,2,1,2,-4,0,0.0,0,2,0,-3,2,18,16,4,81479,-5,-5
5918,0.0,200206,1,0,0,5,3,3,3,1,1,3,-4,0,0.0,-4,1,0,6750,7,10,12,1,-4,-5,-5
5919,0.0,-4,0,0,0,2,2,2,1,2,1,-4,-4,0,0.0,-4,2,0,35600,5,12,-3,1,1264,0,0
5920,0.0,200103,0,0,2,4,2,2,1,1,1,-4,-4,0,1.0,-4,1,0,35600,5,12,10,1,2596,0,1
5921,0.0,199606,1,0,0,-2,3,2,5,4,5,5,-4,0,0.0,0,1,0,3750,3,-3,18,4,-4,0,0
5922,1.0,199811,0,0,0,1,2,2,3,2,1,3,-4,0,0.0,0,1,0,-3,5,14,14,1,40193,0,0
5923,1.0,-4,0,0,0,0,3,4,3,4,2,5,-4,1,1.0,0,1,0,-3,5,-4,-3,1,24088,0,0
5924,1.0,-4,0,0,0,2,1,1,3,3,2,4,-4,-3,,-3,1,0,13150,4,12,12,1,46503,0,0
5925,1.0,-4,0,0,0,3,2,3,3,1,2,-4,-4,-3,0.0,-4,2,0,13150,4,12,12,1,27087,0,1
5926,0.0,-4,0,0,0,4,2,4,3,2,3,4,-4,0,1.0,0,1,-4,-4,4,12,12,1,-4,-5,-5
5927,1.0,199402,0,0,0,18,4,3,1,1,1,-4,-4,0,0.0,-4,1,0,-3,3,6,-3,1,23064,-2,-2
5928,1.0,-4,0,0,0,1,2,2,4,1,1,5,-4,0,0.0,0,2,0,67900,9,10,12,1,34232,0,0
5929,0.0,200205,1,0,1,8,3,3,3,2,1,-4,-4,0,0.0,-4,2,0,67900,9,10,12,1,14629,0,0
5930,0.0,-4,0,0,0,3,2,3,4,1,1,4,-4,0,,0,2,0,-7750,3,12,12,1,43074,-5,-5
5931,0.0,-4,0,0,0,1,1,2,1,1,1,-4,-4,1,0.0,-4,1,0,6765,2,11,-3,1,49658,-2,-2
5932,0.0,201103,0,0,0,5,1,1,4,3,1,4,-4,1,1.0,0,1,0,2950,2,10,11,1,-4,-5,-5
5933,0.0,-4,0,0,0,2,2,2,5,5,4,5,-4,0,0.0,15,2,0,23550,3,10,10,1,33761,-5,-5
5934,1.0,-4,0,2,1,4,2,4,3,4,5,5,-4,1,0.0,100,2,0,-3,3,8,12,1,6698,0,0
5935,0.0,-4,0,0,0,5,2,3,3,1,1,-4,-4,0,,-4,1,0,4050,2,11,12,1,24829,0,0
5936,1.0,-4,0,0,0,6,2,2,2,1,1,-4,-4,1,0.0,-4,1,1,-500,3,12,14,1,12917,0,1
5937,1.0,200109,0,0,0,0,2,2,3,1,1,-4,-4,0,0.0,-4,2,0,1850,3,-3,12,1,27547,-5,-5
5938,1.0,-4,0,0,0,4,2,1,2,1,1,3,-4,0,,25,2,0,-8250,2,-4,9,1,27554,1,0
5939,1.0,-4,0,4,1,6,2,2,3,2,4,-4,-4,0,0.0,-4,2,0,4750,4,-3,12,1,29600,0,1
5940,0.0,-4,0,0,0,0,3,2,3,2,1,-4,-4,0,0.0,-4,1,0,3750,8,12,11,1,-4,0,0
5941,1.0,200611,0,1,0,1,1,1,3,2,2,4,-4,1,1.0,15,1,0,25250,5,12,12,1,96148,0,0
5942,0.0,200705,0,0,0,3,2,2,2,2,1,-4,-4,0,0.0,-4,2,0,25250,5,12,12,1,31964,0,0
5943,1.0,-4,0,0,0,1,2,2,1,1,1,-4,-4,0,0.0,-4,2,0,53001,3,-3,12,1,17762,0,0
5944,1.0,-4,0,0,0,0,2,1,1,1,3,-4,-4,0,0.0,-4,2,0,38250,4,12,12,1,55006,0,0
5945,0.0,-4,0,0,0,5,2,2,3,2,1,-4,-4,0,0.0,-4,2,0,2900,5,14,14,1,80745,0,0
5946,1.0,-4,0,0,0,1,1,2,2,2,1,-4,-4,0,0.0,-4,2,0,2900,5,14,14,1,74610,0,0
5947,1.0,202004,3,0,1,6,2,1,2,1,3,-4,-4,0,0.0,-4,1,0,2900,5,14,14,1,41382,0,0
5948,1.0,-4,0,2,1,4,2,2,1,1,1,-4,-4,0,0.0,-4,1,0,-30250,5,16,13,1,18055,0,0
5949,1.0,-4,0,0,0,2,2,3,3,3,2,4,-4,1,,50,2,0,40000,4,16,12,1,47492,-5,-5
5950,1.0,-4,0,0,0,1,2,1,3,1,2,-4,-4,0,0.0,-4,1,0,42900,4,12,12,1,62671,0,0
5951,1.0,-4,0,0,0,2,2,2,2,2,1,3,-4,0,0.0,5,2,0,69701,3,11,14,1,81669,0,0
5952,1.0,-4,0,0,0,2,1,1,4,4,2,4,-4,1,1.0,0,1,0,7950,4,-3,11,1,30261,0,-4
5953,0.0,-4,0,0,0,0,1,2,3,3,2,3,-4,0,,-4,1,0,14960,3,-3,11,1,39319,-2,1
5954,1.0,-4,0,0,0,1,1,1,3,3,2,4,-4,0,,10,1,0,159000,4,13,12,1,32471,-5,-5
5955,1.0,-4,0,0,0,9,2,2,4,4,4,4,-4,1,0.0,0,2,0,22500,5,-3,16,1,-4,0,1
5956,1.0,-4,0,0,0,0,2,3,4,5,1,-4,-4,0,0.0,-4,1,0,22500,5,-3,16,1,-4,0,1
5957,1.0,199410,0,0,0,0,2,2,4,2,1,3,-4,-3,0.0,5,2,0,63701,3,-4,12,1,59822,-2,-4
5958,1.0,-4,0,0,0,1,2,2,3,2,1,4,-4,0,0.0,50,2,0,34250,8,-4,-3,1,57852,0,-4
5959,0.0,199907,1,1,0,0,2,3,1,1,5,-4,-4,1,,-4,1,0,5600,4,-3,14,1,37494,0,0
5960,1.0,-4,0,0,0,12,3,2,5,4,2,4,-4,1,0.0,50,2,0,2250,5,12,12,1,24204,0,0
5961,0.0,199406,0,4,0,8,3,2,1,3,3,-4,-4,1,0.0,-4,1,0,2250,5,12,12,1,23181,0,0
5962,0.0,199912,0,2,0,1,1,1,4,3,4,-4,-4,1,0.0,-4,1,0,-9250,4,12,-4,1,24414,-5,-5
5963,0.0,199909,6,0,0,2,2,2,4,2,1,-4,-4,0,0.0,-4,1,0,242200,2,-3,10,1,21307,0,0
5964,1.0,-4,0,0,0,2,2,2,4,1,2,-4,-4,0,0.0,-4,1,-4,-4,2,-3,13,1,35272,-5,-5
5965,1.0,200904,0,0,0,1,2,1,2,1,4,-4,-4,0,0.0,-4,2,0,17000,3,12,13,1,59006,0,0
5966,1.0,-4,0,0,0,0,2,3,4,3,1,3,-4,0,,2,2,0,50000,3,-3,12,4,56592,0,0
5967,0.0,-4,0,0,0,4,2,1,3,1,2,2,-4,0,,0,1,0,-3,4,12,12,4,-4,-5,-5
5968,1.0,-4,0,0,0,0,2,3,1,1,1,-4,-4,0,,-4,2,0,23500,4,14,14,4,-4,-5,-5
5969,0.0,199409,0,1,1,6,3,3,3,2,4,4,-4,0,0.0,-4,1,0,43500,3,12,16,4,16297,0,0
5970,0.0,-4,0,0,0,8,2,2,3,3,3,3,-4,0,0.0,-4,1,0,17800,4,11,12,4,8715,-5,-5
5971,1.0,-4,0,0,0,20,2,2,1,1,1,1,-4,0,,50,2,0,43100,4,12,9,4,72850,0,-2
5972,1.0,-4,0,0,0,3,2,3,4,2,1,-4,-4,0,0.0,-4,2,0,40950,3,11,12,4,32311,0,0
5973,1.0,-4,0,0,0,2,2,2,1,1,1,-4,-4,0,0.0,-4,2,0,58550,5,13,14,4,45596,-5,-5
5974,1.0,-4,0,0,0,1,2,2,2,1,1,-4,-4,0,0.0,-4,2,0,58550,5,13,14,4,33141,0,0
5975,1.0,-4,0,0,0,3,1,2,2,1,1,-4,-4,0,0.0,-4,2,0,96900,4,14,12,4,-4,0,0
5976,1.0,-4,0,0,0,1,2,1,1,1,1,-4,-4,0,0.0,-4,1,0,96900,4,14,12,4,-4,0,0
5977,0.0,200112,0,0,0,2,4,4,1,2,1,1,-4,0,,0,1,0,368301,5,14,12,4,11367,-5,-5
5978,1.0,-4,0,0,0,3,2,2,3,1,1,-4,-4,0,0.0,-4,2,0,368301,5,14,12,4,63365,0,0
5979,0.0,-4,0,5,0,9,4,3,4,4,1,5,-4,1,,0,2,0,42000,4,12,12,4,26044,-5,-5
5980,1.0,-4,0,0,0,5,2,2,1,1,1,-4,-4,0,0.0,-4,2,0,184100,3,12,17,4,41186,0,0
5981,0.0,-4,0,10,0,13,3,4,3,3,2,3,-4,0,0.0,-4,2,-4,-4,5,-3,10,4,55383,0,0
5982,1.0,200101,0,0,0,5,2,3,2,1,1,-4,-4,0,,-4,1,0,22750,3,-4,12,1,19438,-5,-5
5983,1.0,200010,0,15,0,3,2,4,3,1,1,-4,-4,0,0.0,-4,1,0,57750,4,12,12,1,9399,0,0
5984,0.0,200601,1,1,4,7,1,1,3,1,2,-4,-4,1,1.0,-4,1,0,4900,4,-3,13,1,11402,0,0
5985,0.0,-4,0,0,0,0,2,2,1,1,1,-4,-4,0,0.0,-4,2,0,4600,5,13,12,1,14622,0,0
5986,1.0,-4,0,0,0,0,2,2,3,2,2,3,-4,0,0.0,0,1,0,-3,7,8,12,1,24651,0,0
5987,1.0,200809,0,0,0,5,2,3,3,4,3,-4,-4,1,0.0,-4,2,0,-3,6,-3,12,1,41673,0,0
5988,1.0,200101,0,0,0,0,2,2,4,5,2,4,-4,0,1.0,10,2,0,54001,4,12,11,1,72227,0,0
5989,0.0,200212,0,0,0,2,2,2,1,1,2,-4,-4,0,0.0,-4,1,0,154820,5,10,12,4,44597,0,1
5990,1.0,201008,1,20,5,0,4,4,4,3,3,-4,-4,1,0.0,-4,1,0,2550,3,-3,12,1,33589,0,-2
5991,0.0,199812,1,0,0,4,2,2,5,4,5,5,-4,0,0.0,50,2,0,-3,6,12,12,1,14305,0,0
5992,0.0,-4,0,0,0,2,1,2,4,4,5,-4,-4,0,0.0,-4,2,-4,-4,5,12,12,1,10521,0,0
5993,0.0,-4,0,0,0,0,2,2,3,3,2,3,-4,0,0.0,0,2,0,83850,6,-4,11,1,14225,0,0
5994,0.0,-4,0,0,0,15,2,2,4,2,1,-4,-4,1,0.0,-4,2,0,83850,6,-4,11,1,18651,0,0
5995,0.0,201409,1,2,1,0,3,3,1,1,1,-4,-4,0,0.0,-4,1,0,83850,6,-4,11,1,12143,0,0
5996,0.0,-4,0,0,0,0,3,3,3,4,1,3,-4,0,0.0,2,2,0,43750,4,-3,-3,1,14721,0,0
5997,0.0,200006,1,0,0,0,2,3,5,4,3,4,-4,0,0.0,0,1,0,18000,5,16,12,1,2699,0,0
5998,0.0,200708,1,0,0,0,2,2,5,4,1,3,-4,0,0.0,0,1,0,18000,5,12,12,1,26995,0,0
5999,1.0,-4,0,0,0,3,2,1,1,1,2,-4,-4,0,,-4,1,-4,-4,3,15,12,1,15030,0,0
6000,1.0,199808,0,0,0,2,1,4,3,5,2,2,-4,0,,50,1,0,4750,4,13,12,4,77568,0,0
6001,0.0,200111,0,0,0,2,2,2,2,1,1,-4,-4,0,0.0,-4,1,0,56000,4,12,12,4,51472,0,0
6002,1.0,200202,0,0,0,2,2,2,3,2,1,-4,-4,0,0.0,-4,1,0,-3,6,20,18,4,79098,0,0
6003,1.0,200907,0,4,0,3,2,2,2,2,1,-4,-4,0,0.0,-4,1,0,-3,6,20,18,2,79187,0,0
6004,0.0,-4,0,1,0,7,2,1,2,1,1,-4,-4,0,1.0,-4,1,1,-2244,3,11,12,4,56481,0,1
6005,1.0,-4,0,0,0,1,1,1,4,4,1,2,-4,0,0.0,5,2,0,19500,2,14,14,4,66139,0,0
6006,1.0,-4,0,0,0,15,2,2,4,3,3,3,-4,0,0.0,0,2,0,-3,2,16,14,4,56890,0,0
6007,0.0,-4,0,0,0,7,2,3,5,3,3,-4,-4,0,0.0,-4,2,-4,-4,4,-3,11,1,15379,0,0
6008,0.0,199703,0,0,2,4,2,2,5,1,1,5,-4,0,0.0,0,2,0,7100,3,11,7,1,1870,0,0
6009,0.0,200105,0,0,0,2,2,2,1,-2,1,-4,-4,0,0.0,-4,1,0,4050,5,-3,11,1,3951,0,0
6010,0.0,-4,0,0,0,35,3,3,3,3,2,5,-4,0,0.0,0,2,0,18891,4,10,9,1,9566,0,0
6011,0.0,201902,0,0,0,0,3,3,2,2,5,-2,-4,0,0.0,-2,1,1,-9895,4,12,12,1,0,0,0
6012,0.0,-4,0,0,0,3,3,3,2,1,-2,5,-4,0,0.0,9,2,0,-3,7,10,12,1,4179,0,0
6013,0.0,201107,0,0,0,2,1,2,2,1,5,-4,-4,0,0.0,-4,2,0,-3,3,-4,-3,1,-4,0,0
6014,1.0,-4,0,0,1,10,2,3,1,1,1,-4,-4,0,0.0,-4,2,0,59250,6,10,16,1,36973,0,0
6015,0.0,199501,4,1,4,5,3,3,3,1,1,-4,-4,0,0.0,-4,1,0,-3,3,4,9,1,2190,0,0
6016,0.0,199606,0,-4,-4,-4,3,4,5,5,2,5,-4,1,0.0,0,2,0,1750,3,-3,11,1,19275,0,-4
6017,0.0,201405,1,0,0,15,3,3,5,2,2,3,-4,1,0.0,100,1,1,2270,3,12,8,1,2411,0,0
6018,1.0,-4,0,0,0,2,1,2,4,4,1,3,-4,0,0.0,0,1,0,29150,5,12,12,1,17732,0,0
6019,1.0,-4,0,3,0,0,2,3,1,1,1,-4,-4,0,,-4,2,0,29150,5,12,12,1,52141,-5,-5
6020,0.0,-4,0,0,0,30,1,1,5,4,1,3,-4,0,,0,1,-4,-4,3,-4,-3,4,10965,0,0
6021,0.0,-4,0,2,0,2,2,2,3,1,1,1,-4,1,0.0,50,1,0,48500,3,13,16,4,81850,-5,-5
6022,0.0,199810,0,0,0,3,2,2,2,1,1,1,-4,0,0.0,0,1,0,37100,3,12,12,4,31584,0,0
6023,1.0,201504,0,0,0,3,2,1,1,1,1,-4,-4,1,0.0,-4,1,0,153250,2,15,17,4,98003,0,0
6025,0.0,200910,0,0,0,38,2,1,1,1,1,1,-4,0,,0,1,0,31,2,-3,7,4,11205,0,-4
6026,0.0,199602,2,0,1,0,1,2,1,1,1,-4,-4,0,,-4,1,0,1750,3,13,12,1,9087,-5,-5
6027,1.0,-4,0,0,0,2,2,2,2,3,1,2,-4,0,0.0,0,2,0,600000,4,20,18,4,92219,0,0
6028,0.0,200501,2,0,1,1,2,2,4,3,1,-4,-4,0,,-4,2,0,11500,2,10,12,4,-4,0,0
6029,1.0,200310,3,0,0,3,2,2,2,2,1,2,-4,0,,0,2,0,32000,3,12,14,4,55186,0,0
6030,1.0,-4,0,0,0,1,2,3,1,1,1,-4,-4,0,0.0,-4,2,0,102950,4,18,16,4,69921,0,0
6031,0.0,199802,5,0,0,2,2,1,3,3,1,2,-4,0,,0,1,-4,-4,2,9,-3,4,-4,0,0
6032,0.0,-4,0,2,0,0,2,2,5,1,1,-4,-4,0,0.0,-4,2,0,20850,4,12,12,4,18636,0,0
6033,0.0,-4,0,0,0,1,1,2,2,3,1,-4,-4,0,,-4,2,-4,-4,5,9,5,4,-4,0,0
6034,0.0,-4,0,1,0,3,2,2,3,1,2,-4,-4,0,0.0,-4,2,0,-3,3,9,7,4,22459,0,0
6035,0.0,200002,0,0,0,3,3,3,2,1,1,-4,-4,0,1.0,-4,2,0,-2250,6,12,14,4,32865,0,0
6036,0.0,-4,0,0,0,0,3,3,4,1,1,4,-4,1,0.0,25,2,0,27600,3,12,12,4,24482,0,0
6037,0.0,-4,0,0,0,2,2,1,1,1,1,-4,-4,0,0.0,-4,1,0,605,3,12,12,4,45939,0,0
6038,0.0,200807,0,0,0,2,2,2,3,2,2,-4,-4,0,0.0,-4,1,0,4156,5,9,8,1,77779,0,0
6039,0.0,-4,0,0,0,0,1,3,4,2,5,-4,-4,0,,-4,2,0,1300,5,-4,-3,4,-4,0,0
6040,0.0,-4,0,0,0,3,2,2,1,1,1,-4,-4,0,,-4,1,0,23500,5,10,10,4,5371,-5,-5
6041,0.0,200311,0,0,0,12,1,1,1,1,1,-4,-4,0,0.0,-4,1,0,23500,5,10,10,4,437,-5,-5
6042,1.0,200003,2,0,0,5,2,1,3,1,1,-4,-4,0,1.0,-4,1,0,71825,4,10,12,4,68913,0,0
6043,1.0,-4,0,0,0,1,2,2,4,4,1,4,-4,0,,0,2,0,54500,3,12,11,4,53138,0,0
6044,0.0,-4,0,0,0,6,2,2,1,1,1,-4,-4,0,0.0,-4,2,0,16250,4,11,11,4,34688,0,0
6045,0.0,-4,0,0,0,1,3,2,2,2,1,2,-4,0,,0,1,0,337500,4,15,12,4,-4,-5,-5
6046,0.0,-4,0,0,0,1,1,2,3,1,1,-2,-4,0,,-2,1,0,1250,3,-4,-4,4,7393,-5,-5
6047,1.0,-4,0,2,0,3,2,3,5,4,2,4,-4,0,1.0,20,2,0,13650,5,11,12,4,90114,0,0
6048,1.0,-4,0,0,0,0,1,2,1,1,1,-4,-4,0,0.0,-4,2,0,13650,5,11,12,4,58315,0,0
6049,1.0,-4,0,0,0,0,1,1,2,1,1,2,-4,0,0.0,0,1,0,322500,3,12,12,4,65691,0,0
6050,1.0,-4,0,0,0,0,1,1,2,2,1,2,-4,0,0.0,5,1,0,230500,3,10,13,4,-4,0,0
6051,0.0,-4,0,0,0,0,1,2,3,2,1,2,-4,0,1.0,25,2,0,1500,3,8,12,4,13722,0,0
6052,0.0,199701,0,0,0,3,2,2,2,2,1,3,-4,0,0.0,0,1,0,203800,2,13,13,4,-4,-5,-5
6053,1.0,199611,0,0,0,1,2,2,5,4,2,3,-4,1,,0,2,0,194501,3,-4,-4,4,-4,0,-4
6054,1.0,200311,7,1,0,0,2,4,3,2,1,4,-4,1,0.0,0,1,0,6335,4,13,16,4,28994,0,0
6055,0.0,200505,0,0,0,7,1,1,3,1,1,-4,-4,0,0.0,-4,2,1,73500,5,-3,11,4,53938,-5,-5
6056,1.0,-4,0,0,0,2,2,2,1,1,1,-4,-4,0,0.0,-4,2,0,45200,4,12,14,4,77000,0,0
6057,0.0,-4,0,0,0,4,1,1,1,1,1,-4,-4,0,0.0,-4,2,0,35500,3,11,11,4,44557,-5,-5
6058,0.0,-4,0,4,2,1,2,1,3,2,1,3,-4,0,0.0,10,2,0,1450,4,12,12,4,-4,0,-4
6059,1.0,-4,0,0,0,2,2,2,3,2,1,2,-4,0,0.0,0,1,0,10550,3,9,12,1,19507,0,0
6060,0.0,199810,1,2,0,8,2,4,2,2,1,1,-4,1,,0,1,1,3250,2,11,7,2,26821,0,-2
6061,0.0,-4,0,0,0,3,3,2,3,1,1,-4,-4,0,,-4,1,0,61750,5,-3,6,2,12315,0,-1
6062,0.0,199810,0,1,0,6,1,2,1,1,2,-4,-4,1,0.0,-4,1,0,61750,5,-3,6,2,17372,0,0
6063,0.0,-4,0,0,0,2,2,1,1,1,1,2,-4,0,0.0,0,2,0,1750,4,12,9,1,9315,0,1
6064,0.0,201707,0,0,0,4,2,2,1,1,1,-4,-4,0,0.0,-4,1,-4,-4,3,2,6,2,7740,0,0
6065,1.0,-4,0,0,0,16,1,2,2,4,1,3,-4,0,0.0,5,2,0,111700,3,14,10,4,93197,0,0
6066,1.0,199901,1,0,1,7,3,2,2,1,2,-4,-4,0,0.0,-4,1,0,399001,3,12,19,4,-4,0,1
6067,1.0,199605,0,0,0,0,3,3,5,1,1,1,-4,0,0.0,0,2,-4,-4,5,5,5,4,63978,0,0
6068,0.0,200006,0,0,0,1,2,2,2,4,1,-4,-4,0,0.0,-4,1,-4,-4,5,5,5,4,38427,0,0
6069,1.0,200211,0,3,1,11,2,2,2,1,1,-4,-4,0,0.0,-4,1,-4,-4,5,5,5,4,34123,0,0
6070,0.0,200006,0,0,0,5,2,2,1,1,1,1,-4,0,0.0,-4,1,0,2000,7,6,2,2,16647,0,0
6071,0.0,-4,0,0,0,6,2,2,1,1,1,-4,-4,0,0.0,-4,2,0,2000,7,6,2,2,11921,0,0
6072,0.0,199206,1,99,3,5,2,3,4,5,1,4,-4,0,,0,1,1,-15290,3,8,11,4,-4,0,1
6073,0.0,-4,0,1,0,0,3,2,4,4,1,-4,-4,1,1.0,-4,1,1,215500,3,12,12,4,79434,0,0
6074,1.0,-4,0,0,0,2,1,1,2,1,1,1,-4,0,0.0,0,1,0,224500,4,14,12,4,71748,-5,-5
6075,1.0,-4,0,0,0,4,2,2,1,1,1,-4,-4,0,0.0,-4,1,0,49250,5,14,12,4,53412,-5,-5
6076,1.0,-4,0,0,0,2,2,-2,3,3,1,3,-4,0,0.0,0,2,0,375150,4,16,16,4,94460,0,0
6077,0.0,200204,0,0,2,8,4,3,4,4,2,5,-4,0,,50,2,0,101500,5,9,14,4,-4,0,0
6078,1.0,-4,0,0,0,4,2,2,2,2,1,3,-4,0,0.0,75,1,0,4300,4,12,12,2,79953,0,0
6079,1.0,-4,0,0,0,5,2,1,3,3,1,3,-4,0,0.0,3,2,0,37750,5,12,12,2,90048,0,0
6080,1.0,-4,0,0,0,0,1,2,1,1,1,-4,-4,0,0.0,-4,2,0,37750,5,12,12,2,82791,0,0
6081,1.0,-4,0,0,0,0,1,2,3,2,1,3,-4,1,1.0,45,2,1,10500,7,-4,-3,1,49239,-5,-5
6082,0.0,200011,3,1,0,0,1,1,1,1,1,-4,-4,1,0.0,-4,1,1,10500,7,11,-3,1,57753,1,0
6083,0.0,-4,0,0,0,2,3,1,1,2,1,-4,-4,0,0.0,-4,1,1,10500,7,11,-3,1,4936,0,0
6084,0.0,200407,0,1,0,13,3,4,1,2,1,-4,-4,0,,-4,1,0,600,5,3,9,2,-4,0,0
6085,1.0,-4,0,0,1,0,2,3,4,4,1,4,-4,0,0.0,50,1,1,12560,6,13,12,3,36104,0,0
6086,0.0,199909,1,0,1,5,3,3,3,5,2,-4,-4,0,0.0,-4,2,0,12560,6,-3,8,3,3500,0,1
6087,0.0,-4,0,0,1,3,2,2,1,-2,1,-4,-4,0,0.0,-4,2,1,12560,6,12,12,3,70334,0,0
6088,1.0,-4,0,0,0,2,1,2,1,1,1,-4,-4,0,0.0,-4,1,0,12560,6,12,12,3,79260,0,0
6089,0.0,-4,0,0,1,2,2,2,1,1,1,-4,-4,0,0.0,-4,1,-4,-4,4,9,12,4,21466,0,0
6090,1.0,-4,0,0,0,5,2,2,3,3,1,1,-4,1,0.0,25,2,0,18700,6,15,12,2,39684,0,0
6091,1.0,-4,0,0,1,4,2,1,4,4,2,3,-4,1,0.0,20,1,0,18700,6,15,12,2,13866,-5,-5
6092,1.0,-4,0,0,1,3,1,1,3,2,1,-4,-4,1,0.0,-4,2,0,18700,6,15,12,2,36271,0,0
6093,1.0,-4,0,1,0,0,3,3,4,2,1,4,-4,1,0.0,45,2,1,192250,4,15,15,4,87411,0,0
6094,0.0,200005,0,0,0,1,1,2,1,1,1,2,-4,1,1.0,100,1,0,17800,5,12,10,4,-4,0,0
6095,0.0,-4,0,0,3,4,2,4,3,2,2,-4,-4,0,,-4,2,0,17800,5,12,10,4,6269,-5,-5
6096,0.0,200703,0,6,2,1,2,4,2,1,1,-4,-4,1,1.0,-4,1,0,17800,5,-3,10,4,0,0,-2
6097,0.0,-4,0,0,0,1,2,2,1,1,1,1,-4,0,0.0,-4,1,0,48250,2,-4,13,4,37832,0,0
6098,0.0,-4,0,0,0,8,3,3,3,4,2,3,-4,0,,50,1,0,17750,5,12,11,4,33410,0,0
6099,1.0,-4,0,1,0,0,1,1,2,1,1,-4,-4,0,0.0,-4,2,0,-31600,5,12,11,4,-4,0,0
6100,0.0,200105,0,3,1,0,2,2,2,1,1,-4,-4,0,,-4,1,0,-4750,5,11,10,4,-4,0,0
6101,1.0,200410,0,1,0,2,2,2,3,2,2,3,-4,0,,-4,1,0,49000,5,9,9,4,-4,0,0
6102,0.0,-4,0,1,0,0,1,1,2,2,1,-4,-4,0,,-4,2,0,49000,5,9,9,4,-4,-5,-5
6103,1.0,-4,0,0,0,0,2,2,1,1,2,2,-4,0,0.0,24,1,0,-3,3,14,13,4,-4,0,0
6104,0.0,200404,0,0,0,4,1,1,2,1,1,2,-4,0,,-4,1,-4,-4,6,-4,6,2,-4,-5,-5
6105,1.0,-4,0,0,0,3,2,2,5,4,3,5,-4,1,1.0,0,2,0,132406,4,12,15,4,19603,0,0
6106,0.0,200607,0,0,0,0,2,3,1,1,1,-4,-4,1,,-4,1,0,132406,4,12,15,4,15702,0,0
6107,1.0,-4,0,0,0,0,1,1,1,1,1,-4,-4,0,,-4,2,0,127000,5,13,12,4,89230,-5,-5
6108,1.0,200704,0,0,0,8,1,2,1,1,1,-4,-4,0,0.0,-4,1,0,186300,5,15,16,4,91624,0,0
6109,1.0,-4,0,0,0,3,2,2,4,4,2,3,-4,0,0.0,3,2,0,229000,5,-3,15,4,58848,0,0
6110,1.0,-4,0,0,0,2,1,1,1,1,1,-4,-4,1,0.0,-4,2,0,229000,5,14,15,4,30063,0,0
6111,1.0,-4,0,0,0,1,2,2,2,1,1,2,-4,0,0.0,2,1,-4,-4,4,12,14,4,52076,0,0
6112,1.0,-4,0,0,0,18,3,1,4,3,1,3,-4,1,1.0,0,2,0,304500,5,13,14,4,52290,-5,-5
6113,0.0,199702,0,1,0,48,3,2,2,1,1,-4,-4,0,0.0,-4,1,0,304500,5,13,14,4,37702,0,0
6114,1.0,-4,0,0,0,3,2,2,1,1,1,-2,-4,0,0.0,0,2,0,84750,4,12,10,1,54845,0,0
6115,0.0,-4,0,0,0,4,3,3,5,2,1,1,-4,0,,-4,2,0,-3,4,10,12,4,-4,0,0
6116,0.0,200901,1,1,0,3,1,1,2,1,2,-4,-4,1,0.0,-4,1,0,-1500,2,12,9,1,32336,0,1
6117,1.0,-4,0,0,2,0,2,3,3,3,2,5,-4,1,1.0,10,2,0,19714,3,12,14,1,6762,0,1
6118,1.0,-4,0,0,1,0,2,2,4,4,2,2,-4,0,,0,1,1,1750,3,12,12,1,15668,0,0
6119,0.0,-4,0,0,0,2,3,4,4,5,3,5,-4,0,0.0,75,1,0,-3,3,12,12,1,2970,0,0
6120,1.0,200104,2,0,1,2,2,1,2,1,1,3,-4,0,0.0,-4,1,-4,-4,3,-3,10,1,32772,-5,-5
6121,1.0,-4,0,0,0,0,2,2,3,3,2,2,-4,0,0.0,-4,1,0,25850,5,14,12,4,37416,0,0
6122,1.0,-4,0,0,0,1,1,1,1,1,1,-4,-4,0,0.0,-4,2,0,25850,5,14,12,4,59770,0,0
6123,0.0,200211,0,2,0,0,1,1,1,1,1,-4,-4,0,0.0,-4,1,0,25850,5,14,12,4,13853,-5,-5
6124,0.0,-4,0,0,0,2,1,1,-2,5,-2,-4,-4,0,0.0,-4,2,0,-3,6,12,11,1,8849,0,0
6125,1.0,199407,0,0,0,0,2,2,3,4,2,-4,-4,0,0.0,-4,1,0,-3,6,12,11,1,508,0,0
6126,0.0,200808,2,0,1,6,1,1,2,1,1,-4,-4,0,,-4,2,0,250,5,12,9,4,56687,0,0
6127,1.0,-4,0,1,0,3,2,4,2,1,1,-4,-4,1,1.0,-4,2,1,250,5,12,12,4,55777,0,0
6128,1.0,-4,0,0,0,2,2,4,3,2,1,4,-4,0,0.0,0,2,0,257500,4,12,14,4,71103,0,0
6129,0.0,-4,0,15,4,10,2,2,2,1,1,-4,-4,1,1.0,-4,1,0,10500,2,12,14,4,-4,0,0
6130,0.0,200209,1,0,0,1,2,2,4,1,1,3,-4,0,,0,1,-4,-4,2,8,9,4,-4,0,1
6131,0.0,-4,0,0,0,3,1,2,-2,-2,-2,-4,-4,0,,-4,1,0,-3,3,16,16,2,-4,0,0
6132,0.0,200202,0,3,0,0,2,4,3,1,1,-4,-4,1,0.0,-4,2,0,102500,4,16,14,4,36787,0,0
6133,1.0,-4,0,0,0,0,1,1,1,1,1,-4,-4,0,0.0,-4,1,0,-59000,5,14,13,4,64904,0,0
6134,1.0,200109,0,-2,1,0,2,2,2,1,1,-4,-4,0,0.0,-4,1,0,39750,2,15,12,4,96906,0,0
6135,1.0,-4,0,0,0,4,1,1,1,1,1,-4,-4,0,0.0,-4,2,0,37550,5,15,12,4,69291,0,0
6136,,-4,0,-1,-2,-2,-1,-1,-1,-1,-1,-1,-4,0,,30,2,-4,-4,3,12,12,4,-4,-5,-5
6137,1.0,-4,0,0,0,4,2,2,2,1,3,-4,-4,0,0.0,-4,2,0,16400,3,6,10,2,38475,0,0
6138,0.0,200509,0,0,0,5,3,3,5,4,1,-4,-4,0,0.0,-4,2,0,18000,5,12,9,4,16587,0,0
6139,1.0,-4,0,1,0,5,2,2,4,4,1,5,-4,0,0.0,5,2,0,25750,4,-4,8,4,89982,0,-4
6140,0.0,-4,0,0,0,-2,2,1,2,2,1,-4,-4,1,0.0,-4,2,1,25750,4,-4,-4,4,20633,0,-4
6141,1.0,-4,0,0,0,5,3,3,3,2,1,3,-4,0,0.0,3,2,0,102000,5,15,13,1,13673,0,0
6142,1.0,-4,0,0,0,7,4,4,5,3,1,-4,-4,0,0.0,-4,2,0,102000,5,15,13,1,52907,0,0
6143,0.0,199405,0,1,2,11,2,3,3,2,2,3,-4,1,0.0,30,1,1,21107,4,-3,-3,1,14812,0,0
6144,0.0,199701,0,0,1,3,3,3,3,2,1,4,-4,0,0.0,-4,2,1,21107,4,-3,-3,1,3522,0,0
6145,0.0,199501,0,0,0,23,2,3,4,3,3,3,-4,0,0.0,25,1,0,1550,6,12,8,4,-4,0,0
6146,0.0,-4,0,0,0,7,4,4,4,5,1,5,-4,0,0.0,0,2,0,24950,7,12,10,4,-4,0,0
6147,0.0,200611,1,15,0,0,2,4,4,3,1,5,-4,1,,3,2,-4,-4,6,10,11,1,17588,-5,-5
6148,0.0,-4,0,0,0,5,2,1,1,1,1,-4,-4,1,0.0,-4,2,0,43900,7,8,6,2,-4,0,0
6149,0.0,200207,3,0,0,1,3,2,1,1,1,-4,-4,1,0.0,-4,1,0,80500,3,-3,12,1,34326,0,0
6150,1.0,-4,0,0,0,3,2,2,2,2,1,2,-4,0,0.0,3,2,0,5520,6,18,18,4,57334,0,0
6151,0.0,-4,0,0,0,3,2,2,2,1,2,-4,-4,0,0.0,-4,1,0,5520,6,18,18,4,89236,0,0
6152,1.0,200010,0,0,0,0,2,3,1,1,1,-4,-4,0,0.0,-4,2,0,7750,4,12,12,4,48221,0,0
6153,1.0,200610,1,0,0,2,1,2,3,2,1,-4,-4,0,0.0,-4,1,0,172000,3,14,12,4,40468,-5,-5
6154,0.0,199704,0,2,2,10,4,4,3,4,2,-4,-4,0,1.0,-4,1,0,28350,2,-3,-4,4,-4,-5,-5
6155,1.0,-4,0,0,0,0,2,2,1,1,1,-4,-4,0,0.0,-4,2,0,433000,5,12,13,4,97717,-5,-5
6156,1.0,-4,0,0,0,0,2,2,1,1,1,-4,-4,0,0.0,-4,2,0,433000,5,12,13,4,89502,0,0
6157,1.0,-4,0,1,0,2,1,1,2,3,1,2,-4,1,0.0,-4,2,0,72750,3,12,13,4,60408,0,0
6158,1.0,199906,1,0,0,1,2,2,3,2,1,-4,-4,0,0.0,-4,1,0,527500,3,19,16,4,65564,0,0
6159,1.0,-4,0,0,0,2,2,3,3,3,1,3,-4,0,0.0,20,2,0,39500,5,16,16,4,75089,0,0
6160,0.0,-4,0,0,0,1,2,2,3,2,1,3,-4,0,0.0,25,2,1,-3,3,-4,-4,1,28063,0,-4
6161,0.0,199608,0,0,0,2,2,3,4,3,1,-4,-4,1,0.0,-4,2,-4,-4,4,-4,-4,1,-4,1,1
6162,0.0,-4,0,0,0,1,4,3,2,5,1,-4,-4,0,,-4,2,-4,-4,4,-4,-4,1,26014,-5,-5
6163,0.0,200409,3,0,2,7,1,1,3,1,2,-4,-4,0,0.0,-4,1,-4,-4,4,-4,-4,1,9466,1,-2
6164,1.0,200902,1,0,0,14,2,2,3,1,1,-4,-4,0,0.0,-4,2,0,3350,3,-4,-3,1,41453,0,0
6165,1.0,200007,4,0,0,2,2,2,1,1,1,2,-4,0,0.0,5,1,0,17300,4,12,12,1,13986,0,0
6166,0.0,199705,0,1,1,8,3,3,3,4,2,5,-4,0,0.0,0,2,0,17300,4,12,12,1,13225,0,1
6167,0.0,199709,7,1,6,0,4,3,2,2,1,-4,-4,0,0.0,-4,2,0,17300,4,12,12,4,11393,0,0
6168,0.0,200211,3,3,0,8,2,3,4,4,3,5,-4,1,1.0,0,2,0,-3800,9,-4,-3,4,12016,0,0
6169,0.0,199504,3,0,15,40,4,3,4,4,4,4,-4,1,0.0,-4,2,0,-3800,9,-4,-3,4,74610,-5,-5
6170,0.0,-4,0,0,0,8,2,3,3,4,1,2,-4,0,1.0,-4,2,0,-3800,9,-4,-3,4,39530,-5,-5
6171,1.0,-4,0,15,0,8,2,3,1,1,1,-4,-4,0,0.0,-4,2,0,-3800,9,-4,-3,4,5597,1,-2
6172,0.0,-4,0,0,0,4,2,2,5,3,1,3,-4,0,,0,1,1,3750,3,-4,11,1,-4,-5,-5
6173,1.0,-4,0,0,0,12,2,2,2,1,1,-4,-4,0,0.0,-4,2,0,121500,4,12,13,4,65446,-5,-5
6174,0.0,200112,1,0,0,3,2,2,1,1,1,-4,-4,0,0.0,-4,1,0,-4400,5,10,12,4,58721,0,0
6175,1.0,-4,0,0,0,2,1,1,1,1,1,-4,-4,0,0.0,-4,2,0,40100,4,13,12,4,90844,0,0
6176,0.0,200701,0,7,2,10,2,2,2,3,1,3,-4,0,1.0,0,1,1,-18400,2,6,12,4,-4,-5,-5
6177,0.0,199911,0,0,0,0,2,1,1,1,1,-4,-4,0,,-4,2,0,-4500,3,11,10,4,12505,0,-2
6178,1.0,199512,0,0,0,3,2,3,4,3,3,4,-4,0,,0,2,0,343150,3,12,15,4,38696,0,0
6179,0.0,-4,0,1,0,0,2,3,1,1,1,-4,-4,0,0.0,-4,2,0,43900,3,11,-3,4,65828,0,-2
6180,1.0,-4,0,0,1,3,1,4,1,1,1,3,-4,0,0.0,10,2,0,36100,2,11,12,1,43517,0,1
6181,1.0,-4,0,0,0,5,2,3,2,1,-2,-2,-4,0,0.0,50,1,0,48900,5,13,14,4,92771,0,0
6182,0.0,-4,0,-4,-4,-4,4,3,1,1,1,1,-4,1,0.0,5,1,0,-3,3,12,12,4,16941,0,0
6183,0.0,-4,0,0,0,0,1,2,2,1,1,2,-4,0,,0,2,0,192750,4,12,12,4,86683,0,0
6184,1.0,-4,0,0,0,8,2,2,3,3,2,-2,-4,0,0.0,0,1,1,49650,4,8,12,4,26197,-5,-5
6185,0.0,-4,0,5,0,3,3,3,3,-2,3,-4,-4,0,0.0,-4,1,-4,-4,4,8,12,4,37704,-5,-5
6186,0.0,201202,0,0,0,6,1,1,1,1,1,-4,-4,0,1.0,-4,2,0,-3,3,13,12,4,90937,0,0
6187,0.0,-4,0,0,0,11,2,2,3,2,2,2,-4,0,0.0,25,1,0,70750,4,12,12,4,59149,0,0
6188,0.0,-4,0,0,0,35,3,4,3,3,2,3,-4,0,0.0,5,2,0,-3,7,-3,-3,4,76978,0,0
6189,0.0,201010,2,1,0,12,2,1,5,4,1,-4,-4,0,0.0,-4,2,0,-8550,6,-4,12,4,47942,-5,-5
6190,1.0,-4,0,0,0,0,2,2,4,3,1,2,-4,0,0.0,0,2,0,600000,5,16,16,4,67652,0,0
6191,0.0,-4,0,30,2,3,2,4,4,2,1,2,-4,1,1.0,8,1,0,-3,4,12,12,4,88865,0,0
6192,0.0,199703,0,70,1,3,2,3,2,2,1,1,-4,1,1.0,-4,1,0,-3,4,12,12,4,88150,-5,-5
6193,0.0,200604,0,-4,-4,-4,2,2,4,4,1,4,-4,1,0.0,50,1,0,10800,6,-4,10,4,35276,0,1
6194,0.0,200011,0,3,10,11,2,4,4,1,1,-4,-4,1,0.0,-4,2,0,10800,6,-4,10,4,25187,0,0
6195,0.0,-4,0,0,0,-2,2,2,4,3,1,-4,-4,0,0.0,-4,1,0,52850,5,12,12,4,24033,-5,-5
6196,0.0,-4,0,0,0,-2,2,2,1,1,1,-4,-4,0,,-4,1,0,52850,5,12,12,4,1527,0,0
6197,0.0,-4,0,0,0,5,2,2,1,1,1,-4,-4,0,0.0,-4,2,0,53750,4,6,12,4,12231,0,0
6198,0.0,-4,0,0,0,5,1,2,1,1,1,-4,-4,0,0.0,-4,2,0,53750,4,6,12,4,16693,0,0
6199,0.0,-4,0,0,0,16,3,3,4,4,-2,5,-4,0,0.0,40,2,0,55400,4,11,12,4,66975,0,0
6200,0.0,200509,0,0,0,6,3,3,5,3,1,5,-4,-3,0.0,-3,1,0,6512,4,-3,-3,4,58957,0,0
6201,1.0,-4,0,0,0,3,2,3,4,3,1,4,-4,1,0.0,30,2,0,5150,5,14,12,4,69833,0,0
6202,0.0,-4,0,0,0,1,2,2,-2,1,1,-4,-4,0,0.0,-4,2,0,5150,5,14,12,4,57237,-5,-5
6203,0.0,200006,2,99,2,-2,2,2,-2,-2,1,-4,-4,1,1.0,-4,2,0,-3,3,12,11,4,-4,0,-2
6204,1.0,200102,0,0,0,1,2,1,1,1,1,3,-4,0,1.0,1,1,0,-3,7,-4,12,1,89180,0,0
6205,0.0,-4,0,0,0,1,2,2,2,2,1,4,-4,0,,50,1,-1,-3,7,12,-4,1,9811,-5,-5
6206,0.0,-4,0,0,0,0,2,1,1,1,1,1,-4,0,0.0,2,1,0,-3,7,-4,12,1,21379,0,0
6207,0.0,200208,2,0,1,0,2,2,1,1,1,-4,-4,0,0.0,-4,1,-1,-3,7,12,-4,1,18186,-5,-5
6208,0.0,199710,0,0,0,1,2,2,2,3,2,-4,-4,1,1.0,-4,2,0,3750,3,-3,12,4,50897,0,0
6209,0.0,-4,0,0,1,0,1,1,4,5,1,5,-4,0,,0,2,-4,-4,10,-4,12,1,2547,0,0
6210,1.0,-4,0,0,0,14,2,2,3,1,1,-4,-4,0,0.0,-4,1,0,26350,5,12,12,4,66165,0,0
6211,1.0,-4,0,2,0,-2,2,3,1,1,1,-4,-4,0,0.0,-4,2,-4,-4,3,-3,12,1,19964,-5,-5
6212,1.0,-4,0,0,0,-2,2,2,3,4,1,4,-4,0,,25,2,0,6250,5,-3,-3,4,88121,0,0
6213,0.0,-4,0,3,2,6,2,3,2,1,3,-4,-4,1,0.0,-4,1,0,6250,5,-3,-3,4,56638,0,0
6214,1.0,-4,0,0,0,6,2,2,2,3,1,4,-4,0,1.0,15,1,0,-3,3,-4,12,1,45016,0,0
6215,1.0,-4,0,1,0,1,2,2,4,1,1,-4,-4,0,0.0,-4,1,0,-3,3,-4,12,1,84220,0,-2
6216,0.0,200212,0,0,0,3,3,3,3,1,1,-4,-4,0,0.0,-4,1,0,89250,3,12,-4,1,5686,0,0
6217,0.0,-4,0,0,1,20,3,2,3,3,-2,5,-4,-3,0.0,-3,2,0,-3,5,12,12,4,1731,0,0
6218,0.0,200202,0,0,0,-1,2,2,5,2,2,-4,-4,-3,0.0,-4,1,0,-3,5,12,12,4,9486,0,0
6219,0.0,199908,0,0,1,15,2,3,4,2,1,-4,-4,-3,0.0,-4,1,0,-3,5,12,12,4,4588,0,-2
6220,1.0,-4,0,0,0,12,2,2,3,1,1,2,-4,0,0.0,20,1,0,102150,3,14,12,4,44534,-5,-5
6221,1.0,-4,0,0,0,6,2,2,3,2,1,-4,-4,0,0.0,-4,2,0,102150,3,14,12,1,66251,0,0
6222,0.0,-4,0,0,0,-2,2,2,3,3,1,2,-4,0,,5,1,0,23375,4,12,12,4,-4,0,0
6223,1.0,-4,0,0,0,8,2,3,1,1,1,-4,-4,0,0.0,-4,1,0,77750,4,12,14,1,62240,0,0
6224,1.0,-4,0,0,0,2,3,3,5,4,1,5,-4,0,,10,1,0,10500,4,12,12,1,29817,0,0
6225,0.0,201008,0,0,0,2,3,2,2,3,1,-4,-4,0,,-4,2,0,10500,4,12,12,1,12181,0,0
6226,1.0,-4,0,0,0,0,1,2,3,2,2,-4,-4,0,0.0,-4,2,0,11900,4,11,12,4,58440,0,0
6227,1.0,-4,0,19,0,3,2,4,4,4,1,4,-4,0,1.0,0,2,0,136500,3,12,12,4,57500,0,0
6228,0.0,-4,0,1,1,16,1,2,1,1,1,-4,-4,0,,-4,2,-4,-4,6,11,11,4,-4,0,0
6229,1.0,-4,0,0,0,2,1,2,3,3,1,3,-4,0,0.0,5,1,0,-3,5,-3,15,1,37216,0,0
6230,1.0,-4,0,0,1,5,1,4,4,1,1,-4,-4,1,0.0,-4,1,0,-3,5,12,-3,1,75587,0,0
6231,0.0,201810,1,0,0,4,2,2,1,4,1,4,-4,0,0.0,0,1,0,-3,4,-4,12,1,37202,0,0
6232,0.0,-4,0,0,0,-2,3,3,4,3,2,2,-4,0,0.0,50,2,0,12350,4,12,12,4,2090,0,-2
6233,0.0,-4,0,0,0,14,3,2,1,1,1,-4,-4,1,0.0,-4,2,0,12350,4,-4,12,4,12037,0,0
6234,1.0,-4,0,0,2,6,2,2,2,1,1,-4,-4,0,0.0,-4,1,0,-3,4,14,16,1,77618,-5,-5
6235,0.0,-4,0,0,2,5,2,2,1,1,1,-4,-4,1,,-4,2,0,17600,4,11,12,1,12677,0,0
6236,0.0,-4,0,0,0,2,2,4,3,2,1,4,-4,0,0.0,0,1,0,-3750,5,-4,14,1,17395,0,0
6237,1.0,-4,0,0,0,-2,2,1,3,3,1,-4,-4,0,0.0,-4,1,0,-3750,5,-4,14,1,68115,0,0
6238,0.0,-4,0,15,0,3,2,4,3,4,1,3,-4,1,0.0,5,1,0,-7740,3,14,12,4,83242,0,0
6239,1.0,200104,1,0,0,3,1,1,1,1,1,-4,-4,0,0.0,-4,2,0,215000,4,-4,-4,4,80364,0,0
6240,1.0,-4,0,0,0,6,2,3,2,3,1,2,-4,0,0.0,10,1,0,475700,4,20,16,4,86810,0,0
6241,1.0,200511,0,0,0,5,1,2,2,2,1,-4,-4,0,0.0,-4,2,0,475700,4,20,16,4,95397,0,0
6242,1.0,200102,0,0,0,7,2,2,4,2,1,-4,-4,0,0.0,-4,2,0,34700,2,16,16,4,-4,0,0
6243,1.0,-4,0,0,0,3,2,3,2,4,2,3,-4,0,0.0,15,2,0,-3,5,16,16,4,60056,0,0
6244,1.0,200107,1,0,0,3,2,3,3,3,-2,2,-4,0,0.0,10,2,0,-3,5,16,16,4,63866,0,0
6245,1.0,200010,0,0,0,5,2,2,1,1,1,-4,-4,0,0.0,-4,1,0,181500,4,20,20,4,91283,0,0
6246,1.0,199808,0,0,0,8,2,1,3,4,1,3,-4,0,0.0,5,2,0,186500,2,16,-3,4,51648,0,0
6247,1.0,199810,3,5,4,10,2,2,4,4,2,3,-4,0,0.0,20,1,0,51100,4,8,12,2,24559,-2,-4
6248,1.0,-4,0,0,0,1,2,2,2,1,1,-4,-4,0,0.0,-4,1,0,40500,2,18,18,4,86317,0,0
6249,0.0,-4,0,0,0,3,2,2,1,1,-2,-4,-4,0,0.0,-4,2,0,267500,3,20,18,4,99558,-5,-5
6250,1.0,-4,0,0,0,1,2,2,2,1,1,1,-4,0,0.0,-4,1,1,188500,4,17,18,4,87545,-5,-5
6251,0.0,199912,1,0,0,8,2,2,1,1,1,-4,-4,0,0.0,-4,1,0,108250,3,17,16,4,35874,0,0
6252,1.0,-4,0,0,0,4,1,1,1,1,1,-4,-4,0,0.0,-4,1,0,249250,7,20,14,4,92548,0,0
6253,0.0,-4,0,0,0,2,1,2,1,-2,-2,-4,-4,0,0.0,-4,2,0,388801,4,15,13,4,-4,0,0
6254,0.0,198706,1,0,0,9,2,2,3,2,2,2,-4,-3,0.0,-3,1,0,151500,4,14,18,4,4742,0,0
6255,1.0,200409,0,0,0,5,2,2,1,1,1,-4,-4,0,0.0,-4,2,0,72900,3,-3,-3,4,-4,0,0
6256,0.0,200312,0,0,0,12,2,3,4,3,1,2,-4,0,,50,1,0,5550,3,12,18,4,78405,0,-2
6257,0.0,199711,0,0,0,-2,2,2,4,1,1,-4,-4,0,,-4,1,0,5550,3,12,18,4,12956,0,-2
6258,1.0,-4,0,0,0,3,2,3,3,3,1,1,-4,0,0.0,0,2,0,-3,4,16,14,4,64187,-5,-5
6259,1.0,-4,0,0,0,0,2,2,1,1,1,-4,-4,0,0.0,-4,2,0,-3,4,20,20,4,87645,0,0
6260,1.0,200209,0,0,0,3,2,2,2,2,1,-4,-4,-2,0.0,-4,2,0,527500,5,18,18,4,54536,0,0
6261,1.0,199809,0,0,0,20,2,2,2,2,1,2,-4,0,0.0,-4,1,0,-3,4,16,16,4,90491,0,0
6262,1.0,-4,0,0,0,1,2,2,2,1,1,-4,-4,0,0.0,-4,2,0,-3,4,16,16,4,43373,0,0
6263,1.0,-4,0,0,0,3,2,2,1,1,2,-4,-4,1,0.0,-4,1,0,-3,4,20,20,4,94485,0,0
6264,1.0,-4,0,0,0,8,1,1,1,1,1,-4,-4,0,1.0,-4,1,0,-3,5,-3,12,2,-4,0,0
6265,0.0,-4,0,0,0,7,2,2,1,1,1,-4,-4,0,,-4,2,0,-3,5,-3,12,2,-4,-5,-5
6266,0.0,-4,0,0,0,10,2,3,2,3,2,2,-4,0,0.0,5,2,0,-3,5,16,12,4,-4,0,0
6267,1.0,-4,0,2,0,2,2,2,4,2,3,-4,-4,0,0.0,-4,1,0,-3,5,16,12,4,-4,-5,-5
6268,1.0,-4,0,0,0,2,2,2,3,1,2,-4,-4,0,0.0,-4,2,0,-3,5,16,12,4,-4,-5,-5
6269,0.0,-4,0,1,0,10,3,4,5,3,3,3,-4,0,0.0,0,2,0,555001,3,-4,-4,4,18219,0,0
6270,1.0,201109,0,0,0,3,2,3,2,2,1,3,-4,0,0.0,50,2,0,176001,3,20,16,4,-4,-5,-5
6271,1.0,-4,0,0,0,4,2,2,3,2,1,-4,-4,0,0.0,-4,2,0,137500,4,13,18,4,63150,0,0
6272,1.0,-4,0,2,0,5,2,2,1,1,1,-4,-4,0,0.0,-4,1,0,137500,4,13,18,4,61059,0,0
6273,1.0,-4,0,0,0,6,2,3,3,3,1,2,-4,0,0.0,5,1,0,559700,3,13,18,4,-4,0,0
6274,1.0,200312,0,0,1,3,1,2,1,1,1,-4,-4,0,0.0,-4,1,0,513500,5,20,19,4,85565,0,0
6275,1.0,199603,0,0,0,8,1,2,3,4,1,2,-4,0,0.0,20,2,0,-3,4,14,17,4,72541,0,0
6276,0.0,200304,1,0,0,3,2,2,4,1,1,1,-4,0,0.0,0,1,1,33250,3,14,14,4,17877,0,0
6277,1.0,-4,0,0,0,10,2,1,1,1,1,-4,-4,0,0.0,-4,2,0,38100,3,18,17,4,90631,0,0
6278,0.0,199506,0,0,0,2,2,2,2,1,2,-4,-4,0,,-4,2,0,199000,7,12,14,4,66636,0,1
6279,1.0,-4,0,0,0,5,2,2,1,1,1,1,-4,0,0.0,-4,2,0,96500,4,15,14,2,-4,0,-4
6280,0.0,199309,0,0,0,20,1,2,4,5,1,4,-4,0,0.0,0,2,0,9350,4,16,18,4,8115,0,0
6281,0.0,-4,0,0,0,3,2,2,3,3,1,1,-4,0,0.0,10,2,0,-3,3,14,14,4,13948,0,0
6282,0.0,-4,0,1,1,7,2,2,3,1,1,1,-4,0,0.0,-4,1,0,750,3,12,12,2,14028,0,-4
6283,1.0,199809,0,0,0,4,2,1,1,1,1,-4,-4,0,0.0,-4,1,0,750,3,12,12,2,30203,0,-4
6284,1.0,-4,0,0,0,12,2,2,2,3,1,1,-4,0,,-4,2,-4,-4,7,-3,12,4,-4,-5,-5
6285,0.0,-4,0,0,0,8,2,1,2,1,1,-4,-4,0,,-4,1,-4,-4,7,-3,12,4,-4,-5,-5
6286,0.0,200402,0,0,0,7,2,2,2,2,1,-4,-4,0,0.0,-4,1,0,156450,5,12,12,4,69579,0,0
6287,1.0,200902,0,1,0,2,2,2,2,2,1,-4,-4,1,1.0,-4,2,1,-3,3,16,-4,4,86253,0,0
6288,0.0,199904,1,0,1,0,3,3,3,4,1,-4,-4,0,,-4,1,0,44700,6,-3,11,4,-4,0,0
6289,0.0,-4,0,0,0,7,2,2,2,2,1,-4,-4,0,,-4,2,0,44700,6,-3,11,4,-4,0,0
6290,1.0,199406,1,0,0,-2,3,4,2,3,1,3,-4,0,1.0,25,2,0,430200,4,-4,-4,4,40844,0,0
6291,1.0,-4,0,0,0,1,2,2,2,-2,2,-4,-4,0,0.0,-4,2,0,22500,3,12,16,4,77561,0,0
6292,1.0,-4,0,0,0,5,2,2,2,2,1,-2,-4,1,1.0,0,1,0,-3,8,12,12,4,26158,0,0
6293,1.0,200110,1,0,0,5,2,3,3,1,2,1,-4,1,1.0,1,1,0,6750,4,-4,13,4,45853,0,0
6294,1.0,-4,0,0,0,5,2,2,2,1,-2,-4,-4,0,0.0,-4,2,0,6750,4,12,13,4,48453,0,0
6295,1.0,-4,0,0,0,3,2,2,2,2,1,1,-4,0,0.0,2,2,0,-9000,6,16,9,4,48653,0,0
6296,0.0,-4,0,0,2,3,2,2,1,-2,1,-4,-4,0,0.0,-4,1,0,63600,3,12,12,4,38571,-5,-5
6297,1.0,-4,0,0,0,2,2,2,3,1,1,-4,-4,1,0.0,-4,1,-4,-4,2,-3,11,4,18831,-5,-5
6298,0.0,200208,0,0,0,7,2,2,3,3,2,3,-4,1,,30,1,0,461002,4,11,11,4,16092,0,0
6299,0.0,-4,0,2,0,3,1,2,3,4,1,3,-4,1,0.0,60,2,0,84101,4,14,12,4,-4,0,0
6300,,-4,0,35,1,25,2,2,4,4,4,-4,-4,1,,-4,2,0,84101,4,14,12,4,-4,-5,-5
6301,0.0,-4,0,0,0,4,1,2,1,1,1,-4,-4,1,0.0,-4,2,0,1900,2,12,18,4,95602,0,-4
6302,0.0,200508,1,1,2,10,2,2,3,3,2,-4,-4,0,1.0,-4,1,0,82500,3,12,12,4,25840,-5,-5
6303,1.0,199504,0,20,0,5,2,4,3,4,3,-4,-4,1,0.0,-4,1,0,267500,4,12,12,4,29038,0,0
6304,0.0,-4,0,2,0,1,2,3,1,1,1,-4,-4,1,0.0,-4,2,0,267500,4,12,12,4,6578,0,0
6305,0.0,200004,0,0,1,5,2,2,2,3,2,3,-4,1,0.0,0,2,1,1700,3,10,16,4,43803,0,0
6306,0.0,-4,0,0,0,4,2,1,1,1,1,-4,-4,0,0.0,-4,2,1,7510,2,-3,12,4,6033,0,0
6307,0.0,200501,1,0,0,15,3,2,5,5,1,5,-4,0,0.0,5,1,0,21500,2,-3,12,4,-4,0,1
6308,1.0,-4,0,0,0,-2,2,2,2,3,1,1,-4,0,,3,2,0,192000,2,18,16,4,98184,-5,-5
6309,1.0,-4,0,0,0,4,2,2,2,2,1,3,-4,1,0.0,0,1,0,-3,8,16,14,4,88353,0,0
6310,1.0,-4,0,0,0,2,2,1,1,1,1,-4,-4,0,0.0,-4,2,0,-3,8,16,14,4,47110,0,0
6311,0.0,200004,0,0,0,14,2,2,4,1,3,-4,-4,0,0.0,-4,1,0,-3,4,12,16,4,45918,0,0
6312,1.0,-4,0,0,0,0,2,2,4,3,3,-2,-4,1,0.0,20,2,0,125500,9,12,16,4,16132,0,0
6313,1.0,-4,0,0,0,0,2,1,4,3,2,3,-4,0,0.0,5,2,0,-3,9,16,14,4,67390,0,0
6314,0.0,-4,0,0,0,0,2,2,3,3,1,-4,-4,0,0.0,-4,1,0,-3,9,16,-3,4,49481,0,0
6315,1.0,-4,0,0,0,8,1,1,1,1,1,-4,-4,0,0.0,-4,2,0,125500,9,12,16,4,39813,0,0
6316,1.0,-4,0,0,0,7,2,2,2,2,1,-4,-4,0,0.0,-4,1,0,128000,6,12,16,4,84090,0,0
6317,1.0,199407,0,0,0,0,2,2,4,4,2,3,-4,0,0.0,15,1,0,87000,5,14,14,4,37280,0,0
6318,1.0,-4,0,0,0,0,2,2,4,4,2,-4,-4,1,0.0,-4,1,0,87000,5,14,14,4,88671,0,0
6319,1.0,-4,0,5,0,0,2,1,3,1,1,-4,-4,0,,-4,2,0,95500,4,13,12,4,98120,0,0
6320,0.0,200110,0,0,0,0,2,2,4,-2,-2,-2,-4,0,0.0,0,1,0,42715,6,12,12,4,19366,0,0
6321,0.0,-4,0,0,0,10,1,2,1,1,1,-4,-4,0,1.0,-4,1,-4,40700,6,-4,11,4,30310,0,0
6322,0.0,-4,0,0,0,4,2,2,3,2,2,1,-4,0,,10,2,0,4000,3,12,15,4,8597,0,-2
6323,1.0,-4,0,0,0,10,2,2,3,2,2,-4,-4,0,,-4,2,0,4000,3,12,15,4,51788,0,-4
6324,1.0,-4,0,3,0,3,2,2,1,3,1,3,-4,1,,5,1,-4,-4,4,20,17,4,78513,0,0
6325,1.0,-4,0,0,0,2,1,2,1,1,1,-4,-4,0,0.0,-4,1,-4,-4,4,20,17,4,66515,0,0
6326,0.0,199702,0,0,0,3,2,1,1,2,1,-4,-4,0,0.0,-4,1,0,-8525,2,16,12,4,38102,-5,-5
6327,1.0,199811,0,0,0,10,1,2,2,4,1,1,-4,0,0.0,10,1,0,553500,4,18,16,4,80845,0,0
6328,1.0,-4,0,0,0,1,2,3,2,3,1,2,-4,0,0.0,10,2,0,329500,5,19,18,4,-4,0,0
6329,1.0,-4,0,0,0,4,2,1,1,1,1,-4,-4,1,0.0,-4,2,1,78600,3,12,14,4,90799,0,0
6330,1.0,-4,0,0,0,5,2,2,1,1,1,-4,-4,0,0.0,-4,2,0,275001,3,20,14,4,84708,0,0
6331,1.0,200508,0,0,0,6,2,2,4,2,1,-4,-4,0,0.0,-4,1,0,600000,6,19,18,2,48652,0,0
6332,0.0,-4,0,0,0,4,1,2,3,4,1,3,-4,0,0.0,0,1,0,121500,5,12,12,4,91740,0,0
6333,1.0,-4,0,0,0,7,2,3,1,2,1,-4,-4,0,0.0,-4,2,0,61500,4,16,16,4,95526,0,0
6334,1.0,200011,0,2,1,6,2,2,3,4,1,3,-4,0,0.0,75,1,0,-3,5,20,16,4,-4,0,0
6335,1.0,-4,0,0,0,3,1,1,1,1,1,-4,-4,0,0.0,-4,2,0,-3,5,20,16,4,-4,0,0
6336,1.0,-4,0,0,0,8,1,2,1,1,1,-4,-4,0,0.0,-4,2,0,131100,3,14,10,4,89348,0,0
6337,0.0,199608,2,8,1,1,3,3,4,5,2,5,-4,1,,5,1,0,-3,3,12,12,4,-4,-5,-5
6338,1.0,199906,0,3,0,4,3,3,-2,-2,-2,3,-4,1,0.0,100,1,0,38250,3,16,18,4,19694,-5,-5
6339,0.0,199907,0,0,0,10,2,2,1,1,1,-4,-4,0,0.0,-4,2,0,165500,4,-4,12,4,1863,0,0
6340,1.0,-4,0,0,0,0,1,2,2,2,1,1,-4,1,1.0,50,1,0,-30900,4,14,18,4,59492,0,0
6341,1.0,-4,0,0,0,0,1,1,1,1,1,-4,-4,1,0.0,-4,2,0,134800,4,13,15,4,92791,0,0
6342,0.0,-4,0,0,0,9,2,2,-2,2,1,-2,-4,0,1.0,15,1,1,23250,4,-4,19,4,-4,-5,-5
6343,1.0,-4,0,0,0,8,1,2,4,1,1,-4,-4,0,0.0,-4,1,1,23250,4,-4,19,4,-4,0,0
6344,1.0,200106,0,0,0,5,2,2,1,1,1,-4,-4,0,1.0,-4,1,0,-9975,3,14,16,4,54396,0,1
6345,1.0,-4,0,-4,-4,-4,2,3,2,1,2,-4,-4,0,0.0,-4,2,0,28380,4,16,12,4,66341,0,0
6346,1.0,-4,0,2,0,0,2,3,5,2,1,3,-4,1,0.0,-4,2,0,111500,4,12,12,4,31333,0,0
6347,0.0,-4,0,0,0,0,2,1,1,1,1,1,-4,0,0.0,-4,1,0,12150,5,14,12,4,67477,0,0
6348,0.0,200101,0,0,0,5,3,4,5,5,1,4,-4,0,,50,1,0,51000,2,14,14,4,33303,-5,-5
6351,1.0,-4,0,0,0,3,2,2,3,2,1,3,-4,0,0.0,0,2,0,187250,5,16,16,4,79018,0,0
6352,1.0,-4,0,0,0,8,1,1,1,1,1,-4,-4,0,0.0,-4,1,0,187250,5,16,16,4,63756,-5,-5
6353,0.0,-4,0,0,0,1,2,2,1,1,1,-4,-4,0,,-4,1,0,775,3,18,14,4,15953,-5,-5
6354,1.0,199705,0,0,0,6,2,2,3,3,1,2,-4,0,0.0,25,1,0,-3,3,20,17,4,97542,0,0
6355,1.0,200106,0,0,0,2,2,2,2,2,1,-4,-4,0,0.0,-4,2,0,263000,4,16,16,4,60933,0,0
6356,,-4,0,0,0,4,2,2,4,4,1,-4,-4,0,,-4,2,0,-3,4,12,16,4,18460,-5,-5
6357,,-4,0,0,0,0,1,1,1,1,1,-4,-4,0,,-4,1,0,-3,4,12,16,4,35703,-5,-5
6358,0.0,201111,0,4,1,2,1,2,5,5,4,5,-4,1,0.0,0,2,1,-3,6,-3,12,4,728,0,0
6359,0.0,199606,1,2,0,2,2,3,4,5,3,-4,-4,1,0.0,-4,2,-4,-4,6,-4,-3,4,12962,0,-4
6360,0.0,-4,0,10,1,1,2,3,5,5,2,-4,-4,0,0.0,-4,2,-4,-4,6,12,12,4,-4,0,0
6361,1.0,-4,0,9,6,-2,3,2,2,1,1,-4,-4,1,0.0,-4,1,0,18300,3,12,12,4,32800,0,0
6362,1.0,-4,0,0,0,1,2,2,2,2,1,1,-4,0,0.0,5,1,0,154200,4,14,16,4,58540,0,0
6363,0.0,199711,1,1,0,2,2,3,4,4,1,-4,-4,0,0.0,-4,1,0,4190,3,13,14,4,-4,0,0
6364,0.0,199806,1,0,0,2,2,2,3,4,2,3,-4,0,0.0,25,1,0,56500,3,8,12,4,14481,0,0
6365,1.0,-4,0,10,2,6,2,3,1,1,1,-4,-4,0,1.0,-4,2,0,63000,3,16,12,4,98686,0,0
6366,0.0,201805,0,4,0,7,3,2,2,3,1,-2,-4,0,0.0,-4,1,-4,-4,2,-3,9,4,31559,-5,-5
6367,0.0,200202,0,1,1,3,2,3,1,-2,1,-4,-4,1,0.0,-4,2,0,-3,4,13,12,4,5323,1,0
6368,0.0,-4,0,0,0,-2,3,3,1,1,1,-4,-4,0,,-4,2,-4,-4,2,10,12,4,26870,-5,-5
6369,1.0,-4,0,0,0,3,2,2,3,4,1,4,-4,1,0.0,0,2,0,155300,4,12,13,4,67469,0,0
6370,1.0,-4,0,0,0,0,2,2,1,1,1,-4,-4,0,0.0,-4,2,0,600000,5,18,18,4,-4,0,0
6371,0.0,199909,0,1,4,4,2,2,3,2,2,-4,-4,0,0.0,-4,1,0,86500,4,12,12,4,-4,0,0
6372,0.0,200102,0,0,0,4,2,2,4,4,2,4,-4,0,0.0,25,2,0,39500,4,12,12,4,37889,0,0
6373,1.0,-4,0,0,1,1,1,1,2,2,1,-4,-4,0,0.0,-4,2,0,14000,4,12,8,4,86220,0,0
6374,1.0,199807,0,0,0,2,2,2,5,3,1,-4,-4,0,0.0,-4,2,0,127000,3,12,12,4,92971,0,0
6375,1.0,-4,0,0,0,1,1,1,1,1,1,-4,-4,0,0.0,-4,2,0,145750,5,13,13,4,90076,0,0
6376,0.0,199711,0,0,0,19,4,4,4,4,1,4,-4,1,0.0,25,2,0,87500,5,9,12,4,84487,0,0
6377,0.0,-4,0,1,0,8,3,3,1,1,1,-4,-4,1,0.0,-4,1,0,87500,5,9,12,4,44193,0,0
6378,0.0,-4,0,0,0,0,2,2,3,4,1,-2,-4,0,0.0,0,2,0,-3,6,13,14,4,44116,0,0
6379,0.0,-4,0,0,0,8,2,4,4,4,3,4,-4,0,0.0,0,2,0,92500,3,11,12,4,40859,0,0
6380,1.0,-4,0,0,0,9,2,1,4,4,2,4,-4,0,0.0,0,2,0,51950,3,-3,12,4,65389,-5,-5
6381,0.0,198907,0,0,0,7,2,2,4,3,1,2,-4,1,1.0,0,1,-4,-4,7,13,11,4,61497,-5,-5
6382,0.0,-4,0,0,0,15,2,3,3,1,1,-4,-4,0,,-4,2,-4,-4,7,13,11,4,50305,-5,-5
6383,1.0,-4,0,5,1,6,2,2,1,1,1,-4,-4,0,0.0,-4,1,0,150000,5,13,16,4,82402,0,0
6384,1.0,-4,0,0,0,3,2,1,3,2,1,2,-4,0,0.0,0,1,0,193750,4,17,12,4,96663,0,0
6385,1.0,200501,0,0,0,5,2,2,1,1,1,-4,-4,0,0.0,-4,1,0,193750,4,17,12,4,56285,0,0
6386,1.0,-4,0,0,0,1,2,3,3,3,1,1,-4,0,,15,2,0,-3,4,15,14,4,41478,0,0
6387,0.0,-4,0,0,0,4,3,2,2,1,1,-4,-4,0,,-4,1,0,-3,4,15,14,4,38166,-5,-5
6388,1.0,-4,0,0,0,6,2,4,2,4,1,2,-4,1,1.0,0,1,0,50325,5,8,12,4,4669,0,0
6389,1.0,-4,0,0,0,1,2,2,2,2,1,-4,-4,1,0.0,-4,1,0,50325,5,8,12,4,65142,0,0
6390,0.0,199507,0,0,0,7,3,4,3,3,1,1,-4,-3,0.0,50,2,0,18000,5,16,9,4,47494,-5,-5
6391,0.0,-4,0,0,0,3,2,2,4,2,1,-4,-4,1,,-4,1,0,18000,5,16,9,2,66582,0,0
6392,1.0,-4,0,0,1,7,4,3,4,5,1,5,-4,0,,0,1,-4,-4,5,12,10,4,49995,0,0
6393,0.0,199909,0,0,0,2,2,3,4,5,1,5,-4,0,0.0,50,1,0,600000,3,16,9,4,55389,0,0
6394,1.0,-4,0,0,0,10,2,1,3,3,2,3,-4,0,0.0,25,2,0,119000,4,12,12,4,89858,0,0
6395,1.0,-4,0,0,0,5,3,3,3,2,1,-4,-4,0,0.0,-4,2,0,72000,4,11,16,4,53310,0,0
6396,1.0,-4,0,0,0,2,2,2,2,1,1,-4,-4,0,0.0,-4,1,0,72000,4,11,16,4,28098,-5,-5
6397,1.0,-4,0,0,0,4,2,1,3,4,1,-4,-4,0,0.0,-4,1,0,-11500,3,12,14,4,59631,0,0
6398,0.0,-4,0,5,2,8,1,3,3,1,1,-4,-4,1,,-4,1,0,6500,4,12,12,4,-4,0,0
6399,1.0,-4,0,2,0,12,1,2,4,4,1,4,-4,0,0.0,0,2,0,347500,4,-4,16,4,61871,0,-4
6400,1.0,199611,0,0,0,17,3,3,3,4,1,3,-4,-3,0.0,0,2,0,12450,3,9,10,4,38933,-5,-5
6401,1.0,200806,0,0,0,5,2,2,2,1,1,-4,-4,1,0.0,-4,2,0,36750,4,16,16,2,50315,-5,-5
6402,0.0,-4,0,0,0,6,2,2,2,1,1,-4,-4,0,,-4,1,0,-5950,4,12,9,4,27835,0,0
6403,1.0,-4,0,0,0,1,1,3,1,1,1,-4,-4,0,0.0,-4,1,0,600000,3,19,14,4,85880,0,0
6404,,-4,0,0,0,5,1,1,1,1,1,1,-4,0,,-4,1,0,-3,4,16,-3,4,-4,-5,-5
6405,0.0,199403,0,0,0,3,2,1,3,3,1,-4,-4,0,0.0,-4,1,0,413500,4,14,8,4,52950,0,0
6406,1.0,201904,0,0,2,5,1,1,1,1,1,-4,-4,1,0.0,-4,1,0,43000,3,12,14,4,66059,0,0
6407,1.0,-4,0,0,0,0,2,2,3,4,-2,4,-4,0,0.0,10,2,-4,-4,6,-3,-3,4,-4,0,0
6408,1.0,-4,0,0,0,1,2,2,3,3,1,3,-4,0,0.0,0,2,-4,-3,6,18,16,4,74283,0,0
6409,0.0,199806,0,0,1,7,2,2,2,1,1,-4,-4,0,,-4,1,0,-3,6,18,16,4,80697,-5,-5
6410,1.0,200105,0,1,1,15,2,4,1,4,1,3,-4,0,0.0,50,1,0,600000,3,15,15,4,60174,0,0
6411,1.0,-4,0,0,0,9,2,2,3,3,2,2,-4,0,0.0,0,1,0,3150,5,9,12,4,20708,0,0
6412,1.0,-4,0,0,0,2,1,1,3,3,1,-4,-4,0,0.0,-4,1,0,3150,5,9,12,4,77356,0,0
6413,1.0,-4,0,0,0,5,2,2,3,3,2,2,-4,0,0.0,0,2,0,-3,4,16,16,4,81572,-5,-5
6414,1.0,-4,0,2,0,3,2,2,4,4,1,3,-4,1,0.0,0,2,0,-3,2,16,16,4,42818,0,0
6415,0.0,-4,0,0,0,5,2,3,2,2,1,2,-4,1,1.0,0,1,0,28300,5,12,13,4,82813,0,0
6416,1.0,-4,0,0,6,0,2,2,1,1,1,-4,-4,1,0.0,-4,1,0,28300,5,12,13,4,49181,0,0
6417,1.0,-4,0,0,0,0,2,2,1,1,1,-4,-4,0,0.0,-4,1,0,-2300,4,12,13,4,-4,-5,-5
6418,1.0,-4,0,0,0,0,2,1,4,4,2,-4,-4,0,0.0,-4,2,0,95000,4,14,12,4,75690,0,0
6419,0.0,-4,0,0,0,0,1,1,1,1,1,-4,-4,0,0.0,-4,2,0,95000,4,14,12,4,60029,0,0
6420,0.0,-4,0,0,0,4,2,4,5,4,2,3,-4,1,0.0,50,2,0,-3,4,11,15,4,24773,0,0
6421,1.0,-4,0,0,0,0,2,2,1,1,1,-4,-4,0,0.0,-4,2,0,108730,5,13,13,4,73115,0,0
6422,1.0,-4,0,0,0,2,2,2,1,1,1,-4,-4,0,1.0,-4,2,0,216701,4,12,13,4,41555,0,0
6423,0.0,-4,0,0,0,0,-2,-2,1,1,1,1,-4,0,,0,1,0,1150,4,12,13,4,81953,-5,-5
6424,0.0,199902,0,0,0,0,2,2,1,1,1,-4,-4,0,0.0,-4,2,0,1150,4,12,13,4,68572,0,0
6425,1.0,200303,0,0,0,1,2,2,-2,-2,1,-4,-4,0,0.0,-4,1,0,-3,3,13,12,2,25160,0,0
6426,1.0,-4,0,1,0,8,2,2,2,1,1,-4,-4,0,0.0,-4,2,0,130000,5,16,16,4,81026,0,0
6427,1.0,-4,0,1,0,2,2,1,1,1,1,-4,-4,0,0.0,-4,2,0,141200,5,12,16,4,87045,0,0
6428,1.0,199808,0,2,1,5,2,3,5,4,2,4,-4,0,0.0,0,2,0,149250,5,12,12,4,59288,0,0
6429,1.0,-4,0,0,0,10,2,2,2,1,1,-4,-4,0,0.0,-4,2,0,149250,5,12,12,4,87966,0,0
6430,1.0,-4,0,0,0,5,2,1,2,1,1,-4,-4,0,0.0,-4,1,0,48100,4,12,10,4,54481,0,1
6431,1.0,-4,0,0,0,0,1,1,4,5,2,5,-4,0,1.0,0,2,0,142000,4,12,12,4,70181,0,0
6432,0.0,199509,0,5,2,3,2,3,1,2,2,-4,-4,0,,-4,1,0,120300,3,14,12,4,40755,0,0
6433,1.0,-4,0,0,0,2,1,2,1,1,1,-4,-4,0,0.0,-4,1,0,71100,4,17,16,4,87381,0,0
6434,0.0,202108,0,0,0,0,2,2,4,3,1,1,-4,0,0.0,-4,1,0,-3,4,12,12,4,48105,-5,-5
6435,0.0,199510,0,0,0,4,3,3,3,3,1,3,-4,0,0.0,0,1,0,110300,3,18,16,4,53021,0,0
6436,1.0,199605,0,0,0,3,2,3,5,5,1,4,-4,1,0.0,10,2,0,53300,4,14,13,4,87223,0,0
6437,1.0,200205,0,0,0,10,2,3,3,2,1,-4,-4,0,0.0,-4,2,0,53300,4,14,13,4,79962,0,0
6438,1.0,-4,0,0,0,1,2,2,2,3,1,1,-4,0,0.0,5,1,0,135250,4,12,13,4,61242,0,0
6439,1.0,199912,0,0,0,0,2,2,1,1,1,-4,-4,0,0.0,-4,1,0,135250,4,12,13,4,98824,0,0
6440,1.0,199911,1,0,1,8,3,2,4,4,2,3,-4,1,1.0,50,2,0,-3,4,12,14,4,57200,0,0
6441,0.0,199509,0,10,1,6,2,3,3,3,1,-4,-4,0,,-4,1,0,-3,4,12,14,4,81785,0,0
6442,0.0,-4,0,0,0,4,2,2,4,4,1,3,-4,0,,0,1,0,244100,4,14,12,4,69594,-5,-5
6443,0.0,200010,0,0,0,1,2,2,1,2,1,1,-4,0,0.0,-4,1,0,-3,5,12,14,4,54790,0,0
6444,1.0,202301,0,0,0,0,1,1,3,4,1,3,-4,0,0.0,0,2,0,-3,5,9,14,4,51242,0,0
6445,1.0,-4,0,0,0,0,2,3,2,4,1,-4,-4,0,0.0,-4,1,0,-3,5,9,14,4,8524,0,0
6446,0.0,199801,2,0,1,1,2,1,1,1,1,-4,-4,0,,-4,1,0,-3,3,12,12,4,-4,-5,-5
6447,1.0,-4,0,0,0,6,2,2,3,4,1,2,-4,0,0.0,10,2,0,154500,4,13,14,4,89226,0,0
6448,1.0,-4,0,0,0,3,2,2,3,1,1,-4,-4,0,0.0,-4,2,0,154500,4,13,14,4,59360,-5,-5
6449,1.0,-4,0,0,0,6,2,3,3,4,1,3,-4,1,,0,1,0,-3,4,12,12,4,82149,-5,-5
6450,0.0,-4,0,0,0,3,2,1,4,4,1,4,-4,1,,15,1,0,-3,4,12,12,4,-4,-5,-5
6451,1.0,-4,0,2,2,1,2,2,1,1,1,-4,-4,0,0.0,-4,2,0,108750,4,12,14,4,20247,0,0
6452,0.0,-4,0,0,0,2,2,2,4,2,1,-4,-4,1,1.0,-4,1,0,-3,3,16,13,4,-4,-5,-5
6453,0.0,-4,0,0,0,3,1,1,1,1,1,-4,-4,0,0.0,-4,1,0,445301,3,12,13,4,81727,-5,-5
6454,1.0,-4,0,1,0,1,2,2,1,2,1,1,-4,0,0.0,0,1,1,128915,4,10,12,4,86211,0,0
6455,0.0,200103,1,0,0,2,2,2,3,3,1,3,-4,1,0.0,0,1,0,128500,6,12,12,4,61618,0,0
6456,1.0,-4,0,0,0,2,2,2,2,3,1,3,-4,0,0.0,0,2,0,128500,6,-4,-4,4,80110,0,0
6457,1.0,-4,0,0,1,3,2,2,3,2,1,-4,-4,0,0.0,-4,2,0,128500,6,-4,-4,4,93379,0,0
6458,1.0,-4,0,0,0,5,1,2,1,1,1,-4,-4,0,0.0,-4,2,0,18100,5,17,16,4,79657,0,0
6459,0.0,-4,0,0,0,5,2,3,3,4,1,3,-4,0,1.0,30,1,0,115701,3,12,11,4,-4,-5,-5
6460,0.0,199811,0,0,2,3,3,2,1,2,1,3,-4,0,0.0,0,1,0,74600,3,12,-4,4,23022,-5,-5
6461,0.0,-4,0,0,0,2,2,2,2,2,1,-4,-4,0,0.0,-4,1,0,74600,3,12,-4,4,7952,-5,-5
6462,0.0,200909,1,0,1,4,2,3,3,3,1,-4,-4,0,0.0,-4,1,0,10250,4,12,12,4,6838,-5,-5
6463,0.0,200911,0,1,0,2,2,-2,2,1,1,-4,-4,0,0.0,-4,2,0,1750,2,17,13,4,43192,0,0
6464,0.0,199901,0,0,0,3,2,2,2,1,3,1,-4,0,0.0,0,1,0,137300,5,12,12,4,7415,0,0
6465,0.0,-4,0,0,0,39,1,2,1,1,1,-4,-4,1,0.0,-4,2,0,141941,5,12,12,4,28879,0,0
6466,0.0,199612,1,0,1,17,2,1,5,4,1,3,-4,0,,10,1,0,13250,7,12,13,4,6177,-5,-5
6467,1.0,199710,0,1,1,6,3,3,4,2,1,-4,-4,0,0.0,-4,2,0,13250,7,12,13,4,43743,0,1
6468,0.0,-4,0,0,0,8,2,2,4,2,1,-4,-4,1,0.0,-4,2,0,64550,5,9,14,2,15740,0,0
6469,1.0,-4,0,0,0,4,2,2,3,1,1,-4,-4,0,0.0,-4,2,0,64550,5,9,14,2,10913,0,0
6470,0.0,-4,0,0,0,0,1,-2,1,1,1,-4,-4,0,,-4,2,0,4080,2,11,9,4,68302,-5,-5
6471,1.0,-4,0,0,0,7,2,2,3,3,3,2,-4,0,0.0,-4,1,0,-1150,4,-3,11,4,90068,0,0
6472,0.0,199710,3,0,0,2,2,1,2,1,1,1,-4,0,,10,1,0,9625,4,-3,11,4,41007,-5,-5
6473,1.0,-4,0,0,0,3,2,2,3,2,1,-4,-4,0,0.0,-4,2,0,9625,4,-3,11,4,21572,0,0
6474,0.0,201909,1,4,0,10,2,3,5,3,5,5,-4,0,0.0,0,2,0,4250,3,12,9,4,788,0,0
6475,0.0,199905,0,0,0,0,3,1,4,4,1,3,-4,0,0.0,-4,2,0,52000,5,12,14,4,36508,0,0
6476,0.0,-4,0,0,0,5,3,2,3,3,2,-4,-4,1,1.0,-4,1,0,52000,5,12,14,4,47008,0,0
6477,0.0,199909,0,1,1,1,2,2,2,2,1,-4,-4,0,0.0,-4,2,0,28700,5,19,15,4,60152,0,0
6478,1.0,-4,0,0,0,1,2,2,3,2,1,3,-4,1,0.0,0,1,0,16700,3,12,12,4,97131,0,0
6479,0.0,-4,0,0,0,1,2,3,2,1,1,2,-4,0,0.0,5,1,0,123500,5,12,10,4,28931,0,0
6480,0.0,-4,0,0,0,3,3,4,2,1,1,-4,-4,0,0.0,-4,1,0,123500,5,12,10,4,3755,-5,-5
6481,0.0,199701,0,0,0,3,4,3,2,2,3,2,-4,0,,0,1,-4,-4,4,-4,16,4,55021,0,0
6482,1.0,-4,0,0,0,0,2,2,1,1,1,-4,-4,0,0.0,-4,2,-4,-4,4,-4,16,4,3377,-5,-5
6483,0.0,200004,0,0,0,1,1,1,1,1,1,-4,-4,0,0.0,-4,2,-4,-4,4,-4,16,4,10597,0,0
6484,1.0,-4,0,0,0,5,2,3,2,4,1,2,-4,0,0.0,15,2,0,256500,3,14,15,4,83535,0,0
6485,0.0,-4,0,1,0,5,2,2,3,4,2,4,-4,0,0.0,50,1,0,75100,4,12,12,4,39547,0,0
6486,1.0,-4,0,0,4,5,3,3,2,3,2,-4,-4,0,0.0,-4,1,0,75100,4,12,12,4,59720,-5,-5
6487,1.0,-4,0,0,0,2,1,1,1,1,1,-4,-4,0,0.0,-4,2,0,198500,3,19,14,4,50527,0,0
6488,1.0,-4,0,0,1,3,1,2,1,1,1,-4,-4,0,0.0,-4,1,0,198500,3,19,14,4,86787,-5,-5
6489,0.0,199601,0,0,0,5,3,3,3,1,1,-4,-4,1,1.0,-4,2,0,106250,5,12,12,2,-4,0,1
6490,1.0,-4,0,0,0,14,1,2,3,3,2,3,-4,0,0.0,0,2,0,-3,3,12,8,4,55692,0,0
6491,0.0,200011,0,0,0,2,1,2,1,1,1,-4,-4,0,0.0,-4,2,1,292100,5,12,-3,4,21115,0,0
6492,0.0,-4,0,2,0,15,4,3,4,4,1,4,-4,0,0.0,20,2,0,14100,5,9,9,4,34965,0,0
6493,1.0,-4,0,0,0,0,2,2,1,1,1,-4,-4,0,0.0,-4,2,0,467000,5,15,16,4,48758,0,0
6494,1.0,-4,0,2,1,1,2,3,2,1,1,3,-4,1,1.0,25,1,0,136050,4,14,12,4,54579,0,0
6495,0.0,-4,0,0,0,3,1,2,1,1,1,-4,-4,0,0.0,-4,1,0,138901,4,12,12,4,54496,0,0
6496,1.0,-4,0,1,0,0,1,3,1,1,1,-4,-4,0,0.0,-4,1,0,19700,5,12,17,4,32867,0,0
6497,0.0,200405,2,0,1,3,2,2,1,1,2,-4,-4,0,0.0,-4,1,0,19700,5,12,17,4,9507,0,1
6498,1.0,-4,0,0,0,5,1,1,4,4,2,-4,-4,1,0.0,-4,2,1,19500,2,-4,16,4,68378,0,0
6499,1.0,-4,0,0,0,2,2,2,2,3,1,2,-4,0,0.0,1,2,0,26800,3,14,12,4,89180,-5,-5
6500,0.0,201303,0,3,0,1,2,3,4,2,1,2,-4,0,0.0,0,2,0,26800,3,14,12,4,57864,0,0
6501,1.0,-4,0,0,0,0,1,2,2,4,1,1,-4,0,0.0,0,2,0,59200,8,13,13,4,49580,-5,-5
6502,1.0,200002,1,0,0,2,1,2,1,1,1,-4,-4,1,0.0,-4,1,0,59200,8,13,13,4,40304,0,0
6503,0.0,200803,0,0,2,3,1,4,1,1,1,1,-4,0,,25,1,0,538600,5,12,12,4,59822,0,0
6504,0.0,201202,0,1,0,0,1,2,4,2,1,-4,-4,0,0.0,-4,1,0,538600,5,12,12,4,43416,0,0
6505,0.0,200206,4,3,0,5,2,2,4,1,1,-4,-4,1,1.0,-4,1,0,29700,2,8,14,4,-4,0,1
6506,1.0,-4,0,0,0,0,2,2,2,1,1,-4,-4,0,0.0,-4,2,0,339000,4,16,16,4,67614,0,0
6507,0.0,-4,0,0,0,12,2,2,3,3,1,4,-4,1,1.0,10,1,1,-4500,5,-3,13,4,-4,0,0
6508,0.0,-4,0,0,0,0,2,2,2,1,1,-4,-4,1,,-4,2,1,-4500,5,-3,13,4,-4,0,-4
6509,1.0,199607,0,0,0,15,2,2,4,2,1,3,-4,0,0.0,0,2,0,23950,3,12,12,4,38235,0,0
6510,0.0,-4,0,1,0,5,2,1,1,1,2,-4,-4,1,0.0,-4,1,0,23950,3,12,12,4,95298,0,0
6511,1.0,-4,0,0,1,8,3,3,1,1,1,-4,-4,1,0.0,-4,2,0,54401,6,12,12,1,68256,0,-2
6512,1.0,-4,0,0,0,2,2,3,2,1,1,-4,-4,0,,-4,1,0,241500,4,12,17,4,92297,0,0
6513,1.0,-4,0,0,0,17,2,4,4,4,2,4,-4,0,0.0,0,2,0,265001,6,14,14,4,81515,-5,-5
6514,1.0,-4,0,0,0,3,2,3,3,3,1,3,-4,0,0.0,10,2,0,265001,6,14,14,4,90969,-5,-5
6515,1.0,-4,0,0,0,9,2,2,1,1,1,1,-4,0,0.0,0,2,0,349101,3,12,20,2,71728,0,0
6516,0.0,-4,0,0,0,10,2,2,1,1,1,-4,-4,0,,-4,2,0,349101,3,12,20,2,21591,-5,-5
6517,0.0,-4,0,1,0,1,4,4,3,4,2,3,-4,0,0.0,0,1,0,100501,3,12,13,4,50060,-5,-5
6518,1.0,-4,0,0,0,10,2,3,4,5,2,4,-4,1,1.0,-4,2,0,100501,3,12,13,4,45568,0,0
6519,1.0,-4,0,0,0,3,2,2,1,1,1,-4,-4,0,0.0,-4,2,-4,-4,4,12,14,4,51420,-5,-5
6520,1.0,-4,0,0,0,1,2,2,4,3,2,3,-4,0,,2,2,0,2950,2,14,12,4,-4,0,0
6521,0.0,-4,0,-4,-4,-4,2,2,2,2,1,3,-4,0,0.0,5,2,0,248750,5,12,12,2,86377,0,0
6522,0.0,-4,0,0,1,8,1,2,-2,-2,-2,-4,-4,0,0.0,-4,1,0,-6500,5,14,16,4,45901,0,-2
6523,0.0,-4,0,-4,-4,-4,2,2,1,1,1,1,-4,0,0.0,50,2,0,13500,3,12,12,4,-4,-5,-5
6524,1.0,-4,0,0,0,10,2,3,5,5,1,4,-4,0,0.0,5,2,0,411251,5,17,16,4,69492,0,0
6525,1.0,-4,0,0,0,10,2,3,4,3,2,-4,-4,0,0.0,-4,1,0,411251,5,17,16,4,46528,0,0
6526,0.0,-4,0,1,6,12,2,4,3,4,1,4,-4,0,,25,1,0,8750,5,16,14,4,-4,1,0
6527,0.0,202202,0,0,1,15,2,4,5,3,1,3,-4,0,,-4,2,-4,-4,4,11,12,4,9322,-5,-5
6528,0.0,199808,0,1,0,5,2,1,1,1,2,-4,-4,1,1.0,-4,2,0,559002,4,18,13,4,7256,0,0
6529,0.0,199606,0,1,0,4,2,1,4,3,2,1,-4,0,1.0,50,1,1,500,4,12,14,4,51911,0,0
6530,1.0,-4,0,2,2,10,2,2,3,1,1,-4,-4,0,0.0,-4,1,1,500,4,12,14,4,20037,-5,-5
6531,0.0,199509,5,0,1,4,3,3,5,5,2,5,-4,0,,10,1,0,21250,3,-3,16,4,21020,0,0
6532,0.0,201312,0,6,2,6,2,3,2,1,1,3,-4,0,,-4,1,0,189501,3,-3,12,2,-4,0,1
6533,0.0,-4,0,1,0,12,1,2,3,1,2,-4,-4,1,,-4,1,0,180200,3,11,14,2,45602,-5,-5
6534,1.0,-4,0,0,0,2,2,3,3,2,1,2,-4,0,1.0,10,1,0,188001,7,12,12,4,45407,0,0
6535,1.0,-4,0,0,3,7,2,3,3,2,3,-4,-4,0,,-4,2,-4,-4,7,12,12,4,66924,-5,-5
6536,0.0,200403,4,0,0,3,2,2,4,4,2,-4,-4,0,,-4,2,1,23000,4,13,13,4,53425,-5,-5
6537,0.0,200401,1,0,0,1,2,2,2,1,1,-4,-4,1,0.0,-4,1,0,164500,3,12,14,2,28166,0,0
6538,0.0,199511,0,3,0,8,2,3,3,5,1,4,-4,1,,10,1,0,139250,4,15,16,4,87009,0,0
6539,1.0,-4,0,-4,-4,-4,2,2,1,1,1,-4,-4,1,1.0,-4,1,0,139250,4,15,16,4,49174,0,0
6540,0.0,-4,0,0,0,4,2,1,4,2,4,-4,-4,1,0.0,-4,2,0,19400,2,-4,14,4,9556,0,1
6541,1.0,-4,0,0,0,2,2,2,4,4,2,-4,-4,0,0.0,-4,2,0,1100,3,14,20,4,95663,0,0
6542,1.0,-4,0,0,0,3,1,2,3,3,1,3,-4,0,,0,2,0,256250,2,16,14,4,41534,0,0
6543,1.0,-4,0,0,0,1,2,2,2,1,4,4,-4,0,,-4,1,0,158000,3,14,14,1,8395,0,0
6544,1.0,-4,0,0,0,2,2,2,2,2,1,2,-4,0,0.0,-4,2,0,-11250,2,15,16,4,44719,-5,-5
6545,1.0,200808,0,0,0,7,2,3,3,3,1,3,-4,0,1.0,1,1,0,67000,4,12,12,4,-4,0,0
6546,1.0,199911,0,0,0,12,3,3,4,2,3,5,-4,0,0.0,20,2,0,22750,4,19,12,4,41341,-5,-5
6547,0.0,200206,0,-4,-4,-4,2,2,5,3,2,-4,-4,1,0.0,-4,1,0,-8250,4,19,13,4,32657,0,0
6548,1.0,-4,0,0,0,3,2,2,2,1,1,-4,-4,0,0.0,-4,2,0,77500,2,14,17,4,74328,0,0
6549,1.0,-4,0,0,0,3,2,2,3,3,2,-4,-4,0,0.0,-4,2,0,600000,3,12,12,4,41300,0,0
6550,1.0,-4,0,0,0,4,1,1,1,1,1,-4,-4,0,0.0,-4,2,0,-3,4,12,15,3,-4,-5,-5
6551,,-4,0,0,0,2,1,2,1,1,1,-4,-4,0,,-4,1,0,-3,5,12,12,4,71787,-5,-5
6552,0.0,200401,0,1,0,5,2,2,2,2,1,2,-4,1,1.0,10,1,0,31550,3,16,12,4,88016,0,0
6553,0.0,199708,0,0,0,10,2,4,2,4,1,4,-4,0,0.0,30,1,0,241000,5,11,12,4,50112,-5,-5
6554,0.0,200110,0,0,0,1,2,2,3,2,1,-4,-4,0,0.0,-4,1,0,241000,5,11,12,4,30232,0,0
6555,1.0,200002,0,1,0,3,2,2,3,2,1,-4,-4,1,0.0,-4,1,0,241000,5,11,12,4,56891,0,1
6556,0.0,-4,0,0,0,14,2,3,3,3,2,-4,-4,0,0.0,-4,1,0,28600,8,11,14,4,23982,-5,-5
6557,1.0,-4,0,0,0,6,2,1,3,2,1,-4,-4,0,0.0,-4,2,0,28600,8,11,14,4,22092,0,0
6558,0.0,-4,0,10,0,20,3,3,3,2,2,-4,-4,0,,-4,2,0,119200,2,14,15,4,39544,-5,-5
6559,0.0,-4,0,0,0,4,2,2,1,1,1,1,-4,0,,0,1,1,514750,4,16,16,4,25820,-5,-5
6560,0.0,202111,1,0,0,2,2,3,-2,1,1,-4,-4,0,0.0,-4,2,0,-2350,2,-3,9,4,24824,0,-4
6561,1.0,-4,0,0,0,8,2,2,4,4,1,5,-4,0,0.0,0,2,0,52155,10,14,12,4,89567,0,0
6562,1.0,-4,0,10,0,7,2,3,2,1,1,-4,-4,1,0.0,-4,1,0,52155,10,14,12,4,72373,0,0
6563,1.0,-4,0,0,0,2,1,1,1,1,1,-4,-4,0,0.0,-4,1,0,52155,10,14,12,4,86559,0,0
6564,0.0,200612,3,0,0,1,2,2,4,2,2,-4,-4,0,0.0,-4,2,0,-3500,4,10,10,4,29971,0,0
6565,1.0,-4,0,2,0,15,1,1,3,4,2,3,-4,0,0.0,0,1,0,7250,2,16,10,4,94337,0,0
6566,1.0,-4,0,0,1,4,1,2,3,3,2,-4,-4,0,0.0,-4,2,0,17950,5,12,12,4,54583,-5,-5
6567,0.0,-4,0,1,1,4,2,3,3,1,1,-4,-4,0,0.0,-4,2,0,17950,5,12,12,4,19591,0,0
6568,0.0,200106,0,0,0,13,2,3,3,2,3,3,-4,1,0.0,-4,2,0,90400,3,13,15,4,41084,0,0
6569,0.0,200706,0,0,10,1,2,4,1,1,1,-4,-4,0,0.0,-4,1,0,90400,3,13,15,4,22010,0,0
6570,0.0,200801,0,0,0,2,2,4,2,2,1,-4,-4,1,0.0,-4,1,0,38500,5,12,14,4,8742,0,0
6571,0.0,199609,0,1,0,3,1,2,3,4,-2,4,-4,0,0.0,-2,1,0,11100,3,7,12,1,59345,0,0
6572,0.0,-4,0,5,0,5,2,1,5,5,4,-4,-4,1,,-4,2,1,4500,4,7,11,4,14693,-5,-5
6573,,-4,0,2,0,4,3,4,3,2,1,-4,-4,0,,-4,2,0,550,4,-4,7,4,-4,-5,-5
6574,1.0,199408,0,0,0,2,2,2,3,2,1,5,-4,0,,0,2,-4,-4,3,-3,11,1,24151,-5,-5
6575,0.0,200203,2,0,0,15,2,2,5,3,3,5,-4,0,0.0,0,2,0,37350,4,14,14,1,4828,0,0
6576,0.0,199507,2,0,3,3,2,2,5,5,1,-4,-4,1,0.0,-4,1,0,3850,2,11,11,1,6877,0,1
6577,0.0,199910,1,10,4,3,2,2,1,1,2,-4,-4,1,1.0,-4,1,1,-23250,4,12,16,1,55050,-5,-5
6578,0.0,199003,0,0,1,3,2,2,3,1,1,-4,-4,0,0.0,-4,1,0,-5550,2,-3,12,4,79364,-5,-5
6579,1.0,-4,0,0,0,5,2,2,3,2,2,2,-4,-3,0.0,-3,2,0,39500,4,10,8,2,27607,0,0
6580,0.0,200307,1,0,0,0,3,2,3,2,5,-4,-4,1,0.0,-4,2,0,1750,2,7,8,2,3700,0,-2
6581,1.0,-4,0,0,0,0,3,2,3,4,2,-4,-4,0,0.0,-4,2,0,4350,4,6,6,2,13362,0,0
6582,0.0,-4,0,0,0,4,2,3,1,1,2,-4,-4,0,,-4,2,0,5750,6,6,6,2,-4,-5,-5
6583,0.0,-4,0,0,0,8,3,3,1,1,2,1,-4,0,0.0,0,1,0,3250,7,6,6,2,12419,0,0
6584,0.0,-4,0,0,0,0,2,3,1,1,1,-4,-4,0,0.0,-4,2,0,3250,7,6,6,2,10669,0,0
6585,0.0,-4,0,0,0,2,2,2,1,1,1,-4,-4,0,0.0,-4,1,0,3250,7,6,6,2,16861,0,0
6586,0.0,-4,0,0,0,30,2,2,1,1,2,1,-4,0,0.0,0,2,-4,-4,8,5,5,2,16207,0,0
6587,0.0,200804,2,0,0,0,1,2,1,1,1,-4,-4,0,0.0,-4,1,-4,-4,8,5,5,2,32990,0,0
6588,1.0,-4,0,1,0,4,2,4,3,3,2,5,-4,1,0.0,0,2,0,-6250,3,12,12,1,8508,0,0
6589,1.0,200305,1,1,3,30,2,3,5,3,5,5,-4,0,0.0,-4,2,0,17500,4,12,14,1,-4,1,-4
6590,1.0,-4,0,0,0,4,2,2,3,2,4,-4,-4,0,0.0,-4,2,0,17500,4,11,11,1,-4,-2,-2
6591,0.0,200611,0,0,3,0,2,2,2,3,4,4,-4,0,,-1,2,-4,-4,6,-4,12,1,-4,0,0
6592,0.0,199909,1,0,16,6,3,2,1,1,2,-4,-4,0,0.0,-4,2,-4,-4,6,12,12,1,-4,0,0
6593,1.0,-4,0,1,0,1,2,2,4,5,2,-4,-4,0,,-4,1,-4,-4,3,12,12,2,-4,0,0
6594,0.0,-4,0,0,0,6,2,2,1,2,-2,-4,-4,0,,-4,2,-4,-4,3,11,11,2,-4,-5,-5
6595,0.0,199701,0,0,0,6,2,2,3,3,2,-4,-4,0,0.0,-4,1,0,7500,4,-3,12,1,-4,0,1
6596,1.0,-4,0,1,0,4,3,3,2,1,3,-4,-4,0,0.0,-4,1,-4,-4,4,14,13,2,7390,-5,-5
6597,0.0,199309,8,0,0,2,4,1,3,5,5,5,-4,0,0.0,0,1,0,7500,2,11,11,1,-4,0,-2
6598,0.0,-4,0,0,0,30,2,1,2,2,5,-4,-4,0,0.0,-4,2,-4,-4,8,-3,-3,2,11603,0,0
6599,0.0,-4,0,0,0,4,2,2,-2,-2,-2,-4,-4,0,,-4,2,-4,-4,8,-3,-3,2,10807,0,0
6600,0.0,-4,0,0,0,0,2,2,3,2,1,1,-4,0,,20,1,-4,-4,2,-4,12,2,-4,-5,-5
6601,1.0,-4,0,1,0,3,1,1,1,1,2,-4,-4,0,0.0,-4,2,-4,-4,4,-4,11,1,-4,0,0
6602,1.0,200110,1,0,0,4,2,2,2,5,2,4,-4,0,0.0,75,1,0,-7750,4,8,7,2,-4,-5,-5
6603,1.0,-4,0,0,0,0,1,2,2,2,2,-4,-4,0,0.0,-4,2,0,-7750,4,8,7,2,-4,0,0
6604,0.0,200009,0,1,0,2,2,1,1,1,1,-4,-4,0,,-4,1,0,8800,6,6,6,2,53508,0,0
6605,0.0,-4,0,1,0,1,2,2,2,1,1,-4,-4,0,0.0,-4,2,0,10550,5,11,11,2,12412,0,0
6606,0.0,-4,0,0,0,2,2,2,3,4,2,3,-4,0,0.0,0,1,0,115750,8,6,3,2,15115,0,0
6607,1.0,-4,0,0,0,2,2,1,1,1,1,-4,-4,0,0.0,-4,1,0,115750,8,6,3,2,22721,0,0
6608,0.0,-4,0,0,0,5,2,1,2,2,2,1,-4,0,0.0,0,1,0,-1750,6,5,4,2,13043,0,0
6609,0.0,-4,0,0,0,10,3,2,3,2,2,2,-4,0,0.0,-4,1,0,-1750,6,5,4,2,42130,0,0
6610,0.0,200509,1,2,1,5,2,4,-2,-2,4,-4,-4,0,0.0,-4,1,0,500,8,5,6,2,-4,-5,-5
6611,0.0,199701,0,-4,-4,-4,3,4,2,4,4,4,-4,1,1.0,0,1,0,-500,6,5,3,2,-4,-5,-5
6612,0.0,199701,4,0,0,20,2,-2,2,2,1,-4,-4,0,0.0,-4,1,0,-500,6,5,3,2,-4,-5,-5
6613,0.0,199708,1,0,1,15,3,2,1,1,2,-4,-4,1,0.0,-4,1,0,-500,6,5,3,2,-4,0,0
6614,0.0,199705,0,0,2,5,2,2,1,5,2,-4,-4,0,0.0,-4,1,-4,-4,6,-3,4,2,-4,-5,-5
6615,1.0,-4,0,0,0,2,2,2,2,1,4,-4,-4,0,1.0,-4,2,0,81237,8,4,3,2,-4,0,0
6616,1.0,-4,0,0,0,10,3,3,4,4,3,4,-4,0,0.0,0,2,0,-460,3,17,6,2,8943,0,0
6617,1.0,-4,0,0,0,0,2,3,2,1,4,-4,-4,0,0.0,-4,2,0,-460,3,17,6,2,24129,0,0
6618,0.0,-4,0,0,0,3,2,2,2,1,2,-4,-4,0,0.0,-4,2,-4,-4,7,7,6,2,-4,0,0
6619,1.0,-4,0,0,0,1,1,2,1,1,1,-4,-4,0,0.0,-4,1,0,-190,5,6,9,2,-4,0,0
6620,0.0,199601,0,0,0,2,2,2,1,1,1,1,-4,-3,0.0,2,1,0,2150,7,6,8,2,23854,0,0
6621,1.0,200201,0,0,0,2,1,1,2,1,2,-4,-4,0,1.0,-4,1,-4,-4,6,7,14,2,51992,0,0
6622,0.0,199908,0,4,3,7,2,2,3,2,2,-4,-4,0,0.0,-4,1,-4,-4,6,7,14,2,7007,0,0
6623,1.0,199607,0,0,0,2,1,1,3,2,4,4,-4,0,0.0,0,1,-4,-4,3,-4,5,2,-4,0,-4
6624,1.0,-4,0,0,0,12,3,2,2,4,1,2,-4,0,0.0,5,2,0,-3950,2,-3,9,2,55069,0,0
6625,0.0,-4,0,0,0,30,2,2,1,1,1,-4,-4,0,0.0,-4,1,0,254,7,6,6,2,-4,0,0
6626,1.0,-4,0,0,0,3,2,2,4,5,3,5,-4,0,,20,2,1,282501,4,5,11,2,10322,0,0
6627,0.0,-4,0,1,0,5,3,3,5,5,5,5,-4,0,1.0,-4,2,-4,-4,3,-3,4,2,4658,0,0
6628,0.0,-4,0,0,0,3,2,3,1,1,1,-4,-4,0,0.0,-4,2,-4,-4,3,-3,4,2,10674,0,0
6629,0.0,-4,0,0,1,20,2,3,4,2,2,-4,-4,0,0.0,-4,2,-4,-4,2,-4,8,2,21685,0,0
6630,1.0,-4,0,0,0,0,4,4,2,1,2,-4,-4,1,0.0,-4,1,-4,-4,5,3,11,2,-4,0,0
6631,1.0,-4,0,0,0,0,2,4,2,3,2,3,-4,0,0.0,10,2,0,125750,6,6,6,2,52422,0,0
6632,0.0,-4,0,0,0,2,2,1,3,4,1,-4,-4,0,0.0,-4,2,0,125750,6,6,6,2,11350,0,0
6633,1.0,-4,0,0,0,4,2,2,2,1,4,-4,-4,0,,-4,2,-4,-4,6,16,12,2,44158,0,1
6634,0.0,200206,1,0,0,0,1,1,1,1,1,-4,-4,0,,-4,1,-4,-4,6,16,12,2,37630,-5,-5
6635,1.0,-4,0,0,0,1,2,3,3,3,2,-4,-4,0,,-4,2,-4,-4,7,14,15,2,-4,-5,-5
6636,1.0,-4,0,0,0,3,2,2,4,4,3,4,-4,1,0.0,-4,2,1,104500,4,14,12,2,48962,0,0
6637,1.0,199810,0,0,0,1,1,2,1,1,1,2,-4,0,,0,1,0,600000,5,15,14,2,-4,0,0
6638,1.0,-4,0,1,0,0,2,2,2,2,1,-4,-4,1,0.0,-4,2,-4,-4,5,-4,6,2,-4,0,0
6639,0.0,-4,0,3,1,4,2,2,1,1,2,-4,-4,0,0.0,-4,2,-4,-4,7,5,5,2,-4,0,0
6640,1.0,-4,0,0,1,1,2,2,2,1,3,1,-4,0,0.0,-4,1,0,-3,3,-4,-4,2,-4,0,0
6641,0.0,-4,0,1,0,0,2,3,1,3,1,1,-4,0,,0,1,0,800,3,15,7,2,-4,0,0
6642,1.0,-4,0,0,1,2,1,4,5,4,3,1,-4,0,0.0,0,1,-4,-4,3,-4,-3,2,25404,0,0
6643,1.0,-4,0,0,0,2,2,2,-2,-2,-2,-4,-4,0,0.0,-4,1,-4,-4,3,-4,-3,2,22062,-5,-5
6644,0.0,200201,1,0,0,0,2,1,1,1,1,-4,-4,0,0.0,-4,1,0,137750,6,5,6,2,19114,-5,-5
6645,0.0,199702,0,1,1,8,2,2,4,2,1,-4,-4,1,0.0,-4,2,0,500,4,-3,2,2,14727,0,-2
6646,1.0,200201,0,0,0,2,1,2,1,1,1,-4,-4,1,0.0,-4,2,0,250,7,-3,10,2,-4,0,0
6647,0.0,-4,0,0,0,6,2,2,1,1,1,-4,-4,0,0.0,-4,1,0,-3,6,15,5,2,29864,0,0
6648,1.0,-4,0,0,0,0,2,2,1,1,1,-4,-4,0,0.0,-4,2,0,-3,6,15,5,2,11736,0,0
6649,0.0,-4,0,0,0,5,2,2,4,4,2,2,-4,0,0.0,-4,2,-4,-4,7,6,2,2,-4,0,0
6650,0.0,-4,0,4,0,0,3,2,3,1,1,-4,-4,1,0.0,-4,2,-4,-4,7,6,2,2,-4,0,0
6651,0.0,-4,0,0,0,1,3,2,1,1,2,-4,-4,0,0.0,-4,2,-4,-4,7,6,2,2,-4,0,0
6652,0.0,-4,0,0,0,0,2,2,1,1,4,-4,-4,0,,-4,2,0,2500,3,-3,12,1,-4,0,0
6653,0.0,-4,0,0,0,30,2,3,-2,1,1,-4,-4,0,,-4,2,0,500,6,6,6,2,-4,0,0
6654,0.0,200606,0,1,0,-2,2,3,-2,1,1,-4,-4,0,,-4,1,0,500,6,6,6,2,-4,-5,-5
6655,0.0,200108,0,0,0,25,2,2,1,1,1,-4,-4,0,,-4,1,0,1100,5,3,6,2,5976,-5,-5
6656,0.0,200003,4,0,0,25,2,-2,1,1,2,-4,-4,0,0.0,-4,1,0,1100,5,3,6,2,412,-5,-5
6657,1.0,-4,0,0,0,4,2,3,2,1,3,3,-4,0,,0,1,-4,-4,4,11,11,2,-4,0,0
6658,0.0,-4,0,0,1,10,2,3,4,3,4,3,-4,0,,50,1,0,3750,6,4,2,2,-4,0,0
6659,0.0,-4,0,0,1,3,1,2,2,5,2,-4,-4,0,0.0,-4,2,0,3750,6,4,2,2,-4,0,0
6660,1.0,-4,0,0,0,10,1,2,2,2,2,2,-4,0,,0,2,0,20000,5,14,12,2,82968,-5,-5
6661,0.0,199809,0,4,3,4,2,3,2,1,1,-4,-4,0,,-4,1,0,20000,5,14,12,2,-4,-2,-1
6662,0.0,200506,2,0,0,5,2,2,1,1,1,-4,-4,0,,-4,1,0,20000,5,14,12,2,-4,-5,-5
6663,0.0,-4,0,-4,-4,-4,2,2,2,2,2,2,-4,0,0.0,0,2,0,10500,5,-3,-3,2,-4,0,0
6664,0.0,200507,0,0,0,10,3,2,1,1,2,-4,-4,0,0.0,-4,1,0,10500,5,-3,-3,2,67813,0,0
6665,0.0,199707,0,0,0,36,2,2,4,2,1,2,-4,0,1.0,0,2,-4,-4,4,-4,-3,3,2590,0,0
6667,0.0,-4,0,0,1,1,1,3,4,2,3,2,-4,0,0.0,5,2,0,1750,4,-4,8,2,-4,0,0
6668,0.0,199910,0,0,0,5,2,2,3,2,1,1,-4,0,0.0,0,1,-4,-4,7,-3,-3,2,-4,0,0
6669,0.0,200210,0,0,0,14,3,2,2,2,2,-4,-4,0,0.0,-4,1,-4,-4,7,-3,-3,2,-4,0,0
6670,0.0,200109,4,0,1,0,2,2,4,4,4,3,-4,0,,0,1,0,278750,3,6,11,2,-4,0,0
6671,1.0,-4,0,0,1,-2,2,1,3,2,2,-4,-4,0,0.0,-4,2,0,127900,5,12,12,2,-4,0,0
6672,1.0,-4,0,0,0,12,1,2,2,3,2,1,-4,0,0.0,10,1,0,125501,4,11,11,2,-4,0,0
6673,,-4,0,0,0,7,3,3,3,3,2,2,-4,0,,-4,2,0,500,2,3,3,2,-4,-5,-5
6674,1.0,-4,0,0,0,10,1,1,1,1,1,1,-4,0,0.0,0,1,0,3750,5,3,3,2,0,0,0
6675,0.0,-4,0,0,0,0,2,2,3,2,2,2,-4,0,,15,1,-4,-4,6,4,10,2,-4,0,0
6676,0.0,-4,0,0,0,2,2,2,3,3,4,1,-4,0,,10,1,-4,-4,6,4,10,2,8263,0,0
6677,0.0,199603,0,0,3,21,4,3,3,4,4,5,-4,0,0.0,50,1,1,3350,7,-3,11,2,-4,0,0
6678,0.0,-4,0,0,0,10,2,2,3,4,4,5,-4,0,0.0,20,2,-4,-4,7,-3,-3,2,-4,-5,-5
6679,0.0,200512,0,0,0,9,2,2,2,1,2,-4,-4,0,,-4,1,-1,3350,7,-3,11,2,-4,-5,-5
6680,1.0,-4,0,0,0,6,2,2,3,2,2,4,-4,0,,60,1,0,-3,4,3,8,2,17550,-5,-5
6681,0.0,199701,0,2,1,3,2,2,4,5,4,3,-4,0,0.0,-4,1,0,-3,4,3,8,2,9048,0,0
6682,0.0,-4,0,0,0,5,2,3,2,2,2,2,-4,0,0.0,45,2,0,54250,5,12,16,2,6370,0,0
6683,1.0,-4,0,0,0,2,1,2,-2,-2,2,-4,-4,0,0.0,-4,1,0,2250,2,-4,6,2,87816,0,-2
6684,1.0,199612,0,1,0,24,3,1,3,3,2,2,-4,1,0.0,20,1,-4,-4,5,-3,11,2,-4,0,0
6685,1.0,-4,0,0,0,4,3,2,3,1,2,-4,-4,1,0.0,-4,1,0,3750,4,12,16,1,-4,0,1
6686,0.0,-4,0,0,0,5,1,1,1,1,1,-4,-4,0,0.0,-4,1,-4,1750,4,12,12,1,-4,-5,-5
6687,1.0,-4,0,1,0,2,2,2,2,2,2,3,-4,0,0.0,0,2,0,4500,8,-3,-3,1,-4,1,1
6688,0.0,-4,0,0,1,3,2,2,2,1,4,-4,-4,0,0.0,-4,2,0,4500,8,-3,-4,1,-4,0,0
6689,0.0,200101,3,0,2,1,2,2,2,1,2,-4,-4,0,0.0,-4,2,0,4500,8,-3,-4,2,-4,0,0
6690,0.0,200107,0,0,0,14,2,2,2,2,1,2,-4,0,,10,1,-4,-4,2,-4,11,1,-4,0,0
6692,1.0,-4,0,0,0,4,3,2,3,4,3,4,-4,0,0.0,0,2,-4,-4,6,-3,6,2,39194,0,0
6693,1.0,-4,0,0,1,3,2,1,4,3,2,-4,-4,0,0.0,-4,1,0,43000,3,8,12,1,-4,0,0
6694,0.0,200110,2,0,1,5,2,2,2,1,1,2,-4,0,0.0,-4,1,0,500,5,9,11,2,-4,1,0
6695,1.0,199608,0,0,0,5,2,2,2,2,1,3,-4,0,0.0,45,1,0,7500,5,12,12,2,-4,-5,-5
6696,0.0,200208,0,2,0,3,2,3,4,3,3,-4,-4,1,0.0,-4,2,0,7500,5,12,12,2,-4,0,-2
6697,0.0,200001,0,0,1,14,1,2,1,1,1,-4,-4,0,0.0,-4,1,-4,-4,6,12,15,2,-4,0,0
6698,0.0,-4,0,3,1,7,2,3,2,2,1,2,-4,0,,10,2,0,17500,2,-4,10,2,-4,-5,-5
6699,0.0,-4,0,2,0,0,2,3,4,1,1,2,-4,1,0.0,-4,1,-4,-4,4,15,12,2,-4,0,0
6700,1.0,-4,0,0,0,1,2,2,4,2,3,-4,-4,0,0.0,-4,2,0,18750,6,3,2,2,13858,0,0
6701,0.0,200006,0,1,1,0,2,2,1,1,1,-4,-4,0,0.0,-4,1,0,18750,6,3,2,2,24591,0,0
6702,0.0,-4,0,1,0,6,1,1,2,3,1,1,-4,0,0.0,10,1,0,53350,4,14,12,2,61093,-5,-5
6703,0.0,-4,0,0,0,3,2,2,1,1,3,5,-4,0,,0,1,-4,-4,4,-3,6,2,-4,0,0
6704,1.0,-4,0,0,0,0,2,2,1,1,1,1,-4,0,,20,1,-4,-4,4,-3,6,2,-4,0,0
6705,0.0,199205,0,0,1,12,2,3,4,5,5,-4,-4,0,,-4,1,0,3750,3,-3,9,2,-4,0,-4
6706,1.0,-4,0,0,0,18,2,4,3,3,1,3,-4,0,0.0,-4,2,0,-14050,5,-3,6,2,80120,0,0
6707,1.0,-4,0,0,0,5,2,2,4,3,5,4,-4,0,0.0,50,2,0,500,6,3,6,2,-4,0,-2
6708,1.0,-4,0,0,0,3,2,3,2,3,4,1,-4,0,0.0,-4,1,0,500,6,3,6,2,-4,0,0
6709,1.0,-4,0,0,0,2,1,2,2,1,1,1,-4,0,0.0,0,1,0,4070,5,-3,10,2,12669,0,0
6710,0.0,-4,0,0,0,2,2,1,1,1,1,-4,-4,0,1.0,-4,1,0,4070,5,-3,10,2,48033,0,0
6711,0.0,-4,0,0,0,1,2,2,1,1,1,1,-4,0,,0,2,1,22300,5,11,5,2,-4,-5,-5
6712,,-4,0,0,0,0,3,2,1,1,1,-4,-4,0,,-4,2,1,22300,5,11,5,2,-4,-5,-5
6713,0.0,-4,0,0,0,17,3,2,3,1,3,-4,-4,0,0.0,-4,2,0,1600,7,3,-4,2,-4,-5,-5
6714,1.0,-4,0,0,0,2,2,2,3,1,2,2,-4,0,0.0,0,2,-4,-4,3,12,12,2,-4,0,0
6715,0.0,201303,1,0,0,6,2,2,1,1,1,2,-4,0,,20,1,0,1750,7,-3,9,2,-4,-5,-5
6716,1.0,-4,0,0,0,3,2,2,4,4,2,4,-4,0,0.0,25,2,0,7500,6,7,14,2,-4,0,-2
6717,1.0,-4,0,5,8,30,2,2,3,2,5,4,-4,0,0.0,1,1,-4,-4,2,-3,12,2,-4,0,0
6718,1.0,-4,0,0,0,0,1,1,1,1,1,-4,-4,0,,-4,2,-4,-4,4,7,-3,2,-4,-5,-5
6719,1.0,-4,0,0,0,0,1,1,1,1,1,-4,-4,0,0.0,-4,1,-4,-4,4,7,7,2,-4,0,1
6720,0.0,199510,0,2,0,30,3,4,3,4,2,4,-4,-3,0.0,50,1,0,57500,5,5,12,2,-4,-1,-1
6721,1.0,-4,0,0,0,3,2,2,1,2,1,1,-4,0,0.0,0,2,0,14500,10,14,12,2,-4,0,0
6722,0.0,-4,0,0,0,5,2,2,5,5,1,5,-4,1,,0,2,0,156250,6,6,8,2,-4,-5,-5
6723,1.0,200005,0,0,1,0,1,2,1,1,3,-4,-4,0,1.0,-4,1,0,156250,6,6,8,2,-4,-5,-5
6724,0.0,200007,1,0,1,4,2,2,1,1,1,-4,-4,0,0.0,-4,1,0,156250,6,6,8,2,-4,0,0
6725,,-4,0,-4,-4,-4,-4,-4,-4,-4,-4,-4,-4,0,,0,2,0,500,2,6,6,2,28926,-5,-5
6726,1.0,-4,0,0,0,5,2,2,1,1,1,-4,-4,0,0.0,-4,1,0,11700,6,6,6,2,-4,-5,-5
6727,0.0,-4,0,0,0,7,2,2,4,2,1,2,-4,0,0.0,5,2,0,13000,5,-3,12,2,10697,0,0
6728,0.0,-4,0,0,0,2,2,3,2,2,2,2,-4,0,0.0,10,1,0,13000,5,-3,12,2,1908,0,0
6729,1.0,-4,0,0,1,5,2,2,1,1,1,-4,-4,0,0.0,-4,1,0,158250,4,13,12,2,40503,0,0
6730,1.0,-4,0,0,0,0,2,2,1,1,1,-4,-4,0,0.0,-4,2,0,29500,5,-4,-3,2,15294,0,-4
6731,1.0,-4,0,0,0,4,1,1,1,1,1,1,-4,0,0.0,36,2,0,534501,5,15,18,1,-4,-5,-5
6732,1.0,-4,0,0,0,0,2,3,1,1,1,-4,-4,0,1.0,-4,1,0,534501,5,15,18,1,-4,0,0
6733,1.0,-4,0,0,0,-2,3,2,3,4,2,2,-4,0,,50,1,0,-3,2,-3,16,1,-4,0,0
6734,1.0,199704,0,-4,-4,-4,-4,-4,-4,-4,-4,-4,-4,-3,0.0,-4,1,-4,-4,3,12,12,2,39763,0,0
6735,1.0,199212,0,1,0,10,1,2,4,2,2,3,-4,0,0.0,5,2,-4,-4,5,-3,12,2,-4,1,1
6736,1.0,-4,0,0,0,12,2,3,1,1,1,-4,-4,0,,-4,2,-4,1750,5,-4,11,2,-4,0,-4
6737,1.0,-4,0,0,0,1,1,1,2,3,1,3,-4,0,,-4,2,-4,-4,5,12,13,2,-4,-5,-5
6738,1.0,-4,0,0,0,2,1,2,1,2,1,1,-4,0,0.0,10,1,0,247750,4,16,20,2,94693,0,0
6739,1.0,201609,0,0,1,4,1,2,4,2,1,-4,-4,0,0.0,-4,1,-4,-4,7,11,14,2,-4,0,0
6740,1.0,-4,0,0,0,0,1,2,4,3,2,-2,-4,0,0.0,50,1,-4,-4,4,-3,-3,2,7807,0,0
6741,1.0,-4,0,0,0,5,4,2,1,1,1,-4,-4,0,0.0,-4,2,0,10000,2,-4,10,2,-4,0,-2
6742,0.0,-4,0,0,0,1,2,2,1,1,1,-4,-4,0,0.0,-4,1,-4,-4,5,8,8,2,50759,-5,-5
6743,0.0,-4,0,0,0,7,1,2,1,1,1,-4,-4,0,0.0,-4,1,-4,-4,5,8,8,2,-4,0,0
6744,0.0,201008,1,0,2,0,2,2,4,3,2,4,-4,1,1.0,0,1,-4,-4,5,8,10,2,37171,0,0
6745,1.0,-4,0,0,0,1,2,2,1,1,1,-4,-4,1,0.0,-4,1,-4,-4,5,8,10,2,61337,0,0
6746,1.0,-4,0,0,0,0,1,1,1,1,1,-4,-4,0,0.0,-4,2,-4,-4,3,6,10,2,28521,0,0
6747,0.0,199108,0,0,0,1,2,1,4,4,1,4,-4,-3,1.0,5,1,0,-3,3,12,12,2,42128,-5,-5
6748,0.0,201607,0,20,0,7,1,2,5,4,3,-4,-4,0,0.0,-4,2,-4,-4,5,12,12,2,14335,0,0
6749,0.0,-4,0,1,0,2,2,1,2,1,1,-4,-4,0,0.0,-4,2,-4,-4,5,12,12,2,45629,0,0
6750,1.0,-4,0,0,1,4,2,2,1,1,1,1,-4,-3,0.0,-3,2,-4,-4,5,16,14,2,-4,0,0
6751,0.0,-4,0,0,0,0,2,2,2,1,1,-4,-4,0,0.0,-4,2,-4,-4,5,16,14,2,-4,0,0
6752,1.0,-4,0,-4,-4,-4,2,2,3,2,1,2,-4,0,,10,2,0,7500,7,12,-3,2,62376,0,0
6753,1.0,199812,0,0,0,0,2,2,1,1,1,-4,-4,0,0.0,-4,2,0,7500,7,12,-3,2,64801,0,0
6754,0.0,-4,0,2,2,15,2,3,3,3,1,3,-4,0,0.0,0,2,-4,-4,2,-3,-3,2,12094,0,0
6755,1.0,-4,0,0,0,4,2,2,1,1,1,-4,-4,0,0.0,-4,1,0,3750,3,-4,14,2,-4,0,0
6756,1.0,-4,0,0,0,8,3,3,4,3,3,-4,-4,0,0.0,-4,2,0,3750,2,12,12,2,67911,0,0
6757,1.0,-4,0,0,0,3,1,2,1,1,1,-4,-4,0,0.0,-4,2,0,132500,3,16,14,2,72309,0,0
6758,1.0,-4,0,0,0,5,4,2,4,4,4,3,-4,0,,20,1,0,3750,3,10,10,2,21584,-5,-5
6759,1.0,-4,0,0,0,10,2,1,1,1,2,1,-4,0,0.0,10,1,0,1300,5,-3,9,2,85403,0,-4
6760,1.0,-4,0,0,0,6,1,2,1,1,1,1,-4,0,,15,2,0,1300,5,-3,9,2,67835,0,0
6761,0.0,199801,0,0,1,5,2,2,1,1,3,-4,-4,0,0.0,-4,1,0,19750,4,6,4,2,1606,0,0
6762,0.0,200203,0,0,0,3,2,3,1,1,1,-4,-4,0,0.0,-4,1,0,1750,7,6,6,2,14038,0,0
6763,0.0,-4,0,0,0,6,2,2,1,1,1,-4,-4,0,0.0,-4,2,-4,-4,3,12,12,2,-4,0,0
6764,1.0,-4,0,0,0,6,3,3,2,3,2,3,-4,0,0.0,30,1,0,-3,4,8,9,2,-4,-5,-5
6765,1.0,-4,0,0,0,0,2,1,1,2,3,-4,-4,0,0.0,-4,2,-4,-4,5,-3,6,2,52127,0,-4
6766,1.0,-4,0,0,0,2,2,2,1,1,2,1,-4,0,0.0,0,2,-4,-4,9,7,6,2,23896,0,0
6767,1.0,-4,0,0,0,2,2,2,3,2,3,-4,-4,0,0.0,-4,1,-4,-4,9,7,6,2,27267,0,0
6768,1.0,-4,0,0,0,6,2,2,1,1,1,-4,-4,0,0.0,-4,1,-4,-4,9,7,6,2,4003,0,0
6769,1.0,-4,0,0,0,2,1,1,1,1,1,2,-4,0,0.0,0,2,-4,-4,4,3,3,2,-4,0,0
6770,1.0,-4,0,1,3,1,1,2,1,-2,1,-4,-4,0,0.0,-4,1,-4,-4,4,3,3,2,56012,0,0
6771,1.0,-4,0,0,0,6,2,2,2,4,1,4,-4,0,,0,2,-4,-4,6,10,12,2,31005,0,0
6772,0.0,-3,0,1,0,5,2,2,1,1,3,-4,-4,0,0.0,-4,1,-4,-4,6,10,12,2,19418,0,0
6773,1.0,-4,0,0,0,4,2,1,1,1,1,-4,-4,0,0.0,-4,1,0,238500,3,10,17,2,45352,0,0
6774,1.0,-4,0,0,0,5,1,1,1,1,1,-4,-4,0,0.0,-4,2,-4,-4,4,12,-3,2,31139,0,0
6775,0.0,-4,0,0,0,10,2,1,1,1,5,-4,-4,0,0.0,-4,2,-4,-4,6,-3,8,2,7612,0,0
6776,1.0,-4,0,0,0,0,2,2,2,2,1,1,-4,0,0.0,0,2,-4,-4,4,13,12,2,52456,0,0
6777,0.0,-4,0,0,0,0,2,2,3,2,2,-4,-4,0,1.0,-4,2,-4,-4,4,13,12,2,27137,0,0
6778,0.0,-4,0,0,0,0,3,2,2,1,1,-4,-4,0,0.0,-4,1,-4,-4,4,13,12,2,21800,-5,-5
6779,1.0,-4,0,0,0,10,2,1,3,1,1,1,-4,1,0.0,-4,1,-4,-4,5,8,8,2,42659,0,0
6780,0.0,199703,5,0,1,4,3,2,2,1,1,-4,-4,1,0.0,-4,1,-4,-4,5,8,8,2,14161,0,0
6781,1.0,-4,0,0,0,3,2,2,2,2,1,1,-4,0,0.0,10,2,0,1750,6,6,6,2,-4,0,0
6782,1.0,-4,0,0,0,3,2,2,2,1,1,-4,-4,0,0.0,-4,2,0,1750,6,6,6,2,-4,0,0
6783,0.0,-4,0,1,0,5,2,3,1,1,1,1,-4,0,0.0,3,1,0,500,7,-3,-3,2,12255,0,0
6784,1.0,-4,0,0,0,3,2,1,2,2,4,-4,-4,0,0.0,-4,1,-4,-4,8,9,9,2,7661,0,0
6785,1.0,-4,0,0,0,2,1,1,1,1,1,1,-4,0,0.0,0,2,0,1750,6,-3,5,2,33079,0,-4
6786,1.0,-4,0,0,0,3,2,2,1,1,2,-4,-4,0,0.0,-4,2,0,1750,6,-3,5,2,25409,0,-4
6787,0.0,-4,0,0,0,2,2,2,1,1,1,-4,-4,0,0.0,-4,1,0,1750,6,-3,5,2,5045,0,-2
6788,0.0,201105,0,1,0,3,4,3,2,4,4,1,-4,1,0.0,15,2,-4,-4,6,12,10,2,7030,0,0
6789,1.0,199606,0,1,2,1,2,2,1,1,2,-4,-4,0,0.0,-4,1,-4,-4,6,-3,10,2,10728,0,0
6790,0.0,199808,6,0,0,3,1,1,4,3,3,-4,-4,0,0.0,-4,1,0,3050,4,5,13,2,280,0,0
6791,0.0,200903,0,0,0,15,3,2,4,5,5,-4,-4,0,1.0,-4,2,1,500,3,-3,8,2,30673,0,1
6792,1.0,-4,0,0,0,35,2,2,2,1,3,-4,-4,0,0.0,-4,1,0,200,3,6,10,2,19718,0,0
6793,1.0,-4,0,0,0,3,1,2,3,4,4,4,-4,0,0.0,0,2,0,4800,5,9,6,2,10760,0,0
6794,1.0,-4,0,0,0,8,3,3,4,4,3,2,-4,1,0.0,50,2,0,31500,4,12,12,2,25883,-5,-5
6795,1.0,-4,0,0,0,3,3,2,1,1,1,-4,-4,0,0.0,-4,2,0,32000,3,12,14,2,42918,0,-2
6796,0.0,-4,0,0,0,1,2,1,1,1,2,-4,-4,0,0.0,-4,1,0,114040,6,12,12,2,11219,0,0
6797,0.0,200110,0,0,0,4,2,2,3,4,4,-4,-4,1,1.0,-4,1,0,17600,2,-4,13,1,9396,0,-4
6798,1.0,-4,0,0,0,0,2,1,1,2,1,-4,-4,1,0.0,-4,1,0,12000,2,12,13,1,39812,0,-4
6799,1.0,200101,0,0,0,3,2,3,1,1,2,1,-4,0,0.0,20,2,-4,-4,6,6,7,2,-4,0,0
6800,0.0,-4,0,0,0,7,1,2,1,1,1,-4,-4,0,0.0,-4,1,-4,-4,6,-3,-3,2,-4,0,0
6801,0.0,-4,0,0,0,2,1,2,1,1,1,-4,-4,0,0.0,-4,2,-4,-4,6,3,6,2,-4,-5,-5
6802,0.0,-4,0,-4,-4,-4,2,2,1,1,1,1,-4,0,,0,1,0,3250,6,3,6,2,-4,0,0
6803,1.0,200407,1,0,0,2,2,3,3,2,2,2,-4,1,0.0,30,2,0,82000,8,7,13,2,42886,0,0
6804,0.0,-4,0,0,0,1,2,2,1,1,1,-4,-4,0,0.0,-4,1,0,82000,8,7,13,2,2606,0,0
6805,1.0,-4,0,0,0,2,3,3,2,4,1,-4,-4,0,0.0,-4,2,0,19450,6,6,7,2,28282,0,0
6806,1.0,200407,0,0,0,3,2,2,2,1,1,1,-4,0,0.0,50,1,0,9750,5,12,9,2,72751,0,0
6807,1.0,-4,0,0,0,3,2,2,1,1,1,-4,-4,0,0.0,-4,2,0,9750,5,12,9,2,16275,0,0
6808,0.0,-4,0,5,0,4,2,3,5,5,5,5,-4,1,0.0,0,2,0,3350,5,11,11,2,18883,0,0
6809,1.0,-4,0,0,0,6,2,1,1,2,1,-4,-4,0,0.0,-4,2,0,25700,6,12,12,2,48727,0,0
6810,1.0,-4,0,0,0,3,2,2,2,3,2,2,-4,0,0.0,10,2,0,13250,6,5,6,2,10555,0,0
6811,0.0,-4,0,0,0,3,2,2,3,1,2,-4,-4,0,0.0,-4,2,0,13250,6,5,6,2,12629,0,0
6812,0.0,-4,0,0,0,3,1,2,1,3,1,1,-4,0,0.0,0,1,0,-17750,6,6,10,2,13709,0,0
6813,1.0,-4,0,0,0,-2,2,2,4,5,4,-4,-4,0,0.0,-4,2,0,-17750,6,6,10,2,23316,-5,-5
6814,0.0,-4,0,0,0,0,3,2,3,1,1,1,-4,1,0.0,0,1,0,65500,5,9,6,2,-4,0,0
6815,1.0,-4,0,0,0,0,2,2,3,4,1,3,-4,1,0.0,50,2,0,12000,4,12,12,1,51239,0,0
6816,1.0,200109,0,0,0,1,2,3,1,1,1,-4,-4,0,0.0,-4,1,0,12000,4,12,12,1,12148,0,0
6817,0.0,-4,0,0,0,2,1,2,1,1,2,1,-4,0,,5,2,0,1500,7,6,5,2,622,0,0
6818,0.0,-4,0,0,0,4,2,3,4,4,4,2,-4,0,0.0,20,2,-4,-4,5,14,6,2,5559,0,0
6819,0.0,-4,0,0,1,5,2,1,2,1,3,2,-4,0,0.0,5,1,-4,-9250,5,14,6,2,47618,0,0
6820,0.0,-4,0,0,0,4,2,2,1,1,1,-4,-4,0,0.0,-4,2,0,8750,7,6,6,2,-4,0,-4
6821,0.0,-4,0,0,2,1,2,2,1,1,5,-4,-4,0,0.0,-4,2,-4,-4,7,8,6,2,25852,0,0
6822,0.0,-4,0,0,0,2,2,2,1,2,2,-4,-4,0,0.0,-4,2,-4,-4,7,8,6,2,841,0,-2
6823,0.0,-4,0,0,0,0,2,2,1,1,1,-4,-4,0,0.0,-4,2,0,3750,5,-3,12,2,13665,0,0
6824,1.0,-4,0,0,0,0,1,2,4,3,1,3,-4,1,0.0,0,1,0,11750,6,6,5,2,76679,0,0
6825,1.0,-4,0,0,0,2,1,2,1,1,1,-4,-4,0,0.0,-4,2,0,11750,6,6,5,2,7911,0,0
6826,1.0,-4,0,0,0,2,2,2,1,1,1,-4,-4,0,0.0,-4,1,0,161250,7,9,14,2,46868,0,-2
6827,0.0,199712,2,0,0,3,2,3,3,3,3,3,-4,0,0.0,0,1,0,147500,6,12,12,2,25105,0,0
6828,0.0,200312,0,0,0,5,1,2,2,2,2,2,-4,0,0.0,25,1,-4,-4,3,12,12,2,75903,0,0
6829,1.0,-4,0,0,0,4,1,2,3,2,1,-4,-4,0,0.0,-4,2,-4,-4,3,12,12,2,30639,0,0
6830,1.0,200110,2,0,0,0,1,1,2,1,1,2,-4,0,0.0,-4,1,0,168750,6,12,12,2,-4,0,0
6831,1.0,-4,0,0,0,0,2,2,1,1,1,-4,-4,0,0.0,-4,2,0,168750,6,12,12,2,-4,0,0
6832,0.0,-4,0,1,0,7,2,4,5,3,2,3,-4,0,0.0,10,2,0,96750,6,12,12,2,14368,0,0
6833,0.0,200609,0,0,0,4,4,1,3,1,4,3,-4,0,0.0,4,1,0,-3,4,12,13,1,-4,-5,-5
6834,1.0,-4,0,0,1,4,4,3,1,1,1,-4,-4,0,,-4,2,0,-3,4,12,13,1,-4,-5,-5
6835,1.0,-4,0,0,0,3,2,1,4,4,3,-4,-4,1,0.0,-4,2,0,500,4,13,12,1,37230,0,1
6836,1.0,-4,0,0,2,0,2,2,4,1,2,-4,-4,0,0.0,-4,1,-4,-4,4,12,16,1,-4,0,0
6837,1.0,-4,0,0,0,3,2,2,1,1,4,5,-4,0,0.0,-4,1,0,-3,4,16,12,1,-4,-5,-5
6838,1.0,-4,0,0,0,4,2,1,3,1,1,4,-4,0,,50,2,0,72950,2,12,12,1,48315,0,0
6839,0.0,-4,0,0,0,0,2,3,4,3,3,4,-4,1,,23,2,-4,-4,6,13,12,1,14654,-5,-5
6840,,-4,0,0,0,0,1,2,2,2,1,1,-4,0,,50,2,-4,-4,6,13,12,1,6144,-5,-5
6841,0.0,199501,0,10,0,11,2,2,4,4,2,4,-4,1,0.0,-4,1,0,-5500,5,-4,12,2,51930,0,1
6842,1.0,-4,0,2,1,4,1,2,1,1,3,-4,-4,0,0.0,-4,2,0,-5500,5,-4,12,2,53114,0,1
6843,0.0,200901,1,2,3,15,2,1,4,3,2,3,-4,-3,0.0,-3,1,0,7500,7,-3,12,1,-4,-5,-5
6844,0.0,199604,0,0,3,3,3,4,5,5,5,-4,-4,0,0.0,-4,1,0,7500,7,-3,12,1,684,0,0
6845,0.0,-4,0,0,0,6,2,2,2,2,1,4,-4,0,,30,1,0,12500,6,-3,-3,2,14102,0,0
6846,1.0,-4,0,0,1,0,2,2,1,1,1,-4,-4,0,0.0,-4,1,0,7300,3,14,12,1,15157,0,1
6847,1.0,-4,0,0,0,2,2,2,2,1,2,-4,-4,0,0.0,-4,1,0,7300,3,-3,-4,1,9426,0,1
6848,1.0,-4,0,0,0,2,2,1,3,2,1,2,-4,0,0.0,-4,1,0,11250,5,6,8,2,-4,-5,-5
6849,1.0,-4,0,0,0,5,2,2,3,4,1,3,-4,0,0.0,15,2,0,4350,4,-4,13,2,69573,-5,-5
6850,0.0,200207,0,0,0,5,2,2,2,2,1,-4,-4,0,0.0,-4,1,0,8700,3,18,6,2,13673,0,0
6851,0.0,-4,0,1,0,6,2,3,2,1,3,-4,-4,0,0.0,-4,2,-4,-4,5,6,11,2,10565,0,0
6852,1.0,200310,0,1,0,4,2,2,2,2,2,-4,-4,0,0.0,-4,2,-4,-4,5,6,11,2,21942,0,0
6853,,-4,0,0,1,2,3,3,1,2,3,-4,-4,0,,-4,1,-4,-4,3,-3,12,2,-4,-5,-5
6854,1.0,-4,0,0,0,6,2,3,2,1,4,-4,-4,0,0.0,-4,1,0,28000,5,12,9,2,-4,-5,-5
6855,0.0,-4,0,0,0,16,1,2,2,1,1,2,-4,0,,-4,2,-4,-4,4,-4,12,2,-4,0,-4
6856,0.0,-4,0,0,2,2,1,2,-2,1,1,1,-4,0,0.0,-4,1,0,16500,3,12,12,2,6529,-5,-5
6857,0.0,-4,0,0,1,45,3,2,3,3,1,2,-4,0,,0,2,0,3750,4,-3,9,2,59540,-5,-5
6858,0.0,-4,0,0,1,52,2,2,2,3,1,-4,-4,0,,-4,2,0,3750,4,-3,9,2,34910,-5,-5
6859,1.0,201808,0,0,0,6,1,2,1,1,1,2,-4,0,0.0,-4,1,0,7250,5,-3,-3,2,77512,0,0
6860,1.0,-4,0,0,0,6,3,3,2,-2,-2,-4,-4,0,1.0,-4,1,0,7250,5,-3,-3,2,51461,0,0
6861,1.0,-4,0,0,0,2,2,2,2,2,1,1,-4,0,0.0,10,1,0,22500,7,14,12,2,72896,0,0
6862,1.0,-4,0,0,0,-2,2,3,4,1,5,-4,-4,0,,-4,1,-4,-4,4,18,14,2,65666,0,1
6863,0.0,199609,1,1,1,11,2,2,5,3,2,5,-4,0,0.0,0,1,0,103150,5,12,12,1,3520,0,0
6864,1.0,-4,0,0,0,0,3,2,4,5,5,3,-4,1,1.0,20,2,-4,-4,4,-3,12,1,37770,-5,-5
6865,1.0,199705,0,0,1,0,1,2,1,1,1,-4,-4,0,0.0,-4,1,-4,-4,2,16,16,1,64898,0,0
6866,1.0,-4,0,0,0,3,2,4,3,2,3,4,-4,1,1.0,50,2,0,23500,4,13,13,1,79836,0,0
6867,0.0,200606,0,1,6,7,1,1,1,1,2,-4,-4,0,1.0,-4,1,0,23500,4,13,13,1,27214,0,0
6868,1.0,-4,0,0,0,20,2,4,3,4,4,5,-4,0,,50,2,0,38027,6,-4,-4,1,56047,-5,-5
6869,1.0,-4,0,0,0,3,1,2,2,2,3,5,-4,0,,70,2,0,13500,4,-3,15,1,21261,0,-2
6870,1.0,200006,0,0,4,1,1,2,2,3,4,-4,-4,1,,-4,1,0,13500,4,-3,15,1,8391,0,-2
6871,0.0,200906,0,1,1,1,1,2,2,1,4,-4,-4,1,0.0,-4,1,0,13500,4,-3,15,1,17602,0,0
6872,0.0,199701,-3,2,0,1,1,1,4,1,2,-4,-4,1,0.0,-4,1,0,2515,7,-3,13,1,4495,0,0
6873,0.0,199904,1,0,0,7,1,2,1,1,1,-4,-4,0,0.0,-4,1,0,11750,6,10,12,1,8070,0,-2
6874,1.0,199605,0,0,1,1,2,2,4,5,4,4,-4,0,0.0,0,2,0,500,5,12,12,1,59699,0,-2
6875,0.0,200308,0,2,2,4,1,2,2,1,1,-4,-4,0,0.0,-4,1,0,500,5,12,12,1,7135,0,-4
6876,0.0,200101,0,2,2,14,2,2,3,2,5,-4,-4,1,1.0,-4,1,0,7500,4,11,11,1,30420,0,0
6877,0.0,-4,0,0,0,6,2,2,4,5,5,5,-4,1,,5,1,0,500,3,-3,11,1,-4,0,0
6878,0.0,-4,0,0,0,3,2,2,4,3,3,1,-4,0,,0,1,-4,-4,4,-3,12,1,-4,-1,-4
6879,1.0,200301,6,0,0,20,1,2,4,4,5,5,-4,0,0.0,0,1,0,9750,5,12,12,1,40611,0,0
6880,0.0,199601,0,0,1,14,4,4,5,4,5,5,-4,0,,-4,2,0,9750,5,12,12,1,16070,0,0
6881,0.0,199602,0,0,1,6,1,1,1,1,3,2,-4,1,0.0,-4,2,0,500,8,12,10,1,20991,0,0
6882,1.0,-4,0,2,3,1,2,1,1,1,1,-4,-4,1,0.0,-4,2,0,500,8,12,10,1,33495,0,0
6883,0.0,199808,0,20,2,3,2,2,1,1,4,-4,-4,0,0.0,-4,2,0,500,8,12,10,1,14826,0,0
6884,1.0,-4,0,0,0,2,2,2,3,3,3,3,-4,0,,-2,2,-4,-4,6,9,11,1,15498,-5,-5
6885,1.0,-4,0,0,0,2,2,2,4,4,4,5,-4,1,,0,2,-4,-4,6,9,11,1,15030,-5,-5
6886,0.0,200409,1,0,0,3,1,2,1,1,1,1,-4,0,0.0,0,1,-4,123873,6,-3,12,1,43520,0,0
6887,0.0,200802,0,0,0,3,2,1,1,1,1,-4,-4,0,0.0,-4,1,-4,123873,6,-3,12,1,16169,0,0
6888,1.0,-4,0,0,0,1,2,2,4,5,5,5,-4,0,0.0,50,1,0,-3,4,12,14,1,59096,0,0
6889,1.0,-4,0,0,0,0,2,2,1,1,1,-4,-4,0,0.0,-4,2,0,-3,4,12,14,1,59311,0,0
6890,1.0,-4,0,0,0,4,2,4,2,3,3,-4,-4,0,0.0,-4,2,1,450,7,10,12,1,31626,0,0
6891,1.0,200405,0,0,0,2,2,2,1,1,1,-4,-4,0,0.0,-4,2,0,25500,6,14,15,1,20729,0,-2
6892,1.0,201105,1,0,0,0,2,1,1,1,1,-4,-4,0,0.0,-4,1,0,1750,5,12,13,1,-4,-5,-5
6893,0.0,199403,0,0,0,20,2,2,4,3,4,5,-4,-3,0.0,15,2,0,300,10,11,12,1,21836,0,0
6894,1.0,200108,0,0,2,10,1,3,1,1,1,-4,-4,0,0.0,-4,1,0,1750,10,11,11,1,20693,0,0
6895,1.0,-4,0,0,0,20,2,2,4,2,5,5,-4,0,1.0,30,2,0,500,7,12,12,1,28229,0,0
6896,0.0,-4,0,0,0,22,2,2,5,3,5,5,-4,0,0.0,0,2,0,500,7,12,12,1,9279,0,0
6897,1.0,200609,0,0,0,6,2,2,1,1,1,-4,-4,0,0.0,-4,2,0,500,9,12,12,1,45856,-5,-5
6898,1.0,-4,0,0,0,8,2,1,1,1,1,-4,-4,0,0.0,-4,2,0,500,9,12,12,1,42752,0,0
6899,0.0,199611,0,0,0,5,2,4,3,3,3,-4,-4,0,,-4,1,0,10750,2,95,12,1,19343,0,0
6900,0.0,-4,0,0,0,5,3,4,3,3,3,4,-4,1,0.0,25,2,0,148000,2,13,14,1,25261,0,0
6901,0.0,199902,0,0,0,30,3,2,3,3,3,4,-4,1,0.0,50,1,0,1750,5,12,12,1,54060,0,0
6902,1.0,-4,0,0,0,3,2,3,2,3,2,4,-4,0,0.0,50,2,0,-3,3,12,14,1,41983,0,0
6903,0.0,200611,0,0,2,5,2,2,5,5,5,5,-4,0,,3,2,0,-3,2,-4,14,1,-4,-5,-5
6904,1.0,-4,0,0,0,1,2,3,3,3,4,5,-4,0,0.0,0,1,0,-3,3,-4,17,1,29738,0,0
6905,1.0,201302,0,0,0,2,1,1,1,1,1,-4,-4,0,0.0,-4,2,0,-3,3,-4,17,1,29342,0,0
6906,0.0,200206,0,5,0,15,1,4,3,1,1,-4,-4,-4,0.0,-4,2,0,37500,3,-3,12,1,14491,0,0
6907,1.0,-4,0,0,0,7,3,3,3,3,2,-4,-4,0,,-4,1,-4,-4,5,3,3,2,-4,0,0
6908,0.0,-4,0,0,0,2,2,2,1,2,3,1,-4,0,,5,2,-4,-4,7,6,3,2,-4,-5,-5
6909,1.0,-4,0,0,0,5,2,3,3,2,2,-4,-4,0,,-4,2,-4,-4,3,-4,10,1,-4,0,0
6910,0.0,-4,0,0,0,9,2,2,3,4,3,4,-4,0,,0,1,0,11500,2,3,12,2,33969,-5,-5
6911,1.0,200512,0,0,0,3,2,2,1,1,2,-4,-4,0,0.0,-4,1,0,4750,5,13,10,2,48502,0,0
6912,0.0,200405,0,0,1,2,2,1,1,1,1,-4,-4,0,1.0,-4,1,0,79700,4,7,8,2,27822,0,0
6913,1.0,-4,0,0,0,2,2,2,2,3,2,-4,-4,1,0.0,-4,2,0,2187,4,9,2,2,16979,0,0
6914,0.0,199603,0,1,0,6,2,2,4,3,2,2,-4,0,1.0,40,2,0,2250,6,-3,6,2,33373,0,0
6915,0.0,-4,0,0,0,1,2,2,2,1,2,-2,-4,0,,0,1,0,2250,6,-3,6,2,31938,0,0
6916,0.0,-4,0,-4,-4,-4,2,2,1,-2,-2,-2,-4,0,0.0,0,2,-4,-4,8,-3,-3,2,15553,0,0
6917,1.0,202005,0,0,0,3,2,4,1,3,2,4,-4,0,1.0,0,2,0,8000,6,-3,6,1,31674,0,0
6918,0.0,199701,3,0,2,14,3,3,5,5,5,3,-4,0,,90,1,0,2500,4,12,15,1,6285,0,1
6919,0.0,-4,0,0,0,6,2,3,3,1,3,1,-4,0,0.0,0,2,1,2500,4,-4,-4,1,-4,0,-4
6920,1.0,199909,0,2,1,12,2,1,4,5,5,-4,-4,0,0.0,-4,2,0,2500,4,12,15,1,24322,0,0
6921,1.0,-4,0,0,2,14,3,3,3,5,5,5,-4,0,,10,2,0,7500,4,-4,11,1,6900,-5,-5
6922,0.0,199407,-3,0,0,0,3,2,5,1,5,-4,-4,0,0.0,-4,1,-2,7500,4,-4,-3,1,3612,-5,-5
6923,1.0,-4,0,0,0,0,2,3,1,1,1,2,-4,0,,-4,2,0,-3,3,14,14,1,-4,0,0
6924,1.0,-4,0,0,0,6,2,2,1,1,-2,-4,-4,1,0.0,-4,2,0,-250,2,12,14,1,23361,0,0
6925,0.0,-4,0,-4,-4,-4,1,2,1,1,-2,-4,-4,0,0.0,-4,2,0,-3,8,-3,-3,2,-4,0,-2
6926,0.0,200607,0,0,1,5,1,2,1,1,2,-4,-4,-3,0.0,-4,1,0,-3,8,-3,-3,2,-4,-5,-5
6927,0.0,199504,0,1,5,0,2,2,-2,-2,1,-4,-4,1,,-4,1,0,1750,4,-3,12,2,-4,0,0
6928,0.0,-4,0,0,0,1,2,2,4,3,1,3,-4,0,0.0,10,1,0,7800,3,9,12,1,8074,0,0
6929,0.0,200201,4,0,0,0,1,1,1,1,1,-4,-4,0,0.0,-4,1,0,7800,3,-3,12,1,7710,0,0
6930,1.0,-4,0,0,0,3,2,3,2,2,2,3,-4,0,0.0,-4,2,0,-3,8,8,6,2,-4,0,0
6931,1.0,-4,0,0,0,1,2,3,1,1,1,-4,-4,0,0.0,-4,2,0,-3,8,8,6,2,-4,0,0
6932,0.0,-4,0,30,20,0,3,4,4,4,4,-4,-4,1,0.0,-4,1,0,-9200,5,9,14,2,-4,0,0
6933,0.0,-4,0,0,0,10,3,3,4,5,5,5,-4,0,1.0,20,2,0,75400,5,6,13,2,6173,-5,-5
6934,0.0,-4,0,0,0,0,2,1,4,3,4,2,-4,0,,0,1,0,66050,8,-3,6,2,4929,-5,-5
6935,0.0,-4,0,0,0,2,2,2,1,1,1,-4,-4,0,0.0,-4,2,0,66050,8,-3,6,2,14416,-5,-5
6936,0.0,-4,0,1,1,7,2,3,2,1,2,-4,-4,0,0.0,-4,2,0,23000,7,10,2,2,9357,0,0
6937,0.0,-4,0,1,0,1,2,2,1,1,2,-4,-4,0,,-4,2,1,4500,8,6,3,2,8567,-5,-5
6938,0.0,199904,0,0,0,0,2,2,1,1,1,-4,-4,0,0.0,-4,2,0,202050,6,10,6,2,34612,0,0
6939,0.0,199405,0,0,0,5,1,2,4,4,4,3,-4,0,0.0,10,1,0,19500,6,12,12,2,44077,0,0
6940,1.0,-4,0,0,0,3,1,4,2,1,1,-4,-4,1,0.0,-4,1,0,19500,6,12,9,2,55357,0,1
6941,0.0,200807,0,0,0,0,2,2,-2,-2,1,-4,-4,0,,-4,1,0,22850,4,8,12,2,45543,0,-2
6942,1.0,-4,0,0,0,10,2,2,4,2,1,1,-4,0,0.0,5,1,0,65500,7,12,16,2,36052,0,0
6943,0.0,-4,0,1,1,2,2,2,4,2,1,1,-4,0,0.0,45,1,0,65500,7,-4,-3,2,37891,0,0
6944,1.0,-4,0,0,0,6,2,3,4,3,2,2,-4,1,0.0,-4,2,0,65500,7,12,16,2,44208,0,0
6945,1.0,-4,0,1,0,7,1,2,2,1,1,-4,-4,0,0.0,-4,2,0,135000,5,10,9,2,47114,0,0
6946,0.0,-4,0,0,0,8,2,2,5,4,3,5,-4,0,,3,2,-4,-4,3,10,12,1,14507,0,0
6947,1.0,-4,0,0,0,20,2,2,4,2,2,1,-4,0,0.0,-4,2,-4,-4,6,12,12,1,-4,-5,-5
6948,1.0,200605,0,0,0,2,1,2,1,1,1,-4,-4,1,,-4,2,-4,-4,6,15,16,1,-4,0,0
6949,1.0,-4,0,0,0,4,2,1,3,-2,-2,-2,-4,0,0.0,50,2,-4,-4,6,15,16,1,-4,0,0
6950,1.0,-4,0,0,0,20,2,2,3,3,3,4,-4,0,0.0,0,1,0,92000,4,12,20,1,23708,0,-2
6951,1.0,-4,0,0,0,4,3,2,2,3,1,3,-4,0,1.0,0,2,-4,-4,5,-4,14,1,29050,0,0
6952,1.0,-4,0,0,0,5,2,2,3,1,1,-4,-4,0,0.0,-4,2,-4,-4,5,-4,14,1,37098,0,0
6953,1.0,-4,0,0,0,3,2,2,1,1,2,-4,-4,0,,-4,2,0,7500,2,12,11,1,-4,0,0
6954,1.0,-4,0,0,0,0,2,4,4,1,1,-4,-4,0,1.0,-4,1,0,86301,9,12,14,1,30288,0,0
6956,1.0,-4,0,0,0,0,2,-2,1,1,1,-4,-4,0,0.0,-4,2,0,27500,3,-3,18,1,99220,0,0
6957,0.0,-4,0,0,0,2,2,2,4,3,2,2,-4,0,0.0,0,1,0,45200,3,-3,11,1,5265,-5,-5
6958,0.0,199903,1,0,7,10,3,4,5,1,1,-4,-4,0,,-4,1,0,1750,5,16,11,1,-4,-5,-5
6959,0.0,-4,0,0,0,40,2,2,4,5,4,-4,-4,0,,-4,1,0,1750,5,12,11,1,-4,0,-2
6960,0.0,199601,0,0,0,15,2,2,2,1,3,2,-4,-3,1.0,60,1,0,500,5,12,11,1,-4,-2,-2
6961,1.0,200106,0,0,2,3,2,2,1,1,1,-4,-4,1,1.0,-4,1,1,1750,4,13,14,1,25915,0,0
6962,0.0,-4,0,0,0,5,2,2,3,4,3,4,-4,0,,50,2,0,8400,4,-3,12,1,30713,-5,-5
6963,1.0,200205,0,0,0,6,2,2,1,2,2,3,-4,0,,0,1,-4,-4,6,12,14,1,-4,0,0
6964,1.0,-4,0,30,1,30,2,4,2,3,1,-4,-4,1,1.0,-4,2,0,31000,4,14,12,1,-4,0,0
6965,0.0,-4,0,0,3,0,1,2,1,1,1,-4,-4,0,0.0,-4,2,0,1500,9,12,12,1,14679,0,0
6966,1.0,-4,0,0,0,3,2,2,2,1,1,-4,-4,0,0.0,-4,1,1,17450,5,12,16,1,64323,0,-2
6967,1.0,-4,0,1,1,1,2,1,2,2,4,-4,-4,0,1.0,-4,2,1,-950,2,-3,11,1,45099,0,0
6968,1.0,200302,0,0,0,0,2,2,2,2,2,3,-4,0,,0,1,-4,-4,5,-4,15,1,-4,0,0
6969,1.0,200011,0,0,0,7,2,3,3,2,1,3,-4,0,,25,1,0,2000,3,14,10,1,7138,0,0
6970,0.0,201002,2,0,0,10,2,3,2,3,2,-4,-4,0,,-4,1,0,2000,3,14,10,1,-4,-5,-5
6971,0.0,-4,0,0,0,5,1,2,2,4,2,4,-4,1,0.0,-4,2,0,3750,3,11,11,2,-4,0,0
6972,1.0,-4,0,0,0,0,1,1,1,1,1,-4,-4,0,0.0,-4,2,0,7500,4,-3,10,2,-4,-5,-5
6973,1.0,200103,0,0,0,0,2,2,2,1,2,1,-4,0,0.0,10,1,0,17500,5,-3,14,1,45769,0,0
6974,1.0,-4,0,0,0,2,2,2,1,1,1,-4,-4,0,0.0,-4,1,0,17500,6,16,12,1,45046,0,0
6975,1.0,200608,0,0,1,1,2,2,1,1,1,-4,-4,0,0.0,-4,1,0,17500,6,12,12,1,36782,0,0
6976,1.0,-4,0,0,0,-2,3,3,5,2,2,3,-4,0,0.0,50,2,-4,-4,4,-3,8,2,6021,0,-4
6977,0.0,199804,1,0,0,-2,2,2,4,2,1,-4,-4,0,,-4,1,-4,-4,4,-3,8,2,10103,0,-4
6978,0.0,-4,0,1,2,22,2,2,-2,5,1,-4,-4,0,0.0,-4,2,-4,-4,4,-3,8,2,7393,0,-2
6979,0.0,200304,0,0,0,20,2,2,2,2,1,3,-4,0,1.0,0,1,0,7500,4,11,11,1,-4,0,0
6980,1.0,-4,0,0,6,40,3,2,4,1,-2,-4,-4,1,0.0,-4,2,0,17500,4,7,8,2,16951,0,0
6981,0.0,-4,0,0,0,3,1,1,1,1,1,-4,-4,0,0.0,-4,2,0,-7000,4,9,15,2,9797,0,0
6982,1.0,-4,0,0,0,-2,2,2,1,1,2,-4,-4,0,0.0,-4,1,0,7500,6,6,6,2,2354,0,0
6983,0.0,199805,1,0,2,0,4,4,5,2,4,5,-4,0,,0,1,0,7500,5,16,9,2,-4,0,1
6984,0.0,-4,0,0,-2,30,3,2,2,1,1,3,-4,0,1.0,0,1,0,7500,5,12,12,2,-4,-5,-5
6985,0.0,-4,0,0,0,5,2,2,2,2,1,-4,-4,0,0.0,-4,2,0,7500,5,16,9,2,15469,0,1
6986,1.0,-4,0,1,2,2,2,1,1,1,1,-4,-4,0,0.0,-4,2,0,7500,3,8,14,2,43394,0,0
6987,1.0,-4,0,0,2,-2,3,3,4,5,-2,4,-4,0,0.0,0,2,0,3750,6,-3,11,1,19016,-5,-5
6988,1.0,-4,0,0,1,4,2,2,4,1,1,5,-4,0,0.0,30,1,0,25500,5,14,14,2,60980,0,0
6989,0.0,200508,0,0,0,-2,1,2,3,5,4,5,-4,0,0.0,10,2,0,7500,8,-4,12,1,46797,0,0
6990,0.0,199704,0,0,0,8,3,3,1,1,1,-4,-4,1,0.0,-4,1,0,7500,8,-4,12,1,11865,0,0
6991,1.0,-4,0,2,4,8,2,2,1,1,1,-4,-4,0,0.0,-4,2,0,7500,8,-4,12,1,10892,0,0
6992,0.0,200712,1,0,0,11,2,2,3,1,1,-4,-4,0,,-4,1,0,7500,2,16,13,1,13250,-5,-5
6993,0.0,-4,0,0,0,10,3,2,3,2,1,5,-4,0,,50,1,0,7500,6,-3,-3,2,62218,-5,-5
6994,0.0,-4,0,0,0,10,3,2,4,3,4,-4,-4,0,0.0,-4,1,-4,7500,6,-4,9,2,13497,0,0
6995,0.0,199808,1,2,1,2,3,2,2,1,2,-4,-4,1,,-4,1,0,3750,4,-3,10,2,10487,1,1
6996,0.0,-4,0,0,0,1,3,2,4,2,2,-4,-4,0,,-4,2,0,4050,6,-3,11,2,46134,0,-2
6997,0.0,200506,1,0,0,0,2,3,5,1,1,-4,-4,0,0.0,-4,1,-4,-4,6,-3,-4,2,4215,-5,-5
6998,1.0,-4,0,0,0,0,2,2,1,1,1,-4,-4,0,,-4,2,0,4050,6,-3,11,2,70945,-5,-5
6999,,-4,0,1,1,6,2,2,3,3,1,4,-4,0,,-4,1,-4,-4,3,11,9,2,-4,-5,-5
7000,0.0,-4,0,0,0,3,1,2,2,1,1,-4,-4,0,,-4,2,0,3250,3,14,10,2,-4,-5,-5
7001,0.0,-4,0,0,0,26,2,3,1,1,1,1,-4,1,,10,1,0,1750,2,12,-3,2,-4,0,-2
7002,0.0,200503,0,0,0,3,1,1,4,1,1,-4,-4,0,0.0,-4,1,0,-3,3,16,17,1,29024,0,0
7003,1.0,-4,0,0,0,-2,2,3,1,1,1,-4,-4,0,,-4,2,0,37500,4,11,12,1,-4,0,0
7004,1.0,-4,0,0,0,1,3,3,3,4,2,-2,-4,1,0.0,-4,2,-4,-4,3,12,12,1,31194,0,0
7005,1.0,199805,0,-2,2,0,2,2,2,1,1,-4,-4,1,0.0,-4,1,0,17500,5,12,16,1,-4,0,0
7006,0.0,-4,0,0,0,34,1,2,4,1,1,4,-4,0,,50,2,0,17500,3,12,12,1,10557,-5,-5
7007,0.0,-4,0,0,0,25,2,3,1,1,1,-4,-4,0,,-4,2,0,17500,3,12,12,1,40193,0,-4
7008,0.0,-4,0,0,0,-2,2,2,1,1,5,-4,-4,0,,-4,1,0,3750,6,-4,4,2,-4,0,-4
7009,0.0,200010,0,0,0,5,2,2,2,1,1,-4,-4,0,0.0,-4,1,0,7500,3,12,9,2,19689,0,0
7010,1.0,-4,0,0,0,3,2,2,3,1,1,-2,-4,0,,50,2,0,7500,6,12,14,2,63760,0,1
7011,1.0,-4,0,0,0,5,2,2,3,2,1,-4,-4,0,0.0,-4,2,0,3750,3,12,12,2,51448,-5,-5
7012,1.0,200303,0,0,0,3,1,2,3,2,1,1,-4,0,,25,2,0,17500,3,13,14,2,72405,0,0
7013,0.0,199207,0,0,0,6,3,3,5,5,5,5,-4,0,0.0,-4,2,-4,-4,4,-3,12,1,77187,0,0
7014,1.0,200911,0,0,1,5,2,2,2,2,4,3,-4,0,,40,2,-4,-4,4,-3,12,1,14639,0,0
7015,0.0,200001,0,1,2,10,3,4,3,2,1,-4,-4,0,0.0,-4,1,-4,-4,3,12,7,1,13052,0,0
7016,0.0,200811,0,0,8,15,2,2,3,2,3,1,-4,1,0.0,50,1,0,17500,4,7,12,2,1251,0,1
7017,1.0,-4,0,0,0,1,2,2,4,2,1,4,-4,0,0.0,0,2,0,32500,4,12,13,1,20361,0,0
7018,0.0,-4,0,0,0,0,1,2,4,5,-2,-2,-4,0,,25,2,0,-3,3,-4,-4,2,-4,0,0
7019,0.0,199905,0,2,10,17,2,4,4,1,1,-4,-4,1,0.0,-4,1,0,-3,3,12,12,2,19192,0,1
7020,0.0,-4,0,2,1,1,2,2,1,1,1,1,-4,0,0.0,50,1,0,-3,3,-4,12,1,-4,0,0
7021,0.0,-4,0,0,0,0,3,1,4,3,-2,-2,-4,0,0.0,-2,2,0,-3,4,-4,14,1,19016,0,0
7022,0.0,-4,0,0,0,5,2,2,4,1,1,4,-4,0,0.0,-4,1,0,7500,4,-4,-3,1,19615,0,0
7023,0.0,-4,0,0,0,20,2,2,3,3,-2,-2,-4,0,,0,1,0,500,3,-4,-4,2,1239,-5,-5
7024,0.0,-4,0,2,0,-2,3,2,4,-2,-2,-2,-4,0,0.0,10,2,0,1750,3,-4,12,1,-4,0,1
7025,0.0,199704,8,0,4,0,1,1,4,4,-2,-4,-4,0,0.0,-4,1,0,1750,3,-4,12,1,-4,0,0
7026,1.0,-4,0,1,0,2,1,2,2,2,3,-4,-4,0,0.0,-4,2,0,7500,7,-3,14,1,62088,0,0
7027,0.0,199908,0,1,3,3,3,3,3,1,2,3,-4,1,0.0,70,1,0,49501,4,10,12,2,2850,0,0
7028,1.0,-4,0,0,0,4,2,2,1,1,1,2,-4,0,0.0,25,1,0,3750,3,14,9,2,44835,0,0
7029,0.0,199810,0,0,2,15,2,1,5,2,5,4,-4,0,,0,1,0,37500,7,-3,12,1,11830,-5,-5
7030,1.0,199809,0,0,1,5,1,2,5,3,2,5,-4,0,0.0,25,1,0,37500,7,-3,12,1,33469,0,0
7031,0.0,-4,0,0,3,5,2,2,1,1,1,-4,-4,0,0.0,-4,1,0,37500,7,-3,12,1,937,0,0
7032,1.0,-4,0,0,0,0,2,2,2,1,1,1,-4,0,0.0,15,2,0,-3,5,-3,-3,2,66701,0,0
7033,0.0,-4,0,0,2,10,1,2,2,1,1,-4,-4,0,,-4,1,0,17500,4,12,10,2,-4,-5,-5
7034,0.0,-4,0,0,0,0,1,1,3,1,1,5,-4,0,,0,2,-4,-4,6,-4,12,1,-4,0,0
7035,1.0,-4,0,0,0,1,2,1,4,2,-2,-4,-4,0,0.0,-4,2,0,-3,3,-4,12,1,34075,0,0
7036,1.0,200702,0,0,0,4,2,2,3,2,1,-4,-4,0,0.0,-4,2,0,3750,4,12,12,1,58462,0,0
7037,1.0,-4,0,0,0,0,2,-2,3,-2,3,-2,-4,0,0.0,-2,2,0,11250,4,12,12,1,19590,1,0
7038,1.0,-4,0,0,0,1,1,1,1,1,1,-4,-4,0,0.0,-4,2,0,11250,4,12,12,1,67272,0,0
7039,0.0,-4,0,0,0,0,2,2,2,1,1,-4,-4,0,0.0,-4,1,0,4500,4,-4,12,1,25811,0,0
7040,0.0,200404,0,0,0,0,2,2,2,1,1,-4,-4,1,0.0,-4,1,0,50001,3,-3,-3,1,5880,0,0
7041,1.0,-4,0,0,0,0,2,2,3,1,1,-4,-4,0,,-4,2,-4,-4,2,-4,13,3,84295,-5,-5
7042,0.0,-4,0,0,0,0,2,2,4,1,1,-2,-4,0,0.0,25,2,-4,-4,3,-4,15,1,-4,0,0
7043,0.0,200507,1,0,0,1,2,2,2,1,1,-4,-4,0,0.0,-4,1,0,3750,3,-4,12,1,21030,-5,-5
7044,1.0,199807,0,0,0,3,3,2,5,4,3,-4,-4,1,0.0,-4,1,0,-3,2,-4,15,1,41089,0,0
7045,0.0,-4,0,0,0,2,1,1,5,3,1,-2,-4,0,0.0,-4,1,-4,-4,6,-3,-3,1,-4,0,0
7046,1.0,200412,0,0,0,2,2,2,3,3,1,-4,-4,0,0.0,-4,1,-4,-4,4,-3,16,1,48915,0,0
7047,0.0,199305,0,0,0,0,1,2,4,2,3,-4,-4,0,0.0,-4,1,-4,-4,4,12,12,1,20822,0,0
7048,1.0,-4,0,0,0,1,1,1,4,2,1,2,-4,0,0.0,5,2,-4,-4,11,-3,12,1,21955,0,1
7049,0.0,199811,3,1,0,3,2,1,4,2,1,3,-4,0,0.0,15,1,-4,-4,11,-3,12,1,11898,-5,-5
7050,1.0,-4,0,0,0,0,2,2,4,3,1,3,-4,0,0.0,10,2,0,-3,4,-3,-3,1,-4,0,0
7051,1.0,-4,0,0,0,1,2,1,2,1,1,5,-4,0,0.0,25,1,0,-3,5,16,16,1,77934,-5,-5
7052,1.0,-4,0,0,0,0,2,2,3,1,2,2,-4,0,0.0,-4,1,0,-3,5,16,16,1,73939,0,0
7053,1.0,-4,0,0,0,0,2,2,2,1,1,3,-4,0,1.0,15,2,-4,-4,4,12,12,1,90668,0,0
7054,1.0,-4,0,0,0,8,2,3,3,3,1,1,-4,0,,0,2,-4,-4,2,-4,14,1,-4,-5,-5
7055,1.0,-4,0,0,0,2,2,3,5,-2,-2,-2,-4,0,0.0,0,1,0,3750,6,-3,9,2,35495,0,0
7056,1.0,-4,0,0,1,0,2,1,1,1,-2,-4,-4,0,0.0,-4,1,0,3750,6,-3,9,2,37031,0,0
7057,0.0,200607,0,0,0,1,2,2,5,-2,-2,-2,-4,0,0.0,5,2,0,-3,3,-3,-3,1,10209,1,1
7058,1.0,-4,0,0,0,0,2,2,4,-2,1,3,-4,1,0.0,-2,2,0,28750,6,-4,13,2,82480,0,-4
7059,1.0,-4,0,0,0,0,1,1,1,1,1,-4,-4,0,0.0,-4,2,0,-3,2,-3,12,1,26518,0,-4
7060,1.0,-4,0,0,0,2,1,2,-2,1,1,-4,-4,0,0.0,-4,2,0,-3,6,8,12,2,71995,-5,-5
7061,1.0,-4,0,0,0,2,2,2,3,2,1,1,-4,0,0.0,-2,1,0,-3,4,14,14,2,68315,0,0
7062,0.0,-4,0,0,0,3,2,1,2,1,1,1,-4,0,,5,1,0,-3,4,14,16,1,78714,-5,-5
7063,1.0,-4,0,0,0,2,2,2,1,1,1,-4,-4,0,0.0,-4,2,0,-3,4,14,16,1,73717,-5,-5
7064,1.0,-4,0,0,0,-2,2,2,4,3,1,3,-4,0,0.0,-2,2,0,7250,3,8,12,2,63583,0,0
7065,0.0,-4,0,0,0,20,3,-2,-2,-2,-2,-2,-4,0,0.0,-4,1,-4,-4,5,-4,12,1,4204,0,-4
7066,0.0,200211,0,0,0,0,3,2,-2,2,1,-2,-4,0,0.0,0,2,0,-3,6,-4,12,1,43598,0,0
7067,0.0,200001,1,1,0,20,1,3,5,3,3,5,-4,0,0.0,0,1,0,-3,6,12,14,1,1097,0,0
7068,0.0,-3,0,0,0,18,2,3,4,3,3,4,-4,0,0.0,25,1,0,-3,6,12,14,1,3678,0,0
7069,1.0,-4,0,0,0,4,2,1,3,4,2,3,-4,0,0.0,0,2,0,-3,6,16,12,2,95414,0,0
7070,1.0,-4,0,0,0,7,2,3,2,1,2,-4,-4,0,0.0,-4,2,0,3750,6,16,12,1,10988,0,0
7071,0.0,199911,3,0,0,-2,2,2,2,-2,-2,-2,-4,0,,-2,1,0,-3,3,-4,12,1,-4,0,0
7072,1.0,-4,0,1,0,6,2,3,2,2,2,3,-4,0,0.0,-4,2,0,3750,5,-3,10,2,1028,0,-4
7073,0.0,-4,0,1,0,8,2,2,2,2,2,3,-4,0,0.0,-4,2,0,500,5,10,9,2,20381,0,0
7074,0.0,-4,0,3,1,7,2,3,2,1,1,-4,-4,0,,-4,1,0,3750,5,-3,10,2,37911,-5,-5
7075,0.0,-4,0,0,0,2,2,1,1,1,1,-4,-4,0,0.0,-4,2,0,3750,3,-4,-3,2,14863,0,1
7076,1.0,199706,0,0,0,5,1,1,3,1,1,3,-4,0,0.0,1,1,0,-3,6,-3,-3,2,17527,0,0
7077,0.0,200808,0,0,2,8,2,2,2,1,1,2,-4,0,0.0,10,1,0,-3,6,12,10,2,10684,0,1
7078,0.0,200110,1,0,0,1,2,1,1,1,1,-4,-4,0,0.0,-4,1,1,8000,6,-4,-4,2,49206,0,-4
7079,1.0,-4,0,0,0,4,3,2,3,3,1,3,-4,0,,50,2,0,1750,4,10,11,2,6163,0,0
7080,1.0,-4,0,0,0,4,2,1,3,2,1,3,-4,0,,10,1,0,3750,7,10,8,2,83005,0,0
7081,1.0,-4,0,0,0,10,2,2,2,3,2,3,-4,0,0.0,10,2,0,3750,7,10,8,2,41789,0,0
7082,1.0,-4,0,0,0,2,2,2,2,2,1,4,-4,0,0.0,10,2,0,-3,5,12,10,2,50570,0,0
7083,1.0,-4,0,0,0,3,2,1,3,-2,2,-4,-4,0,0.0,-4,2,0,-3,5,12,10,2,39667,0,0
7084,0.0,-4,0,0,0,3,2,2,1,1,1,2,-4,0,0.0,0,2,0,500,5,-4,12,2,-4,-5,-5
7085,0.0,200212,1,0,0,2,2,3,4,3,2,-2,-4,0,,-2,1,-4,-4,8,12,12,2,25269,0,0
7086,1.0,-4,0,0,0,3,2,2,2,1,1,3,-4,0,,0,2,-4,-4,5,9,9,2,23980,-5,-5
7087,0.0,-4,0,0,1,14,2,2,1,1,1,1,-4,0,0.0,0,1,1,3750,5,10,11,2,-4,0,-2
7088,1.0,-4,0,0,0,1,1,1,1,1,1,-4,-4,0,,-4,2,0,3250,3,-3,8,2,68766,-5,-5
7089,1.0,-4,0,0,0,14,2,1,3,1,1,3,-4,0,0.0,5,2,0,12700,8,10,10,1,68722,0,1
7090,0.0,-4,0,0,0,14,2,1,3,2,1,-4,-4,0,0.0,-4,2,0,12700,8,10,10,1,69563,0,1
7091,0.0,-4,0,0,0,4,2,1,2,1,2,-4,-4,0,0.0,-4,2,0,1750,8,-3,10,1,14359,0,-2
7092,0.0,-4,0,0,0,-2,1,1,1,1,1,-4,-4,0,0.0,-4,1,0,-3,3,-4,-3,1,43288,0,0
7093,1.0,-4,0,0,2,3,1,2,2,1,1,-4,-4,0,0.0,-4,1,0,-3,3,12,15,1,-4,0,0
7094,0.0,-4,0,0,0,5,2,3,3,2,1,2,-4,0,,5,2,0,-3,7,12,-4,1,-4,0,0
7095,1.0,-4,0,0,0,1,2,2,2,1,2,-4,-4,0,0.0,-4,1,0,-3,4,14,12,1,67766,0,0
7096,1.0,-4,0,0,0,3,2,2,1,1,1,-4,-4,1,0.0,-4,2,0,86700,5,16,17,1,72274,0,0
7097,1.0,199911,1,0,1,2,2,1,1,1,1,-4,-4,1,0.0,-4,1,0,-3,6,12,16,1,55319,0,1
7098,1.0,200609,0,0,0,3,2,1,3,3,2,4,-4,0,0.0,25,2,0,46450,5,16,16,1,86122,0,0
7099,1.0,199712,0,1,0,3,2,3,2,2,2,-4,-4,1,0.0,-4,2,-4,-4,3,15,16,1,-4,0,0
7100,1.0,200402,0,0,3,5,2,3,4,1,1,-4,-4,0,,-4,1,0,5000,3,-3,13,1,-4,-5,-5
7101,1.0,-4,0,0,0,1,2,2,4,2,4,-4,-4,1,0.0,-4,1,0,179250,2,12,14,1,62259,0,0
7102,1.0,-4,0,0,0,0,2,2,1,1,1,-4,-4,0,0.0,-4,1,0,7500,3,12,-3,2,22860,0,0
7103,0.0,200105,1,0,0,20,2,2,5,5,2,-4,-4,0,0.0,-4,1,0,13007,2,-3,12,2,31345,0,-4
7104,0.0,199301,2,0,0,3,3,2,3,3,3,3,-4,0,,25,1,1,500,4,-4,-3,1,-4,0,0
7105,1.0,-4,0,0,2,5,2,3,3,1,1,-4,-4,0,0.0,-4,2,0,500,4,-4,-3,1,61716,0,0
7106,0.0,200608,0,0,0,6,3,3,3,3,4,4,-4,0,0.0,50,2,0,1750,6,12,11,1,7043,0,0
7107,0.0,-4,0,0,0,-2,3,4,5,5,2,5,-4,0,1.0,-4,2,0,1750,6,12,11,1,53927,0,-2
7108,1.0,-4,0,0,0,3,2,3,1,1,1,-4,-4,1,0.0,-4,1,0,-3,3,-4,17,1,85207,0,0
7109,0.0,-4,0,0,0,20,3,2,3,1,1,5,-4,0,1.0,0,1,0,-3,3,-4,12,1,12025,0,0
7110,0.0,-4,0,0,1,18,2,3,5,2,4,-4,-4,0,,-4,2,0,-3,4,-4,-4,1,21670,-2,1
7111,0.0,-4,0,1,0,0,3,2,2,1,2,5,-4,0,0.0,0,2,-4,-4,6,-3,12,1,16849,0,-2
7112,0.0,-4,0,0,0,0,3,2,1,1,3,-4,-4,0,0.0,-4,2,-4,-4,6,-3,12,1,5745,0,-2
7113,0.0,-3,0,0,3,5,2,2,1,1,1,-4,-4,0,,-4,1,0,-3,7,-4,-3,1,8912,0,-4
7114,0.0,-4,0,0,0,12,3,2,1,1,1,-4,-4,0,0.0,-4,1,0,3150,2,12,12,1,7563,0,0
7115,0.0,200612,0,0,0,5,2,2,3,2,1,-4,-4,0,0.0,-4,1,0,-3,3,-4,11,1,10823,0,0
7116,0.0,200201,2,0,0,6,2,2,1,1,1,-4,-4,0,,-4,1,0,500,5,12,11,1,23034,-5,-5
7117,1.0,-4,0,0,2,2,2,3,1,1,1,-4,-4,0,0.0,-4,2,0,38750,4,-3,16,1,18524,0,1
7118,1.0,-4,0,0,0,4,2,2,1,1,2,-4,-4,0,1.0,-4,2,-4,-4,4,12,16,1,-4,0,0
7119,0.0,200302,1,2,0,7,1,2,2,1,1,-4,-4,1,,-4,1,0,500,4,-4,-3,1,-4,-5,-5
7120,1.0,-4,0,0,0,5,2,2,5,1,1,-4,-4,0,0.0,-4,2,0,-3,3,-3,14,1,65853,0,0
7121,0.0,-4,0,0,0,4,2,3,3,4,3,4,-4,0,,15,2,-4,-4,5,-4,-3,1,24568,0,0
7122,0.0,-4,0,0,0,5,2,3,2,1,1,-4,-4,0,,-4,2,-4,-4,5,-4,-3,1,-4,-5,-5
7123,1.0,-4,0,0,0,3,1,1,1,1,1,-4,-4,0,0.0,-4,2,0,500,4,9,15,2,6920,0,0
7124,1.0,-4,0,0,0,5,2,4,3,2,1,2,-4,0,,65,2,0,292500,3,14,12,1,72164,0,0
7125,1.0,-4,0,0,0,0,2,2,4,2,1,4,-4,0,0.0,0,2,0,1487,4,9,9,1,-4,0,1
7126,0.0,200206,0,0,4,0,1,2,2,2,1,-4,-4,1,,-4,1,0,1487,4,9,9,1,3123,-5,-5
7127,,-4,0,2,0,2,3,2,4,1,1,-4,-4,0,,-4,1,0,105750,5,-3,11,1,13540,-5,-5
7128,0.0,-4,0,0,1,0,2,2,1,1,1,-4,-4,0,,-4,1,0,105750,5,-3,11,1,6431,-5,-5
7129,0.0,200407,0,0,1,2,3,2,2,5,4,-4,-4,0,0.0,-4,1,0,19550,4,7,8,2,-4,0,0
7130,1.0,-4,0,0,0,3,2,2,3,2,2,5,-4,0,0.0,5,1,0,28250,5,15,15,2,-4,0,0
7131,0.0,-4,0,0,0,25,1,2,3,3,1,5,-4,0,0.0,10,1,0,300,3,-4,-3,2,-4,0,-4
7132,1.0,-4,0,0,0,0,1,1,2,1,2,2,-4,0,0.0,-2,2,0,62750,4,16,12,2,33686,0,0
7133,0.0,-4,0,0,0,10,2,1,2,3,1,3,-4,1,,-4,2,-4,-4,5,-4,-3,2,15949,0,0
7134,1.0,199812,0,0,0,0,1,1,3,2,2,4,-4,0,0.0,2,1,0,55800,6,12,12,2,19986,-5,-5
7135,1.0,-4,0,0,0,9,2,1,3,2,3,-4,-4,0,0.0,-4,1,0,33020,4,8,12,2,66068,0,0
7136,0.0,-4,0,0,0,2,1,2,3,2,3,3,-4,0,,0,2,0,32750,6,11,8,2,-4,0,0
7137,0.0,-4,0,0,0,5,2,2,4,4,3,-4,-4,0,0.0,-4,2,0,32750,6,11,8,2,-4,0,0
7138,0.0,200006,0,0,0,0,2,2,4,3,2,4,-4,0,,5,1,0,16096,6,7,7,2,29979,0,0
7139,0.0,-4,0,0,0,0,1,1,4,2,2,3,-4,0,0.0,0,2,0,16096,6,7,7,2,31309,0,0
7140,0.0,-4,0,0,0,0,1,1,3,1,1,-4,-4,0,0.0,-4,2,0,16096,6,7,7,2,47248,0,0
7141,0.0,200709,4,0,0,0,2,2,3,2,3,3,-4,1,,-2,1,0,1750,5,-3,6,2,8196,-5,-5
7142,1.0,-4,0,0,0,0,1,1,1,1,1,-4,-4,0,0.0,-4,2,0,1750,5,-3,6,2,12517,0,0
7143,1.0,-4,0,0,0,1,2,2,3,3,3,-4,-4,0,0.0,-4,1,0,66250,6,9,14,2,42392,0,0
7144,1.0,-4,0,0,0,0,2,1,2,2,2,-4,-4,0,0.0,-4,2,0,66250,6,9,14,2,10273,0,0
7145,0.0,199908,0,0,0,0,2,1,3,4,5,3,-4,1,0.0,-4,2,0,11250,6,-3,-3,2,27786,0,0
7146,1.0,200011,0,0,1,-2,2,2,4,3,5,-4,-4,1,0.0,-4,1,0,11250,6,-3,-3,2,6493,0,0
7147,1.0,-4,0,0,0,0,1,2,2,2,2,3,-4,0,1.0,0,2,0,500,5,-3,-3,2,-4,0,1
7148,1.0,-4,0,0,0,1,2,2,3,-2,4,-4,-4,1,1.0,-4,2,0,-3,5,-3,-3,2,81960,0,0
7149,0.0,-4,0,0,0,0,2,2,3,3,3,4,-4,0,,2,1,0,33250,3,-4,12,2,19129,0,-4
7150,0.0,199805,2,0,0,1,1,1,2,1,2,-4,-4,0,0.0,-4,1,0,33250,3,-4,12,2,27511,0,-4
7151,1.0,-4,0,0,0,0,1,1,2,1,2,-4,-4,-3,0.0,-4,2,0,47500,5,14,10,2,26419,-5,-5
7152,0.0,-4,0,0,0,2,2,2,3,3,3,3,-4,-3,0.0,-3,2,0,3750,3,13,12,2,11733,0,0
7153,0.0,199611,0,0,0,5,2,1,3,4,3,1,-4,0,0.0,50,1,0,1750,3,12,12,2,49003,0,0
7154,0.0,-4,0,0,0,22,2,2,5,2,4,5,-4,0,0.0,0,2,0,1750,3,12,-3,2,11986,0,0
7155,1.0,-4,0,1,0,2,1,1,2,3,1,3,-4,1,0.0,-2,1,0,2250,2,10,12,2,92679,0,0
7156,0.0,199911,4,0,0,4,3,3,5,3,4,4,-4,0,,0,1,0,78500,3,-4,16,1,-4,1,-4
7157,0.0,200210,0,0,0,2,2,3,2,1,2,-4,-4,0,1.0,-4,1,0,78500,3,18,14,1,-4,0,0
7158,1.0,-4,0,0,0,2,3,3,2,3,1,4,-4,1,0.0,0,2,0,66600,2,-4,12,2,38718,0,1
7159,0.0,199805,0,0,0,10,2,2,2,2,2,-4,-4,0,0.0,-4,1,0,-900,6,-3,12,2,15360,-5,-5
7160,0.0,200206,0,0,0,2,2,3,3,3,3,2,-4,0,,15,1,-4,-4,3,-3,9,2,-4,0,-4
7161,1.0,-4,0,0,0,3,3,3,2,3,1,1,-4,0,0.0,50,2,0,62900,4,-4,12,2,22241,0,-4
7162,1.0,-4,0,0,0,2,2,1,4,2,3,3,-4,1,0.0,13,2,0,572900,5,12,14,2,33901,0,0
7163,1.0,201009,0,0,0,0,1,1,1,1,2,-4,-4,0,0.0,-4,1,0,572900,5,12,14,2,74940,0,0
7164,1.0,201106,0,0,0,5,2,2,1,1,2,-4,-4,0,0.0,-4,2,0,-3,5,12,18,2,39338,0,0
7165,0.0,200408,8,0,0,4,2,2,2,2,1,1,-4,0,,-4,1,0,375600,4,12,12,2,-4,0,0
7166,1.0,-4,0,0,0,2,2,1,1,1,1,-4,-4,1,0.0,-4,2,0,88700,4,18,20,2,14343,0,0
7167,0.0,200904,0,0,0,42,4,4,5,5,3,4,-4,0,,50,1,0,152500,5,9,12,2,11987,0,0
7168,1.0,-4,0,0,0,7,2,2,3,2,1,2,-4,0,0.0,40,1,0,42350,6,11,12,2,50692,0,0
7169,0.0,-4,0,0,0,-2,3,3,3,3,4,-4,-4,0,0.0,-4,2,0,42350,6,11,12,2,19830,0,0
7170,1.0,-4,0,0,0,1,1,2,3,4,2,3,-4,-3,0.0,-3,1,0,331500,5,18,14,2,53445,0,0
7171,1.0,-4,0,0,0,3,2,2,3,2,3,-4,-4,1,0.0,-4,1,0,331500,5,18,14,2,24878,0,0
7172,0.0,-4,0,-4,-4,-4,2,2,1,1,2,-4,-4,0,0.0,-4,2,0,125150,3,12,12,2,9940,-5,-5
7173,1.0,-4,0,0,0,0,2,1,2,4,2,3,-4,0,0.0,10,2,0,500,6,-3,-3,2,-4,0,0
7174,1.0,-4,0,0,0,0,2,3,1,1,1,-4,-4,0,0.0,-4,1,0,500,6,-3,-3,2,83453,0,0
7175,1.0,-4,0,0,0,10,2,3,3,3,2,5,-4,0,,50,2,0,3200,3,12,12,1,56277,0,-4
7176,1.0,-4,0,0,2,0,2,3,1,1,1,-4,-4,0,0.0,-4,2,0,3200,3,12,12,1,17910,0,-2
7177,1.0,-4,0,0,0,0,2,3,2,2,1,-4,-4,0,0.0,-4,2,0,6250,2,12,12,2,71261,0,0
7178,0.0,-4,0,0,0,0,1,1,1,1,1,-4,-4,0,0.0,-4,2,0,800,6,6,8,2,2270,0,0
7179,0.0,-4,0,0,1,2,2,3,3,1,2,1,-4,0,0.0,25,1,0,24500,5,9,6,2,8896,0,0
7180,1.0,-4,0,0,0,1,2,2,3,-2,2,4,-4,1,1.0,3,2,0,-3,4,15,15,1,-4,0,0
7181,1.0,-4,0,0,0,2,2,1,2,2,4,-4,-4,1,0.0,-4,1,0,-3,4,15,15,1,-4,0,0
7182,1.0,-4,0,0,0,1,2,1,2,1,2,4,-4,0,,46,2,-1,-3,3,15,12,1,-4,0,0
7183,1.0,-4,0,0,0,0,2,1,3,2,1,2,-4,1,0.0,-4,2,0,259500,4,16,16,1,-4,0,0
7184,1.0,-4,0,3,0,2,2,2,1,1,1,-4,-4,0,0.0,-4,1,-4,-4,5,5,-3,1,63692,0,0
7185,0.0,201403,1,0,0,0,2,2,1,1,1,-4,-4,0,,-4,2,1,348501,4,-4,-4,2,22989,0,0
7186,1.0,200809,0,0,0,2,2,4,4,4,2,4,-4,0,0.0,20,1,0,-3,2,16,16,1,59360,0,0
7187,1.0,199502,0,0,0,8,2,2,3,3,1,3,-4,0,0.0,1,2,0,144500,2,14,16,2,75597,0,0
7188,1.0,-4,0,0,0,2,2,3,4,4,2,4,-4,0,0.0,50,2,0,245750,4,12,12,1,16364,0,0
7189,0.0,-4,0,0,0,-2,3,4,1,1,4,-4,-4,0,,-4,2,0,2250,4,-4,3,2,-4,-5,-5
7190,1.0,-4,0,0,0,2,3,3,4,5,1,3,-4,0,,0,1,0,75570,6,8,11,2,53481,0,0
7191,0.0,199110,0,2,0,4,2,4,3,3,2,5,-4,0,0.0,25,1,0,7500,7,6,6,2,64735,0,0
7192,0.0,200706,1,2,2,3,2,3,4,4,1,5,-4,0,0.0,25,2,0,7500,7,6,6,2,42657,0,0
7193,1.0,-4,0,50,0,0,2,2,3,4,2,4,-4,1,1.0,1,1,0,209250,4,19,12,2,73245,0,0
7194,1.0,-4,0,0,0,6,1,2,2,1,1,1,-4,0,0.0,0,2,0,-3,5,10,8,2,37027,0,0
7195,1.0,-4,0,1,0,4,3,2,1,1,4,-4,-4,1,0.0,-4,1,0,-3,5,10,8,2,30298,0,0
7196,0.0,-4,0,0,0,3,2,2,4,4,2,2,-4,1,,10,1,0,-5785,7,-4,16,2,30864,0,-4
7197,0.0,-4,0,1,0,0,2,1,3,4,2,3,-4,1,1.0,15,1,0,-5785,7,-4,16,2,54440,0,-4
7198,1.0,199706,0,0,0,1,2,2,3,3,2,-4,-4,0,0.0,-4,2,0,-5785,7,-4,16,2,65084,0,0
7199,1.0,-4,0,1,0,5,2,2,2,1,4,-4,-4,0,0.0,-4,2,0,-5785,7,-4,16,2,48837,0,0
7200,1.0,-4,0,0,0,4,2,2,1,1,1,1,-4,0,0.0,0,2,0,-3,3,12,10,2,56556,0,0
7201,1.0,200508,0,0,0,2,2,2,4,4,2,3,-4,0,0.0,50,1,0,12250,4,-3,9,2,37943,0,-4
7202,1.0,200310,1,3,0,2,2,3,2,1,4,-4,-4,0,1.0,-4,1,0,22700,5,9,8,2,16506,0,0
7203,0.0,200102,0,1,2,2,2,3,-2,-2,-2,-4,-4,0,,-4,1,0,22700,5,9,8,2,-4,0,0
7204,0.0,199805,0,0,0,6,2,2,4,1,2,2,-4,0,0.0,10,2,0,33410,6,-4,12,2,33884,0,0
7205,1.0,200903,0,0,0,3,2,2,1,3,1,1,-4,0,0.0,-4,1,0,-3,6,14,12,2,-4,0,0
7206,1.0,-4,0,0,0,0,2,2,3,1,2,2,-4,0,0.0,-4,1,0,146500,4,12,12,2,96437,0,0
7207,1.0,-4,0,0,0,0,2,2,5,5,5,1,-4,0,,20,1,-4,-4,5,6,7,2,-4,0,0
7208,0.0,-4,0,1,0,4,2,2,2,1,3,-4,-4,0,0.0,-4,2,0,3750,5,-4,95,2,19203,0,0
7209,0.0,201104,0,0,0,2,2,2,-2,1,3,-4,-4,0,0.0,-4,1,0,3750,6,11,11,2,52899,0,0
7210,1.0,-4,0,0,0,8,2,2,4,4,3,2,-4,0,0.0,-4,1,0,-2750,7,-3,-3,2,41365,0,0
7211,1.0,-4,0,0,0,0,2,2,3,4,3,3,-4,0,,3,2,-4,-4,5,14,14,2,-4,0,0
7212,0.0,-4,0,0,0,0,2,2,4,2,3,-4,-4,0,,-4,1,-4,-4,5,14,14,2,-4,0,0
7213,1.0,-4,0,0,1,10,2,2,4,4,4,-4,-4,0,,-4,2,0,8250,5,14,6,2,56420,0,0
7214,0.0,-4,0,0,2,2,3,3,1,1,1,-4,-4,1,,-4,1,0,8250,5,14,6,2,-4,0,0
7215,1.0,-4,0,0,0,0,1,1,3,2,1,-4,-4,1,0.0,-4,2,0,35600,5,12,15,1,-4,0,0
7216,1.0,-4,0,0,0,2,2,1,1,1,1,-4,-4,0,0.0,-4,1,0,500,2,-3,-3,1,-4,0,-2
7217,1.0,-4,0,0,0,3,1,2,3,2,1,4,-4,0,0.0,50,2,0,38661,3,12,12,1,-4,0,0
7218,0.0,-4,0,0,0,3,2,2,1,1,1,1,-4,1,0.0,0,2,0,43955,6,-3,14,1,-4,0,-4
7219,0.0,199406,1,0,0,6,2,3,3,2,1,4,-4,-3,,3,1,0,43955,6,-3,14,1,43852,0,-4
7220,0.0,199901,1,1,3,1,1,2,1,1,1,-4,-4,1,0.0,-4,1,0,500,7,12,11,2,50643,0,0
7221,1.0,-4,0,0,0,3,2,1,2,1,1,-4,-4,0,0.0,-4,1,0,-21400,3,15,15,1,-4,0,0
7222,1.0,-4,0,0,0,2,1,1,3,4,2,3,-4,0,,0,1,0,16500,6,3,12,2,79338,0,0
7223,1.0,-4,0,0,0,4,1,1,2,2,2,-4,-4,0,,-4,1,0,16500,6,8,12,2,72074,-5,-5
7224,0.0,-4,0,1,1,5,2,2,2,1,2,3,-4,0,,0,1,0,102500,4,10,12,1,49956,0,0
7225,1.0,-4,0,0,0,0,1,2,2,2,1,1,-4,0,0.0,10,1,0,-3,5,16,13,2,80527,0,1
7226,1.0,-4,0,0,0,3,2,2,4,5,4,-4,-4,1,0.0,-4,2,0,-3,5,16,13,2,29003,0,1
7227,0.0,-4,0,0,0,3,2,2,5,2,2,3,-4,0,0.0,25,1,-4,-4,5,-3,5,2,6921,0,0
7228,0.0,201701,0,0,0,1,2,1,5,4,4,3,-4,0,0.0,-4,1,-4,-4,5,6,-3,2,-4,0,0
7229,0.0,200504,3,0,0,2,2,2,1,1,1,-4,-4,0,,-4,1,-4,-4,5,6,-3,2,24998,0,0
7230,0.0,199609,2,0,10,36,2,2,3,4,5,-2,-4,0,,50,2,1,500,10,-3,12,1,1179,0,0
7231,0.0,199704,4,-4,-4,-4,2,2,2,1,1,3,-4,-1,0.0,-1,1,1,500,10,-3,12,1,-4,-5,-5
7232,0.0,199402,0,0,0,0,1,1,1,1,-2,5,-4,0,0.0,10,2,1,500,10,-3,12,1,5118,0,0
7233,0.0,199605,2,0,3,1,3,2,1,1,1,-4,-4,0,,-4,1,1,500,10,-3,12,1,1134,0,0
7234,0.0,199702,3,0,6,4,2,2,3,-2,-2,-4,-4,0,0.0,-4,1,1,500,10,-3,12,1,19855,0,0
7235,1.0,-4,0,0,0,0,2,1,3,3,2,-4,-4,0,0.0,-4,2,0,13500,4,14,14,1,-4,0,0
7236,0.0,200106,5,0,0,1,1,1,2,1,2,-4,-4,0,0.0,-4,2,-4,-4,3,-3,12,1,18833,0,-2
7237,0.0,200308,0,3,1,-2,2,2,3,2,2,3,-4,1,0.0,100,2,0,-3,5,-3,6,2,-4,0,0
7238,1.0,200008,0,0,0,4,2,2,4,4,3,2,-4,0,,0,1,-4,-4,4,12,12,2,-4,-5,-5
7239,1.0,-4,0,0,0,0,1,1,2,1,1,2,-4,0,0.0,50,1,0,500,2,14,6,2,-4,0,0
7240,0.0,201702,0,0,0,4,2,2,4,3,3,4,-4,0,0.0,15,2,0,-3,5,8,8,2,18243,0,0
7241,0.0,-4,0,0,0,1,2,1,2,1,1,-4,-4,0,0.0,-4,2,-4,-4,4,9,9,2,-4,0,0
7242,1.0,200408,0,0,0,0,2,2,1,1,1,-2,-4,0,0.0,0,1,0,-3,4,9,10,2,22547,0,0
7243,0.0,-4,0,1,0,0,2,2,1,1,3,3,-4,0,0.0,0,2,0,-3,7,6,5,2,30575,0,0
7244,0.0,-4,0,0,0,2,2,2,2,1,2,-4,-4,0,0.0,-4,2,0,-3,7,6,5,2,41393,0,0
7245,0.0,199701,0,1,0,30,4,3,4,4,2,5,-4,-3,,10,1,0,52600,6,12,12,1,-4,0,0
7246,0.0,199008,0,0,1,1,2,2,3,3,4,3,-4,-3,0.0,0,1,0,52600,6,12,11,1,16452,0,0
7247,0.0,199908,1,0,1,0,2,3,1,1,5,-4,-4,0,,-4,1,1,52600,6,-3,12,1,13148,0,-4
7248,0.0,199608,2,0,6,0,2,3,2,1,1,-4,-4,0,0.0,-4,1,0,52600,6,-3,11,1,5113,0,0
7249,0.0,199909,3,0,0,10,2,2,3,3,2,3,-4,0,,2,1,-4,-4,7,-3,10,1,4523,-5,-5
7250,0.0,199709,2,0,0,60,2,2,5,5,2,3,-4,0,,3,1,-4,-4,7,-3,10,1,-4,-5,-5
7251,0.0,199601,0,0,0,50,2,2,4,5,5,5,-4,-3,0.0,50,1,-4,-4,7,-4,11,1,7606,0,0
7252,1.0,-4,0,0,0,6,2,3,2,1,2,-4,-4,0,0.0,-4,1,1,-3,2,12,12,1,61554,0,0
7253,0.0,200008,0,0,0,0,1,2,1,1,3,-4,-4,0,0.0,-4,1,-4,-4,2,-4,12,1,-4,0,0
7254,0.0,-4,0,0,0,0,2,2,2,3,1,3,-4,0,0.0,0,1,0,85000,6,12,12,2,23479,-5,-5
7255,1.0,-4,0,0,1,5,2,2,4,1,1,-4,-4,1,,-4,1,0,85000,6,12,12,2,31063,-5,-5
7256,1.0,199809,0,0,0,0,3,3,4,4,2,4,-4,1,,0,1,0,177500,5,13,13,1,-4,-5,-5
7257,1.0,199806,0,1,1,1,2,4,2,1,1,4,-4,1,0.0,40,1,0,427001,4,16,16,1,61468,0,0
7258,1.0,199706,0,0,0,0,2,2,4,3,1,-4,-4,0,0.0,-4,2,0,195500,3,14,18,1,-4,0,0
7259,1.0,200402,0,0,0,2,2,2,4,3,2,3,-4,0,,-4,1,0,70500,3,-4,14,1,41587,-5,-5
7260,0.0,199703,0,0,0,10,3,2,3,4,2,5,-4,0,,0,1,0,170500,5,12,12,2,11621,0,0
7261,0.0,-4,0,0,0,1,2,2,3,2,2,-4,-4,0,0.0,-4,1,0,148500,5,12,12,2,19964,0,0
7262,1.0,-4,0,0,0,2,1,2,4,2,5,-4,-4,0,0.0,-4,2,0,49600,5,12,12,2,-4,0,0
7263,0.0,200806,0,0,0,0,2,2,1,1,1,5,-4,0,1.0,0,2,0,-3,6,11,11,1,-4,0,0
7264,0.0,200805,0,0,0,4,2,2,1,1,1,5,-4,1,0.0,0,2,0,-3,6,11,11,1,-4,0,0
7265,0.0,200206,0,0,0,1,2,2,1,1,1,-2,-4,0,0.0,-4,1,0,-3,6,11,11,1,-4,0,0
7266,0.0,-4,0,0,0,1,2,2,1,1,1,-4,-4,0,0.0,-4,1,0,40400,4,12,12,1,4526,0,0
7267,0.0,-4,0,0,1,5,4,2,1,1,1,-4,-4,0,0.0,-4,1,0,7500,4,-3,12,1,3397,0,0
7268,1.0,-4,0,0,0,3,2,2,4,4,2,-4,-4,0,0.0,-4,2,0,17500,4,16,14,1,1646,0,0
7269,0.0,-4,0,0,0,8,1,3,4,4,1,-4,-4,0,0.0,-4,2,0,17500,4,16,14,1,10343,0,0
7270,0.0,-4,0,0,0,4,2,3,3,1,1,-4,-4,1,0.0,-4,2,0,600,4,16,12,1,54711,0,0
7271,1.0,-4,0,0,0,2,2,1,1,1,1,-4,-4,0,0.0,-4,1,0,12500,4,12,12,1,5939,0,0
7272,1.0,200203,0,2,1,3,2,3,4,2,3,-4,-4,1,0.0,-4,1,0,65500,3,14,12,1,27405,0,0
7273,0.0,200004,0,0,0,10,2,2,4,4,1,3,-4,1,0.0,0,2,0,21700,3,12,9,1,23724,0,0
7274,0.0,-4,0,0,0,3,1,1,2,1,1,5,-4,0,0.0,-4,1,0,33450,6,14,12,1,4528,0,0
7275,1.0,-4,0,0,0,3,2,3,2,1,1,-4,-4,0,0.0,-4,2,0,13500,5,12,13,1,37492,0,0
7276,0.0,-4,0,0,0,1,2,2,2,1,1,-4,-4,0,1.0,-4,1,0,21100,5,10,11,1,5725,0,0
7277,0.0,-4,0,0,0,5,2,2,5,4,2,-4,-4,0,0.0,-4,1,0,21100,5,10,11,1,28191,0,0
7278,1.0,-4,0,0,0,3,2,3,2,1,1,-4,-4,0,0.0,-4,1,0,5000,4,9,15,1,16630,0,0
7279,1.0,-4,0,0,0,3,2,2,4,4,1,-4,-4,0,0.0,-4,2,0,77500,6,12,12,1,61833,0,0
7280,0.0,200305,1,0,0,6,2,2,-2,-2,1,-2,-4,0,0.0,-4,1,-4,-4,3,-3,12,1,-4,1,0
7281,1.0,-4,0,0,1,2,2,2,1,1,1,-4,-4,1,0.0,-4,2,-4,-4,3,-3,12,1,-4,0,0
7282,0.0,200909,2,0,1,6,3,3,5,1,1,1,-4,0,0.0,0,1,0,37500,4,9,8,1,277,0,0
7283,0.0,200001,0,0,1,3,4,3,1,1,2,4,-4,0,0.0,0,1,0,22500,4,11,12,1,573,0,0
7284,0.0,-4,0,0,1,9,2,3,1,1,1,1,-4,1,0.0,3,2,0,52800,5,17,13,2,-4,0,0
7285,1.0,-4,0,0,0,2,2,3,2,1,1,-4,-4,0,0.0,-4,1,0,34000,3,14,13,1,38998,0,0
7286,1.0,-4,0,0,0,3,2,2,3,3,1,-4,-4,0,0.0,-4,2,0,-3,2,-4,12,1,-4,0,0
7287,0.0,200612,1,0,0,5,1,1,1,1,1,3,-4,0,0.0,0,1,0,13750,5,7,13,1,-4,0,0
7288,0.0,-4,0,0,0,6,1,2,1,1,1,-4,-4,0,0.0,-4,1,0,13750,5,7,13,1,36939,0,0
7289,0.0,-4,0,0,0,0,1,2,2,3,1,-4,-4,0,0.0,-4,1,0,48400,3,-4,12,1,67286,0,0
7290,1.0,-4,0,3,1,5,3,3,5,2,5,-4,-4,1,0.0,-4,1,0,65001,6,13,16,1,30098,0,0
7291,0.0,-4,0,0,0,3,3,1,4,4,3,5,-4,0,0.0,0,2,0,71001,4,12,14,1,46718,0,0
7292,1.0,-4,0,0,0,2,2,1,3,2,2,3,-4,0,0.0,0,1,0,-1000,3,13,12,1,18997,0,0
7293,1.0,-4,0,0,0,1,2,3,1,1,1,3,-4,1,1.0,25,2,0,68001,4,18,16,1,38932,0,0
7294,1.0,-4,0,12,3,0,4,1,1,2,1,-4,-4,1,0.0,-4,2,0,68001,4,18,16,1,41312,0,0
7295,0.0,-4,0,0,0,0,2,1,3,2,1,4,-4,0,,0,2,-4,-4,3,12,14,1,32959,-5,-5
7296,1.0,-4,0,0,0,10,2,2,2,2,1,-4,-4,0,0.0,-4,2,0,108900,4,12,8,1,70420,0,0
7297,0.0,199703,1,1,4,1,3,3,5,2,5,5,-4,1,1.0,-4,1,0,50501,6,-3,11,1,-4,0,0
7298,0.0,200603,0,0,0,2,1,2,1,1,2,-4,-4,0,,-4,1,0,28750,6,14,12,1,-4,0,0
7299,1.0,-4,0,0,1,1,2,2,1,2,2,-4,-4,0,0.0,-4,1,0,32750,3,-4,12,1,-4,0,-4
7300,0.0,200203,2,2,1,3,2,2,3,1,3,-4,-4,0,,-4,1,0,-3,5,-4,12,1,-4,0,-4
7301,1.0,-4,0,0,0,3,2,3,3,3,4,3,-4,0,0.0,0,2,0,66512,4,12,11,1,18768,0,0
7302,0.0,-4,0,0,0,0,2,2,1,1,1,-4,-4,0,0.0,-4,2,-4,-4,5,12,12,1,5226,0,0
7303,1.0,200005,0,0,0,12,2,1,1,2,4,5,-4,1,1.0,13,2,0,21500,3,12,12,1,38096,0,0
7304,1.0,-4,0,0,0,7,2,1,1,1,1,2,-4,1,0.0,25,2,0,75500,3,12,14,1,62563,0,0
7305,1.0,-4,0,0,0,-2,2,2,1,1,1,-4,-4,0,0.0,-4,2,0,75500,3,12,14,1,17738,0,0
7306,1.0,-4,0,0,0,2,3,3,4,3,4,3,-4,0,0.0,-4,2,0,64800,2,14,20,1,49089,0,-4
7307,1.0,-4,0,0,0,4,2,3,5,3,4,5,-4,1,0.0,-4,1,0,160700,4,-4,11,1,42822,0,0
7308,1.0,-4,0,0,0,1,2,2,4,4,3,5,-4,1,0.0,0,1,0,-3,4,16,16,1,42741,0,0
7309,1.0,-4,0,1,1,1,1,1,3,2,1,3,-4,0,0.0,0,1,0,13100,4,17,18,1,50701,-5,-5
7310,0.0,200202,1,0,0,14,4,4,5,3,3,5,-4,1,0.0,10,1,-4,-4,4,11,12,1,8004,0,0
7311,1.0,200005,0,0,0,4,1,1,2,3,2,4,-4,0,0.0,0,1,0,44610,3,14,14,1,-4,0,0
7312,1.0,200306,0,0,0,5,1,2,2,1,1,-4,-4,0,0.0,-4,1,0,44610,3,14,14,1,-4,0,0
7313,1.0,200703,0,2,0,0,2,4,4,4,4,5,-4,0,0.0,50,2,0,34500,5,-3,12,1,68141,0,0
7314,1.0,200706,0,0,0,2,2,2,1,-2,-2,-4,-4,0,0.0,-4,1,0,34500,5,-3,12,1,20197,0,0
7315,0.0,-4,0,0,0,0,1,2,1,1,1,1,-4,0,0.0,0,1,0,84500,6,11,14,1,-4,0,0
7316,0.0,199709,0,0,1,3,1,1,2,1,1,-4,-4,0,0.0,-4,1,0,3750,5,12,12,1,475,0,0
7317,0.0,-4,0,0,0,1,2,2,2,1,1,-4,-4,0,0.0,-4,2,0,3750,5,12,12,1,7570,0,0
7318,0.0,-4,0,0,0,3,2,3,3,3,3,5,-4,1,1.0,10,2,-4,-4,5,12,9,1,1934,0,-2
7319,0.0,-4,0,-4,-4,-4,2,4,1,1,2,4,-4,0,0.0,0,2,0,7500,8,-3,10,1,-4,0,-4
7320,0.0,-4,0,0,0,15,2,2,1,1,1,1,-4,0,0.0,-2,1,0,7500,8,-3,10,1,-4,0,-4
7321,0.0,-4,0,0,0,5,3,2,1,1,3,-4,-4,1,0.0,-4,2,0,-16525,5,16,12,1,32328,0,0
7322,1.0,-4,0,1,3,1,2,3,3,-2,-2,-4,-4,0,0.0,-4,1,0,62989,4,16,16,1,47372,0,0
7323,1.0,-4,0,1,2,0,2,2,4,1,1,-4,-4,0,0.0,-4,1,0,160300,5,18,16,1,42198,0,0
7324,1.0,-4,0,0,0,4,1,3,3,3,1,3,-4,0,0.0,0,2,0,76500,3,16,16,1,85218,0,0
7325,0.0,-4,0,0,10,0,3,4,5,2,4,-4,-4,0,0.0,-4,1,0,162500,6,12,12,1,30648,0,0
7326,0.0,200101,3,0,10,10,2,3,5,3,1,-4,-4,1,0.0,-4,1,0,6700,6,12,12,1,-4,-5,-5
7327,0.0,-4,0,7,0,5,3,4,3,3,1,-4,-4,0,0.0,-4,2,0,6700,6,12,12,1,-4,0,0
7328,0.0,-4,0,0,0,2,2,2,3,4,1,3,-4,1,0.0,30,2,0,-3,8,12,12,1,38293,0,0
7329,0.0,-4,0,0,0,2,2,2,1,1,1,-4,-4,1,0.0,-4,2,0,-3,8,12,12,1,39578,0,0
7330,0.0,-4,0,0,0,1,2,2,3,2,1,-4,-4,1,0.0,-4,2,0,7750,2,12,12,1,46004,0,-4
7331,0.0,-4,0,3,2,1,2,2,1,1,2,-4,-4,0,0.0,-4,1,1,83041,7,-3,12,1,6216,-5,-5
7332,0.0,200508,5,0,0,4,3,4,3,1,1,1,-4,0,0.0,0,1,0,31500,2,-3,10,1,20175,0,0
7333,0.0,-4,0,0,0,0,2,2,1,-2,1,-2,-4,0,0.0,0,2,0,23000,5,-3,11,1,5428,0,0
7334,0.0,200408,0,0,0,6,2,4,3,1,1,4,-4,1,,0,1,0,32750,5,12,11,1,21864,-5,-5
7335,0.0,-4,0,0,0,0,2,3,3,1,1,3,-4,0,0.0,-4,1,0,32750,5,12,11,1,18953,0,0
7336,1.0,200806,0,0,0,1,1,2,1,1,1,-4,-4,0,0.0,-4,1,0,32750,5,12,11,1,66306,0,0
7337,1.0,199712,0,0,1,0,2,2,1,-2,1,-4,-4,1,0.0,-4,1,0,308201,4,12,14,1,24447,0,0
7338,0.0,-4,0,5,2,3,2,4,5,1,2,-4,-4,1,0.0,-4,1,0,9450,3,-4,10,1,25593,0,-2
7339,0.0,200106,2,0,0,4,2,2,4,2,1,3,-4,0,,13,1,0,45750,2,5,12,2,18303,-5,-5
7340,0.0,-4,0,2,1,17,2,4,2,4,3,3,-4,1,1.0,50,2,1,2650,3,-3,8,2,32626,0,-4
7341,0.0,200801,1,1,0,5,2,1,3,2,3,-4,-4,1,0.0,-4,2,0,2650,3,-3,8,2,10404,0,0
7342,0.0,200101,2,0,1,0,3,4,2,5,1,-4,-4,0,0.0,-4,1,0,25900,7,-3,12,1,10791,0,-4
7343,0.0,-4,0,0,0,0,2,2,4,3,1,-4,-4,0,0.0,-4,1,0,33750,5,12,12,2,29563,1,-4
7344,0.0,-4,0,0,2,2,2,2,2,2,3,-4,-4,0,,-4,2,0,33750,5,12,12,2,35116,-2,-4
7345,0.0,-4,0,0,0,5,2,2,3,2,3,-4,-4,0,0.0,-4,1,0,1750,3,-3,12,1,9341,0,0
7346,0.0,199611,0,0,1,5,3,3,3,3,4,3,-4,0,1.0,3,1,0,5250,5,12,11,2,24889,-5,-5
7347,0.0,200006,0,1,0,7,2,3,2,1,2,-4,-4,1,,-4,1,0,5250,5,11,11,2,29702,0,0
7348,1.0,200609,0,0,0,2,2,2,2,4,3,-4,-4,0,0.0,-4,2,0,101500,4,12,12,2,57984,0,0
7349,0.0,199611,0,0,0,25,2,3,1,5,3,4,-4,0,0.0,50,1,0,9950,6,8,10,2,23256,0,0
7350,0.0,199508,0,-4,-4,-4,2,2,3,5,4,4,-4,0,0.0,40,1,0,9950,6,8,10,2,12671,0,-4
7351,1.0,-4,0,1,0,4,2,2,1,1,3,-4,-4,0,0.0,-4,2,0,9950,6,8,10,2,28131,0,-4
7352,0.0,-4,0,0,0,10,2,2,-2,-2,-2,-4,-4,0,,-4,1,0,2250,2,-3,12,1,33619,0,0
7353,0.0,199602,1,0,0,5,2,2,3,1,4,1,-4,0,,-4,1,0,10750,6,15,11,2,17935,-5,-5
7354,0.0,199703,1,0,1,12,2,2,2,3,1,-2,-4,0,,0,1,0,-3,5,12,9,2,21135,0,0
7355,0.0,200011,0,1,0,14,2,2,2,1,2,-4,-4,1,0.0,-4,1,-4,-4,5,-4,-3,2,14851,-5,-5
7356,1.0,-4,0,0,2,30,2,2,3,1,4,-4,-4,0,0.0,-4,1,0,500,6,3,6,2,15582,0,0
7357,0.0,-4,0,0,0,2,2,2,3,3,2,2,-4,0,0.0,0,2,0,-3150,9,12,14,2,12075,0,0
7358,0.0,201706,0,0,0,14,2,4,1,1,1,-4,-4,0,1.0,-4,1,-4,-4,9,12,14,2,29434,0,0
7359,0.0,-4,0,15,0,2,1,2,1,1,2,-4,-4,1,0.0,-4,2,-4,-4,9,13,-3,2,-4,0,0
7360,1.0,200406,0,20,4,40,2,4,3,3,4,3,-4,0,,50,1,0,61700,6,12,16,2,88045,0,0
7361,0.0,199904,0,0,0,10,2,1,3,2,3,-4,-4,0,0.0,-4,1,0,15750,6,15,11,2,5646,0,0
7362,1.0,-4,0,0,0,6,2,1,3,4,1,3,-4,0,0.0,10,1,0,57000,3,16,14,2,48747,0,0
7363,0.0,-4,0,7,3,12,2,3,4,3,5,-4,-4,0,1.0,-4,1,0,1950,6,7,9,2,7043,-5,-5
7364,1.0,199712,0,0,2,13,2,2,3,1,3,-4,-4,0,0.0,-4,1,0,21150,3,10,7,2,12537,0,0
7365,1.0,201008,0,0,1,4,3,3,4,3,1,4,-4,0,0.0,0,2,-4,-4,6,12,12,1,-4,0,0
7366,1.0,-4,0,0,0,2,2,3,1,3,1,4,-4,0,0.0,0,2,-4,3250,6,12,9,1,64209,0,0
7367,1.0,-4,0,0,0,2,2,3,2,1,1,-4,-4,0,0.0,-4,2,-4,-4,6,12,12,1,34925,0,0
7368,1.0,-4,0,0,0,0,2,2,1,1,1,2,-4,0,,0,2,0,1750,3,12,12,1,31584,0,0
7369,0.0,-4,0,0,0,2,2,2,3,3,2,1,-4,0,0.0,0,1,0,8250,7,12,8,1,2746,0,0
7370,0.0,-4,0,0,0,0,3,3,5,2,5,-4,-4,0,1.0,-4,2,0,8250,7,12,8,1,156,0,0
7371,1.0,-4,0,0,0,1,2,3,2,3,5,-4,-4,0,0.0,-4,2,0,8250,7,12,8,1,5178,0,0
7372,1.0,201608,1,0,0,5,2,2,4,4,3,-4,-4,0,0.0,-4,1,0,41000,2,12,12,1,8159,0,0
7373,1.0,-4,0,0,0,2,2,1,1,1,1,2,-4,0,0.0,0,2,0,-3,4,-3,12,1,35899,0,-2
7374,1.0,-4,0,0,0,1,2,2,5,3,5,-4,-4,1,0.0,-4,2,0,-3,4,-3,12,1,16777,0,-2
7375,0.0,200101,5,0,0,3,2,2,2,1,1,-4,-4,1,1.0,-4,1,0,6250,2,12,12,1,17122,0,0
7376,0.0,-4,0,2,0,1,3,2,5,5,5,5,-4,0,0.0,50,1,0,3150,7,-3,12,1,3594,0,1
7377,0.0,199701,2,0,2,-2,3,4,3,3,4,5,-4,0,,100,1,0,3150,7,-3,12,1,5133,0,0
7378,0.0,-4,0,0,0,2,2,2,2,2,4,-4,-4,0,0.0,-4,2,0,3150,7,-3,12,1,11052,0,0
7379,0.0,-4,0,1,4,3,1,4,3,3,2,3,-4,0,0.0,0,2,0,250,4,-3,12,1,11610,0,1
7380,1.0,199712,0,0,0,2,2,2,3,3,3,-4,-4,0,0.0,-4,2,0,250,4,-3,12,1,20036,0,0
7381,1.0,-4,0,0,0,0,2,2,4,2,2,3,-4,1,0.0,0,2,0,23500,4,14,12,1,-4,0,0
7382,0.0,-4,0,0,0,0,2,2,4,3,-2,-2,-4,0,0.0,0,2,0,-2250,4,11,12,1,3480,0,-2
7383,1.0,-4,0,0,0,4,1,1,2,2,1,2,-4,0,0.0,3,1,0,-2250,4,11,12,1,12558,0,0
7384,0.0,-4,0,1,0,3,2,2,2,2,1,-4,-4,0,0.0,-4,2,0,-2250,4,11,12,1,3642,0,0
7385,1.0,-4,0,0,0,0,2,3,3,3,1,4,-4,0,0.0,0,2,0,9070,2,12,14,1,54146,0,0
7386,1.0,-4,0,0,0,0,2,3,5,4,1,-4,-4,0,0.0,-4,1,0,33000,2,12,16,1,19465,0,0
7387,0.0,-4,0,0,0,7,2,3,1,1,1,1,-4,0,,5,1,-4,-4,4,16,16,1,1783,0,0
7388,1.0,-4,0,2,0,8,3,3,2,1,1,-4,-4,0,0.0,-4,2,0,-3,4,16,16,1,31590,0,0
7389,1.0,-4,0,0,0,0,2,2,2,1,2,-4,-4,0,,-4,1,0,78250,4,12,12,1,41915,0,0
7390,1.0,-4,0,0,0,4,2,3,2,3,1,-4,-4,0,0.0,-4,2,0,40750,5,12,12,1,51072,0,1
7391,0.0,-4,0,0,0,0,1,1,2,2,2,2,-4,0,0.0,0,2,0,1634,6,14,13,1,12388,0,0
7392,0.0,-4,0,4,0,3,2,3,5,3,3,4,-4,0,0.0,0,2,0,600000,4,12,16,1,-4,0,0
7393,1.0,-4,0,0,0,1,1,3,3,5,2,5,-4,0,0.0,0,1,0,600000,4,12,16,1,-4,0,0
7394,1.0,200001,1,0,0,0,2,1,1,1,4,-4,-4,1,0.0,-4,1,0,-3,4,-3,12,1,25614,0,0
7395,1.0,200207,0,0,0,0,2,3,1,1,2,-4,-4,0,0.0,-4,2,0,13750,4,16,14,1,46538,0,0
7396,0.0,199910,0,0,2,9,2,2,3,2,3,-4,-4,1,1.0,-4,1,0,10500,5,-3,12,1,35292,0,0
7397,0.0,199303,2,12,5,5,3,2,3,2,5,-4,-4,0,0.0,-4,1,0,10500,5,-3,12,1,600,0,0
7398,0.0,200503,5,9,3,6,2,3,3,1,4,-4,-4,0,0.0,-4,1,0,10500,5,-3,12,1,-4,0,0
7399,,200601,0,0,0,17,2,3,4,1,1,3,-4,0,0.0,0,2,0,500,5,12,12,1,-4,0,0
7400,0.0,200711,1,0,0,30,2,3,5,4,5,-2,-4,0,,-4,2,0,500,5,12,12,1,10972,0,1
7401,0.0,-4,0,10,0,0,3,2,3,1,3,-4,-4,1,0.0,-4,2,0,-3,3,12,12,1,33269,0,0
7402,0.0,-4,0,0,0,5,1,4,4,4,2,5,-4,0,,0,1,0,50000,3,13,13,1,7219,0,-4
7403,1.0,199802,0,2,3,0,1,3,1,1,1,-4,-4,0,0.0,-4,1,0,50000,3,13,13,1,9060,0,0
7404,0.0,-4,0,0,0,6,3,2,1,3,1,-4,-4,0,0.0,-4,2,0,3750,6,9,12,1,22636,0,0
7405,0.0,199807,0,0,0,2,2,1,4,3,1,4,-4,0,1.0,20,1,1,425,5,-3,11,1,-4,0,-4
7406,0.0,199303,0,0,3,0,2,3,4,1,4,4,-4,0,0.0,0,2,1,425,5,-3,11,1,1028,0,0
7407,0.0,199704,0,4,0,13,3,1,1,1,3,-4,-4,0,0.0,-4,2,1,425,5,-3,11,1,4894,0,1
7408,0.0,-4,0,0,0,4,1,1,1,2,1,1,-4,0,0.0,-4,2,0,63950,7,-3,12,2,20862,0,0
7409,0.0,-4,0,0,0,4,2,2,2,1,1,-4,-4,0,1.0,-4,2,0,1050,7,-3,8,1,3085,0,0
7410,0.0,200309,0,4,4,3,1,3,4,1,4,-4,-4,-3,0.0,-4,2,0,1050,7,-4,12,1,-4,0,-4
7411,1.0,-4,0,1,2,17,1,1,5,4,4,-4,-4,0,0.0,-4,2,1,1050,7,-3,8,1,362,0,0
7412,1.0,200308,0,0,0,3,2,3,3,3,1,-4,-4,0,0.0,-4,1,0,113950,4,16,14,1,24340,0,1
7413,1.0,-4,0,0,0,5,2,2,3,2,1,2,-4,0,0.0,20,1,0,73550,3,12,11,2,-4,-5,-5
7414,1.0,-4,0,3,0,5,2,3,3,3,1,4,-4,0,,40,2,-4,-4,5,12,13,2,69345,-5,-5
7415,0.0,199912,0,0,0,5,2,2,3,3,2,2,-4,0,,-4,1,-4,-4,5,12,13,2,27833,0,0
7416,0.0,-4,0,0,0,0,2,2,4,2,3,4,-4,0,0.0,50,1,0,1750,4,-3,3,2,-4,0,0
7417,0.0,199810,0,0,1,6,3,4,2,1,1,-4,-4,0,0.0,-4,1,0,9150,3,12,12,2,20594,0,-2
7418,1.0,199505,0,0,0,8,2,2,1,1,2,5,-4,0,0.0,35,1,0,131750,5,14,12,1,-4,0,0
7419,1.0,-4,0,0,0,3,1,1,1,1,1,2,-4,0,0.0,-4,2,-4,-4,4,16,14,1,19598,0,0
7420,1.0,-4,0,0,0,10,2,2,1,2,1,2,-4,0,0.0,40,2,0,162501,5,13,12,1,88825,0,0
7421,1.0,199907,0,0,0,3,2,2,1,3,1,-4,-4,0,0.0,-4,1,0,162501,5,13,12,1,66137,-5,-5
7422,1.0,-4,0,1,0,9,2,2,3,2,3,2,-4,0,0.0,-4,2,0,159750,5,5,3,2,-4,0,0
7423,0.0,199810,2,0,1,90,2,3,5,3,5,-4,-4,0,1.0,-4,1,-4,-4,9,3,-3,2,-4,-5,-5
7424,0.0,199602,0,0,2,5,3,2,3,3,4,4,-4,1,1.0,50,1,0,126500,3,-3,5,2,7784,0,0
7425,0.0,199908,0,1,0,2,2,2,2,3,5,-4,-4,1,0.0,-4,1,0,3500,7,8,6,2,15716,0,0
7426,1.0,-4,0,0,0,6,2,2,3,1,1,-4,-4,0,0.0,-4,1,0,101750,4,12,12,2,14048,0,0
7427,0.0,199803,1,0,1,3,2,2,1,1,1,1,-4,0,0.0,-4,1,0,45500,3,11,12,2,33043,0,0
7428,0.0,199808,0,0,2,8,2,2,3,3,3,5,-4,0,,50,1,0,68000,9,-3,12,2,25548,0,0
7429,0.0,200512,1,1,0,5,2,1,1,1,1,-4,-4,1,0.0,-4,2,0,23700,4,12,12,2,32215,0,0
7430,0.0,199701,0,4,0,1,2,2,3,1,3,1,-4,1,1.0,25,1,0,500,5,-3,7,2,8111,0,0
7431,1.0,-4,0,0,0,0,1,1,3,3,1,2,-4,0,0.0,-4,1,-4,-4,4,17,13,2,-4,0,0
7432,1.0,-4,0,1,0,0,1,1,3,3,2,-4,-4,1,0.0,-4,2,0,-3,4,17,13,2,-4,-5,-5
7433,0.0,-4,0,1,0,1,2,2,1,1,1,-4,-4,0,0.0,-4,1,0,190350,4,9,12,2,16392,-5,-5
7434,1.0,-4,0,0,0,8,1,2,3,2,1,2,-4,0,0.0,5,2,0,-12500,6,9,15,2,57254,0,0
7435,0.0,-4,0,0,0,0,1,2,1,1,1,-4,-4,0,0.0,-4,1,0,-12500,6,9,15,2,66353,0,0
7436,0.0,199506,1,0,0,2,2,2,5,5,3,5,-4,-3,,50,1,1,800,5,-3,11,2,6424,0,-2
7437,0.0,-4,0,0,0,4,3,3,1,2,1,-4,-4,0,,-4,2,0,800,5,-3,11,2,1294,0,0
7438,0.0,199305,0,1,0,15,2,2,4,4,4,4,-4,-3,0.0,5,2,0,93500,8,6,3,2,20600,0,0
7439,0.0,200804,0,0,1,1,2,3,5,2,1,-4,-4,0,0.0,-4,1,0,93500,8,6,3,2,7773,-5,-5
7440,1.0,-4,0,0,0,25,3,3,3,5,4,4,-4,1,1.0,0,2,0,13250,7,6,6,2,22976,0,0
7441,0.0,199808,0,0,0,5,3,2,2,3,3,3,-4,0,,50,1,0,13250,7,6,6,2,40026,-5,-5
7442,1.0,-4,0,0,0,1,2,2,3,3,1,1,-4,1,0.0,15,1,0,104500,9,6,6,2,41717,0,0
7443,1.0,200507,0,0,0,0,2,2,3,2,2,-4,-4,1,0.0,-4,2,0,104500,9,6,6,2,7473,0,0
7444,1.0,-4,0,0,0,5,2,3,2,2,1,-4,-4,0,0.0,-4,2,0,-3,7,7,6,2,-4,0,0
7445,0.0,-4,0,0,0,0,2,2,1,1,5,-4,-4,0,0.0,-4,2,0,500,5,-3,4,2,-4,-5,-5
7446,1.0,-4,0,0,0,2,1,2,1,1,1,-4,-4,0,0.0,-4,2,0,500,5,-3,4,2,-4,0,0
7447,1.0,-3,0,0,2,0,2,2,1,1,1,-4,-4,0,1.0,-4,1,-4,-4,2,-4,-3,2,-4,-5,-5
7448,0.0,-4,0,0,0,6,3,2,4,3,2,5,-4,0,0.0,0,1,0,5750,4,12,-3,1,5265,0,0
7449,1.0,-4,0,0,1,3,2,3,1,1,1,-4,-4,0,,-4,1,0,5750,4,12,-3,1,4394,0,0
7451,0.0,-4,0,6,0,2,2,1,2,5,5,2,-4,0,1.0,5,1,0,1500,6,3,6,2,-4,-5,-5
7452,1.0,-4,0,0,0,3,2,2,1,1,1,-4,-4,0,1.0,-4,2,0,1500,6,3,6,2,-4,-5,-5
7453,0.0,200506,3,2,3,0,2,3,1,3,2,-4,-4,0,1.0,-4,1,0,104250,4,6,6,2,-4,0,0
7454,0.0,-4,0,0,0,5,2,3,4,3,2,3,-4,0,,25,2,-4,-4,7,7,4,2,16776,0,0
7455,0.0,200508,0,0,6,2,1,1,3,2,2,-4,-4,0,,-4,1,-4,-4,7,7,4,2,26945,0,0
7456,1.0,-4,0,0,0,1,2,2,4,4,4,1,-4,0,0.0,-4,2,0,104500,4,10,3,2,20265,0,0
7457,1.0,-4,0,1,0,0,1,1,2,1,2,1,-4,0,0.0,-4,1,-4,-4,4,10,3,2,38142,0,0
7458,0.0,199407,2,2,3,75,2,3,2,5,4,5,-4,0,1.0,100,1,0,6550,5,11,10,2,9712,0,1
7459,,-4,0,0,2,5,2,2,5,-2,5,-4,-4,0,,-4,1,-4,-4,5,5,7,2,898,-5,-5
7460,1.0,-4,0,0,0,4,2,2,5,3,3,3,-4,0,0.0,0,2,0,500,3,-3,8,2,15254,0,0
7461,0.0,-4,0,5,15,7,3,2,3,2,4,4,-4,0,0.0,75,1,0,500,6,9,12,2,13542,0,0
7462,0.0,200009,0,1,2,3,2,2,3,1,4,-4,-4,0,1.0,-4,1,0,500,6,9,12,2,1165,0,0
7463,0.0,199901,0,0,0,10,2,1,2,3,4,4,-4,0,0.0,20,1,-4,-4,6,4,8,2,10653,-5,-5
7464,0.0,199611,2,0,0,3,1,2,3,5,4,3,-4,0,0.0,50,1,0,76750,5,6,8,2,31839,0,0
7465,0.0,199810,2,0,0,-2,1,2,1,1,1,-4,-4,1,,-4,1,0,76750,5,6,8,2,23807,0,0
7466,0.0,-4,0,1,1,8,2,2,4,5,5,3,-4,1,0.0,30,1,0,10500,9,-4,6,2,-4,0,0
7467,0.0,-4,0,0,1,7,2,2,2,1,2,-4,-4,0,0.0,-4,2,0,10500,9,-3,6,2,-4,0,0
7468,1.0,-4,0,0,0,3,3,3,2,1,2,-4,-4,0,0.0,-4,2,0,10500,9,-3,6,2,-4,0,1
7469,1.0,-4,0,0,0,1,2,2,2,2,2,2,-4,0,0.0,10,2,0,3500,7,-4,-3,2,15316,0,0
7470,1.0,-4,0,0,0,3,2,1,2,1,2,-4,-4,0,1.0,-4,2,0,10500,4,12,10,2,81454,0,0
7471,0.0,199302,0,0,4,30,2,2,5,1,5,3,-4,0,0.0,5,1,-4,-4,6,-3,7,2,3832,0,0
7472,0.0,199805,1,0,0,8,2,1,1,1,1,-4,-4,0,0.0,-4,1,-4,-4,6,-3,7,2,23778,0,0
7473,0.0,200004,4,0,1,30,2,3,1,1,1,2,-4,0,0.0,0,1,0,23000,7,9,8,2,32731,0,0
7474,1.0,-4,0,0,0,3,2,3,2,2,3,1,-4,1,,-4,1,-4,-4,5,12,12,2,45854,-5,-5
7475,0.0,199811,0,1,1,4,2,2,1,1,3,-4,-4,0,,-4,1,0,3250,3,4,8,2,-4,-5,-5
7476,1.0,-4,0,0,0,3,2,2,3,3,2,3,-4,1,0.0,30,1,0,195000,9,3,4,2,33620,0,0
7477,1.0,201411,0,0,0,12,2,2,1,1,2,-4,-4,0,0.0,-4,2,0,195000,9,3,4,2,14427,0,0
7478,0.0,-4,0,0,1,8,2,2,5,4,1,5,-4,0,0.0,10,2,0,1500,9,-3,6,2,-4,0,0
7479,0.0,-4,0,0,0,1,2,2,2,1,1,-4,-4,0,0.0,-4,2,0,1500,9,-3,6,2,-4,0,0
7480,1.0,-4,0,0,0,2,2,4,3,2,2,-4,-4,0,1.0,-4,2,0,1500,9,-3,6,2,-4,0,0
7481,0.0,-4,0,1,0,0,2,3,2,2,1,-4,-4,0,0.0,-4,1,0,500,4,-4,5,2,11647,-5,-5
7482,1.0,-4,0,0,0,5,2,3,4,3,3,4,-4,0,0.0,10,2,0,9500,8,-3,12,2,-4,0,1
7483,0.0,199402,2,0,2,3,2,2,1,1,1,-4,-4,0,0.0,-4,1,0,30500,5,-3,9,2,1801,1,-2
7484,0.0,-4,0,0,0,8,2,2,1,1,1,-4,-4,0,0.0,-4,1,0,6000,5,16,14,2,23706,-5,-5
7485,0.0,199509,0,0,0,2,2,2,5,5,5,5,-4,0,,75,1,0,3850,2,12,12,2,5649,0,-4
7486,0.0,199502,0,0,0,20,2,2,4,5,5,4,-4,-3,0.0,10,2,0,1750,6,-3,-3,2,14856,1,-2
7487,0.0,-4,0,0,1,1,2,2,1,1,1,-4,-4,1,,-4,2,1,7500,4,12,12,2,-4,0,-2
7488,0.0,200307,0,0,0,1,2,2,1,1,4,-4,-4,0,,-4,1,-4,-4,8,4,12,2,-4,0,0
7489,1.0,-4,0,0,0,0,3,2,2,1,2,-4,-4,0,,-4,2,-4,-4,8,4,12,2,-4,0,0
7490,1.0,-4,0,1,1,0,2,3,1,1,1,-4,-4,0,,-4,1,-4,3950,8,4,12,2,-4,-5,-5
7491,1.0,-4,0,0,0,4,2,2,3,2,2,-4,-4,0,0.0,-4,2,0,74500,7,12,13,2,56154,0,0
7492,1.0,-4,0,0,0,4,2,2,2,3,2,3,-4,0,1.0,10,2,0,46000,3,13,12,2,-4,0,0
7493,1.0,-4,0,0,0,2,2,2,2,1,2,1,-4,0,0.0,0,2,0,57500,6,-3,4,2,9031,0,0
7494,1.0,-4,0,2,0,3,2,2,2,1,1,-4,-4,0,0.0,-4,2,0,57500,6,-3,4,2,5390,0,0
7495,0.0,-4,0,0,0,3,2,2,4,1,4,-4,-4,1,0.0,-4,2,0,39500,5,6,9,2,-4,0,1
7496,1.0,-4,0,0,0,3,1,2,4,2,2,2,-4,0,0.0,0,2,0,19750,5,-3,4,2,19625,0,-4
7497,1.0,-4,0,0,0,5,2,2,2,1,2,-4,-4,1,0.0,-4,1,0,19750,5,6,4,2,63176,0,0
7498,0.0,200411,3,1,7,10,2,2,1,3,2,-4,-4,0,1.0,-4,1,0,500,8,-3,9,2,4982,0,-2
7499,1.0,-4,0,1,0,2,2,2,3,2,1,-4,-4,0,0.0,-4,2,0,500,8,-3,9,2,17513,-2,-2
7500,0.0,199605,2,0,0,0,2,2,3,2,2,2,-4,-3,,20,1,0,-4500,8,-4,11,2,17673,-5,-5
7501,0.0,199502,0,0,1,0,2,2,5,3,4,-4,-4,1,0.0,-4,2,0,-4500,8,-4,11,2,29888,0,0
7502,0.0,201302,3,0,0,1,2,2,1,1,5,-4,-4,0,,-4,1,0,4300,7,-3,4,2,548,-5,-5
7503,1.0,200409,1,0,0,0,2,2,1,1,1,-4,-4,0,0.0,-4,1,0,137050,3,-3,12,2,12381,0,0
7504,1.0,-4,0,4,0,0,2,2,1,1,2,-4,-4,1,1.0,-4,2,0,3500,4,4,4,2,17397,0,1
7505,0.0,-4,0,0,1,1,2,2,2,1,2,-4,-4,0,0.0,-4,1,0,4000,7,-3,3,2,-4,0,0
7506,1.0,-4,0,0,0,4,2,2,1,2,1,3,-4,1,0.0,10,1,0,59350,5,12,12,2,23540,0,0
7507,1.0,201303,0,2,0,1,2,2,2,2,1,-4,-4,0,0.0,-4,1,0,59350,5,12,12,2,16908,0,0
7508,0.0,-4,0,0,0,3,2,2,3,1,1,-4,-4,0,0.0,-4,2,0,33750,4,10,8,2,16019,0,0
7509,0.0,-4,0,0,0,5,2,3,1,1,4,-4,-4,0,0.0,-4,2,0,22700,5,12,10,2,26811,0,0
7510,1.0,200401,0,0,0,6,1,1,2,1,1,-4,-4,0,0.0,-4,1,0,23750,7,12,12,2,47671,0,0
7511,1.0,-4,0,0,0,5,2,2,1,2,1,-4,-4,0,0.0,-4,2,0,52750,5,14,14,2,86127,0,0
7512,0.0,-4,0,0,0,10,3,2,4,5,5,4,-4,0,0.0,-4,2,0,3350,5,12,12,2,31848,0,0
7513,0.0,-4,0,0,1,10,2,3,2,3,4,4,-4,0,0.0,-4,2,0,-6950,6,9,10,2,46028,0,0
7514,1.0,-4,0,1,0,0,2,2,3,3,2,-4,-4,0,1.0,-4,2,0,-3,5,13,15,2,4090,0,0
7515,1.0,-4,0,5,0,1,2,1,1,2,2,-4,-4,0,0.0,-4,1,0,-3,5,13,15,2,23844,-5,-5
7516,1.0,199107,0,3,0,0,2,2,3,3,1,3,-4,0,0.0,0,1,-4,-4,4,6,6,2,73951,0,0
7517,1.0,-4,0,0,0,0,2,3,1,1,1,-4,-4,0,0.0,-4,2,-4,-4,4,6,6,2,73417,0,0
7518,0.0,-4,0,0,0,10,2,3,3,4,5,4,-4,0,1.0,5,1,0,-250,4,4,4,2,9994,0,0
7519,1.0,-4,0,0,0,0,2,2,2,3,2,2,-4,0,0.0,0,2,0,1500,4,6,3,2,22370,0,0
7520,1.0,-4,0,0,0,0,2,2,2,2,1,2,-4,0,0.0,-4,2,0,1500,4,6,3,2,83047,0,0
7521,1.0,-4,0,0,0,0,2,2,2,2,1,-4,-4,0,0.0,-4,2,0,1500,4,6,3,2,35901,0,0
7522,1.0,-4,0,0,0,-2,2,2,1,1,1,-4,-4,0,0.0,-4,1,0,500,6,8,12,2,37240,0,0
7523,0.0,200509,0,0,0,5,2,3,1,3,2,3,-4,0,0.0,25,1,0,500,6,-3,6,2,49544,0,0
7524,0.0,201110,1,0,4,5,3,2,1,-2,4,-4,-4,1,0.0,-4,1,0,500,6,-3,6,2,228,-5,-5
7525,1.0,-4,0,10,5,30,3,1,5,4,1,5,-4,1,0.0,0,2,0,500,10,6,10,2,-4,0,-4
7526,0.0,-4,0,0,0,0,2,2,5,5,5,3,-4,0,0.0,-4,1,0,500,10,6,10,2,-4,0,0
7527,0.0,199909,0,1,0,0,2,3,1,5,5,-4,-4,1,0.0,-4,2,0,500,10,6,10,2,-4,0,0
7528,0.0,-4,0,0,0,-2,2,2,1,1,1,2,-4,0,,1,2,-4,-4,4,8,11,2,-4,0,0
7529,0.0,-4,0,0,0,2,2,2,1,1,2,-4,-4,0,,-4,1,-4,-4,4,8,11,2,-4,0,0
7530,0.0,-4,0,5,0,-2,3,3,3,4,2,4,-4,1,1.0,0,2,0,2500,5,9,6,2,37374,0,0
7531,0.0,-4,0,0,0,-2,3,2,3,2,1,2,-4,1,1.0,20,2,0,2500,5,9,6,2,24883,0,0
7532,0.0,200409,0,0,0,-2,3,2,1,1,4,-4,-4,0,0.0,-4,1,0,2500,5,9,6,2,30453,0,0
7533,0.0,-4,0,0,0,1,2,2,2,2,2,2,-4,0,0.0,0,2,0,5500,7,3,3,2,-4,0,0
7534,1.0,-4,0,0,0,2,2,2,1,1,2,1,-4,0,0.0,-4,2,0,5500,7,3,3,2,-4,-5,-5
7535,0.0,-4,0,0,0,15,2,2,3,3,3,2,-4,1,1.0,10,2,0,4750,4,11,12,2,3728,0,0
7536,1.0,-4,0,0,0,30,2,2,4,5,2,2,-4,0,0.0,50,2,0,2450,2,7,17,2,71977,0,0
7537,1.0,200811,0,1,0,4,2,2,3,3,2,-4,-4,0,1.0,-4,1,0,2502,4,8,11,2,42507,0,0
7538,0.0,-4,0,0,0,2,1,2,3,2,4,3,-4,1,0.0,-4,1,0,97750,6,7,6,2,90123,-5,-5
7539,0.0,-4,0,0,0,2,2,2,4,2,2,-4,-4,0,0.0,-4,2,0,97750,6,7,6,2,39909,0,0
7540,0.0,-3,0,1,0,5,2,2,2,2,1,-4,-4,1,0.0,-4,1,0,49350,5,-3,11,2,10237,0,0
7541,0.0,-4,0,1,0,3,2,2,1,2,5,-4,-4,1,,-4,2,0,-100,4,-3,11,2,17783,0,1
7542,0.0,199701,-3,0,0,14,2,2,3,3,3,-4,-4,0,0.0,-4,1,0,8840,4,95,12,2,-4,-5,-5
7543,1.0,-4,0,0,0,2,2,1,2,2,1,-4,-4,0,,-4,2,0,500,3,-3,3,2,37177,0,-4
7544,0.0,200101,0,0,0,5,2,4,3,1,5,-4,-4,-3,0.0,-4,1,0,500,8,7,9,2,-4,0,0
7545,0.0,-4,0,0,1,2,2,1,4,2,4,-4,-4,0,0.0,-4,2,0,500,7,6,6,2,-4,0,0
7546,1.0,-4,0,0,0,10,2,2,3,2,2,-4,-4,0,0.0,-4,2,0,-6250,4,16,12,2,51019,0,0
7547,1.0,-4,0,1,0,8,2,1,1,1,1,-4,-4,0,1.0,-4,1,0,-6250,4,16,12,2,37041,0,0
7548,0.0,199403,0,0,0,10,2,2,2,3,4,5,-4,0,,0,1,0,117500,3,12,12,1,36050,-5,-5
7549,0.0,200707,2,0,0,1,2,3,5,3,4,3,-4,0,0.0,0,1,0,79350,13,-3,15,2,18135,0,0
7550,0.0,-4,0,0,0,6,2,2,4,3,2,3,-4,0,0.0,60,1,-4,9900,13,12,14,2,72293,0,0
7551,0.0,-4,0,0,0,5,3,2,1,-2,2,-4,-4,0,0.0,-4,2,0,79350,13,-3,15,2,17392,-5,-5
7552,0.0,-4,0,0,0,5,1,2,1,1,1,3,-4,0,,0,1,0,-3,4,16,14,1,26597,-5,-5
7553,1.0,200210,0,0,0,2,2,2,3,2,3,-4,-4,0,,-4,1,0,-3,4,16,14,1,31842,-5,-5
7554,1.0,-4,0,3,2,3,2,2,1,1,1,-2,-4,1,0.0,0,1,0,-3,7,11,2,2,13339,0,0
7555,1.0,-4,0,0,0,10,2,2,3,2,1,-4,-4,0,,-4,2,-4,-4,7,11,2,2,7522,0,0
7556,1.0,202404,1,0,0,4,1,1,1,1,1,-4,-4,0,0.0,-4,2,0,-3,4,12,12,2,44788,-5,-5
7557,1.0,200210,0,0,0,10,2,2,1,1,1,-4,-4,0,0.0,-4,2,0,500,5,-3,14,2,26995,0,0
7558,1.0,-4,0,0,0,3,2,2,1,1,1,1,-4,0,0.0,5,1,0,181750,7,-3,8,2,17888,0,0
7559,1.0,-4,0,0,0,-2,2,2,1,1,1,-4,-4,0,0.0,-4,2,0,181750,7,-3,8,2,9988,0,0
7560,1.0,200109,0,0,0,7,2,2,2,1,1,2,-4,0,,0,1,0,4700,4,18,16,2,19543,0,-4
7561,0.0,-4,0,0,0,3,2,3,2,2,1,3,-4,0,,10,1,0,-3,4,13,16,2,8566,-5,-5
7562,1.0,-4,0,0,0,1,1,1,1,3,4,-4,-4,0,0.0,-4,1,0,-3,4,13,16,2,4332,0,0
7563,1.0,-4,0,0,0,1,3,3,1,1,1,-4,-4,0,0.0,-4,2,0,600000,4,14,16,2,50181,0,0
7564,1.0,200102,0,0,0,37,3,3,3,3,3,3,-4,0,0.0,75,1,0,-20750,4,12,14,2,47759,0,0
7565,1.0,199804,0,0,0,2,1,2,1,1,1,-4,-4,1,0.0,-4,1,0,-20750,4,12,14,2,39539,0,0
7566,1.0,-4,0,0,0,2,2,2,5,2,1,-2,-4,0,,0,1,0,-3,5,13,14,2,51322,-5,-5
7567,1.0,-4,0,0,0,0,2,2,1,1,1,1,-4,0,0.0,-4,1,0,-3,5,13,14,2,43844,-5,-5
7568,0.0,-4,0,1,2,3,2,2,3,1,4,-4,-4,1,1.0,-4,1,1,4250,5,16,15,2,18546,0,0
7569,1.0,-4,0,0,0,6,2,3,2,2,2,2,-4,0,0.0,-4,1,0,245000,4,15,16,1,29720,0,0
7570,0.0,-4,0,0,1,0,2,3,2,2,4,3,-4,0,0.0,0,1,0,12520,3,14,12,2,27897,-5,-5
7571,1.0,-4,0,0,0,4,2,2,2,2,1,1,-4,0,,-4,2,0,-1250,5,4,7,2,-4,0,0
7572,1.0,-4,0,0,0,0,1,1,1,1,1,2,-4,0,0.0,-4,1,0,600,4,3,12,2,-4,-5,-5
7573,1.0,-4,0,0,0,0,1,1,1,1,1,-4,-4,1,0.0,-4,1,0,600,4,3,12,2,-4,-5,-5
7574,0.0,-4,0,0,0,1,2,2,2,2,1,-4,-4,0,0.0,-4,2,0,39200,3,9,12,2,53672,0,1
7575,1.0,200310,1,2,1,5,1,1,1,2,1,-4,-4,1,,-4,2,1,500,3,4,13,2,-4,-5,-5
7576,1.0,-4,0,0,0,3,2,2,3,3,2,2,-4,0,0.0,10,2,0,4750,7,6,1,2,20501,0,0
7577,1.0,-4,0,0,0,2,2,2,2,3,1,-4,-4,0,0.0,-4,2,0,342750,8,6,3,2,72530,0,0
7578,1.0,-4,0,0,0,0,1,2,1,1,1,1,-4,0,,1,1,0,12000,7,12,5,2,53275,-5,-5
7579,1.0,-4,0,0,0,0,2,2,4,2,3,-4,-4,0,0.0,-4,2,0,12000,7,12,5,2,13369,0,0
7580,0.0,199609,0,0,0,5,2,2,4,4,2,2,-4,0,0.0,0,2,0,26550,5,9,2,2,5279,-5,-5
7581,0.0,-4,0,0,0,3,2,3,1,1,1,-4,-4,0,0.0,-4,1,0,130750,8,4,6,2,33950,0,0
7582,1.0,-4,0,0,0,0,2,2,3,2,3,2,-4,0,1.0,10,2,0,64750,3,-3,8,2,31751,0,0
7583,0.0,199701,0,0,0,2,2,3,3,1,3,-4,-4,0,0.0,-4,1,0,86650,4,-4,10,2,-4,0,0
7584,1.0,-4,0,2,1,5,2,2,1,2,1,-4,-4,0,,-4,2,0,-2130,4,15,12,2,-4,0,0
7585,0.0,200204,0,0,0,10,2,2,3,2,1,3,-4,0,0.0,5,1,0,101000,4,-3,6,2,21285,0,0
7586,0.0,199911,0,0,0,0,3,3,1,1,1,-4,-4,0,0.0,-4,2,0,101000,4,-3,6,2,39061,0,-2
7587,1.0,-4,0,0,0,2,2,2,1,1,1,-4,-4,0,0.0,-4,2,0,70400,4,-3,-3,2,-4,-5,-5
7588,1.0,200011,0,1,0,9,2,3,4,3,2,4,-4,1,,10,2,0,90950,4,-3,12,2,70826,-5,-5
7589,1.0,200607,0,0,0,1,2,2,1,1,2,-4,-4,0,0.0,-4,1,0,90950,4,-3,12,2,53996,-5,-5
7590,1.0,-4,0,0,0,3,2,2,3,3,2,3,-4,0,0.0,10,2,0,89000,5,9,13,2,98086,0,0
7591,1.0,-4,0,0,0,10,2,2,2,2,2,-4,-4,0,0.0,-4,2,-4,-4,5,9,13,2,90578,0,0
7592,0.0,-4,0,0,0,7,2,2,2,2,2,-4,-4,0,0.0,-4,2,-4,-4,5,9,13,2,39389,0,0
7593,1.0,-4,0,1,0,13,2,2,3,2,2,-4,-4,0,0.0,-4,2,0,74000,4,-3,13,2,76930,0,0
7594,1.0,-4,0,0,0,1,2,2,2,3,2,2,-4,0,0.0,5,1,0,112435,5,-3,-3,2,90189,0,0
7595,1.0,-4,0,0,0,0,2,1,2,2,1,1,-4,0,0.0,-4,1,0,112435,5,-3,-3,2,56092,0,0
7596,0.0,199508,0,0,0,12,2,2,3,4,2,4,-4,0,1.0,50,1,0,7932,5,12,13,2,11430,0,0
7597,1.0,-4,0,0,0,3,2,2,2,4,2,5,-4,0,0.0,50,1,0,7932,5,12,13,2,35338,0,0
7598,0.0,-4,0,0,0,4,2,2,2,2,1,-4,-4,0,0.0,-4,2,0,-140000,5,13,9,2,5967,0,0
7599,1.0,-4,0,0,0,10,2,2,1,1,1,-4,-4,0,0.0,-4,1,0,-140000,5,13,9,2,6364,0,0
7600,0.0,200011,6,0,2,5,1,2,3,1,1,-4,-4,0,0.0,-4,1,0,3200,3,10,9,2,28864,-5,-5
7601,1.0,-4,0,0,0,15,2,2,2,1,1,-4,-4,0,0.0,-4,2,-4,-4,4,-3,1,2,76591,0,-2
7602,0.0,199603,4,0,1,8,2,1,3,2,3,3,-4,0,,-4,1,1,4000,6,8,-3,2,14063,0,0
7603,1.0,200910,0,0,0,0,2,2,2,4,1,4,-4,0,0.0,3,2,0,280700,4,16,14,2,94631,0,0
7604,0.0,200105,0,0,0,0,2,2,3,3,1,-2,-4,0,,10,1,-4,-4,6,-4,-3,2,62425,0,1
7605,0.0,-4,0,0,0,0,3,3,4,4,1,2,-4,0,,-4,2,-4,-4,6,-4,-3,2,41988,0,0
7606,0.0,199402,0,0,0,-2,2,2,3,3,3,3,-4,0,,0,2,1,57500,3,11,7,2,6064,0,0
7607,0.0,199602,0,0,0,30,2,2,3,4,2,-4,-4,0,0.0,-4,1,0,185496,5,-3,-3,2,13457,0,0
7608,1.0,199512,6,0,0,4,2,2,3,4,2,3,-4,0,,30,2,0,-3,4,-3,10,2,32620,0,0
7609,0.0,-4,0,0,0,9,1,2,1,1,1,-4,-4,0,0.0,-4,2,0,32000,4,12,12,2,50082,0,0
7610,0.0,-4,0,1,0,2,2,2,3,2,1,-4,-4,0,1.0,-4,2,0,22500,3,12,14,2,40323,0,0
7611,0.0,-4,0,1,0,7,2,2,1,1,1,1,-4,0,0.0,0,2,0,1750,2,-4,11,2,-4,0,0
7612,0.0,200510,0,0,0,10,2,4,2,3,2,5,-4,0,0.0,0,2,-4,-4,2,6,11,2,-4,0,1
7613,0.0,199207,0,-4,-4,-4,-4,-4,4,3,2,4,-4,0,,50,2,0,500,3,-3,-3,1,9850,-5,-5
7614,1.0,-4,0,0,0,16,1,1,4,1,2,5,-4,0,0.0,0,2,1,-3,4,-4,-3,1,5901,-5,-5
7615,1.0,-4,0,0,0,26,2,2,4,2,4,-4,-4,0,,-4,1,0,16000,3,-3,12,1,60825,-5,-5
7616,1.0,-4,0,0,0,0,1,2,4,2,1,-2,-4,1,1.0,25,2,0,-3,2,-4,-4,1,-4,-5,-5
7617,0.0,199401,1,6,10,12,3,3,5,3,2,5,-4,1,,0,2,0,3300,7,12,3,2,5565,-5,-5
7618,0.0,199306,0,-4,-4,-4,2,3,-2,-2,2,-2,-4,0,1.0,-2,2,0,-3,5,-3,11,1,6526,1,0
7619,0.0,-4,0,1,2,-2,2,2,4,4,1,5,-4,0,,-4,2,0,0,2,12,14,1,16021,0,0
7620,1.0,-4,0,0,0,7,1,2,1,1,1,2,-4,0,,-4,1,-4,-4,4,16,12,1,-4,0,0
7621,1.0,200105,0,0,0,1,1,1,2,2,1,2,-4,0,,10,1,0,345001,5,18,19,2,97402,0,0
7622,1.0,-4,0,0,0,3,2,3,1,1,1,-4,-4,0,0.0,-4,2,0,-3,5,14,17,1,67288,-5,-5
7623,1.0,-4,0,0,0,3,2,3,1,1,1,3,-4,0,0.0,0,2,0,467500,2,19,18,1,87378,0,0
7624,0.0,199904,0,0,0,-2,2,2,-2,-2,1,-4,-4,1,0.0,-4,1,0,-3,4,-3,-3,1,-4,-5,-5
7625,0.0,-4,0,0,0,-2,1,2,1,1,1,-4,-4,0,0.0,-4,2,0,-3,3,-3,11,1,1441,-5,-5
7626,0.0,-4,0,0,0,9,1,2,4,3,1,5,-4,0,,50,2,0,9250,7,12,12,1,34766,-5,-5
7627,0.0,199903,1,0,0,-2,2,2,3,-2,1,-2,-4,0,0.0,-4,1,0,9250,7,12,12,1,493,-5,-5
7628,1.0,-4,0,0,0,4,1,1,2,1,1,-4,-4,0,0.0,-4,2,0,9250,7,12,12,1,22650,0,0
7629,0.0,-4,0,0,0,5,1,2,3,1,1,2,-4,0,1.0,50,1,0,7900,4,10,12,1,-4,0,0
7630,,199912,-3,0,2,25,3,2,3,4,1,5,-4,0,0.0,0,1,0,7900,4,10,12,1,0,0,0
7631,0.0,200107,1,1,7,5,1,1,1,1,1,-4,-4,0,1.0,-4,1,0,37500,4,-3,14,1,2768,0,-4
7632,0.0,200406,1,0,3,9,2,2,4,2,1,3,-4,1,,-4,2,-4,-4,4,-3,-3,1,-4,0,1
7633,1.0,199606,0,0,0,1,3,4,3,3,2,-4,-4,0,0.0,-4,2,0,7500,3,12,11,1,-4,0,-4
7634,1.0,201902,1,0,0,9,2,1,4,4,2,5,-4,0,1.0,0,2,-4,-4,9,-3,16,2,52567,0,-2
7635,0.0,-4,0,3,0,5,2,3,3,2,1,4,-4,0,0.0,3,2,1,150,6,16,14,1,38483,0,0
7636,1.0,-4,0,0,0,5,3,1,3,1,1,-4,-4,0,0.0,-4,2,1,150,6,16,14,1,59006,0,0
7637,1.0,-4,0,0,0,0,3,3,3,2,1,-4,-4,0,0.0,-4,2,1,150,6,16,14,1,45257,-5,-5
7638,0.0,199401,2,1,7,2,2,2,4,5,3,5,-4,1,,50,1,0,500,4,-3,12,1,-4,-5,-5
7639,1.0,-4,0,0,0,3,2,2,3,3,1,3,-4,0,0.0,50,2,0,1750,4,-3,12,1,-4,0,1
7640,0.0,199809,2,0,2,4,4,3,1,1,2,-4,-4,0,0.0,-4,1,0,1750,4,-3,12,1,-4,-5,-5
7641,1.0,-4,0,0,0,0,2,2,5,5,1,4,-4,1,1.0,20,1,0,33750,5,10,16,1,47190,1,0
7642,0.0,200412,0,0,0,0,2,2,5,5,1,5,-4,0,,15,1,0,10800,4,14,16,1,69604,0,0
7643,1.0,200102,0,0,1,4,2,2,1,1,1,-4,-4,0,0.0,-4,1,0,40500,4,12,16,1,42612,0,-2
7644,0.0,200006,0,0,0,6,2,2,3,3,2,-4,-4,0,,-4,2,0,7500,5,7,12,1,30345,0,1
7645,0.0,-3,1,0,1,3,2,2,1,1,1,-4,-4,0,0.0,-4,1,0,72300,5,12,13,1,6140,0,0
7646,1.0,-4,0,0,0,4,1,2,1,1,2,-4,-4,0,0.0,-4,2,0,54000,5,14,12,1,8420,1,0
7647,0.0,-4,0,0,0,12,2,2,5,5,2,-4,-4,0,0.0,-4,2,0,22250,5,12,13,1,-4,0,-4
7648,0.0,-4,0,5,1,1,2,4,2,2,2,-4,-4,0,0.0,-4,1,0,3000,8,12,12,1,2530,0,0
7649,1.0,-4,0,0,0,5,2,1,3,2,2,4,-4,0,,40,1,0,33500,5,16,16,1,6792,-5,-5
7650,1.0,-4,0,0,0,3,1,3,1,1,2,-4,-4,0,0.0,-4,2,0,33500,5,16,16,1,24729,0,0
7651,1.0,200710,0,1,0,0,2,4,3,1,2,-4,-4,1,0.0,-4,1,0,354500,4,14,14,1,86255,-5,-5
7652,1.0,199608,2,-4,-4,-4,-4,-4,4,3,1,4,-4,-3,0.0,15,2,0,19700,4,12,13,2,58587,0,0
7653,1.0,-4,0,7,0,7,2,3,2,3,1,5,-4,0,0.0,0,2,0,-3,5,12,13,1,39893,0,0
7654,1.0,200711,0,0,0,5,2,3,2,2,1,-4,-4,0,0.0,-4,2,-4,-4,5,-4,-3,1,90772,0,0
7655,0.0,-4,0,2,0,3,2,2,2,1,2,-4,-4,0,0.0,-4,2,0,76500,4,-3,14,1,10666,0,-2
7656,1.0,-4,0,0,0,0,2,3,4,4,2,5,-4,1,1.0,1,1,0,34750,4,12,12,1,17757,0,0
7657,0.0,-4,0,0,0,0,2,2,2,1,1,-4,-4,0,,-4,2,0,34750,4,12,12,1,47512,0,0
7658,0.0,199608,3,1,1,3,2,2,4,1,5,-4,-4,0,1.0,-4,1,0,11000,3,-4,-4,1,-4,0,-4
7659,0.0,-4,0,0,0,4,2,2,4,3,2,5,-4,0,0.0,0,2,0,5500,6,12,12,1,950,0,0
7660,0.0,-4,0,0,0,0,2,2,3,2,3,4,-4,0,0.0,0,1,0,-3,8,12,12,1,25682,0,0
7661,0.0,199701,0,0,0,1,3,3,5,3,2,-4,-4,0,0.0,-4,1,0,-3,8,12,12,1,135,0,0
7662,0.0,-4,0,0,0,1,2,2,2,1,3,-4,-4,0,0.0,-4,2,0,-3,8,12,12,1,-4,0,0
7663,0.0,199908,1,0,0,1,2,3,4,4,1,5,-4,0,,0,1,0,-3,4,-3,-3,1,-4,-5,-5
7664,0.0,199604,1,0,0,1,2,2,3,2,1,-4,-4,0,,-4,1,0,-3,4,-3,-3,1,-4,-5,-5
7665,1.0,199609,0,0,0,3,2,3,5,4,3,-4,-4,0,0.0,-4,2,0,29750,3,12,10,2,11229,0,1
7666,1.0,-4,0,0,0,2,2,3,2,4,1,-4,-4,1,0.0,-4,2,0,48500,5,12,16,1,11716,0,0
7667,1.0,-4,0,0,0,2,2,3,5,4,1,3,-4,0,0.0,5,1,0,-3,4,12,12,1,65843,-5,-5
7668,0.0,199705,0,4,0,19,4,4,3,1,2,-4,-4,0,,-4,2,0,4650,4,-3,10,1,2775,0,0
7669,1.0,-4,0,0,0,3,2,2,1,2,2,3,-4,0,,10,1,-4,-4,4,-3,-3,1,-4,-5,-5
7670,0.0,199607,0,0,0,15,3,1,2,1,1,-4,-4,0,0.0,-4,1,-4,-4,4,-3,-3,1,-4,0,0
7671,0.0,-4,0,0,1,10,2,2,4,5,1,-4,-4,0,0.0,-4,2,0,4066,4,12,11,1,1284,0,0
7672,0.0,199702,4,1,2,2,2,2,2,1,1,-4,-4,0,,-4,1,0,8950,6,14,11,1,-4,0,0
7673,0.0,199903,2,10,4,10,1,2,1,1,1,-4,-4,0,0.0,-4,1,0,40700,6,-4,12,1,-4,0,0
7674,0.0,201409,2,0,0,2,2,2,3,3,2,-4,-4,0,0.0,-4,1,0,3850,4,11,14,2,-4,0,0
7675,0.0,199302,1,0,0,12,2,3,2,1,1,1,-4,0,0.0,75,1,1,-3300,4,12,10,2,6596,0,1
7676,0.0,199510,0,0,1,11,2,2,3,1,1,-4,-4,0,0.0,-4,1,1,-3300,4,12,10,2,14733,0,1
7677,0.0,-4,0,0,0,7,2,2,1,1,1,-4,-4,0,,-4,1,1,-3300,4,12,-3,2,6724,0,0
7678,0.0,-4,0,0,0,2,2,1,4,4,4,5,-4,1,,75,1,0,2950,4,-3,12,1,14115,0,-4
7680,0.0,-4,0,0,0,5,2,2,4,2,2,4,-4,0,0.0,3,1,0,4450,3,12,12,2,-4,0,0
7681,0.0,-4,0,0,0,20,2,2,5,3,4,2,-4,0,0.0,10,2,0,3750,4,-3,4,2,3927,0,0
7682,0.0,-4,0,0,0,-2,2,2,3,2,1,2,-4,0,0.0,-4,2,0,-3,2,18,12,2,-4,-5,-5
7683,0.0,199710,0,1,1,-2,3,4,4,2,2,3,-4,0,,0,2,-4,-4,3,12,11,2,-4,0,0
7684,0.0,-4,0,0,0,4,2,2,1,1,1,1,-4,0,0.0,0,2,0,2600,3,14,12,1,2009,0,0
7685,1.0,-4,0,0,0,3,2,2,2,1,1,2,-4,0,0.0,3,2,0,159000,4,16,17,1,69876,0,0
7686,0.0,-4,0,0,0,5,2,2,2,1,1,-4,-4,0,0.0,-4,2,0,159000,4,16,17,1,67974,0,0
7687,1.0,200004,0,0,2,10,2,3,3,2,1,-4,-4,1,0.0,-4,2,0,1500,4,8,11,1,54497,0,0
7688,1.0,-4,0,1,0,0,2,2,4,1,2,-4,-4,0,0.0,-4,2,0,17219,4,-3,12,1,-4,0,0
7689,1.0,-4,0,0,0,0,3,1,1,1,1,-4,-4,-3,0.0,-4,2,-4,-4,6,-3,12,1,-4,0,-2
7690,1.0,-4,0,0,0,4,3,2,3,1,1,-4,-4,0,0.0,-4,2,0,266500,5,12,12,2,53553,-5,-5
7691,0.0,201412,1,0,0,0,2,2,1,-2,1,-4,-4,0,0.0,-4,1,-4,-4,7,14,9,2,-4,0,0
7692,0.0,-4,0,0,0,0,1,4,4,1,1,4,-4,1,0.0,15,2,0,6250,4,12,12,1,27572,-5,-5
7693,1.0,-4,0,0,0,5,2,2,1,1,2,-4,-4,0,0.0,-4,1,0,6250,4,12,12,1,19437,-5,-5
7694,0.0,-4,0,0,0,4,2,3,3,3,1,-4,-4,0,,-4,2,0,2550,6,14,13,1,26567,-5,-5
7695,0.0,-4,0,0,0,4,2,2,1,1,2,-4,-4,0,,-4,2,0,21250,6,11,14,1,-4,-5,-5
7696,1.0,-4,0,0,0,6,2,3,4,4,1,4,-4,0,,0,1,-4,-4,6,12,13,1,-4,0,0
7697,1.0,-4,0,0,0,1,2,2,5,2,1,-4,-4,0,,-4,2,-4,-4,6,12,13,1,-4,0,0
7698,0.0,-4,0,0,0,4,2,2,4,3,3,4,-4,1,1.0,50,2,1,3762,2,-3,8,1,-4,0,-4
7699,1.0,-4,0,0,0,-2,3,3,2,-2,1,-4,-4,0,0.0,-4,1,0,700,5,-3,13,1,-4,0,0
7700,0.0,199812,-3,0,0,0,2,-2,-2,-2,-2,-2,-4,-3,0.0,50,1,0,500,6,-4,-3,1,-4,0,-4
7701,0.0,199703,1,0,0,21,2,3,2,1,2,-4,-4,0,,-4,2,0,500,6,-3,-3,1,-4,0,0
7702,1.0,-4,0,0,0,2,2,2,2,2,1,2,-4,0,0.0,-4,2,-4,-4,6,6,4,2,-4,0,0
7703,1.0,-4,0,0,0,2,2,2,1,1,3,-4,-4,0,0.0,-4,1,-4,-4,4,10,8,2,-4,0,0
7704,0.0,-4,0,0,1,67,4,3,4,2,5,5,-4,0,,0,1,-4,-4,5,12,13,2,15128,-5,-5
7705,0.0,-4,0,0,0,2,2,2,2,1,1,-4,-4,0,,-4,2,-4,9850,5,12,13,2,44104,-5,-5
7706,0.0,-4,0,-4,-4,-4,2,2,1,1,1,1,-4,0,,3,1,0,27890,2,12,11,2,76949,-5,-5
7707,0.0,200207,0,0,2,0,2,2,1,1,1,-4,-4,0,,-4,2,0,2750,3,12,12,1,1384,-5,-5
7708,1.0,199603,0,1,0,6,2,2,3,1,1,-4,-4,0,0.0,-4,2,0,-8250,4,-3,11,1,30138,-5,-5
7709,0.0,-4,0,0,0,5,2,-2,-2,-2,-2,-2,-4,0,0.0,74,2,0,1750,6,12,10,1,-4,0,-4
7710,0.0,200903,1,0,1,0,2,2,2,1,1,-4,-4,0,0.0,-4,1,0,1650,3,5,11,1,7295,0,0
7711,1.0,-4,0,0,0,7,2,3,3,2,1,3,-4,0,,50,2,0,-750,6,10,12,1,39163,0,-4
7712,0.0,199809,3,0,0,20,2,3,4,2,1,3,-4,0,,0,1,0,-99500,4,-3,14,1,-4,0,-4
7713,1.0,-4,0,0,0,1,3,4,4,4,1,4,-4,0,0.0,0,2,0,30500,4,-3,-3,1,34105,1,1
7714,0.0,199410,3,2,0,5,1,2,2,3,2,4,-4,-3,0.0,45,1,1,2750,5,12,10,1,-4,1,0
7715,0.0,-4,0,0,0,6,2,2,5,2,1,-4,-4,1,,-4,2,1,2750,5,12,10,1,-4,1,0
7716,0.0,-4,0,0,0,5,3,3,2,1,1,-4,-4,0,0.0,-4,2,0,17100,5,11,13,1,16969,0,0
7717,1.0,-4,0,0,0,5,2,3,5,4,1,2,-4,1,,7,2,0,6000,2,10,12,1,16961,0,0
7718,0.0,199310,6,0,0,15,3,2,4,3,1,5,-4,-3,1.0,1,1,0,-11250,4,12,13,1,-4,-5,-5
7719,0.0,-4,0,0,1,4,1,4,3,1,1,-4,-4,1,0.0,-4,2,0,1750,5,-3,12,1,16696,0,1
7720,1.0,-4,0,2,1,11,2,2,5,1,3,-4,-4,0,0.0,-4,2,0,1750,5,12,12,1,0,-5,-5
7721,1.0,199812,2,0,0,8,2,3,3,2,1,4,-4,0,0.0,50,1,0,1570,3,12,15,1,-4,0,0
7722,0.0,199305,0,2,0,0,2,2,5,1,1,5,-4,1,0.0,-4,1,0,13599,4,-3,14,1,50289,0,1
7723,1.0,-4,0,0,0,10,2,2,1,1,3,-4,-4,0,0.0,-4,1,0,13599,4,11,14,1,16561,-5,-5
7724,1.0,-4,0,0,0,14,1,1,2,1,1,-4,-4,0,0.0,-4,2,0,300,4,12,15,1,-4,0,0
7725,0.0,199906,2,0,1,5,2,2,4,1,1,5,-4,0,0.0,3,1,1,500,6,12,12,1,-4,-5,-5
7726,0.0,200101,3,0,0,0,2,2,2,1,1,-4,-4,0,0.0,-4,1,1,500,6,-3,12,1,-4,0,1
7727,0.0,200102,0,0,1,0,2,2,3,1,1,5,-4,0,0.0,-4,1,0,1750,6,10,12,1,5811,0,1
7728,0.0,-4,0,0,0,1,2,2,1,1,1,-4,-4,0,0.0,-4,2,0,1750,6,10,12,1,11254,0,1
7729,0.0,199605,2,0,20,5,2,3,1,1,1,-4,-4,0,0.0,-4,1,0,-200,4,-3,8,1,1950,-5,-5
7730,0.0,199603,0,0,0,6,2,2,1,1,2,-4,-4,0,0.0,-4,2,0,-200,4,-3,8,1,2079,0,0
7731,0.0,-4,0,0,0,0,2,2,2,3,1,-4,-4,1,0.0,-4,1,0,1750,7,12,11,1,34026,-2,-4
7732,1.0,-4,0,0,0,2,2,4,4,5,2,-4,-4,1,0.0,-4,2,0,1750,7,12,11,1,9893,0,0
7733,0.0,199808,0,0,0,9,2,4,5,5,3,5,-4,1,0.0,80,1,1,2750,5,9,12,1,10800,0,1
7734,0.0,200108,0,0,0,12,2,3,3,3,3,-4,-4,1,0.0,-4,2,1,2750,5,9,12,1,12406,0,0
7735,0.0,200411,1,0,2,17,1,2,1,1,1,-4,-4,1,0.0,-4,1,1,2750,5,9,12,1,5967,0,1
7736,0.0,-4,0,0,0,0,1,1,1,1,1,-4,-4,0,0.0,-4,2,0,1700,3,12,11,1,10906,0,0
7737,1.0,200005,-3,-4,-4,-4,3,3,1,1,1,-4,-4,0,0.0,-4,1,0,-3,2,9,9,1,6450,0,0
7738,0.0,-4,0,1,0,1,3,3,1,1,1,1,-4,0,0.0,50,2,0,39500,6,12,12,1,78704,0,0
7739,0.0,-4,0,0,0,2,3,2,1,1,1,-4,-4,0,0.0,-4,1,-4,-4,6,12,12,1,1998,0,0
7740,0.0,-4,0,0,0,14,3,2,3,3,2,-4,-4,0,0.0,-4,2,0,17500,4,6,10,1,12182,0,0
7741,0.0,-4,0,0,0,2,2,2,1,1,1,-4,-4,0,0.0,-4,2,0,4650,2,11,12,1,14901,0,0
7742,0.0,199406,4,0,0,5,2,2,1,1,1,4,-4,0,0.0,25,1,0,-3,10,-3,11,1,3211,0,0
7743,0.0,-4,0,1,0,12,3,3,3,3,1,5,-4,0,0.0,0,2,-4,-3,10,-3,12,1,8322,0,0
7744,0.0,201808,1,0,0,6,2,2,2,2,1,5,-4,0,0.0,0,1,0,3750,4,5,9,1,5994,0,0
7745,1.0,-4,0,0,0,10,2,2,4,4,1,5,-4,0,0.0,0,1,0,137500,8,-3,12,1,43386,0,0
7746,0.0,-4,0,0,0,0,2,3,2,2,2,-4,-4,0,0.0,-4,1,0,137500,8,-3,12,1,13615,0,0
7747,0.0,200312,2,0,1,10,3,2,4,2,4,5,-4,0,0.0,10,1,0,1550,4,-3,9,1,477,0,0
7748,0.0,200906,0,0,0,4,2,3,1,1,1,-4,-4,0,0.0,-4,1,0,1550,4,-3,9,1,16524,0,0
7749,0.0,-4,0,0,0,0,2,2,1,1,1,-4,-4,0,0.0,-4,1,1,14750,5,12,12,1,4202,0,0
7750,0.0,-4,0,0,0,2,2,2,1,1,1,1,-4,0,,0,1,0,35500,8,12,10,1,0,0,0
7751,0.0,-4,0,0,0,3,2,2,1,1,1,4,-4,1,,-4,1,0,35500,8,12,10,1,7063,-5,-5
7752,0.0,-4,0,0,0,0,2,2,1,1,1,-4,-4,0,,-4,1,0,35500,8,12,10,1,24680,-5,-5
7753,0.0,-4,0,3,0,35,2,3,4,4,1,3,-4,1,,25,1,0,9000,5,11,10,1,-4,-5,-5
7755,0.0,199702,4,1,2,5,2,2,2,2,2,1,-4,0,0.0,0,1,0,37800,6,11,12,1,-4,0,0
7756,0.0,-4,0,0,0,2,2,3,3,2,1,3,-4,0,0.0,-4,2,0,37800,6,11,12,1,26820,0,0
7757,0.0,-4,0,0,1,1,2,1,2,3,1,3,-4,0,0.0,0,1,0,23750,6,9,12,1,7347,0,0
7758,0.0,201701,1,0,1,3,2,2,3,1,1,-4,-4,0,0.0,-4,2,0,1750,3,12,12,1,1880,0,0
7759,1.0,-4,0,0,0,5,2,2,3,2,2,-4,-4,0,0.0,-4,1,0,23500,4,12,12,1,16078,0,0
7760,0.0,199702,4,0,1,10,2,2,3,3,2,4,-4,1,,25,1,0,4150,5,12,12,1,26185,0,0
7761,0.0,199503,0,3,0,0,3,3,4,4,1,-4,-4,0,,-4,1,0,4150,5,12,12,1,39937,0,-4
7762,0.0,200006,1,1,5,7,2,2,4,1,2,-4,-4,0,,-4,2,1,4150,5,-3,12,1,1869,0,-4
7763,0.0,199612,1,0,1,1,3,1,4,2,3,-4,-4,0,,-4,1,0,4150,5,12,12,1,553,-5,-5
7764,1.0,-4,0,0,0,0,1,1,1,1,1,-4,-4,0,0.0,-4,2,0,22000,4,13,13,1,27691,0,0
7765,1.0,-4,0,0,0,6,2,2,3,3,1,3,-4,0,0.0,5,2,0,29050,9,12,12,1,13559,0,0
7766,0.0,-4,0,1,0,1,1,3,2,1,1,-4,-4,0,0.0,-4,2,0,29050,9,12,12,1,10961,0,0
7767,1.0,-4,0,0,0,2,2,2,2,1,1,-4,-4,0,,-4,2,0,49000,4,12,16,1,22594,0,0
7768,0.0,200109,0,0,0,3,2,2,3,1,1,2,-4,0,0.0,0,1,-4,-4,4,12,7,1,23612,0,0
7769,0.0,200107,0,0,0,9,2,2,5,4,2,5,-4,1,0.0,0,2,0,34250,4,10,14,1,3506,0,-4
7770,0.0,199804,0,0,0,3,1,4,2,2,3,5,-4,0,0.0,75,2,0,34250,4,10,14,1,38381,0,-2
7771,0.0,200204,2,2,1,3,2,3,4,3,2,-4,-4,0,0.0,-4,1,0,34250,4,10,14,1,37157,0,-4
7772,1.0,-4,0,0,1,1,2,2,3,2,1,4,-4,0,0.0,40,1,0,30505,3,-4,16,1,25273,0,0
7773,1.0,-4,0,4,0,6,2,2,3,3,2,4,-4,1,1.0,50,2,0,38800,4,-4,13,1,79418,0,0
7774,1.0,200009,0,1,0,6,2,2,4,3,1,5,-4,0,0.0,0,2,0,-3,4,12,12,1,-4,0,0
7775,0.0,-4,0,0,0,3,2,3,5,1,1,4,-4,0,,0,1,1,-3,5,-3,11,1,-4,-5,-5
7776,0.0,201404,1,0,0,5,2,3,3,4,1,4,-4,0,0.0,50,1,1,-3,5,-3,11,1,-4,0,0
7777,0.0,-4,0,0,0,5,3,3,5,5,5,5,-4,1,0.0,100,2,0,29500,4,12,12,1,17243,0,0
7778,1.0,200806,0,0,0,2,2,2,4,1,1,-4,-4,0,0.0,-4,1,0,36250,2,-3,16,1,-4,-5,-5
7779,1.0,-4,0,0,0,1,1,2,3,2,1,-4,-4,0,0.0,-4,1,0,-3,3,-4,16,1,47265,0,0
7780,1.0,-4,0,0,0,0,3,3,3,3,1,3,-4,0,,0,2,0,-3,4,16,16,1,-4,-2,0
7781,1.0,-4,0,0,0,4,3,2,1,2,1,4,-4,0,,10,2,0,-3,4,12,16,1,31787,-5,-5
7782,1.0,-4,0,0,0,1,1,2,2,1,1,-4,-4,0,,-4,2,0,-3,4,12,16,1,80247,-5,-5
7783,0.0,200206,0,0,0,3,2,3,3,4,1,5,-4,0,,25,1,0,4050,4,9,12,1,21125,-5,-5
7784,0.0,200312,1,0,0,3,1,1,5,1,2,-4,-4,0,0.0,-4,1,0,21700,7,12,12,1,27961,0,0
7785,0.0,199910,0,0,0,2,2,2,2,1,2,-4,-4,0,,-4,1,0,1750,4,12,11,1,-4,-5,-5
7786,1.0,200205,0,0,0,0,2,3,3,1,1,4,-4,0,0.0,5,1,0,-3,3,-4,12,1,-4,0,1
7787,0.0,-4,0,0,0,0,2,2,2,1,1,-4,-4,0,0.0,-4,2,0,-3,3,12,12,1,-4,0,0
7788,0.0,-3,1,1,1,3,3,2,5,3,1,4,-4,0,,-4,1,0,2250,2,-3,11,1,-4,0,1
7789,1.0,-4,0,0,0,2,2,2,1,2,1,2,-4,0,,25,1,0,-3,4,12,12,1,-4,-5,-5
7790,1.0,200002,2,0,1,20,2,3,4,4,2,4,-4,0,,25,1,-4,-4,2,18,16,1,60255,0,0
7791,0.0,-4,0,0,1,3,2,2,4,1,3,4,-4,0,0.0,-4,1,0,275500,3,16,14,1,-4,-5,-5
7792,1.0,-4,0,0,0,-2,2,3,1,1,1,-4,-4,0,0.0,-4,2,0,-3,6,-4,14,1,-4,0,0
7793,1.0,-4,0,0,0,2,1,1,1,1,1,-4,-4,0,0.0,-4,2,0,-3,6,-4,14,1,-4,-5,-5
7794,1.0,-4,0,0,0,0,1,2,4,1,4,-4,-4,0,0.0,-4,2,0,40000,6,10,12,1,44587,0,0
7795,0.0,-4,0,1,0,4,2,2,5,4,2,5,-4,0,0.0,0,2,0,21296,2,12,11,1,18690,0,0
7796,0.0,-4,0,0,0,4,2,2,2,5,5,3,-4,0,0.0,10,1,1,-21250,8,12,10,1,1565,0,0
7797,0.0,200204,-3,0,0,2,2,2,3,5,2,4,-4,0,0.0,0,1,1,-21250,8,12,10,1,12689,0,1
7798,1.0,-4,0,0,0,2,1,1,5,1,3,-4,-4,0,0.0,-4,2,1,-21250,8,12,10,1,21055,0,0
7799,1.0,200108,0,0,0,0,1,1,3,1,3,-4,-4,0,0.0,-4,1,1,-21250,8,12,10,1,31727,0,0
7800,1.0,199911,0,0,0,2,2,3,2,2,3,3,-4,0,,3,1,0,36000,4,14,14,1,56587,0,0
7801,0.0,200811,1,6,0,17,1,1,5,5,5,-4,-4,1,0.0,-4,2,0,7700,7,12,12,1,-4,0,0
7802,1.0,-4,0,0,0,5,2,3,3,1,2,3,-4,0,0.0,3,1,0,3100,6,-3,11,1,15603,0,0
7803,0.0,200104,0,0,0,5,2,2,2,3,2,3,-4,0,0.0,15,1,0,3100,6,-3,11,1,34780,0,1
7804,0.0,-4,0,0,0,2,2,2,2,1,5,-4,-4,0,0.0,-4,2,0,3100,6,-3,11,1,7065,0,0
7805,0.0,199903,1,0,0,2,3,3,4,-2,2,-4,-4,0,0.0,-4,1,0,-3,3,-3,12,1,37222,-5,-5
7806,1.0,-4,0,0,0,2,2,2,2,1,1,4,-4,0,,50,1,0,-3,5,12,11,1,55244,0,0
7807,1.0,-4,0,0,0,0,2,2,2,1,2,4,-4,0,0.0,52,1,0,13500,7,-3,9,1,28634,0,0
7808,0.0,201108,-3,0,3,4,1,1,1,2,1,-4,-4,0,0.0,-4,1,0,16500,6,-4,12,1,-4,0,0
7809,0.0,199408,0,0,0,0,1,2,4,3,1,5,-4,1,,0,2,-4,-4,5,-3,11,1,14323,-5,-5
7810,0.0,200411,0,0,0,2,2,1,1,1,1,-4,-4,0,0.0,-4,1,-4,-4,3,-3,12,1,77742,0,0
7811,0.0,-4,0,0,0,0,2,2,1,1,1,-4,-4,0,0.0,-4,2,0,-3,6,12,12,1,2138,0,0
7812,0.0,-4,0,0,0,8,3,2,1,1,2,1,-4,0,0.0,5,1,0,4750,6,-3,11,1,-4,0,1
7813,0.0,-4,0,0,0,1,2,2,1,1,1,-4,-4,0,0.0,-4,2,0,4750,6,-3,11,1,-4,0,1
7814,0.0,200609,1,-4,-4,-4,2,4,1,1,1,1,-4,0,0.0,50,2,0,12750,8,-4,-4,1,11871,0,-4
7815,0.0,199606,2,0,2,19,3,3,2,1,3,-4,-4,0,0.0,-4,2,0,12750,8,-4,-4,1,7039,0,-4
7816,0.0,-4,0,0,0,15,3,4,4,5,4,5,-4,0,1.0,20,2,0,3750,6,8,8,1,12573,0,0
7817,1.0,-4,0,0,0,15,4,4,4,3,4,5,-4,1,0.0,10,2,0,3750,6,8,8,1,18304,0,0
7818,0.0,199607,0,0,0,1,2,2,4,3,3,4,-4,1,0.0,10,1,0,47500,7,12,-4,1,8453,0,0
7819,1.0,-4,0,0,0,10,2,3,4,4,4,5,-4,0,1.0,20,2,0,92750,7,-4,12,1,-4,0,1
7820,0.0,199604,0,0,2,3,4,4,1,1,1,3,-4,0,0.0,-4,1,0,92750,7,12,12,1,32150,0,0
7821,0.0,199008,-3,0,0,6,2,2,2,2,1,1,-4,0,,10,1,0,92750,7,-3,12,1,22416,0,-2
7822,0.0,200007,0,0,0,7,2,3,1,1,1,-4,-4,0,0.0,-4,1,0,92750,7,12,12,1,10375,0,0
7823,0.0,199612,0,0,0,3,2,2,3,1,4,2,-4,-3,,20,2,0,135500,2,12,12,1,4971,-5,-5
7824,1.0,200809,0,0,0,8,2,1,4,2,1,4,-4,0,1.0,0,2,0,8750,5,11,12,1,42233,0,0
7825,1.0,-4,0,0,0,1,2,2,1,1,1,1,-4,1,0.0,2,1,0,38750,4,14,12,1,87585,0,0
7826,1.0,-4,0,0,0,7,2,3,4,3,3,2,-4,0,,20,2,0,6250,3,10,12,1,-4,0,0
7827,0.0,199607,0,0,2,0,2,2,2,1,1,-4,-4,0,,-4,1,0,6250,3,10,12,1,-4,-5,-5
7828,0.0,199401,0,1,1,2,2,1,3,2,2,-4,-4,0,0.0,-4,2,0,1750,3,9,12,1,-4,0,0
7829,1.0,199905,4,0,0,1,2,1,2,2,1,2,-4,0,,50,2,0,22500,4,10,-4,1,77138,-5,-5
7830,1.0,-4,0,0,0,4,3,2,5,3,3,2,-4,0,0.0,0,2,0,-3,3,-4,14,1,15592,0,0
7831,0.0,-4,0,0,0,12,3,1,4,2,4,3,-4,1,0.0,-4,1,0,-3,3,-4,14,1,9169,0,0
7832,1.0,-4,0,0,0,5,2,1,2,1,1,-4,-4,0,0.0,-4,1,0,4250,3,-4,12,1,16329,0,0
7833,1.0,199905,1,0,2,10,3,2,5,2,2,5,-4,0,,50,1,0,54150,2,-3,14,1,-4,-5,-5
7834,0.0,199610,3,0,2,28,2,3,4,4,1,4,-4,0,0.0,10,1,0,82000,5,-3,-4,1,22839,-5,-5
7835,0.0,200311,5,0,0,10,2,2,2,3,2,-4,-4,0,0.0,-4,1,0,82000,5,-3,-4,1,15773,0,0
7836,1.0,-4,0,0,0,2,1,2,3,3,2,2,-4,0,0.0,20,2,0,3750,3,11,10,1,34754,-5,-5
7837,1.0,-4,0,0,0,6,2,3,3,3,1,3,-4,0,0.0,20,2,0,1750,2,9,14,1,39453,0,0
7838,0.0,199902,1,1,2,21,1,1,4,3,4,-4,-4,1,,-4,1,0,1500,5,10,12,1,-4,-5,-5
7839,1.0,200611,0,0,0,5,2,3,4,3,2,4,-4,0,0.0,20,1,0,29250,3,-3,12,1,40012,0,0
7840,1.0,-4,0,0,1,0,3,3,4,3,1,-4,-4,0,0.0,-4,2,0,3750,2,-4,12,1,21205,0,0
7841,0.0,-4,0,0,0,5,2,2,3,3,1,1,-4,0,0.0,-4,2,0,500,3,8,12,1,2208,0,0
7842,0.0,199903,0,0,0,5,3,2,2,2,3,-4,-4,0,0.0,-4,2,0,500,3,8,12,1,5223,0,-2
7843,0.0,-4,0,0,0,0,2,1,1,1,1,-4,-4,0,,-4,2,0,1750,3,-3,10,1,8119,0,0
7844,0.0,200109,0,1,0,2,3,4,5,3,1,-4,-4,0,0.0,-4,2,0,-3,4,-4,12,1,-4,0,0
7845,1.0,-4,0,0,0,2,1,2,5,2,2,-4,-4,0,0.0,-4,1,0,-3,7,16,14,1,31159,0,0
7846,1.0,-4,0,0,1,6,2,2,4,4,3,4,-4,0,0.0,5,2,0,27300,6,-3,12,1,33088,0,0
7847,0.0,200304,0,0,0,0,4,4,4,3,1,-4,-4,0,0.0,-4,1,0,27300,6,12,12,1,9536,0,0
7848,0.0,199709,-3,2,0,0,2,2,1,1,3,-4,-4,0,0.0,-4,1,0,27300,6,12,12,1,5606,0,0
7849,0.0,-4,0,6,0,2,2,1,3,2,4,4,-4,1,0.0,0,1,0,26800,2,12,14,1,42642,0,0
7850,0.0,199809,0,0,3,0,2,3,1,2,2,-4,-4,1,0.0,-4,1,0,133900,6,-3,14,1,38279,0,-4
7851,1.0,-4,0,0,0,2,2,1,4,4,1,4,-4,0,0.0,0,2,1,55700,5,12,9,1,8820,1,1
7852,0.0,201303,0,0,0,1,2,2,1,1,2,-4,-4,0,0.0,-4,2,0,55700,5,12,14,1,25578,0,0
7853,1.0,-4,0,0,0,13,2,3,3,3,2,3,-4,0,0.0,25,2,-4,-4,6,19,16,2,52760,0,0
7854,1.0,-4,0,0,0,2,1,2,3,3,1,-4,-4,0,0.0,-4,1,-4,-4,6,19,16,2,74012,0,0
7855,0.0,-4,0,0,0,0,2,2,2,1,1,-4,-4,0,,-4,1,0,-3,4,12,12,2,45864,0,0
7856,1.0,-4,0,0,0,2,2,2,2,1,1,-4,-4,0,0.0,-4,2,0,166300,4,20,15,2,52743,0,0
7857,1.0,-4,0,0,0,0,2,2,5,5,3,-4,-4,0,0.0,-4,2,0,4100,3,12,13,1,29360,0,-4
7858,1.0,199510,0,0,2,2,2,2,3,2,2,-4,-4,0,0.0,-4,2,0,3250,6,12,8,1,-4,0,0
7859,0.0,200403,5,2,2,2,4,4,2,1,1,-4,-4,1,0.0,-4,1,0,3250,6,12,8,1,29510,0,0
7860,0.0,199907,1,2,1,5,3,4,2,1,3,-4,-4,0,0.0,-4,1,0,-8250,4,12,14,1,-4,-5,-5
7861,1.0,-4,0,0,0,0,2,4,2,1,2,-4,-4,0,0.0,-4,1,0,35500,4,12,14,1,24899,0,0
7862,0.0,199911,2,6,0,8,4,4,5,5,5,5,-4,1,1.0,40,1,0,-3,2,12,12,1,20714,0,0
7863,1.0,-4,0,4,0,8,3,4,5,5,2,4,-4,0,0.0,10,2,0,21200,10,12,12,1,-4,0,0
7864,1.0,200310,0,0,0,5,2,3,2,1,2,-4,-4,0,0.0,-4,1,0,21200,10,12,12,1,-4,0,0
7865,0.0,199706,1,0,0,6,2,3,3,2,3,5,-4,0,0.0,25,1,0,-1000,5,14,14,1,33796,0,0
7866,0.0,-4,0,0,0,7,2,3,2,1,2,3,-4,0,0.0,-4,1,0,-1000,5,14,14,1,150,0,0
7867,0.0,200001,0,1,0,8,3,3,3,3,3,4,-4,0,0.0,25,1,-4,-4,5,11,12,1,-4,-5,-5
7868,0.0,-4,0,0,0,5,2,2,1,1,2,-4,-4,0,0.0,-4,2,0,3750,3,9,12,1,14759,0,0
7869,0.0,200210,3,2,10,4,2,3,3,4,4,5,-4,0,0.0,25,1,0,-3,6,11,11,1,499,-1,1
7870,1.0,-4,0,0,0,2,2,2,2,3,2,-4,-4,0,0.0,-4,2,0,-3,6,12,12,1,59583,0,0
7871,1.0,-4,0,0,0,4,1,4,5,4,4,-4,-4,1,1.0,-4,2,0,30500,2,12,14,1,23249,0,0
7872,1.0,199707,0,0,0,0,2,2,3,1,2,-4,-4,0,0.0,-4,2,0,79500,5,14,13,1,15466,0,0
7873,0.0,200507,1,0,0,5,3,3,3,3,3,4,-4,0,0.0,25,2,0,-3,3,11,12,1,26412,0,1
7874,1.0,-4,0,1,0,4,2,3,2,1,2,-4,-4,0,0.0,-4,2,0,-3,3,11,12,1,7870,0,1
7875,1.0,-4,0,0,0,0,2,2,3,3,1,4,-4,0,0.0,20,1,0,-3,3,12,12,1,29698,0,0
7876,0.0,199904,0,1,0,5,2,3,1,1,1,-4,-4,0,0.0,-4,1,0,11000,5,-4,9,1,1148,-2,-4
7877,0.0,200102,0,0,0,90,2,2,3,3,2,4,-4,1,0.0,50,2,1,49,4,9,10,2,15438,0,0
7878,0.0,199705,0,1,0,50,2,2,3,4,2,3,-4,0,0.0,10,2,1,49,4,9,10,2,40808,0,0
7879,0.0,200006,1,0,1,14,2,2,2,1,2,-4,-4,0,,-4,1,-4,-4,5,95,3,2,-4,0,-4
7880,0.0,-4,0,-4,-4,-4,2,1,5,3,5,5,-4,0,1.0,50,2,0,-12000,6,10,13,1,-4,0,1
7881,0.0,200002,1,0,0,3,2,2,4,2,3,1,-4,0,,100,1,-4,-4,4,12,16,1,6674,0,-2
7882,0.0,-4,0,30,0,6,2,4,3,2,4,4,-4,1,1.0,50,1,0,7500,2,-3,9,1,-4,0,0
7883,0.0,199608,1,0,2,14,2,1,2,1,2,5,-4,0,1.0,0,1,0,1750,4,12,12,1,3725,0,1
7884,0.0,199702,5,2,0,15,3,2,2,1,1,5,-4,0,,0,1,0,1750,4,12,12,1,5925,-5,-5
7885,0.0,200103,-3,3,3,18,2,3,3,1,2,3,-4,0,1.0,0,1,0,3750,6,12,11,1,316,0,-2
7886,0.0,-4,0,0,0,0,2,2,5,5,4,-4,-4,0,0.0,-4,2,0,3750,6,12,11,1,1661,-2,-2
7887,0.0,-4,0,0,0,7,2,2,5,3,3,3,-4,0,0.0,52,2,0,10000,4,-3,11,1,23850,0,0
7888,0.0,-4,0,0,0,7,2,2,2,1,1,-4,-4,0,0.0,-4,2,0,10000,4,-3,11,1,11472,0,0
7889,0.0,199401,0,0,0,5,3,2,3,2,1,4,-4,0,0.0,5,1,-4,-4,4,-4,10,1,4537,0,0
7890,0.0,-4,0,0,0,15,3,3,5,4,3,-4,-4,0,0.0,-4,1,-4,-4,4,-4,10,1,6683,0,0
7891,0.0,200007,0,0,0,17,2,3,2,5,4,5,-4,0,0.0,50,1,0,4600,5,-4,14,1,3341,0,0
7892,0.0,199911,0,0,0,0,3,3,4,3,2,-4,-4,0,0.0,-4,2,0,4600,5,-4,14,1,43981,0,0
7893,0.0,199611,1,0,0,12,2,2,4,3,2,-4,-4,0,,-4,1,-4,-4,7,-4,-3,1,8184,0,0
7894,1.0,199706,0,0,3,8,3,3,4,2,1,4,-4,0,0.0,50,1,0,16000,5,12,11,1,204,-2,0
7895,1.0,199802,0,0,0,10,1,4,3,2,2,-4,-4,1,,-4,2,0,14500,7,12,10,1,46609,0,1
7896,0.0,200402,0,0,0,6,2,3,4,4,1,-4,-4,1,1.0,-4,2,0,14500,7,12,10,1,40136,0,1
7897,0.0,199512,2,2,0,10,2,3,2,2,2,-4,-4,1,,-4,1,0,1750,7,12,9,1,-4,0,0
7898,1.0,199907,0,1,1,4,1,2,4,1,1,-4,-4,0,0.0,-4,1,0,14500,7,-3,10,1,48523,0,-4
7899,0.0,-4,0,0,0,20,1,2,1,1,1,-4,-4,0,0.0,-4,2,0,7500,4,10,11,1,5960,0,0
7900,0.0,200002,0,0,1,2,2,2,3,1,5,-4,-4,0,0.0,-4,1,0,3750,7,12,12,1,10177,0,0
7901,1.0,-4,0,0,0,3,2,2,3,1,1,2,-4,0,0.0,50,2,0,22500,5,12,12,1,24443,0,0
7902,1.0,200903,0,0,0,3,1,2,3,1,4,-4,-4,0,0.0,-4,1,0,22500,5,12,12,1,8578,0,0
7903,0.0,-4,0,0,6,6,4,3,5,2,3,5,-4,0,0.0,10,2,0,52250,4,12,14,1,17580,0,0
7904,1.0,-4,0,0,0,2,2,2,2,2,1,-4,-4,0,0.0,-4,2,0,49050,4,14,13,1,69547,0,0
7905,0.0,199703,1,0,1,5,2,2,1,1,1,-4,-4,0,,-4,1,0,35000,5,12,-3,1,2759,0,0
7906,1.0,-4,0,0,0,3,1,2,2,1,1,-4,-4,0,0.0,-4,2,-4,-4,4,12,12,1,-4,0,0
7907,1.0,-4,0,0,0,2,2,3,4,4,1,3,-4,0,,-4,2,-4,-4,4,20,16,1,28413,-5,-5
7908,0.0,199910,0,1,0,7,2,2,2,2,1,-4,-4,1,0.0,-4,2,0,11300,6,11,10,1,2659,0,0
7909,0.0,-4,0,1,0,4,1,3,2,2,2,-4,-4,1,0.0,-4,2,-4,11300,6,-3,-3,1,-4,0,0
7910,0.0,200402,0,0,0,3,2,3,4,3,3,4,-4,0,,25,1,0,-3,8,12,14,1,431,0,0
7911,0.0,200607,0,0,1,0,2,3,4,3,1,4,-4,0,0.0,0,2,0,500,7,12,12,1,9897,0,0
7912,0.0,199901,1,0,0,0,2,2,3,3,2,-4,-4,0,0.0,-4,1,0,500,7,12,12,1,17087,0,0
7913,0.0,-4,0,0,0,0,2,3,4,3,1,5,-4,0,,25,1,0,8750,10,10,11,1,-4,0,0
7914,0.0,200012,-3,8,1,90,2,4,5,4,2,5,-4,0,0.0,0,1,0,8750,10,10,11,1,-4,0,0
7915,1.0,-4,0,2,3,10,2,2,1,1,3,-4,-4,0,0.0,-4,1,0,-3,7,12,11,1,84777,-5,-5
7916,1.0,200308,0,0,0,0,2,2,4,2,1,-4,-4,0,,-4,1,0,73750,5,-4,12,1,-4,0,0
7917,0.0,-4,0,0,0,5,3,4,4,4,1,-4,-4,0,,-4,1,0,73750,5,-4,12,1,-4,0,0
7918,0.0,-4,0,0,0,0,2,2,3,5,1,4,-4,0,,5,2,0,207351,3,12,11,1,60239,-5,-5
7919,0.0,199903,0,0,3,0,2,4,2,4,1,5,-4,0,0.0,25,1,0,1750,5,12,12,1,750,0,0
7920,0.0,199907,0,0,0,0,1,2,3,3,1,-4,-4,0,0.0,-4,2,0,1750,5,12,12,1,385,0,0
7921,0.0,-4,0,0,0,7,2,3,4,3,1,4,-4,0,,10,1,0,71750,6,12,11,1,-4,0,0
7923,1.0,-4,0,0,0,5,2,2,2,3,1,-4,-4,0,0.0,-4,2,0,10000,4,16,14,2,8616,-5,-5
7924,0.0,201212,0,4,0,0,2,3,3,1,2,2,-4,1,,0,2,-4,-4,4,-3,-3,2,12988,0,0
7925,0.0,199707,0,1,0,56,2,3,4,4,1,-4,-4,0,,-4,2,-4,-4,4,-3,-3,2,2937,0,0
7926,1.0,-4,0,0,0,3,2,2,1,1,1,-4,-4,0,0.0,-4,2,0,16250,2,16,16,2,35136,0,0
7927,1.0,200510,0,0,0,2,2,2,1,1,1,-4,-4,0,1.0,-4,2,0,500,7,12,13,1,40394,0,0
7928,0.0,199705,2,0,1,6,2,2,5,5,3,-4,-4,0,0.0,-4,1,0,-3,4,7,12,1,1966,-5,-5
7929,0.0,-4,0,0,0,4,1,2,1,1,1,-4,-4,0,0.0,-4,1,0,145500,5,13,12,1,16440,0,0
7930,0.0,-4,0,0,0,0,2,1,2,1,1,-4,-4,0,0.0,-4,1,0,145500,5,-4,-3,1,9963,0,1
7931,1.0,-4,0,0,0,0,2,2,1,3,1,5,-4,1,0.0,30,2,0,90600,4,-3,-3,1,46574,0,0
7932,1.0,-4,0,0,0,3,2,4,1,1,1,-4,-4,1,0.0,-4,2,0,253500,3,12,12,1,75453,-5,-5
7933,1.0,-4,0,0,0,2,3,3,3,2,1,4,-4,0,0.0,-4,1,0,-3,6,-3,12,1,26175,-5,-5
7934,1.0,-4,0,0,1,0,1,4,1,1,1,-4,-4,0,0.0,-4,1,0,-3,6,-3,12,1,16420,0,1
7935,0.0,200706,1,3,1,5,1,1,1,1,1,-4,-4,0,0.0,-4,1,0,422500,3,12,14,1,16508,0,0
7936,1.0,-4,0,1,0,2,1,4,1,2,1,2,-4,0,0.0,-4,1,0,-3,3,16,16,1,91113,0,0
7937,0.0,-4,0,0,0,7,2,2,1,2,1,-4,-4,0,0.0,-4,2,0,15000,4,-4,13,1,69753,0,0
7938,,-4,0,0,0,2,2,1,-2,1,1,-4,-4,0,,-4,2,0,200,2,-3,12,1,-4,-5,-5
7939,0.0,200004,0,1,0,20,2,4,3,1,1,-4,-4,1,0.0,-4,2,-4,-4,5,15,12,1,-4,0,0
7940,0.0,199606,0,0,0,2,2,2,1,1,1,3,-4,0,,50,1,0,-3,4,-3,14,1,-4,-5,-5
7941,1.0,-4,0,0,0,0,2,2,4,4,3,5,-4,0,,0,2,-4,-4,4,16,18,1,50394,0,0
7942,1.0,-4,0,1,0,2,3,3,5,5,-2,5,-4,0,0.0,-4,2,0,-3,4,12,12,1,-4,0,0
7943,1.0,199811,0,0,0,2,1,2,4,4,3,3,-4,0,1.0,0,1,0,-3,5,18,13,1,-4,0,0
7944,1.0,200112,0,0,0,5,2,3,1,1,1,-4,-4,0,0.0,-4,1,0,-3,5,18,13,1,-4,0,0
7945,1.0,-4,0,0,1,3,2,2,3,1,1,-4,-4,0,0.0,-4,2,0,131650,3,-4,14,1,86516,0,0
7946,1.0,-4,0,0,0,2,1,1,2,2,1,3,-4,0,0.0,0,2,0,-3,5,12,13,1,21496,0,0
7947,1.0,201303,0,0,0,4,2,4,5,2,4,5,-4,1,0.0,20,2,0,-3,5,12,13,1,48924,0,0
7948,1.0,-4,0,0,0,5,2,2,1,1,1,-4,-4,0,0.0,-4,1,0,-3,5,12,13,1,27322,0,0
7949,0.0,199411,0,0,1,7,2,3,3,3,1,5,-4,0,,50,1,0,3750,4,12,10,1,-4,0,1
7950,0.0,200106,0,0,0,-2,4,4,4,5,5,5,-4,0,1.0,0,2,0,3750,4,11,10,1,12374,0,0
7951,1.0,-4,0,1,0,2,1,1,1,2,1,-4,-4,0,0.0,-4,2,0,3750,4,11,10,1,38058,0,0
7952,1.0,-4,0,5,2,30,2,1,1,1,4,-4,-4,1,1.0,-4,1,0,7500,6,12,12,1,46931,0,0
7953,0.0,-4,0,0,0,3,2,2,3,2,1,3,-4,0,,-2,1,0,3750,5,12,12,1,6062,0,-4
7954,1.0,-4,0,0,0,6,2,2,3,5,1,5,-4,0,0.0,-2,2,0,-3,5,12,14,1,25659,0,1
7955,0.0,-4,0,0,0,10,2,2,5,5,3,3,-4,0,0.0,10,1,-4,-4,4,12,12,1,8104,0,0
7956,0.0,-4,0,0,0,0,2,2,2,1,1,-4,-4,0,0.0,-4,1,-4,-4,4,12,12,1,20511,0,0
7958,1.0,-4,0,0,0,0,2,3,5,1,1,1,-4,0,0.0,0,2,0,19500,3,-3,12,1,3486,0,1
7959,0.0,200012,0,0,0,13,2,3,3,4,5,-4,-4,0,0.0,-4,2,1,17500,2,-3,12,1,-4,-5,-5
7960,0.0,-4,0,0,0,3,2,2,2,1,1,-4,-4,0,,-4,2,-4,-4,4,12,12,1,-4,-1,-1
7961,0.0,199908,0,0,0,5,1,1,1,1,-2,5,-4,1,1.0,0,2,0,28200,2,-3,12,1,-4,0,0
7962,1.0,-4,0,2,2,3,1,3,2,4,2,-4,-4,0,0.0,-4,2,0,7538,6,10,12,1,11868,0,0
7963,1.0,198807,0,1,3,28,1,2,4,3,1,-4,-4,1,1.0,-4,1,0,17500,5,-3,12,1,24204,1,0
7964,1.0,-4,0,0,0,5,2,3,1,2,1,-4,-4,0,0.0,-4,2,0,22500,4,15,16,1,26696,0,0
7965,0.0,-4,0,0,0,7,2,2,1,2,1,3,-4,1,0.0,50,1,0,28620,6,-3,12,1,26243,0,-4
7966,0.0,-4,0,10,0,3,2,3,1,1,1,-4,-4,0,0.0,-4,2,0,500,4,-3,12,1,12149,0,0
7967,0.0,-4,0,0,0,9,3,2,1,1,1,-4,-4,0,,-4,1,0,4250,5,-3,7,1,24597,-5,-5
7968,0.0,200012,0,0,0,0,2,1,1,1,1,-4,-4,0,0.0,-4,1,-4,-4,4,11,6,2,12541,-5,-5
7969,0.0,200104,0,1,0,2,2,3,3,3,2,3,-4,0,,0,1,0,107900,7,12,14,1,-4,0,0
7970,1.0,-4,0,0,0,1,2,2,4,3,1,4,-4,0,,2,1,0,217500,4,-4,16,1,-4,0,0
7971,0.0,200508,-3,0,0,1,2,2,3,3,2,4,-4,0,1.0,-2,1,0,217500,4,-4,16,1,-4,0,0
7972,0.0,199902,0,0,0,4,2,2,2,2,1,3,-4,0,0.0,5,1,0,118000,6,12,14,1,16208,0,0
7973,0.0,199306,0,0,0,2,2,1,2,1,1,-4,-4,1,1.0,-4,1,0,118000,6,12,14,1,51261,0,0
7974,1.0,-4,0,0,1,10,2,2,4,1,1,3,-4,0,0.0,20,1,0,-3,3,12,14,1,-4,0,0
7975,0.0,-3,-3,0,0,0,4,2,2,2,3,5,-4,0,,1,1,-2,172000,6,-4,-4,1,-4,-5,-5
7977,0.0,-4,0,3,0,14,3,3,4,5,1,3,-4,0,0.0,-4,2,0,118000,4,12,12,2,22809,0,0
7978,1.0,-4,0,0,0,4,2,1,5,3,4,5,-4,0,0.0,0,2,1,-14500,5,-3,13,1,15142,0,1
7979,1.0,-4,0,0,0,3,3,2,5,3,2,-4,-4,0,1.0,-4,2,0,7250,5,14,15,1,22920,0,1
7980,1.0,-4,0,0,0,0,3,3,3,1,1,-4,-4,0,0.0,-4,2,0,50001,4,12,12,1,13677,0,0
7981,0.0,-3,0,0,0,0,2,1,3,4,1,4,-4,1,0.0,75,1,0,118500,5,9,12,1,31183,0,0
7982,0.0,199712,1,0,3,1,2,2,4,4,4,4,-4,0,0.0,5,1,0,5588,6,-3,-3,1,-4,0,0
7983,0.0,199609,0,0,0,3,2,2,5,3,5,5,-4,0,0.0,0,1,0,9950,5,-3,10,1,3802,0,0
7984,0.0,200009,3,0,1,9,2,3,1,1,2,4,-4,1,0.0,-4,1,0,9950,5,-3,10,1,17826,0,0
7985,0.0,-4,0,0,0,0,2,1,1,1,1,-4,-4,0,0.0,-4,2,0,19750,8,-3,12,1,34458,0,0
7986,0.0,-4,0,15,0,3,2,3,2,2,2,4,-4,0,0.0,0,2,-4,-4,5,12,11,1,38695,0,0
7987,1.0,-4,0,0,0,0,2,1,1,2,1,4,-4,0,0.0,-4,2,-4,-4,5,12,11,1,38291,0,1
7988,1.0,-4,0,1,0,0,3,1,1,1,1,-4,-4,0,0.0,-4,1,-4,-4,5,12,11,1,32598,0,-2
7989,1.0,200008,0,0,1,1,3,4,2,4,5,-4,-4,0,0.0,-4,2,0,4000,4,-4,12,1,9640,0,0
7990,0.0,199405,0,2,1,10,2,2,5,4,2,-4,-4,1,1.0,-4,1,0,5750,3,12,16,1,-4,-5,-5
7991,0.0,200102,4,0,1,7,2,2,2,3,1,2,-4,0,,0,1,0,750,5,12,12,1,-4,0,-4
7992,1.0,-4,0,0,0,0,2,2,2,1,1,3,-4,0,0.0,10,2,0,-3,6,-3,11,1,51221,0,0
7993,0.0,199903,2,3,2,5,2,2,1,1,1,-4,-4,0,0.0,-4,1,0,500,3,3,6,1,6682,0,0
7994,0.0,-4,0,3,2,5,1,2,1,1,1,-4,-4,0,0.0,-4,1,0,500,3,3,6,1,8008,0,0
7995,1.0,-4,0,0,0,4,3,4,1,2,1,3,-4,1,0.0,0,2,0,107550,5,15,16,1,28416,0,0
7996,1.0,-4,0,1,1,6,2,2,1,1,1,-4,-4,0,0.0,-4,2,0,134991,4,-3,16,1,22416,0,-2
7997,0.0,200809,1,10,0,0,2,4,2,1,1,5,-4,0,0.0,5,1,0,-3,5,12,11,1,22962,-5,-5
7998,0.0,199703,0,0,1,0,2,3,1,1,1,1,-4,0,0.0,50,1,0,-3,5,12,11,1,245,0,0
7999,0.0,200704,0,0,1,0,2,4,5,1,1,-4,-4,0,1.0,-4,2,0,7500,6,16,13,1,-4,0,-4
8000,0.0,-4,0,1,0,10,3,4,5,4,5,5,-4,0,0.0,0,2,1,16200,6,-3,12,1,4058,0,0
8001,0.0,-4,0,1,0,7,3,2,3,3,4,2,-4,0,,0,1,1,16200,6,-3,12,1,11562,0,0
8002,0.0,-4,0,1,1,0,1,1,1,1,1,-4,-4,1,0.0,-4,1,0,78750,4,9,9,1,-4,-5,-5
8003,0.0,200403,0,0,3,5,2,3,3,2,1,5,-4,0,0.0,50,1,0,17300,3,-3,11,1,10236,0,0
8004,1.0,-4,0,0,0,1,2,2,1,1,2,-4,-4,0,0.0,-4,1,0,17300,3,12,11,1,18168,0,0
8005,1.0,200408,1,0,1,1,1,3,3,1,3,-4,-4,0,0.0,-4,1,0,-3,2,10,11,1,-4,0,0
8006,0.0,-4,0,1,1,1,2,2,1,1,1,-4,-4,0,0.0,-4,2,0,-14850,4,12,12,1,16133,0,0
8007,1.0,-4,0,0,1,0,2,2,4,1,1,3,-4,0,,0,2,0,-3,5,12,12,1,22390,0,0
8008,1.0,-4,0,0,0,0,3,2,3,1,1,-4,-4,0,0.0,-4,2,0,3450,5,13,14,1,48173,0,0
8009,1.0,-4,0,0,0,4,3,3,2,2,1,-4,-4,0,0.0,-4,2,0,3450,5,13,14,1,4335,0,0
8010,1.0,-4,0,0,0,0,2,2,3,1,3,-4,-4,0,0.0,-4,2,0,500,3,-3,12,1,23213,0,0
8011,1.0,-4,0,1,0,3,2,4,5,4,2,5,-4,1,1.0,80,2,0,500,3,13,15,1,56108,0,0
8012,1.0,-4,0,0,0,3,2,2,4,1,1,3,-4,0,0.0,25,2,0,44700,4,11,8,1,24390,0,0
8013,0.0,199910,1,1,0,2,2,3,1,1,2,-4,-4,0,0.0,-4,2,0,7500,3,12,10,1,5493,0,0
8014,1.0,-4,0,0,1,4,1,1,5,5,3,5,-4,0,0.0,0,2,0,22000,7,-3,-3,1,22086,1,-4
8015,0.0,199602,1,10,0,32,1,4,5,4,3,5,-4,1,0.0,50,1,0,22000,7,8,-3,1,-4,0,0
8016,0.0,-4,0,0,0,5,2,1,5,3,4,5,-4,0,,50,1,0,65500,5,12,12,1,8632,0,-4
8017,1.0,-4,0,0,0,1,1,2,2,1,3,-4,-4,0,,-4,2,0,65500,5,12,12,1,11831,0,0
8018,0.0,-4,0,0,0,3,1,4,5,3,4,3,-4,0,0.0,1,2,0,3050,7,-3,12,1,940,0,0
8019,0.0,200807,0,1,1,5,2,4,3,1,5,-4,-4,1,0.0,-4,2,0,3050,7,-3,12,1,5416,0,0
8020,1.0,200608,0,0,1,10,3,2,2,1,5,-4,-4,0,0.0,-4,2,0,-3,8,-4,12,1,42007,0,0
8021,1.0,-4,0,0,0,15,2,2,4,3,4,3,-4,0,0.0,-4,2,0,-3,8,12,12,1,12750,0,0
8022,0.0,199910,0,0,0,2,3,3,1,5,4,5,-4,0,0.0,50,2,0,-3,4,9,16,1,-4,0,0
8023,0.0,-4,0,0,0,4,2,4,1,1,2,-4,-4,0,0.0,-4,2,0,3750,3,-3,12,1,-4,0,0
8024,1.0,-4,0,0,0,0,2,3,1,1,1,2,-4,0,0.0,10,2,0,-3,4,14,16,1,48543,-5,-5
8025,1.0,-4,0,0,0,5,2,2,4,3,2,-4,-4,0,0.0,-4,1,0,-3,4,14,16,1,40864,-5,-5
8026,0.0,200405,0,0,5,30,2,4,1,1,-2,-4,-4,0,0.0,-4,1,0,33750,2,14,11,1,1518,0,0
8027,0.0,200305,0,0,0,9,2,2,5,5,5,3,-4,0,0.0,0,2,0,-5500,5,12,12,1,246,0,0
8028,0.0,201509,1,0,0,3,2,2,3,3,2,5,-4,0,0.0,0,1,0,2250,6,11,11,1,11049,0,0
8029,0.0,-4,0,0,4,2,2,2,1,1,1,-4,-4,0,0.0,-4,1,0,2250,6,-3,11,1,0,0,0
8030,0.0,-4,0,0,0,3,2,2,1,1,1,-4,-4,0,0.0,-4,2,0,5750,3,12,12,1,-4,0,0
8031,0.0,-4,0,5,3,-2,3,2,2,1,1,3,-4,0,,50,1,0,-3,11,12,11,1,19348,0,0
8032,0.0,-4,0,0,0,12,4,4,3,2,4,3,-4,0,,-4,1,0,-3,11,12,11,1,55132,-5,-5
8033,1.0,-4,0,3,2,14,2,2,1,1,1,-4,-4,0,0.0,-4,2,0,-3,11,12,11,1,11839,0,0
8034,1.0,200411,1,0,1,5,2,3,3,2,1,2,-4,0,,-4,1,0,53000,4,12,12,1,66274,0,0
8035,1.0,200510,0,0,1,2,2,1,4,3,4,-4,-4,1,0.0,-4,1,0,-3,4,12,13,1,-4,0,0
8036,0.0,199911,0,1,0,7,3,4,5,2,1,2,-4,0,0.0,0,1,0,-3,6,-3,8,1,-4,0,-2
8037,0.0,199405,0,1,0,3,2,3,3,2,1,3,-4,0,0.0,0,2,0,7500,3,12,11,1,518,0,0
8038,1.0,-4,0,0,0,2,1,1,1,1,2,-4,-4,0,0.0,-4,1,1,32000,5,13,15,1,46797,0,0
8039,1.0,-4,0,0,0,3,4,1,5,5,4,-4,-4,0,0.0,-4,2,0,20000,3,13,12,1,13285,0,0
8040,0.0,-4,0,0,1,0,2,2,1,1,2,-4,-4,1,0.0,-4,1,0,58500,3,10,10,1,-4,0,0
8041,0.0,-4,0,0,0,2,2,3,3,3,4,5,-4,0,0.0,25,1,0,3250,3,11,10,1,-4,-5,-5
8042,0.0,200101,0,0,0,3,2,2,4,2,1,-4,-4,0,0.0,-4,1,0,7750,2,-3,16,1,15621,0,-2
8043,1.0,-4,0,1,0,0,2,1,4,3,1,-4,-4,0,0.0,-4,1,0,2500,4,-3,12,1,-4,0,0
8044,1.0,200106,0,0,0,6,2,4,2,1,1,1,-4,0,0.0,0,2,0,7500,3,-3,11,1,-4,1,0
8045,0.0,199901,0,0,1,3,2,2,5,1,5,3,-4,0,1.0,-4,1,0,7500,3,-3,11,1,-4,0,0
8046,0.0,-4,0,0,0,5,1,2,1,2,1,2,-4,-3,0.0,-3,1,0,38500,6,10,11,1,9052,0,0
8047,0.0,-4,0,0,0,3,2,2,1,1,1,-4,-4,0,0.0,-4,1,0,38500,6,10,11,1,10045,0,0
8048,0.0,-4,0,0,1,0,2,3,2,1,1,-4,-4,-3,0.0,-4,2,0,38500,6,10,11,1,5115,0,0
8049,0.0,200402,0,0,0,0,2,2,4,1,3,2,-4,1,0.0,3,1,0,17500,2,-3,11,1,-4,0,-2
8050,1.0,200103,0,0,0,1,2,2,2,2,1,2,-4,0,,0,1,0,86500,6,16,12,1,21874,0,0
8051,0.0,199701,0,3,4,-2,3,2,5,3,4,5,-4,0,0.0,0,1,0,2300,6,12,13,1,49440,-5,-5
8052,0.0,200201,3,0,1,5,2,2,2,4,3,5,-4,0,0.0,0,1,0,1000,4,-4,9,1,-4,0,0
8053,1.0,200803,1,1,2,3,2,3,1,1,5,-4,-4,1,0.0,-4,1,0,1000,4,-4,9,1,12016,-5,-5
8054,0.0,-4,0,0,0,4,2,3,2,2,2,4,-4,0,,20,2,0,23300,6,12,-3,1,-4,0,0
8055,1.0,200510,0,0,0,6,2,3,2,2,1,3,-4,0,1.0,50,1,0,54000,5,11,12,1,20424,0,0
8056,1.0,-4,0,0,0,3,2,2,1,1,2,-4,-4,0,0.0,-4,2,0,54000,5,11,12,1,44694,0,0
8057,0.0,-4,1,2,2,2,3,3,2,1,2,-4,-4,1,0.0,-4,1,0,-9750,4,12,14,1,1141,0,1
8058,1.0,-4,0,0,0,5,2,3,2,2,1,4,-4,0,,10,1,-4,-4,4,-4,12,1,-4,-5,-5
8059,0.0,-4,0,0,1,10,2,2,4,5,3,-4,-4,0,0.0,-4,1,0,11750,4,6,9,1,42635,0,0
8060,0.0,-4,0,0,0,4,2,2,4,2,1,-4,-4,0,0.0,-4,2,0,500,6,11,11,1,10267,0,-2
8061,0.0,-4,0,0,0,11,2,1,1,3,1,3,-4,0,0.0,5,2,1,62500,4,-3,14,1,-4,-5,-5
8062,0.0,200908,1,12,2,3,2,2,4,4,3,-4,-4,1,,-4,1,0,3750,3,-3,14,2,822,0,-2
8063,0.0,200003,0,-4,-4,-4,4,4,1,4,5,5,-4,0,0.0,5,1,0,5700,8,-4,10,1,-4,-5,-5
8064,0.0,-4,0,0,0,5,2,2,3,5,1,-4,-4,0,0.0,-4,2,0,5700,8,12,9,1,-4,0,1
8065,0.0,200103,3,0,0,-2,2,3,2,2,2,3,-4,0,0.0,0,1,0,33810,3,-3,11,1,-4,0,1
8066,0.0,199005,0,0,0,2,1,1,2,4,2,-4,-4,0,0.0,-4,2,0,500,3,-3,11,1,1098,0,0
8067,0.0,200006,0,1,3,2,3,3,1,1,4,-4,-4,1,0.0,-4,2,0,500,3,12,11,1,2007,-2,0
8068,1.0,-4,0,0,0,0,2,3,2,3,1,3,-4,0,,0,2,0,5955,5,-3,12,1,42357,-5,-5
8069,0.0,-4,0,0,0,5,2,2,4,4,1,4,-4,0,0.0,0,2,0,254201,2,12,12,1,29162,0,0
8070,1.0,199812,0,0,0,0,2,2,2,4,1,4,-4,1,,50,2,0,35000,5,12,12,1,82038,-5,-5
8071,1.0,-4,0,0,0,0,2,2,4,3,2,-4,-4,0,0.0,-4,1,0,35000,5,12,12,1,27904,0,0
8072,0.0,-4,0,2,0,0,2,3,4,2,2,4,-4,0,,0,1,0,60500,3,14,16,1,35626,-5,-5
8073,0.0,-4,0,1,0,15,3,2,2,-2,1,-4,-4,0,,-4,1,0,60500,3,16,16,1,13548,-5,-5
8074,1.0,-4,0,0,0,6,3,3,3,1,1,-4,-4,0,0.0,-4,2,0,57500,3,12,12,1,-4,-5,-5
8075,0.0,-4,0,0,0,1,2,2,1,-2,-2,-4,-4,0,,-4,2,0,10000,6,-4,-3,1,-4,-5,-5
8076,0.0,200507,1,0,2,0,3,4,3,5,4,-4,-4,0,0.0,-4,1,0,36500,6,12,12,1,-4,-5,-5
8077,1.0,-4,0,1,0,2,2,2,1,-2,-2,-4,-4,0,0.0,-4,1,0,86000,3,-3,12,1,67422,0,0
8078,0.0,-4,0,0,0,2,2,3,4,1,1,-4,-4,0,0.0,-4,1,0,14500,5,12,14,1,44982,0,0
8079,0.0,-4,0,10,1,2,1,1,4,2,3,-4,-4,0,0.0,-4,2,0,14500,3,12,11,1,32087,1,0
8080,1.0,201211,0,0,0,2,2,2,4,4,3,-4,-4,0,,-4,2,0,28700,4,12,12,1,29762,0,1
8081,1.0,-4,0,0,0,4,2,2,2,4,2,4,-4,0,0.0,50,2,0,-3,5,12,12,1,90740,0,0
8082,1.0,-4,0,0,0,5,2,3,3,2,1,2,-4,1,0.0,10,2,-4,-4,5,12,12,1,88903,0,0
8083,1.0,-4,0,0,0,6,1,1,1,1,1,-4,-4,0,0.0,-4,2,0,2500,4,14,13,2,-4,0,0
8084,1.0,-4,0,0,0,2,1,1,1,1,1,2,-4,0,0.0,0,2,1,4950,6,-4,12,1,27468,0,0
8085,0.0,-4,0,1,0,2,2,1,4,4,2,-4,-4,0,0.0,-4,2,0,4950,6,11,12,1,4484,0,0
8086,1.0,-4,0,0,0,12,1,1,3,2,1,-4,-4,0,0.0,-4,2,0,2950,4,12,11,1,64030,0,0
8087,0.0,200509,0,0,0,5,1,1,1,1,1,3,-4,0,1.0,10,1,0,1750,5,11,12,2,83985,0,1
8088,0.0,200010,0,0,3,6,2,2,3,3,2,4,-4,0,0.0,-4,1,0,-3,4,12,13,1,13799,0,0
8089,0.0,-4,0,2,1,1,2,2,1,1,2,-4,-4,0,0.0,-4,2,0,10750,6,12,-3,1,11143,0,0
8090,0.0,199609,1,1,3,7,4,1,1,1,1,-4,-4,1,1.0,-4,1,1,1750,3,12,11,1,7047,0,1
8091,1.0,-4,0,2,0,-2,2,2,4,5,1,3,-4,1,1.0,-4,2,1,1750,5,-3,9,2,9950,0,1
8092,0.0,200601,0,-4,-4,-4,3,2,3,3,3,4,-4,0,0.0,10,2,1,500,6,7,8,2,13983,0,1
8093,0.0,199805,0,0,0,5,1,1,1,2,1,1,-4,0,0.0,-4,2,1,500,6,7,8,2,-4,0,1
8094,0.0,199708,1,0,0,6,4,3,2,2,1,-4,-4,0,0.0,-4,1,1,500,6,7,8,2,-4,0,1
8095,0.0,-4,0,-4,-4,-4,2,2,5,3,4,5,-4,1,0.0,0,2,0,500,3,-4,8,2,17391,0,0
8096,1.0,-4,0,99,40,5,2,3,2,1,3,-4,-4,0,0.0,-4,2,0,4500,5,-3,12,1,28105,0,-2
8097,0.0,-4,0,0,0,5,3,4,3,3,1,3,-4,0,0.0,0,2,0,-3,6,-3,12,1,25130,0,0
8098,1.0,-4,0,1,0,10,2,3,3,1,1,-4,-4,0,0.0,-4,2,0,-3,6,-3,12,1,54789,0,0
8099,0.0,-4,0,0,0,7,1,2,2,1,1,-4,-4,0,0.0,-4,1,0,17500,4,-3,12,1,5697,0,1
8100,1.0,201010,0,0,2,9,1,3,-2,-2,1,-4,-4,0,0.0,-4,1,0,500,2,-3,11,2,-4,0,-4
8101,0.0,200202,1,5,10,1,2,2,1,1,1,-4,-4,1,,-4,1,0,72500,6,12,10,2,5674,0,0
8102,0.0,199602,0,0,0,3,2,1,4,3,2,3,-4,1,,0,1,0,7490,3,8,16,2,55929,0,0
8103,0.0,-4,0,0,0,5,2,2,1,1,1,-4,-4,0,1.0,-4,2,-4,-4,3,14,12,2,68089,-5,-5
8104,1.0,199906,0,3,5,0,2,2,1,2,2,-4,-4,1,0.0,-4,1,-4,-4,5,-3,-3,1,-4,0,0
8105,0.0,200602,0,0,1,3,2,1,3,2,2,4,-4,0,0.0,0,1,1,-2050,5,13,12,2,23798,0,0
8106,0.0,-4,0,1,1,11,2,1,5,5,1,-4,-4,0,0.0,-4,2,1,-2050,5,13,12,2,24446,0,0
8107,1.0,-4,0,0,0,0,1,4,2,1,1,-4,-4,0,0.0,-4,2,-4,-4,4,6,8,2,98937,0,0
8108,0.0,200609,0,0,0,2,2,2,2,2,1,-4,-4,0,,-4,1,0,15300,4,12,14,2,65989,0,-2
8109,0.0,199812,0,5,0,2,2,2,1,1,2,1,-4,0,,0,1,0,1750,3,6,4,2,15441,0,0
8110,0.0,-4,0,0,0,1,2,2,1,2,4,1,-4,0,,0,1,0,3755,7,4,6,2,3015,-5,-5
8111,1.0,-4,0,0,0,1,2,3,1,1,2,-4,-4,0,0.0,-4,2,0,3755,7,4,6,2,33623,0,0
8112,1.0,-4,0,1,1,0,2,1,1,1,1,-4,-4,0,0.0,-4,2,0,2750,4,-3,15,2,76478,0,-4
8113,1.0,-4,0,0,0,6,2,2,4,3,1,2,-4,0,0.0,0,2,0,6750,4,14,15,2,24281,0,0
8114,1.0,-4,0,1,0,0,2,3,4,2,1,-4,-4,1,0.0,-4,2,0,6750,4,14,15,2,40622,0,0
8115,1.0,-4,0,0,0,2,2,2,1,1,1,-4,-4,0,0.0,-4,2,0,24500,4,16,14,2,72124,0,0
8116,1.0,-4,0,1,0,4,1,2,4,3,1,4,-4,0,,1,2,0,138500,6,15,20,2,62873,0,0
8117,1.0,200602,0,0,0,5,2,2,1,1,1,-4,-4,0,0.0,-4,2,1,-5150,5,-4,15,1,7855,0,-2
8118,1.0,-4,0,0,0,0,2,2,1,1,1,-4,-4,0,0.0,-4,2,0,-3000,5,12,12,1,65143,0,0
8119,1.0,-4,0,0,0,1,2,2,5,5,4,4,-4,0,0.0,-4,2,0,3050,3,10,12,1,24421,-2,-2
8120,1.0,200212,2,0,0,6,2,2,3,2,2,1,-4,0,0.0,0,2,0,2050,5,12,12,1,3787,0,0
8121,0.0,199811,0,0,0,2,3,3,4,4,3,5,-4,0,0.0,0,2,0,21796,3,14,10,1,34225,0,0
8122,1.0,-4,0,1,1,4,1,3,3,1,2,-4,-4,0,0.0,-4,2,0,18500,6,12,12,1,-4,0,1
8123,1.0,-4,0,0,0,5,2,2,4,3,1,-4,-4,0,0.0,-4,2,0,18500,6,12,12,1,-4,0,0
8124,0.0,200107,0,0,0,2,1,1,5,3,1,1,-4,0,0.0,-4,1,0,500,4,-3,12,1,10071,-5,-5
8125,0.0,-4,0,1,1,1,2,2,4,1,2,-4,-4,0,0.0,-4,2,0,500,4,-3,12,1,28494,0,0
8126,0.0,199907,3,0,0,5,2,2,3,2,1,3,-4,0,,25,1,0,-3,3,16,16,1,-4,0,0
8127,0.0,-4,0,0,0,0,2,1,2,2,1,-4,-4,0,,-4,2,0,1850,6,12,12,1,43345,0,0
8128,0.0,200609,0,0,0,7,2,2,3,3,3,-4,-4,1,,-4,2,0,-500,4,12,12,1,-4,0,1
8129,0.0,-4,0,0,0,7,2,3,5,4,1,5,-4,0,0.0,0,1,-4,-4,5,12,12,1,18174,0,0
8130,0.0,-4,0,0,1,14,2,1,2,1,2,4,-4,0,0.0,0,1,-4,-4,5,-3,11,2,39243,-5,-5
8131,1.0,-4,0,0,0,8,2,2,5,5,5,5,-4,0,1.0,50,2,0,3744,4,12,10,2,23616,0,0
8132,0.0,-4,0,0,1,0,1,2,2,1,2,-4,-4,0,0.0,-4,1,0,501,6,10,9,2,19131,-5,-5
8133,0.0,199808,0,0,0,4,1,2,1,3,1,-4,-4,0,0.0,-4,2,0,501,6,10,9,2,10839,0,0
8134,0.0,-4,0,0,0,5,2,2,1,1,1,-2,-4,0,0.0,-4,2,0,500,3,16,12,2,6507,0,-4
8135,0.0,200101,0,0,0,5,2,2,3,3,2,-4,-4,0,0.0,-4,1,0,500,3,16,12,2,20588,0,-2
8136,1.0,-4,0,0,0,2,2,2,2,1,2,-4,-4,0,0.0,-4,1,0,-250,4,11,7,2,22587,-5,-5
8137,0.0,199506,5,1,0,12,3,4,3,3,2,4,-4,0,,25,1,0,2500,6,6,12,2,10073,0,1
8138,0.0,200005,1,0,1,10,2,4,3,3,2,4,-4,0,1.0,30,1,0,2500,6,6,12,2,19314,0,1
8139,1.0,199812,0,2,0,7,2,3,2,2,2,-4,-4,0,0.0,-4,2,0,2500,6,13,12,2,5542,0,0
8140,1.0,-4,0,1,0,1,1,3,4,4,2,-4,-4,0,0.0,-4,2,0,-840,2,13,13,1,46756,0,0
8141,0.0,-4,0,0,0,3,2,1,2,1,3,-4,-4,0,,-4,2,0,26000,5,12,13,1,62844,0,0
8142,0.0,200512,1,0,0,12,2,3,3,2,1,3,-4,0,0.0,20,1,0,2250,6,3,5,2,6568,-5,-5
8143,0.0,-4,0,0,0,7,2,2,1,1,2,-4,-4,0,0.0,-4,2,0,2250,6,3,5,2,9931,0,0
8144,0.0,-4,0,0,0,11,2,3,2,2,1,-4,-4,0,0.0,-4,2,0,2250,6,3,5,2,-4,0,1
8145,0.0,199803,-3,0,1,-2,3,3,2,1,1,1,-4,0,,10,1,0,7500,3,12,9,1,711,-5,-5
8146,0.0,-4,0,0,0,2,2,1,1,1,1,-4,-4,0,0.0,-4,2,-4,-4,4,12,12,1,-4,0,0
8147,0.0,201508,0,0,1,-2,2,2,2,2,2,-4,-4,0,0.0,-4,2,0,500,5,-4,10,1,2477,1,0
8148,1.0,-4,0,-4,-4,-4,-4,-4,5,1,1,-2,-4,0,0.0,0,1,0,17963,3,-3,13,1,63433,0,0
8149,1.0,199405,0,0,0,1,2,2,3,2,1,3,-4,0,0.0,5,1,0,-3,4,14,16,1,45328,0,0
8150,1.0,-4,0,0,0,2,2,1,4,4,3,3,-4,0,0.0,0,1,0,41500,4,-4,12,1,10989,0,0
8151,1.0,-4,0,0,0,3,2,3,4,4,2,5,-4,0,1.0,10,1,0,41500,4,-4,12,1,19439,0,0
8152,1.0,-4,0,0,0,2,1,2,1,1,1,-4,-4,0,0.0,-4,1,0,46500,5,-3,-3,1,54179,0,0
8153,1.0,-4,0,0,1,1,1,1,1,1,1,-4,-4,0,0.0,-4,1,0,46500,5,-3,-3,1,23679,0,0
8154,0.0,200301,0,2,0,2,2,2,2,2,2,-4,-4,0,0.0,-4,1,0,-3,4,-3,-3,1,19772,0,0
8155,1.0,-4,0,0,0,4,3,3,1,1,1,-4,-4,1,0.0,-4,2,0,500,5,9,8,2,44880,0,0
8156,0.0,199604,0,0,3,8,2,2,5,4,1,5,-4,0,0.0,50,1,0,4451,4,8,12,2,12828,0,1
8157,0.0,-4,0,0,0,3,2,2,5,4,5,-4,-4,0,0.0,-4,1,0,4451,4,8,12,2,15755,0,0
8158,0.0,-4,0,0,0,0,2,2,2,1,1,-4,-4,0,0.0,-4,1,0,11250,5,5,5,2,530,0,0
8159,0.0,199909,1,0,0,22,2,3,4,3,1,5,-4,0,1.0,50,1,-4,-4,3,12,12,2,-4,0,1
8160,1.0,-4,0,0,0,3,2,2,1,1,1,2,-4,0,0.0,20,1,0,7500,4,8,16,2,34453,0,0
8161,1.0,-4,0,0,0,2,2,2,1,1,1,-4,-4,0,0.0,-4,1,0,7500,4,2,16,2,31875,0,0
8162,0.0,200008,0,0,0,10,2,2,1,1,1,1,-4,0,0.0,0,1,0,40250,4,16,12,2,11826,0,0
8163,0.0,200212,1,0,0,8,2,2,3,3,2,3,-4,1,0.0,70,2,0,1000,9,-3,9,2,15884,1,0
8164,0.0,-4,0,1,0,11,2,4,4,4,3,4,-4,0,0.0,50,1,0,2250,5,11,12,2,13834,0,0
8165,0.0,199506,0,0,0,-2,2,2,2,3,2,-4,-4,1,,-4,1,0,-3,5,12,10,1,5389,0,0
8166,0.0,201707,0,5,3,2,3,1,3,2,3,-4,-4,0,0.0,-4,1,0,-3,5,12,10,1,8908,0,0
8167,1.0,-4,0,0,0,4,2,1,3,1,1,3,-4,0,0.0,10,2,0,43400,5,14,12,2,29846,0,0
8168,1.0,-4,0,0,0,1,2,1,2,1,1,-4,-4,1,1.0,-4,1,0,14750,3,18,17,2,38435,0,0
8169,1.0,-4,0,0,0,0,1,2,1,1,1,-4,-4,0,,-4,1,-4,-4,6,6,6,2,37955,0,0
8170,1.0,-4,0,0,0,5,2,2,1,1,1,1,-4,0,0.0,50,2,0,-17050,4,15,18,2,89022,0,0
8171,1.0,200002,0,1,0,2,2,2,1,2,3,-4,-4,0,,-4,1,1,500,6,9,12,2,17112,-5,-5
8172,0.0,-4,0,0,0,0,1,2,3,1,1,-4,-4,0,1.0,-4,1,0,35800,5,7,6,2,59484,0,0
8173,0.0,201405,0,0,0,-2,3,2,5,5,2,3,-4,0,,0,1,-4,-4,8,14,12,2,-4,0,0
8174,0.0,-4,0,0,2,0,2,3,4,5,1,5,-4,0,0.0,50,1,1,4750,4,10,12,2,429,-5,-5
8175,0.0,-4,0,0,1,3,3,3,3,1,1,1,-4,0,0.0,0,2,1,4750,4,10,12,2,8209,0,0
8176,0.0,-4,0,0,0,3,2,2,4,4,3,-4,-4,0,0.0,-4,2,0,-3,3,19,12,2,3255,0,0
8177,0.0,199707,0,0,0,3,2,2,2,3,3,-4,-4,0,,-4,1,0,35975,5,-4,12,2,34578,0,0
8178,1.0,-4,0,0,0,1,2,2,3,1,1,3,-4,1,0.0,10,2,0,77500,5,-4,-4,2,63902,0,0
8179,1.0,199904,0,2,1,1,1,3,2,2,1,2,-4,0,0.0,36,1,0,77500,5,-4,-4,2,92127,0,0
8180,1.0,-3,0,1,2,5,3,4,3,1,3,-4,-4,0,0.0,-4,1,0,77500,5,-4,-4,2,85028,-2,-2
8181,0.0,-4,0,0,0,6,1,2,5,3,2,4,-4,0,,10,1,-4,-4,2,-3,12,2,33634,-5,-5
8182,0.0,198902,0,0,0,26,1,3,4,4,2,4,-4,-3,1.0,0,2,0,25000,3,-3,7,2,8532,-5,-5
8183,1.0,200212,0,0,0,0,2,2,3,4,1,-4,-4,0,0.0,-4,2,0,-3,3,14,14,2,-4,0,0
8184,1.0,201403,0,0,0,5,2,2,4,5,2,4,-4,1,0.0,30,2,0,5200,5,16,16,2,92115,0,0
8185,1.0,-4,0,4,1,0,2,2,4,3,4,-4,-4,0,0.0,-4,2,0,106321,4,-3,12,2,20823,0,-4
8186,0.0,-4,0,2,2,5,2,2,2,3,3,-4,-4,0,1.0,-4,1,0,61750,3,13,14,2,53384,0,0
8187,0.0,-4,0,0,0,5,2,2,1,2,2,1,-4,0,,-4,1,-4,-4,4,12,12,2,30014,0,0
8188,0.0,-4,0,0,0,3,2,2,1,1,2,-4,-4,1,0.0,-4,2,1,10202,4,12,12,2,17238,-5,-5
8189,1.0,-4,0,0,0,3,2,1,3,1,1,-4,-4,0,,-4,2,0,8250,5,12,12,2,18785,0,0
8190,1.0,199909,2,0,0,0,2,1,2,2,2,2,-4,0,,0,1,0,150750,3,16,13,2,85949,0,0
8191,0.0,200004,1,-4,-4,-4,2,3,-2,1,1,-4,-4,0,,-4,1,0,13750,6,12,9,2,11889,0,0
8192,0.0,200709,0,0,0,1,2,2,2,2,2,2,-4,0,1.0,-4,1,0,-3,4,-3,12,2,-4,0,0
8193,0.0,200010,0,0,0,-2,2,2,2,1,3,-4,-4,0,,-4,1,0,-3,4,-3,12,2,-4,-5,-5
8194,1.0,201006,1,0,0,5,2,3,3,4,1,3,-4,1,0.0,15,1,0,174000,6,-3,13,2,88466,0,0
8195,0.0,-4,0,0,0,4,2,2,4,3,1,-4,-4,0,,-4,2,0,174000,6,-3,13,2,34110,0,0
8196,0.0,200110,3,0,0,1,2,2,2,2,1,2,-4,0,0.0,0,1,0,147750,4,12,12,2,-4,0,0
8197,1.0,200910,0,2,0,0,2,2,3,2,1,-4,-4,0,0.0,-4,1,0,147750,4,12,12,2,70010,0,0
8198,1.0,200308,0,0,1,5,2,2,2,5,2,3,-4,1,1.0,-4,1,0,63950,4,14,13,2,52296,0,1
8199,0.0,-4,0,0,0,0,2,2,1,2,2,-4,-4,0,0.0,-4,1,0,850,4,12,11,2,5524,0,0
8200,0.0,-4,0,0,1,5,2,2,1,1,3,-4,-4,0,0.0,-4,1,0,8750,6,12,14,2,48895,0,0
8201,1.0,-4,0,1,0,4,2,2,3,2,1,-4,-4,0,0.0,-4,2,0,8750,6,12,14,2,70142,0,0
8202,1.0,-4,0,6,0,4,2,1,3,3,3,-4,-4,1,0.0,-4,2,0,1520,6,-4,16,2,40499,-5,-5
8203,0.0,200705,0,0,0,10,2,2,1,1,1,-4,-4,0,,-4,2,0,500,4,11,11,2,7179,0,0
8204,0.0,-4,0,0,0,10,3,3,4,2,2,4,-4,0,0.0,10,2,-4,-4,3,-3,15,2,7386,-5,-5
8205,1.0,-4,0,2,0,0,2,2,5,4,5,-4,-4,1,0.0,-4,2,0,-3250,4,-3,11,2,3403,0,0
8206,1.0,199606,0,10,0,1,1,1,5,3,5,-4,-4,1,1.0,-4,1,0,1500,3,-3,16,2,2254,0,1
8207,1.0,-4,0,3,5,8,2,1,5,1,4,2,-4,0,,0,2,-4,-4,6,-4,-3,2,14320,-5,-5
8208,0.0,199410,1,0,11,4,2,1,5,5,5,5,-4,0,0.0,52,2,0,3750,7,-3,11,2,8147,0,0
8209,0.0,-4,0,0,0,-2,2,3,2,5,2,3,-4,0,0.0,20,1,0,3750,7,-3,11,2,15781,0,0
8210,1.0,201611,0,0,0,3,1,2,2,1,2,-4,-4,0,0.0,-4,2,0,3750,7,-3,11,2,26098,0,0
8211,1.0,-4,0,0,0,3,2,3,3,5,5,-4,-4,0,0.0,-4,2,0,3750,7,-3,11,2,6194,0,0
8212,0.0,199706,0,50,0,10,2,2,2,2,1,1,-4,1,1.0,0,2,0,800,2,12,14,2,34092,-5,-5
8213,1.0,200011,0,0,0,3,1,2,4,5,3,4,-4,1,0.0,-4,1,0,55250,2,-4,16,2,21140,0,-4
8214,1.0,-4,0,0,0,7,2,3,1,1,1,1,-4,0,0.0,5,1,0,-3,4,14,14,2,95027,0,0
8215,1.0,-4,0,5,1,20,2,2,1,1,1,-4,-4,0,1.0,-4,2,1,63000,3,14,18,1,63310,0,1
8216,0.0,200008,0,0,0,10,2,2,2,1,2,2,-4,1,,0,1,-4,-4,4,-3,12,1,21896,0,0
8217,0.0,200008,1,2,1,10,2,3,2,1,1,-4,-4,1,,-4,2,-4,-4,4,-3,12,1,-4,0,-2
8218,1.0,-4,0,0,0,10,2,1,1,1,1,-4,-4,0,0.0,-4,2,-4,-4,4,-3,12,1,18670,0,0
8219,0.0,200907,0,1,2,3,2,2,4,1,1,-4,-4,0,0.0,-4,2,0,7210,2,12,13,1,29021,0,0
8220,0.0,-4,0,0,3,0,2,2,1,1,1,-4,-4,1,0.0,-4,1,-2,-3,2,12,15,1,8998,0,0
8221,1.0,-4,0,4,0,4,3,3,-2,-2,2,-4,-4,1,1.0,-4,1,0,33750,5,-4,14,1,-4,-5,-5
8222,0.0,-4,0,0,0,0,1,2,2,1,1,-4,-4,0,,-4,1,0,24500,5,11,12,1,19547,-5,-5
8223,1.0,-4,0,1,0,3,2,4,4,4,1,3,-4,0,0.0,25,1,0,-3,4,14,14,2,92907,0,0
8224,0.0,199607,0,2,2,15,2,4,3,4,2,3,-4,0,0.0,5,1,0,7500,7,-4,12,2,17080,-5,-5
8225,1.0,200201,0,0,0,3,2,2,4,1,2,-4,-4,0,0.0,-4,2,0,135500,4,12,12,2,83706,0,0
8226,1.0,-4,0,0,0,0,2,2,5,3,2,-4,-4,0,0.0,-4,2,0,-3,4,-4,-4,1,59768,0,-4
8227,0.0,-4,0,0,0,0,2,2,2,1,1,-4,-4,0,0.0,-4,1,0,-3,4,-3,11,1,31775,-5,-5
8228,0.0,199809,2,-4,-4,-4,4,3,4,3,3,-2,-4,0,1.0,50,1,0,-3,8,-4,11,1,22789,0,0
8229,0.0,199905,1,0,0,3,2,2,1,1,1,3,-4,0,0.0,-4,1,0,-3,8,-4,11,1,32281,-5,-5
8230,1.0,-4,0,0,0,10,2,2,2,2,1,3,-4,1,0.0,0,2,-4,-4,5,-4,10,2,-4,0,0
8231,0.0,-4,0,0,0,5,4,4,4,1,1,-2,-4,0,0.0,-4,1,-4,-4,5,-3,9,2,-4,0,0
8232,1.0,-4,0,0,0,3,2,3,5,2,3,4,-4,0,0.0,0,2,0,-3,4,-4,15,1,25824,0,0
8233,0.0,-4,0,0,0,13,2,2,3,3,4,2,-4,0,1.0,0,2,-4,-4,7,12,12,2,38237,0,0
8234,0.0,200609,0,0,0,10,3,2,2,2,4,-4,-4,1,,-4,1,-4,-4,7,12,12,2,21188,0,0
8235,1.0,-4,0,2,0,0,2,3,3,3,2,-4,-4,0,0.0,-4,2,-4,-4,7,12,12,2,35694,0,0
8236,0.0,-4,0,0,0,18,2,2,3,3,1,5,-4,0,0.0,0,1,-4,-4,6,-3,-3,1,21314,0,0
8237,0.0,-4,0,1,1,2,2,2,1,1,1,-4,-4,0,0.0,-4,2,-4,-4,6,-3,-3,1,12279,0,0
8238,1.0,201102,0,1,0,7,2,2,4,3,1,-4,-4,0,0.0,-4,1,0,-3,5,18,14,1,56526,0,0
8239,0.0,-4,0,3,1,-2,3,2,5,3,1,3,-4,1,,-4,2,0,-3,4,14,12,2,41474,-5,-5
8240,0.0,-4,0,0,0,1,2,4,4,4,1,3,-4,0,0.0,3,2,-4,-4,5,12,12,1,34526,0,0
8241,0.0,-4,0,0,0,4,2,1,2,3,1,4,-4,0,,9,1,0,16850,5,13,12,2,51354,0,-2
8242,0.0,-4,0,0,0,3,2,3,3,2,1,5,-4,0,,35,2,0,16850,5,13,12,2,23385,0,-2
8243,0.0,199801,1,0,2,2,2,2,1,1,5,-4,-4,0,0.0,-4,1,0,5250,4,11,12,1,6046,0,-4
8244,1.0,-4,0,0,0,3,3,3,4,4,2,-4,-4,0,0.0,-4,2,0,40500,3,-4,12,1,46028,0,0
8245,0.0,-4,0,0,0,-2,2,2,3,3,2,3,-4,0,1.0,0,2,0,48850,3,14,12,1,58405,0,1
8246,0.0,199811,3,0,7,30,2,2,5,4,3,-4,-4,0,0.0,-4,1,0,48850,3,14,12,1,-4,0,1
8247,0.0,200105,2,0,0,0,2,1,4,2,1,3,-4,0,0.0,0,1,0,-3,5,-4,11,1,189,-5,-5
8248,1.0,-4,0,0,0,0,2,3,4,2,3,-4,-4,0,0.0,-4,2,0,36200,6,12,9,2,38436,0,0
8249,1.0,199601,0,0,0,3,2,4,4,3,1,4,-4,1,0.0,25,2,0,55970,6,12,12,1,83564,0,0
8250,1.0,200505,0,0,0,1,2,2,2,1,2,-4,-4,0,0.0,-4,1,0,55970,6,12,12,1,89427,0,0
8251,0.0,-4,0,0,1,1,2,3,5,3,1,-4,-4,0,1.0,-4,2,0,63740,6,12,11,1,1014,0,0
8252,0.0,202308,0,0,1,4,2,3,3,-2,3,-4,-4,1,0.0,-4,1,0,63740,6,12,11,1,8104,0,0
8253,1.0,-4,0,0,0,2,2,1,1,1,1,-4,-4,0,0.0,-4,1,0,17600,3,12,13,1,30486,0,1
8254,1.0,-4,0,0,0,2,2,3,4,4,1,3,-4,1,,0,2,0,10900,3,12,14,1,60645,0,0
8255,1.0,-4,0,0,0,0,2,2,4,4,2,4,-4,0,0.0,-2,2,0,25000,4,-4,12,1,24831,0,-4
8256,0.0,-4,0,0,0,4,3,3,5,4,5,-4,-4,0,0.0,-4,2,0,-3,4,-3,12,1,51851,0,1
8257,0.0,-4,0,0,0,3,2,3,4,5,4,3,-4,1,,0,2,0,2000,3,-3,-3,1,-4,0,0
8258,1.0,-4,0,0,0,0,2,2,2,1,3,-4,-4,0,0.0,-4,2,0,-102355,4,16,17,1,84420,0,0
8259,1.0,-4,0,0,0,15,2,2,3,3,1,-4,-4,0,0.0,-4,2,0,54500,3,12,12,1,47584,0,0
8260,1.0,-4,0,0,1,3,1,1,1,1,3,-4,-4,0,0.0,-4,1,0,54500,3,12,12,1,37008,0,-2
8261,1.0,-4,0,0,0,4,2,3,2,2,1,4,-4,0,0.0,50,1,0,68100,3,10,12,1,66286,0,0
8262,0.0,-4,0,0,2,1,2,2,3,3,1,5,-4,0,0.0,5,1,0,35600,3,12,12,1,0,0,0
8263,0.0,199608,0,-4,-4,-4,4,3,3,2,3,5,-4,1,1.0,50,1,0,3750,2,12,8,1,-4,0,0
8264,0.0,-4,0,0,0,2,1,2,4,4,1,2,-4,0,0.0,0,2,0,-3,3,12,12,1,22843,0,0
8265,0.0,200112,0,0,0,-2,1,2,4,4,4,5,-4,0,0.0,0,2,-4,-4,3,12,11,1,13017,0,0
8266,1.0,199704,0,1,2,5,2,3,3,4,3,5,-4,0,0.0,10,1,0,420,4,12,9,1,45468,0,0
8267,0.0,199609,0,0,0,15,3,3,3,2,3,5,-4,0,,25,1,0,420,4,12,9,1,29466,-5,-5
8268,0.0,-4,0,0,0,6,3,2,5,3,4,2,-4,0,0.0,0,1,0,-3,8,-3,12,1,2431,0,0
8269,0.0,200309,0,0,0,8,2,3,4,4,3,4,-4,0,0.0,50,1,0,-3,8,-3,12,1,1380,0,-2
8270,0.0,-4,0,0,0,8,4,3,5,2,2,-4,-4,0,0.0,-4,1,0,-3,8,-3,12,1,1734,0,0
8271,0.0,-4,0,0,1,0,2,2,2,2,1,-4,-4,0,0.0,-4,2,0,-3,8,-3,12,1,2427,0,-2
8272,0.0,-4,0,2,2,3,2,2,2,1,2,-4,-4,0,0.0,-4,2,1,-3,6,12,12,1,0,0,0
8273,1.0,200608,0,10,0,1,2,2,3,2,5,-4,-4,1,0.0,-4,2,-4,-4,3,14,10,1,99176,0,0
8274,0.0,200008,1,0,0,0,2,1,4,4,2,-4,-4,0,,-4,1,0,1750,4,-3,12,1,-4,0,-2
8275,0.0,200810,0,0,0,6,1,2,3,4,2,5,-4,0,0.0,0,1,0,20050,3,-3,11,1,41121,0,0
8276,0.0,-4,0,0,0,4,2,3,5,1,5,-4,-4,0,0.0,-4,2,0,20050,3,-3,11,1,17648,0,0
8277,0.0,200412,1,0,0,8,2,2,1,1,1,2,-4,0,,0,2,0,9050,3,11,10,1,10541,0,0
8278,0.0,200506,0,0,0,0,2,2,4,3,4,3,-4,0,0.0,0,1,0,37500,5,-3,12,1,30048,-5,-5
8279,0.0,200009,0,0,0,1,2,2,3,-2,2,-4,-4,0,,-4,1,0,9250,3,12,9,1,15867,-5,-5
8280,1.0,-4,0,0,0,0,2,2,3,3,2,3,-4,0,0.0,0,1,0,-3,4,-4,14,1,46848,1,0
8281,0.0,-4,0,0,0,-2,2,2,4,1,4,-4,-4,0,0.0,-4,2,0,-3,8,-4,-3,1,6667,0,0
8282,0.0,-4,0,0,0,0,2,2,3,3,2,5,-4,0,0.0,0,1,0,52100,3,12,12,1,37987,0,0
8283,0.0,-4,0,0,0,15,3,3,5,4,4,5,-4,0,0.0,0,2,0,14700,3,16,12,1,21323,0,0
8284,1.0,-4,0,0,0,0,2,2,1,1,2,-4,-4,0,0.0,-4,1,0,-3,4,12,16,1,97578,0,0
8285,1.0,-4,0,0,0,0,2,2,2,1,3,-4,-4,0,0.0,-4,1,0,-3,4,12,16,1,95621,0,0
8286,1.0,-4,0,3,0,5,3,4,4,4,2,3,-4,1,0.0,10,2,0,80750,8,8,12,1,40881,0,0
8287,0.0,-4,0,0,0,1,2,2,2,2,1,5,-4,0,0.0,25,1,0,53800,4,12,12,1,11697,1,0
8288,1.0,-4,0,1,1,0,2,2,5,3,2,4,-4,0,1.0,-4,2,0,-3250,4,14,16,1,66302,0,0
8289,1.0,201506,0,0,0,1,2,3,5,5,1,-4,-4,0,0.0,-4,2,0,-3250,4,14,16,1,24822,0,0
8290,0.0,199306,1,0,0,4,2,3,4,4,2,3,-4,0,0.0,0,2,0,10750,3,10,14,1,27736,-5,-5
8291,0.0,200105,1,0,2,5,2,2,1,1,1,-4,-4,0,0.0,-4,1,0,3750,2,-3,9,1,2610,0,1
8292,1.0,-4,0,0,0,5,2,2,2,1,1,-4,-4,1,,-4,2,0,-3,2,11,9,1,27144,0,0
8293,0.0,199701,0,0,0,1,2,1,2,1,1,-4,-4,0,0.0,-4,2,0,-3,5,12,12,1,28331,0,0
8294,0.0,-4,0,1,2,14,3,3,4,1,2,-4,-4,0,0.0,-4,1,-4,-4,2,12,12,1,29336,0,0
8295,0.0,199609,3,-4,-4,-4,2,3,4,4,3,5,-2,0,0.0,10,1,0,3750,4,12,12,1,-4,0,1
8296,0.0,-4,0,0,0,0,3,2,4,5,4,5,-4,1,,0,2,-4,-4,3,16,16,1,-4,0,0
8297,0.0,199910,1,1,0,3,1,2,4,4,2,-4,-4,1,,-4,2,0,1750,3,10,10,1,72778,0,1
8298,0.0,201011,0,0,1,5,2,3,5,2,3,-4,-4,0,,-4,1,0,1750,3,10,10,1,11683,0,1
8299,0.0,-4,0,0,0,3,3,2,2,1,1,3,-4,0,0.0,-4,2,0,51401,7,-3,12,1,38443,0,1
8300,1.0,-4,0,0,0,5,2,2,1,1,1,-4,-4,0,1.0,-4,2,-4,-4,7,-3,10,1,28367,-2,-2
8301,0.0,-4,0,0,0,7,3,3,3,2,1,-4,-4,1,0.0,-4,2,-4,-4,7,-4,-4,1,-4,0,1
8302,1.0,-4,0,0,1,10,2,2,1,1,1,3,-4,0,0.0,10,1,-4,-4,4,14,17,1,-4,0,0
8303,1.0,-4,0,1,1,7,3,4,4,4,1,4,-4,0,0.0,0,2,-4,-4,5,-4,12,1,-4,0,0
8304,0.0,-4,0,0,0,2,2,4,5,5,2,4,-4,0,,0,2,-4,-4,5,14,-3,1,-4,0,0
8305,0.0,199712,1,6,7,0,2,4,3,4,4,-4,-4,1,,-4,1,-4,-4,5,-4,12,1,-4,-5,-5
8306,0.0,200310,0,0,0,5,2,2,2,1,1,1,-4,0,0.0,-4,1,0,-3,4,13,10,2,21795,0,0
8307,0.0,-4,0,0,0,6,3,4,3,3,1,4,-4,1,0.0,50,2,1,-3,3,-4,12,1,48562,0,0
8308,0.0,-4,0,0,0,4,2,2,4,-2,1,5,-4,0,,0,2,0,17000,5,12,12,1,-4,0,1
8309,0.0,-4,0,0,4,3,1,1,5,5,2,4,-4,0,0.0,0,2,0,7500,6,12,12,1,3396,0,0
8310,0.0,200603,0,0,0,0,2,2,1,1,1,1,-4,0,1.0,5,1,0,8000,2,-4,-3,1,18154,0,0
8312,1.0,200506,1,0,0,2,1,2,3,3,1,3,-4,0,0.0,2,1,0,19600,4,12,12,1,27832,0,0
8313,1.0,-4,0,0,0,3,2,1,2,2,1,4,-4,0,0.0,25,1,0,19600,4,12,12,1,35540,0,0
8314,1.0,200808,0,1,1,0,2,2,4,3,2,-4,-4,0,0.0,-4,2,0,49715,4,-3,13,1,24846,0,0
8315,0.0,-4,0,0,0,0,2,3,5,5,3,5,-4,0,0.0,0,2,0,123101,3,12,13,1,45682,0,0
8316,1.0,-4,0,0,0,0,1,1,4,5,2,4,-4,1,0.0,50,1,1,52500,4,-4,-4,1,6816,0,0
8317,0.0,201106,0,0,0,2,1,1,1,1,1,-4,-4,0,0.0,-4,1,1,52500,4,-4,-4,1,11560,0,0
8318,0.0,199607,0,1,1,20,2,3,5,4,2,5,-4,-3,,20,2,-4,-4,4,-4,-4,1,23088,1,-2
8319,0.0,199604,1,2,1,10,3,3,2,5,2,5,-4,1,,-4,2,-4,-4,4,-4,-3,1,1784,0,0
8320,1.0,-4,0,99,0,1,2,3,2,1,1,-4,-4,0,,-4,2,0,-3,3,-4,14,1,21789,0,0
8321,0.0,-4,0,0,0,2,2,2,3,1,1,-4,-4,0,0.0,-4,1,0,45000,5,12,14,1,16219,0,0
8322,0.0,199801,4,0,0,-2,2,1,5,5,2,4,-4,0,,0,1,1,750,3,-3,14,1,-4,0,-4
8323,1.0,-4,0,0,0,0,2,2,1,3,1,3,-4,0,0.0,20,2,0,199200,3,14,16,1,83851,-5,-5
8324,1.0,-4,0,0,0,3,2,4,2,2,1,-4,-4,0,0.0,-4,1,0,-3,3,13,14,1,41596,0,0
8325,0.0,199912,0,0,0,4,1,1,5,5,1,5,-4,0,0.0,0,2,-4,-4,2,12,13,1,-4,0,1
8326,1.0,-4,0,0,0,5,2,2,5,5,-2,-4,-4,0,0.0,-4,1,0,52500,4,13,12,1,29185,0,0
8327,1.0,-4,0,0,0,3,2,1,4,5,1,3,-4,0,0.0,65,2,0,57050,3,8,13,1,9150,0,0
8328,0.0,199708,-3,0,2,8,4,2,5,2,1,5,-4,0,,10,1,0,750,4,12,12,1,-4,0,1
8329,1.0,200706,0,0,2,0,2,3,4,3,2,-4,-4,1,0.0,-4,2,0,-685,4,12,12,1,28775,0,-4
8330,0.0,200603,1,2,5,4,4,1,3,1,1,-4,-4,0,0.0,-4,1,0,13500,4,-3,13,2,30052,0,0
8331,1.0,-4,0,0,0,3,2,4,3,2,1,-4,-4,0,,-4,2,0,74500,5,14,16,2,45071,0,0
8332,0.0,-4,0,0,0,4,1,2,2,1,1,-4,-4,0,0.0,-4,1,0,5300,3,12,12,1,22993,0,0
8333,0.0,-4,0,0,0,8,2,2,4,3,1,3,-4,0,0.0,5,1,0,-3,4,12,12,2,12045,0,0
8334,1.0,-4,0,0,0,5,2,2,4,2,4,2,-4,0,0.0,25,2,0,10750,5,12,12,1,30920,0,0
8335,1.0,-4,0,0,0,3,2,3,1,1,1,-4,-4,0,0.0,-4,2,0,10750,5,12,12,1,69826,0,0
8336,1.0,-4,0,0,0,2,2,2,1,1,2,-4,-4,0,0.0,-4,2,0,10750,5,12,12,1,65540,0,0
8337,1.0,-4,0,0,0,3,1,3,4,1,2,4,-4,1,1.0,40,2,0,21750,4,12,12,1,31379,0,0
8338,0.0,200303,0,1,1,5,2,3,1,3,3,4,-4,0,0.0,25,1,0,35750,4,12,14,1,34780,0,0
8339,1.0,200509,0,0,0,1,2,3,3,1,2,-4,-4,0,0.0,-4,1,0,35750,4,12,14,1,53109,0,0
8340,0.0,200003,2,1,0,5,4,4,3,4,3,5,-4,1,0.0,0,1,0,-3,4,-4,12,1,7887,0,1
8341,0.0,-4,0,0,0,1,3,1,2,1,2,-4,-4,0,0.0,-4,2,-1,-3,6,12,12,1,14896,0,0
8342,0.0,200310,0,0,1,3,3,4,3,2,4,-4,-4,0,0.0,-4,2,0,34250,6,12,12,1,7432,0,0
8343,0.0,200001,0,1,1,5,4,2,2,2,2,-4,-4,0,0.0,-4,2,0,34250,6,12,12,1,6350,0,0
8344,1.0,202008,0,0,0,3,2,2,2,2,2,3,-4,0,0.0,0,1,0,127750,3,14,12,1,33927,0,0
8345,1.0,-4,0,0,0,10,3,2,3,3,2,3,-4,0,0.0,20,2,0,-3,3,14,14,1,71297,0,1
8346,0.0,199404,4,0,0,4,2,1,2,3,2,4,-4,1,0.0,50,1,0,-1250,2,-4,12,1,47804,0,0
8347,0.0,199210,1,0,0,5,2,2,3,3,3,3,-4,0,0.0,50,1,0,36250,2,12,15,1,30000,-5,-5
8348,0.0,199704,-3,2,0,1,2,2,2,1,2,-4,-4,0,,-4,1,0,400,2,6,12,1,5353,0,0
8349,0.0,-4,0,0,3,15,3,2,2,1,2,-4,-4,0,0.0,-4,1,0,67425,3,14,14,1,-4,-5,-5
8350,0.0,-4,0,0,0,1,2,2,3,3,1,3,-4,0,,100,1,0,119800,5,-4,-3,2,28486,0,0
8351,0.0,199605,0,0,0,-2,2,1,5,3,5,-4,-4,0,0.0,-4,2,-4,-4,5,-4,12,2,2058,0,0
8352,0.0,200409,0,3,0,35,4,4,2,2,2,-4,-4,0,0.0,-4,1,0,-1250,7,-4,12,1,1535,0,-4
8353,1.0,-4,0,1,1,1,2,1,1,1,1,-4,-4,0,0.0,-4,1,0,9250,7,-3,12,1,9799,0,0
8354,1.0,-4,0,0,0,3,2,4,3,2,1,2,-4,1,0.0,25,1,0,-3500,5,-4,12,1,79405,-2,-2
8355,1.0,199308,2,0,0,3,2,2,3,1,2,-4,-4,0,0.0,-4,1,0,-3500,5,11,-4,1,6134,-5,-5
8356,1.0,-4,0,0,0,4,2,1,3,3,2,2,-4,0,0.0,-4,2,0,-15900,6,12,12,1,56256,0,1
8357,0.0,-4,0,0,0,0,3,4,1,1,1,-4,-4,0,0.0,-4,2,0,-15900,6,12,12,1,26728,0,0
8358,1.0,199910,1,0,0,5,2,2,2,1,3,-4,-4,0,0.0,-4,2,0,1300,5,-3,12,1,-4,0,1
8359,0.0,198906,2,0,0,13,2,2,2,2,4,2,-4,0,,50,1,0,-3500,7,6,8,2,12390,-2,1
8360,0.0,199412,0,0,0,-2,2,2,4,1,5,-4,-4,0,,-4,1,0,-3500,7,6,8,2,11203,-5,-5
8361,0.0,199709,1,0,0,7,2,2,5,-2,5,-4,-4,0,,-4,1,0,-3500,7,6,8,2,26900,0,-2
8362,1.0,-4,0,0,0,5,3,3,4,2,2,-4,-4,0,0.0,-4,2,-4,-4,3,-3,12,1,12806,0,-2
8363,0.0,-4,0,0,0,5,2,3,3,2,2,-4,-4,0,0.0,-4,2,0,6750,3,4,9,2,22874,0,0
8364,,-4,0,3,0,4,2,2,2,1,3,-4,-4,0,,-4,2,0,4250,5,-3,-3,2,11974,-5,-5
8365,1.0,-4,0,0,0,2,2,2,5,4,2,-4,-4,0,0.0,-4,2,0,80500,3,13,14,1,75344,0,1
8366,0.0,199811,3,0,0,2,2,2,3,3,1,-4,-4,0,,-4,2,-2,-3,9,-3,-3,1,3842,0,-4
8367,0.0,-4,0,0,3,10,2,2,-2,1,1,-2,-4,0,0.0,-2,2,-4,-4,3,7,-3,2,24393,0,-4
8368,0.0,-4,0,0,0,8,2,2,2,1,1,-4,-4,0,0.0,-4,2,0,20400,4,-3,10,2,1964,0,0
8369,0.0,199910,0,0,1,8,2,2,1,4,1,-4,-4,0,0.0,-4,2,0,20400,4,-3,10,2,10403,-5,-5
8370,0.0,199806,0,0,0,5,2,2,1,1,1,-4,-4,0,0.0,-4,2,0,-3,4,12,11,1,21898,0,0
8371,0.0,-4,0,1,0,4,1,2,3,3,2,-4,-4,1,,-4,1,0,-3,7,12,12,1,36092,0,0
8372,0.0,-4,0,1,0,2,1,1,2,1,1,-4,-4,0,1.0,-4,2,0,-3,7,12,12,1,10524,-5,-5
8373,0.0,-4,0,0,0,0,2,2,2,2,1,1,-4,1,,3,2,0,22130,4,-4,11,1,86468,-5,-5
8374,1.0,199903,0,0,1,-2,2,2,1,1,1,-4,-4,0,0.0,-4,2,0,-3,6,10,10,2,72025,-2,1
8375,0.0,199901,1,4,1,5,2,2,3,1,2,-4,-4,0,1.0,-4,1,0,7500,7,12,4,2,-4,-5,-5
8376,0.0,201906,0,0,0,1,2,3,4,4,1,5,-4,0,,0,1,0,43250,2,15,12,2,41962,0,0
8377,0.0,200010,2,0,0,1,1,1,1,1,1,-4,-4,0,1.0,-4,2,0,18000,5,-3,12,1,-4,0,1
8378,0.0,199601,0,0,3,-2,4,2,5,1,1,-4,-4,0,0.0,-4,2,0,1750,2,-3,5,2,12689,0,0
8379,0.0,-4,0,0,0,22,2,2,4,2,2,-4,-4,1,0.0,-4,1,0,9150,5,12,14,2,29488,0,0
8380,0.0,199908,-3,0,1,0,2,2,4,1,1,4,-4,0,0.0,0,1,1,7700,4,16,12,1,-4,0,0
8381,0.0,199903,1,2,1,6,2,2,2,1,1,-4,-4,-2,,-4,1,1,-3,3,-4,13,1,-4,0,0
8382,0.0,199707,0,0,0,2,2,2,4,2,1,-4,-4,0,0.0,-4,2,1,1750,6,11,10,2,18936,1,1
8383,0.0,199906,0,0,1,3,2,2,2,2,1,2,-4,0,,15,1,0,-3,4,-3,-3,1,37633,0,0
8384,0.0,200006,1,0,0,0,1,2,3,1,1,-4,-4,1,0.0,-4,1,0,18295,3,11,12,1,18031,0,0
8385,0.0,-4,0,2,2,6,1,1,1,-2,1,1,-4,0,0.0,10,2,0,-3,4,12,9,1,4819,0,0
8386,1.0,-4,0,0,0,0,2,2,2,1,2,-4,-4,1,0.0,-4,2,0,27435,3,12,15,1,68300,0,0
8387,0.0,201504,1,0,1,2,2,3,1,1,3,-4,-4,0,0.0,-4,1,0,7500,6,-3,9,1,2218,0,0
8388,0.0,-4,0,0,0,1,2,2,2,1,2,-4,-4,1,0.0,-4,1,-4,-4,6,11,12,1,7403,0,0
8389,0.0,-4,0,0,1,0,1,4,2,1,3,-4,-4,0,0.0,-4,1,-4,-4,6,11,12,1,5066,0,0
8390,1.0,-4,0,0,0,1,2,3,1,1,2,-4,-4,0,0.0,-4,2,0,25500,4,-3,15,1,43494,0,0
8391,1.0,-4,0,0,0,6,2,2,3,2,1,-4,-4,0,0.0,-4,2,0,18450,4,12,12,1,41439,-5,-5
8392,0.0,-4,0,0,0,4,3,2,4,3,3,4,-4,1,0.0,0,2,0,1250,2,12,7,1,14114,-5,-5
8393,1.0,-4,0,0,0,0,1,2,1,1,1,-4,-4,0,0.0,-4,2,0,14600,4,-3,-3,1,52606,0,0
8394,1.0,-4,0,0,0,0,2,2,1,1,1,-4,-4,0,,-4,2,0,14600,4,-3,-3,1,60683,0,0
8395,1.0,-4,0,0,0,0,1,1,1,1,1,-4,-4,0,0.0,-4,1,0,67750,3,-3,16,1,48972,0,1
8396,1.0,-4,0,0,0,2,3,2,1,1,1,-4,-4,0,0.0,-4,2,0,1250,5,-4,8,1,60267,0,-4
8397,1.0,-4,0,1,0,0,1,2,1,1,1,-4,-4,0,0.0,-4,2,0,1250,5,-4,8,1,13975,0,-4
8398,1.0,199902,0,4,3,0,3,2,1,1,1,-4,-4,1,,-4,1,0,1250,5,-4,8,1,19786,0,0
8399,1.0,-4,0,0,0,0,2,2,3,3,2,-4,-4,1,,-4,1,0,116000,4,14,12,1,59509,-5,-5
8401,1.0,201609,0,0,0,2,2,1,1,1,1,-4,-4,0,0.0,-4,2,0,13599,2,-3,-3,1,4910,0,0
8402,1.0,-4,0,0,0,3,2,3,3,3,1,5,-4,1,,0,2,0,19500,5,12,12,1,62501,0,0
8403,1.0,-4,0,1,1,3,2,3,4,3,5,-4,-4,1,,-4,2,-4,-4,7,-3,12,1,-4,0,-2
8404,0.0,-4,0,0,1,2,1,2,1,1,1,-4,-4,0,,-4,1,1,2500,4,8,8,2,12372,-5,-5
8405,0.0,-4,0,0,2,5,3,2,3,1,1,-4,-4,-3,0.0,-4,2,0,7500,3,-3,11,1,-4,0,1
8406,1.0,-4,0,0,0,10,2,2,2,3,1,5,-4,0,0.0,75,2,0,3526,6,-3,15,1,-4,0,-4
8407,0.0,199703,2,0,2,6,2,2,-2,-2,-2,-4,-4,-1,,-4,1,0,1448,5,12,12,1,-4,-5,-5
8408,0.0,-4,0,0,0,40,4,4,2,4,2,5,-4,0,0.0,0,2,0,3750,5,12,10,1,4745,0,-4
8409,0.0,200007,2,0,0,3,2,1,3,2,2,4,-4,0,0.0,0,1,0,3750,5,12,10,1,-4,-5,-5
8410,0.0,200904,0,0,1,0,1,2,5,3,2,4,-4,0,0.0,0,1,0,1750,2,8,7,1,11555,0,0
8411,1.0,200911,1,0,2,3,1,2,1,1,1,-4,-4,0,1.0,-4,2,0,16000,4,7,-3,1,1858,1,1
8412,0.0,200601,0,0,3,0,3,2,3,2,3,-4,-4,0,1.0,-4,1,0,4750,5,10,10,1,-4,0,0
8413,1.0,-4,0,2,0,2,2,3,2,1,1,2,-4,0,0.0,0,2,0,64000,3,16,-3,1,52227,0,0
8414,0.0,-4,0,0,0,1,2,2,4,1,1,-4,-4,0,,-4,2,0,30350,7,12,12,1,32018,0,0
8415,1.0,-4,0,0,0,0,4,2,3,3,3,4,-4,0,0.0,0,2,0,118801,6,12,12,1,5492,0,0
8416,1.0,-4,0,0,0,0,2,2,1,1,1,-4,-4,0,0.0,-4,1,0,118801,6,12,12,1,29784,0,0
8417,0.0,201109,0,0,0,15,2,3,3,1,3,5,-4,0,1.0,50,1,0,3750,3,-3,6,1,1607,0,0
8418,0.0,200107,0,20,0,5,2,2,2,3,1,5,-4,1,1.0,0,2,0,30250,4,12,12,1,22651,0,0
8419,0.0,-4,0,1,0,0,2,3,1,1,1,-4,-4,1,,-4,1,0,-1700,5,12,12,1,4558,-5,-5
8420,1.0,-3,0,0,0,0,2,2,3,1,2,-4,-4,0,0.0,-4,1,-4,-4,4,12,12,1,18685,0,0
8421,0.0,202109,1,0,1,3,1,3,4,4,3,3,-4,0,0.0,0,1,0,6500,6,10,12,1,2734,0,0
8422,0.0,-4,0,1,0,4,2,3,5,3,2,4,-4,1,0.0,-4,2,0,6500,6,10,12,1,13929,0,0
8423,1.0,199908,0,1,0,5,1,3,3,1,2,-4,-4,0,0.0,-4,1,0,6500,6,10,12,1,44454,0,-2
8424,1.0,-4,0,0,0,3,2,3,2,3,1,3,-4,1,0.0,0,2,0,9500,5,-4,12,1,62570,-5,-5
8425,0.0,199302,0,0,0,6,2,2,3,1,1,2,-4,0,0.0,3,1,0,-3,11,-3,9,1,5879,0,-4
8426,0.0,199506,1,0,1,7,2,2,1,1,1,3,-4,0,,-4,1,0,-1000,11,-4,12,1,15447,0,0
8427,0.0,-4,0,0,2,5,2,2,1,1,1,-4,-4,0,0.0,-4,2,0,-3,11,-3,11,1,2757,0,-2
8428,0.0,199811,1,0,0,8,1,2,5,2,2,-4,-4,1,,-4,1,0,-1250,4,-3,12,1,24288,-5,-5
8429,0.0,-4,0,0,1,4,3,3,2,1,3,-4,-4,0,0.0,-4,1,0,36750,5,12,14,1,14025,0,0
8430,0.0,200003,1,0,0,-2,3,3,5,5,1,1,-4,0,,0,1,-4,-4,5,-3,10,1,-4,-5,-5
8431,0.0,199704,0,1,20,14,3,3,2,1,2,-4,-4,0,0.0,-4,2,-4,-4,5,-3,10,1,-4,0,0
8432,0.0,199610,0,1,1,30,2,3,2,2,1,4,-4,0,0.0,-4,1,0,61050,3,15,13,1,58941,0,0
8433,1.0,200105,1,0,0,1,2,3,1,1,1,-4,-4,-3,0.0,-4,1,0,61050,3,15,13,1,80476,0,0
8434,0.0,199804,2,0,2,3,3,2,1,1,1,-4,-4,0,0.0,-4,1,0,24300,5,12,12,1,27679,0,0
8435,0.0,-4,0,0,0,4,3,3,1,1,1,-4,-4,0,0.0,-4,2,0,21550,3,12,9,1,31032,0,0
8436,0.0,201010,1,0,0,3,2,2,1,1,1,1,-4,0,,-4,1,0,10300,7,11,12,1,-4,-5,-5
8437,0.0,200307,0,0,0,1,1,1,1,1,1,-4,-4,0,0.0,-4,1,0,10300,7,11,12,1,-4,0,0
8438,1.0,-4,0,1,0,4,1,3,4,3,2,4,-4,0,,3,2,0,104750,4,12,13,1,35713,0,0
8439,1.0,-4,0,0,0,8,3,3,3,3,1,3,-4,0,0.0,0,2,0,30700,5,12,13,1,35845,0,0
8440,1.0,-4,0,0,0,0,2,2,3,2,1,3,-4,0,0.0,0,2,1,22400,3,12,11,1,65985,-5,-5
8441,0.0,-3,0,0,0,4,2,3,5,1,2,2,-4,1,0.0,0,1,0,40800,2,-3,12,1,4368,-5,-5
8442,1.0,199612,0,0,0,2,2,2,5,1,1,2,-4,-3,0.0,0,1,0,39450,3,-3,6,1,-4,0,0
8443,0.0,200112,0,0,0,0,2,4,4,1,1,-4,-4,0,0.0,-4,1,0,39450,3,12,12,1,-4,0,0
8444,1.0,-4,0,1,0,0,1,2,1,1,1,-4,-4,0,0.0,-4,2,0,-3,4,12,12,1,27520,0,0
8445,0.0,199910,0,0,0,5,2,2,3,2,1,3,-4,0,0.0,0,1,-4,-4,3,12,12,1,-4,0,0
8446,1.0,-4,0,0,0,0,3,2,4,3,1,3,-4,0,0.0,0,1,0,-3,5,12,12,1,22699,0,0
8447,1.0,-4,0,0,0,2,2,2,2,1,1,-4,-4,0,0.0,-4,1,0,104251,2,12,14,1,18727,0,0
8448,0.0,200202,4,-4,-4,-4,2,2,3,2,1,4,-4,0,,50,1,0,52750,3,12,11,1,-4,0,0
8449,0.0,200406,0,0,0,3,2,1,4,3,3,4,-4,0,,0,1,0,84300,4,7,10,1,4118,0,0
8450,1.0,-4,0,0,0,4,2,2,4,2,2,4,-4,0,1.0,-4,2,1,132001,3,14,16,1,89207,0,0
8451,1.0,-4,0,0,0,0,2,2,2,2,1,-4,-4,0,0.0,-4,2,0,105000,3,12,13,1,24704,0,0
8452,0.0,-4,0,0,1,6,2,2,5,5,2,4,-4,0,,50,1,0,103001,4,12,12,1,12668,0,0
8453,1.0,199512,0,0,0,5,4,4,5,5,3,5,-4,0,0.0,74,1,0,3750,3,-4,-3,1,69719,0,0
8454,1.0,-4,0,0,0,0,2,1,4,1,3,-4,-4,1,0.0,-4,1,0,1750,4,-3,10,1,9481,0,-2
8455,1.0,-4,0,2,3,0,1,3,1,1,2,-4,-4,1,0.0,-4,1,0,1750,4,-3,10,1,25773,0,0
8456,1.0,-4,0,0,0,1,2,2,5,5,2,2,-4,0,0.0,0,2,0,2650,5,6,12,1,6615,1,0
8457,0.0,200406,1,0,0,1,2,2,5,1,4,-4,-4,0,0.0,-4,1,0,2650,5,6,12,1,11177,0,0
8458,1.0,-4,0,0,0,8,2,3,2,1,1,-4,-4,0,,-4,2,0,850,7,9,12,1,-4,0,1
8459,0.0,-4,0,0,0,10,2,2,4,1,1,-4,-4,0,0.0,-4,2,0,17200,7,-3,11,1,22668,0,0
8460,0.0,201306,0,0,0,15,2,2,2,1,1,-4,-4,0,0.0,-4,1,0,18750,5,6,-3,1,20450,0,0
8461,1.0,-4,0,0,0,8,2,4,2,3,1,3,-4,0,,30,2,0,85000,2,12,13,1,66045,0,0
8462,1.0,-4,0,0,0,11,4,4,4,1,1,-4,-4,0,0.0,-4,1,0,-3,4,12,19,1,63167,0,0
8463,0.0,-4,0,2,0,3,4,2,5,5,5,4,-4,1,0.0,10,1,0,-3,3,-3,10,1,1388,0,0
8464,0.0,200101,4,0,1,4,1,1,1,1,1,-4,-4,0,,-4,1,0,4650,2,-3,14,1,1714,0,-2
8465,0.0,199804,0,0,0,15,2,1,5,4,5,-4,-4,0,0.0,-4,1,0,4950,4,11,11,1,-4,0,0
8466,0.0,-4,0,2,2,28,2,3,1,1,1,-4,-4,0,0.0,-4,1,0,4950,4,11,11,1,-4,0,0
8467,1.0,-4,0,0,0,0,1,2,4,2,1,-4,-4,0,0.0,-4,2,0,-3,3,12,16,1,57875,0,0
8468,0.0,-4,0,0,0,2,2,2,4,2,2,4,-4,0,0.0,0,2,0,15900,3,9,12,1,15385,0,0
8469,1.0,-4,0,0,1,0,2,3,1,1,1,-4,-4,0,0.0,-4,2,0,1750,4,12,10,1,9644,0,0
8470,0.0,200012,0,0,0,0,3,2,2,2,1,-4,-4,0,0.0,-4,2,0,-3,4,9,12,1,16580,0,0
8471,1.0,-4,0,0,0,3,2,2,3,5,1,4,-4,0,1.0,0,2,0,46000,10,-3,-3,1,31554,0,0
8472,0.0,200512,0,3,0,10,3,4,4,5,4,4,-4,0,,0,2,0,46000,10,-3,-3,1,1867,0,0
8473,0.0,200404,0,1,0,1,2,2,-2,1,1,-4,-4,0,0.0,-4,1,1,46000,10,-3,-3,1,3256,0,0
8474,0.0,199711,0,0,1,0,2,2,-2,1,1,-4,-4,0,0.0,-4,1,0,73942,10,-3,-3,1,40103,0,1
8475,0.0,200006,4,5,5,0,3,3,3,1,1,-4,-4,1,1.0,-4,1,0,73942,10,12,-3,1,36797,0,0
8476,0.0,199606,0,2,1,2,4,2,3,2,2,3,-4,0,0.0,-4,2,-4,-4,3,-4,-4,1,-4,0,1
8477,0.0,200512,2,1,4,1,2,2,1,1,1,-4,-4,0,0.0,-4,1,0,1405,4,-3,-3,1,0,0,1
8478,,-4,0,0,0,0,2,3,4,2,1,3,-4,0,,0,2,0,3500,3,-4,11,1,-4,-5,-5
8479,0.0,-4,0,0,0,2,2,2,2,1,1,-4,-4,0,,-4,2,0,3500,3,-4,11,1,-4,-5,-5
8481,1.0,-4,0,1,1,0,2,3,5,3,1,5,-4,1,1.0,0,1,0,-8150,4,16,16,1,50367,0,0
8482,1.0,199912,2,99,1,0,2,4,4,3,4,5,-4,1,0.0,0,1,0,-8150,4,16,16,1,3928,0,0
8483,1.0,200208,0,1,2,0,2,3,2,3,2,-4,-4,0,0.0,-4,1,0,-8150,4,16,16,1,4332,0,0
8484,0.0,199501,-3,6,3,30,3,4,3,1,2,-4,-4,0,,-4,1,0,13750,3,3,-3,2,-4,0,0
8485,0.0,200111,4,20,5,30,2,2,4,2,5,-4,-4,0,,-4,1,0,13750,3,3,-3,2,-4,0,0
8486,0.0,-4,0,0,1,2,2,2,3,2,4,1,-4,0,,0,1,0,7000,3,-4,12,2,-4,0,-4
8487,0.0,-4,0,0,0,3,3,4,2,1,2,3,-4,1,0.0,0,1,0,1250,2,10,12,1,22135,-5,-5
8488,0.0,200302,0,0,0,0,2,2,4,3,2,-4,-4,0,,-4,1,0,46350,3,16,12,1,-4,0,0
8489,0.0,199908,2,1,0,5,2,3,3,2,2,4,-4,1,0.0,0,1,0,52500,2,15,12,1,9809,-5,-5
8490,0.0,-4,0,1,1,10,2,3,4,2,1,2,-4,0,0.0,25,2,0,25050,4,-3,-3,2,24778,0,0
8491,0.0,199905,0,0,0,-2,2,2,5,2,1,5,-4,1,0.0,90,2,0,17550,7,-3,-3,2,18337,0,0
8492,0.0,-4,0,4,1,27,3,2,2,1,3,-4,-4,0,0.0,-4,2,0,17550,7,-3,-3,2,1227,0,0
8493,0.0,199808,0,8,3,5,2,4,3,1,1,-4,-4,0,,-4,2,0,-3250,2,-4,-3,1,1007,0,-4
8494,0.0,-4,0,0,0,0,2,4,3,3,1,4,-4,0,0.0,5,2,0,5100,3,-4,7,2,54275,0,-4
8495,0.0,-4,0,0,0,0,4,3,3,1,4,5,-4,0,,-4,2,0,-3,2,-4,11,1,-4,0,-2
8496,1.0,-4,0,0,2,1,2,4,1,1,1,-4,-4,0,0.0,-4,2,0,-3,3,-3,12,1,3302,0,-4
8497,1.0,-4,0,0,0,4,2,3,4,1,1,-4,-4,0,0.0,-4,2,-4,-4,8,-4,-3,1,1405,-2,-2
8498,0.0,201104,0,0,0,3,1,2,3,1,1,-4,-4,0,0.0,-4,2,0,82400,5,-3,16,2,83241,0,0
8499,1.0,199807,0,0,0,4,2,3,3,4,1,4,-4,0,0.0,25,2,0,-3,5,-3,12,1,48577,0,0
8500,0.0,-4,0,2,0,0,2,3,3,2,4,2,-4,1,0.0,50,1,0,64300,6,12,12,2,66300,0,0
8501,1.0,-4,0,0,1,3,1,1,1,1,3,-4,-4,0,0.0,-4,1,0,64300,6,12,12,2,88603,0,0
8502,1.0,-4,0,0,0,0,1,2,1,1,1,-4,-4,0,0.0,-4,2,0,64300,6,12,12,2,44175,0,0
8503,1.0,-4,0,1,5,2,2,2,3,2,2,-4,-4,0,,-4,1,0,47709,4,-3,10,1,23928,-5,-5
8504,1.0,-4,0,0,0,1,2,1,5,3,1,4,-4,0,0.0,-4,1,1,-3,4,7,12,1,51400,-5,-5
8505,0.0,-4,0,1,3,0,3,3,2,1,1,3,-4,0,0.0,30,2,0,-3,4,-3,12,1,12546,0,-2
8506,0.0,-4,0,0,2,15,2,1,3,1,3,-4,-4,0,0.0,-4,2,0,500,4,-3,11,1,10529,0,1
8507,0.0,-4,0,0,1,7,2,1,1,1,1,-4,-4,0,0.0,-4,1,0,500,4,12,11,1,2791,0,0
8508,0.0,-4,0,0,0,0,2,2,2,1,3,-4,-4,0,0.0,-4,2,0,4350,3,-3,12,1,11732,0,0
8509,0.0,199702,0,0,0,1,3,3,5,4,2,5,-4,0,0.0,15,2,0,4260,3,12,12,1,1567,0,0
8510,0.0,-4,0,0,1,0,4,3,5,5,4,-4,-4,0,0.0,-4,2,0,177,3,12,12,1,5264,0,1
8511,0.0,-4,0,0,0,0,2,1,3,2,1,3,-4,0,0.0,0,1,0,16300,2,12,14,1,-4,0,0
8512,1.0,-4,0,3,0,2,2,2,3,3,2,-4,-4,0,0.0,-4,2,0,69335,5,14,16,1,58181,0,0
8513,1.0,-4,0,0,4,5,2,1,3,1,2,-4,-4,0,0.0,-4,2,0,184501,4,12,12,1,18380,0,0
8514,1.0,-4,0,1,2,2,2,3,2,1,1,-4,-4,0,0.0,-4,1,0,86100,4,12,12,1,21984,0,0
8515,0.0,-4,0,2,1,0,3,2,3,1,1,-4,-4,0,,-4,2,0,86100,4,12,12,1,22208,0,0
8516,1.0,-4,0,2,1,4,2,3,2,1,1,3,-4,0,,5,1,0,8000,6,5,5,2,-4,-5,-5
8517,,-4,0,0,0,2,2,2,1,1,1,1,-4,0,,-4,1,0,8000,6,5,5,2,-4,-5,-5
8518,1.0,-4,0,0,2,4,2,2,1,1,1,-4,-4,0,,-4,1,0,8000,6,5,5,2,-4,-5,-5
8519,0.0,-4,0,0,1,0,2,2,4,5,1,4,-4,0,,-4,1,0,-3,4,-3,15,1,30582,-5,-5
8520,1.0,200602,0,0,0,2,2,3,4,5,1,3,-4,0,0.0,10,2,1,16700,6,-3,-3,2,48894,0,0
8521,1.0,-4,0,0,0,2,2,2,1,1,2,-4,-4,0,0.0,-4,1,0,16700,6,-3,-3,2,60818,0,0
8522,0.0,-4,0,0,0,4,2,3,5,1,1,1,-4,0,0.0,5,2,0,28500,5,-3,6,2,1285,0,0
8523,0.0,-4,0,0,0,1,3,2,2,1,1,-4,-4,0,0.0,-4,1,0,28500,5,-3,6,2,13368,0,0
8524,1.0,-4,0,0,0,0,3,3,2,3,2,-4,-4,0,0.0,-4,2,0,87000,6,12,16,2,46450,0,0
8525,0.0,-4,0,0,0,1,3,2,3,3,1,2,-4,0,0.0,25,2,1,28050,8,2,12,2,13258,0,0
8526,0.0,-4,0,0,0,0,3,4,3,2,2,3,-4,0,0.0,-4,2,1,28050,8,2,12,2,4132,0,0
8527,0.0,200511,0,0,0,1,2,2,1,1,1,-4,-4,0,0.0,-4,1,1,28050,8,2,12,2,0,0,0
8528,1.0,-4,0,0,0,2,2,2,2,1,1,1,-4,0,0.0,20,1,1,18000,4,14,4,2,45918,0,0
8529,1.0,-4,0,0,0,2,2,2,1,1,2,-4,-4,1,0.0,-4,1,0,48700,7,6,3,2,61395,-5,-5
8530,0.0,199404,1,1,0,0,2,3,3,4,3,3,-4,0,0.0,5,1,1,13000,7,-3,6,2,15172,0,0
8531,0.0,-4,0,0,1,10,2,2,2,2,3,1,-4,0,0.0,2,2,0,13000,7,-3,6,2,9700,0,0
8532,0.0,-4,0,0,0,2,2,2,3,3,1,3,-4,0,0.0,1,2,0,34420,5,3,3,2,35096,0,0
8533,0.0,201009,0,0,0,0,2,1,3,1,1,-4,-4,0,0.0,-4,1,0,39750,9,6,5,2,118,0,0
8534,0.0,-4,0,0,2,2,2,2,1,1,1,-4,-4,0,0.0,-4,2,0,39750,9,6,5,2,9556,0,0
8535,0.0,-4,0,2,0,2,2,1,5,5,2,5,-4,1,1.0,3,2,0,117900,7,11,9,2,31244,0,0
8536,0.0,-4,0,0,0,4,1,1,1,1,1,-4,-4,0,0.0,-4,1,0,117900,7,11,9,2,21665,0,0
8537,0.0,-4,0,0,0,1,2,1,1,2,1,4,-4,0,0.0,5,1,0,25751,9,12,6,2,14316,0,0
8538,0.0,199704,0,0,0,5,3,-2,1,1,1,-4,-4,0,0.0,-4,1,0,25751,9,12,6,2,23976,-5,-5
8539,0.0,-4,0,0,0,1,2,2,1,1,2,-4,-4,1,0.0,-4,1,0,1750,10,10,-3,2,-4,0,0
8540,1.0,-4,0,0,0,3,1,2,4,4,2,4,-4,0,0.0,50,2,0,48350,5,5,8,2,82031,0,0
8541,1.0,200305,0,1,0,4,2,2,3,2,1,-4,-4,0,0.0,-4,1,0,48350,5,5,8,2,-4,0,0
8542,0.0,200410,0,3,0,2,1,2,3,3,2,3,-4,1,1.0,0,1,0,43300,4,-3,-3,2,19715,0,0
8543,1.0,-4,0,0,0,3,2,2,2,2,1,2,-4,1,,0,1,0,98500,4,16,16,2,22618,0,0
8544,1.0,200809,0,5,2,5,2,2,1,1,1,-4,-4,1,0.0,-4,1,0,98500,4,16,16,2,94609,0,0
8545,0.0,-4,0,0,0,0,2,2,3,4,1,1,-4,0,0.0,1,2,0,66750,4,-3,6,2,54423,0,0
8546,1.0,-4,0,0,0,1,2,3,3,4,2,3,-4,0,0.0,10,2,0,66750,4,-3,6,2,34910,0,0
8547,0.0,-4,0,0,0,0,2,2,1,1,4,-4,-4,0,0.0,-4,1,0,77800,7,4,3,2,-4,-5,-5
8548,0.0,-4,0,0,0,5,3,3,5,5,2,2,-4,0,,0,1,0,1750,7,3,11,2,6067,0,0
8549,1.0,-4,0,0,0,2,2,2,1,1,1,-4,-4,0,0.0,-4,2,0,1750,7,3,11,2,12739,0,0
8550,1.0,-4,0,0,0,0,1,2,1,1,1,-4,-4,0,0.0,-4,1,0,47500,4,14,12,2,17862,0,0
8551,1.0,-4,0,0,0,1,1,2,1,1,1,-4,-4,0,0.0,-4,1,0,47500,4,14,12,2,58001,0,0
8552,0.0,-4,0,0,1,4,2,2,2,1,1,1,-4,0,1.0,10,2,0,158000,5,-3,-3,2,21350,0,0
8553,0.0,-4,0,5,0,4,1,2,2,1,2,-4,-4,0,0.0,-4,1,0,158000,5,-3,-3,2,16961,0,0
8554,1.0,-4,0,0,0,0,1,2,3,1,4,1,-4,0,0.0,0,1,1,4950,7,2,6,2,-4,0,0
8555,0.0,-4,0,0,0,5,2,2,4,3,3,-4,-4,0,0.0,-4,2,1,4950,7,2,6,2,-4,0,0
8556,0.0,200110,1,0,0,4,1,1,1,1,1,2,-4,0,,10,2,1,3450,4,6,8,2,-4,0,0
8557,0.0,200706,1,0,0,3,2,1,1,1,1,-4,-4,1,,-4,1,1,3450,4,6,8,2,34228,0,0
8558,0.0,200512,2,5,0,0,2,2,1,1,1,-4,-4,-3,,-4,1,1,16500,7,4,8,2,-4,-5,-5
8559,0.0,-4,0,0,0,0,2,2,2,1,2,-4,-4,0,0.0,-4,1,0,48000,3,14,14,2,16118,-5,-5
8560,0.0,-4,0,0,0,5,2,2,3,4,5,3,-4,0,,5,1,0,13300,3,12,13,2,13400,0,-4
8561,1.0,-4,0,0,0,5,4,2,1,2,4,-4,-4,0,0.0,-4,2,0,13300,3,12,13,2,43060,-5,-5
8562,1.0,-4,0,0,0,3,2,3,3,5,3,4,-4,0,0.0,5,2,0,36000,5,16,7,2,10118,0,0
8563,1.0,200109,1,0,0,0,2,2,3,2,1,-4,-4,0,,-4,1,0,52500,5,12,11,2,24562,0,0
8564,1.0,-4,0,0,0,8,2,3,4,2,4,-4,-4,0,0.0,-4,2,0,6700,4,11,14,2,40051,0,0
8565,1.0,-4,0,0,0,0,2,2,2,2,2,1,-4,0,1.0,2,1,0,73300,4,12,12,2,39560,0,0
8566,0.0,200302,1,0,0,0,2,1,1,1,2,-4,-4,0,0.0,-4,1,0,94550,5,7,9,2,35969,0,0
8567,0.0,200304,0,0,0,8,2,2,1,1,1,-4,-4,0,0.0,-4,1,0,30250,4,7,11,2,35403,0,0
8568,0.0,200804,1,0,0,9,2,2,1,1,1,-4,-4,0,0.0,-4,1,0,30250,4,7,11,2,30281,0,0
8569,1.0,-4,0,3,0,3,3,4,2,5,2,5,-4,1,0.0,30,2,1,3750,6,-3,10,1,22968,0,0
8570,0.0,199906,4,1,2,4,2,2,2,1,2,-4,-4,1,0.0,-4,1,1,3750,6,-3,10,1,60682,0,0
8571,0.0,199804,3,2,1,0,3,3,3,3,3,-4,-4,1,1.0,-4,1,-2,-3,3,13,-3,1,5552,-5,-5
8572,1.0,199908,1,1,0,2,2,3,4,5,5,5,-4,1,1.0,0,1,0,500,2,12,12,1,-4,0,-4
8573,1.0,200403,0,0,0,0,2,2,3,4,2,3,-4,1,0.0,25,2,0,27500,5,12,14,1,33191,-1,-4
8574,0.0,200106,1,0,0,6,2,2,5,4,2,4,-4,0,,35,1,-4,-4,3,8,15,1,18824,-5,-5
8575,0.0,-4,0,0,0,31,3,4,4,5,2,3,-4,0,0.0,0,2,0,15000,6,2,13,2,-4,0,0
8576,0.0,199606,0,0,0,32,2,3,3,3,3,2,-4,1,0.0,-4,1,0,15000,6,2,13,2,-4,0,0
8577,0.0,199810,0,0,0,5,2,3,3,2,1,-4,-4,0,0.0,-4,2,0,15000,6,-3,13,2,-4,0,1
8578,1.0,201210,0,1,0,3,2,2,1,4,1,4,-4,1,0.0,10,2,0,244000,2,19,19,2,98371,0,0
8579,1.0,-4,0,1,0,3,2,2,4,5,2,3,-4,0,0.0,-4,2,0,-3,4,16,14,2,80941,0,0
8580,1.0,-4,0,0,0,6,1,4,4,4,3,2,-4,0,0.0,-4,2,-4,-4,5,-4,12,2,-4,0,0
8581,1.0,-4,0,0,0,3,1,2,1,1,1,-4,-4,0,0.0,-4,1,-4,-4,5,-4,12,2,-4,-5,-5
8582,1.0,-4,0,0,0,15,2,2,3,1,2,3,-4,0,0.0,0,2,1,500,5,9,6,2,-4,0,0
8583,0.0,199603,0,3,1,5,2,3,3,2,2,-4,-4,1,0.0,-4,2,1,500,5,9,6,2,-4,0,0
8584,0.0,-4,0,0,0,21,2,2,3,2,2,-4,-4,0,0.0,-4,2,1,500,5,9,6,2,-4,0,0
8585,0.0,200206,4,1,0,3,2,3,1,1,2,-4,-4,1,,-4,1,1,800,8,-3,-3,2,52449,-5,-5
8586,0.0,-4,0,0,0,20,2,2,4,3,4,3,-4,0,0.0,0,2,0,500,6,-4,9,2,12861,0,0
8587,0.0,199703,0,2,0,2,2,2,2,1,4,-4,-4,0,1.0,-4,1,0,500,6,10,9,2,14297,0,0
8588,0.0,200601,1,1,0,10,2,2,1,1,1,-4,-4,0,1.0,-4,2,0,-1650,4,-3,9,2,33809,0,0
8589,0.0,200111,1,2,1,10,2,2,3,4,4,-4,-4,0,0.0,-4,2,-4,-4,4,7,7,2,19317,0,0
8590,1.0,200711,0,0,0,2,2,3,1,1,1,-4,-4,1,0.0,-4,2,0,90000,3,14,12,2,61725,0,0
8591,0.0,200209,1,0,0,3,2,2,3,2,3,-4,-4,0,0.0,-4,1,0,10900,6,9,9,2,54221,0,0
8592,1.0,-4,0,0,0,3,2,2,1,1,3,-4,-4,0,0.0,-4,1,0,10900,6,9,9,2,46507,-5,-5
8593,0.0,-4,0,4,1,1,1,2,3,2,1,-4,-4,1,1.0,-4,1,0,117500,8,9,12,2,20991,0,1
8594,0.0,199806,0,0,0,4,1,1,2,2,1,-4,-4,0,1.0,-4,1,-4,-4,6,12,12,2,-4,0,0
8595,1.0,200406,0,0,0,1,2,2,2,1,1,2,-4,0,,5,1,-4,-4,4,13,16,2,-4,0,0
8596,0.0,200712,1,0,0,3,2,2,2,1,1,2,-4,0,0.0,0,2,0,49750,9,11,9,2,30761,0,0
8597,0.0,-4,0,0,0,3,2,3,3,2,3,-4,-4,0,,-4,1,0,23600,4,12,-3,2,49777,-5,-5
8598,1.0,-4,0,7,3,3,1,2,2,3,1,3,-4,0,0.0,0,1,0,68400,8,12,12,2,18889,-5,-5
8599,0.0,200408,2,1,0,3,2,3,4,2,1,-4,-4,0,0.0,-4,1,0,68400,8,12,12,2,27109,0,0
8600,1.0,-4,0,0,0,3,2,2,4,3,2,2,-4,0,0.0,3,2,0,1250,5,12,12,2,70717,0,0
8601,1.0,-4,0,0,0,0,1,2,1,1,1,-4,-4,0,0.0,-4,2,0,1250,5,12,12,2,57455,0,0
8602,0.0,-4,0,0,0,1,2,2,2,1,2,-4,-4,1,0.0,-4,1,0,15250,3,-3,12,2,27548,0,-4
8603,1.0,-4,0,0,0,0,2,3,3,4,2,2,-4,1,0.0,15,2,0,2250,11,9,11,2,26824,0,0
8604,0.0,200002,1,3,2,5,2,2,5,4,4,-4,-4,0,0.0,-4,1,-4,-4,11,12,9,2,2362,-5,-5
8605,0.0,-4,0,0,0,0,2,1,1,1,1,-4,-4,0,0.0,-4,1,0,2250,11,9,11,2,14885,0,0
8606,1.0,200110,0,0,0,6,2,3,1,2,3,3,-4,0,,-4,1,0,43850,5,6,6,2,65428,-5,-5
8607,1.0,200312,2,0,0,0,2,2,1,1,2,-4,-4,0,,-4,1,0,43850,5,6,6,2,45397,0,0
8608,1.0,200401,1,1,0,0,3,3,1,1,1,-4,-4,0,0.0,-4,2,0,47000,4,6,6,2,47709,0,0
8609,1.0,-4,0,0,0,4,2,2,1,1,1,-4,-4,0,0.0,-4,2,0,51850,5,13,14,2,54174,0,0
8610,0.0,-4,0,0,0,11,2,2,1,1,1,-4,-4,0,,-4,2,0,51850,5,13,14,2,75080,0,0
8611,0.0,199808,9,6,0,4,2,2,5,3,5,5,-4,1,1.0,30,2,0,11100,4,-4,12,2,2340,0,-4
8612,0.0,200008,1,2,0,0,3,3,1,1,2,-4,-4,0,0.0,-4,1,0,11100,4,-4,12,2,34818,-2,-2
8613,1.0,-4,0,0,0,5,1,2,1,1,1,-4,-4,0,0.0,-4,1,0,257500,4,-4,14,2,-4,-5,-5
8614,1.0,-4,0,0,0,0,2,2,1,1,1,-4,-4,0,1.0,-4,1,0,-3,4,16,16,2,88622,0,0
8615,1.0,-4,0,0,0,0,2,3,4,5,1,3,-4,0,,15,1,-4,-4,3,16,17,2,-4,-5,-5
8616,0.0,-4,0,0,0,3,2,3,1,1,1,-4,-4,0,0.0,-4,2,0,4252,5,11,10,2,6576,0,0
8617,0.0,-4,0,0,0,1,2,2,1,1,1,-4,-4,0,,-4,1,0,4252,5,11,10,2,0,-5,-5
8618,0.0,199505,0,0,0,1,2,3,2,3,1,2,-4,0,0.0,0,1,0,-3,4,-3,4,2,46574,0,0
8619,1.0,200605,0,0,1,3,2,2,1,1,1,-4,-4,0,,-4,1,0,60500,2,8,13,2,42173,0,0
8620,0.0,-4,0,0,0,2,2,2,1,1,1,-4,-4,0,0.0,-4,2,0,36300,8,-3,7,2,6249,0,-2
8621,1.0,-4,0,0,0,4,2,3,1,3,1,3,-4,0,0.0,10,1,0,23150,4,-3,11,2,-4,0,0
8622,0.0,200510,0,0,0,0,2,2,1,1,1,-4,-4,0,0.0,-4,2,0,23150,4,9,11,2,23223,0,0
8623,0.0,-4,0,0,0,4,1,1,1,1,1,1,-4,0,0.0,1,1,0,4500,4,4,6,2,19049,0,0
8624,0.0,-4,0,0,0,11,2,2,2,2,1,1,-4,0,0.0,0,2,0,17850,7,14,10,2,31120,0,0
8625,0.0,200503,0,0,0,6,2,1,3,4,1,3,-4,0,0.0,40,1,0,39100,5,9,9,2,-4,0,0
8626,0.0,199907,2,0,0,60,3,3,4,4,1,4,-4,0,0.0,0,2,-4,-4,5,-3,-3,2,-4,0,0
8627,0.0,201709,0,0,1,5,2,2,3,1,1,1,-4,0,0.0,0,2,0,24000,6,8,6,2,7063,0,0
8628,0.0,199607,2,0,1,4,4,2,4,1,2,-4,-4,0,,-4,2,-4,-4,4,2,11,2,13556,0,0
8629,1.0,200301,0,0,0,0,1,1,4,2,4,-4,-4,1,0.0,-4,2,0,8900,2,12,15,1,48427,0,0
8630,0.0,200011,0,0,0,5,2,3,2,1,5,-4,-4,0,0.0,-4,2,0,72500,4,10,12,1,26684,0,1
8631,0.0,199808,2,0,1,4,2,4,2,1,1,-4,-4,0,0.0,-4,1,0,7500,4,10,12,1,5688,0,0
8632,0.0,-4,0,0,0,2,2,2,3,3,1,2,-4,0,,0,2,0,37300,8,-4,10,1,-4,0,-4
8633,0.0,-4,0,0,0,3,2,2,3,1,2,4,-4,0,0.0,50,2,1,37300,8,-4,7,1,8244,0,0
8634,0.0,-4,0,0,0,0,2,2,4,4,1,-4,-4,0,0.0,-4,2,0,1000,7,-3,6,2,-4,0,-1
8635,0.0,-4,0,0,0,15,2,2,2,3,5,-4,-4,1,,-4,1,0,75500,7,2,6,2,-4,0,-4
8636,0.0,202010,0,0,1,-2,1,2,1,1,1,-4,-4,0,,-4,1,0,75500,7,-3,6,2,-4,0,-4
8637,0.0,199005,0,0,2,5,4,3,5,5,5,5,-4,0,0.0,85,1,0,500,5,-3,12,1,-4,0,-4
8638,0.0,-4,0,1,1,7,2,2,-2,-2,2,-2,-4,0,0.0,50,2,0,45750,7,12,10,1,3173,0,1
8639,0.0,-4,1,0,0,0,2,2,4,1,3,2,-4,0,0.0,-4,1,0,45750,7,12,10,1,2173,-5,-5
8640,0.0,-4,0,0,0,5,2,2,1,1,1,1,-4,1,0.0,-2,2,0,9500,6,6,6,2,17339,0,0
8641,0.0,-4,0,0,0,6,1,2,1,1,2,-4,-4,0,0.0,-4,2,0,9500,6,6,6,2,17259,0,0
8642,0.0,202009,1,3,1,6,4,2,3,1,5,-2,-4,1,1.0,-2,1,0,21500,4,-3,12,1,11202,1,1
8643,0.0,199607,-3,0,0,-2,3,3,2,5,5,-4,-4,0,,-4,1,0,21500,4,-3,8,2,19284,1,1
8644,0.0,200302,1,0,2,0,3,3,1,-2,1,-4,-4,0,0.0,-4,2,0,21500,4,-3,12,1,28295,1,1
8645,1.0,-4,0,0,0,3,2,2,1,1,2,-4,-4,0,0.0,-4,2,0,34050,4,6,6,2,45324,0,0
8646,1.0,-4,0,0,0,4,2,2,1,1,1,-4,-4,0,0.0,-4,2,0,34050,4,6,6,2,68281,0,0
8647,0.0,199703,0,1,0,0,2,4,5,3,5,-4,-4,1,0.0,-4,1,0,49701,4,13,12,2,12460,0,0
8648,0.0,-4,0,0,0,6,2,2,2,2,1,2,-4,0,,0,2,0,5050,2,-3,8,2,34624,-5,-5
8649,0.0,200112,0,0,1,-2,3,4,2,4,4,5,-4,0,,-2,2,0,21500,4,12,10,1,19683,0,-2
8650,0.0,199704,3,2,1,2,4,4,1,1,2,-4,-4,1,,-4,2,0,21500,4,12,10,1,26754,0,0
8651,1.0,-4,0,0,0,5,2,3,3,2,4,-4,-4,0,,-4,2,0,67500,5,12,12,2,90072,-5,-5
8652,0.0,-4,0,1,0,0,1,2,3,3,1,-4,-4,0,0.0,-4,2,0,27500,7,8,12,1,29629,0,0
8653,0.0,200402,0,0,0,2,4,3,4,2,1,3,-4,0,,10,2,0,40500,2,-3,12,1,1541,-5,-5
8654,0.0,199812,2,0,0,2,2,2,1,1,1,-4,-4,0,0.0,-4,1,0,7500,4,10,11,1,-4,0,0
8655,0.0,199801,1,0,1,4,3,2,5,3,4,-4,-4,0,0.0,-4,1,0,7500,4,10,11,1,-4,0,0
8656,0.0,-4,0,0,0,0,2,2,2,2,1,2,-4,0,0.0,10,1,0,5050,7,12,10,1,1110,0,0
8657,0.0,-4,0,0,0,5,2,3,2,1,1,-4,-4,0,0.0,-4,1,0,5050,7,12,10,1,20325,0,0
8658,0.0,-4,0,0,1,1,2,2,5,2,3,4,-4,0,,-4,1,1,500,4,-3,8,1,-4,-5,-5
8659,1.0,-4,0,5,0,0,1,1,4,2,1,-4,-4,0,,-4,2,0,-3,3,16,16,1,54709,0,0
8660,1.0,-4,0,0,0,0,1,2,4,4,1,5,-4,0,0.0,0,1,0,8500,2,-4,10,1,13075,0,0
8661,1.0,-4,0,0,0,2,1,1,1,1,1,-4,-4,1,0.0,-4,2,0,37500,4,-4,9,1,53367,-5,-5
8662,0.0,200806,1,0,0,0,2,1,3,2,1,4,-4,0,0.0,-4,1,0,15250,2,-3,12,1,-4,0,-2
8663,1.0,-4,0,1,0,3,1,1,3,1,1,-4,-4,1,,-4,2,-4,-4,3,12,13,1,-4,0,-2
8664,1.0,-4,0,0,0,1,3,3,4,4,1,-4,-4,0,,-4,2,-4,-4,3,12,13,1,-4,-5,-5
8665,0.0,-4,0,0,1,2,2,2,1,1,1,-4,-4,0,1.0,-4,1,0,2200,2,11,-4,1,3479,0,0
8666,1.0,-4,0,0,0,14,2,2,5,2,2,-4,-4,0,1.0,-4,1,0,18300,2,12,16,1,-4,0,1
8667,0.0,-4,0,0,0,3,2,2,1,1,1,-4,-4,1,,-4,1,0,6155,7,-3,10,1,13277,0,0
8668,1.0,-4,0,0,0,4,2,2,4,2,1,3,-4,0,0.0,0,2,0,3850,3,11,10,1,34357,0,1
8669,0.0,-4,0,0,2,6,3,3,4,3,2,-4,-4,0,0.0,-4,2,0,3850,3,11,10,1,949,0,0
8670,1.0,-4,0,5,0,8,3,4,4,4,1,4,-4,1,0.0,50,2,0,8900,2,-4,-4,1,19755,0,-2
8671,0.0,-4,0,0,0,2,2,2,1,1,2,-4,-4,0,0.0,-4,2,0,2150,4,-4,9,1,15364,0,0
8674,0.0,200301,0,0,0,6,2,1,1,1,1,-4,-4,0,0.0,-4,1,0,31400,6,5,14,1,3810,0,0
8675,0.0,-4,0,0,1,10,2,2,3,3,1,4,-4,0,0.0,15,1,0,37500,4,11,-3,1,37750,0,0
8676,0.0,200206,0,0,0,12,2,2,3,3,1,4,-4,0,0.0,3,1,0,7600,4,12,-4,1,53806,0,0
8677,0.0,-4,0,0,0,2,1,1,1,1,1,-4,-4,0,0.0,-4,1,0,7600,4,12,-4,1,35654,0,0
8678,0.0,200412,0,0,0,9,2,2,1,1,1,-4,-4,0,0.0,-4,2,1,500,5,-4,9,2,-4,0,0
8679,0.0,-4,0,0,0,1,2,2,2,2,1,2,-4,0,0.0,-4,2,0,43100,4,10,11,1,-4,0,0
8680,0.0,-4,0,0,0,0,2,2,2,1,1,1,-4,0,,-4,2,-4,-4,2,-3,12,1,-4,0,-4
8681,1.0,-4,0,0,0,0,2,2,3,1,1,-4,-4,0,0.0,-4,2,0,18900,3,12,13,1,21703,0,0
8683,0.0,200004,0,4,0,0,2,4,4,3,4,4,-4,0,,25,1,0,25200,3,12,15,1,9722,1,1
8684,0.0,-4,0,0,0,7,1,2,4,2,2,3,-4,0,0.0,-4,1,1,-3,4,-3,15,1,78525,-5,-5
8685,1.0,-4,0,0,0,-2,2,2,1,1,1,-4,-4,0,0.0,-4,2,0,32500,3,14,14,1,-4,0,1
8686,0.0,199908,6,0,0,3,2,3,2,-2,1,-4,-4,0,,-4,1,0,-3,4,-4,-3,1,-4,0,1
8687,0.0,-4,0,0,0,1,1,2,4,5,3,5,-4,0,0.0,0,2,-4,-4,6,12,12,1,23497,0,0
8688,0.0,-4,0,0,0,4,2,2,3,3,1,4,-4,1,,0,2,0,42500,2,-3,12,1,-4,-5,-5
8689,0.0,-4,0,2,1,1,3,3,4,3,1,-4,-4,0,1.0,-4,2,0,13000,3,-3,13,1,-4,0,1
8690,1.0,-4,0,0,0,0,2,1,2,1,1,-4,-4,0,,-4,1,-4,-4,3,12,12,1,79943,-5,-5
8691,0.0,-4,0,0,0,3,2,2,1,1,1,-4,-4,0,0.0,-4,1,0,500,3,12,11,1,51585,0,0
8692,1.0,-4,0,0,0,0,2,2,2,3,2,5,-4,0,0.0,0,1,0,-3,3,12,12,1,3654,0,0
8693,0.0,-4,0,20,0,2,2,3,3,1,3,-4,-4,0,0.0,-4,2,0,2000,3,9,12,1,21818,0,0
8694,0.0,200602,1,0,0,3,1,1,4,4,3,-4,-4,1,0.0,-4,1,0,2000,3,9,12,1,13816,0,-2
8695,1.0,-4,0,0,0,0,2,1,2,2,1,-4,-4,0,0.0,-4,2,0,19100,3,12,12,1,82767,0,0
8696,1.0,200108,0,0,0,3,2,2,1,1,1,-4,-4,1,1.0,-4,2,0,-7500,2,11,12,1,-4,0,0
8697,0.0,-4,0,0,0,5,2,2,2,1,1,2,-4,0,0.0,-4,2,0,6350,2,12,12,1,27007,0,-4
8698,0.0,199812,0,0,0,10,2,2,2,2,1,3,-4,1,,15,2,0,-2000,3,-4,12,1,67397,0,-4
8699,1.0,200112,0,2,0,1,3,2,3,3,1,4,-4,1,1.0,25,2,0,7500,2,13,16,1,8351,-5,-5
8700,1.0,200207,0,0,0,1,2,2,2,1,1,-4,-4,1,,-4,2,0,30000,4,16,16,1,30361,0,0
8701,0.0,200211,0,5,0,0,1,2,1,1,1,-4,-4,0,,-4,2,1,24060,8,-4,-4,2,40375,0,0
8702,0.0,199612,2,0,0,3,2,2,3,2,2,4,-4,0,0.0,3,1,0,24350,5,12,-3,1,-4,0,0
8703,0.0,-4,0,0,0,10,3,2,4,2,3,5,-4,1,0.0,0,2,0,24350,5,12,-3,1,-4,0,0
8704,0.0,199808,3,0,0,10,1,1,4,4,4,-4,-4,1,0.0,-4,1,0,24350,5,12,-3,1,-4,0,0
8705,0.0,-4,0,0,0,3,2,2,3,2,2,-4,-4,0,,-4,2,0,24350,5,12,-3,1,-4,-5,-5
8706,1.0,199409,1,0,0,3,2,3,3,2,1,2,-4,1,1.0,25,1,0,66500,2,-4,16,1,43512,0,0
8707,1.0,-4,0,0,0,0,2,2,3,2,1,2,-4,0,,0,1,0,96850,3,14,14,1,60778,0,0
8708,0.0,199601,1,0,1,0,2,2,1,1,2,-4,-4,0,,-4,1,0,-3,5,12,12,1,12520,0,0
8709,1.0,200409,0,0,0,0,2,3,3,2,1,2,-4,0,0.0,10,1,0,87900,4,13,20,2,80541,0,0
8710,0.0,200503,0,0,1,4,2,2,2,2,1,-4,-4,0,0.0,-4,1,0,87900,4,13,20,2,65183,-5,-5
8711,0.0,-4,0,0,0,5,3,2,3,2,2,5,-4,0,0.0,10,2,0,-100,6,8,12,1,7590,0,-2
8712,1.0,-4,0,0,0,-2,2,2,-2,1,1,-4,-4,0,0.0,-4,2,0,-100,6,8,12,1,10978,0,1
8713,0.0,199912,0,0,0,3,3,2,5,4,2,4,-4,0,0.0,0,2,0,1950,2,-3,11,1,19865,0,1
8714,0.0,-4,0,0,0,27,2,4,4,5,4,-2,-4,0,0.0,3,1,1,3750,4,12,12,1,32406,-5,-5
8715,0.0,-4,0,0,0,-2,2,2,1,1,3,-4,-4,0,0.0,-4,2,0,-3,5,-3,11,1,1117,0,0
8716,1.0,-4,0,1,0,1,2,3,1,1,1,-4,-4,1,0.0,-4,2,0,-9900,3,16,14,1,47345,0,0
8717,0.0,199406,0,0,0,20,1,1,5,5,1,5,-4,1,0.0,0,2,1,17500,7,11,12,1,9990,0,0
8718,0.0,199807,0,0,1,4,2,2,3,2,2,-4,-4,0,1.0,-4,1,1,17500,7,12,12,1,5262,0,-2
8719,0.0,199707,0,0,0,-2,1,1,3,5,2,4,-4,1,0.0,5,1,0,3590,4,11,13,1,1412,0,0
8720,0.0,199507,0,2,3,2,3,3,4,1,2,-4,-4,1,0.0,-4,2,0,3590,4,11,13,1,1579,0,0
8721,0.0,199105,2,2,0,0,4,3,4,3,4,5,-4,0,0.0,50,1,0,-3,4,12,11,1,45112,-5,-5
8722,0.0,199605,0,0,0,0,2,2,1,1,1,-4,-4,0,1.0,-4,2,0,500,3,10,9,1,3665,1,1
8723,0.0,-4,0,0,0,40,2,2,5,5,3,3,-4,0,,0,2,-4,-4,2,-3,-3,2,-4,0,0
8724,1.0,-4,0,0,0,3,1,2,2,2,2,3,-4,0,0.0,0,1,0,-2950,5,19,14,1,46982,0,0
8725,0.0,-4,0,0,0,2,1,2,1,1,1,-4,-4,0,0.0,-4,2,0,-2950,5,19,14,1,19940,0,0
8726,0.0,-4,0,0,0,5,2,3,2,2,1,2,-4,0,0.0,0,2,0,3500,6,12,12,1,48174,0,1
8727,1.0,-4,0,0,0,2,2,2,2,1,1,-4,-4,0,0.0,-4,2,0,3500,6,12,12,1,43201,0,1
8728,0.0,199609,0,4,2,20,2,3,4,4,4,-4,-4,0,,-4,2,0,-3,6,10,13,2,9527,0,0
8729,1.0,-4,0,1,0,5,1,1,3,3,2,5,-4,0,0.0,10,2,0,-2500,13,-3,12,1,-4,0,0
8730,0.0,-4,0,0,0,10,2,2,2,2,2,3,-4,1,,10,2,0,3750,3,3,12,1,11692,0,0
8731,1.0,-4,0,0,0,2,2,2,3,2,2,2,-4,0,0.0,0,2,0,-3,3,12,13,1,36256,0,0
8732,0.0,199612,0,0,0,4,2,3,4,3,3,3,-4,0,0.0,10,2,0,67000,5,3,11,2,-4,0,0
8733,0.0,200402,0,0,0,1,3,2,5,3,5,2,-4,0,,-4,2,0,67000,5,3,11,2,-4,0,0
8734,0.0,200310,0,10,18,9,2,2,1,1,1,-4,-4,1,,-4,1,0,67000,5,3,11,2,-4,-2,-2
8735,0.0,199910,1,7,50,4,3,2,5,4,5,4,-4,1,0.0,10,2,0,500,9,9,12,1,-4,0,0
8736,0.0,-3,0,0,1,5,3,3,5,4,4,5,-4,1,0.0,0,1,1,500,9,9,12,1,-4,0,0
8737,0.0,199706,0,10,2,5,2,2,5,3,3,-4,-4,1,,-4,2,1,500,9,9,12,1,-4,0,0
8738,1.0,200811,0,0,0,1,2,2,3,-2,5,-4,-4,0,0.0,-4,1,1,500,9,9,12,1,-4,0,-2
8739,0.0,-4,0,0,0,-2,2,3,1,1,1,-4,-4,1,0.0,-4,1,0,31800,4,10,10,2,40094,-5,-5
8740,0.0,201007,1,0,0,5,2,2,1,1,1,-4,-4,1,,-4,2,0,35500,3,10,14,2,55569,0,0
8741,1.0,-4,0,0,0,3,1,1,2,3,1,1,-4,0,,0,1,0,-3,4,16,12,4,-4,0,0
8742,1.0,-4,0,0,0,5,1,2,2,2,1,-4,-4,0,0.0,-4,1,0,-3,4,16,12,4,-4,0,0
8743,1.0,200004,1,2,0,8,2,2,3,4,2,3,-4,0,1.0,0,2,0,179000,4,14,12,4,-4,0,0
8745,0.0,-4,0,1,0,0,2,3,2,1,1,-4,-4,0,0.0,-4,2,0,1000,5,16,12,1,-4,0,0
8746,0.0,199905,1,0,1,0,4,3,2,4,4,-4,-4,0,0.0,-4,1,0,115750,4,-4,12,1,4971,0,0
8747,0.0,199505,1,0,2,3,3,2,5,2,2,3,-4,0,,0,1,0,-3,8,12,10,1,5811,0,0
8748,0.0,-4,0,0,0,30,2,2,5,5,3,5,-4,-3,0.0,-3,2,0,-3,8,-3,10,1,12212,0,0
8749,0.0,201308,0,1,7,20,3,2,2,1,2,-4,-4,0,0.0,-4,2,0,-3,8,-3,10,1,2011,0,0
8750,1.0,199707,0,3,1,4,3,3,3,4,1,4,-4,0,1.0,15,1,0,66550,2,18,15,4,72044,0,0
8751,1.0,200804,0,0,0,10,3,3,4,4,1,1,-4,0,,20,2,0,111500,4,14,16,4,47911,0,0
8752,1.0,-4,0,1,1,7,1,2,3,1,1,-4,-4,0,0.0,-4,2,0,20500,3,12,11,4,55981,0,0
8753,0.0,-4,0,0,0,1,2,2,3,2,1,1,-4,1,,0,1,0,-3,5,12,12,4,20032,0,0
8754,0.0,199812,0,0,2,5,2,2,3,2,1,3,-4,1,1.0,2,1,-4,-4,7,-3,8,4,5649,0,0
8755,0.0,201304,0,0,2,5,2,2,1,1,1,-4,-4,0,0.0,-4,1,-4,-4,7,-3,8,4,1235,0,0
8756,1.0,200211,1,0,0,6,2,-2,2,2,2,5,-4,0,0.0,50,1,1,-3,7,11,11,2,45069,0,1
8757,0.0,-3,0,0,0,-2,2,2,4,-2,-2,-4,-4,0,0.0,-4,1,1,-3,7,11,11,1,25726,0,1
8758,0.0,199512,3,0,0,4,2,2,2,2,1,-4,-4,0,0.0,-4,1,0,-3,3,-3,15,4,22390,0,0
8759,0.0,200208,3,0,2,0,2,2,5,1,1,-4,-4,0,1.0,-4,1,0,-3,7,12,-3,4,16714,0,1
8760,1.0,-4,0,0,0,1,2,2,2,1,1,1,-4,0,0.0,0,1,0,13500,4,16,13,4,76141,0,0
8761,0.0,199511,-3,0,1,4,1,2,4,2,1,-4,-4,0,0.0,-4,1,0,10350,2,12,12,4,0,0,0
8762,1.0,-4,0,0,0,1,1,2,2,1,1,2,-4,0,0.0,0,2,0,22700,5,12,10,4,86172,-5,-5
8763,1.0,-4,0,4,0,0,2,2,3,4,3,4,-4,1,0.0,10,1,0,242500,4,16,6,4,66480,0,0
8764,1.0,-4,0,0,0,5,2,2,1,1,1,-4,-4,0,0.0,-4,1,0,-3,5,-3,16,2,95374,0,0
8765,0.0,-4,0,2,1,1,2,2,-2,5,3,-4,-4,1,0.0,-4,2,0,500,8,10,10,1,-4,0,1
8766,1.0,-4,0,0,0,2,2,3,2,3,2,2,-4,0,0.0,25,2,0,12750,5,14,16,4,-4,0,0
8767,1.0,-4,0,0,0,0,1,2,1,1,1,-4,-4,0,0.0,-4,2,-4,-4,1,-3,-3,2,-4,0,-4
8768,1.0,-4,0,0,0,1,2,2,2,1,1,4,-4,0,0.0,25,2,0,-3,5,18,17,1,98134,0,0
8769,1.0,-4,0,0,0,2,2,2,2,3,1,-4,-4,1,0.0,-4,2,0,-3,5,18,17,1,67137,0,0
8770,0.0,200609,2,7,13,4,2,3,3,1,1,-4,-4,0,0.0,-4,1,0,48573,6,13,13,4,27404,0,0
8771,0.0,199909,0,10,2,3,3,4,5,1,1,-4,-4,0,0.0,-4,1,0,48573,6,13,13,4,2928,0,0
8772,1.0,200002,0,0,0,0,2,1,1,1,1,1,-4,0,,10,1,0,14050,5,16,20,2,20171,-5,-5
8773,1.0,199601,0,20,2,5,3,3,3,2,4,-4,-4,1,0.0,-4,1,0,-3,6,13,13,4,75842,0,0
8774,0.0,-4,0,2,0,2,2,3,1,1,2,-4,-4,0,1.0,-4,2,0,15620,3,12,14,1,12020,0,0
8775,0.0,-4,0,0,0,2,2,2,1,1,1,-4,-4,1,,-4,2,0,52250,3,12,12,1,-4,0,0
8776,0.0,199806,3,0,0,3,2,2,3,2,2,1,-4,0,0.0,10,1,0,2000,6,12,-4,2,3988,-5,-5
8777,0.0,-4,0,0,0,0,2,2,1,1,1,-4,-4,0,,-4,1,-4,-4,5,5,9,2,-4,0,0
8778,0.0,200006,4,-4,-4,-4,-4,-4,5,4,3,2,-4,0,0.0,0,2,-1,-3,3,-4,8,3,3127,-5,-5
8779,0.0,-4,0,-4,-4,-4,2,2,-2,-2,-2,1,-4,0,,5,1,0,-3,4,-3,6,2,-4,-5,-5
8780,0.0,-4,0,0,0,0,2,2,1,-2,-2,-4,-4,0,0.0,-4,2,0,-3,4,-3,6,2,95476,-5,-5
8781,0.0,-4,0,-4,-4,-4,2,1,2,1,2,3,-4,0,0.0,50,2,0,5250,2,-3,5,2,25754,0,0
8782,1.0,200208,3,0,0,6,2,2,5,4,2,-4,-4,0,1.0,-4,2,-4,-4,6,14,16,2,-4,0,0
8783,1.0,-4,0,0,0,1,2,2,1,1,2,-4,-4,0,0.0,-4,1,-4,-4,6,14,16,2,-4,0,0
8784,1.0,-4,0,2,0,2,2,1,1,1,1,-4,-4,1,,-4,2,0,8000,5,12,8,2,61247,-5,-5
8785,0.0,-4,0,0,0,6,2,3,3,1,1,-4,-4,0,0.0,-4,2,0,4550,7,11,12,1,6939,0,0
8786,0.0,199605,0,0,0,6,2,2,4,1,4,1,-4,1,0.0,0,1,0,35200,4,15,12,1,15663,0,0
8787,0.0,201211,0,0,1,4,2,2,3,2,1,-4,-4,1,0.0,-4,2,0,33250,4,12,13,1,11401,0,0
8788,1.0,-4,0,0,0,12,2,2,1,2,1,2,-4,0,0.0,0,1,0,85000,6,14,11,4,35592,0,0
8789,0.0,-4,0,0,0,2,2,3,1,1,1,-4,-4,0,0.0,-4,1,0,85000,6,14,11,4,33815,0,0
8790,1.0,-4,0,0,0,2,2,2,1,1,1,-4,-4,0,0.0,-4,2,0,85000,6,-3,18,4,74539,0,0
8791,1.0,-4,0,0,0,11,1,1,1,1,1,-4,-4,0,0.0,-4,2,0,224500,4,12,14,4,51833,0,0
8792,0.0,-4,0,0,0,0,2,2,2,1,1,3,-4,0,0.0,0,2,0,3250,7,14,11,1,14665,0,0
8793,1.0,-4,0,0,0,0,4,3,4,1,1,5,-4,0,0.0,85,2,0,3250,7,14,11,1,20249,0,0
8794,0.0,200411,0,20,0,0,2,1,3,2,2,5,-4,1,1.0,0,1,0,3250,7,14,11,1,22298,0,0
8795,0.0,200611,0,5,0,1,3,1,1,1,1,-4,-4,1,0.0,-4,1,0,3250,7,14,11,1,64417,0,0
8796,1.0,-4,0,0,0,0,2,2,1,1,1,-4,-4,0,,-4,2,0,3250,7,14,11,1,35864,0,0
8797,1.0,-4,0,0,0,1,2,2,2,1,1,1,-4,0,0.0,10,2,0,23500,3,-3,-3,1,54874,-5,-5
8798,0.0,-4,0,0,0,4,2,2,2,2,1,3,-4,0,,0,1,0,372001,6,12,14,4,31849,-5,-5
8799,0.0,202308,0,0,0,5,2,2,1,1,1,-4,-4,0,,-4,1,0,372001,6,12,14,4,44382,0,0
8800,0.0,199909,0,0,0,2,2,2,3,2,2,-4,-4,0,,-4,1,0,372001,6,12,14,4,25306,0,0
8801,0.0,199607,0,0,0,0,2,3,1,1,1,1,-4,0,0.0,-4,1,0,432,5,12,7,1,23818,0,0
8802,0.0,199603,3,-4,-4,-4,2,4,2,1,1,2,-4,0,0.0,0,1,0,-3,6,-3,-3,4,-4,0,0
8803,0.0,-4,0,0,-2,17,2,2,2,1,1,-4,-4,1,0.0,-4,1,0,-3,6,-3,-3,4,15788,0,0
8804,0.0,200107,3,0,0,2,2,1,1,1,2,-4,-4,0,0.0,-4,1,0,-3,6,-3,-3,4,36067,0,1
8805,1.0,-4,0,0,0,3,3,3,4,4,2,4,-4,1,0.0,5,2,0,56750,5,11,12,2,27671,0,0
8806,1.0,-4,0,0,0,1,1,1,1,-2,2,-4,-4,0,1.0,-4,2,0,3750,5,5,2,2,35045,0,0
8807,1.0,-4,0,0,0,5,2,2,2,2,1,2,-4,0,,0,1,0,81250,4,12,14,2,37845,-5,-5
8808,1.0,200510,0,0,0,2,2,2,2,2,2,-4,-4,0,,-4,2,0,81250,4,12,14,2,44969,-5,-5
8809,0.0,-4,0,0,0,30,2,4,4,5,5,-4,-4,0,0.0,-4,2,0,750,4,12,13,2,34472,0,-2
8810,1.0,-4,0,0,0,7,2,3,3,3,1,3,-4,0,0.0,35,2,-4,-4,4,14,14,2,63728,0,0
8811,1.0,199607,2,2,2,10,2,3,3,3,2,3,-4,0,0.0,-4,1,-4,-4,4,14,14,2,46521,-5,-5
8812,1.0,-4,0,0,0,0,2,2,3,3,2,3,-4,0,,-4,2,-4,-4,5,16,16,4,64810,-5,-5
8813,1.0,-4,0,0,0,0,2,2,4,1,2,-4,-4,0,0.0,-4,2,-4,-4,5,16,16,4,81234,-5,-5
8814,1.0,200101,0,1,0,2,1,2,2,1,2,-4,-4,1,0.0,-4,2,-4,-4,5,16,16,4,64370,-5,-5
8815,1.0,-4,0,0,0,5,2,1,2,2,2,-4,-4,0,0.0,-4,2,-4,-4,4,95,12,2,2926,0,0
8816,1.0,199702,0,1,0,1,2,2,2,1,2,-4,-4,1,0.0,-4,1,0,230901,5,12,9,2,48438,0,0
8817,1.0,199705,0,15,0,8,3,3,4,4,2,3,-4,1,1.0,10,1,0,23750,2,17,12,4,-4,-5,-5
8818,0.0,-4,0,0,0,2,1,2,1,2,1,2,-4,0,0.0,0,2,0,1500,6,4,9,2,16971,0,0
8819,0.0,199810,0,0,0,0,2,1,2,1,3,2,-4,0,1.0,-4,1,0,1500,6,4,9,2,-4,0,0
8820,0.0,-4,0,0,0,0,2,1,2,1,2,-4,-4,0,0.0,-4,1,0,1500,6,4,9,2,-4,0,0
8821,1.0,-4,0,0,0,0,1,1,1,1,2,-4,-4,0,0.0,-4,2,0,1500,6,4,9,2,-4,0,0
8822,0.0,200512,0,2,0,15,2,2,3,1,2,-4,-4,1,0.0,-4,2,0,11545,7,8,-3,4,71160,-2,0
8823,0.0,-4,0,1,1,10,2,2,5,1,3,-4,-4,0,0.0,-4,1,-4,-4,7,9,12,4,136,0,0
8824,0.0,199601,0,0,0,2,2,2,4,4,1,4,-4,0,0.0,25,1,-4,-4,5,7,14,4,38400,0,0
8825,0.0,199704,2,0,1,21,2,2,3,1,1,1,-4,0,0.0,0,1,0,45000,2,-3,11,4,11218,0,1
8826,0.0,199210,0,4,1,5,2,4,5,4,2,5,-4,0,0.0,3,2,0,3750,3,12,12,4,17189,0,-4
8827,0.0,199809,0,2,1,10,2,3,5,4,2,-4,-4,0,0.0,-4,2,0,3750,3,12,12,4,8730,0,0
8828,1.0,199604,0,0,0,46,2,1,2,2,1,1,-4,0,0.0,-4,1,0,52900,3,12,12,2,-4,0,0
8829,1.0,201006,0,0,0,3,4,2,1,1,1,-4,-4,0,0.0,-4,2,0,52900,3,12,12,2,-4,0,-2
8830,0.0,-4,0,0,0,1,3,2,3,2,1,3,-4,0,0.0,0,2,0,199700,5,12,12,4,75400,-5,-5
8831,0.0,-4,0,0,0,3,4,2,3,2,2,-4,-4,0,,-4,2,-4,-4,5,12,12,4,65330,-5,-5
8832,1.0,-4,0,0,0,6,1,1,3,2,1,3,-4,0,,10,2,0,9500,4,11,12,4,51977,0,0
8833,0.0,-4,0,0,1,0,2,3,4,2,1,-4,-4,0,,-4,1,0,66500,4,12,12,4,-4,0,0
8834,1.0,199810,0,0,1,11,3,3,4,3,2,4,-4,1,0.0,-4,1,0,17300,6,12,12,1,-4,0,0
8835,1.0,200912,0,0,0,3,2,1,5,1,4,-4,-4,1,0.0,-4,1,0,556,3,12,12,1,85057,0,0
8836,1.0,-4,0,0,0,0,2,2,4,1,1,1,-4,0,0.0,-4,1,0,140000,4,12,11,4,52043,0,0
8837,1.0,-4,0,0,0,0,2,2,1,1,1,-4,-4,0,0.0,-4,2,0,140000,4,12,11,4,69453,0,0
8838,0.0,200203,0,0,0,3,1,2,3,1,1,2,-4,1,1.0,0,1,-4,-4,6,-4,-3,1,42888,0,0
8839,0.0,199809,2,0,1,2,1,2,3,1,1,3,-4,1,0.0,-4,1,0,-1500,3,9,-3,1,6923,1,0
8840,1.0,-4,0,0,0,3,2,3,1,1,1,-4,-4,0,0.0,-4,2,0,20900,3,12,15,4,76191,0,0
8841,0.0,200107,0,0,0,3,1,1,2,4,1,-4,-4,0,,-4,1,0,6680,5,-3,10,1,31503,-5,-5
8842,0.0,199902,2,0,1,2,2,2,3,2,1,-4,-4,1,,-4,1,0,6680,5,10,9,1,6278,-5,-5
8843,0.0,199506,3,0,2,0,3,2,1,1,1,-4,-4,0,,-4,1,0,6680,5,-3,10,1,4723,1,-2
8844,0.0,199802,0,0,3,15,4,2,4,4,2,-4,-4,0,0.0,-4,2,0,11000,2,10,14,4,26925,0,0
8845,1.0,-4,0,0,0,0,2,1,1,1,1,-4,-4,0,0.0,-4,2,0,-3,4,14,12,2,73447,0,0
8846,0.0,-4,0,0,0,2,2,2,4,3,1,3,-4,1,0.0,10,1,0,11250,2,-4,12,4,37608,0,-4
8847,0.0,-4,0,0,0,3,2,3,2,2,1,2,-4,0,,0,1,1,59488,4,12,13,4,39139,0,-2
8848,0.0,-4,0,0,0,0,2,2,2,1,1,-4,-4,0,0.0,-4,2,1,59488,4,12,13,4,33125,0,0
8849,1.0,-4,0,0,1,3,2,2,2,1,1,2,-4,0,,0,1,-4,-4,6,12,12,4,76268,-5,-5
8850,1.0,-4,0,0,0,1,2,3,1,1,1,-4,-4,0,0.0,-4,2,-4,-4,3,12,14,4,77947,0,1
8851,0.0,-4,0,0,0,7,3,3,3,5,1,5,-4,0,,0,2,-4,-4,4,10,12,4,29451,0,0
8852,0.0,199804,0,0,1,5,2,2,3,4,1,1,-4,0,0.0,2,1,0,30300,4,10,9,2,13450,0,1
8853,0.0,-4,0,0,0,8,2,1,1,1,1,-4,-4,0,,-4,2,0,85750,5,6,4,2,-4,0,0
8854,0.0,200308,5,1,3,4,2,3,3,3,2,-4,-4,1,,-4,1,-4,-4,4,12,12,4,-4,0,0
8855,0.0,200702,1,0,1,0,2,2,1,1,2,-4,-4,0,0.0,-4,1,0,48500,5,11,9,2,18215,0,1
8857,0.0,-4,0,0,-2,25,3,4,4,4,-1,-2,-4,0,,-2,1,-4,-4,6,9,-3,2,-4,-5,-5
8858,0.0,-4,0,0,20,3,2,2,3,3,2,2,-4,0,0.0,0,1,-4,-4,6,-3,12,2,-4,0,0
8859,1.0,200305,0,0,0,2,2,2,1,1,1,-4,-4,0,,-4,2,-4,-4,6,9,-3,2,-4,0,0
8860,1.0,-4,0,0,0,0,2,2,5,1,1,3,-4,0,,0,2,0,-3,6,12,-3,1,9139,1,0
8861,0.0,-4,0,0,0,0,2,2,2,2,5,-4,-4,0,0.0,-4,2,0,-3,6,12,-3,1,4852,-5,-5
8862,0.0,200304,0,0,0,0,2,2,2,1,1,-4,-4,0,0.0,-4,1,0,-3,6,12,-3,1,5830,1,0
8863,0.0,-4,0,0,1,-2,2,2,3,3,1,3,-4,0,0.0,10,2,-4,-4,4,-4,-3,1,41269,0,0
8864,0.0,200908,0,0,0,-2,1,2,3,1,1,4,-4,0,0.0,-4,1,-4,-4,4,-4,-3,1,5679,-5,-5
8865,1.0,-4,0,0,0,5,2,2,3,1,1,1,-4,0,0.0,0,2,0,10500,9,13,-3,2,1609,0,0
8866,0.0,-4,0,0,0,27,2,2,1,1,1,1,-4,0,0.0,0,2,0,10500,9,13,-3,2,2469,0,0
8867,0.0,-4,0,0,0,27,3,2,5,4,1,-4,-4,0,0.0,-4,2,0,10500,9,13,-3,2,16105,0,0
8868,1.0,-4,0,0,0,3,2,2,3,2,1,2,-4,0,0.0,-4,1,-4,-4,5,5,5,4,25056,-5,-5
8869,0.0,-4,0,0,1,3,3,3,5,2,4,-4,-4,0,,-4,1,-4,-4,5,5,5,4,-4,-5,-5
8870,1.0,-4,0,0,0,0,1,1,1,1,1,-4,-4,0,0.0,-4,2,0,105000,5,9,9,2,45651,0,1
8871,1.0,-4,0,0,0,4,2,2,3,3,4,4,-4,0,0.0,0,2,-4,-4,4,12,12,2,-4,0,0
8872,0.0,-4,0,0,0,1,2,2,1,1,1,-4,-4,0,0.0,-4,1,-4,-4,4,12,12,2,-4,0,0
8873,0.0,-4,0,0,0,3,2,3,2,1,1,-4,-4,0,0.0,-4,2,-4,-4,3,15,14,2,32667,0,0
8874,1.0,-4,0,0,0,4,2,3,2,2,1,-4,-4,0,0.0,-4,2,-4,-4,3,15,14,2,20700,0,0
8877,1.0,-4,0,0,0,0,1,2,1,1,1,1,-4,0,0.0,0,1,0,8750,4,-4,15,2,92234,0,0
8878,1.0,-4,0,0,0,1,2,2,4,5,1,2,-4,0,0.0,0,1,0,-3,5,14,14,4,56870,0,0
8879,1.0,-4,0,0,0,3,2,4,2,4,1,-4,-4,0,0.0,-4,1,0,-3,5,14,14,4,51240,0,0
8880,1.0,-4,0,0,0,0,2,2,2,2,1,2,-4,0,1.0,25,1,0,85750,5,16,16,4,-4,0,0
8881,1.0,-4,0,0,0,0,2,2,1,1,1,-4,-4,0,0.0,-4,2,0,85750,5,16,16,4,-4,-5,-5
8882,0.0,-4,0,0,0,2,3,3,2,2,1,-4,-4,0,0.0,-4,2,0,247500,7,12,12,4,-4,0,-2
8883,,-4,0,0,0,5,4,3,4,1,1,-4,-4,1,,-4,2,0,225200,5,19,12,4,90134,-5,-5
8884,1.0,-4,0,0,0,5,2,2,2,2,1,2,-4,0,0.0,5,2,0,258500,5,16,18,4,95691,-5,-5
8885,0.0,-4,0,2,0,6,2,3,5,2,3,-2,-4,0,,50,1,1,17500,3,12,12,1,9144,0,0
8886,0.0,-4,0,0,0,2,2,2,1,1,1,-4,-4,0,,-4,1,1,17500,3,12,12,1,7631,0,0
8887,0.0,-4,0,0,0,6,2,2,2,1,1,-4,-4,0,0.0,-4,2,0,136001,4,12,12,4,87453,0,0
8888,1.0,-4,0,0,0,2,2,3,4,3,1,4,-4,0,0.0,0,2,0,362001,4,18,17,4,97928,0,0
8889,1.0,-4,0,0,0,1,2,1,2,1,1,-4,-4,0,0.0,-4,2,0,362001,4,18,17,4,96422,0,0
8890,0.0,199907,0,3,2,3,3,3,2,2,2,2,-4,0,0.0,-4,1,0,300500,3,12,14,4,-4,0,0
8891,0.0,199610,0,0,0,16,2,2,4,4,5,4,-4,0,1.0,0,2,0,334000,4,8,16,2,52826,0,0
8892,0.0,200101,5,0,0,20,2,1,1,1,1,-4,-4,0,,-4,1,0,334000,4,8,16,2,15510,0,0
8893,1.0,200208,0,0,0,4,2,2,1,1,1,-4,-4,0,1.0,-4,1,0,49500,2,-4,16,4,76257,0,0
8894,1.0,-4,0,0,0,4,2,3,4,2,1,4,-4,0,,0,2,0,-3,4,13,12,1,7914,0,0
8895,0.0,201508,2,0,0,2,4,3,5,4,3,-4,-4,0,,-4,1,0,-3,4,13,12,1,3354,0,0
8896,0.0,-4,0,0,0,4,2,2,4,4,2,-4,-4,1,0.0,-4,2,0,-3,4,-3,18,2,45597,0,0
8897,0.0,-4,0,1,1,5,2,3,4,4,2,4,-4,0,,15,2,0,25815,5,-3,13,4,94869,-5,-5
8898,0.0,-4,0,0,0,0,2,1,1,1,1,-4,-4,0,,-4,2,0,25815,5,14,12,4,2580,-5,-5
8899,1.0,-4,0,0,0,0,2,3,-2,1,1,2,-4,0,0.0,-4,2,0,128500,5,12,13,4,-4,0,0
8900,1.0,-4,0,1,0,3,2,3,3,2,2,2,-4,0,0.0,15,1,0,500,4,5,6,2,58962,0,-2
8901,0.0,200710,0,0,0,1,2,2,2,2,1,-4,-4,0,0.0,-4,1,0,160500,4,12,12,4,28721,0,0
8902,1.0,200303,0,0,0,2,2,4,4,5,2,-4,-4,1,0.0,-4,2,0,-3,5,-3,-3,4,31719,0,0
8903,1.0,-4,0,0,0,5,2,2,3,2,1,2,-4,0,0.0,20,1,0,-3,5,-3,-3,4,56356,0,0
8904,1.0,-4,0,3,0,3,2,1,4,5,3,-4,-4,0,,-4,2,0,110000,5,-3,12,4,55096,0,0
8905,0.0,199605,0,0,0,13,2,3,4,2,2,-4,-4,1,0.0,-4,2,0,-3,3,-4,12,1,56226,0,-4
8906,0.0,-4,0,1,0,16,1,2,1,1,1,1,-4,0,,0,2,1,500,5,8,10,2,2043,-5,-5
8907,1.0,199612,0,0,0,4,1,1,2,1,1,1,-4,1,0.0,0,1,0,83210,5,5,14,2,9272,0,0
8908,0.0,199304,0,0,0,1,2,2,3,2,1,-4,-4,0,0.0,-4,1,0,83210,5,5,14,2,19406,0,0
8909,1.0,-4,0,0,0,0,1,1,1,1,2,-4,-4,1,0.0,-4,1,0,83210,5,5,14,2,22891,0,0
8910,0.0,-4,0,0,0,4,2,2,5,3,2,4,-4,0,0.0,60,1,0,1700,5,9,12,2,19314,0,0
8911,0.0,-4,0,0,0,4,2,2,4,4,2,-4,-4,0,0.0,-4,1,0,1700,5,9,12,2,19506,0,0
8912,1.0,-4,0,0,0,1,1,1,1,1,1,-4,-4,0,,-4,2,0,-3,5,13,12,2,80751,-5,-5
8913,0.0,-4,0,0,0,5,2,3,3,2,2,3,-4,0,,10,1,0,-3,4,8,6,2,-4,0,0
8914,1.0,-4,0,0,0,3,2,3,4,3,2,2,-4,1,,0,1,0,600000,4,9,15,4,26004,-5,-5
8915,1.0,200709,0,0,0,4,2,2,1,1,1,-4,-4,0,0.0,-4,2,0,10750,8,9,12,1,33450,0,0
8916,0.0,201505,0,0,0,2,2,4,1,2,1,-4,-4,0,0.0,-4,2,0,10750,8,9,12,1,18989,0,0
8917,0.0,-4,0,0,0,1,1,3,1,1,1,-4,-4,0,0.0,-4,2,0,10750,8,9,12,1,13251,0,0
8918,0.0,-4,0,0,1,10,2,2,4,1,1,-4,-4,0,0.0,-4,1,0,5950,2,-4,-3,2,67986,0,0
8919,1.0,-4,0,0,0,0,2,2,1,1,1,-4,-4,0,0.0,-4,2,0,12350,5,12,12,1,56510,0,0
8920,0.0,-4,0,0,0,11,2,2,3,4,2,4,-4,0,0.0,-4,2,0,2950,11,-3,8,1,1145,0,0
8921,0.0,-4,0,1,2,0,3,2,1,1,1,4,-4,1,0.0,-4,1,-4,-4,6,12,12,1,29582,0,0
8922,0.0,200108,1,20,1,3,3,3,5,1,2,-4,-4,1,0.0,-4,2,-4,500,6,12,12,1,17842,0,0
8923,1.0,-4,0,0,0,7,2,2,3,3,2,2,-4,0,0.0,10,2,0,258500,4,19,12,4,79208,-5,-5
8924,1.0,-4,0,1,0,0,1,2,4,2,1,3,-4,1,0.0,50,2,0,68500,3,18,14,1,91972,0,0
8925,1.0,-4,0,0,0,0,1,1,2,3,1,-4,-4,0,0.0,-4,2,0,213300,5,16,16,4,50671,0,0
8926,1.0,-4,0,0,0,0,1,2,3,1,1,3,-4,0,0.0,5,2,0,600000,3,16,14,4,74878,0,0
8927,0.0,199606,0,0,0,11,3,4,4,5,2,4,-4,0,0.0,30,2,0,-45450,5,-3,12,4,16045,0,-2
8928,1.0,200208,0,0,0,6,2,3,2,3,1,4,-4,0,0.0,20,1,0,13700,4,12,12,1,36789,0,0
8929,1.0,-4,0,1,0,1,3,3,1,2,1,-4,-4,0,1.0,-4,2,0,13700,4,9,12,1,14537,0,0
8930,0.0,200306,1,0,0,0,2,2,-2,-2,-2,-4,-4,0,0.0,-4,1,0,500,4,10,12,2,-4,0,0
8931,0.0,199905,0,0,0,8,2,4,5,4,1,5,-4,0,,25,2,1,-3,3,9,9,4,39017,0,0
8932,1.0,199605,0,20,0,30,4,4,4,4,4,-4,-4,1,0.0,-4,1,0,23100,5,15,-3,1,41708,0,0
8933,0.0,199501,0,5,0,50,3,3,4,4,3,-4,-4,0,0.0,-4,1,0,23100,5,15,-3,1,44725,0,0
8934,1.0,-4,0,1,0,0,1,1,1,1,1,-4,-4,1,0.0,-4,1,0,114300,3,14,13,4,35225,0,0
8935,0.0,-4,0,0,0,2,3,3,1,3,2,-4,-4,0,0.0,-4,2,0,3750,2,-3,12,1,6870,0,0
8936,0.0,199604,0,0,0,5,2,3,5,5,2,5,-4,-3,,-3,2,0,-5000,7,-3,-3,1,1649,0,0
8937,0.0,199605,0,2,0,3,3,3,4,4,3,5,-4,-3,0.0,-3,2,0,-5000,7,12,11,1,10973,0,0
8938,0.0,-4,0,0,0,2,3,3,4,1,1,-4,-4,1,1.0,-4,2,0,38500,4,11,12,1,28902,0,0
8939,0.0,-4,0,0,0,1,2,3,1,1,1,-4,-4,0,0.0,-4,1,0,-3,3,-4,10,1,2541,0,-4
8940,0.0,-4,0,0,0,0,2,4,4,3,1,1,-4,0,,0,1,0,27250,4,12,15,1,16854,0,0
8941,1.0,-4,0,0,0,1,2,2,3,2,1,2,-4,0,0.0,0,2,0,-6750,4,12,11,1,32978,0,0
8942,0.0,199612,0,0,3,-2,2,3,5,1,1,-4,-4,1,,-4,1,0,-6750,4,12,11,1,2418,0,0
8943,0.0,199207,1,0,1,7,2,2,3,3,1,-4,-4,0,,-4,1,0,-6750,4,12,11,1,10499,0,0
8944,1.0,-4,0,0,0,4,3,3,1,3,1,4,-4,0,0.0,0,2,-4,-4,4,16,14,2,14884,0,0
8945,0.0,199912,0,0,0,4,2,2,2,2,1,1,-4,0,0.0,0,1,0,32500,5,12,14,4,-4,0,0
8946,0.0,200208,1,2,0,1,2,1,1,2,1,-4,-4,1,0.0,-4,2,-4,-4,6,-3,14,4,23788,0,-4
8947,1.0,-4,0,0,0,1,2,2,2,4,1,4,-4,0,0.0,0,2,0,161500,4,12,13,4,72828,0,0
8948,0.0,200505,2,0,0,10,2,2,1,1,1,1,-4,0,0.0,5,1,0,7400,5,12,18,4,11711,0,0
8949,1.0,-4,0,0,0,2,1,1,1,1,1,-4,-4,0,,-4,1,0,-3,4,17,17,4,93146,-5,-5
8950,1.0,-4,0,0,0,0,2,1,1,1,1,-4,-4,0,0.0,-4,2,0,9719,4,12,12,4,51931,0,1
8951,0.0,200508,0,0,0,3,2,2,1,4,3,-2,-4,0,,0,2,0,-3,6,-3,-3,1,28508,0,0
8952,0.0,201211,2,0,3,4,2,2,4,5,5,5,-4,0,,0,1,-4,-4,4,-3,12,1,10399,-5,-5
8953,0.0,199901,0,0,0,10,2,1,1,1,2,-4,-4,0,0.0,-4,2,0,3750,4,8,8,2,-4,0,0
8954,0.0,-4,0,0,0,30,3,4,5,5,5,5,-4,0,0.0,0,2,0,86500,5,2,3,2,2575,0,0
8955,0.0,199706,0,1,15,5,2,2,4,1,5,-4,-4,0,0.0,-4,1,0,86500,5,2,3,2,17790,0,0
8956,1.0,-4,0,3,2,4,3,1,4,4,3,3,-4,0,0.0,50,1,0,3500,6,13,13,2,49345,0,1
8957,1.0,-4,0,0,0,3,2,2,4,3,1,3,-4,0,0.0,5,1,0,73000,4,14,18,4,84276,0,1
8958,0.0,-4,0,0,0,0,1,1,1,1,1,1,-4,0,,0,1,-4,-4,4,18,16,4,-4,-5,-5
8959,0.0,200011,0,4,0,2,2,2,2,1,1,-4,-4,1,,-4,1,-4,-4,2,-4,16,2,-4,0,0
8960,1.0,200006,0,0,0,2,1,2,4,3,1,3,-4,0,,50,1,0,-3,4,-4,12,4,34193,-5,-5
8961,0.0,-4,0,0,0,2,2,3,3,2,1,2,-4,0,1.0,10,2,0,-3,6,16,14,4,90388,0,0
8962,1.0,200106,0,0,0,1,1,2,2,1,1,-4,-4,0,0.0,-4,2,0,-3,6,16,14,4,70094,0,0
8963,0.0,-4,0,0,1,4,3,3,1,1,1,-4,-4,0,0.0,-4,1,1,1750,4,9,11,1,7530,0,-2
8964,0.0,-4,0,0,0,3,2,2,5,3,1,5,-4,0,0.0,30,2,-4,-4,3,12,-3,1,-4,0,0
8965,1.0,-4,0,0,0,1,2,3,4,5,1,3,-4,0,0.0,0,1,-4,-4,4,12,12,4,-4,0,0
8966,1.0,-4,0,4,0,5,2,2,4,5,1,5,-4,1,0.0,10,2,-4,-4,4,12,12,4,-4,-5,-5
8967,0.0,200010,2,0,0,0,2,3,1,1,1,1,-4,0,,30,1,0,1550,4,3,1,2,-4,0,0
8968,0.0,199705,0,0,0,10,3,3,4,3,4,4,-4,0,0.0,10,2,-4,-4,5,-4,-4,4,21749,-5,-5
8969,0.0,-4,0,1,2,7,1,3,5,5,4,5,-4,1,1.0,100,2,0,22800,5,8,11,2,-4,0,-2
8970,0.0,-4,0,0,0,2,2,2,2,1,1,1,-4,0,0.0,0,1,0,-14250,3,12,14,4,7540,0,0
8971,0.0,199410,0,1,1,3,2,3,2,2,1,3,-4,0,0.0,50,1,0,-14250,3,12,14,4,13520,0,0
8972,0.0,-4,0,0,0,5,1,1,2,2,3,1,-4,0,,0,2,0,3770,4,-3,2,2,-4,0,0
8973,1.0,-4,0,3,0,5,2,2,4,3,2,-4,-4,1,0.0,-4,2,0,73500,4,11,12,2,11722,0,0
8974,1.0,-4,0,0,0,0,2,2,4,2,1,2,-4,0,0.0,-4,2,0,145300,3,12,14,4,-4,0,0
8975,1.0,-4,0,0,0,1,1,2,3,2,1,2,-4,0,0.0,15,2,0,442500,4,14,18,4,94494,0,0
8977,0.0,199909,0,0,0,0,2,3,5,4,2,3,-4,0,,25,1,0,138000,5,12,14,4,-4,0,0
8978,1.0,-4,0,0,0,0,2,2,1,2,1,1,-4,0,0.0,-4,1,0,75700,4,12,14,4,87167,0,0
8979,1.0,-4,0,0,0,-2,1,2,1,2,1,-4,-4,0,0.0,-4,1,0,75700,4,12,14,4,67413,0,0
8980,0.0,200202,1,2,0,6,2,4,4,3,1,3,-4,0,0.0,0,2,0,15700,6,12,12,4,26461,1,0
8981,0.0,-4,0,2,1,3,2,2,5,3,1,3,-4,0,,5,2,1,15700,6,-4,-3,4,6330,0,0
8982,0.0,-4,0,0,0,1,2,2,1,1,1,1,-4,0,0.0,10,1,0,59500,4,13,15,4,68444,0,0
8983,1.0,-4,0,0,0,0,3,1,3,3,2,1,-4,0,0.0,0,1,0,-3,8,14,16,2,51588,-5,-5
8984,1.0,-4,0,0,0,1,2,2,2,1,1,1,-4,0,0.0,10,1,0,-3,8,14,16,2,20002,-5,-5
8985,0.0,200911,0,1,0,3,2,2,3,1,2,-4,-4,0,0.0,-4,1,-4,-4,3,14,13,2,60279,0,0
8986,1.0,-4,0,0,0,7,2,2,1,2,1,2,-4,0,0.0,20,1,-4,-4,6,-4,12,4,84490,0,0
8987,1.0,-4,0,0,0,3,1,2,2,1,1,-4,-4,1,0.0,-4,2,-4,-4,6,-4,12,4,73695,0,0
8988,0.0,200604,1,0,3,8,2,4,3,2,2,3,-4,0,0.0,0,2,1,500,6,16,9,1,9271,0,0
8989,0.0,200108,1,0,0,2,2,1,5,2,1,3,-4,0,1.0,0,2,1,500,6,16,9,1,6468,0,1
8990,0.0,199604,0,0,2,0,2,2,1,1,1,-4,-4,0,0.0,-4,1,0,500,6,16,9,1,2135,0,1
8991,1.0,-4,0,0,0,3,2,3,2,2,1,3,-4,1,0.0,-4,2,0,556000,4,16,16,4,94579,0,0
8992,1.0,-4,0,1,1,2,2,3,3,3,1,2,-4,0,,15,1,-4,-4,3,18,18,4,93708,0,0
8993,1.0,-4,0,0,0,5,2,1,3,1,1,4,-4,0,,0,2,0,97500,4,12,11,2,71032,-5,-5
8994,0.0,-4,0,-4,-4,-4,2,2,3,4,3,3,-4,0,0.0,0,2,1,50001,8,11,11,1,4748,0,0
8995,0.0,199608,1,3,1,5,2,2,4,1,1,4,-4,0,0.0,0,1,1,50001,8,11,11,1,5398,0,0
8996,0.0,200003,1,1,1,3,2,3,2,1,2,-4,-4,1,0.0,-4,1,0,50001,8,11,11,1,6856,0,-2
8997,0.0,199910,0,0,1,9,3,4,3,4,2,-4,-4,1,0.0,-4,2,1,50001,8,-3,11,1,21594,0,-2
8998,0.0,-4,0,0,4,10,2,2,4,2,2,-4,-4,0,,-4,2,0,75001,5,12,12,1,-4,-5,-5
8999,1.0,199205,0,0,0,2,2,2,4,4,5,5,-4,1,0.0,10,1,0,16000,10,12,15,1,38179,0,0
9000,0.0,-4,0,0,0,0,3,2,2,1,2,2,-4,1,0.0,0,1,0,16000,10,12,15,1,9423,0,0
9001,1.0,-4,0,0,0,-2,2,2,2,2,2,-4,-4,0,0.0,-4,2,0,16000,10,12,15,1,14116,0,0
9002,1.0,199803,0,1,0,3,3,2,5,4,2,-4,-4,1,0.0,-4,2,-2,16000,10,-3,-3,1,33470,0,0
9003,1.0,-4,0,0,0,1,2,2,3,4,3,5,-4,1,1.0,10,2,0,164000,4,16,18,1,46657,0,0
9004,0.0,199505,1,0,1,2,2,2,5,2,5,2,-4,0,0.0,0,2,-4,-4,6,-3,11,1,-4,0,1
9005,0.0,200408,0,0,0,1,1,1,3,3,3,2,-4,0,0.0,0,1,0,-3,3,11,12,1,15283,0,0
9006,1.0,-4,0,0,0,0,1,3,2,2,2,3,-4,0,0.0,5,1,0,19500,6,11,12,1,28236,0,-2
9007,0.0,199808,1,0,0,0,1,4,5,1,1,-4,-4,0,0.0,-4,1,0,-3,5,-3,6,1,-4,0,1
9008,1.0,-4,0,0,0,7,2,3,1,1,1,-4,-4,1,0.0,-4,2,0,82000,3,-4,12,1,83385,0,0
9009,1.0,199802,0,0,0,2,2,3,2,1,2,3,-4,1,0.0,35,1,0,72500,2,-3,12,4,71393,0,0
9010,0.0,200010,1,0,0,2,3,3,4,3,1,3,-4,1,0.0,0,1,0,115000,6,-3,10,4,61144,0,0
9011,0.0,-4,0,2,0,3,1,2,5,4,2,-4,-4,0,0.0,-4,2,0,115000,6,-3,10,4,64340,0,0
9012,1.0,-4,0,0,0,0,1,1,1,1,1,-4,-4,0,0.0,-4,2,0,115000,6,-4,-3,1,54225,0,0
9013,0.0,200709,0,0,0,9,2,3,4,3,1,3,-4,1,0.0,-4,1,0,17940,8,-3,11,1,-4,0,0
9014,0.0,-4,0,0,0,25,2,3,4,1,1,-4,-4,0,0.0,-4,2,0,17940,8,-3,11,1,-4,0,0
9015,1.0,-4,0,0,0,8,2,2,1,2,1,3,-4,1,0.0,10,2,0,54800,4,12,12,1,85517,0,0
9016,1.0,-4,0,0,0,1,2,1,1,1,3,-4,-4,0,0.0,-4,2,0,27406,4,14,15,1,18599,0,0
9017,0.0,-4,0,1,0,5,3,4,2,3,1,-4,-4,1,0.0,-4,1,0,217501,5,13,12,4,56691,-5,-5
9018,0.0,200411,0,-4,-4,-4,2,2,5,4,3,5,-4,0,1.0,50,2,-4,-4,4,-4,13,4,12716,0,0
9019,0.0,-4,0,1,2,3,1,1,1,1,1,-4,-4,0,0.0,-4,1,1,1750,4,13,11,2,27785,0,0
9020,1.0,200905,0,0,0,3,2,3,2,2,1,2,-4,0,0.0,0,1,0,236000,3,18,15,4,96478,0,0
9021,1.0,199703,0,0,0,20,4,4,4,5,1,3,-4,0,1.0,50,1,0,-3150,4,-3,14,4,61580,0,0
9022,1.0,-4,0,2,0,22,4,4,4,5,1,5,-4,0,1.0,-4,2,0,-3150,4,-3,14,4,71549,0,0
