respondent_id,timely_college,violent_victimization_18_24,earliest_arrest_before_18,total_number_of_incarcerations,r_threatened_to_be_hurt_at_school,r_in_a_fight_at_school,days_r_absent_from_school,teachers_good,discipline_is_fair_agree_disagree,percent_of_peers_who_smoke,percent_of_peers_who_get_drunk_1_times_a_month,percent_of_peers_belong_to_a_gang,percent_of_peers_who_have_had_sex,bullying_victim_before_age_12,r_victim_of_bullying_12_18_years,sex,r_ever_live_through_hard_times,household_net_worth,household_size,biological_father_education,biological_mother_education,race_ethnicity,asvab_math_verbal_score_percent,mother_serve_prison_sentence,father_serve_prison_sentence
1,0.0,0,0,0,0,0,2,1,2,5,4,1,3,0,0.0,2,0,-3,6,16,8,White,45.07,0,0
2,1.0,0,0,0,0,0,3,2,1,1,4,1,-4,1,0.0,1,-4,-4,4,17,15,Hispanic,58.483,0,0
3,0.0,0,0,0,0,0,1,2,2,4,2,1,-4,1,0.0,2,0,10200,2,-3,12,Hispanic,27.978,0,0
4,1.0,0,0,0,0,0,4,2,2,5,5,4,4,0,0.0,2,0,-1500,2,12,12,Hispanic,37.012,0,0
5,0.0,1,0,0,0,3,3,2,3,3,1,2,1,0,0.0,1,0,-3,4,12,12,Hispanic,-0.004,0,0
6,1.0,0,0,0,0,0,21,2,2,5,3,3,5,0,0.0,2,0,7500,5,-3,12,Hispanic,22.001,0,0
7,0.0,0,1,0,0,0,17,2,2,5,2,1,-4,0,,1,0,7500,5,-3,12,Hispanic,3.585,-5,-5
8,1.0,0,0,0,0,0,0,1,1,2,1,-2,-2,0,0.0,2,0,-3,5,6,12,White,-0.004,-5,-5
9,0.0,0,0,0,0,0,5,1,2,2,3,1,-2,0,0.0,1,0,-3,5,6,12,White,-0.004,0,0
10,1.0,0,0,0,0,0,3,1,2,1,1,1,-4,0,0.0,1,0,-3,5,6,12,White,-0.004,-5,-5
11,1.0,0,0,0,0,0,3,2,3,5,4,2,3,0,0.0,2,0,17500,3,12,14,Hispanic,30.583,0,0
12,1.0,0,0,0,0,0,-2,2,2,3,2,3,3,1,0.0,1,0,17500,4,-3,12,Hispanic,-0.004,0,0
13,0.0,0,0,0,0,0,0,2,2,1,-2,1,-4,0,0.0,1,-4,-4,4,-3,6,Hispanic,67.533,0,-2
14,0.0,,0,0,0,1,1,2,2,1,1,1,2,0,,1,0,17500,4,12,12,Hispanic,-0.004,-5,-5
15,1.0,0,0,0,0,0,1,2,2,3,1,1,-4,0,0.0,2,-4,-4,4,13,12,Hispanic,26.024,-5,-5
16,1.0,0,0,0,2,4,6,2,3,3,2,4,2,1,0.0,1,0,17500,2,10,11,Hispanic,44.451,0,0
17,0.0,,0,0,0,0,-2,2,3,3,-2,-2,3,0,,2,0,7500,8,-3,14,Hispanic,30.811,-5,-5
18,0.0,0,1,0,0,20,26,3,3,4,5,4,5,0,,1,0,3750,6,10,15,Black,9.339,0,0
19,0.0,0,0,1,12,1,10,4,2,5,1,1,-4,1,0.0,1,0,3750,6,10,15,Black,8.334,-5,-5
20,0.0,0,0,0,0,0,14,1,2,3,4,1,3,1,,1,0,3750,4,10,11,Black,11.025,-5,-5
21,1.0,0,0,0,0,1,16,2,2,2,3,2,-4,0,0.0,1,0,7500,4,11,13,Hispanic,3.505,0,0
22,1.0,0,0,0,2,50,0,4,2,5,3,3,-4,0,0.0,1,0,7500,2,12,11,Hispanic,10.443,0,0
23,1.0,1,0,0,0,0,-2,2,2,5,3,4,-4,0,0.0,2,0,7500,4,10,10,Hispanic,6.423,0,1
24,0.0,0,1,1,0,4,40,2,2,3,1,2,-4,1,1.0,1,0,7500,6,5,7,Hispanic,6.12,0,0
25,0.0,0,0,0,0,0,-2,2,2,5,-2,3,-4,0,0.0,2,0,7500,5,12,12,Hispanic,5.403,0,0
26,0.0,0,0,0,0,2,0,2,2,4,5,1,5,0,0.0,1,0,7500,4,-3,12,Black,12.866,0,1
27,0.0,0,1,0,0,0,-2,2,2,5,5,4,5,-3,0.0,1,0,7500,6,8,10,Black,9.161,0,-4
28,0.0,0,0,0,0,0,0,1,2,1,1,1,-4,0,0.0,2,0,7500,4,12,12,Black,17.058,0,0
29,0.0,,0,0,0,0,0,2,2,3,2,-2,-4,0,,2,0,3750,4,-3,-3,White,-0.004,-5,-5
30,,,0,0,0,0,-2,2,2,3,-2,-2,-2,-3,,1,0,-3,4,-3,-3,White,36.755,-5,-5
31,1.0,0,0,0,2,0,2,2,2,3,1,1,-4,0,0.0,1,-4,-4,5,12,12,Asian,62.806,0,0
32,1.0,0,0,0,0,0,5,1,2,3,1,1,3,0,,2,-4,-4,4,16,16,White,39.949,0,0
33,0.0,0,0,0,0,0,2,2,2,4,3,1,3,0,0.0,2,0,259500,5,16,14,White,96.655,0,0
34,0.0,0,0,0,0,0,3,1,1,1,1,1,-4,0,0.0,2,0,17500,4,9,16,White,35.107,0,0
35,1.0,0,0,0,0,0,0,1,2,-2,1,-2,-4,-3,0.0,1,-4,-4,4,-3,-3,Asian,59.27,0,0
36,0.0,0,0,0,0,0,23,3,3,4,3,1,3,0,0.0,2,0,66000,4,16,15,White,52.192,0,0
37,0.0,0,0,0,0,0,2,2,2,2,2,2,2,0,0.0,2,0,3000,4,11,-3,White,82.912,0,0
38,1.0,0,0,0,0,0,2,2,2,3,2,-2,-2,0,0.0,2,0,3000,4,11,-3,White,68.753,0,0
39,1.0,0,0,0,2,0,1,3,2,3,2,1,3,1,1.0,1,0,-3,4,-3,-3,Hispanic,45.9,0,0
40,1.0,0,0,0,0,0,4,4,4,1,1,1,-4,0,,2,-4,-4,5,12,12,Asian,-0.004,-5,-5
41,1.0,0,0,0,0,0,1,1,1,1,1,1,-4,0,0.0,2,-4,-4,11,12,12,Asian,88.652,0,0
42,1.0,0,0,0,0,0,0,2,1,1,1,1,-4,0,0.0,1,-4,-4,5,-3,-3,Asian,44.217,-5,-5
43,0.0,0,0,0,0,0,1,2,4,4,1,1,2,0,,2,0,7500,4,-4,-3,Black,22.965,0,0
44,1.0,0,0,0,0,2,10,1,1,4,3,2,-2,0,0.0,1,0,41250,5,-3,-3,Hispanic,25.325,0,0
45,0.0,0,0,0,0,0,0,4,4,3,1,4,-4,0,0.0,2,0,500,7,-4,8,Black,-0.004,0,0
46,0.0,0,1,3,0,0,0,3,4,3,3,-2,-4,0,0.0,1,0,500,7,-4,8,Black,-0.004,0,0
47,1.0,1,0,0,0,0,10,2,2,4,2,2,-4,0,0.0,2,0,1750,3,-4,11,Black,46.475,-2,-2
48,1.0,0,0,0,1,0,3,2,1,3,1,3,-4,0,0.0,2,0,1750,3,-4,11,Black,63.769,1,-4
49,0.0,1,0,0,0,0,0,2,1,3,3,3,-4,0,0.0,2,0,-3,3,-3,12,Black,79.413,0,0
50,0.0,0,0,0,1,0,0,4,2,3,3,3,-4,0,0.0,2,0,3750,3,-4,12,Black,-0.004,0,0
51,1.0,0,0,0,0,0,2,2,2,-2,-2,1,-2,0,0.0,1,0,3750,5,-4,12,Black,51.057,0,0
52,1.0,0,0,0,0,0,0,2,-2,-2,-2,-2,-4,0,0.0,1,0,3750,5,-4,12,Black,29.824,0,0
53,0.0,0,0,0,0,0,6,1,4,1,-2,-2,-4,0,0.0,2,0,7500,4,12,12,Black,47.134,0,0
54,0.0,0,0,0,0,0,2,2,3,1,1,2,-4,0,0.0,2,0,-3,5,-4,14,Black,58.541,0,0
55,1.0,0,0,0,0,0,20,1,1,3,1,1,2,0,0.0,2,0,3500,8,12,10,Hispanic,53.241,0,0
56,1.0,0,0,0,0,0,7,2,2,3,3,2,3,1,0.0,2,0,488850,4,16,18,White,96.703,0,0
57,0.0,0,0,0,0,0,1,1,1,1,1,-2,-2,0,0.0,1,0,-3,5,12,12,Black,-0.004,0,0
58,1.0,0,0,0,0,0,1,1,1,1,1,2,-4,0,0.0,1,0,-1750,4,12,12,Black,15.235,0,0
59,1.0,0,0,0,1,0,5,2,2,1,1,1,3,1,1.0,2,0,73500,3,-4,16,Black,56.429,0,-4
60,1.0,0,0,0,0,0,1,2,1,1,1,1,-4,0,0.0,1,0,19500,5,-4,14,Other,1.355,-5,-5
61,1.0,0,0,0,0,0,0,4,2,4,2,1,-4,0,1.0,2,0,37000,4,12,12,Black,44.495,0,0
62,1.0,0,0,0,0,0,0,1,1,2,1,1,1,0,0.0,1,0,158500,4,14,14,Black,73.429,0,0
63,0.0,0,0,0,1,0,3,2,2,4,1,1,-4,1,1.0,2,0,158500,4,14,14,Black,52.921,0,0
64,1.0,0,1,0,0,0,1,3,2,4,3,4,2,0,0.0,1,-4,-4,3,12,15,Black,34.197,-5,-5
65,1.0,0,0,0,0,1,0,2,2,3,1,1,-4,0,0.0,1,0,50751,8,-3,95,Black,27.471,-5,-5
66,1.0,0,0,0,0,0,0,1,1,3,1,1,3,0,0.0,1,0,413500,7,12,-3,Black,-0.004,-5,-5
67,0.0,0,0,0,0,0,2,2,3,3,1,2,4,0,0.0,1,0,413500,7,12,18,Black,-0.004,0,0
68,1.0,1,0,0,5,0,0,1,3,3,1,1,1,1,0.0,1,0,413500,7,12,-4,Black,-0.004,0,0
69,1.0,0,0,0,1,0,2,2,2,2,1,1,4,1,0.0,2,0,-3,5,12,16,Black,81.315,-5,-5
70,1.0,0,0,0,0,0,2,2,2,2,2,1,-4,0,0.0,1,0,-3,5,12,16,Black,56.708,0,0
71,0.0,0,0,0,0,0,0,2,4,3,1,1,2,1,0.0,1,0,18800,2,14,14,Black,-0.004,-5,-5
72,0.0,0,0,0,0,0,3,2,2,2,2,1,-4,1,1.0,2,-4,-4,5,12,11,Black,-0.004,-5,-5
73,0.0,0,1,0,5,0,2,3,2,1,1,2,-4,1,0.0,1,-4,-4,5,12,11,Black,-0.004,-5,-5
74,1.0,0,0,0,0,0,0,1,1,1,1,1,-4,0,0.0,1,0,-3,4,-3,-3,White,-0.004,0,0
75,1.0,0,0,0,0,0,0,2,2,2,1,1,1,1,0.0,1,-4,-4,3,8,-3,Asian,7.556,0,0
76,0.0,0,0,0,0,0,2,1,2,-2,2,-2,-2,1,0.0,1,-4,-4,3,8,-3,Asian,34.058,-5,-5
77,0.0,0,0,0,0,0,8,1,1,1,1,1,-4,0,0.0,2,0,3750,4,12,12,Hispanic,-0.004,-5,-5
78,0.0,0,0,0,0,0,-2,2,2,3,-2,-2,-2,0,0.0,2,0,-3,2,-4,-3,White,29.032,0,0
79,0.0,0,1,0,2,2,7,1,1,1,1,2,-4,0,0.0,1,1,-3,4,14,11,Hispanic,10.563,0,0
80,0.0,0,0,0,0,0,10,1,1,2,-2,-2,-2,0,0.0,1,0,-3,4,14,12,Black,11.014,0,0
81,0.0,0,0,0,0,4,2,3,2,4,5,5,-4,1,0.0,2,0,500,4,12,12,Black,2.39,0,0
82,1.0,0,0,0,0,2,-2,2,2,1,1,1,-4,0,0.0,1,0,-3,5,-4,-3,Hispanic,69.94,0,-4
83,1.0,0,0,0,0,0,-2,2,2,-2,-2,1,-2,0,0.0,1,0,3750,5,12,6,Hispanic,8.011,0,0
84,0.0,0,0,0,0,0,2,3,2,2,-2,-2,-4,0,0.0,2,0,3750,5,12,6,Hispanic,42.129,0,0
85,0.0,1,0,1,1,2,5,2,3,1,1,1,-4,0,0.0,1,0,8000,4,12,12,White,70.113,0,-2
86,1.0,0,0,0,2,0,18,3,4,4,3,1,1,1,0.0,2,0,12240,9,12,12,White,13.722,0,0
87,1.0,0,0,0,0,0,5,2,4,1,1,1,-4,0,0.0,1,0,15750,4,14,12,Hispanic,75.575,-5,-5
88,0.0,0,0,0,0,2,6,2,2,3,3,2,2,-3,0.0,1,-4,-4,5,12,12,White,5.929,0,0
89,0.0,0,0,0,0,0,4,1,1,4,-2,-2,-2,0,0.0,1,-4,-4,8,6,6,White,78.892,0,0
90,0.0,0,1,0,1,0,0,2,1,5,-2,-2,-2,0,0.0,1,0,-3,4,12,16,Hispanic,-0.004,0,0
91,1.0,0,0,0,0,0,5,2,1,5,1,1,-4,0,0.0,2,0,-3,4,12,16,Hispanic,-0.004,0,0
92,0.0,0,0,0,-2,0,10,2,3,-2,-2,-2,-4,1,1.0,1,0,3000,4,12,10,Other,4.355,0,0
93,0.0,0,0,0,0,0,2,2,2,1,2,1,-4,0,,1,0,-3,4,12,8,Hispanic,5.351,-5,-5
94,0.0,0,0,0,0,0,5,2,1,2,2,1,3,1,0.0,2,0,-3,2,12,10,Black,79.941,0,-4
95,0.0,0,0,0,0,0,1,1,1,1,1,1,-4,0,,1,0,1750,4,8,8,Hispanic,27.977,-5,-5
96,1.0,0,0,0,0,0,2,1,1,3,2,1,-4,0,,1,0,17500,4,14,12,Asian,-0.004,-5,-5
97,1.0,0,0,0,0,1,1,2,2,3,2,2,3,0,0.0,1,0,12000,4,12,12,Hispanic,58.177,0,0
98,1.0,0,0,0,0,0,0,2,2,1,1,1,-2,-3,,1,-4,-4,4,-3,-3,Asian,44.306,-5,-5
99,0.0,0,0,0,0,0,4,1,1,-2,1,3,-4,0,0.0,1,-2,3750,7,-4,8,Hispanic,-0.004,-5,-5
100,0.0,1,0,0,0,1,6,1,2,4,2,2,2,0,0.0,2,0,-8500,2,-3,10,Black,10.086,0,0
101,0.0,0,0,0,0,0,9,4,2,5,3,2,3,0,0.0,2,0,-3,6,-4,6,Black,-0.004,0,0
102,1.0,0,0,0,0,0,10,2,3,4,3,1,-4,1,,2,0,190001,5,12,12,Hispanic,35.316,-5,-5
103,1.0,0,0,0,0,0,0,2,2,3,1,1,-4,0,,2,0,190001,5,12,12,Hispanic,66.575,-5,-5
104,0.0,0,0,0,0,0,4,2,3,4,4,1,2,0,0.0,2,0,258500,6,16,13,White,58.482,0,0
105,1.0,0,0,0,0,0,4,2,2,1,1,1,-4,0,0.0,1,0,258500,6,16,13,White,74.883,0,0
106,1.0,0,0,0,0,1,4,3,2,3,4,2,2,0,,1,0,382500,4,12,16,White,34.516,-5,-5
107,1.0,0,0,0,0,0,5,1,2,5,5,2,-4,0,0.0,2,0,559500,6,19,16,White,94.837,0,0
108,0.0,0,0,0,0,0,5,2,1,1,1,1,-4,0,0.0,1,0,559500,6,19,16,White,83.765,0,0
109,1.0,0,0,0,0,0,3,2,1,1,1,1,-4,0,0.0,2,0,453750,6,12,12,White,90.866,0,0
110,1.0,0,0,0,0,0,2,1,1,1,1,1,-4,0,0.0,2,0,453750,6,12,12,White,43.864,0,0
111,1.0,0,0,0,0,0,0,1,2,4,4,1,3,0,0.0,2,0,105500,5,-4,-4,White,82.318,0,0
112,1.0,0,0,0,0,0,4,2,1,2,1,1,-4,0,0.0,2,-4,-4,4,12,12,White,57.727,-5,-5
113,1.0,0,1,0,0,0,2,1,2,3,4,1,-4,0,0.0,1,0,2750,5,12,15,White,76.838,0,0
114,0.0,0,0,0,0,0,1,2,3,4,3,1,-4,1,0.0,2,0,102200,3,13,12,White,65.345,0,0
115,0.0,0,1,0,0,0,1,2,3,5,5,3,-4,0,0.0,2,0,-3,3,12,12,Hispanic,53.132,-5,-5
116,0.0,0,0,0,0,0,2,2,2,2,1,2,-4,0,,1,0,26250,4,12,12,Black,-0.004,0,0
117,1.0,0,0,0,0,2,3,2,2,2,1,2,-4,0,,1,0,26250,4,12,12,Black,-0.004,0,0
118,1.0,0,0,0,0,0,2,2,2,3,5,1,3,0,,1,0,-3,4,16,12,White,-0.004,-5,-5
119,0.0,0,0,0,0,0,0,2,2,3,1,1,-4,0,,1,0,-3,4,12,15,White,33.091,0,0
120,1.0,0,0,0,0,1,3,1,4,4,2,1,-4,1,,1,-4,-4,3,17,16,White,-0.004,0,0
121,1.0,0,0,0,0,0,0,2,2,2,1,1,1,0,0.0,1,0,155450,4,14,14,White,80.701,0,0
122,0.0,0,0,0,0,0,0,1,2,1,1,1,-4,0,0.0,1,0,155450,4,14,14,White,59.605,0,0
123,,,0,0,1,0,3,2,4,3,4,1,2,0,,1,-4,-4,4,12,15,White,-0.004,-5,-5
124,,,0,0,0,0,4,2,2,3,1,1,-4,0,,1,-4,-4,4,12,15,White,-0.004,-5,-5
125,1.0,,0,0,0,0,0,2,2,1,1,1,-4,0,,2,0,-3,5,18,16,White,67.045,-5,-5
126,0.0,0,1,0,0,0,4,3,2,4,3,1,3,0,0.0,1,-4,-4,5,-4,12,White,35.303,0,0
127,1.0,0,0,0,1,0,4,2,2,3,2,1,3,0,0.0,2,-4,-4,4,16,16,White,58.706,0,0
128,1.0,0,0,0,0,0,6,2,2,4,4,2,-4,0,0.0,2,0,175500,3,18,16,White,71.624,0,0
129,1.0,0,0,0,0,0,1,1,2,3,1,1,1,0,0.0,2,-4,-4,4,17,-4,Asian,61.979,-5,-5
130,1.0,0,0,0,0,0,1,2,2,4,2,1,-2,0,,2,-4,-4,4,17,-4,Asian,39.653,-5,-5
131,0.0,,0,0,0,0,5,1,1,3,2,1,1,0,,1,0,470750,3,16,16,White,98.342,-5,-5
132,1.0,0,0,0,0,0,2,2,2,3,3,1,-4,0,,1,0,-3,4,16,16,White,89.334,-5,-5
133,0.0,0,0,0,0,0,3,1,2,3,2,1,-4,1,,1,0,68500,4,16,16,White,83.789,0,0
134,1.0,0,0,0,15,0,3,2,2,1,1,1,-4,1,0.0,1,-4,-4,5,16,14,White,-0.004,-5,-5
135,1.0,0,0,0,0,0,3,3,2,4,3,1,4,0,,1,0,87500,2,15,18,White,94.833,-5,-5
136,1.0,0,0,0,0,0,10,2,2,3,1,1,-4,0,,2,0,-3,5,14,18,White,89.028,-5,-5
137,0.0,0,0,0,-4,-4,-4,3,4,5,4,3,4,1,1.0,2,1,500,2,-4,12,White,63.329,0,0
138,1.0,0,0,0,0,0,10,1,2,1,1,1,-4,0,0.0,1,0,600000,5,18,16,White,60.424,0,0
139,1.0,0,0,0,0,0,4,1,1,1,1,1,-4,0,,2,0,600000,4,16,18,White,98.914,-5,-5
140,0.0,0,0,0,0,0,5,2,1,1,1,1,-4,0,,1,0,35500,5,14,12,Hispanic,79.409,-5,-5
141,1.0,,0,0,1,1,8,2,3,4,5,2,4,0,,2,0,4050,4,9,12,White,50.052,-5,-5
142,1.0,0,0,0,0,0,3,2,2,4,2,2,-2,0,,2,0,8000,5,14,10,White,55.54,0,0
143,0.0,0,0,0,0,0,5,2,4,1,1,1,4,0,0.0,1,0,84299,5,14,12,Black,42.098,0,0
144,1.0,0,0,0,5,0,0,2,3,5,4,5,-4,1,0.0,1,0,131750,5,12,16,Black,62.219,0,-2
145,1.0,0,0,0,0,0,3,2,2,2,2,1,-4,0,0.0,1,0,131750,5,12,16,Black,39.585,0,0
146,0.0,0,0,0,0,0,2,1,2,1,1,2,-4,0,0.0,1,0,150,4,12,12,Black,18.371,0,0
147,1.0,,0,0,0,0,6,1,2,1,1,1,-4,0,0.0,2,0,-3,3,13,12,White,42.348,0,1
148,0.0,0,0,0,0,0,6,4,3,3,5,2,-4,0,0.0,2,0,-15750,5,12,6,Black,-0.004,0,0
149,1.0,0,0,0,1,0,10,2,4,2,1,3,-4,0,0.0,2,0,3750,5,11,11,Black,5.071,0,0
150,1.0,1,0,1,1,0,1,2,1,1,1,1,-4,0,0.0,1,0,3750,5,-3,11,Black,12.233,0,-4
151,0.0,0,0,0,0,1,2,3,2,5,5,3,5,0,,2,1,-3,5,11,11,Black,19.749,0,0
152,0.0,0,1,0,0,1,6,2,1,1,1,3,4,0,,1,-4,-4,5,14,12,Black,27.157,0,0
153,0.0,0,0,0,2,4,15,2,2,4,3,1,5,0,0.0,2,0,1750,5,13,10,Black,10.825,0,0
154,1.0,,0,0,0,0,5,2,1,3,3,1,3,0,,1,0,125500,4,20,19,White,97.902,-5,-5
155,1.0,0,0,0,0,0,5,2,1,3,2,1,2,0,0.0,1,0,-3,4,18,14,Asian,99.595,0,0
156,0.0,0,1,0,0,0,5,2,1,3,2,1,-4,1,0.0,1,0,-3,4,18,14,Asian,92.692,0,0
157,1.0,0,0,0,0,0,3,1,2,3,3,1,3,1,0.0,2,0,34500,4,12,12,Hispanic,-0.004,0,0
158,0.0,0,0,0,0,0,0,2,1,1,1,2,-4,0,0.0,1,0,56000,5,-3,16,Hispanic,79.949,0,0
159,1.0,0,0,0,-4,-4,-4,2,2,1,4,1,2,0,0.0,2,0,8200,5,10,12,Hispanic,3.049,0,0
160,0.0,0,0,0,0,2,40,2,1,5,4,2,5,0,0.0,2,1,3750,5,10,9,Hispanic,5.463,0,0
161,0.0,0,1,1,0,2,5,3,3,3,3,3,3,0,0.0,1,1,3750,5,10,9,Hispanic,4.251,0,1
162,1.0,1,0,0,0,0,3,2,3,4,3,2,4,0,,2,0,-3,5,-4,-3,Black,-0.004,0,1
163,0.0,0,1,1,0,0,2,1,3,3,4,3,5,0,1.0,1,0,-3,5,-4,-3,Black,-0.004,0,1
164,0.0,0,1,0,0,0,24,2,2,3,3,1,3,0,0.0,2,0,14250,5,12,12,White,50.169,0,0
165,1.0,0,0,0,0,0,2,2,2,3,3,1,3,0,0.0,1,-4,-4,5,12,13,White,40.421,0,0
166,1.0,0,0,0,0,0,6,2,2,3,3,1,-4,0,0.0,2,-4,-4,5,12,13,White,83.128,0,0
167,0.0,0,0,0,1,4,0,1,2,1,-2,1,-4,0,0.0,1,0,-3,4,12,8,Hispanic,-0.004,0,0
168,0.0,0,0,0,0,0,1,2,2,3,1,2,1,1,,1,0,-3,5,12,13,Hispanic,31.337,-5,-5
169,0.0,0,0,3,0,0,7,1,1,2,1,1,-4,0,0.0,2,0,3250,5,20,12,White,75.582,0,0
170,1.0,0,0,0,0,0,4,1,1,2,1,1,-4,0,0.0,2,0,3250,5,20,12,White,61.533,0,0
171,1.0,0,0,0,0,0,3,1,1,2,1,1,-4,0,0.0,2,0,38500,4,11,12,Hispanic,87.967,0,0
172,1.0,,0,0,0,0,7,2,1,1,1,1,-4,0,,1,0,535501,3,18,16,White,98.687,-5,-5
173,1.0,,0,0,0,0,14,2,2,3,2,1,3,0,,2,0,-3,5,18,16,White,-0.004,-5,-5
174,1.0,,0,0,0,0,8,2,2,1,1,1,-4,1,,1,0,-3,5,18,16,White,-0.004,-5,-5
175,0.0,0,0,0,0,0,2,1,3,4,2,1,2,0,0.0,2,0,-3,4,18,16,White,95.637,-5,-5
176,0.0,0,0,0,0,0,3,2,1,4,1,-2,-4,0,0.0,1,0,535001,7,18,13,White,90.292,0,0
177,1.0,0,0,0,0,0,3,2,2,4,3,1,3,0,0.0,2,0,160950,4,12,16,White,46.304,0,0
178,1.0,0,0,0,0,0,1,1,2,2,1,1,2,0,,2,0,288000,5,18,12,White,87.198,0,0
179,0.0,,0,0,0,0,0,2,2,2,2,1,2,0,,2,0,288000,5,18,12,White,-0.004,-5,-5
180,1.0,0,0,0,0,0,3,1,2,1,1,1,-4,0,,1,0,288000,5,18,12,White,95.254,0,0
181,1.0,0,0,0,0,0,4,2,2,2,1,1,-4,0,0.0,2,0,-3,4,20,18,White,100.0,0,0
182,1.0,0,0,0,0,0,3,1,2,1,1,1,-4,0,0.0,2,0,-3,4,20,18,White,98.196,0,0
183,1.0,0,0,0,0,0,2,2,2,4,2,1,3,0,0.0,2,0,-3,4,20,16,White,81.282,0,0
184,0.0,0,0,0,0,0,0,2,2,2,1,1,-4,0,0.0,1,0,293800,4,16,14,White,79.429,-5,-5
185,0.0,0,1,2,0,1,4,2,4,4,4,1,5,0,0.0,1,0,-2332,4,12,12,Black,7.81,0,0
186,0.0,0,0,0,0,0,1,2,3,4,2,1,-4,0,0.0,2,-4,-4,4,-3,-3,White,-0.004,-5,-5
187,1.0,0,0,0,0,1,0,2,1,4,1,1,-4,0,0.0,1,0,-3,6,14,12,Hispanic,85.828,0,0
188,1.0,0,0,0,0,0,2,2,2,4,5,1,5,1,,2,0,19500,2,12,12,White,42.443,0,0
189,1.0,0,0,0,0,0,0,2,2,2,1,1,-4,0,,2,-4,-4,5,-4,12,White,-0.004,-5,-5
190,0.0,0,1,0,0,0,4,2,2,4,1,1,-4,0,,1,0,308001,4,12,16,White,82.474,0,0
191,0.0,0,1,0,1,0,1,2,2,3,2,2,-4,1,1.0,1,0,326000,3,-4,-4,White,74.248,0,-4
192,0.0,0,0,0,0,1,2,2,2,3,3,1,-4,0,0.0,2,0,-42488,3,16,15,Hispanic,55.484,0,-4
193,0.0,0,0,0,1,0,4,3,3,5,4,3,4,0,,2,0,-8000,4,10,12,Black,18.081,0,0
194,0.0,0,0,0,0,0,1,2,2,4,4,1,4,0,,2,0,-27600,4,-3,14,Hispanic,49.636,0,0
195,1.0,,1,2,0,0,4,4,2,3,3,1,-4,1,0.0,1,0,30500,2,-3,14,Black,63.503,0,1
196,1.0,0,1,0,5,3,7,2,3,1,1,1,-4,1,,1,0,-3,4,14,19,Hispanic,-0.004,-5,-5
197,1.0,0,0,0,0,0,17,3,3,3,3,1,-2,0,,2,0,132000,5,17,14,White,75.823,0,0
198,0.0,0,1,0,0,0,7,3,3,4,4,2,4,-3,1.0,2,-4,-4,5,12,11,White,29.945,0,0
199,1.0,1,1,0,0,1,1,2,4,1,1,1,-4,1,1.0,1,0,455500,4,16,17,White,52.6,0,0
200,1.0,0,0,0,0,0,0,2,2,3,3,2,1,0,0.0,1,0,255500,5,12,15,White,-0.004,0,0
201,1.0,0,0,0,0,0,13,2,2,2,1,1,-4,0,0.0,2,0,123000,3,18,18,White,99.591,0,0
202,0.0,0,0,0,0,0,8,2,2,1,1,1,-4,0,0.0,1,-4,-4,4,12,12,White,39.048,0,0
203,1.0,0,0,0,0,0,3,1,2,2,1,1,-4,0,0.0,2,-4,-4,4,12,12,White,46.707,0,0
204,1.0,1,0,0,8,0,13,2,3,5,4,2,4,0,1.0,2,0,37550,3,14,15,White,61.895,0,1
205,0.0,0,0,0,0,0,4,3,3,4,2,1,-4,0,0.0,2,0,37550,3,14,15,White,33.506,-5,-5
206,1.0,0,0,0,0,0,9,3,3,4,3,2,2,0,0.0,1,0,-3,7,10,10,Other,-0.004,0,0
207,0.0,0,0,0,0,0,0,2,2,3,3,1,2,0,0.0,2,0,600000,7,8,12,White,81.998,-5,-5
208,1.0,0,0,0,0,0,1,2,2,1,1,1,-4,0,0.0,2,0,600000,7,8,12,White,71.791,0,0
209,0.0,0,0,0,0,1,0,2,2,3,2,2,-4,0,0.0,1,0,155500,5,8,8,Hispanic,-0.004,-5,-5
210,0.0,0,0,0,0,0,1,2,2,1,1,1,-4,0,0.0,1,0,155500,5,8,8,Hispanic,-0.004,-5,-5
211,1.0,0,0,0,0,0,0,3,2,1,1,1,1,0,0.0,2,0,48300,5,4,4,Hispanic,-0.004,0,0
212,0.0,0,0,0,3,0,3,1,2,3,3,1,3,0,0.0,1,0,7900,4,8,12,Hispanic,42.507,0,0
213,1.0,0,0,0,0,0,2,2,2,1,1,1,1,0,0.0,2,0,7900,4,8,12,Hispanic,35.568,0,0
214,0.0,0,0,0,0,0,4,2,1,4,1,1,-4,0,0.0,2,0,31900,5,16,12,Hispanic,66.561,0,0
215,1.0,0,0,0,1,1,5,1,2,3,2,2,5,0,0.0,1,0,1750,6,12,12,Hispanic,-0.004,0,0
216,1.0,0,0,0,0,0,40,2,3,4,4,1,4,1,1.0,2,0,43000,5,6,11,Hispanic,60.496,0,0
217,1.0,0,0,0,0,0,5,2,2,2,3,5,-4,0,,2,-4,-4,3,12,8,Hispanic,44.03,0,0
218,0.0,,0,0,3,0,3,2,2,1,1,2,-4,0,,1,-4,-4,4,12,16,Hispanic,-0.004,-5,-5
219,1.0,0,0,0,0,0,0,2,2,2,2,1,-4,0,0.0,1,0,139500,3,15,18,Other,80.773,0,0
220,1.0,0,0,0,0,1,1,3,4,1,1,2,-4,1,1.0,1,0,118000,6,14,12,White,66.556,-5,-5
221,0.0,1,0,0,0,0,2,2,2,1,1,1,-4,0,0.0,2,0,183500,4,18,14,White,82.209,0,0
222,1.0,0,0,0,0,0,2,4,1,4,2,1,4,1,0.0,1,0,-3,4,12,9,Hispanic,62.197,0,0
223,1.0,0,0,0,0,0,2,2,3,4,1,1,5,1,0.0,1,0,-3,4,12,9,Hispanic,87.923,0,0
224,0.0,0,0,0,0,0,3,2,2,4,2,1,-4,0,0.0,2,0,120750,3,12,12,White,37.76,0,0
225,0.0,0,0,0,2,0,0,2,2,4,3,1,3,1,1.0,1,0,-3,3,12,14,White,54.975,0,0
226,1.0,0,0,0,0,0,0,2,2,5,2,1,4,0,0.0,2,0,2350,4,-3,9,Black,7.113,0,-2
227,0.0,0,1,-3,3,0,0,3,3,5,5,1,5,-3,1.0,2,0,47650,2,-4,-3,Other,-0.004,-2,-2
228,1.0,0,0,0,0,0,1,1,1,1,1,1,-4,0,0.0,1,0,-2500,7,15,15,Other,29.631,0,0
229,1.0,0,0,0,0,0,0,2,2,1,1,1,-4,0,0.0,2,0,79530,3,-4,16,Other,86.033,0,0
230,1.0,0,1,0,0,0,2,2,2,3,1,1,-4,0,0.0,1,0,-19883,4,12,12,Hispanic,62.122,0,0
231,1.0,0,1,0,0,3,7,2,3,3,2,3,5,0,0.0,1,-4,-4,4,12,11,Hispanic,-0.004,0,0
232,0.0,0,0,0,0,0,1,2,1,2,1,1,-4,0,,1,0,30485,2,12,12,Hispanic,43.085,0,0
233,1.0,,1,0,0,0,5,2,2,4,3,3,4,0,0.0,1,0,3765,3,7,13,Hispanic,-0.004,0,0
234,0.0,0,1,0,0,0,2,2,1,2,1,1,-4,0,0.0,2,-4,-4,7,14,11,Hispanic,-0.004,0,0
235,1.0,1,0,0,0,0,6,2,2,4,2,1,-2,0,0.0,2,0,1747,4,15,10,Asian,60.888,0,0
236,0.0,0,0,0,0,0,4,4,3,-2,-2,2,-4,0,0.0,2,0,-3,2,12,15,Hispanic,76.936,0,0
237,1.0,0,0,0,0,0,1,1,1,1,1,1,-4,0,0.0,1,0,40067,6,13,14,Other,58.782,0,0
238,1.0,0,0,0,0,0,0,2,2,3,2,1,4,0,0.0,2,-4,-4,3,-4,-3,Asian,79.982,0,0
239,1.0,0,0,0,0,0,4,2,1,4,3,1,2,0,,1,0,600000,6,18,18,White,-0.004,0,0
240,1.0,0,0,0,0,0,2,1,1,1,1,1,-4,0,0.0,2,0,600000,6,18,18,White,-0.004,0,0
241,1.0,0,0,0,0,0,0,1,2,4,4,1,-4,0,0.0,2,0,29750,5,16,18,Hispanic,51.504,0,0
242,1.0,0,0,0,0,0,0,2,2,1,1,1,-4,0,0.0,1,0,29750,5,16,18,Hispanic,45.199,0,0
243,1.0,1,0,0,3,0,5,4,3,3,1,2,-4,1,1.0,2,0,-3,5,12,12,Other,29.804,-5,-5
244,1.0,0,0,0,0,0,3,2,2,1,1,1,-4,0,0.0,1,0,-3,5,12,12,Hispanic,10.687,0,0
245,1.0,0,0,0,0,0,0,2,3,1,1,1,-4,0,0.0,2,-4,-4,6,-3,-3,White,72.248,0,0
246,0.0,0,0,0,0,0,0,2,3,4,3,2,3,1,0.0,1,0,-3,7,15,-4,Hispanic,89.776,0,0
247,1.0,1,0,0,0,0,3,2,3,4,2,1,2,1,0.0,1,0,17850,4,13,13,White,86.419,0,0
248,1.0,0,0,0,0,0,1,2,1,4,4,2,-4,0,0.0,2,0,17850,4,13,13,White,87.611,0,0
249,0.0,,0,0,0,0,16,3,2,3,2,1,3,1,,1,-4,-4,3,12,14,White,45.564,-5,-5
250,0.0,1,1,1,4,2,3,2,3,4,5,3,5,0,,1,0,-3,4,12,13,White,17.015,-5,-5
251,1.0,0,0,0,0,0,5,2,2,4,3,1,1,0,0.0,1,0,-3,4,14,11,Hispanic,56.495,0,0
252,1.0,0,0,0,0,0,10,2,2,1,1,2,-4,0,0.0,2,0,-3,4,14,11,Hispanic,63.505,0,0
253,1.0,0,0,0,0,0,0,2,2,1,1,1,-4,0,,2,-4,-4,5,-3,-3,White,50.121,-5,-5
254,1.0,0,0,0,0,0,0,2,2,2,1,3,1,0,0.0,1,0,-3,3,16,18,White,58.224,0,0
255,1.0,,0,0,0,0,2,2,2,4,1,2,-4,0,,2,0,-3,3,16,18,White,84.456,-5,-5
256,0.0,0,0,0,0,0,20,3,4,3,5,1,3,0,0.0,1,0,-3,5,-3,-3,White,-0.004,0,0
257,0.0,0,0,0,0,0,4,2,2,3,2,2,-4,0,0.0,1,0,-3,5,-3,-3,White,-0.004,0,0
258,1.0,0,0,0,0,0,1,2,2,3,3,2,-4,0,0.0,1,-4,-4,5,14,12,White,42.366,0,0
259,1.0,0,0,0,0,0,1,1,2,2,1,1,2,0,0.0,1,0,-3,4,-3,-3,White,53.011,-5,-5
260,1.0,0,0,0,0,0,3,2,2,3,1,1,-2,0,0.0,1,-4,-4,4,-4,14,Black,18.085,0,0
261,0.0,0,0,0,0,0,10,2,2,4,1,2,-4,0,0.0,1,0,1750,3,-4,12,Black,14.864,0,0
262,0.0,0,0,0,0,0,-2,2,2,4,3,3,3,0,0.0,1,-4,-4,6,-4,8,Black,9.388,-5,-5
263,0.0,1,1,0,0,0,2,3,2,1,1,2,-4,0,0.0,1,-4,-4,6,-4,8,Black,33.76,-5,-5
264,1.0,0,0,0,0,3,1,1,2,3,1,1,-4,0,1.0,1,-4,-4,4,-3,-3,White,57.523,0,0
265,1.0,0,0,0,0,2,0,2,2,1,1,2,-4,0,0.0,1,0,1500,7,6,6,Hispanic,10.621,0,0
266,0.0,0,0,0,0,0,1,2,2,4,3,2,3,0,0.0,2,0,148500,5,12,12,White,-0.004,0,0
267,1.0,0,0,0,0,0,0,2,2,4,3,3,3,0,0.0,2,0,110800,3,12,13,White,91.328,0,0
268,1.0,0,0,0,0,0,0,1,1,1,1,1,1,1,0.0,1,0,242500,5,11,11,Hispanic,36.454,0,-2
269,1.0,0,1,0,0,0,-2,2,2,1,1,1,2,-3,0.0,2,0,412500,4,12,16,White,45.316,-5,-5
270,1.0,0,1,0,0,0,2,2,2,3,1,2,-4,0,0.0,2,0,412500,4,12,16,White,75.382,0,0
271,0.0,0,0,0,0,0,7,2,2,4,1,1,-4,0,0.0,2,0,50870,5,12,12,White,15.074,0,0
272,1.0,0,0,0,0,2,10,3,4,4,3,4,-4,0,0.0,2,0,12500,6,6,7,Hispanic,18.296,0,0
273,0.0,0,0,0,0,0,5,2,2,3,2,1,-4,0,0.0,2,-4,-4,5,12,12,Hispanic,-0.004,-5,-5
274,0.0,0,0,0,3,3,14,3,3,4,3,2,4,0,,2,0,500,7,5,5,Hispanic,-0.004,-5,-5
275,0.0,0,0,0,-4,-4,-4,2,2,1,1,1,1,0,0.0,1,-4,-4,7,5,1,Hispanic,-0.004,-5,-5
276,0.0,0,0,0,1,1,10,2,2,3,2,3,2,0,,2,0,500,7,5,5,Hispanic,-0.004,0,0
277,0.0,0,0,0,0,0,17,2,2,1,1,4,-4,0,,1,0,500,7,5,5,Hispanic,-0.004,-5,-5
278,1.0,0,0,0,0,0,10,2,2,3,2,1,2,1,0.0,1,0,47500,4,16,14,White,63.505,0,0
279,1.0,,0,0,0,0,4,2,2,3,4,1,2,0,,1,0,-3,4,18,16,White,-0.004,-5,-5
280,1.0,0,0,0,0,0,4,3,3,2,1,2,-4,0,0.0,1,0,-3,4,18,16,White,-0.004,-5,-5
281,1.0,0,0,0,1,3,7,2,1,1,1,1,-4,0,0.0,1,1,500,4,-3,11,Black,53.768,0,0
282,1.0,0,1,0,0,0,0,2,3,3,4,1,2,0,,1,0,-3,5,12,14,White,20.877,0,0
283,1.0,0,0,0,0,0,3,2,2,1,1,1,-4,0,0.0,1,0,-3,5,12,14,White,72.692,0,0
284,1.0,0,0,0,0,0,7,2,3,5,5,1,5,0,0.0,2,1,3750,6,10,12,Black,9.799,0,0
285,0.0,0,0,0,0,0,13,2,2,4,3,2,2,0,0.0,1,0,-3,4,9,11,White,28.624,0,0
286,0.0,0,0,0,0,0,3,1,3,2,1,1,-4,0,0.0,2,-4,-4,3,14,12,White,-0.004,0,0
287,0.0,0,0,0,0,0,8,2,3,5,4,2,5,0,0.0,1,0,87326,5,12,12,White,18.211,0,0
288,1.0,0,0,0,1,0,2,2,3,3,1,1,-4,1,1.0,2,0,87326,5,12,12,White,34.539,0,0
289,0.0,0,0,0,0,0,1,2,2,3,1,1,-4,0,0.0,2,0,87326,5,12,12,White,52.2,0,0
290,0.0,0,0,0,0,0,5,2,2,1,4,3,-4,0,0.0,2,0,-3,4,12,14,White,39.122,0,0
291,0.0,0,0,0,10,0,10,2,4,5,5,2,4,1,1.0,2,0,134500,5,12,12,White,44.991,0,0
292,0.0,0,0,0,0,0,0,2,2,5,3,1,-4,0,0.0,2,0,6850,5,12,14,Black,56.63,0,0
293,0.0,0,0,0,0,0,0,1,1,5,4,2,-4,0,0.0,2,0,-3,5,12,12,Hispanic,89.741,0,0
294,1.0,0,0,0,0,0,0,2,3,3,2,3,2,1,0.0,1,-4,-4,5,12,12,Hispanic,64.58,0,0
295,1.0,0,0,0,0,0,2,2,2,1,1,1,-4,0,0.0,2,0,35100,6,-3,8,Hispanic,-0.004,0,0
296,1.0,0,0,0,0,0,3,2,3,5,3,1,2,0,0.0,2,0,-3,4,14,11,Hispanic,10.256,0,0
297,0.0,0,1,0,0,0,0,2,2,1,1,1,-4,0,1.0,1,0,-3,4,14,11,Hispanic,17.932,0,0
298,1.0,0,0,0,0,0,6,2,2,4,1,1,-4,0,0.0,2,0,-3,5,16,18,White,95.218,0,0
299,1.0,0,0,0,0,0,5,4,2,5,4,3,3,0,1.0,1,0,-3,3,12,12,White,18.566,0,0
300,1.0,0,0,0,0,0,5,2,2,4,3,1,-4,0,0.0,2,0,-3,5,12,13,White,-0.004,0,0
301,1.0,0,0,0,0,0,4,2,2,3,3,2,3,0,,2,0,55250,3,18,12,White,4.216,-5,-5
302,,,0,0,0,0,4,2,2,3,3,1,-4,0,,2,0,-3,4,12,14,White,86.696,-5,-5
303,0.0,0,0,0,0,0,4,2,3,4,4,1,2,0,0.0,2,0,-3,4,-3,13,White,56.044,0,0
304,1.0,0,0,0,0,0,10,1,3,2,1,1,-4,0,0.0,1,0,-3,5,-3,-3,White,80.09,0,0
305,1.0,0,0,0,0,0,2,2,2,1,1,1,-4,0,0.0,2,0,-3,6,16,16,White,40.245,0,0
306,1.0,0,0,0,0,0,0,2,2,1,1,1,1,1,1.0,2,-4,-4,7,-4,-4,White,62.235,0,0
307,1.0,1,0,0,0,0,2,2,2,1,1,1,1,0,0.0,2,-4,-4,7,-4,-4,White,88.283,-2,-4
308,1.0,0,0,0,6,3,0,3,4,1,1,1,1,0,,1,-4,-4,7,-4,-4,White,24.145,-5,-5
309,1.0,0,0,0,0,0,1,2,1,1,1,1,1,0,,2,-4,-4,7,-4,-4,White,27.426,0,-4
310,1.0,0,0,0,0,0,10,3,2,1,1,1,1,0,,2,-4,-4,7,-4,-4,White,45.052,-5,-5
311,1.0,0,0,0,0,0,1,2,2,3,2,1,-4,0,0.0,1,-4,-4,5,-4,-4,White,73.369,-5,-5
312,1.0,0,0,0,2,1,18,2,2,4,3,2,-4,0,0.0,2,-4,-4,5,-4,-4,White,80.507,-5,-5
313,0.0,0,0,0,0,0,2,2,1,3,4,2,3,0,0.0,2,0,-3,5,16,12,White,96.328,0,0
314,0.0,0,0,0,0,0,3,2,2,3,2,5,-4,1,0.0,1,0,-3,5,16,12,White,98.451,-5,-5
315,1.0,0,0,0,1,0,7,3,4,5,4,1,2,0,0.0,2,0,413500,5,16,16,White,34.805,0,0
316,1.0,0,0,0,0,0,1,2,4,3,3,1,-4,0,,1,0,-3,4,14,14,White,71.838,-5,-5
317,1.0,0,0,0,0,0,8,1,2,5,1,4,5,0,,2,-4,-4,4,-3,-3,Hispanic,-0.004,-5,-5
318,0.0,0,0,0,0,0,5,2,2,1,1,1,-4,0,,1,0,-3,4,-3,12,White,27.268,-5,-5
319,,,0,0,0,0,0,2,2,2,1,1,-4,0,,2,0,-3,4,16,14,White,36.222,-5,-5
320,1.0,0,0,0,0,0,0,2,2,3,1,1,-4,0,0.0,2,0,365001,2,13,18,White,-0.004,-5,-5
321,0.0,0,0,0,10,0,6,3,2,5,4,1,3,1,0.0,1,-4,-4,3,12,12,White,70.777,0,0
322,1.0,0,0,0,0,0,2,2,2,2,1,1,-4,0,0.0,2,0,151000,3,12,13,White,55.736,0,0
323,1.0,0,0,0,0,0,4,2,3,3,2,1,2,1,1.0,1,0,-3,2,15,14,White,88.413,0,-2
324,1.0,0,0,0,0,0,7,1,2,4,4,1,3,0,,1,-4,-4,4,16,12,White,-0.004,-5,-5
325,1.0,0,0,0,0,0,5,2,2,1,1,1,-4,0,0.0,1,-4,-4,2,12,13,White,36.685,0,0
326,1.0,0,0,0,0,0,2,2,2,4,4,1,4,0,0.0,2,0,-3,3,14,12,White,35.463,0,0
327,1.0,0,0,0,0,0,1,2,2,1,1,1,-4,0,1.0,2,-4,-4,3,18,14,White,-0.004,0,0
328,1.0,0,0,0,0,0,3,2,2,1,1,1,-4,0,,1,0,-3,5,12,12,White,45.243,-5,-5
329,1.0,0,0,0,0,0,0,2,3,1,1,1,-4,1,0.0,1,-4,-4,4,14,12,White,61.751,-5,-5
330,,,0,0,0,0,0,2,2,4,2,1,-4,1,,1,-4,-4,4,14,14,White,16.242,-5,-5
331,1.0,0,0,0,0,0,8,2,3,4,4,1,3,1,1.0,2,0,-3,4,12,12,White,-0.004,0,0
332,1.0,0,0,0,0,0,3,2,2,2,4,1,3,0,0.0,1,0,-3,6,-3,-4,White,98.368,0,0
333,1.0,0,0,0,1,0,6,2,1,1,1,1,-4,0,0.0,2,0,-3,6,-3,-4,White,43.11,0,0
334,1.0,0,0,0,1,0,20,1,2,1,1,1,-4,0,1.0,2,0,-3,6,-3,20,White,67.241,0,0
335,1.0,0,0,0,0,0,6,2,2,2,2,1,-2,0,1.0,2,-4,-4,4,12,12,White,81.833,0,0
336,1.0,1,0,0,1,0,1,2,2,2,2,2,-4,0,1.0,1,0,-3,4,16,18,Black,48.416,0,0
337,1.0,0,0,0,0,0,2,2,2,1,1,1,-4,0,0.0,1,0,-3,5,16,16,White,73.243,0,0
338,1.0,0,0,0,0,0,3,3,3,3,3,1,2,0,0.0,2,0,-3,3,20,18,White,83.123,0,0
339,0.0,0,0,0,0,0,0,2,2,2,2,1,1,0,0.0,2,0,3750,6,11,10,Asian,69.403,0,0
340,1.0,0,0,0,0,0,1,2,2,1,1,1,1,0,0.0,1,0,2778,6,9,11,Asian,23.765,0,0
341,1.0,0,0,0,0,0,0,2,2,1,1,2,-4,0,0.0,1,-4,-4,6,9,11,Asian,61.481,0,0
342,0.0,0,1,0,1,1,7,2,2,1,1,1,1,0,0.0,1,-4,-4,5,16,-4,Asian,-0.004,0,0
343,0.0,0,0,1,1,0,2,2,2,2,1,1,-4,0,0.0,1,-4,-4,5,16,-4,Asian,-0.004,0,0
344,1.0,0,1,0,0,0,2,2,2,1,1,1,-4,0,,1,-4,-4,5,16,-4,Asian,-0.004,0,0
345,0.0,0,1,1,5,0,3,1,2,3,1,3,-4,0,0.0,1,-4,-4,5,16,-4,Asian,-0.004,0,0
346,1.0,0,0,0,5,1,3,2,1,2,1,1,-4,1,0.0,1,0,500,4,10,12,Hispanic,25.049,0,0
347,0.0,0,0,0,0,0,0,2,2,1,1,1,1,0,0.0,1,0,-26250,6,6,6,Hispanic,-0.004,-5,-5
348,0.0,0,0,0,0,0,2,2,2,1,1,1,-4,0,0.0,1,0,-26250,6,6,6,Hispanic,-0.004,-5,-5
349,0.0,0,1,2,0,0,2,2,2,1,1,1,-4,1,0.0,1,0,-26250,6,6,6,Hispanic,-0.004,-5,-5
350,0.0,0,1,0,0,0,5,2,2,1,1,1,-4,0,0.0,1,0,45000,4,-3,-3,White,-0.004,0,0
351,1.0,0,0,0,0,1,7,2,2,3,4,2,2,0,,2,0,58250,5,10,10,Hispanic,-0.004,0,0
352,0.0,0,1,0,0,1,3,1,2,3,2,3,4,0,,2,0,58250,5,10,10,Hispanic,-0.004,-5,-5
353,0.0,0,0,0,3,0,2,1,1,2,2,2,-4,0,0.0,2,0,58250,5,10,10,Hispanic,-0.004,-5,-5
354,0.0,0,0,0,0,0,8,2,3,1,2,2,-4,0,,2,0,59750,4,11,11,Hispanic,-0.004,0,0
355,0.0,0,0,0,2,0,4,1,1,3,2,2,3,1,1.0,2,0,59750,4,11,11,Hispanic,-0.004,0,0
356,1.0,0,0,0,0,0,4,2,3,4,2,2,-4,0,,2,0,4750,3,11,10,Hispanic,-0.004,0,0
357,1.0,0,0,0,5,0,1,1,2,2,1,1,2,0,0.0,1,0,52250,6,6,6,Hispanic,-0.004,0,0
358,1.0,0,0,0,0,0,7,2,2,1,1,1,-4,0,0.0,1,0,52250,6,6,6,Hispanic,-0.004,0,0
359,1.0,0,0,0,0,0,4,2,2,2,1,1,-4,-3,0.0,2,0,52250,6,6,6,Hispanic,-0.004,0,0
360,0.0,0,0,0,0,0,0,2,2,1,1,1,-4,0,0.0,1,-4,-4,3,-3,10,Hispanic,-0.004,0,0
361,,,0,0,4,3,2,2,2,2,2,1,2,0,,1,-4,-4,2,-4,-4,Hispanic,-0.004,-5,-5
362,0.0,0,0,0,0,0,4,2,1,1,1,2,3,0,0.0,2,0,6100,6,4,4,Hispanic,59.187,0,0
363,1.0,0,0,0,0,0,6,2,2,1,1,2,-4,0,0.0,2,0,6100,6,4,4,Hispanic,51.107,0,0
364,1.0,0,0,0,0,0,5,2,2,2,1,4,-4,0,0.0,2,0,2750,5,-3,3,Hispanic,-0.004,-5,-5
365,0.0,0,1,0,4,4,4,2,2,3,3,3,3,1,0.0,2,0,12750,4,11,12,Hispanic,-0.004,0,0
366,1.0,0,0,0,0,0,0,2,2,2,3,2,3,0,0.0,2,-4,-4,6,9,8,Hispanic,45.232,0,0
367,1.0,0,0,0,0,0,2,2,1,3,3,2,2,0,0.0,1,-4,-4,6,9,8,Hispanic,47.394,0,0
368,1.0,1,0,0,0,0,4,2,1,3,1,1,3,0,0.0,2,0,-3,5,3,6,Hispanic,10.479,0,0
369,0.0,0,1,0,0,0,0,2,2,1,-2,1,-4,0,,1,0,-3,5,3,6,Hispanic,4.585,-5,-5
370,0.0,1,1,-3,0,0,0,3,2,2,3,5,2,1,0.0,1,0,167750,4,12,-3,Hispanic,-0.004,1,0
371,0.0,0,0,0,6,0,5,3,2,3,1,5,-4,0,,2,0,167750,4,12,-3,Hispanic,16.245,-2,-2
372,0.0,0,0,0,0,0,1,3,2,3,3,2,-4,0,0.0,1,-4,-4,3,12,10,Hispanic,23.633,0,0
373,0.0,0,0,0,0,1,1,3,2,1,1,1,-4,0,0.0,2,-4,500,3,12,10,Hispanic,7.915,0,0
374,0.0,0,0,0,0,0,0,4,3,3,4,5,4,0,0.0,2,0,153812,2,-4,14,White,-0.004,-5,-5
375,0.0,,0,1,0,0,3,2,2,1,2,2,-4,0,,1,0,285500,2,12,14,Black,97.117,-5,-5
376,1.0,1,0,0,1,0,0,2,3,3,2,2,3,0,0.0,1,0,227500,3,9,12,Black,-0.004,0,0
377,0.0,0,0,0,0,0,2,3,3,1,1,1,-4,0,0.0,2,0,1750,6,12,11,Black,-0.004,0,0
378,1.0,0,0,0,0,0,2,2,3,1,1,1,-4,0,0.0,1,0,25001,3,16,13,Black,-0.004,0,0
379,,,0,0,0,0,40,2,3,3,3,2,3,0,,2,0,118500,4,16,16,Hispanic,64.443,-5,-5
380,1.0,0,0,0,0,0,4,2,2,2,1,1,-4,0,,1,0,7500,2,-4,12,Other,20.75,-5,-5
381,0.0,0,0,0,-4,-4,-4,-4,-4,-4,-4,-4,-4,-3,,1,0,54500,3,14,14,Hispanic,-0.004,-5,-5
382,1.0,0,0,0,0,0,0,2,2,2,2,2,2,-3,1.0,2,-4,-4,3,14,14,White,48.082,0,0
383,,,0,0,0,0,3,2,2,1,1,1,-4,0,,2,0,217500,2,16,14,Asian,-0.004,-5,-5
384,0.0,0,0,0,0,0,2,2,2,1,1,1,-4,0,,1,0,166750,4,11,12,Hispanic,-0.004,-5,-5
385,1.0,,0,1,10,5,4,1,3,3,3,4,2,0,1.0,1,0,16500,5,6,8,Hispanic,14.009,0,0
386,1.0,0,0,0,0,0,5,2,2,2,4,1,3,0,0.0,1,0,500,5,-4,-3,Hispanic,36.962,0,1
387,0.0,0,0,0,1,0,13,4,2,2,2,2,-4,0,0.0,2,0,500,5,-4,-3,Hispanic,11.738,0,0
388,0.0,0,0,0,0,0,10,3,2,2,2,3,3,0,0.0,2,-4,-4,3,-4,5,Hispanic,11.676,-5,-5
389,1.0,0,0,0,0,0,2,1,2,2,1,1,1,0,,2,0,134100,4,14,14,White,61.504,-5,-5
390,1.0,1,0,0,1,0,3,2,2,3,2,2,-4,0,0.0,2,0,-3,3,16,15,Asian,-0.004,0,1
391,0.0,0,0,0,0,0,0,1,1,3,1,1,3,1,1.0,1,-4,-4,5,6,6,Asian,-0.004,0,0
392,1.0,0,0,0,0,0,4,2,2,2,1,1,2,0,0.0,1,0,122600,4,14,18,Hispanic,95.143,0,0
393,1.0,0,0,0,0,0,2,1,2,1,1,1,-4,0,0.0,1,-4,-4,8,12,14,Hispanic,26.658,0,0
394,1.0,0,0,0,0,0,5,1,2,1,1,1,-4,0,0.0,1,-4,-4,8,16,14,Hispanic,85.233,0,0
395,1.0,0,0,0,1,0,0,1,1,1,1,1,-4,0,0.0,1,0,45000,4,-3,14,Asian,-0.004,0,0
396,1.0,0,0,0,0,0,3,2,2,3,2,2,-4,0,0.0,1,0,108750,5,-3,-3,White,60.488,0,0
397,0.0,1,0,0,4,1,9,2,2,4,2,1,-4,0,0.0,1,0,69500,4,14,14,Hispanic,-0.004,-2,0
398,1.0,0,0,0,1,0,0,2,2,3,3,1,3,0,0.0,1,-4,-4,3,12,-3,Hispanic,-0.004,0,-2
399,1.0,,0,0,0,1,12,2,2,4,4,1,3,0,,1,0,185000,6,-3,12,Other,66.37,-5,-5
400,1.0,,1,0,0,0,14,2,2,4,4,2,-4,0,,2,0,185000,6,-3,12,Other,88.26,-5,-5
401,0.0,0,1,0,0,1,5,1,1,1,1,1,-4,0,0.0,1,0,66250,2,13,-4,White,59.049,0,0
402,0.0,0,0,0,0,0,1,2,2,1,1,2,-4,0,0.0,2,-4,-4,4,-3,12,White,-0.004,0,1
403,1.0,0,1,0,0,0,0,2,3,1,1,1,-4,0,0.0,2,0,-3,4,11,14,Black,26.195,0,1
404,1.0,0,0,0,0,0,3,2,2,2,1,1,1,0,0.0,1,0,184500,10,14,14,White,46.187,0,0
405,1.0,1,0,0,0,0,3,2,2,2,3,2,3,0,0.0,1,0,184500,10,14,14,White,82.821,-5,-5
406,1.0,0,0,0,0,0,0,1,2,1,1,2,-4,0,1.0,2,0,184500,10,14,14,White,94.129,-5,-5
407,0.0,0,0,0,0,0,10,2,3,3,3,3,3,0,0.0,2,0,1750,2,-4,-3,Hispanic,-0.004,0,0
408,1.0,0,0,0,1,0,6,2,2,1,1,1,1,0,1.0,1,0,-3,2,-4,-3,Black,50.883,0,0
409,0.0,0,0,0,0,0,-2,3,2,3,2,2,3,1,0.0,2,0,-3,4,-3,-3,Black,-0.004,0,0
410,0.0,0,1,1,0,0,0,4,2,3,3,3,3,0,0.0,1,0,1750,5,-4,-3,Hispanic,8.08,0,-2
411,0.0,0,0,0,0,6,-1,3,4,-2,-2,1,-2,1,1.0,2,-4,-4,6,-3,-3,Hispanic,24.968,0,0
412,1.0,0,0,0,0,0,3,3,2,2,1,1,2,1,1.0,1,-4,-4,6,-3,-3,Hispanic,30.74,0,0
413,0.0,0,0,0,0,0,2,2,2,2,2,1,2,0,0.0,1,-4,-4,2,-4,13,Black,-0.004,0,-4
414,0.0,0,0,1,0,0,10,3,3,3,3,3,4,0,,2,0,500,3,11,11,Black,16.02,0,-1
415,0.0,0,0,0,2,0,10,2,2,4,4,2,3,0,0.0,2,0,600000,4,14,12,White,16.817,0,0
416,1.0,0,0,0,0,0,0,1,3,2,2,1,2,0,0.0,2,0,-3,5,17,16,Asian,99.561,0,0
417,1.0,0,0,0,0,0,11,2,2,5,4,1,-4,0,0.0,2,0,569800,3,16,14,White,28.489,-5,-5
418,1.0,0,0,0,0,0,3,1,1,3,2,1,-4,0,,1,0,-3,4,13,13,White,-0.004,-5,-5
419,1.0,0,0,0,0,0,4,2,2,1,1,1,-4,0,0.0,1,0,600000,5,16,14,White,90.936,0,0
420,1.0,0,1,0,0,0,13,2,1,2,2,1,2,0,1.0,1,0,-3,5,20,17,Other,-0.004,0,0
421,1.0,0,1,0,0,0,7,2,2,1,3,3,2,0,0.0,1,0,88750,4,-3,16,White,-0.004,-5,-5
422,1.0,0,0,0,0,0,2,2,2,3,4,2,2,-3,0.0,1,0,84000,4,20,15,Other,-0.004,0,0
423,1.0,0,0,0,0,1,15,2,4,2,1,1,-4,-3,0.0,2,0,84000,4,-3,12,Other,-0.004,0,0
424,1.0,0,0,0,0,0,2,2,1,2,1,1,-4,0,0.0,2,0,-3,5,17,17,Hispanic,83.087,0,0
425,1.0,0,0,0,1,0,3,3,3,3,2,3,-4,1,0.0,2,0,76500,4,16,12,White,96.531,0,0
426,0.0,0,0,0,5,0,20,2,2,1,1,1,1,0,0.0,2,0,6250,3,5,-3,Hispanic,2.417,0,0
427,0.0,0,0,0,0,0,5,2,2,2,2,1,1,0,,1,0,11250,6,6,-3,Hispanic,15.242,0,0
428,1.0,0,0,0,0,0,1,2,2,2,1,1,-4,0,,2,-4,-4,6,6,-3,Hispanic,8.618,-5,-5
429,0.0,0,1,0,50,1,20,2,2,1,1,4,2,-3,1.0,1,0,15636,4,11,12,White,41.516,0,0
430,1.0,0,0,0,0,0,4,2,1,1,1,2,-4,0,0.0,1,0,98750,5,14,16,White,-0.004,-5,-5
431,0.0,0,0,0,0,0,3,1,1,2,1,3,-4,0,0.0,2,0,1327,4,12,15,Hispanic,24.639,-5,-5
432,0.0,0,1,2,0,0,8,1,3,4,3,3,2,0,,1,0,-250,5,-3,16,Hispanic,20.973,0,0
433,1.0,0,0,0,0,0,4,2,2,1,1,1,-4,0,,2,0,-250,5,-3,16,Hispanic,-0.004,0,0
434,0.0,0,0,0,10,2,8,3,3,4,4,2,4,1,0.0,1,0,600000,4,16,12,White,34.64,0,0
435,1.0,0,0,0,0,0,6,2,1,2,1,1,2,0,,2,0,3250,3,6,14,Hispanic,-0.004,0,0
436,0.0,0,0,0,0,0,2,3,3,3,1,5,2,0,,2,0,1000,4,6,6,Hispanic,-0.004,0,0
437,1.0,0,0,0,0,0,4,1,1,2,2,2,3,0,0.0,2,0,5750,5,-3,-3,Hispanic,42.467,0,0
438,1.0,0,0,0,0,0,20,2,2,1,2,2,-4,0,0.0,1,0,5750,5,-3,-3,Hispanic,22.45,0,0
439,0.0,0,0,0,0,0,23,2,2,2,2,2,-4,0,0.0,2,0,5750,5,-3,-3,Hispanic,0.999,0,0
440,1.0,0,1,2,0,0,2,3,2,2,2,2,3,1,0.0,1,0,1750,5,9,95,Hispanic,30.844,0,0
441,0.0,1,1,0,15,1,21,3,3,3,4,3,3,0,1.0,1,0,1750,5,9,95,Hispanic,4.79,0,0
442,0.0,0,0,0,0,0,2,2,1,2,1,2,2,0,,2,-4,-4,3,-3,12,Hispanic,-0.004,0,0
443,0.0,0,0,0,0,0,5,2,3,1,1,1,1,0,0.0,1,0,-3,4,-3,12,Hispanic,-0.004,0,0
444,0.0,0,0,0,0,0,15,3,2,1,2,2,2,0,0.0,2,0,-3,4,-3,12,Hispanic,-0.004,0,0
445,0.0,0,0,0,0,0,5,2,2,3,2,1,2,0,,1,-4,-4,3,-4,-3,Hispanic,-0.004,0,0
446,0.0,0,1,4,0,1,1,2,2,2,3,1,-4,0,0.0,1,-4,-4,2,-4,-3,Hispanic,-0.004,0,0
447,0.0,0,0,0,0,0,1,2,2,3,2,2,-4,0,0.0,2,0,5000,5,12,12,Hispanic,-0.004,0,0
448,0.0,0,1,0,0,0,3,2,1,1,1,1,-4,0,0.0,2,0,5000,5,12,12,Hispanic,-0.004,0,0
449,,,0,0,0,0,5,2,2,1,1,1,-4,0,,2,0,39500,5,12,11,Hispanic,-0.004,-5,-5
450,1.0,0,0,0,0,0,8,2,3,3,3,2,4,1,0.0,2,0,500,8,6,6,Hispanic,-0.004,0,0
451,0.0,0,1,0,0,3,20,2,2,4,3,3,-4,0,1.0,1,0,500,8,6,6,Hispanic,-0.004,0,0
452,0.0,0,0,0,0,10,75,2,2,1,1,2,5,0,,2,0,1200,8,-3,-3,Hispanic,-0.004,0,-4
453,0.0,0,0,0,3,2,10,2,3,4,2,2,-4,1,,2,0,1200,8,-3,-3,Hispanic,-0.004,0,-4
454,1.0,0,0,0,0,0,2,1,1,1,1,1,-4,1,0.0,1,0,1750,3,-3,6,Hispanic,57.742,0,0
455,1.0,0,0,1,0,0,1,1,4,1,1,1,-4,0,0.0,1,0,23000,4,-3,-3,Hispanic,-0.004,-5,-5
456,0.0,0,0,0,0,1,0,3,4,1,1,1,-4,1,0.0,1,0,9500,8,3,12,Hispanic,68.666,0,0
457,0.0,0,0,0,0,0,1,2,2,1,2,2,4,0,0.0,1,-4,-4,11,6,-4,Hispanic,-0.004,0,0
458,1.0,0,0,0,0,0,2,1,1,1,1,1,-4,0,0.0,1,-4,-4,11,6,6,Hispanic,-0.004,0,0
459,1.0,0,0,0,0,0,0,1,2,1,1,1,-4,0,0.0,2,0,-900,4,12,6,Hispanic,47.12,0,0
460,0.0,0,0,0,0,0,7,3,4,1,1,3,2,0,0.0,2,0,500,8,6,9,Hispanic,2.01,0,0
461,0.0,0,0,0,0,0,-2,2,2,1,5,2,-4,0,0.0,2,0,500,8,6,9,Hispanic,13.978,0,0
462,0.0,0,0,0,0,0,2,2,1,1,1,3,2,0,0.0,2,0,2600,12,-3,-3,Hispanic,-0.004,0,-2
463,0.0,0,0,1,0,0,1,2,2,1,1,1,-4,0,0.0,1,1,2600,12,-3,-3,Hispanic,-0.004,0,0
464,1.0,0,0,0,0,0,4,1,2,4,2,4,2,0,0.0,2,0,11200,4,7,8,Hispanic,26.273,0,0
465,0.0,0,0,0,1,0,3,2,1,3,4,4,-4,0,0.0,2,0,11200,4,7,8,Hispanic,-0.004,0,0
466,0.0,1,1,2,0,0,5,3,2,1,1,1,-4,0,0.0,1,-4,-4,5,-3,4,Hispanic,7.468,0,-4
467,0.0,0,1,0,0,0,2,2,2,1,1,3,-4,0,0.0,2,1,4550,6,10,6,Hispanic,-0.004,0,0
468,1.0,0,0,0,0,0,2,1,2,4,3,2,5,0,0.0,2,0,3550,5,-4,-3,Hispanic,-0.004,0,0
469,1.0,0,0,0,0,0,0,1,2,2,2,2,2,0,0.0,2,0,3550,5,9,12,Hispanic,-0.004,0,0
470,0.0,0,0,0,0,0,1,2,2,2,1,1,-2,0,0.0,2,-4,-4,3,16,9,Hispanic,-0.004,0,0
471,0.0,0,0,0,0,3,5,2,2,5,5,2,2,0,0.0,1,0,-4885,6,6,3,Hispanic,19.146,0,0
472,1.0,0,0,0,0,0,8,2,2,-2,1,-2,-4,0,0.0,2,0,-4885,6,6,3,Hispanic,40.55,0,0
473,0.0,0,0,0,0,0,21,2,1,4,3,4,-4,1,,2,0,7600,2,13,12,Hispanic,-0.004,0,0
474,1.0,0,0,0,0,0,1,1,2,1,1,1,-4,0,0.0,2,-4,-4,6,-3,-3,Hispanic,-0.004,0,0
475,1.0,1,0,0,4,0,4,2,2,3,2,4,2,0,0.0,1,0,-3,5,12,10,Hispanic,15.463,0,0
476,0.0,0,0,0,0,0,1,2,1,1,1,2,-4,1,0.0,1,-4,-4,2,10,12,Black,-0.004,0,0
477,1.0,0,0,0,8,0,30,4,4,4,4,4,-4,0,0.0,2,-4,-4,3,12,-3,Hispanic,-0.004,0,0
478,1.0,0,0,0,1,0,7,1,3,2,1,1,-4,0,0.0,2,0,164750,5,-3,-3,White,-0.004,0,0
479,1.0,0,0,0,0,0,5,2,2,2,2,1,2,0,0.0,2,-4,-4,5,9,6,Hispanic,-0.004,0,0
480,1.0,0,0,0,0,0,10,1,4,3,2,1,2,0,0.0,2,0,8750,7,-4,3,Hispanic,-0.004,0,-4
481,0.0,0,0,0,1,1,10,1,2,1,1,2,-4,0,0.0,1,0,8750,7,-4,3,Hispanic,-0.004,0,0
482,1.0,0,0,0,0,0,2,1,1,1,1,1,-4,0,0.0,1,0,42500,3,-4,-4,Black,30.629,1,1
483,1.0,0,0,0,0,0,5,1,2,2,2,1,1,0,0.0,1,0,63750,3,-4,13,Hispanic,94.974,0,0
484,1.0,0,0,0,0,0,0,1,2,2,2,1,-4,0,0.0,2,0,63750,3,-4,13,Hispanic,66.93,0,0
485,1.0,0,0,0,0,0,1,2,2,2,2,-2,-4,0,1.0,1,-4,-4,6,-3,18,Asian,-0.004,0,0
486,1.0,0,0,0,0,0,7,2,3,4,3,1,3,0,0.0,2,0,101000,4,12,14,White,74.54,-5,-5
487,1.0,0,0,0,0,0,7,2,4,1,1,-2,-4,0,0.0,1,0,101000,4,12,14,White,6.538,0,0
488,1.0,0,0,0,0,1,13,3,2,5,3,2,3,1,1.0,2,0,266501,3,10,14,White,26.452,0,0
489,0.0,0,0,0,1,0,0,1,2,2,2,1,-4,1,1.0,2,0,8000,2,-4,13,White,-0.004,-5,-5
490,1.0,0,0,0,0,1,4,2,2,1,1,1,-4,0,0.0,1,0,-1500,4,17,17,Other,98.786,0,0
491,0.0,,0,0,0,0,2,1,2,1,1,1,-4,0,,1,0,-1500,4,17,17,Other,44.976,-5,-5
492,1.0,0,0,0,1,0,1,2,2,2,1,2,-4,1,0.0,2,-4,-4,4,16,16,Asian,59.73,0,0
493,0.0,0,0,0,0,0,0,3,2,2,2,1,1,1,,1,-4,-4,6,17,12,Other,-0.004,0,0
494,,,0,0,0,0,7,1,3,2,1,2,-4,1,,2,-4,-4,5,12,16,Hispanic,-0.004,-5,-5
495,0.0,,0,0,0,0,1,2,1,1,1,1,-4,0,,1,-4,-4,5,12,16,Hispanic,-0.004,-5,-5
496,1.0,0,0,0,0,4,0,2,2,1,1,1,-4,0,0.0,1,-4,-4,5,12,12,Hispanic,-0.004,0,0
497,1.0,0,0,0,0,0,5,2,3,3,2,1,1,0,0.0,2,0,191500,5,16,13,Other,-0.004,-5,-5
498,1.0,0,0,0,0,0,5,2,2,2,2,1,3,0,1.0,2,0,465500,7,20,16,White,-0.004,0,0
499,,,0,0,0,0,1,2,2,4,3,2,-4,0,,2,0,49500,3,12,13,Hispanic,-0.004,-5,-5
500,1.0,,0,0,0,0,14,2,2,4,2,2,3,1,,1,0,5600,7,14,14,White,54.409,-5,-5
501,1.0,,0,0,0,0,6,2,2,3,3,-2,-4,0,,1,0,5600,7,12,12,White,8.218,-5,-5
502,0.0,,0,0,0,0,13,2,2,2,1,2,-4,0,,1,0,5600,7,14,14,White,66.987,-5,-5
503,1.0,0,0,0,0,0,6,2,2,1,1,1,2,0,0.0,1,0,127000,5,16,12,White,52.227,0,0
504,0.0,,0,1,4,0,3,1,3,1,1,1,-4,1,,2,0,-3,5,12,12,White,19.388,-5,-5
505,1.0,0,0,0,0,1,0,2,2,1,1,2,-4,1,,1,0,57050,3,14,12,Hispanic,78.65,-5,-5
506,1.0,,0,0,0,0,4,2,1,2,1,1,-4,0,,1,0,2350,2,14,12,White,69.845,-5,-5
507,1.0,0,0,0,0,0,0,2,2,1,1,2,-4,0,0.0,2,-4,-4,5,6,6,Asian,9.152,0,0
508,0.0,1,0,1,0,0,10,1,2,1,1,1,1,0,0.0,1,1,-3,4,3,3,Hispanic,20.532,0,0
509,0.0,0,0,0,0,0,4,2,2,1,1,1,-4,0,0.0,2,0,3450,2,-3,15,Black,27.912,0,-2
510,0.0,0,0,3,0,0,10,1,1,4,2,2,3,0,1.0,1,0,1750,3,-4,6,Hispanic,-0.004,-5,-5
511,0.0,1,1,0,0,1,12,2,2,2,2,1,3,-3,0.0,1,-4,-4,6,4,6,Hispanic,19.706,0,0
512,0.0,1,0,0,1,0,6,2,2,1,1,3,1,0,1.0,2,0,-1500,6,4,4,Hispanic,-0.004,0,0
513,0.0,0,1,1,0,2,6,2,3,1,1,1,-4,0,1.0,1,0,-1500,6,4,4,Hispanic,-0.004,0,0
514,0.0,0,0,0,0,0,5,1,2,1,1,1,1,0,,2,0,1750,4,9,9,Hispanic,-0.004,-5,-5
515,0.0,0,0,0,0,0,5,2,3,2,1,2,-4,1,0.0,2,0,9500,7,-3,12,Hispanic,14.734,0,0
516,0.0,0,0,0,0,1,4,2,3,1,2,1,-4,0,0.0,1,0,9500,7,-3,12,Hispanic,7.873,0,0
517,0.0,0,0,0,0,0,0,1,1,3,2,2,2,0,0.0,1,-4,-4,5,-3,8,Hispanic,-0.004,0,0
518,0.0,0,0,0,0,0,1,2,2,1,1,2,-4,0,0.0,2,-4,-4,5,-3,8,Hispanic,-0.004,0,0
519,1.0,0,0,0,-4,-4,-4,1,2,3,3,5,3,0,0.0,2,-4,-4,4,4,12,Hispanic,-0.004,0,0
520,0.0,0,1,0,0,0,0,2,2,2,1,2,3,0,0.0,1,-4,-4,4,5,8,Hispanic,-0.004,0,0
521,0.0,1,1,0,0,0,2,2,3,2,-2,2,-4,0,0.0,1,-4,-4,4,5,8,Hispanic,-0.004,0,0
522,0.0,0,0,0,0,0,3,2,1,1,1,2,-4,-3,0.0,1,0,6750,3,-4,12,Hispanic,15.606,0,0
523,0.0,0,0,2,0,0,0,2,2,4,4,3,5,1,1.0,2,0,184950,4,14,12,White,32.067,0,0
524,0.0,0,1,1,0,0,13,2,1,3,3,1,4,0,0.0,1,-4,-4,4,-3,12,Hispanic,29.74,0,0
525,0.0,0,1,0,0,0,3,2,2,4,4,1,3,0,0.0,1,0,-3,5,9,6,Hispanic,-0.004,0,0
526,0.0,0,1,1,0,0,5,2,2,3,1,2,-4,0,0.0,1,0,-3,5,9,6,Hispanic,-0.004,0,0
527,1.0,0,0,0,0,0,15,4,2,3,1,1,1,0,1.0,1,0,-3,4,20,17,White,93.56,0,0
528,0.0,0,0,0,0,0,9,3,2,3,3,2,-4,0,0.0,2,0,457500,4,12,-3,White,55.307,0,0
529,1.0,0,0,0,0,0,20,2,1,2,2,-2,-4,0,0.0,2,0,14750,7,-4,14,Hispanic,90.458,0,1
530,0.0,1,0,0,0,0,4,2,2,2,1,2,1,0,0.0,2,0,-3,4,16,16,White,-0.004,0,0
531,0.0,1,0,0,0,0,30,1,2,1,1,1,2,0,,2,-4,-4,8,6,6,Hispanic,-0.004,-5,-5
532,,,0,0,0,1,5,2,2,1,1,2,-4,0,,2,-4,-4,8,6,6,Hispanic,-0.004,-5,-5
533,1.0,0,0,0,0,0,2,1,2,1,1,1,-4,0,0.0,2,-4,-4,6,-3,-3,Asian,62.007,-5,-5
534,0.0,0,0,0,0,0,2,2,1,4,3,2,3,0,1.0,2,-4,-4,4,6,6,Hispanic,24.444,0,0
535,1.0,0,0,0,0,0,2,1,2,3,3,2,3,0,,2,-4,-4,4,16,16,Asian,72.473,0,0
536,1.0,0,0,0,0,6,20,3,3,2,2,2,-4,0,0.0,1,-4,-4,8,9,9,Hispanic,26.653,0,0
537,,0,0,0,0,0,15,1,2,4,3,1,-2,1,0.0,1,0,-2235,4,10,13,White,5.305,0,0
538,0.0,0,1,0,0,0,5,2,3,4,1,1,-4,0,0.0,2,0,-2235,4,10,13,White,15.014,0,0
539,0.0,0,0,0,0,0,2,2,2,2,3,1,3,1,1.0,1,0,148500,3,-3,16,Hispanic,-0.004,-5,-5
540,1.0,0,0,0,0,0,3,2,2,2,2,1,1,0,0.0,2,0,148500,3,-3,16,Hispanic,-0.004,0,0
541,0.0,0,0,0,0,0,5,2,2,2,2,1,3,0,,2,-4,-4,7,12,12,Hispanic,-0.004,-5,-5
542,1.0,0,0,0,0,0,0,2,1,2,1,1,-4,1,0.0,2,0,600000,3,15,16,Black,77.604,0,0
543,1.0,0,0,0,0,1,20,2,3,3,3,1,-4,0,0.0,1,0,52500,3,6,8,Hispanic,61.988,0,1
544,1.0,0,0,0,0,0,0,1,3,1,2,1,1,0,0.0,1,0,600000,4,-4,-4,White,95.302,0,0
545,0.0,0,1,0,0,0,0,2,2,3,4,1,3,1,0.0,1,-4,-4,2,-3,14,Black,45.886,-5,-5
546,1.0,0,1,0,0,0,5,2,2,1,2,1,2,0,0.0,1,0,-3,4,16,16,Asian,92.687,-5,-5
547,1.0,0,1,0,0,0,3,1,2,1,1,1,-4,0,0.0,1,0,600000,5,16,18,White,91.29,0,0
548,0.0,1,0,0,0,0,3,2,4,3,1,2,-4,1,0.0,2,0,600000,3,13,12,White,65.106,0,0
549,1.0,0,1,0,2,0,4,2,2,4,4,1,2,0,0.0,1,0,85800,3,16,16,White,-0.004,0,0
550,1.0,0,0,0,0,0,5,2,2,1,1,1,-4,0,0.0,1,0,-3,3,16,18,White,99.648,-5,-5
551,1.0,0,0,0,0,0,5,2,2,2,1,1,1,0,0.0,1,0,600000,5,16,14,Asian,91.323,0,0
552,1.0,,0,0,0,0,0,2,2,3,3,1,2,0,,1,0,234500,5,12,15,White,67.641,-5,-5
553,,,0,0,5,0,2,2,2,2,1,1,-4,0,,1,0,234500,5,12,15,White,18.347,-5,-5
554,0.0,0,1,4,0,0,4,2,4,3,3,1,2,-3,,1,0,33600,5,12,13,White,29.928,-5,-5
555,1.0,0,0,0,2,0,0,2,2,1,1,1,-4,0,0.0,1,0,46300,4,14,16,White,82.274,0,0
556,1.0,0,0,0,0,0,1,2,2,3,4,3,-4,0,0.0,2,0,17900,8,20,16,White,82.153,0,0
557,0.0,0,1,0,0,0,8,2,2,3,4,2,2,0,0.0,2,0,118200,4,16,18,Hispanic,71.808,0,0
558,1.0,0,0,0,0,0,3,2,2,1,1,1,-4,0,0.0,1,0,442500,3,15,8,White,-0.004,0,0
559,1.0,0,0,0,0,0,10,2,2,3,1,2,-4,0,0.0,2,0,142500,2,12,18,White,70.469,-5,-5
560,1.0,0,0,0,0,0,4,2,2,3,3,2,3,0,0.0,2,0,29467,4,12,13,White,19.24,0,0
561,0.0,0,0,0,4,2,0,3,3,1,1,2,-4,0,0.0,1,0,29467,4,12,13,White,65.918,0,0
562,1.0,0,0,0,0,0,0,3,1,1,1,1,-4,0,0.0,2,0,49200,4,8,12,Hispanic,19.305,-5,-5
563,0.0,0,0,0,1,0,5,2,2,4,2,5,-4,0,0.0,1,0,28030,4,-3,9,White,3.029,0,0
564,1.0,0,0,0,0,0,2,2,2,1,1,2,-4,1,0.0,1,0,100651,3,12,13,White,81.035,0,0
565,0.0,0,1,0,0,0,4,3,2,3,1,1,-4,0,0.0,1,0,56000,5,12,12,Hispanic,51.465,0,0
566,0.0,0,0,0,0,0,0,2,2,2,2,1,-4,0,0.0,2,-4,-4,4,8,8,Hispanic,48.296,0,0
567,0.0,,0,0,0,0,8,4,4,4,4,3,3,1,,1,0,-3,5,11,12,White,32.38,-5,-5
568,0.0,0,0,0,0,0,3,4,3,3,2,3,3,0,0.0,1,0,-3,5,11,12,White,46.128,0,0
569,0.0,0,0,0,2,0,30,2,2,3,3,4,3,0,,1,0,4500,6,12,12,White,21.926,-5,-5
570,0.0,0,0,0,0,0,5,2,3,2,1,2,2,0,,2,0,4500,6,12,12,White,23.397,-5,-5
571,0.0,0,0,0,2,0,3,2,2,3,2,2,2,0,1.0,1,0,159000,4,12,12,White,3.328,0,0
572,0.0,0,0,0,0,0,0,2,4,3,2,1,-4,0,,1,0,159000,4,12,13,White,74.836,-5,-5
573,0.0,0,0,0,1,0,10,2,2,3,1,1,3,0,0.0,2,0,86250,9,5,8,Hispanic,9.055,0,0
574,0.0,0,1,0,0,2,3,2,2,4,2,2,-4,0,0.0,2,0,86250,9,5,8,Hispanic,0.236,0,0
575,0.0,0,1,0,0,0,5,2,2,4,3,4,3,-3,,1,1,116901,5,-3,16,Asian,-0.004,-5,-5
576,1.0,0,0,1,0,0,3,2,3,3,3,2,2,1,0.0,1,0,8750,4,17,14,White,44.856,0,0
577,1.0,0,0,0,0,0,1,2,2,2,1,1,-4,1,0.0,1,0,8750,4,17,14,White,41.102,0,0
578,0.0,0,1,0,0,0,2,2,2,2,1,1,-4,0,0.0,1,0,20899,5,14,14,White,53.141,0,0
579,1.0,0,0,0,0,0,3,2,3,2,3,1,2,0,0.0,2,0,600000,4,12,12,White,55.555,0,1
580,1.0,0,0,0,0,0,0,2,3,2,1,2,-4,0,0.0,1,0,600000,4,12,12,White,36.129,0,1
581,1.0,0,0,0,0,0,0,1,2,4,3,2,-4,0,0.0,1,0,5050,6,-3,12,Other,28.983,0,0
582,0.0,0,0,0,0,0,0,2,1,1,2,1,-4,0,0.0,2,0,5050,6,-3,12,Other,8.072,0,0
583,1.0,0,0,0,0,0,5,2,3,4,5,3,3,1,1.0,2,0,4750,4,14,16,White,75.19,0,0
584,1.0,0,0,0,0,0,3,2,1,3,4,2,2,0,0.0,2,-4,-4,7,13,10,White,81.343,0,0
585,0.0,0,0,0,0,0,3,1,2,2,2,1,-4,0,0.0,2,-4,-4,7,13,10,White,91.965,0,0
586,0.0,0,0,1,0,0,1,2,2,3,2,1,2,0,1.0,1,0,1300,5,12,10,Hispanic,38.632,0,0
587,1.0,1,0,0,1,0,1,2,1,1,1,1,-4,0,,2,0,1300,5,12,10,Hispanic,58.11,0,0
588,0.0,0,1,0,3,7,5,2,2,5,5,5,-4,0,0.0,1,1,1200,5,10,11,White,7.209,-5,-5
589,1.0,0,1,4,0,1,4,4,3,2,3,1,-4,0,0.0,1,1,1200,5,10,11,White,9.35,0,1
590,0.0,0,0,0,0,0,6,1,1,1,1,1,-4,0,1.0,1,0,-3,3,12,12,White,93.526,0,0
591,1.0,0,0,0,0,0,2,1,2,2,1,1,-4,0,0.0,2,0,1194,5,10,12,Hispanic,71.51,0,1
592,0.0,0,0,0,0,0,2,2,3,2,1,1,-4,1,0.0,2,0,1194,5,10,12,Hispanic,32.409,0,1
593,0.0,,0,0,2,0,10,2,2,3,3,1,3,1,,2,0,42200,6,13,12,Hispanic,77.417,-5,-5
594,0.0,0,0,2,0,2,3,2,4,5,1,5,1,0,0.0,2,0,4750,5,-3,8,Black,0.0,0,0
595,0.0,0,0,0,0,1,7,4,4,1,3,1,3,0,0.0,2,0,4750,5,-3,8,Black,-0.004,1,0
596,0.0,0,0,0,2,0,94,2,1,4,5,1,5,0,,2,0,1600,4,-3,12,White,56.992,-5,-5
597,1.0,0,0,0,0,1,5,2,3,3,3,1,-4,0,,2,0,1600,4,-3,12,White,62.773,0,0
598,1.0,0,0,0,0,0,2,2,2,3,2,1,3,1,0.0,1,0,92500,3,12,12,Hispanic,30.224,0,0
599,0.0,0,0,0,0,0,14,2,3,5,3,4,5,1,0.0,2,0,500,4,-3,2,Hispanic,25.566,0,0
600,1.0,0,0,0,0,0,1,1,1,1,1,1,-4,0,0.0,1,-4,-4,7,12,2,Hispanic,14.295,0,0
601,0.0,0,0,0,0,0,2,2,2,2,4,5,5,0,,2,-4,-4,4,12,8,Hispanic,-0.004,0,0
602,0.0,0,0,0,0,0,9,2,2,2,1,1,1,0,,2,-4,-4,4,12,8,Hispanic,-0.004,0,0
603,0.0,0,0,0,0,0,8,1,1,1,1,4,-4,0,0.0,1,0,1500,7,3,5,Hispanic,5.825,0,0
604,0.0,0,0,0,0,0,30,3,2,2,1,3,2,0,0.0,2,0,20500,7,6,6,Hispanic,26.62,0,0
605,0.0,0,0,0,0,1,5,2,3,3,2,4,-4,0,0.0,2,0,11650,5,-3,12,Hispanic,25.41,0,-4
606,0.0,0,0,3,2,1,7,1,1,5,5,3,4,1,1.0,1,0,2513,3,12,16,White,70.761,0,1
607,1.0,1,1,2,0,0,50,3,4,4,4,2,-4,1,0.0,2,1,2513,3,-3,16,White,40.53,-5,-5
608,1.0,0,0,0,0,0,0,1,1,1,1,1,-4,0,1.0,1,0,18375,3,12,12,White,81.071,0,0
609,0.0,0,0,0,0,0,5,2,2,2,2,1,2,1,1.0,2,0,386951,4,12,14,White,50.53,0,0
610,0.0,0,1,1,6,1,7,2,2,3,2,2,2,1,1.0,2,0,407150,5,12,12,White,45.169,0,0
611,1.0,0,1,0,1,0,3,2,2,2,1,1,-4,0,0.0,1,0,407150,5,12,12,White,66.249,0,0
612,1.0,0,0,0,0,0,0,2,2,1,1,1,-4,0,0.0,1,0,-3,4,16,17,White,95.262,0,0
613,0.0,0,0,0,0,0,7,2,2,3,3,3,-4,0,0.0,1,0,138000,3,12,12,White,82.822,0,0
614,1.0,0,0,0,0,0,3,2,2,4,5,-2,4,0,0.0,2,0,-3,4,16,16,Hispanic,-0.004,0,0
615,1.0,0,0,0,0,0,4,2,2,3,3,3,-4,-3,0.0,2,0,-3,5,13,13,Hispanic,86.031,-5,-5
616,1.0,0,0,0,0,0,6,3,3,1,1,2,-4,0,0.0,1,0,-3,5,13,13,Hispanic,90.977,-5,-5
617,0.0,0,0,0,0,0,10,1,2,1,1,1,-4,0,0.0,2,0,1750,7,14,-4,Hispanic,-0.004,0,-2
618,0.0,0,0,0,0,0,5,2,3,2,3,1,2,0,0.0,1,0,123760,5,12,11,Hispanic,59.993,0,0
619,0.0,0,0,0,0,0,5,2,3,1,1,1,-4,0,0.0,1,0,234300,6,12,12,Hispanic,16.662,0,0
620,0.0,,0,0,-4,-4,-4,3,2,1,1,1,1,-3,,1,0,500,8,-3,9,Hispanic,-0.004,-5,-5
621,0.0,0,0,0,0,2,2,2,2,4,4,3,2,0,,1,0,-250,5,3,3,Hispanic,-0.004,0,0
622,0.0,0,0,0,0,0,5,2,2,1,1,1,1,0,0.0,2,0,1950,6,6,6,Hispanic,-0.004,0,0
623,0.0,0,0,0,0,0,3,3,2,3,2,2,1,0,0.0,1,0,1950,6,6,6,Hispanic,-0.004,-5,-5
624,1.0,0,0,0,0,0,10,3,3,2,5,1,1,1,,2,0,2950,4,4,4,Hispanic,32.603,0,0
625,0.0,0,1,0,0,0,10,2,2,1,1,1,-4,0,,1,0,2950,4,4,4,Hispanic,-0.004,0,0
626,1.0,0,0,0,0,0,1,2,2,1,1,2,-4,0,0.0,2,1,500,7,3,5,Hispanic,-0.004,0,0
627,0.0,0,0,0,0,0,7,1,2,1,1,1,-4,0,1.0,1,0,-3,3,-3,18,White,98.373,0,-4
628,1.0,0,0,0,0,0,5,2,2,2,2,1,-4,0,0.0,1,0,-3,5,17,15,White,51.088,0,0
629,0.0,0,0,0,0,0,4,2,3,2,1,1,-4,0,0.0,2,0,160900,5,16,12,White,23.769,-5,-5
630,0.0,0,0,0,0,0,6,2,2,3,4,1,2,1,0.0,1,0,3500,3,12,14,White,63.361,0,0
631,1.0,0,0,0,0,0,0,2,1,2,2,1,2,0,,1,0,-3,5,13,13,White,73.932,-5,-5
632,1.0,0,0,0,0,0,2,2,2,2,1,1,-4,0,,2,0,-3,5,13,13,White,93.903,0,0
633,1.0,0,0,0,0,0,2,2,2,2,1,1,-4,0,0.0,2,0,-3,5,13,13,White,92.188,0,0
634,1.0,0,0,0,0,0,4,2,2,4,5,3,5,1,,2,0,160001,6,12,-3,White,40.896,0,0
635,1.0,0,0,0,1,0,5,1,2,5,5,3,4,1,1.0,2,0,-3,2,18,12,White,64.248,0,0
636,1.0,0,0,0,2,0,5,2,2,1,1,1,-4,0,,1,0,231000,3,14,14,White,-0.004,0,0
637,1.0,0,0,0,0,0,3,1,1,4,3,1,1,0,,2,0,17550,6,13,12,Hispanic,-0.004,0,0
638,1.0,0,0,0,0,0,4,1,2,1,1,1,-4,0,0.0,1,0,-3,4,12,12,White,97.225,0,0
639,1.0,0,0,0,0,0,1,2,3,2,1,1,1,1,1.0,2,0,600000,3,14,12,White,-0.004,0,0
640,1.0,0,1,0,0,0,1,2,2,1,1,2,1,0,0.0,1,0,280250,5,16,16,White,54.911,0,0
641,1.0,0,0,0,0,0,6,2,2,2,2,1,1,0,,2,0,118250,4,17,15,White,-0.004,0,0
642,1.0,0,0,0,0,0,0,2,2,2,1,1,3,0,0.0,1,0,-3,4,14,12,White,72.046,0,0
643,0.0,0,0,0,0,0,0,1,2,3,2,1,-4,0,,1,0,-3,4,14,12,White,70.22,0,0
644,0.0,,1,0,0,0,15,2,3,5,2,1,2,-3,,1,0,211001,6,5,5,Other,-0.004,-5,-5
645,0.0,0,0,0,0,1,5,2,3,5,4,2,-4,0,,1,0,211001,6,5,5,Other,-0.004,-5,-5
646,,,0,0,0,0,2,2,4,5,2,3,3,0,,1,0,5600,4,12,12,Black,-0.004,-5,-5
647,1.0,0,0,0,3,0,0,3,3,4,4,1,-4,0,1.0,1,0,246500,5,12,17,White,29.055,0,0
648,1.0,0,0,0,0,0,0,2,1,5,4,1,2,0,0.0,1,0,369501,5,14,14,White,21.187,0,0
649,1.0,0,1,0,0,0,0,2,2,4,2,1,-4,1,0.0,1,0,369501,5,14,14,White,49.154,0,0
650,1.0,0,0,0,0,0,2,2,1,3,1,2,-4,0,1.0,2,0,369501,5,14,14,White,23.206,0,0
651,0.0,0,0,0,2,0,1,2,2,3,4,1,-4,0,0.0,2,0,1000,7,12,12,White,-0.004,-5,-5
652,0.0,0,0,0,0,0,0,2,1,2,1,2,-4,0,0.0,2,0,1000,7,12,12,White,-0.004,0,0
653,0.0,0,0,0,10,3,6,2,1,1,1,1,-4,1,0.0,1,0,239400,6,20,16,White,91.568,0,0
654,1.0,0,0,0,0,0,4,2,2,2,2,2,4,0,1.0,2,0,143750,4,16,14,White,80.727,0,0
655,0.0,0,0,0,0,0,5,2,3,3,5,1,3,0,,2,0,240200,3,11,11,White,26.792,0,1
656,0.0,0,0,0,0,0,2,2,3,2,1,2,2,0,0.0,1,0,-3,4,-3,12,Hispanic,-0.004,0,0
657,1.0,0,0,0,0,0,5,2,3,3,3,1,3,0,,1,-4,-4,6,6,6,Hispanic,-0.004,-5,-5
658,0.0,0,0,0,0,0,5,2,2,1,1,1,-4,0,0.0,2,-4,-4,6,6,6,Hispanic,-0.004,0,0
659,1.0,0,1,0,0,0,1,2,2,3,3,3,3,0,0.0,1,0,47750,5,-3,15,Hispanic,87.047,-5,-5
660,0.0,0,1,0,1,1,2,2,3,2,3,4,-4,0,0.0,2,0,47750,5,-3,15,Hispanic,64.918,0,0
661,0.0,1,0,2,0,0,0,1,2,1,1,1,-4,0,,1,1,-3,11,1,-3,Hispanic,14.59,0,0
662,0.0,0,1,1,0,2,0,4,3,3,5,4,5,1,0.0,1,0,-3250,5,12,13,Hispanic,4.067,0,0
663,1.0,0,0,0,0,0,0,2,3,1,1,1,1,1,0.0,1,0,-3,3,10,13,Hispanic,-0.004,0,1
664,1.0,1,1,0,0,0,8,4,4,3,1,1,-4,0,0.0,1,0,-13110,2,12,12,Black,44.94,0,0
665,1.0,0,0,0,0,0,2,2,2,2,1,1,1,0,,1,0,119500,5,12,13,Hispanic,-0.004,0,0
666,1.0,0,0,0,0,0,0,2,2,2,1,1,2,0,1.0,2,0,-3,7,15,4,Other,78.135,0,0
667,1.0,0,0,0,0,0,0,2,3,2,2,1,-4,0,0.0,2,0,-3,7,15,4,Other,60.034,0,0
668,1.0,0,0,0,0,0,0,2,1,3,1,1,-4,0,0.0,2,0,-3,7,15,4,Other,70.811,0,0
669,1.0,0,0,0,0,0,7,1,1,3,1,2,-4,1,0.0,1,0,6000,6,12,14,Black,68.257,0,0
670,1.0,0,0,0,0,0,5,2,3,2,2,1,3,0,,1,0,-3,4,11,11,Hispanic,-0.004,0,0
671,0.0,0,1,0,0,0,5,2,2,1,1,1,-4,0,0.0,1,-4,-4,7,-4,12,Hispanic,-0.004,-5,-5
672,1.0,0,0,0,0,0,4,2,2,2,1,1,3,0,0.0,2,0,156500,6,18,16,Black,22.863,0,0
673,1.0,0,0,0,0,1,-2,1,2,1,1,1,-4,0,0.0,1,0,156500,6,18,16,Black,75.099,0,0
674,1.0,0,0,0,0,1,0,2,2,1,1,1,-4,0,0.0,2,0,2450,5,16,14,Black,-0.004,0,0
675,0.0,0,0,2,0,0,7,3,3,5,5,5,5,0,0.0,2,0,-3950,3,-3,9,Black,8.92,-5,-5
676,1.0,0,0,0,0,0,0,2,2,1,1,1,-4,0,0.0,2,0,7500,4,12,12,Black,27.664,0,0
677,0.0,0,0,0,2,0,5,2,2,3,3,2,-4,0,0.0,2,0,-30100,5,12,10,Black,3.676,0,1
678,0.0,0,1,0,0,2,2,2,2,2,1,4,-4,0,0.0,1,0,-30100,5,12,10,Black,-0.004,-5,-5
679,0.0,0,0,0,0,0,7,2,2,1,1,2,-4,0,0.0,2,0,1750,4,12,12,Black,-0.004,0,0
680,1.0,1,0,1,2,1,20,2,2,2,2,3,4,0,0.0,1,0,-3,3,16,12,Black,41.546,0,-2
681,1.0,0,1,0,0,0,2,2,2,3,1,4,-4,1,0.0,2,0,13750,3,16,18,Black,51.582,-5,-5
682,1.0,0,0,0,0,0,4,2,2,5,5,5,5,0,0.0,2,0,85000,4,16,12,Black,22.217,-5,-5
683,0.0,0,0,0,0,0,0,2,3,1,3,2,-4,0,0.0,1,-4,-4,2,16,15,Black,13.143,0,0
684,0.0,0,0,0,0,0,10,1,1,1,1,1,-4,0,0.0,2,0,8750,3,12,9,Black,16.523,0,0
685,0.0,0,1,0,0,0,0,2,3,1,1,1,-4,0,0.0,1,0,-3,3,-3,14,Black,16.841,-2,-2
686,0.0,0,1,0,99,25,7,2,1,4,5,5,-4,1,,2,0,4250,4,12,14,White,25.933,1,-2
687,0.0,0,0,0,6,2,6,1,2,2,2,3,-4,-3,0.0,1,0,153801,7,12,14,White,49.836,0,0
688,0.0,0,0,0,0,0,1,1,2,5,3,5,-4,0,0.0,1,0,44000,4,14,7,Hispanic,13.401,-5,-5
689,0.0,0,0,0,3,0,3,2,2,1,1,4,-4,0,0.0,2,0,3650,3,6,6,Hispanic,24.066,0,0
690,0.0,0,1,0,0,0,2,2,3,3,2,2,1,0,,1,0,51700,6,6,6,Hispanic,-0.004,0,0
691,0.0,0,1,0,15,0,20,3,2,4,1,3,3,1,0.0,1,0,51700,6,6,6,Hispanic,-0.004,0,0
692,0.0,1,0,0,0,0,10,2,2,1,1,1,-4,0,,1,0,84950,4,4,6,Hispanic,-0.004,0,0
693,1.0,0,0,0,0,0,5,2,3,2,1,2,-4,0,,2,0,9500,4,12,12,White,-0.004,0,0
694,0.0,0,0,0,3,0,2,2,1,4,2,3,2,0,0.0,1,0,15756,6,12,12,Hispanic,60.768,0,0
695,0.0,0,0,0,-4,-4,-4,3,1,1,1,1,4,0,1.0,1,0,2500,6,6,4,Hispanic,-0.004,-5,-5
696,0.0,0,0,0,0,0,3,2,2,1,1,1,-4,0,,1,0,2500,6,6,4,Hispanic,-0.004,-5,-5
697,0.0,,1,0,0,0,5,2,1,2,1,1,-4,1,,1,-4,-4,5,6,6,Hispanic,-0.004,-5,-5
698,1.0,1,0,0,0,0,0,4,4,5,5,4,5,1,,2,1,3750,3,14,12,Black,60.347,-1,-1
699,1.0,0,0,0,0,2,6,2,2,1,1,1,-4,0,,1,-4,-4,3,16,13,Black,-0.004,0,0
700,0.0,0,0,0,5,0,30,2,4,5,5,5,5,1,0.0,2,0,-11351,3,11,11,Black,2.379,0,1
701,0.0,0,1,3,2,12,10,2,2,5,3,5,-4,1,0.0,1,0,-11351,3,11,11,Black,0.0,0,-4
702,1.0,0,0,0,0,1,10,2,2,2,1,3,2,1,0.0,1,0,500,7,10,11,Black,-0.004,0,0
703,1.0,0,1,1,0,0,10,4,3,3,4,4,3,1,,2,0,3500,2,-3,14,Black,-0.004,0,0
704,0.0,0,1,0,0,0,4,2,2,5,4,3,3,0,1.0,2,0,-220,3,9,14,White,-0.004,-5,-5
705,0.0,0,0,0,4,0,6,2,2,4,4,3,3,0,0.0,2,0,35818,4,12,16,White,25.736,0,0
706,0.0,0,1,0,0,1,1,2,1,1,1,1,1,0,0.0,1,0,35818,4,12,16,White,44.322,0,0
707,1.0,0,0,0,1,0,4,1,1,4,2,1,2,0,,2,-4,-4,2,-3,13,White,38.621,0,-4
708,1.0,0,0,0,0,0,10,2,3,3,3,4,5,0,,2,0,-3,2,13,15,Black,36.81,-5,-5
709,0.0,0,1,0,1,0,25,2,3,5,3,1,3,0,0.0,2,0,140001,2,-4,10,Hispanic,35.216,0,-4
710,1.0,0,0,0,0,0,0,2,3,1,1,1,1,0,0.0,2,1,96000,8,12,13,Black,47.867,-5,-5
711,1.0,0,1,0,10,0,4,2,2,3,2,4,-4,0,,1,0,-3,8,14,18,Black,70.421,-5,-5
712,1.0,0,0,0,0,0,1,2,3,2,1,3,-4,0,,1,0,399500,5,-3,11,Black,18.049,0,1
713,0.0,0,1,0,0,0,4,2,2,2,1,1,-4,0,0.0,2,0,399500,5,-3,11,Black,0.282,0,-4
714,1.0,0,0,0,0,1,0,2,2,1,1,2,-4,0,0.0,1,0,-3,5,12,-3,Black,-0.004,-5,-5
715,1.0,0,0,0,0,0,0,2,2,1,1,3,-4,0,,2,0,-3,5,12,14,Black,60.494,0,0
716,0.0,0,0,0,0,2,4,2,3,1,2,2,-4,0,,1,0,63001,6,11,11,Hispanic,23.38,-5,-5
717,1.0,1,0,0,0,4,0,3,1,4,4,5,5,0,0.0,1,0,86500,4,12,12,Black,4.166,0,0
718,1.0,0,0,0,2,2,4,1,1,1,2,3,-4,0,0.0,1,0,275250,3,12,16,Black,-0.004,0,0
719,0.0,0,0,0,0,0,4,1,2,4,3,3,4,0,0.0,1,0,66100,5,-3,16,Black,73.176,0,1
720,1.0,0,0,0,0,0,1,2,2,2,3,2,3,0,0.0,1,0,-37000,5,12,12,White,82.427,0,0
721,0.0,0,0,0,0,0,4,2,2,3,4,2,3,0,,2,0,41250,4,14,14,Hispanic,85.98,0,0
722,0.0,0,0,0,0,0,1,2,1,1,1,1,-4,0,,1,0,41250,4,14,14,White,96.662,0,0
723,1.0,0,0,0,0,0,2,1,2,2,1,1,-4,1,0.0,1,0,225500,4,15,14,Hispanic,47.503,0,0
724,1.0,0,0,0,0,0,0,2,2,2,1,2,-4,1,1.0,1,0,207000,6,16,16,White,99.678,-5,-5
725,0.0,0,0,0,0,0,0,2,2,3,2,3,3,0,0.0,2,0,217000,5,16,16,Black,91.393,0,0
726,1.0,0,0,0,0,0,0,2,2,3,2,1,-4,0,0.0,1,-4,-4,5,16,16,Black,99.018,0,0
727,1.0,0,0,0,0,0,2,2,2,1,1,1,-4,0,0.0,2,-4,-4,5,16,16,Black,97.811,0,0
728,1.0,0,0,0,0,0,1,2,2,1,1,1,-4,0,,2,0,108501,5,14,13,Black,15.042,0,0
729,1.0,0,0,0,0,0,4,2,3,4,4,4,4,0,0.0,1,0,107700,5,14,14,Black,69.945,0,0
730,1.0,0,0,0,0,0,5,1,3,3,1,1,-4,0,,2,-4,-4,5,14,12,White,-0.004,0,0
731,1.0,0,0,0,0,0,0,2,2,2,1,1,3,0,0.0,1,0,-3,4,-3,-3,White,96.022,0,0
732,1.0,0,0,0,0,0,2,2,1,1,1,1,-4,0,,2,0,-3,4,16,16,White,73.821,0,0
733,1.0,,0,0,0,0,1,1,2,2,2,1,2,0,,2,0,446500,4,18,16,Asian,95.304,-5,-5
734,1.0,0,0,0,0,0,0,2,3,2,1,1,-4,0,,2,0,446500,4,18,16,Asian,92.465,0,0
735,1.0,0,0,0,0,0,3,1,2,3,1,1,1,0,,2,0,503002,5,16,17,White,100.0,0,0
736,1.0,,0,0,0,0,0,2,2,1,1,1,-4,0,,2,0,503002,5,16,17,White,88.772,-5,-5
737,1.0,0,0,0,0,0,2,1,1,2,3,1,-4,0,0.0,1,0,190500,5,18,16,White,74.667,0,0
738,1.0,0,0,0,0,0,0,2,2,1,1,1,1,0,0.0,1,0,197500,5,18,16,Asian,91.394,0,0
739,1.0,0,0,0,0,0,0,2,3,3,3,1,2,1,0.0,2,0,197500,5,18,16,Asian,97.859,0,1
740,1.0,0,0,0,0,0,3,1,2,1,1,1,-4,1,1.0,2,0,-3,4,16,16,White,99.182,0,0
741,1.0,0,1,0,2,0,2,2,3,4,3,2,1,0,0.0,2,0,600000,3,-4,16,White,79.802,0,0
742,1.0,0,0,0,0,0,5,1,1,4,2,1,1,0,0.0,2,0,-3,3,18,18,White,92.299,0,0
743,0.0,,0,0,0,0,0,1,1,1,1,1,-4,0,,1,0,600000,6,-3,-3,White,87.047,-5,-5
744,0.0,,0,0,10,0,0,2,4,3,2,2,-4,0,,1,0,600000,6,-3,-3,White,73.8,-5,-5
745,1.0,0,0,0,0,0,3,2,3,3,2,1,1,0,0.0,1,0,600000,5,16,16,White,97.502,0,0
746,1.0,0,0,0,0,0,0,3,2,1,1,1,1,0,0.0,1,0,600000,4,18,17,White,97.067,0,0
747,1.0,0,1,0,1,0,3,2,2,2,1,1,2,0,0.0,1,0,600000,4,20,16,White,-0.004,-5,-5
748,1.0,0,0,0,0,0,1,2,2,1,1,1,-4,0,0.0,2,-4,-4,5,-3,15,Black,58.438,0,0
749,1.0,0,0,0,0,0,3,2,2,1,1,1,-4,1,0.0,2,0,-3,7,16,14,Black,19.553,0,0
750,0.0,0,0,0,0,1,0,1,4,1,1,1,-4,0,0.0,1,0,-1000,6,-3,-3,Black,2.359,0,0
751,0.0,0,0,0,0,0,1,1,1,1,1,1,-4,0,0.0,2,0,-1000,6,-3,-3,Black,9.674,1,1
752,1.0,1,1,0,0,1,0,1,1,1,1,2,-4,0,1.0,1,1,-3250,4,12,13,Black,5.544,0,-2
753,1.0,0,0,0,1,1,3,2,2,1,2,1,-4,1,0.0,1,0,125819,2,13,12,Black,-0.004,0,0
754,0.0,0,0,0,0,0,5,1,2,2,3,2,3,0,,1,0,191500,4,7,12,Hispanic,64.2,0,0
755,1.0,0,0,0,0,0,0,2,2,2,1,1,-4,0,0.0,2,0,195900,7,8,9,White,41.835,0,0
756,1.0,0,0,0,0,0,0,1,1,1,1,1,-4,0,0.0,2,0,195900,7,8,9,White,48.786,-5,-5
757,0.0,0,0,0,1,0,0,1,3,1,2,1,1,1,1.0,2,0,338001,4,16,16,Asian,75.948,0,0
758,1.0,0,0,0,0,0,5,1,1,2,1,1,-4,1,0.0,1,0,368001,7,19,14,White,98.909,-5,-5
759,1.0,0,0,0,0,0,0,1,1,1,1,1,-4,0,0.0,1,0,290000,3,13,-3,White,54.97,-5,-5
760,1.0,0,0,0,0,0,2,2,2,3,2,1,-4,0,0.0,2,0,463001,4,20,16,White,-0.004,-5,-5
761,0.0,,0,0,0,0,2,3,3,2,1,1,-4,0,,1,0,339000,3,18,16,White,28.994,-5,-5
762,1.0,0,0,0,0,0,1,2,3,4,4,1,4,0,,2,0,400001,5,20,18,Hispanic,-0.004,0,0
763,1.0,0,0,0,0,0,5,2,2,4,4,2,4,1,1.0,1,0,151750,2,16,20,White,96.315,0,0
764,0.0,0,1,0,0,0,10,3,3,3,3,2,3,0,0.0,1,0,2500,3,12,13,Black,22.302,0,0
765,1.0,,0,0,0,0,1,2,2,2,1,3,-4,0,0.0,1,0,91900,5,12,12,Hispanic,56.176,0,0
766,,,0,0,0,0,10,2,1,2,1,1,-4,1,,1,0,77500,3,12,14,White,55.457,-5,-5
767,1.0,0,0,0,0,0,2,2,2,3,4,2,3,0,0.0,2,0,-3,5,18,18,White,70.562,-5,-5
768,1.0,0,1,0,0,0,5,2,2,1,1,1,-4,0,0.0,1,0,32750,3,12,14,Black,26.572,0,0
769,0.0,0,0,0,-4,-4,-4,3,4,4,4,4,5,1,1.0,2,0,89000,4,15,16,White,62.924,0,0
770,0.0,0,0,0,2,1,4,2,2,4,2,1,-4,1,,2,0,104400,6,12,12,White,61.888,-5,-5
772,0.0,0,0,0,0,0,3,2,1,2,1,1,-4,0,0.0,2,0,98500,3,19,16,White,100.0,0,0
773,0.0,,0,0,3,0,0,2,3,3,1,1,-4,1,,1,-4,-4,3,-3,12,White,22.334,-5,-5
774,1.0,0,0,0,0,0,1,2,2,3,3,2,2,0,0.0,2,0,99000,4,12,12,Hispanic,53.585,0,0
775,1.0,0,0,0,15,12,0,2,2,5,5,4,5,0,1.0,1,0,-500,4,12,12,White,-0.004,0,-4
776,0.0,0,0,0,2,0,2,2,1,1,1,1,-4,0,,1,-4,-4,5,12,-3,White,-0.004,0,0
777,1.0,,0,0,0,0,1,2,2,2,1,1,-4,0,,2,-4,-4,5,16,12,Hispanic,-0.004,-5,-5
778,1.0,0,0,0,0,0,2,2,3,1,1,1,-4,0,0.0,2,0,72500,2,-4,18,White,99.632,0,0
779,0.0,0,1,3,0,0,2,2,2,1,1,1,4,0,,1,0,-6250,4,12,12,Black,-0.004,0,-4
780,0.0,0,0,0,0,0,4,2,2,2,1,1,-4,0,,1,0,-6250,4,12,12,Black,-0.004,-5,-5
781,0.0,0,0,0,0,1,9,2,3,3,3,1,4,0,0.0,1,0,62001,5,16,16,White,-0.004,-5,-5
782,1.0,0,0,0,0,0,4,2,2,4,3,1,2,0,0.0,2,0,62001,5,16,16,White,-0.004,0,0
783,0.0,0,0,0,3,1,18,2,3,1,1,3,-4,0,0.0,1,0,62001,5,16,16,White,-0.004,0,0
784,1.0,0,1,0,2,1,50,1,3,4,2,1,3,0,0.0,1,0,-3,5,16,14,White,-0.004,-5,-5
785,1.0,0,0,0,0,0,3,1,2,2,1,1,-4,0,0.0,1,0,296000,4,13,13,White,73.141,0,0
786,,,0,0,0,0,10,2,2,3,2,2,5,1,,1,0,-3,3,16,15,White,-0.004,-5,-5
787,0.0,,0,0,1,0,5,2,2,1,1,1,-4,0,,1,0,-3,3,16,15,White,-0.004,-5,-5
788,1.0,0,0,0,0,0,8,2,1,2,1,1,1,0,0.0,1,0,127500,4,16,16,White,95.668,-5,-5
789,0.0,0,1,0,0,0,4,2,2,3,2,1,3,0,0.0,1,0,118500,4,12,14,White,36.814,0,0
790,0.0,0,1,1,0,0,6,2,4,2,3,1,-4,0,0.0,1,0,118500,4,12,14,White,-0.004,0,0
791,1.0,0,0,0,0,0,1,2,2,2,1,1,1,0,0.0,2,0,331500,3,13,16,White,64.858,0,0
792,1.0,0,1,0,0,0,8,2,3,2,3,1,2,0,0.0,1,0,337300,6,18,16,White,-0.004,0,0
793,1.0,,1,0,0,0,0,2,3,2,1,2,-4,0,0.0,1,0,337300,6,18,16,White,-0.004,0,0
794,1.0,0,1,0,0,0,3,2,2,3,3,1,-4,0,0.0,1,0,204600,4,13,16,White,93.038,0,0
795,1.0,0,0,0,0,0,10,2,2,3,3,1,3,0,0.0,2,0,109913,3,14,12,White,70.117,-5,-5
796,1.0,0,0,0,0,0,0,1,2,1,1,1,-4,0,0.0,2,0,80700,5,-3,18,White,82.304,0,0
797,0.0,0,0,0,0,0,2,1,3,2,1,1,1,1,1.0,2,0,102250,3,14,-3,White,91.505,0,0
798,1.0,0,0,0,0,0,0,1,2,1,1,1,-4,0,0.0,1,0,106200,4,16,16,White,92.824,0,0
799,1.0,0,0,0,0,0,0,2,2,3,3,1,2,1,0.0,1,0,-3,7,12,14,White,-0.004,0,0
800,1.0,0,0,0,0,0,1,2,2,3,2,1,-4,0,0.0,1,0,106000,5,16,12,White,73.102,0,0
801,1.0,0,0,0,0,0,3,2,2,1,1,1,-4,0,0.0,2,0,106000,5,16,12,White,19.617,0,0
802,0.0,0,0,0,1,1,3,2,2,1,1,1,-4,0,,2,0,20000,4,-3,12,Hispanic,-0.004,-5,-5
803,0.0,0,1,0,0,0,17,2,2,3,3,1,4,1,,1,1,9550,3,4,9,White,-0.004,0,0
804,1.0,,0,0,0,0,1,2,4,3,2,1,1,0,,1,0,17200,6,-3,6,Hispanic,-0.004,-5,-5
805,0.0,0,0,0,0,0,3,2,3,3,3,2,3,0,0.0,1,0,143582,5,12,12,White,47.276,0,0
806,0.0,0,1,0,0,0,0,2,3,2,1,1,-4,0,0.0,1,0,143582,5,12,12,White,20.92,0,0
807,0.0,0,1,0,1,0,6,3,3,3,2,2,-4,0,0.0,2,0,68200,5,12,11,Hispanic,36.578,0,0
808,0.0,0,0,2,1,1,0,3,2,2,1,1,-4,0,0.0,1,0,68200,5,12,11,Hispanic,51.988,0,0
809,1.0,0,0,0,0,0,10,2,2,4,4,2,4,0,,2,1,18850,6,12,12,White,53.477,-5,-5
810,0.0,0,0,0,0,0,10,2,1,4,3,1,3,0,,1,1,18850,6,12,12,White,33.429,-5,-5
811,0.0,0,0,0,0,0,10,2,2,5,4,2,3,0,0.0,2,0,431500,5,12,12,White,-0.004,-5,-5
812,0.0,0,0,0,0,1,1,2,4,1,1,2,-4,0,0.0,2,-4,-4,2,14,14,Black,8.143,0,0
813,1.0,0,0,0,0,0,10,2,2,2,4,2,3,0,0.0,2,0,-3,5,-3,-3,Black,42.38,0,0
814,0.0,0,0,0,5,0,4,2,2,-2,-2,-2,-4,0,0.0,2,0,-23250,4,10,12,Black,64.764,0,0
815,0.0,0,0,0,8,0,10,2,2,3,2,3,4,1,,2,0,-3,3,-3,-3,Black,12.534,-5,-5
816,0.0,0,0,0,2,1,7,2,4,5,2,2,-4,0,0.0,2,0,24900,4,12,12,Black,2.227,0,0
817,0.0,0,1,1,0,0,0,2,2,2,1,4,-4,0,0.0,1,0,2000,3,-3,14,Black,10.13,0,-4
818,1.0,0,0,0,0,0,2,2,3,2,2,2,3,0,0.0,2,0,94750,2,16,18,Black,-0.004,0,0
819,0.0,0,0,0,0,0,0,2,4,3,5,3,3,-3,1.0,1,0,-3,7,-3,14,Black,60.86,0,0
820,0.0,0,1,0,2,2,10,1,1,1,1,1,-4,0,0.0,1,0,-3,7,-3,14,Black,42.475,0,0
821,0.0,0,0,0,0,0,8,2,2,3,3,4,5,0,,2,0,8000,3,-3,12,Black,35.74,0,0
822,0.0,0,0,0,0,0,5,3,3,3,3,2,4,0,0.0,2,0,-3,7,12,12,Black,-0.004,0,0
823,1.0,0,0,0,0,0,4,2,3,1,1,2,-4,0,0.0,1,0,-3,7,12,12,Black,-0.004,0,0
824,0.0,0,0,0,0,0,5,3,1,3,2,3,4,0,0.0,2,-4,-4,3,12,9,Hispanic,22.08,0,0
825,1.0,0,0,0,0,0,10,2,2,1,1,1,-4,0,0.0,2,-4,-4,3,12,9,Hispanic,21.94,0,0
826,1.0,0,0,0,0,0,5,2,2,3,4,1,3,1,,1,0,-3,4,-3,15,Hispanic,-0.004,0,1
827,1.0,0,0,0,0,0,4,2,3,2,2,1,-4,0,0.0,1,0,36750,4,17,15,White,84.822,0,0
828,1.0,0,0,0,0,0,2,2,1,1,1,1,-4,0,0.0,2,0,-3,6,12,12,White,48.674,0,0
829,,,0,0,0,0,3,2,2,1,1,1,-4,0,,2,0,26400,3,12,12,White,-0.004,-5,-5
830,1.0,0,0,0,0,0,0,1,1,2,1,1,-4,1,1.0,1,0,65329,4,12,12,White,-0.004,0,0
831,1.0,0,0,0,0,0,0,2,2,1,1,1,-4,0,0.0,1,0,40800,3,19,13,White,76.002,0,0
832,1.0,0,0,0,1,0,2,2,1,3,2,1,-4,0,0.0,2,0,155500,4,12,14,White,83.735,-5,-5
833,1.0,0,0,0,0,0,2,2,1,2,1,1,-4,0,0.0,2,0,147500,4,14,16,White,88.213,0,0
834,0.0,,0,0,0,0,1,2,2,1,1,1,-4,0,,1,0,377500,5,12,12,White,-0.004,-5,-5
835,1.0,0,0,0,3,0,3,2,3,2,3,2,-4,1,0.0,2,-4,-4,4,16,16,White,41.643,0,0
836,1.0,0,0,0,0,0,0,2,2,2,4,1,3,0,0.0,1,0,234500,4,12,12,White,-0.004,0,0
837,0.0,0,0,0,2,0,1,3,4,2,1,1,1,0,,1,0,93750,5,10,9,White,13.25,0,0
838,0.0,1,0,0,3,0,2,3,3,1,1,1,1,1,0.0,2,0,93750,5,10,9,White,28.146,0,0
839,1.0,0,0,0,0,0,6,2,1,1,1,1,2,0,0.0,2,0,322500,4,12,16,White,93.117,0,0
840,1.0,0,0,0,0,0,3,1,1,1,1,1,-4,0,0.0,2,0,322500,4,12,16,White,77.32,0,0
841,1.0,0,0,0,0,0,1,2,1,2,2,1,-4,0,0.0,2,0,600000,4,16,17,White,92.924,0,0
842,1.0,0,0,0,0,0,5,2,1,1,1,1,-4,0,0.0,1,0,133900,5,18,13,White,66.939,0,0
843,1.0,0,0,0,2,0,30,3,2,2,2,1,2,0,0.0,1,-4,-4,3,12,16,Asian,79.719,0,0
844,1.0,0,0,0,0,0,13,2,2,1,1,1,-4,0,0.0,2,0,2750,3,15,15,White,31.267,0,0
845,1.0,0,0,0,0,0,6,2,2,3,2,1,2,0,0.0,1,0,-3,4,18,16,Other,66.257,-5,-5
846,1.0,0,0,0,0,0,4,2,2,2,2,1,2,1,1.0,2,0,71250,3,17,13,Hispanic,45.919,0,0
847,1.0,0,1,0,0,0,3,2,3,3,4,1,-4,1,0.0,1,0,106500,6,14,13,Black,60.225,0,0
848,0.0,1,0,0,4,0,2,3,3,1,1,1,-4,0,0.0,2,0,106500,6,14,13,Black,30.799,0,0
849,0.0,0,0,0,0,0,3,4,2,5,1,2,3,0,0.0,2,0,-3,4,12,14,Black,2.167,0,0
850,1.0,0,0,0,0,0,3,2,1,4,3,2,4,0,0.0,2,0,3838,3,12,12,Black,65.686,0,0
851,1.0,0,0,0,0,0,14,2,2,2,3,2,-4,0,0.0,2,0,17250,8,10,12,Other,65.618,0,1
852,0.0,1,1,0,0,0,4,2,2,2,1,1,-4,0,0.0,1,-4,-5000,8,12,11,Other,25.539,0,0
853,1.0,0,1,0,0,1,2,2,3,3,2,3,-4,0,0.0,2,0,17250,8,10,12,Other,23.167,0,0
854,0.0,0,0,0,10,1,2,2,1,1,1,2,-4,0,,2,0,8300,7,12,5,Asian,-0.004,-5,-5
855,1.0,0,0,0,0,0,3,1,3,3,3,1,3,1,0.0,2,0,-3,5,-4,17,White,81.882,0,0
856,1.0,0,1,0,1,1,3,2,2,2,2,1,3,0,0.0,1,1,22050,3,-3,15,White,35.054,0,-4
857,1.0,0,0,0,0,0,0,2,2,2,2,1,2,0,1.0,2,0,134800,4,12,13,White,76.355,0,0
858,1.0,0,0,0,2,0,0,1,1,1,1,1,-4,0,0.0,2,0,134800,4,12,13,White,17.212,0,0
859,0.0,0,0,0,0,0,5,1,1,1,1,1,-4,1,0.0,1,0,385500,5,12,14,White,13.132,0,0
860,0.0,0,0,0,0,0,5,2,2,2,2,1,1,0,0.0,1,0,334000,6,18,12,Other,87.904,0,0
861,1.0,0,0,0,0,0,2,2,2,1,1,1,-4,0,0.0,1,-4,-4,6,18,12,Other,64.221,0,0
862,0.0,0,1,0,4,0,30,2,3,4,3,3,3,0,0.0,2,0,8850,4,12,13,White,7.766,0,0
863,0.0,0,1,1,0,0,10,2,1,2,1,1,-4,1,,2,0,8850,4,12,13,White,32.722,0,0
864,0.0,0,1,0,8,0,88,4,3,5,5,1,5,1,0.0,2,0,3950,3,12,12,White,-0.004,0,-2
865,1.0,0,0,0,0,0,2,1,2,1,1,1,-4,0,0.0,1,0,47300,3,12,12,White,92.938,-5,-5
866,0.0,0,0,0,0,-2,7,2,4,3,5,1,-4,0,0.0,1,-4,-4,3,12,12,White,-0.004,0,-4
867,0.0,0,1,0,1,1,4,2,3,2,1,1,-4,0,0.0,1,-4,18750,3,12,12,White,-0.004,-2,-4
868,0.0,0,0,0,0,0,10,3,4,4,5,2,-4,1,0.0,2,0,18750,3,-3,-3,Black,22.802,0,0
869,0.0,,0,0,0,0,2,2,2,1,1,1,-4,0,,2,-4,-4,7,-4,-3,Asian,24.827,-5,-5
870,1.0,0,0,1,0,0,2,3,3,1,1,1,-4,0,0.0,1,0,20000,6,12,12,Black,14.973,0,0
871,0.0,0,1,2,0,1,3,4,3,5,5,4,-4,0,,2,0,24984,4,-3,-3,Black,14.279,0,1
872,1.0,0,1,0,0,1,15,2,4,4,4,3,4,0,0.0,1,0,500,3,-4,4,Hispanic,72.985,-5,-5
873,1.0,,0,0,0,0,5,3,3,3,3,1,-4,0,1.0,2,0,500,3,-4,4,Hispanic,65.003,0,1
874,1.0,0,0,0,0,0,1,2,2,1,1,1,-4,0,0.0,1,0,6250,8,6,10,Hispanic,2.943,0,0
875,0.0,0,0,0,0,0,4,2,2,4,5,3,-4,0,1.0,2,0,5050,3,11,12,White,45.442,0,0
876,0.0,0,0,0,0,0,3,2,1,1,1,1,-4,0,0.0,2,0,2500,7,14,12,White,40.111,0,0
877,0.0,,0,1,0,0,24,1,4,5,5,4,5,1,1.0,1,0,3750,3,-3,11,Black,-0.004,-5,-5
878,1.0,0,0,0,1,0,8,3,3,3,2,1,-4,0,0.0,2,-4,-4,5,-3,-3,Other,49.844,-5,-5
879,1.0,0,0,0,0,0,2,2,2,5,3,3,2,0,0.0,2,0,-2250,4,16,-3,Asian,22.579,0,0
880,1.0,0,0,0,0,0,3,2,1,3,2,3,3,0,,2,0,1280,5,-3,11,Hispanic,25.857,-5,-5
881,0.0,0,0,0,0,0,8,1,2,5,5,1,4,0,0.0,2,0,17500,3,-3,17,Black,45.363,0,0
882,0.0,0,0,0,3,2,5,2,3,4,4,4,-4,0,0.0,1,0,-750,4,11,13,Hispanic,-0.004,0,0
883,1.0,0,1,0,0,0,9,2,2,3,2,1,-4,1,0.0,2,0,215979,4,14,12,Hispanic,54.87,0,0
884,1.0,,1,0,1,0,18,2,2,2,1,1,2,0,0.0,1,0,110970,5,14,16,Asian,50.894,0,0
885,1.0,0,0,0,0,0,4,2,1,4,2,2,-4,0,0.0,1,0,110970,5,14,16,Asian,37.811,0,0
886,0.0,0,0,0,0,0,3,2,2,4,2,1,1,0,,1,0,137000,5,12,13,White,59.157,-5,-5
887,1.0,,0,0,0,0,20,2,2,3,2,2,-4,0,,2,0,137000,5,12,13,White,31.578,-5,-5
888,1.0,0,0,0,0,0,0,2,1,3,1,1,2,0,0.0,2,-4,-4,4,-4,-4,Other,42.359,-5,-5
889,0.0,0,0,0,1,0,0,2,3,1,1,1,-4,0,,1,-4,-4,4,-4,-4,White,-0.004,0,0
890,0.0,0,0,2,0,0,1,1,2,1,2,1,3,0,,1,-4,-4,8,11,12,Black,24.015,0,1
891,0.0,0,1,0,3,2,0,2,3,4,3,3,5,1,,1,-4,-4,8,11,12,Black,17.079,0,0
892,0.0,0,0,0,0,0,0,2,2,1,1,1,-4,0,,2,-4,-4,8,11,12,Black,15.783,0,0
893,1.0,0,0,0,0,0,0,2,2,5,4,2,4,1,0.0,1,-4,-4,6,15,15,Hispanic,55.322,0,0
894,1.0,0,0,0,0,0,4,2,2,3,3,2,2,0,,1,0,-3,6,15,15,Hispanic,35.079,0,0
895,1.0,0,0,0,2,0,6,2,3,1,1,1,-4,0,,1,0,-3,6,15,15,Hispanic,24.099,0,0
896,0.0,0,0,0,0,0,0,2,2,1,1,1,-4,1,,2,0,92250,5,12,13,Other,-0.004,0,0
897,1.0,1,0,0,1,0,2,1,2,1,1,1,-4,0,0.0,2,0,600000,4,14,14,White,70.718,0,0
898,0.0,0,1,0,5,1,0,2,2,2,1,1,-4,1,,1,0,107122,4,14,12,White,75.173,-5,-5
899,1.0,0,0,0,0,0,12,2,3,3,4,1,3,0,0.0,2,0,-3,5,18,14,White,41.909,-5,-5
900,1.0,0,0,0,0,4,6,1,2,2,1,1,-4,0,0.0,1,0,-3,5,18,14,White,46.715,-5,-5
901,1.0,0,0,0,0,0,2,2,3,2,1,1,-4,0,0.0,2,0,342500,5,14,14,White,60.434,0,0
902,0.0,0,0,0,0,0,0,2,2,4,3,2,3,0,0.0,2,0,74250,4,-3,-3,Other,13.394,-5,-5
903,1.0,0,0,0,0,0,4,2,2,3,2,1,1,0,,1,0,297500,3,12,12,Hispanic,19.864,0,0
904,0.0,0,1,0,0,0,2,3,4,2,1,3,-4,1,,2,0,3950,4,-3,-3,Hispanic,26.078,0,0
905,0.0,0,1,0,0,0,5,2,2,3,2,2,-4,0,,2,1,3500,5,12,12,Hispanic,46.474,0,0
906,0.0,0,1,0,0,0,3,4,2,3,2,2,-4,0,,2,0,50001,3,8,10,White,11.754,0,0
907,0.0,0,0,0,0,0,20,2,2,4,3,5,5,0,0.0,2,0,500,3,-4,-3,Hispanic,-0.004,0,0
908,0.0,0,0,0,1,0,3,1,1,1,1,1,-4,1,0.0,2,0,1750,4,-4,8,Other,7.227,-2,0
909,0.0,0,0,0,0,0,2,2,1,2,1,1,-4,0,0.0,1,0,1750,4,-4,8,Other,3.8,1,-2
910,0.0,,0,0,1,1,6,3,3,2,1,1,3,0,,2,0,345000,4,-3,-3,White,22.554,-5,-5
911,1.0,0,0,0,20,0,10,2,4,4,4,2,-4,1,0.0,1,-4,-4,3,-3,-3,Hispanic,55.786,0,0
912,1.0,0,0,0,0,0,1,2,4,5,5,1,4,0,,2,0,125000,4,16,16,Black,47.83,-5,-5
913,1.0,0,0,0,1,0,5,2,1,3,1,1,-4,0,1.0,2,0,600000,4,17,16,White,24.294,0,0
914,1.0,0,0,0,0,0,8,2,2,2,1,1,-4,0,,1,0,-3,3,16,13,White,34.987,-5,-5
915,1.0,0,0,0,0,0,7,2,2,2,2,1,2,0,0.0,2,0,600000,4,16,14,Asian,71.805,0,0
916,1.0,0,0,0,0,0,2,2,2,2,1,1,-4,0,0.0,2,0,600000,4,16,14,Asian,70.288,0,0
917,1.0,0,0,0,0,1,4,2,2,1,1,1,-4,0,0.0,1,0,-3,5,19,18,White,-0.004,0,0
918,1.0,0,0,0,0,1,0,2,2,2,4,1,3,0,0.0,1,0,600000,4,20,18,Asian,89.502,0,0
919,1.0,0,0,0,0,0,1,1,1,1,1,1,-4,0,0.0,2,0,600000,4,20,18,Asian,63.707,0,0
920,1.0,0,0,0,0,0,5,2,2,2,1,1,1,0,,2,0,-3,4,18,16,Asian,-0.004,-5,-5
921,0.0,1,0,0,0,0,2,2,3,2,2,1,-4,0,0.0,1,0,88000,6,14,14,Hispanic,-0.004,0,0
922,1.0,0,0,0,1,0,4,2,4,4,4,1,-4,0,0.0,2,0,487600,3,16,16,Hispanic,71.471,0,0
923,1.0,0,0,0,0,0,1,2,3,3,1,2,2,0,1.0,2,0,19004,5,12,14,Other,25.009,0,0
924,1.0,1,0,0,0,0,1,1,2,3,1,1,2,0,0.0,2,0,19004,5,14,16,Black,51.695,0,0
925,1.0,0,0,0,0,0,0,3,3,2,1,1,1,0,,2,0,250,5,-4,11,Hispanic,-0.004,-5,-5
926,0.0,1,0,0,0,0,2,3,3,4,-2,1,-4,0,,1,0,250,5,7,11,Hispanic,-0.004,0,0
927,1.0,0,0,0,0,1,0,2,1,2,2,2,2,1,1.0,1,0,296000,4,16,16,Hispanic,-0.004,0,0
928,0.0,0,0,0,0,0,1,2,2,-2,-2,-2,-4,1,0.0,2,0,296000,4,16,16,Hispanic,-0.004,0,0
929,1.0,0,0,0,0,0,1,3,3,1,2,1,-4,0,0.0,1,0,326750,5,16,16,Asian,96.075,0,0
930,0.0,0,0,0,0,0,3,2,2,1,1,1,-4,0,0.0,2,0,12700,3,-3,12,Hispanic,30.012,0,0
931,1.0,0,0,0,0,0,0,2,2,1,1,1,-4,0,0.0,2,0,-3,4,14,14,Black,91.934,0,0
932,0.0,0,0,0,0,0,0,2,1,1,1,1,-4,1,1.0,2,0,-3,3,12,16,Asian,-0.004,0,0
933,1.0,0,0,0,0,0,1,1,2,4,4,1,2,0,0.0,2,0,-3,4,13,19,White,88.446,0,0
934,1.0,0,0,0,0,0,5,2,2,1,1,1,-4,0,0.0,2,0,-3,4,13,19,White,93.017,0,0
935,1.0,0,0,0,0,0,2,2,2,1,1,1,-4,0,,2,0,78500,5,12,16,Hispanic,88.303,0,0
936,1.0,0,0,0,0,0,2,2,2,2,1,1,-4,0,0.0,1,0,134750,8,18,16,Asian,46.239,0,0
937,1.0,,0,0,0,0,0,1,1,1,1,1,2,0,,1,0,-3,5,16,14,Hispanic,83.343,-5,-5
938,1.0,0,1,0,2,3,2,2,2,2,1,1,-4,1,0.0,1,0,-3,5,16,14,Hispanic,28.754,-5,-5
939,0.0,0,0,0,0,0,3,1,1,3,2,2,2,0,1.0,2,-4,-4,5,16,12,Asian,41.292,0,0
940,1.0,0,0,0,7,0,0,3,3,4,2,1,-4,1,0.0,1,0,332000,4,20,17,Asian,97.754,0,0
941,1.0,,0,0,0,1,4,-2,4,3,3,1,3,0,,2,-4,-4,2,20,17,White,71.111,-5,-5
942,1.0,0,0,0,0,0,2,2,2,4,5,1,-4,1,1.0,1,0,384500,5,18,16,White,84.902,-5,-5
943,1.0,0,0,0,0,0,6,1,2,1,1,1,-4,0,0.0,1,0,384500,5,18,16,White,76.746,0,0
944,0.0,0,0,0,0,0,0,2,2,5,4,3,3,1,0.0,2,0,467750,4,16,20,Asian,84.141,-5,-5
945,0.0,0,0,0,0,0,2,2,2,3,2,2,3,1,0.0,2,0,-3,3,16,16,White,95.49,0,0
946,0.0,,0,0,0,1,2,1,2,2,3,1,3,0,,1,0,88200,4,12,14,Other,81.017,-5,-5
947,0.0,0,0,0,1,0,7,2,2,4,4,1,4,0,0.0,2,0,248750,4,17,14,Hispanic,88.91,-5,-5
948,1.0,0,0,0,0,0,6,1,2,1,1,1,-4,0,0.0,2,0,248750,4,17,14,Hispanic,46.225,-5,-5
949,0.0,0,0,0,0,0,0,3,4,3,3,2,4,0,0.0,2,0,236400,5,16,16,Asian,31.876,0,0
950,0.0,0,0,0,0,0,4,2,1,1,1,1,-4,0,0.0,2,0,236400,5,16,16,Asian,74.565,-5,-5
951,1.0,0,0,0,0,0,3,1,3,4,5,1,3,0,,2,0,497500,4,20,18,White,66.579,-5,-5
952,1.0,0,1,0,0,0,1,2,2,1,1,1,-4,0,0.0,2,0,497500,4,20,18,White,92.727,-5,-5
953,1.0,0,0,0,0,0,14,1,2,2,1,2,-4,0,0.0,1,0,267500,3,16,18,Asian,53.442,-5,-5
954,1.0,0,0,0,0,0,12,2,2,5,4,2,4,0,,2,0,228700,4,12,16,White,38.872,0,0
955,1.0,0,0,0,0,0,0,2,2,1,1,1,-4,0,0.0,2,0,-3,4,16,16,White,68.613,0,0
956,1.0,0,0,0,0,0,0,2,2,1,1,1,-4,0,0.0,1,0,115000,3,17,16,White,83.262,0,0
957,0.0,0,0,0,0,0,1,1,2,1,1,1,-4,0,0.0,1,0,546051,5,18,12,White,96.6,0,0
958,1.0,0,0,0,0,0,7,2,2,3,1,1,2,1,1.0,1,0,-3,5,16,12,White,47.09,0,0
959,1.0,0,0,0,0,0,2,2,3,1,1,1,-4,0,,1,0,-3,5,16,12,White,14.042,0,0
960,1.0,,0,0,0,0,3,1,1,2,1,1,1,0,,1,0,600000,4,12,12,White,37.49,-5,-5
961,0.0,0,0,0,0,0,0,1,3,1,1,1,-4,0,0.0,2,0,-3,3,16,13,White,65.859,0,0
962,1.0,0,0,0,0,0,0,2,2,2,2,2,3,0,1.0,1,0,332500,5,14,17,White,72.445,0,0
963,0.0,0,0,0,0,0,1,2,2,1,1,1,-4,0,0.0,1,0,332500,5,14,17,White,97.287,0,0
964,0.0,0,0,0,0,0,2,2,1,3,3,1,-4,0,0.0,2,0,600000,4,16,16,Hispanic,98.004,0,0
965,1.0,0,0,0,0,1,0,2,3,2,1,1,-4,0,,2,0,600000,5,16,14,Hispanic,41.795,-5,-5
966,1.0,0,0,0,0,0,8,1,1,1,1,1,-4,0,0.0,2,0,-3,8,12,11,White,-0.004,-5,-5
967,1.0,0,0,0,0,0,2,2,2,1,1,1,1,0,0.0,2,0,600000,4,16,16,Other,92.553,0,0
968,0.0,0,0,0,0,0,1,2,1,2,3,1,4,0,,1,0,575001,5,16,18,White,-0.004,0,0
969,0.0,0,0,0,0,0,0,2,1,2,2,2,-4,0,,2,0,575001,5,16,18,White,-0.004,0,0
970,1.0,0,1,0,25,2,0,2,4,2,1,1,-4,1,1.0,1,0,487501,4,18,16,White,49.509,0,0
971,1.0,0,0,0,0,0,0,2,1,1,1,1,-4,-3,0.0,2,0,358820,4,16,18,White,57.779,0,0
972,1.0,0,0,0,0,0,8,2,3,2,3,1,-4,0,0.0,1,0,-3,5,20,16,White,81.082,0,0
973,1.0,,0,0,2,0,1,2,2,2,1,1,-4,0,,1,0,600000,5,20,20,Hispanic,94.066,0,0
974,1.0,0,1,0,0,0,5,2,3,1,1,1,-4,0,0.0,1,0,600000,4,20,19,White,99.147,0,0
975,1.0,0,1,0,0,0,2,2,2,3,3,1,3,0,,1,0,600000,5,14,12,White,43.312,0,0
976,0.0,0,0,0,1,0,2,2,2,2,4,2,3,0,0.0,1,0,600000,5,14,12,White,45.486,0,0
977,1.0,0,1,0,5,0,7,3,2,2,2,1,-4,0,0.0,1,0,326500,3,8,16,White,37.9,-5,-5
978,1.0,0,0,0,0,0,1,1,2,1,1,1,1,0,0.0,1,0,600000,4,18,16,Asian,98.692,0,0
979,1.0,0,0,0,0,0,1,1,2,1,1,1,-4,0,0.0,2,0,600000,4,18,16,Asian,98.758,0,0
980,0.0,0,1,0,0,0,6,1,2,3,4,1,-4,1,0.0,1,0,600000,4,19,16,White,85.075,0,0
981,0.0,0,0,0,0,0,3,1,2,4,3,2,3,0,1.0,1,0,332500,3,16,12,White,8.362,0,0
982,1.0,,0,0,0,0,4,2,2,1,1,1,1,0,,1,0,-3,3,12,12,White,93.084,-5,-5
983,0.0,0,0,0,1,0,3,2,2,1,1,1,-4,0,0.0,2,0,-3,5,14,13,Hispanic,88.75,0,0
984,0.0,0,0,0,0,0,10,2,2,1,1,1,1,0,0.0,2,0,209500,4,-3,6,Hispanic,36.803,0,0
985,0.0,,1,0,0,1,23,3,3,5,4,3,4,0,,2,0,7750,6,4,7,Hispanic,0.345,-5,-5
986,0.0,0,0,0,-4,-4,-4,-4,-4,4,4,1,4,0,0.0,2,0,-3,3,18,12,White,87.455,0,0
987,0.0,0,1,0,0,1,50,2,2,3,5,3,-4,1,0.0,1,0,-3,3,18,12,Hispanic,78.318,0,0
988,1.0,0,0,0,0,0,4,2,2,1,1,1,-4,0,0.0,2,0,32000,4,-3,12,White,97.316,0,-4
989,1.0,0,0,0,0,0,3,2,2,1,1,1,-4,0,0.0,2,0,109750,5,16,13,White,62.978,0,0
990,0.0,0,1,2,1,0,0,1,2,1,3,1,1,0,1.0,1,-4,-4,6,12,-3,White,56.688,0,0
991,0.0,0,0,2,0,0,5,2,2,3,2,2,3,0,,1,-4,-4,2,-3,-3,Asian,-0.004,-5,-5
992,1.0,0,0,0,10,0,3,2,3,4,4,2,-4,0,1.0,2,0,14400,2,12,13,White,-0.004,0,-2
993,0.0,0,0,0,0,0,1,3,4,3,4,2,4,0,,2,-4,-4,4,13,12,Asian,-0.004,0,0
994,1.0,,0,0,0,0,10,2,2,2,1,1,-4,0,,1,0,-3,6,14,13,White,80.797,-5,-5
995,0.0,0,0,0,-4,-4,-4,2,3,5,5,3,5,0,0.0,2,0,-3,3,12,12,Hispanic,51.778,0,0
996,1.0,0,0,0,0,0,2,2,2,5,3,2,3,1,1.0,2,0,124500,6,14,14,Asian,36.039,0,0
997,1.0,,0,0,0,0,2,2,2,2,2,2,2,0,0.0,1,0,19500,3,12,13,Asian,58.719,0,0
998,0.0,0,1,0,0,0,2,3,3,3,3,3,-4,1,0.0,1,0,-3,4,11,11,Black,39.787,0,0
999,0.0,0,1,4,0,1,3,2,2,3,1,3,-4,1,0.0,1,0,66000,4,12,12,White,54.835,0,0
1000,1.0,1,0,0,0,0,30,2,4,5,2,3,2,0,1.0,1,-4,-4,5,16,15,Other,17.42,0,0
1001,0.0,0,1,3,0,1,1,2,4,3,4,2,-4,0,,1,-4,-4,5,-4,-4,Black,29.268,-5,-5
1002,0.0,0,0,0,2,0,2,2,2,4,4,4,-4,1,0.0,1,-4,-4,5,-4,-4,Black,26.381,0,0
1003,1.0,0,0,0,0,0,5,2,2,3,2,2,-4,-3,0.0,2,-4,-4,6,7,16,Asian,29.276,0,0
1004,1.0,0,0,0,1,0,1,2,3,5,4,3,-4,0,0.0,1,-4,-4,6,7,16,Asian,41.822,0,0
1005,0.0,0,0,0,0,0,1,4,2,3,1,4,-4,1,0.0,1,0,8500,9,-3,16,Asian,47.386,0,0
1006,0.0,0,0,0,1,1,12,1,1,2,1,3,-4,0,0.0,1,0,8500,9,-3,16,Asian,18.999,0,0
1007,1.0,0,0,0,0,0,1,2,1,3,1,1,-4,0,0.0,1,0,-3,7,16,16,Asian,20.759,-5,-5
1008,1.0,0,0,0,0,0,15,2,3,5,4,1,5,0,1.0,2,0,-3,4,14,12,White,34.578,0,0
1009,1.0,0,0,0,1,0,2,2,2,2,2,1,-4,0,0.0,1,0,-3,4,14,12,White,82.177,0,0
1010,1.0,0,0,0,0,0,1,3,2,3,1,4,-4,0,0.0,2,-4,-4,7,12,12,Asian,-0.004,-5,-5
1011,1.0,0,0,0,3,0,10,3,2,3,2,1,2,1,0.0,1,0,-2800,5,17,12,White,99.067,0,0
1012,0.0,1,0,0,0,0,10,2,2,1,1,1,-4,0,0.0,1,0,-2800,5,17,12,White,90.817,0,0
1013,1.0,0,0,0,0,0,3,1,2,1,1,1,-4,0,0.0,1,0,-3,5,14,14,Black,68.139,0,0
1014,1.0,1,0,0,0,0,3,2,2,2,3,4,-4,0,,1,0,24850,6,16,14,Asian,29.819,0,0
1015,1.0,0,0,0,0,0,2,2,1,2,1,2,-4,0,,1,0,24850,6,16,14,Asian,69.021,-5,-5
1016,1.0,0,0,0,0,0,2,1,1,2,1,1,1,0,0.0,1,0,36500,5,-4,12,Asian,52.996,0,0
1017,0.0,,0,0,0,0,4,1,1,2,1,2,-4,0,,2,0,36500,5,-4,12,Asian,17.283,-5,-5
1018,1.0,0,0,0,3,1,1,2,3,1,1,1,-4,0,0.0,1,0,198500,4,12,16,White,73.083,0,0
1019,1.0,0,0,0,0,0,0,1,1,2,2,2,-4,0,0.0,1,0,73200,5,14,17,Asian,89.397,0,0
1020,1.0,1,0,0,0,0,10,2,1,4,3,1,2,0,0.0,1,0,89200,4,12,14,White,14.47,0,0
1021,0.0,0,0,0,0,0,2,1,3,2,1,1,-4,0,0.0,2,0,288000,5,14,13,White,87.74,0,0
1022,1.0,1,0,0,0,0,4,2,1,3,3,2,4,0,0.0,2,0,-5400,5,15,18,White,66.015,0,0
1023,1.0,0,0,0,0,0,8,2,2,1,1,1,-4,0,0.0,2,0,226750,4,12,14,Hispanic,63.809,-5,-5
1024,1.0,0,0,0,0,0,15,2,2,3,2,1,3,0,0.0,2,0,81000,5,-3,14,White,95.928,0,0
1025,0.0,0,0,3,0,0,3,2,3,1,2,1,1,0,0.0,1,0,494500,4,16,16,White,75.378,0,0
1026,0.0,0,0,0,2,0,4,2,2,4,3,2,2,1,0.0,1,0,-3,7,10,12,White,73.778,0,-2
1027,0.0,0,0,0,0,0,1,2,3,4,2,1,-2,1,0.0,1,0,60511,7,12,12,White,7.278,0,0
1028,0.0,0,0,0,0,1,4,2,2,3,1,2,-4,0,0.0,1,0,60511,7,12,12,White,79.287,-5,-5
1029,0.0,0,0,0,0,0,30,3,3,4,2,1,4,0,0.0,2,0,113000,3,11,10,White,59.518,0,0
1030,0.0,0,0,0,1,0,6,2,1,4,2,1,-2,0,0.0,1,0,-3,3,12,10,White,69.783,0,0
1031,0.0,0,0,0,0,0,3,2,2,3,1,1,3,0,,1,1,-8250,3,8,9,Black,43.999,0,1
1032,1.0,0,0,0,2,0,2,1,1,1,1,1,-4,1,0.0,1,0,500,4,11,11,Black,16.84,0,0
1033,0.0,0,0,0,0,2,6,2,2,2,1,1,-4,0,0.0,2,0,500,4,12,11,Black,-0.004,0,0
1034,0.0,0,1,2,1,5,19,2,1,5,4,3,-4,1,0.0,1,0,1750,4,13,10,Black,10.319,-5,-5
1035,0.0,0,0,0,1,0,5,2,3,2,2,2,3,0,,2,-4,-4,3,12,10,Black,-0.004,0,0
1036,0.0,1,1,0,30,0,0,3,2,2,1,3,-4,0,0.0,1,0,1700,5,12,10,Black,-0.004,-5,-5
1037,0.0,0,1,0,0,0,9,3,2,1,1,1,-4,0,0.0,1,0,-1500,5,-4,-3,Black,0.835,0,0
1038,0.0,0,1,0,5,7,42,4,3,1,1,1,-4,1,0.0,1,0,-1500,5,-4,-3,Black,-0.004,0,0
1039,0.0,0,0,0,1,1,4,2,1,2,1,1,-4,1,0.0,2,0,500,7,-3,11,Black,12.321,0,-2
1040,0.0,0,0,0,0,0,10,2,2,3,3,3,4,1,,2,0,19750,3,12,12,Black,17.119,0,0
1041,0.0,0,1,1,1,12,1,2,2,2,2,3,2,0,0.0,1,0,3750,5,11,10,Black,0.0,0,0
1042,0.0,0,0,0,0,1,5,2,2,5,2,1,-4,0,0.0,2,0,3750,5,11,10,Black,16.713,0,1
1043,0.0,0,0,0,0,0,1,2,2,1,1,1,4,0,,2,1,-1250,6,-3,9,Black,-0.004,-5,-5
1044,0.0,0,0,0,0,0,3,2,2,1,1,2,-4,0,0.0,1,0,-1250,6,-3,9,Black,6.128,0,-2
1045,0.0,0,0,0,0,0,3,3,4,4,4,3,4,0,1.0,2,1,-3500,4,12,12,Black,-0.004,0,0
1046,0.0,1,0,0,0,2,3,2,2,1,1,3,-4,1,1.0,1,1,-3500,4,-3,12,Black,10.082,0,0
1047,1.0,0,1,0,0,5,15,2,3,5,5,1,5,0,,2,0,7000,4,-3,12,Black,2.77,0,1
1048,1.0,0,0,0,0,0,4,1,2,2,2,1,-4,1,0.0,2,0,500,3,11,11,Black,-0.004,0,1
1049,0.0,1,1,0,0,0,16,2,2,1,1,1,-4,0,,1,0,13650,3,8,10,Hispanic,13.881,0,1
1050,0.0,0,0,0,1,0,20,2,2,4,2,5,5,0,,2,1,-5738,6,-3,9,Black,0.139,-1,-1
1051,0.0,,1,1,3,3,5,1,3,1,1,1,2,0,,1,0,-5738,6,-3,9,Black,0.639,-5,-5
1052,0.0,0,1,0,3,3,12,2,3,5,5,1,-4,1,1.0,2,0,6250,4,12,11,Black,-0.004,0,0
1053,0.0,0,0,0,0,0,19,3,3,4,3,5,5,1,,1,1,1750,3,12,12,Black,44.032,0,0
1054,0.0,0,0,0,1,2,13,2,2,2,1,1,-4,0,0.0,2,0,-3,3,8,12,Black,4.842,0,-4
1055,0.0,0,0,0,0,1,3,1,2,1,1,1,-4,0,,2,0,1950,5,-3,11,Black,-0.004,0,1
1056,0.0,0,0,0,0,0,15,2,2,3,2,1,5,0,0.0,2,0,1750,5,-3,11,Black,26.913,0,0
1057,0.0,0,0,0,0,0,0,3,2,4,2,5,3,0,0.0,2,0,1750,5,-3,11,Black,7.205,0,-4
1058,0.0,0,1,2,1,0,11,2,2,4,2,2,3,0,0.0,1,0,2050,2,12,12,Black,-0.004,-5,-5
1059,0.0,0,0,0,0,2,2,2,3,1,1,1,-4,1,0.0,1,0,18100,3,12,12,Black,-0.004,0,0
1060,1.0,1,0,0,0,0,6,1,1,2,1,1,-4,0,0.0,2,0,12250,2,16,9,Black,46.48,0,0
1061,1.0,0,0,0,0,0,2,2,3,3,2,2,-4,0,0.0,2,0,1750,4,11,12,Black,30.329,-5,-5
1062,0.0,1,0,0,15,0,7,1,4,4,2,2,4,1,0.0,1,0,7600,2,11,13,Black,13.27,0,0
1063,1.0,0,1,1,80,4,20,3,3,3,4,2,-4,0,,1,0,300,4,12,-3,Black,44.967,0,0
1064,,,0,0,0,2,3,3,3,3,4,1,4,0,,2,0,-3,3,12,12,Black,-0.004,-5,-5
1065,1.0,0,0,0,0,0,1,2,2,3,3,1,3,0,,1,0,39000,5,12,12,Black,18.481,0,0
1066,1.0,0,0,0,1,0,6,2,2,3,1,2,-4,0,1.0,2,0,35100,5,12,13,Black,57.487,0,0
1067,0.0,0,1,0,0,0,20,1,3,2,1,1,-4,0,0.0,2,0,76790,7,3,6,Hispanic,34.815,0,0
1068,0.0,0,0,0,0,1,5,2,2,1,1,1,-4,0,0.0,1,0,76790,7,3,6,Hispanic,26.063,0,0
1069,,,0,0,0,1,2,2,2,4,3,2,-4,0,,1,0,-3,5,15,13,White,-0.004,-5,-5
1070,0.0,0,0,0,1,0,1,2,2,3,2,1,3,0,1.0,2,0,32100,5,13,12,Black,48.016,0,0
1071,0.0,0,0,0,0,1,5,1,3,1,1,1,-4,0,0.0,1,0,104000,4,12,12,Hispanic,74.768,0,0
1072,1.0,0,1,0,0,1,9,2,4,4,4,2,5,0,0.0,1,0,-13250,3,-3,15,Black,-0.004,0,0
1073,1.0,0,0,0,0,0,2,2,2,3,3,1,3,0,1.0,2,0,241000,4,18,14,White,96.849,-5,-5
1074,1.0,0,0,0,0,0,0,1,2,3,2,1,-4,0,0.0,1,0,241000,4,18,14,White,89.97,0,0
1075,0.0,0,0,0,2,1,5,1,1,5,3,2,-4,0,0.0,2,0,243750,3,12,16,Black,70.261,0,1
1076,1.0,0,0,0,0,0,1,1,1,3,2,1,1,0,0.0,2,0,222500,5,16,14,White,-0.004,-5,-5
1077,1.0,0,0,0,0,0,2,2,2,1,1,1,-4,0,0.0,2,0,222500,5,16,14,White,-0.004,-5,-5
1078,1.0,0,0,0,0,0,0,2,2,2,1,1,-4,0,0.0,1,0,-3,4,16,12,White,25.218,0,0
1079,1.0,,0,0,0,0,1,2,2,3,2,1,2,0,,1,0,-3,4,14,12,White,-0.004,-5,-5
1080,1.0,,0,0,0,0,1,2,2,4,4,2,-4,1,,2,0,-3,4,14,12,White,-0.004,-5,-5
1081,1.0,0,0,0,0,0,2,2,2,2,1,1,-4,1,0.0,1,0,362001,4,18,18,White,95.237,0,0
1082,1.0,0,0,0,0,0,6,1,2,2,1,1,-4,0,0.0,2,0,600000,4,20,16,White,96.117,0,0
1083,1.0,0,0,0,0,0,5,2,1,4,3,1,3,0,0.0,2,0,280000,4,16,14,White,75.922,-5,-5
1084,1.0,0,0,0,0,0,0,1,2,3,2,1,-4,0,0.0,2,0,280000,4,16,14,White,63.819,0,0
1085,1.0,0,0,0,5,0,10,2,3,5,3,1,3,1,1.0,1,0,-3,5,14,13,White,23.518,0,0
1086,1.0,0,0,0,0,0,1,2,2,1,1,1,-4,0,0.0,1,-4,-4,5,16,12,White,96.974,0,0
1087,1.0,0,0,0,0,0,1,1,2,4,3,1,3,0,0.0,2,0,-3,5,12,12,Hispanic,93.441,0,0
1088,1.0,0,0,0,0,0,7,2,3,1,1,1,-4,0,,2,0,120500,5,12,13,White,66.643,-5,-5
1089,0.0,,0,0,3,1,5,3,4,3,2,1,3,0,,1,0,25687,4,12,13,White,91.722,-5,-5
1090,0.0,0,1,0,0,0,6,2,2,3,3,1,-4,0,,1,0,25687,4,12,13,White,84.379,-5,-5
1091,0.0,0,0,0,0,0,3,2,3,4,3,2,3,0,1.0,2,-4,-4,3,13,15,White,-0.004,1,0
1092,1.0,0,1,0,0,0,1,2,2,3,3,3,-4,0,0.0,2,-4,-4,3,13,15,White,-0.004,0,0
1093,1.0,0,0,0,0,0,0,2,3,3,1,1,-4,0,,1,0,15300,5,-3,13,Hispanic,27.648,0,-2
1094,1.0,0,0,0,0,0,15,2,2,1,1,1,1,0,,1,0,15750,4,15,14,Black,44.847,0,0
1095,0.0,0,0,0,0,1,5,1,2,1,1,1,1,1,1.0,1,0,15750,4,15,14,Black,51.129,0,0
1096,0.0,0,0,0,0,4,0,2,2,1,1,1,-4,0,0.0,2,1,-2500,5,9,11,Black,-0.004,0,0
1097,0.0,1,0,1,1,1,8,3,2,5,3,2,5,0,0.0,1,0,17000,5,18,13,Black,15.719,0,0
1098,1.0,0,0,0,2,0,6,2,3,4,5,2,-4,0,0.0,2,0,17000,5,18,13,Black,24.971,0,0
1099,1.0,0,1,0,0,0,30,4,3,5,5,5,5,0,0.0,2,-4,-4,4,10,12,Black,41.681,0,0
1100,0.0,0,1,0,3,2,6,2,2,5,5,3,5,0,0.0,2,0,2860,3,-3,15,Black,42.96,0,1
1101,0.0,0,1,0,0,0,15,4,4,1,1,1,-4,1,0.0,2,1,8000,11,9,9,Black,8.325,0,-4
1102,0.0,0,0,0,0,0,0,1,1,1,5,2,-4,0,0.0,2,1,8000,11,9,9,Black,7.27,0,-2
1103,0.0,0,0,0,0,3,2,2,2,1,2,1,-4,1,0.0,2,0,7500,6,-3,9,Hispanic,14.495,0,-2
1104,0.0,0,1,0,0,0,8,2,3,5,3,1,3,-3,0.0,2,0,121501,5,14,14,White,21.08,0,0
1105,0.0,0,0,0,0,0,8,2,1,1,1,1,-4,0,0.0,2,0,121501,5,14,14,White,39.864,0,0
1106,0.0,0,0,1,0,0,4,3,4,5,5,3,4,0,0.0,1,1,10290,5,10,12,White,-0.004,0,-2
1107,0.0,0,1,0,0,0,2,2,2,1,1,1,-4,0,0.0,2,1,10290,5,-3,12,White,-0.004,0,0
1108,1.0,0,1,0,0,0,2,2,2,4,2,2,-4,0,0.0,1,0,-8700,4,12,15,Other,29.364,0,0
1109,1.0,0,0,0,0,0,2,2,1,1,1,1,-4,0,0.0,2,0,69500,4,12,13,White,61.161,0,0
1110,1.0,,0,0,0,0,0,2,2,4,3,1,2,0,,1,0,183900,4,14,14,White,-0.004,-5,-5
1111,1.0,0,0,0,0,6,2,2,2,1,1,1,-4,0,,1,0,183900,4,14,14,White,-0.004,0,0
1112,1.0,0,0,0,0,0,3,2,2,1,1,1,1,0,,1,0,336100,4,16,12,White,-0.004,0,0
1113,1.0,0,0,0,1,0,2,2,2,2,2,1,2,0,0.0,1,0,83200,3,12,12,White,98.827,0,0
1114,1.0,0,0,0,0,0,2,2,3,3,2,1,-4,0,0.0,2,0,80750,5,12,12,Hispanic,34.749,0,0
1115,0.0,0,0,0,0,0,2,2,2,4,3,1,-4,0,0.0,1,0,-3,4,16,16,White,70.938,-5,-5
1116,1.0,0,0,0,0,0,1,2,2,1,1,1,-4,0,0.0,2,0,273500,4,13,17,White,86.26,0,0
1117,1.0,0,0,1,1,2,1,2,3,1,1,1,-4,0,0.0,1,0,273500,4,13,17,White,47.52,0,0
1118,1.0,0,0,0,0,0,2,1,4,4,5,1,5,0,1.0,2,0,600000,4,12,12,White,91.258,0,0
1119,1.0,0,0,0,0,0,2,2,2,2,1,1,-4,0,1.0,2,0,600000,4,12,12,Hispanic,76.267,0,0
1120,1.0,0,0,0,0,0,1,2,2,4,3,1,4,0,,2,0,391500,3,12,10,White,99.132,-5,-5
1121,1.0,0,0,0,1,0,10,3,3,3,3,2,-4,0,0.0,2,0,-3,4,12,12,White,-0.004,-5,-5
1122,1.0,0,0,0,0,0,3,2,2,2,3,1,2,0,0.0,1,0,401500,4,13,12,White,95.644,-5,-5
1123,1.0,0,0,0,0,0,1,2,1,1,1,1,-4,0,0.0,2,0,401500,4,13,12,White,70.116,0,0
1124,0.0,0,1,0,0,2,15,3,3,5,1,1,-4,1,0.0,1,0,4500,4,10,10,Hispanic,20.702,0,0
1125,0.0,0,0,0,0,2,0,3,3,1,1,1,-4,0,0.0,1,0,-3,2,-4,12,Black,-0.004,-5,-5
1126,1.0,0,0,0,0,0,8,2,2,3,3,2,4,0,0.0,1,-4,-4,6,12,12,Black,75.659,0,0
1127,1.0,0,1,0,0,0,7,2,4,3,3,1,-4,1,0.0,2,0,-45750,6,7,12,Black,-0.004,0,1
1128,0.0,0,0,0,0,0,6,1,2,1,1,2,-4,0,0.0,2,0,131001,6,12,13,Black,42.916,1,1
1129,1.0,0,1,0,0,0,3,2,2,1,1,1,-4,0,0.0,1,1,2500,4,12,15,White,94.837,0,-2
1130,0.0,0,0,0,0,1,3,2,1,1,1,1,-4,0,0.0,1,1,2500,4,12,15,White,77.228,0,-2
1131,1.0,0,0,0,0,0,3,2,2,2,1,1,-4,0,0.0,1,0,2750,4,12,12,White,24.545,0,0
1132,0.0,0,0,0,0,1,11,1,2,4,4,2,3,0,,2,0,51250,3,12,12,White,5.58,0,0
1133,1.0,0,0,0,0,0,2,2,2,2,2,1,-4,0,0.0,2,0,109801,4,12,12,White,67.804,0,0
1134,0.0,0,0,0,0,1,2,2,2,1,1,1,-4,0,,2,0,109801,4,12,12,White,75.646,-5,-5
1135,1.0,0,0,0,0,0,3,2,2,2,1,1,-4,1,0.0,1,0,-3,5,18,16,White,80.559,0,0
1136,,,1,0,7,0,3,3,3,4,4,2,4,1,,1,0,152500,3,12,12,White,-0.004,-5,-5
1137,1.0,0,0,0,0,0,1,1,2,1,1,1,-2,1,,1,0,-3,3,-4,16,White,-0.004,-5,-5
1138,1.0,1,0,0,0,0,2,2,2,5,3,1,3,0,,2,0,-3,4,20,18,White,50.223,-5,-5
1139,,,0,0,0,0,2,2,2,1,1,1,-4,0,,2,0,84500,4,13,12,White,-0.004,-5,-5
1140,1.0,0,0,0,0,0,0,1,2,1,1,1,-4,0,0.0,1,0,65750,3,20,18,White,99.294,0,0
1141,1.0,0,0,0,0,0,2,2,3,2,1,1,-4,0,0.0,1,0,114500,3,12,18,White,-0.004,-5,-5
1142,0.0,0,0,3,0,0,7,2,3,3,2,1,3,0,,1,0,2550,4,12,13,White,55.647,0,0
1143,1.0,0,0,0,0,0,2,1,3,5,4,1,-4,0,0.0,2,0,2550,4,12,13,White,84.773,0,0
1144,0.0,0,0,0,0,0,20,2,2,3,3,1,-4,0,0.0,2,0,2550,4,12,13,White,56.86,0,0
1145,1.0,0,0,0,0,0,1,1,2,3,2,1,-4,0,0.0,2,0,112900,4,12,13,White,88.647,0,0
1146,1.0,0,0,0,0,0,0,2,2,3,1,1,-4,0,0.0,2,0,112900,4,12,13,White,73.49,0,0
1147,1.0,0,0,0,0,0,0,2,2,2,2,1,1,0,1.0,1,0,9400,9,12,11,White,-0.004,0,0
1148,0.0,0,0,0,0,0,4,2,3,4,2,2,2,0,0.0,2,0,9400,9,12,11,White,-0.004,0,0
1149,1.0,0,0,0,0,0,0,2,3,3,2,1,-4,0,0.0,2,0,9400,9,12,11,White,-0.004,0,0
1150,0.0,0,0,0,0,0,-2,1,2,1,1,1,-4,1,,1,0,-3,2,14,16,White,64.591,0,0
1151,1.0,0,0,0,0,0,2,2,2,2,1,1,-4,0,0.0,2,0,63000,5,12,14,White,63.074,0,0
1152,0.0,0,0,0,1,0,4,3,2,5,4,1,4,0,0.0,2,0,28750,4,3,12,Hispanic,35.676,0,0
1153,0.0,0,0,0,0,0,0,2,2,3,2,1,-4,-3,0.0,2,0,28750,4,3,12,Hispanic,12.72,0,0
1154,1.0,0,0,0,0,0,1,2,2,2,1,1,-4,0,0.0,2,0,-3,5,-3,12,White,61.185,0,0
1155,0.0,1,1,0,0,0,15,2,2,4,2,1,-4,0,0.0,1,0,258500,4,18,14,White,51.844,0,0
1156,0.0,0,0,0,0,0,0,1,3,1,1,1,-4,0,,2,0,78750,4,16,12,White,20.373,-5,-5
1157,0.0,0,0,0,0,0,5,1,3,5,3,1,1,1,,1,0,-3,4,16,14,Hispanic,44.559,-5,-5
1158,1.0,1,0,0,0,0,4,2,3,4,3,2,3,1,0.0,1,0,600000,5,19,17,White,-0.004,0,0
1159,1.0,0,0,0,0,0,13,4,3,2,1,1,1,1,0.0,1,-4,-4,6,16,14,White,-0.004,0,0
1160,0.0,0,0,0,0,0,0,2,1,4,4,1,-4,0,0.0,2,-4,-4,5,16,16,Asian,-0.004,0,0
1161,0.0,0,0,0,0,0,9,2,2,2,1,1,1,0,0.0,1,0,-3,4,12,12,White,26.462,0,0
1162,1.0,0,0,0,0,0,2,2,2,3,3,1,2,0,0.0,1,1,200200,6,12,14,White,85.744,-5,-5
1163,1.0,0,0,0,0,0,4,2,2,1,1,1,-4,0,0.0,1,0,200200,6,18,12,White,85.523,0,0
1164,1.0,0,0,0,5,0,3,1,2,2,2,1,-4,1,0.0,1,-4,-4,4,12,12,White,86.187,0,0
1165,1.0,0,0,0,1,0,8,2,2,4,1,1,-4,0,0.0,2,-4,-4,4,12,12,White,68.159,0,0
1166,1.0,0,1,0,0,3,10,2,2,4,4,1,3,0,1.0,2,-4,-4,3,-3,12,White,-0.004,-5,-5
1167,0.0,0,0,0,1,1,4,2,4,3,3,1,4,0,0.0,1,0,308500,6,12,14,White,77.174,0,0
1168,0.0,0,1,1,0,0,0,3,4,5,3,1,3,-3,0.0,1,0,308500,6,12,14,White,28.548,-5,-5
1169,1.0,0,0,0,0,0,2,2,2,2,2,1,-4,0,0.0,2,0,308500,6,12,14,White,19.887,0,0
1170,1.0,0,0,0,30,0,0,2,2,4,2,1,3,0,0.0,1,0,162500,5,18,12,White,97.589,-5,-5
1171,1.0,0,0,0,0,0,0,2,2,2,1,1,-4,0,0.0,1,0,162500,5,18,12,White,83.906,0,0
1172,0.0,0,0,0,0,0,3,2,3,3,1,1,1,0,1.0,1,-4,-4,4,12,12,White,-0.004,-5,-5
1173,1.0,0,0,0,3,1,1,2,2,4,3,1,-4,1,0.0,2,-4,-4,4,12,12,White,-0.004,0,0
1174,1.0,0,0,0,0,1,2,2,2,2,2,1,-4,0,1.0,1,0,-3,2,12,12,White,-0.004,-5,-5
1175,1.0,0,0,0,0,0,3,1,2,2,2,1,1,0,0.0,2,0,21700,3,12,14,White,76.363,0,0
1176,1.0,0,0,0,0,4,10,2,3,3,2,2,-4,0,0.0,1,0,21700,3,12,14,White,11.057,-5,-5
1177,1.0,0,0,0,0,0,8,2,3,5,2,1,-4,1,,2,-4,-4,5,-4,13,White,-0.004,-5,-5
1178,1.0,0,0,0,0,0,0,2,2,2,3,1,-4,0,0.0,1,0,93300,2,16,12,White,96.986,-5,-5
1179,1.0,0,0,0,0,0,30,2,3,5,2,1,-4,0,,1,0,116300,4,16,16,White,59.301,-5,-5
1180,0.0,1,0,0,2,0,29,2,3,3,1,1,-4,1,,1,0,116300,4,16,16,White,79.907,-5,-5
1181,1.0,0,0,0,0,0,0,2,1,2,-2,-2,-4,0,,2,0,-3,4,13,15,White,98.082,-5,-5
1182,0.0,0,0,0,0,0,2,2,3,4,4,1,3,0,,2,0,62750,5,11,12,White,48.873,0,0
1183,0.0,0,1,0,0,0,7,2,3,2,1,1,-4,0,0.0,1,0,62750,5,11,12,White,38.968,0,0
1184,0.0,0,1,2,1,0,14,2,2,3,3,1,3,0,0.0,1,0,-3,3,12,13,Hispanic,50.407,0,0
1185,0.0,0,1,1,2,0,7,3,3,3,2,1,-4,0,0.0,1,0,-3,3,12,13,Hispanic,92.172,0,0
1186,1.0,0,0,0,0,0,2,2,3,3,3,1,2,1,0.0,1,0,41900,6,12,12,White,87.831,0,0
1187,1.0,0,0,0,0,0,0,2,2,2,1,1,-4,0,1.0,2,0,41900,6,12,12,Hispanic,78.417,0,0
1188,1.0,0,0,0,0,0,1,2,2,3,1,1,-4,0,1.0,2,0,41900,6,12,12,White,64.764,0,0
1189,1.0,0,0,0,0,0,2,2,2,4,2,1,1,1,1.0,1,0,99000,4,16,13,White,94.937,0,0
1190,1.0,0,0,0,1,1,8,2,1,5,4,2,4,0,,2,0,54800,3,16,12,Hispanic,49.608,0,0
1191,0.0,1,0,0,1,0,4,2,2,4,3,1,3,0,0.0,1,0,143780,4,12,12,White,77.237,0,0
1192,0.0,0,0,0,3,1,40,2,3,4,3,1,5,1,,1,0,4913,3,-4,11,White,59.803,-5,-5
1193,0.0,0,0,0,0,0,3,1,1,3,1,1,-4,0,0.0,1,0,-3,4,11,12,White,92.341,0,0
1194,0.0,0,0,2,0,0,2,2,1,3,2,1,-4,0,0.0,2,0,-3,4,11,12,White,93.79,0,0
1195,0.0,1,1,0,2,2,23,2,2,4,4,3,3,0,1.0,1,-4,-4,4,12,-4,White,-0.004,0,0
1196,0.0,0,1,0,0,0,0,2,3,3,3,1,-4,0,,1,-4,-4,7,12,10,White,-0.004,0,0
1197,0.0,0,0,0,3,0,1,1,1,2,1,2,-4,1,,2,-4,-4,7,12,10,White,-0.004,0,0
1198,0.0,0,0,0,1,0,7,2,2,-4,-4,-4,-4,0,1.0,1,0,191000,5,-4,12,White,2.924,0,0
1199,0.0,0,0,2,10,0,1,2,2,5,3,1,-4,0,1.0,1,0,191000,5,-4,12,White,91.272,0,1
1200,0.0,0,1,0,0,0,13,2,2,4,3,2,2,0,0.0,2,0,18500,5,-4,10,White,17.374,0,-4
1201,1.0,0,1,1,15,4,10,2,2,4,4,5,-4,0,,1,0,18500,5,-4,10,White,21.345,0,-2
1202,0.0,0,0,2,0,0,5,2,3,1,2,2,4,1,,1,0,-3,4,11,12,Black,24.292,0,0
1203,0.0,0,0,0,0,0,4,2,2,1,1,1,1,0,0.0,2,1,500,8,-3,10,Black,1.591,0,0
1204,0.0,0,0,0,0,0,4,1,1,1,1,1,-4,0,1.0,1,1,500,8,-3,10,Black,10.415,0,0
1205,1.0,1,0,0,0,0,7,2,3,3,4,2,4,0,,2,0,47500,3,-3,15,Black,69.265,0,0
1206,0.0,0,0,0,3,0,12,1,4,4,5,3,-4,0,0.0,2,0,7800,4,12,13,Black,45.529,0,0
1207,1.0,0,0,0,0,0,3,2,2,2,2,1,2,0,,1,-4,-4,3,14,12,Black,-0.004,0,0
1208,1.0,0,1,0,0,2,15,2,3,4,2,4,-4,0,0.0,1,0,37500,5,-4,13,Black,19.891,0,0
1209,0.0,0,0,1,5,1,5,3,2,3,1,2,-4,0,0.0,2,0,500,6,-3,12,Black,5.778,0,0
1210,0.0,0,0,1,10,0,5,4,2,1,1,1,-4,0,0.0,1,0,500,6,-3,12,Black,5.207,0,1
1211,0.0,0,0,0,0,0,5,4,3,4,3,3,5,0,,1,0,750,5,-3,11,Black,17.238,0,0
1212,0.0,0,0,0,1,0,2,1,3,5,4,1,-4,0,0.0,2,0,750,5,-3,11,Black,15.333,0,-4
1213,0.0,0,1,0,20,0,2,3,4,5,1,1,-4,0,,1,0,750,5,-3,11,Black,11.276,-5,-5
1214,0.0,0,0,0,0,0,0,2,3,1,1,2,-4,0,0.0,1,0,5155,3,-3,11,Black,2.675,0,-2
1215,1.0,0,0,0,0,0,0,2,1,1,2,1,3,0,0.0,1,-4,-4,4,-3,11,Black,-0.004,0,0
1216,1.0,0,0,0,0,0,2,2,2,1,1,1,1,1,,2,-4,-4,4,-3,11,Black,-0.004,0,0
1217,0.0,0,0,0,0,0,5,2,2,5,5,1,4,0,0.0,1,0,11300,3,-3,11,Black,22.537,0,-4
1218,0.0,0,0,0,0,0,0,2,2,4,4,2,-4,0,0.0,1,0,18750,4,-4,12,Black,24.37,0,0
1219,0.0,0,0,0,3,3,30,2,2,1,1,1,-4,0,,1,0,7500,5,-3,12,Black,4.44,0,0
1220,1.0,0,0,0,0,0,8,2,2,3,1,2,3,0,0.0,2,0,7500,4,-3,12,Black,-0.004,0,0
1221,0.0,0,0,0,0,0,0,2,2,1,2,2,2,0,,1,-4,-4,4,-3,12,Black,-0.004,-5,-5
1222,0.0,0,1,1,1,1,8,2,1,2,1,1,-4,0,0.0,1,0,38650,3,16,13,Black,13.782,0,0
1223,1.0,0,1,0,0,0,19,2,2,4,4,1,4,0,,2,0,19500,3,10,15,Black,73.106,0,0
1224,0.0,0,0,0,0,1,10,2,2,3,2,2,2,0,1.0,1,1,7200,4,-3,12,Black,-0.004,0,0
1225,1.0,0,0,0,0,0,5,2,2,3,2,2,-2,0,0.0,2,0,-3,4,12,13,Black,29.731,-5,-5
1226,1.0,0,0,0,0,0,4,2,2,3,3,1,3,0,0.0,1,0,-3,5,12,15,Black,57.412,0,0
1227,1.0,0,0,0,0,0,2,2,2,1,1,1,-4,0,1.0,2,0,600000,4,20,16,Other,73.604,0,0
1228,1.0,0,0,0,3,0,0,2,4,3,3,1,1,0,0.0,1,0,245000,4,14,14,White,56.036,0,0
1229,1.0,0,0,0,0,0,2,1,1,1,1,1,-4,0,0.0,2,0,208601,5,14,14,White,46.246,0,0
1230,1.0,0,1,0,0,1,0,3,3,2,1,2,-4,0,,1,0,195000,4,12,16,White,82.549,-5,-5
1231,0.0,0,0,0,0,0,0,2,3,3,4,1,3,0,0.0,1,0,537500,4,18,17,White,90.95,0,0
1232,1.0,0,0,0,0,0,0,2,2,4,3,1,-4,0,0.0,1,0,537500,4,18,17,White,39.201,0,0
1233,1.0,0,0,0,0,0,0,1,2,1,1,1,-4,0,0.0,1,0,600000,4,18,18,White,86.22,0,0
1234,1.0,0,0,0,0,0,7,2,2,1,1,1,-4,1,0.0,1,0,-3,4,17,16,White,93.48,0,0
1235,1.0,0,0,0,0,0,0,1,1,1,1,1,-4,0,0.0,1,0,600000,5,16,16,White,92.624,0,0
1236,1.0,0,0,0,0,0,5,2,2,2,1,1,-4,1,,1,0,600000,3,13,13,White,-0.004,-5,-5
1237,1.0,0,0,0,0,0,7,1,2,1,1,1,-4,0,0.0,1,0,600000,3,14,19,White,44.271,0,0
1238,0.0,0,0,0,0,0,0,2,2,1,1,1,-4,0,0.0,2,0,214501,6,12,14,White,-0.004,-5,-5
1239,1.0,0,0,0,0,0,2,2,2,2,1,1,-4,0,0.0,1,0,484501,4,16,20,White,98.479,0,0
1240,1.0,0,0,0,0,0,1,2,1,3,2,1,-4,0,0.0,1,0,522000,4,18,16,White,49.811,0,0
1241,0.0,0,0,0,0,0,7,2,2,2,2,1,-2,0,0.0,2,0,600000,4,14,12,White,88.002,0,0
1242,0.0,,0,0,0,0,1,2,2,1,1,1,-4,1,,2,0,293500,5,18,16,White,-0.004,-5,-5
1243,1.0,0,0,0,1,1,4,1,1,1,1,1,-4,1,0.0,2,0,199000,4,20,20,White,-0.004,-5,-5
1244,1.0,0,0,0,3,0,1,1,1,5,3,2,2,0,,1,0,600000,5,20,16,White,-0.004,-5,-5
1245,1.0,0,0,0,0,0,4,2,1,3,3,2,2,0,,2,0,425101,4,13,16,White,88.832,0,0
1246,0.0,0,0,0,0,0,0,3,4,3,2,4,-2,0,0.0,2,0,179950,8,17,17,White,3.75,0,0
1247,1.0,0,0,0,0,0,3,2,2,3,3,1,2,0,0.0,1,0,179950,8,17,17,White,100.0,0,0
1248,1.0,0,0,0,0,0,3,2,1,-2,1,1,-4,0,0.0,2,0,179950,8,17,17,White,74.027,-5,-5
1249,1.0,0,0,0,0,0,14,2,3,4,3,1,2,0,0.0,2,0,304500,4,16,14,White,37.433,0,0
1250,1.0,1,0,0,25,0,3,1,2,2,1,1,-4,1,0.0,1,0,304500,4,16,14,White,73.351,0,0
1251,0.0,0,0,0,0,0,7,2,2,3,2,1,2,0,0.0,1,0,217250,6,16,16,White,87.686,0,0
1252,0.0,,0,0,20,0,7,3,2,3,1,1,1,1,0.0,1,0,217250,6,-3,14,Hispanic,74.94,0,0
1253,1.0,0,0,0,0,0,1,2,3,2,1,1,-4,0,0.0,2,0,112300,4,16,14,White,63.285,0,0
1254,1.0,0,0,0,0,0,4,2,3,3,3,1,-4,0,0.0,2,-4,-4,4,16,16,White,100.0,0,0
1255,,,0,0,1,0,7,4,3,5,4,1,4,0,,1,-4,-4,4,13,10,Other,-0.004,-5,-5
1256,0.0,0,1,1,0,1,5,2,2,4,4,2,-4,0,,2,-4,-4,4,13,10,Other,-0.004,0,0
1257,0.0,0,0,0,3,0,5,2,1,5,2,2,-4,0,,2,0,24700,4,12,11,White,10.048,0,0
1258,1.0,,0,0,0,0,10,3,3,4,3,1,-4,1,1.0,2,1,-3,3,-4,13,White,20.099,-5,-5
1259,0.0,0,0,0,2,0,4,3,3,4,2,2,-4,1,0.0,1,1,-3,3,-4,13,White,13.216,-5,-5
1260,0.0,0,1,0,30,1,28,3,3,5,3,1,-4,1,1.0,1,0,17500,4,10,12,White,-0.004,0,0
1261,1.0,0,1,0,0,0,5,2,2,4,4,1,2,0,0.0,1,0,36200,6,13,12,White,13.241,0,0
1262,1.0,0,0,0,0,0,5,1,2,1,1,1,-4,0,0.0,1,0,36200,6,13,12,White,20.881,0,0
1263,1.0,0,0,0,0,0,9,2,2,1,1,1,-4,0,0.0,1,0,-3,6,14,14,White,-0.004,0,0
1264,1.0,0,0,0,0,0,0,2,2,1,1,1,-4,1,0.0,1,0,36650,4,11,12,White,21.211,0,0
1265,1.0,0,0,0,0,0,4,2,3,4,4,2,2,0,0.0,2,0,241400,4,12,13,White,68.369,0,0
1266,1.0,0,0,0,4,2,1,2,2,4,2,1,-4,1,1.0,2,-4,-4,4,9,12,White,52.341,0,1
1267,1.0,0,0,0,0,0,0,2,1,2,2,1,1,1,0.0,1,0,600000,4,16,14,White,98.145,0,0
1268,1.0,0,0,0,0,0,6,1,1,5,5,1,5,0,0.0,2,0,129450,3,12,13,White,20.327,-5,-5
1269,1.0,0,1,0,0,0,10,1,2,5,5,1,4,0,,2,0,129450,3,12,13,White,84.812,0,0
1270,0.0,0,0,0,0,0,0,1,1,4,3,2,3,1,1.0,1,0,210500,4,16,13,White,80.05,0,0
1271,1.0,0,0,0,0,0,5,3,3,5,4,2,1,0,0.0,2,-4,-4,5,10,11,White,-0.004,0,0
1272,0.0,0,0,1,0,2,6,3,1,5,5,1,5,0,,1,0,39000,4,-3,12,White,-0.004,0,-4
1273,0.0,0,0,0,0,0,3,4,3,5,5,1,4,0,1.0,1,0,32500,4,12,13,White,49.199,-5,-5
1274,0.0,0,0,0,10,0,12,3,3,3,3,2,3,0,,2,-4,-4,4,12,12,White,72.045,-5,-5
1275,0.0,0,0,1,0,0,2,2,2,5,3,2,-4,0,0.0,2,0,69000,4,12,11,White,-0.004,0,0
1276,1.0,0,0,0,0,0,5,1,2,5,5,1,2,0,0.0,2,0,274530,5,12,-3,White,26.848,0,0
1277,1.0,0,0,0,0,0,3,2,2,3,2,1,-4,0,0.0,1,-4,-4,5,12,-3,White,45.781,0,0
1278,1.0,0,0,0,0,0,2,1,1,1,1,1,1,0,0.0,1,0,239001,5,13,12,White,89.933,0,0
1279,1.0,0,0,0,1,0,0,2,1,2,1,1,1,0,1.0,1,0,239001,5,13,12,White,83.174,0,0
1280,0.0,0,0,0,0,0,1,1,2,2,1,1,-4,0,,1,0,-3,4,3,10,Hispanic,58.832,-5,-5
1281,1.0,0,0,0,0,0,0,2,2,1,1,1,-4,0,0.0,1,0,211500,5,12,13,White,87.092,0,0
1282,1.0,0,0,0,0,0,4,2,1,3,2,1,2,0,0.0,2,0,300700,3,12,12,White,93.868,0,0
1283,0.0,0,0,0,0,0,7,2,2,-2,-2,1,-4,0,0.0,1,0,300700,3,12,12,White,84.853,-5,-5
1284,1.0,0,1,0,0,1,11,2,4,3,3,2,2,0,0.0,1,0,89900,6,14,-3,White,-0.004,0,0
1285,1.0,0,0,0,0,0,7,2,3,3,4,1,2,0,0.0,2,0,600000,5,20,12,Other,-0.004,0,0
1286,1.0,0,0,0,0,0,5,1,1,1,1,1,-4,1,1.0,1,0,251250,5,19,16,White,86.944,0,0
1287,0.0,0,0,3,7,0,1,1,1,1,1,1,-4,1,0.0,1,0,155620,2,12,11,White,59.198,0,0
1288,1.0,0,0,0,0,0,3,2,3,1,1,1,-4,0,1.0,1,0,253500,3,16,17,White,89.647,0,0
1289,1.0,,0,0,1,0,0,2,2,2,3,1,1,0,,1,0,600000,3,16,16,Asian,-0.004,-5,-5
1290,0.0,0,0,0,0,0,2,2,1,2,2,1,1,0,0.0,2,0,-3,6,18,16,White,78.566,0,0
1291,1.0,0,0,0,2,0,1,3,3,3,3,1,3,1,1.0,1,0,383500,4,16,13,White,-0.004,0,0
1292,1.0,0,0,0,0,0,0,2,4,3,2,1,-4,0,1.0,2,0,247500,4,15,15,White,32.744,0,0
1293,0.0,0,0,0,0,0,4,2,2,2,1,1,3,1,0.0,1,1,355250,3,13,12,White,77.914,-5,-5
1294,0.0,1,0,0,0,0,5,1,2,1,1,1,-4,0,0.0,1,0,445002,4,16,16,White,58.64,0,0
1295,1.0,1,0,0,0,0,5,2,3,4,4,1,2,1,1.0,2,0,600000,3,16,18,White,78.654,-5,-5
1296,1.0,0,0,0,0,0,1,2,1,3,1,1,-4,0,0.0,2,-4,-4,4,18,17,Black,83.738,0,0
1297,1.0,0,0,0,0,0,2,2,2,4,4,2,3,0,0.0,1,0,-3,4,18,16,White,54.161,0,0
1298,0.0,1,0,0,0,1,0,3,4,5,5,1,4,0,1.0,1,0,201201,4,-3,17,Black,7.582,0,-4
1299,1.0,0,0,0,0,0,4,3,2,1,1,1,-4,0,0.0,1,0,-3,6,16,16,White,22.869,-5,-5
1300,1.0,0,0,0,0,0,1,2,2,1,1,1,-4,0,0.0,1,0,-3,6,16,16,White,73.902,-5,-5
1301,1.0,0,0,0,0,0,0,2,2,1,1,1,-4,1,0.0,1,0,174000,4,15,12,White,33.169,0,0
1302,1.0,0,0,0,0,0,3,2,2,3,2,1,2,0,,2,0,-3,6,14,12,White,80.862,0,0
1303,0.0,0,0,0,0,0,1,2,2,1,1,1,-4,0,,2,0,-3,6,14,12,White,83.275,0,0
1304,1.0,0,0,0,0,0,3,2,2,4,3,3,2,0,0.0,1,0,171001,3,12,19,White,85.914,0,-4
1305,0.0,0,0,0,0,0,2,2,2,4,3,1,2,0,0.0,1,0,171001,3,12,19,White,93.123,0,0
1306,1.0,1,0,0,0,0,3,2,2,3,3,2,2,0,0.0,2,0,211500,3,13,13,White,75.071,0,0
1307,1.0,0,0,0,0,0,2,2,2,2,1,1,-4,0,0.0,2,0,211500,3,13,13,White,50.498,0,0
1308,0.0,0,0,0,0,0,2,2,2,2,2,1,-4,0,0.0,2,0,600000,5,16,17,White,94.901,0,0
1309,1.0,0,0,0,0,0,5,2,3,4,1,1,1,0,,2,0,518500,3,14,15,White,88.293,0,0
1310,0.0,0,1,1,0,0,16,2,2,3,4,1,3,0,0.0,1,0,21840,3,11,14,White,-0.004,0,0
1311,1.0,0,0,0,0,0,6,2,2,3,3,1,3,0,0.0,2,0,377500,4,-4,12,White,-0.004,0,0
1312,1.0,0,0,0,0,0,3,2,3,4,4,1,4,0,1.0,2,0,-3,7,15,14,White,17.236,0,0
1313,1.0,0,0,0,3,0,1,2,2,3,2,1,-4,0,0.0,2,0,-3,7,15,14,White,85.18,-5,-5
1314,1.0,0,0,0,0,0,2,2,2,3,2,1,-4,0,0.0,2,0,77300,2,12,16,White,69.377,0,0
1315,0.0,0,0,0,0,0,1,2,3,3,2,1,4,0,1.0,2,0,189500,5,2,12,White,78.297,0,0
1316,1.0,0,0,0,1,0,2,2,3,3,2,1,-4,0,,2,0,189500,5,2,12,White,37.357,-5,-5
1317,1.0,0,0,0,0,0,4,1,2,4,3,2,3,0,,2,0,64450,4,10,12,White,35.721,-5,-5
1318,1.0,0,0,0,1,0,4,1,1,4,1,2,-4,0,1.0,1,0,31980,4,12,10,White,3.271,0,0
1319,0.0,1,0,0,1,0,2,2,1,3,1,1,-4,0,0.0,2,0,21850,4,11,12,White,50.494,0,0
1320,0.0,0,0,0,0,0,3,2,2,3,2,1,3,0,0.0,1,0,187000,6,14,13,White,33.617,0,0
1321,0.0,0,0,0,0,0,2,3,2,3,1,1,-4,0,0.0,1,0,187000,6,14,13,White,23.247,0,0
1322,0.0,0,0,0,0,0,1,2,2,4,1,1,-4,0,0.0,2,0,45000,4,18,14,White,95.321,0,0
1323,0.0,0,0,0,5,1,5,2,2,1,1,1,-4,1,0.0,1,0,104550,6,13,14,Hispanic,94.021,0,0
1324,1.0,0,0,0,0,0,6,2,3,5,5,4,5,0,,2,1,8650,4,12,12,Black,-0.004,0,0
1325,1.0,0,0,0,0,0,4,2,1,1,-2,-2,-4,0,0.0,2,0,-3,2,20,16,Black,83.215,0,0
1326,0.0,0,1,0,4,0,3,2,2,2,1,2,-4,0,0.0,1,-2,17848,3,9,12,White,33.716,0,0
1327,0.0,0,0,0,1,0,5,2,2,3,2,4,2,0,,2,0,6250,4,12,12,White,-0.004,-5,-5
1328,0.0,0,0,0,0,0,0,4,2,2,3,1,5,0,0.0,2,0,88000,2,10,14,Black,51.977,0,0
1329,0.0,1,0,0,4,0,10,3,3,4,2,5,5,0,0.0,2,0,1500,4,12,12,Hispanic,30.896,0,-4
1330,1.0,0,0,0,0,0,2,2,1,4,4,1,-4,0,,2,0,392500,4,18,17,White,96.354,0,0
1331,1.0,0,0,0,0,0,1,1,2,2,1,1,-4,0,0.0,2,0,-3,5,18,16,White,78.967,-5,-5
1332,1.0,0,0,0,0,0,4,2,1,3,2,1,2,0,,1,-4,-4,4,16,12,White,74.174,0,0
1333,1.0,0,0,0,0,0,10,1,2,2,2,1,-4,0,,2,-4,-4,4,16,12,White,57.193,-5,-5
1334,1.0,0,0,0,0,0,4,1,4,2,3,1,1,0,,2,0,-3,2,20,18,White,-0.004,0,0
1335,1.0,1,0,0,0,0,4,2,3,2,2,1,1,0,0.0,1,0,600000,5,18,16,White,88.801,0,0
1336,1.0,0,0,0,0,0,1,2,2,1,1,1,-4,0,0.0,1,0,600000,5,18,16,White,79.563,0,0
1337,1.0,,0,0,0,0,3,2,2,2,1,2,-4,0,,2,0,315751,4,16,16,White,88.993,-5,-5
1338,1.0,0,0,0,0,0,3,2,2,2,2,1,1,0,0.0,2,0,-3,4,16,15,White,95.328,0,0
1339,1.0,0,1,0,0,0,5,2,1,3,4,1,3,0,,1,0,600000,4,17,13,White,48.055,0,0
1340,,,0,0,0,0,5,2,1,1,1,1,-4,0,,2,0,600000,4,17,13,White,78.33,-5,-5
1341,1.0,0,0,0,0,1,3,2,2,3,2,2,-4,0,0.0,1,0,-3,4,19,18,White,87.617,0,0
1342,1.0,0,0,0,0,0,0,2,2,2,2,1,2,0,0.0,1,0,112900,4,12,12,White,53.759,0,0
1343,1.0,0,1,0,0,0,1,3,3,4,5,1,3,0,0.0,1,0,136500,4,16,16,White,-0.004,0,0
1344,0.0,0,0,0,0,0,3,1,1,2,1,1,-4,0,0.0,2,0,136500,4,16,16,White,41.1,0,0
1345,0.0,0,0,0,0,0,0,2,3,1,1,1,2,0,,2,0,-3,2,16,17,Black,77.458,0,0
1346,1.0,,0,0,5,1,0,2,2,3,1,2,-4,0,,1,-1,-3,4,13,14,Black,-0.004,-5,-5
1347,1.0,0,0,0,0,0,8,1,1,3,2,1,-4,0,0.0,2,0,451650,4,14,12,White,98.307,0,0
1348,1.0,0,0,0,0,0,0,2,2,1,1,1,1,0,,1,0,64800,4,16,12,White,74.557,-5,-5
1349,1.0,0,0,0,1,0,2,2,3,4,2,3,-4,1,0.0,1,0,-3,4,18,16,White,37.574,0,0
1350,0.0,0,1,0,0,2,2,2,2,1,1,1,-4,0,0.0,2,0,3850,4,5,10,Hispanic,9.073,0,0
1351,1.0,0,0,0,0,0,0,4,1,1,1,1,1,0,0.0,1,0,7500,5,4,-3,Hispanic,18.436,0,0
1352,0.0,0,0,1,0,0,0,2,2,1,1,1,-4,0,0.0,1,0,7500,5,4,-3,Hispanic,4.204,-5,-5
1353,1.0,0,0,0,1,0,0,2,2,1,1,1,-4,0,0.0,1,0,7500,5,4,-3,Hispanic,14.176,0,0
1354,0.0,,0,0,-4,-4,-4,2,2,1,1,1,1,0,,2,-4,-4,5,-4,-3,Hispanic,9.979,-5,-5
1355,0.0,0,0,0,0,0,60,2,2,1,1,2,1,0,,2,-4,-4,5,-3,-3,Hispanic,11.45,-5,-5
1356,0.0,0,0,0,0,0,2,2,1,1,1,1,2,0,,2,1,3000,7,5,4,Hispanic,-0.004,0,1
1357,1.0,0,0,0,0,0,1,1,1,1,1,3,-4,0,0.0,2,1,3000,7,5,4,Hispanic,-0.004,0,0
1358,0.0,0,0,0,0,0,2,1,1,1,1,2,-4,0,0.0,2,1,3000,7,5,4,Hispanic,-0.004,0,0
1359,1.0,1,0,0,0,0,0,3,2,3,3,2,2,1,1.0,1,0,4750,3,15,13,Black,-0.004,0,-2
1360,1.0,0,1,0,0,0,0,1,2,2,1,1,1,-3,0.0,1,0,600000,4,16,12,Hispanic,87.685,0,0
1361,1.0,0,0,0,0,0,1,2,2,1,1,1,-4,0,0.0,1,0,600000,4,16,12,Asian,95.761,0,0
1362,0.0,0,0,0,2,0,5,2,1,5,5,5,4,1,0.0,2,0,9650,3,18,20,White,74.128,0,0
1363,0.0,0,0,0,0,0,2,2,2,4,2,1,3,0,,1,0,75300,5,-3,15,Hispanic,-0.004,0,-4
1364,1.0,0,0,0,0,0,3,2,2,5,2,2,3,0,0.0,1,0,-3,5,10,12,White,20.042,0,1
1365,0.0,0,0,0,0,0,1,2,2,1,1,1,1,0,,1,0,1750,4,-3,3,Hispanic,-0.004,-5,-5
1366,1.0,0,0,0,0,2,9,1,1,4,2,1,3,0,0.0,1,0,58000,5,12,12,Hispanic,-0.004,0,0
1367,1.0,1,0,0,0,0,3,2,4,1,1,1,-4,0,0.0,1,0,56000,4,12,14,White,93.929,0,0
1368,0.0,0,0,0,0,0,0,2,1,2,1,1,-4,0,0.0,2,0,-33700,5,9,12,Hispanic,20.468,0,0
1369,1.0,,0,0,2,0,0,2,2,1,1,1,3,0,0.0,2,0,12750,4,12,13,White,96.337,0,0
1370,1.0,,0,0,0,0,2,2,2,3,1,1,-4,0,0.0,2,0,80000,4,16,16,White,-0.004,0,0
1371,1.0,0,0,0,0,0,1,2,2,2,1,1,1,1,,1,0,-3,5,16,16,White,99.393,0,0
1372,1.0,,0,0,0,0,1,2,2,2,1,2,-4,0,,2,0,-3,5,16,16,White,75.604,-5,-5
1373,1.0,0,0,0,0,1,0,2,2,2,2,1,-4,0,0.0,1,0,398750,4,16,12,White,96.334,0,0
1374,0.0,0,0,2,5,1,5,2,1,4,2,1,3,1,0.0,1,0,22500,7,9,12,White,-0.004,0,0
1375,0.0,0,0,1,2,0,3,2,2,1,1,1,-4,-2,0.0,2,0,22500,7,-3,8,White,-0.004,0,1
1376,1.0,1,0,0,0,0,5,2,2,4,3,1,3,1,0.0,1,0,-3,6,-4,16,White,-0.004,0,1
1377,0.0,0,0,0,0,0,2,2,2,1,1,1,-4,1,0.0,1,0,42000,4,12,12,White,0.68,0,0
1378,0.0,0,0,1,0,0,10,2,2,2,1,1,-4,0,0.0,1,0,12500,4,-3,12,White,17.614,0,0
1379,1.0,0,0,0,0,0,2,2,2,1,1,1,-4,0,0.0,2,0,12500,4,-3,12,White,10.166,0,0
1380,1.0,0,0,0,0,0,1,2,4,4,2,3,3,1,0.0,2,0,128501,5,12,12,White,-0.004,0,0
1381,,,0,0,0,0,0,2,1,2,1,1,-4,0,,1,0,32750,2,12,12,White,-0.004,-5,-5
1382,0.0,0,1,5,1,1,3,2,2,3,1,1,-4,0,0.0,1,0,155000,4,12,18,White,77.235,0,0
1383,0.0,0,0,0,10,0,10,2,4,2,1,2,-4,1,0.0,1,0,9250,6,11,14,White,-0.004,-5,-5
1384,0.0,0,0,0,0,0,4,2,2,3,1,5,-4,1,0.0,2,0,5500,2,-3,12,White,-0.004,0,0
1385,0.0,1,1,1,0,0,9,2,2,1,1,1,-4,1,0.0,2,0,3550,2,-3,12,White,-0.004,0,-2
1386,0.0,0,0,0,0,0,15,2,2,1,1,1,1,0,0.0,2,0,500,6,-3,12,Hispanic,19.213,0,0
1387,0.0,0,0,0,0,0,-2,2,2,1,1,1,-4,0,0.0,2,0,500,6,-3,12,Hispanic,13.736,0,0
1388,0.0,0,0,0,1,0,1,2,3,1,1,3,-4,0,0.0,2,0,500,6,-3,12,Hispanic,8.872,0,0
1389,0.0,0,0,0,0,0,0,4,1,5,4,5,5,0,,2,0,1585,5,-3,9,White,5.981,-5,-5
1390,1.0,0,0,0,0,0,1,1,1,1,1,1,-4,0,0.0,1,-4,-4,5,11,11,White,30.273,0,0
1391,0.0,0,0,0,0,0,3,2,2,2,3,3,3,1,1.0,2,0,238001,10,4,5,Hispanic,-0.004,-5,-5
1392,1.0,0,0,0,0,0,10,2,2,3,2,4,3,0,0.0,2,0,238001,10,5,4,Hispanic,23.372,0,0
1393,0.0,0,0,0,0,0,-2,2,2,2,1,1,-4,0,0.0,2,0,238001,10,5,4,Hispanic,6.74,0,0
1394,0.0,0,0,1,8,1,5,2,3,1,1,3,-4,0,0.0,1,0,51751,5,12,12,Black,15.021,0,0
1395,0.0,0,1,-3,0,1,1,1,1,2,-2,1,-4,0,0.0,1,0,6150,4,-3,12,Black,5.648,-5,-5
1396,0.0,0,1,0,0,2,2,2,2,1,1,3,-4,0,0.0,1,0,6150,4,-3,12,Black,0.961,0,0
1397,0.0,1,1,4,1,4,6,2,2,5,2,5,-4,1,0.0,1,0,10500,7,-3,-3,Black,10.056,0,0
1398,0.0,0,0,1,-4,-4,-4,2,1,2,5,5,5,0,1.0,2,0,21250,5,12,12,Black,3.068,0,-2
1399,0.0,0,0,0,2,0,-2,3,2,1,1,5,-4,0,0.0,2,1,33300,3,11,13,Black,26.045,0,0
1400,1.0,0,0,1,0,0,3,2,3,3,3,3,4,0,0.0,1,0,500,8,-4,12,Black,47.984,0,0
1401,0.0,0,0,0,0,1,2,2,2,2,1,1,-4,0,0.0,1,0,500,8,-4,12,Black,43.999,0,0
1402,0.0,0,0,0,0,0,0,1,3,1,1,1,-4,0,0.0,1,0,164000,3,14,12,White,-0.004,0,0
1403,0.0,0,0,0,0,0,0,1,2,3,3,2,3,0,,2,0,63550,3,15,12,White,30.616,0,0
1404,1.0,,0,0,0,0,-2,2,1,1,1,2,-4,0,,1,0,63550,3,15,12,White,50.768,-5,-5
1405,0.0,0,1,0,0,10,4,1,3,4,4,1,4,0,,1,0,11800,3,12,12,White,-0.004,-5,-5
1406,1.0,0,0,0,0,0,0,1,2,1,1,1,-4,0,1.0,1,0,218500,4,12,12,White,82.151,0,0
1407,1.0,0,0,0,0,0,0,2,3,1,1,1,-4,1,1.0,1,0,184501,4,18,14,White,44.213,0,0
1408,1.0,,0,0,0,0,20,2,2,4,4,1,3,0,,1,0,-3,3,16,12,White,-0.004,-5,-5
1409,1.0,0,1,8,0,0,4,2,3,2,2,1,2,1,1.0,1,1,80500,5,-3,-3,White,-0.004,-5,-5
1410,1.0,0,1,0,0,0,15,2,3,4,5,1,4,-3,0.0,2,0,121500,4,18,16,White,65.409,0,0
1411,1.0,0,0,0,0,0,0,2,2,4,4,1,2,0,0.0,2,0,210501,4,17,20,White,75.344,0,0
1412,1.0,0,0,0,0,0,1,2,2,1,1,1,-4,0,0.0,2,0,210501,4,17,20,White,84.423,0,0
1413,1.0,0,1,0,0,0,1,2,2,1,1,1,-4,0,0.0,2,0,17750,4,12,13,Hispanic,-0.004,0,0
1414,1.0,0,1,0,0,0,4,2,3,4,2,1,-4,0,0.0,2,0,-3,5,14,12,White,-0.004,0,0
1415,0.0,0,0,0,0,0,3,2,2,5,3,1,-4,0,,2,0,64000,5,10,12,White,34.335,0,0
1416,1.0,0,1,0,0,0,0,2,2,2,3,3,-4,1,0.0,2,-4,-4,5,12,12,White,71.954,0,0
1417,0.0,0,1,0,0,0,2,2,2,1,1,1,-4,0,,1,0,114500,4,11,11,White,-0.004,-5,-5
1418,0.0,0,0,0,0,0,2,3,2,3,1,3,-4,0,1.0,1,0,9250,5,12,12,White,25.902,0,0
1419,0.0,0,0,0,0,0,2,3,2,5,2,1,-4,0,0.0,2,0,-10550,3,9,12,White,2.79,0,0
1420,0.0,0,1,0,5,0,4,3,3,3,2,1,-4,1,0.0,2,0,-10550,3,9,12,White,47.397,-5,-5
1421,1.0,0,0,0,0,1,2,1,2,2,1,2,-4,0,0.0,1,0,600000,4,20,18,White,96.147,0,0
1422,0.0,0,0,0,0,0,4,3,3,4,2,2,5,1,0.0,2,0,-3,2,12,16,Black,59.644,0,1
1423,1.0,0,0,0,0,0,3,2,2,3,2,3,-4,0,0.0,2,0,105000,4,15,12,Black,49.276,-5,-5
1424,0.0,0,1,0,0,2,-2,1,2,5,5,2,-4,0,0.0,2,0,1250,5,-4,12,Black,1.069,0,0
1425,0.0,0,1,0,0,0,-2,2,2,5,4,3,5,1,0.0,1,-4,-4,6,12,-4,Black,8.77,0,0
1426,0.0,0,0,0,0,0,-2,2,2,4,4,3,-4,0,0.0,1,0,6250,6,-4,-4,Black,3.223,0,-4
1427,0.0,0,0,0,0,0,2,2,3,1,1,1,-4,1,0.0,2,-4,-4,6,12,-4,Black,0.841,0,0
1428,0.0,0,0,0,-4,-4,-4,4,3,5,-2,4,5,0,0.0,2,0,-3,6,-4,12,Black,6.732,0,-2
1429,1.0,0,0,0,0,0,2,2,2,2,4,1,2,0,,2,0,196700,4,16,14,White,56.251,0,0
1430,1.0,0,0,0,0,0,2,2,2,1,1,1,-4,0,,2,0,196700,4,16,14,White,65.843,0,0
1431,1.0,1,0,0,3,0,3,2,2,4,4,1,4,1,,1,0,170500,5,18,18,White,33.549,0,0
1432,0.0,0,0,0,2,0,1,2,2,4,3,1,-4,1,0.0,2,0,170500,5,18,18,White,58.124,0,0
1433,0.0,0,0,0,0,0,1,2,3,1,1,2,-4,0,0.0,2,0,170500,5,18,18,White,77.559,0,0
1434,1.0,0,0,0,0,0,3,2,2,3,3,1,2,0,0.0,1,-4,-4,4,20,12,White,-0.004,-5,-5
1435,0.0,0,0,0,1,0,10,3,2,4,3,1,-4,0,0.0,1,0,33700,5,12,13,White,31.243,0,0
1436,1.0,0,1,0,5,5,0,1,4,4,2,4,-4,1,0.0,2,0,33700,5,12,13,White,24.156,0,0
1437,0.0,0,0,0,0,0,5,2,2,4,3,2,3,0,,2,0,58000,6,14,12,White,-0.004,0,0
1438,1.0,0,0,0,0,0,1,2,2,1,1,1,-4,0,0.0,2,0,176000,4,18,20,White,87.052,0,0
1439,0.0,0,1,0,0,0,3,2,1,3,3,2,-4,0,0.0,1,0,77500,3,12,14,White,8.992,-5,-5
1440,1.0,0,0,0,0,0,1,1,1,2,1,1,1,0,0.0,2,0,437501,3,20,10,Asian,74.327,0,0
1441,0.0,0,0,0,0,0,6,2,1,4,3,1,4,1,,1,0,128200,5,12,6,Asian,29.013,0,0
1442,1.0,0,0,0,1,0,2,2,2,4,3,2,3,1,1.0,2,0,128200,5,12,6,Asian,55.703,0,0
1443,0.0,0,0,0,0,0,3,1,2,3,1,1,-4,0,0.0,1,0,128200,5,12,6,Asian,38.482,0,0
1444,1.0,0,0,0,0,0,3,2,2,1,1,1,1,0,0.0,2,0,31200,4,16,14,White,62.844,0,0
1445,1.0,0,0,0,0,0,2,2,2,4,2,1,2,0,0.0,2,0,237500,5,16,16,White,93.452,0,0
1446,0.0,0,0,0,0,0,5,1,1,1,1,1,-4,0,0.0,1,0,237500,5,16,16,White,49.542,0,0
1447,0.0,0,1,1,0,1,1,2,2,1,1,1,-4,0,0.0,1,0,92500,4,16,14,White,77.991,0,0
1448,1.0,0,0,0,0,0,2,3,3,3,2,1,2,0,0.0,2,0,94000,3,-4,-4,White,-0.004,-5,-5
1449,1.0,0,0,0,0,0,3,2,1,3,3,1,2,0,,1,0,198200,3,16,17,White,41.118,0,0
1450,0.0,0,0,0,0,0,1,1,2,1,1,1,1,0,0.0,2,0,592500,3,19,17,White,100.0,0,0
1451,1.0,0,0,0,0,0,1,2,3,3,2,1,1,0,1.0,2,-4,-4,5,18,14,White,-0.004,-5,-5
1452,0.0,0,1,0,0,0,1,2,2,2,1,1,-4,0,0.0,1,0,70500,6,16,16,Hispanic,55.649,0,0
1453,0.0,1,0,0,0,0,1,2,2,3,2,1,2,0,0.0,2,0,361500,4,18,16,White,97.528,0,0
1454,1.0,0,0,0,0,0,3,2,2,3,3,1,3,0,0.0,2,0,600000,4,20,17,White,98.512,0,0
1455,1.0,0,0,0,0,0,2,2,-2,1,1,1,-4,0,0.0,1,0,600000,4,20,17,White,96.269,0,0
1456,1.0,0,1,0,0,0,1,2,2,3,3,1,2,-3,,1,0,600000,4,10,16,Asian,80.16,0,0
1457,1.0,0,0,0,0,0,2,2,2,2,1,1,-4,0,0.0,1,0,-3,4,20,16,White,98.996,0,0
1458,1.0,0,0,0,1,0,6,2,3,2,2,2,2,0,,1,0,333501,4,16,16,White,-0.004,-5,-5
1459,1.0,0,0,0,0,0,3,1,1,1,1,1,-4,0,0.0,2,0,333501,4,16,16,White,-0.004,-5,-5
1460,1.0,0,0,0,0,0,2,2,2,1,1,1,-4,0,0.0,1,0,194500,7,16,16,White,98.598,0,0
1461,1.0,0,0,0,0,0,2,2,1,5,5,1,2,1,1.0,1,-4,-4,5,16,16,White,-0.004,0,0
1462,0.0,0,0,0,0,0,5,2,1,1,1,1,-4,0,0.0,2,-4,-4,5,16,16,White,95.589,0,0
1463,1.0,0,0,0,0,0,9,2,4,2,2,1,2,1,0.0,1,-4,-4,3,18,14,White,96.579,0,0
1464,1.0,0,0,0,0,0,2,1,1,1,1,1,-4,0,0.0,2,0,420001,5,17,16,Asian,53.498,0,0
1465,0.0,,1,4,3,2,3,2,2,5,2,2,-4,1,0.0,1,0,9000,4,12,12,Black,62.849,-5,-5
1466,1.0,0,0,0,0,0,1,3,3,1,1,1,1,0,0.0,2,0,-3,5,16,16,Black,76.56,0,0
1467,0.0,0,0,0,0,0,3,2,2,5,3,1,5,0,,2,0,4650,3,12,12,Black,-0.004,0,-4
1468,1.0,,0,0,0,0,15,2,3,2,1,1,1,0,0.0,1,0,8100,3,12,12,Black,53.755,0,1
1469,0.0,0,1,0,0,0,5,2,1,1,1,1,-4,0,0.0,1,0,63500,4,12,12,Black,13.078,0,0
1470,0.0,0,1,0,0,0,1,2,4,5,3,1,-4,1,1.0,2,0,950,5,14,15,Black,28.346,0,1
1471,0.0,0,1,2,0,2,15,2,1,4,2,5,-4,1,0.0,1,0,950,5,14,15,Black,10.554,0,1
1472,0.0,1,1,1,0,2,0,1,1,1,2,1,-4,1,0.0,2,0,69600,5,-4,14,Black,-0.004,0,-4
1473,0.0,0,0,0,0,0,3,2,2,2,1,1,-4,0,0.0,1,0,98001,5,16,18,Black,73.874,0,0
1474,1.0,0,0,1,0,0,5,2,3,3,3,2,2,1,1.0,1,0,49800,4,13,14,Hispanic,-0.004,0,0
1475,1.0,0,0,0,0,0,3,2,2,3,2,1,-4,0,0.0,2,0,49800,4,13,14,Hispanic,-0.004,0,0
1476,0.0,0,0,0,0,0,10,2,2,3,3,1,3,0,0.0,2,0,322500,6,14,12,Black,42.197,0,0
1477,0.0,0,0,0,0,0,3,2,3,3,4,1,-4,0,0.0,2,0,322500,6,14,12,Black,34.832,0,0
1478,0.0,0,0,0,0,0,3,2,2,2,1,1,-4,0,0.0,1,0,110301,2,12,12,Black,49.427,0,0
1479,1.0,0,0,0,0,0,5,2,2,3,3,1,5,0,1.0,2,0,143000,4,12,12,Black,10.432,-5,-5
1480,1.0,0,0,0,2,0,4,2,1,5,5,2,-4,0,,2,0,143000,4,12,12,Black,3.537,-5,-5
1481,0.0,0,0,0,1,0,3,2,2,2,1,2,-4,0,0.0,1,1,2050,4,12,12,Black,42.127,0,0
1482,1.0,0,1,2,1,0,8,1,3,2,3,3,3,0,0.0,1,0,4800,2,12,12,Black,-0.004,0,0
1483,1.0,0,0,0,0,2,1,2,2,1,1,2,-4,1,0.0,1,0,3750,5,4,2,Hispanic,-0.004,0,-4
1484,1.0,0,1,1,0,0,0,2,2,2,2,1,2,0,1.0,1,0,351001,4,13,13,White,81.152,0,0
1485,1.0,0,1,1,0,0,0,1,1,4,2,1,-4,0,0.0,1,0,351001,4,13,13,White,49.125,0,0
1486,1.0,0,0,0,0,0,7,2,2,2,1,1,-4,0,0.0,1,0,228500,4,18,14,Asian,53.833,0,0
1487,1.0,0,0,0,0,0,2,1,3,3,3,1,2,0,0.0,2,0,244500,5,20,16,White,88.479,0,0
1488,1.0,1,0,1,0,0,3,2,2,3,2,1,2,0,0.0,1,0,78500,4,16,16,White,83.245,0,0
1489,0.0,0,0,0,0,0,0,2,3,3,2,1,-4,0,0.0,2,0,78500,4,16,16,White,45.82,0,0
1490,1.0,,0,0,0,0,7,2,2,1,1,1,-4,0,,2,0,600000,4,18,17,White,-0.004,-5,-5
1491,1.0,0,0,0,0,0,9,2,2,4,3,1,-4,0,0.0,1,0,125501,4,13,12,Asian,95.156,0,0
1492,0.0,0,0,0,0,0,9,2,1,2,1,1,-4,0,0.0,2,0,130300,3,16,16,White,84.039,-5,-5
1493,0.0,0,0,0,0,0,2,2,3,2,1,1,-4,0,1.0,1,0,134900,6,16,16,White,94.937,0,0
1494,1.0,0,0,0,0,0,3,2,2,4,4,1,3,0,1.0,2,0,127300,4,12,14,White,62.784,0,0
1495,1.0,0,0,0,0,0,2,2,3,4,3,1,3,0,0.0,2,0,265044,5,17,17,White,86.973,0,0
1496,0.0,0,0,0,1,0,0,2,2,4,3,1,3,1,1.0,2,0,265044,5,17,17,White,96.589,0,0
1497,1.0,1,0,0,0,0,9,2,1,3,1,1,-4,0,0.0,2,-4,-4,5,20,16,White,86.558,0,0
1498,1.0,0,0,0,0,0,0,2,2,2,1,1,-4,1,1.0,2,0,497500,5,20,16,White,54.621,0,0
1499,1.0,0,0,0,0,0,2,2,2,3,3,1,3,0,0.0,2,0,365500,4,16,16,Other,81.561,0,0
1500,1.0,0,0,0,0,0,0,1,2,3,3,1,-4,0,0.0,2,0,262000,6,12,13,Black,38.089,0,0
1501,0.0,0,0,0,0,0,4,2,3,3,2,1,3,0,0.0,2,-4,-4,4,19,16,White,90.149,-5,-5
1502,1.0,0,0,0,0,0,0,2,2,2,1,2,-4,0,0.0,2,0,83500,4,12,12,Black,14.106,0,0
1503,1.0,0,0,0,0,3,4,1,3,3,2,1,3,0,0.0,1,0,126000,3,12,15,White,77.556,0,1
1504,1.0,0,0,0,1,3,-2,2,3,3,1,2,-4,0,0.0,2,0,126000,3,-3,15,White,59.316,0,0
1505,0.0,0,0,0,0,0,3,1,1,1,1,1,-4,0,0.0,1,-4,-4,5,-3,6,Hispanic,33.987,0,0
1506,0.0,0,0,0,0,0,7,2,3,4,1,2,-4,1,0.0,2,0,3196,5,12,11,Hispanic,42.695,-5,-5
1507,,,0,0,0,0,2,1,3,2,1,1,-4,0,,1,0,15750,5,12,12,Hispanic,-0.004,-5,-5
1508,0.0,0,0,1,0,0,-2,2,2,-2,-2,1,-4,1,0.0,1,0,-1250,3,-4,-3,Other,-0.004,1,-2
1509,0.0,0,1,0,0,0,1,2,2,4,1,1,-4,0,0.0,2,-4,-4,4,-3,-3,Hispanic,27.574,0,0
1510,1.0,0,0,0,0,0,1,4,4,4,4,3,4,0,0.0,1,0,17900,7,14,12,White,32.868,-5,-5
1511,0.0,0,0,0,0,0,2,4,4,4,4,2,4,1,0.0,2,0,17900,7,14,12,White,57.619,0,0
1512,0.0,0,1,0,0,0,13,4,4,4,2,4,-4,0,0.0,2,0,17900,7,14,12,White,7.928,0,0
1513,1.0,0,1,1,5,0,0,2,4,2,1,1,-4,1,1.0,2,0,17900,7,14,12,White,29.258,0,0
1514,1.0,,1,2,0,2,1,3,1,1,1,1,-4,1,1.0,1,-4,-4,5,16,18,Black,24.719,-5,-5
1515,1.0,0,0,1,2,0,14,3,4,3,3,1,4,0,1.0,1,0,40500,5,-3,-3,Other,67.222,0,0
1516,1.0,0,0,0,0,0,1,2,3,4,2,2,3,1,0.0,2,0,22500,6,17,14,Hispanic,20.795,-5,-5
1517,1.0,1,0,0,0,0,0,2,3,4,1,1,-4,0,0.0,2,-4,-4,6,17,14,Hispanic,34.318,0,0
1518,0.0,0,0,0,5,0,7,2,2,1,1,1,-4,0,1.0,1,0,115501,4,-3,-3,White,96.95,0,0
1519,1.0,0,0,0,0,0,1,1,2,1,1,1,-4,0,0.0,1,-4,-4,3,-3,-3,Other,88.443,0,0
1520,0.0,0,0,0,8,0,10,1,4,5,1,5,-4,1,1.0,1,0,40750,5,-3,-3,White,27.905,0,0
1521,0.0,0,0,0,0,0,20,3,3,4,3,3,3,0,,2,-4,-4,3,-3,-3,White,-0.004,0,0
1522,1.0,1,0,0,0,0,0,2,2,1,1,5,1,0,0.0,1,0,39550,5,-3,-3,Other,99.296,0,0
1523,0.0,0,0,0,3,1,0,2,3,3,2,2,-4,0,,2,0,-3,4,-3,-3,Black,-0.004,-5,-5
1524,0.0,0,0,0,0,0,2,2,4,2,1,2,2,0,0.0,2,0,-3,2,-4,-3,Black,88.163,0,0
1525,1.0,1,0,0,0,0,1,2,2,2,4,2,2,0,0.0,1,0,20250,3,-4,12,Black,67.73,0,0
1526,0.0,0,0,0,0,0,-2,2,3,1,1,1,-4,0,,2,0,-5450,3,-3,-3,White,-0.004,0,0
1527,0.0,0,1,0,1,0,4,4,2,1,1,1,-4,0,0.0,2,1,1350,4,-4,-3,Black,-0.004,0,-2
1528,0.0,0,0,0,0,0,10,2,1,3,1,4,3,0,,2,1,1750,7,-4,-3,Black,-0.004,0,0
1529,,,0,0,0,1,0,2,4,1,1,2,-4,0,,1,0,1750,7,-4,-3,Black,-0.004,-5,-5
1530,1.0,0,0,0,0,1,12,1,2,4,5,1,3,0,0.0,1,0,600000,4,18,17,White,72.907,0,0
1531,1.0,0,0,0,0,0,2,2,2,1,1,1,-4,0,0.0,2,0,600000,4,18,17,White,71.025,0,0
1532,1.0,0,0,0,0,0,2,2,2,1,1,1,-4,1,0.0,1,0,-3,2,-3,-3,White,52.592,0,-4
1533,1.0,0,0,0,1,0,12,3,3,2,1,2,1,0,0.0,2,0,-3,5,18,16,White,67.837,-5,-5
1534,0.0,0,0,0,2,0,8,3,1,3,4,2,4,0,0.0,2,1,-50,3,6,12,White,25.157,0,0
1535,0.0,0,1,2,0,2,9,2,2,2,1,2,-4,0,0.0,1,1,-50,3,6,12,White,22.468,0,0
1536,0.0,0,0,0,0,3,2,2,3,2,2,3,-4,0,0.0,1,-4,-4,3,6,3,Hispanic,-0.004,-5,-5
1537,0.0,0,1,0,3,0,5,3,1,5,-2,5,-4,0,0.0,2,-4,-4,2,12,12,White,-0.004,0,-2
1538,1.0,,0,0,2,0,3,2,3,4,4,1,3,0,,1,0,307500,4,15,13,Hispanic,-0.004,-5,-5
1539,0.0,0,0,0,10,0,3,2,2,4,3,2,-4,1,0.0,2,0,-72500,5,-3,12,White,45.247,-5,-5
1540,0.0,0,0,0,0,0,20,1,3,4,1,2,-4,1,0.0,2,0,94100,6,-3,10,White,24.137,0,0
1541,0.0,0,1,0,1,0,0,2,2,1,1,1,-4,0,0.0,2,0,91500,3,12,12,White,83.145,-2,-2
1542,1.0,0,0,0,0,0,4,1,1,1,1,1,-4,0,0.0,2,0,-3,4,14,14,Hispanic,27.83,0,0
1543,1.0,0,0,0,0,0,0,2,1,5,5,2,-4,0,0.0,2,0,49500,4,16,12,White,81.827,0,0
1544,1.0,0,0,0,0,0,2,1,2,2,1,2,-4,1,0.0,2,0,49500,4,16,12,White,87.534,0,0
1545,1.0,0,0,0,0,0,1,2,2,1,1,1,-4,0,0.0,1,1,-3,4,12,12,White,75.347,0,0
1546,1.0,0,0,0,0,0,4,2,3,2,1,1,-4,0,0.0,2,1,-3,4,12,12,White,90.453,0,0
1547,1.0,0,0,0,0,0,1,2,2,2,1,1,1,0,0.0,1,0,44100,7,9,14,Hispanic,52.817,0,0
1548,0.0,,0,0,0,0,5,2,1,2,2,1,-4,1,,1,0,44100,7,9,14,Hispanic,59.391,-5,-5
1549,1.0,0,0,0,0,0,0,1,1,1,1,1,-4,0,0.0,1,0,44100,7,9,14,Hispanic,95.01,0,0
1550,1.0,0,0,0,0,0,0,2,2,3,3,2,-4,0,,2,0,-3,3,-4,-4,White,67.914,0,0
1551,1.0,0,0,0,0,0,2,2,3,2,3,1,3,1,1.0,2,0,114200,5,12,14,White,53.892,0,0
1552,0.0,0,0,0,0,1,0,2,2,1,1,1,-4,0,0.0,1,0,114200,5,12,14,White,64.106,0,0
1553,1.0,0,0,0,2,1,5,1,2,5,4,5,5,0,0.0,1,0,3950,3,11,12,Black,-0.004,0,0
1554,1.0,0,0,0,0,0,6,1,1,3,2,1,-4,0,0.0,1,0,3950,3,11,12,Black,-0.004,0,0
1555,0.0,0,1,6,0,4,35,2,2,4,4,1,5,0,,1,0,8977,4,12,12,Black,-0.004,0,0
1556,0.0,0,0,0,5,0,1,1,1,1,1,1,-4,0,0.0,1,0,106500,4,19,16,Black,49.52,0,0
1557,1.0,0,0,0,0,0,6,2,3,1,1,1,-4,0,1.0,2,0,106500,4,19,16,Black,63.525,0,0
1558,0.0,0,0,0,0,0,4,2,2,1,1,3,-4,0,0.0,1,0,11075,2,11,12,Black,-0.004,0,0
1559,1.0,0,1,0,3,0,0,2,3,5,4,5,5,1,0.0,1,0,-3500,5,11,12,White,27.378,0,0
1560,0.0,0,0,0,0,0,3,2,2,1,1,1,-4,0,0.0,1,0,2850,3,9,11,Hispanic,50.201,0,0
1561,0.0,0,0,0,0,0,4,1,2,-2,-2,-2,-4,-2,0.0,1,0,15600,5,13,12,Hispanic,-0.004,0,0
1562,0.0,0,1,2,0,2,2,1,2,1,1,1,-4,0,0.0,1,0,19600,3,-3,9,Hispanic,35.833,0,1
1563,0.0,0,0,1,0,0,0,2,2,2,1,1,-4,0,,1,0,32250,5,-3,12,Black,32.802,0,1
1564,0.0,0,1,2,0,1,28,3,3,4,5,1,-4,0,,1,0,59500,4,-3,12,Black,-0.004,0,0
1565,1.0,0,0,0,0,0,6,1,1,1,1,1,-4,0,0.0,2,0,2635,2,12,14,Black,58.669,0,-2
1566,0.0,0,1,0,0,0,0,2,3,3,1,1,3,0,0.0,2,0,3750,3,-3,9,Black,-0.004,-5,-5
1568,1.0,0,0,0,0,0,2,2,3,3,3,1,4,0,0.0,2,0,354721,3,12,-3,Black,-0.004,0,0
1569,0.0,0,0,0,0,0,4,2,3,2,2,3,4,0,1.0,1,0,4750,4,5,7,Hispanic,-0.004,0,0
1570,1.0,0,0,0,0,0,0,1,1,2,1,2,1,0,,1,0,-3,4,6,6,Hispanic,60.506,0,0
1571,1.0,0,0,0,0,0,2,2,2,1,1,1,-4,-1,0.0,2,0,-3,4,6,6,Hispanic,39.541,0,0
1572,1.0,0,0,0,0,0,0,3,2,4,4,1,-4,0,0.0,1,0,136500,6,16,13,White,65.921,0,0
1573,1.0,0,0,0,0,0,1,2,2,3,3,1,3,0,,1,0,335000,5,16,12,White,62.972,0,0
1574,1.0,0,0,0,0,0,8,2,2,2,1,1,-4,0,0.0,2,0,94000,4,15,13,White,85.962,0,0
1575,1.0,0,0,0,0,0,4,2,1,4,3,1,3,0,,2,0,-3,4,16,12,White,52.683,0,0
1576,1.0,0,1,0,1,0,0,2,2,4,5,1,5,1,1.0,2,0,51000,5,10,12,White,-0.004,0,0
1577,,,0,0,4,0,2,1,1,4,2,5,-4,0,,2,0,51000,5,10,12,White,-0.004,-5,-5
1578,1.0,0,1,0,0,0,0,3,3,2,4,2,2,0,0.0,1,0,-3,5,12,13,White,38.641,0,0
1579,0.0,0,0,0,0,0,2,2,2,2,1,4,-4,0,,1,-4,-4,3,12,12,Black,-0.004,0,0
1580,0.0,0,0,0,0,10,0,2,2,4,5,4,4,0,1.0,1,0,24227,2,12,12,Black,10.849,0,0
1581,0.0,,0,0,0,0,2,2,3,4,5,2,4,0,,1,0,240000,4,20,12,Asian,-0.004,-5,-5
1582,0.0,0,0,1,2,0,2,2,3,2,2,1,2,1,1.0,2,0,12750,3,16,12,White,54.43,1,0
1583,0.0,1,1,1,2,0,4,2,3,4,5,1,5,0,0.0,1,-4,-4,5,12,10,Hispanic,-0.004,0,0
1584,0.0,0,0,0,0,0,40,2,2,2,3,2,3,0,0.0,2,-4,-4,5,12,10,Hispanic,-0.004,0,0
1585,0.0,0,0,0,0,1,5,2,3,1,1,1,-4,0,0.0,2,-4,-4,5,12,10,Hispanic,-0.004,0,0
1586,1.0,0,0,0,0,1,2,2,1,1,1,1,-4,0,0.0,1,0,19500,5,16,15,Hispanic,4.667,0,-2
1587,0.0,0,1,0,5,0,3,2,3,5,4,1,2,1,0.0,2,1,-2500,3,8,12,White,74.731,0,0
1588,0.0,0,0,0,0,0,0,2,2,3,2,2,-4,0,0.0,2,1,-2500,3,8,12,White,56.24,0,0
1589,0.0,0,0,0,0,0,0,2,3,3,2,-2,-2,0,0.0,1,0,2500,6,-3,6,Hispanic,63.213,0,0
1590,1.0,0,0,0,-4,-4,-4,2,1,1,1,1,-4,0,0.0,2,-4,-4,9,15,12,White,-0.004,-5,-5
1591,0.0,,0,0,0,2,2,2,2,4,4,3,3,0,,1,-4,-4,2,-4,10,White,-0.004,-5,-5
1592,1.0,0,0,0,0,0,2,1,1,3,3,1,1,0,0.0,2,0,-3,5,16,16,White,91.74,0,0
1593,1.0,0,1,0,0,0,6,2,1,5,5,3,5,0,0.0,2,-4,-4,5,16,16,White,38.139,-5,-5
1594,0.0,0,1,0,20,25,60,4,3,3,4,2,4,-3,0.0,2,0,120000,6,16,16,Black,28.798,0,0
1595,0.0,0,0,0,0,0,4,3,3,1,1,1,-4,0,0.0,2,0,120000,6,16,16,Black,80.881,0,0
1596,0.0,0,0,0,0,0,1,2,2,2,1,2,-4,0,,1,0,18300,4,12,12,Hispanic,10.55,-5,-5
1597,0.0,,0,0,0,1,1,2,2,2,3,1,-2,0,,1,-4,-4,4,-3,12,Black,-0.004,-5,-5
1598,0.0,0,0,0,0,0,43,2,1,5,3,3,-2,0,,2,0,1750,7,6,9,Hispanic,-0.004,-5,-5
1599,0.0,0,0,0,3,0,5,1,1,4,1,2,2,0,0.0,2,0,1750,7,6,9,Hispanic,-0.004,-5,-5
1600,0.0,0,0,0,0,0,20,2,2,4,2,1,2,0,,2,-4,-4,3,-3,-3,Hispanic,19.482,0,0
1601,0.0,0,0,0,0,0,0,2,1,2,1,3,-4,0,,2,0,1750,8,12,11,Hispanic,-0.004,-2,0
1602,1.0,0,0,0,0,0,0,2,2,1,1,1,-4,0,0.0,2,0,1750,8,12,11,Hispanic,-0.004,1,0
1603,1.0,0,0,0,0,0,2,2,2,3,2,1,2,0,,2,-4,-4,3,-4,6,Hispanic,37.979,-5,-5
1604,1.0,0,0,0,0,0,3,2,2,3,4,1,3,0,0.0,2,-4,-4,6,14,14,White,-0.004,0,0
1605,1.0,0,0,0,0,0,2,2,2,3,3,2,-4,0,0.0,2,-4,-4,6,14,14,White,-0.004,0,0
1606,1.0,0,0,0,0,0,10,2,3,4,4,3,5,0,,2,0,500,2,6,14,Hispanic,-0.004,0,0
1607,0.0,0,0,0,0,1,0,1,1,1,1,1,-4,0,,1,0,500,3,8,-3,Hispanic,-0.004,0,0
1608,1.0,,1,0,0,0,25,3,4,5,4,3,3,-3,,2,-4,-4,5,19,11,White,-0.004,-5,-5
1609,0.0,0,0,1,0,1,2,2,3,1,1,1,-4,0,,1,-4,-4,5,19,11,White,-0.004,0,0
1610,0.0,0,0,0,1,0,0,2,2,4,4,2,-4,0,,2,0,-3,6,15,16,White,54.438,-5,-5
1611,1.0,,0,0,0,0,9,2,1,2,4,1,-4,0,,2,0,-3,6,15,16,White,53.933,-5,-5
1612,1.0,1,0,0,1,0,1,1,1,3,2,1,-4,1,0.0,2,0,-3,3,14,16,White,63.831,0,0
1613,,,0,0,0,0,2,1,2,1,1,1,-4,0,,1,-4,-4,5,19,17,White,-0.004,-5,-5
1614,1.0,0,0,0,0,0,5,2,2,2,2,1,2,0,0.0,2,0,344000,4,19,16,White,-0.004,0,0
1615,0.0,0,0,0,0,0,6,1,1,-2,-2,-2,-2,0,1.0,1,0,-3,6,12,12,Hispanic,-0.004,0,0
1616,1.0,0,1,0,0,0,4,3,3,4,5,4,4,0,,2,0,276551,5,12,12,White,6.08,-5,-5
1617,1.0,0,0,0,1,0,7,2,3,2,1,1,-4,0,0.0,1,0,48500,4,14,16,White,-0.004,0,0
1618,0.0,0,0,0,50,0,2,2,2,3,2,1,2,1,1.0,1,0,-20750,2,12,-4,White,88.521,0,0
1619,1.0,0,1,0,2,0,4,2,2,3,3,1,3,0,0.0,1,0,600000,5,14,12,White,84.682,-5,-5
1620,1.0,0,0,0,0,0,2,2,2,2,1,2,-4,0,0.0,1,0,600000,5,14,12,White,67.504,0,0
1621,0.0,0,0,0,0,0,3,2,3,2,1,2,2,0,,1,0,-3,5,14,14,White,-0.004,-5,-5
1622,0.0,0,0,0,0,0,18,1,2,3,1,1,-4,0,0.0,2,0,188500,2,19,18,Other,80.619,0,0
1623,1.0,0,0,0,0,0,0,2,2,1,1,1,-4,0,0.0,1,0,446200,4,16,16,White,100.0,0,0
1624,1.0,0,0,0,0,0,2,2,2,1,1,1,-4,0,0.0,2,0,-3,4,18,15,White,87.782,0,0
1625,0.0,,0,0,0,0,8,1,1,4,3,3,5,0,,1,0,-3,7,9,12,Hispanic,-0.004,-5,-5
1626,0.0,1,0,0,0,0,27,2,1,5,-2,4,-4,0,,1,0,-3,7,9,12,Hispanic,-0.004,-5,-5
1627,1.0,0,1,0,0,0,0,2,2,3,3,2,2,0,0.0,1,0,3750,3,-3,11,Asian,71.904,0,-4
1628,0.0,0,0,0,0,4,0,2,4,1,1,1,-4,0,0.0,1,0,3750,3,-3,11,Asian,51.676,0,0
1629,1.0,0,0,0,0,0,1,2,2,2,2,1,-4,0,0.0,2,0,500500,2,17,18,White,100.0,0,0
1630,1.0,0,0,0,0,0,3,1,1,1,1,1,1,0,0.0,2,0,129200,4,12,12,White,92.749,0,0
1631,1.0,0,0,0,0,0,1,3,4,3,4,1,3,0,,1,0,92500,4,14,16,White,-0.004,0,1
1632,1.0,0,0,0,1,0,3,2,1,2,1,1,-4,1,1.0,1,0,22000,5,14,13,White,76.6,0,0
1633,1.0,0,0,0,0,0,0,1,3,3,2,1,3,0,0.0,2,0,600000,5,12,14,White,90.989,0,0
1634,1.0,0,0,0,0,0,0,1,1,3,2,1,-4,0,0.0,2,0,600000,5,12,14,White,83.88,0,0
1635,1.0,0,0,0,0,0,0,2,1,4,3,1,3,0,,1,0,239500,3,18,14,White,-0.004,0,0
1636,0.0,0,0,0,0,0,1,2,3,-2,-2,1,-2,0,1.0,1,0,572001,5,16,12,White,-0.004,-5,-5
1637,0.0,1,1,1,0,0,3,3,4,1,1,1,-4,1,0.0,1,0,7250,5,-3,8,White,60.045,-5,-5
1638,0.0,,0,0,0,0,1,1,2,4,3,1,3,0,,1,0,271700,6,18,12,White,50.544,-5,-5
1639,1.0,0,0,0,0,0,5,3,3,4,2,1,-4,0,0.0,2,0,104500,4,12,12,White,72.761,0,0
1640,1.0,0,0,0,0,0,5,1,1,2,2,1,-4,0,0.0,1,0,62300,4,12,14,White,40.836,-5,-5
1641,0.0,0,0,0,0,0,8,1,3,1,1,1,-4,0,0.0,2,0,62300,4,-3,14,White,11.486,0,0
1642,0.0,0,0,0,0,0,2,2,2,2,1,1,-4,0,0.0,2,0,600000,5,20,18,White,84.037,0,0
1643,0.0,,1,0,0,0,5,2,3,3,2,1,2,-3,,1,0,431000,2,12,13,White,73.439,-5,-5
1644,1.0,0,0,0,0,0,4,2,3,3,3,1,2,0,0.0,2,0,301000,6,-3,14,White,77.446,0,0
1645,1.0,0,0,0,2,0,0,3,1,4,1,1,1,0,0.0,1,0,600000,4,16,-3,White,81.674,1,0
1646,1.0,0,0,0,2,0,2,2,2,5,4,2,-2,0,0.0,1,0,-3,5,12,14,White,44.674,0,0
1647,1.0,0,0,0,0,0,2,2,1,4,2,1,-4,-3,0.0,2,0,75000,5,7,13,White,94.433,0,0
1648,0.0,1,0,0,0,0,3,3,2,3,1,1,2,1,1.0,1,0,21800,3,-4,11,White,73.517,0,-2
1649,1.0,0,0,0,0,0,0,2,2,4,5,1,4,0,0.0,1,0,164300,5,14,12,White,52.657,0,0
1650,,,0,0,0,0,1,2,2,3,3,2,5,0,,1,-4,-4,6,12,13,White,-0.004,-5,-5
1651,1.0,0,0,0,0,0,1,2,2,4,3,2,-4,0,0.0,2,0,190301,5,14,11,White,81.829,0,0
1652,1.0,,0,0,0,0,3,2,2,2,2,1,1,0,,1,0,177500,4,14,12,White,94.943,-5,-5
1653,0.0,0,0,0,0,2,1,1,1,4,1,1,-4,0,0.0,1,0,106000,6,16,16,White,-0.004,-5,-5
1654,1.0,0,0,0,0,0,2,2,3,3,3,2,3,0,,1,0,115500,4,16,12,White,84.828,0,0
1655,1.0,0,0,0,1,0,0,1,2,3,1,1,-4,1,,1,0,-10000,3,16,12,White,-0.004,0,0
1656,1.0,0,0,0,0,0,2,1,1,1,1,1,-4,0,1.0,1,0,3750,3,16,16,Other,-0.004,0,0
1657,0.0,0,0,0,0,0,6,3,4,3,1,1,-4,0,,2,-4,-4,7,-4,-3,Black,-0.004,0,-4
1658,0.0,,0,0,0,0,0,2,2,2,2,1,-4,0,,2,1,77010,3,9,11,White,-0.004,-5,-5
1659,0.0,0,0,0,0,0,9,2,2,2,1,1,-4,0,0.0,1,0,114750,4,14,12,Hispanic,30.872,0,0
1660,,,0,0,0,0,0,1,1,1,1,1,1,0,,2,0,600000,3,16,16,White,-0.004,-5,-5
1661,1.0,0,0,0,0,0,4,2,2,3,5,2,3,0,0.0,1,0,600000,4,20,14,Hispanic,-0.004,0,0
1662,0.0,0,0,1,0,1,22,2,2,5,1,2,3,0,0.0,1,0,3150,4,11,9,White,-0.004,0,0
1663,0.0,0,0,1,0,0,6,2,2,1,1,1,-4,0,0.0,2,0,40700,3,11,10,Hispanic,-0.004,0,0
1664,0.0,0,1,4,4,0,4,2,4,1,1,1,-4,0,,1,-4,-4,3,-3,10,White,41.416,0,-4
1665,0.0,0,1,3,0,0,1,2,2,4,4,2,4,1,1.0,1,0,4200,4,-3,10,White,62.886,0,-4
1666,0.0,0,1,0,0,0,6,2,3,4,2,1,4,1,1.0,1,0,-3,5,10,10,White,29.184,0,0
1667,0.0,1,1,0,0,0,0,1,1,1,1,2,-4,0,1.0,1,-4,-4,4,-3,4,Asian,58.937,0,-2
1668,0.0,0,1,1,2,1,0,2,2,3,1,2,-4,0,,1,0,13750,3,-4,-3,White,22.826,0,0
1669,1.0,,0,0,0,0,2,2,2,3,3,2,1,0,0.0,2,0,600000,4,16,14,White,97.307,0,0
1670,0.0,0,0,0,0,0,3,2,2,3,3,1,2,0,0.0,2,0,600000,11,18,14,White,83.205,0,0
1671,1.0,0,0,0,0,0,3,2,2,4,2,1,2,0,0.0,2,0,600000,11,18,14,White,69.314,0,0
1672,1.0,0,0,0,0,0,5,2,2,2,1,1,-4,0,0.0,2,0,600000,11,18,14,White,81.439,0,0
1673,1.0,0,0,0,0,0,14,2,1,2,2,1,-4,0,0.0,2,0,118500,3,12,16,White,68.524,0,0
1674,1.0,0,0,0,0,0,12,2,2,3,3,1,3,0,0.0,2,-4,-4,5,15,18,White,44.381,0,0
1675,0.0,0,1,0,0,0,3,2,2,2,1,1,-4,0,0.0,1,-4,-4,5,15,18,White,69.624,0,0
1676,1.0,0,0,0,0,0,8,2,2,2,4,1,1,0,0.0,1,0,152500,5,16,18,White,62.494,0,0
1677,1.0,0,0,0,15,0,0,1,3,4,4,2,-4,1,0.0,2,0,152500,5,16,18,White,95.557,-5,-5
1678,1.0,0,0,0,0,0,3,2,2,1,1,1,-4,0,0.0,1,-4,-4,4,-3,-3,White,79.779,0,0
1679,1.0,0,0,0,0,0,2,2,2,3,3,2,3,0,0.0,2,0,142750,5,16,12,White,36.118,0,0
1680,1.0,0,0,0,0,0,0,2,2,2,2,1,1,0,0.0,2,0,-3,4,16,17,White,89.719,0,0
1681,1.0,,0,0,0,0,6,2,2,2,3,1,2,1,,1,0,-3,2,12,13,White,85.032,-5,-5
1682,1.0,0,0,0,0,0,2,2,2,3,4,1,2,1,0.0,2,0,600000,3,16,16,White,35.171,0,0
1683,0.0,0,0,0,0,0,2,1,2,4,2,1,3,0,0.0,1,0,-3,5,-3,12,Hispanic,84.407,0,0
1684,0.0,0,0,0,0,0,2,1,1,4,4,2,3,0,0.0,2,0,-3,5,-3,12,Hispanic,-0.004,0,0
1685,1.0,0,0,1,0,0,12,1,1,3,4,1,2,0,1.0,1,-4,-4,4,16,16,Other,-0.004,0,0
1686,1.0,0,0,0,0,0,3,2,2,3,4,1,3,0,0.0,2,0,-3,5,17,17,White,-0.004,0,0
1687,1.0,0,0,1,0,0,0,3,2,1,1,1,1,0,0.0,1,0,246501,5,16,18,White,-0.004,0,0
1688,1.0,0,1,2,5,1,0,1,1,1,1,1,-4,0,0.0,1,0,246501,5,16,18,White,-0.004,0,0
1689,0.0,0,0,0,4,0,8,2,1,4,1,3,-4,0,0.0,2,0,14500,5,9,12,White,43.037,0,1
1690,0.0,0,0,1,0,0,6,2,1,1,1,1,-4,0,0.0,2,0,121750,3,12,-3,White,18.473,-2,0
1691,0.0,0,0,0,0,0,1,2,1,1,1,1,-4,0,0.0,2,0,121750,3,12,-3,White,28.509,1,0
1692,1.0,0,0,0,0,0,2,1,2,2,2,1,2,0,0.0,1,0,600000,4,12,12,White,82.197,0,1
1693,1.0,0,0,2,30,1,0,2,1,2,1,1,-4,0,0.0,1,0,113500,3,16,12,White,57.315,-5,-5
1694,1.0,0,0,0,0,0,1,2,2,3,2,2,-4,1,,1,0,345500,5,12,14,White,93.284,0,0
1695,1.0,0,0,0,0,0,1,1,1,1,1,1,-4,0,,1,0,345500,5,12,14,White,89.436,0,0
1696,0.0,0,1,0,0,1,0,2,1,4,2,1,-4,0,0.0,1,0,115500,4,12,11,White,53.148,-5,-5
1697,1.0,0,0,0,0,0,5,2,2,2,1,1,-4,0,,2,0,112100,4,13,16,White,75.986,0,0
1698,1.0,0,0,0,0,0,5,1,1,1,1,1,1,0,0.0,2,0,600000,4,14,17,White,-0.004,0,0
1699,0.0,,0,0,0,0,7,2,2,2,1,2,-4,0,,1,0,600000,4,14,17,White,-0.004,-5,-5
1700,1.0,0,0,0,0,0,5,1,2,3,1,1,-4,0,0.0,1,-4,-4,3,12,12,White,12.621,-5,-5
1701,1.0,0,0,0,0,0,3,1,1,1,1,1,-4,0,0.0,1,-4,-4,3,12,12,White,27.137,0,0
1702,0.0,0,0,0,0,0,0,2,3,2,1,1,-4,1,1.0,1,0,17900,5,12,13,White,17.443,-5,-5
1703,1.0,0,0,0,0,0,5,2,2,2,2,1,4,0,,2,0,305200,4,12,12,White,69.67,0,0
1704,1.0,0,0,0,0,0,0,2,1,4,2,1,-4,0,0.0,1,0,305200,4,12,12,White,67.243,0,0
1705,0.0,0,0,2,12,3,6,3,4,5,4,5,3,1,1.0,2,0,5050,4,10,9,White,5.572,0,-2
1706,0.0,0,1,0,4,0,4,2,2,2,2,1,-4,1,0.0,2,0,5050,4,-3,9,White,22.261,0,0
1707,,,0,0,0,0,0,2,4,3,3,2,4,0,,1,-4,-4,4,13,12,Black,-0.004,-5,-5
1708,0.0,0,0,0,0,0,7,2,3,4,2,2,-4,1,0.0,1,0,1000,3,12,13,White,-0.004,0,-4
1709,1.0,0,0,0,1,0,4,2,2,3,2,1,4,0,0.0,2,0,207500,8,20,13,White,64.134,-5,-5
1710,0.0,0,0,0,0,0,5,2,2,4,2,3,-4,0,,1,0,207500,8,15,12,White,74.74,-5,-5
1711,0.0,1,0,0,0,0,0,2,1,3,1,1,2,1,,1,-4,-4,4,12,12,White,66.296,0,0
1712,1.0,0,0,0,0,0,2,2,1,3,2,2,-4,0,0.0,2,-4,-4,4,13,12,White,68.046,0,0
1713,1.0,0,0,0,1,0,1,1,4,1,1,1,-4,1,0.0,2,0,114000,4,13,16,White,-0.004,0,0
1714,0.0,0,1,0,0,0,0,1,1,-3,-3,-3,-3,-3,0.0,1,0,5250,6,-3,2,Hispanic,-0.004,0,0
1715,0.0,0,0,0,2,0,2,1,2,2,2,3,-2,1,0.0,1,0,12750,9,-3,12,White,3.248,-5,-5
1716,0.0,0,0,0,0,0,1,2,2,3,1,1,-2,0,,2,0,12750,9,-3,12,White,12.375,0,-2
1717,0.0,0,0,0,0,0,-2,3,2,1,1,3,-4,0,0.0,2,0,12750,9,-3,12,White,17.884,-5,-5
1718,0.0,0,0,0,0,0,20,1,1,1,1,1,1,0,,2,0,-3,15,-4,-3,Hispanic,-0.004,0,0
1719,0.0,0,0,0,0,0,10,2,1,1,1,1,-4,0,0.0,2,0,-3,15,2,-3,Hispanic,14.999,0,0
1720,0.0,0,0,0,0,0,0,2,1,4,1,1,3,0,0.0,1,0,8750,5,10,11,White,7.252,0,-2
1721,0.0,0,0,0,0,0,4,2,1,3,2,2,1,0,,1,0,2500,8,-3,7,Hispanic,-0.004,0,0
1722,0.0,0,1,0,0,0,10,2,2,3,2,1,2,-3,0.0,1,0,-2600,5,8,7,Hispanic,-0.004,0,0
1723,0.0,0,0,0,-4,-4,-4,2,2,1,1,1,-2,0,0.0,2,-4,-4,7,-3,-3,Hispanic,-0.004,0,0
1724,0.0,0,1,2,0,0,10,2,2,2,2,2,2,0,,1,0,-3,12,-3,2,Hispanic,-0.004,-5,-5
1725,0.0,,0,0,-4,-4,-4,2,2,3,1,4,-2,0,,1,0,5150,9,9,10,Hispanic,-0.004,-5,-5
1726,0.0,,1,0,0,1,8,2,2,-2,-2,3,-2,0,,1,0,5150,9,9,10,Hispanic,-0.004,-5,-5
1727,0.0,0,0,0,0,0,6,2,2,1,1,2,-4,0,0.0,1,0,5950,5,12,10,Hispanic,-0.004,0,1
1728,0.0,0,0,0,0,0,5,2,2,3,2,3,-4,1,0.0,2,0,-3,4,-3,-3,Hispanic,-0.004,0,-4
1729,0.0,0,1,1,0,0,0,2,2,2,1,2,-4,0,0.0,1,0,-3,4,-3,-3,Hispanic,-0.004,-5,-5
1730,0.0,0,0,0,0,0,0,2,2,3,3,1,3,0,0.0,2,0,7000,3,-3,12,White,-0.004,1,0
1731,0.0,,1,1,50,14,10,4,4,3,3,5,5,1,,2,1,13000,2,-3,12,White,-0.004,-5,-5
1732,0.0,0,0,0,2,1,2,2,2,1,1,1,-4,0,0.0,1,-4,-4,4,12,10,White,-0.004,0,0
1733,0.0,0,0,0,0,0,12,2,3,4,3,1,4,1,1.0,2,0,-3,3,14,9,White,57.012,0,0
1734,0.0,0,0,0,10,2,10,2,3,3,1,3,-4,0,0.0,1,-4,-4,5,12,12,White,19.004,0,0
1735,0.0,0,1,0,0,0,3,2,2,2,2,1,2,0,0.0,1,0,-3,5,12,14,White,67.524,0,0
1736,0.0,0,1,1,0,0,-2,1,3,3,1,1,-4,0,0.0,2,0,-3,5,12,14,White,94.261,-5,-5
1737,0.0,,0,0,1,0,4,2,4,3,2,2,3,0,,1,0,78600,4,11,14,White,32.699,-5,-5
1738,,,0,0,0,0,0,2,1,2,2,2,1,0,,1,0,78600,4,11,14,White,80.385,-5,-5
1739,0.0,0,0,0,0,0,1,2,1,4,1,1,-4,0,0.0,2,0,25350,4,12,12,White,33.271,0,0
1740,0.0,0,0,0,0,2,0,2,2,1,-2,2,-4,0,0.0,1,0,46500,8,12,10,White,-0.004,0,0
1741,0.0,0,0,0,0,0,6,2,2,1,-2,-2,-4,0,0.0,1,0,46500,8,12,10,White,-0.004,0,0
1742,,,0,0,0,0,0,2,2,1,2,1,-4,0,,2,0,-3,5,12,15,White,-0.004,-5,-5
1743,1.0,0,0,0,0,0,0,1,1,1,1,1,-4,0,,2,0,-3,5,12,15,White,-0.004,-5,-5
1744,0.0,0,0,0,0,0,3,2,1,1,1,2,-4,0,1.0,1,0,74300,5,13,12,White,26.271,0,0
1745,1.0,0,0,2,1,1,2,3,2,1,1,1,-4,0,0.0,2,-4,-4,3,-4,12,White,43.797,0,0
1746,1.0,0,0,0,0,0,2,2,4,4,2,2,-4,0,0.0,1,0,187500,4,12,12,White,11.047,0,0
1747,0.0,0,0,0,0,0,10,2,1,5,4,2,-4,0,0.0,2,0,18872,3,10,12,White,-0.004,0,0
1748,0.0,,1,0,0,0,11,3,3,3,2,1,-4,1,,1,0,850,3,16,15,Hispanic,53.629,-5,-5
1749,0.0,0,0,0,10,0,3,3,2,3,5,1,-4,-1,,2,-4,-4,4,16,-4,White,-0.004,0,0
1750,0.0,0,0,0,0,0,10,2,2,5,3,1,5,1,,2,0,6750,4,12,12,White,-0.004,0,-2
1751,1.0,0,0,0,0,0,10,2,2,3,3,1,2,0,,2,0,13000,4,15,12,White,-0.004,-5,-5
1752,1.0,0,0,0,0,0,0,2,2,3,1,1,-4,1,0.0,2,0,240000,3,19,16,White,90.154,0,0
1753,1.0,0,0,0,0,0,8,1,2,3,2,1,3,1,1.0,1,0,-3,2,18,18,White,83.275,0,0
1754,0.0,0,0,2,-2,-2,-2,4,4,4,3,1,2,-2,,2,0,-3,3,16,15,White,-0.004,0,1
1755,1.0,0,0,0,0,0,3,1,1,2,2,1,2,1,0.0,1,0,-3,3,14,16,White,93.563,0,0
1756,1.0,,0,0,0,0,1,2,1,2,4,1,1,0,,2,0,114200,4,16,16,White,80.337,-5,-5
1757,1.0,0,0,0,2,1,1,2,2,1,1,1,-4,0,0.0,1,0,114200,4,16,16,White,65.276,0,0
1758,1.0,0,0,0,0,0,3,2,2,3,4,1,3,1,0.0,1,0,228200,4,15,20,White,46.17,-5,-5
1759,0.0,0,0,0,2,3,1,4,4,2,2,2,-4,1,,1,1,23000,4,16,16,White,-0.004,0,0
1760,0.0,0,0,0,0,0,60,4,3,4,-2,1,3,0,,2,0,-3,8,12,-3,Black,-0.004,0,-2
1761,0.0,0,0,0,4,0,10,3,3,4,2,3,3,0,1.0,2,-4,-4,8,12,-3,Black,-0.004,-5,-5
1762,0.0,,0,0,2,0,3,2,3,3,2,2,3,0,,1,-4,-4,8,12,-3,Black,-0.004,-5,-5
1763,0.0,0,1,5,0,0,15,2,3,3,2,2,-4,0,,1,-4,-4,8,12,-3,Black,-0.004,0,1
1764,,,0,0,0,0,3,1,3,3,3,1,3,0,,1,0,-3,5,-4,-4,White,-0.004,-5,-5
1765,1.0,1,0,0,1,0,0,3,2,2,1,3,-4,1,1.0,1,1,2273,2,-4,12,White,72.076,0,-2
1766,0.0,0,0,0,0,0,3,2,2,1,1,1,1,1,0.0,1,0,-3,5,16,9,White,58.786,0,0
1767,0.0,0,1,0,0,1,0,2,2,1,1,1,-4,1,1.0,1,1,-3,5,-4,-3,White,-0.004,0,0
1768,1.0,1,0,0,0,0,2,2,1,3,3,1,4,0,0.0,1,0,-15500,3,12,12,Black,21.099,0,0
1769,1.0,0,0,0,0,0,2,2,1,5,4,3,3,0,0.0,2,0,-15500,3,12,12,Black,53.349,0,0
1770,1.0,0,1,0,0,0,30,2,2,4,4,4,5,0,,1,0,1750,4,14,13,Hispanic,27.185,0,-2
1771,1.0,0,0,0,0,0,0,2,2,2,2,1,1,0,0.0,1,0,503200,5,-4,13,White,-0.004,0,0
1772,1.0,0,0,0,0,0,2,2,2,3,3,1,-4,0,0.0,2,0,55500,5,16,14,White,93.809,0,0
1773,1.0,0,0,0,0,0,2,2,3,2,1,1,-4,0,0.0,2,0,55500,5,16,14,White,62.018,0,0
1774,1.0,0,0,0,0,0,0,2,1,-2,1,-2,-4,0,0.0,2,0,-3,5,14,16,White,19.156,-5,-5
1775,1.0,0,0,0,0,0,5,2,2,3,2,1,2,0,0.0,1,-4,-4,6,12,12,White,-0.004,0,0
1776,1.0,0,0,0,0,0,4,3,4,4,4,1,4,0,1.0,2,0,240651,3,12,16,White,77.83,0,0
1777,0.0,0,0,0,2,3,5,2,2,4,2,2,2,1,,1,0,38350,4,16,14,White,17.409,0,0
1778,0.0,0,1,0,0,0,0,1,3,4,1,1,-4,1,,1,0,223200,6,12,13,White,49.034,0,0
1779,1.0,1,0,0,0,0,3,1,1,1,1,1,-4,1,0.0,1,0,223200,6,12,13,White,31.027,0,0
1780,1.0,0,0,0,0,0,0,1,2,3,2,1,-4,0,0.0,2,0,-3,5,12,12,White,-0.004,0,0
1781,1.0,0,0,0,0,0,8,2,2,1,1,1,-4,0,0.0,2,0,185600,4,15,16,Hispanic,86.563,-5,-5
1782,0.0,0,0,0,0,0,3,2,3,3,2,2,3,0,,2,-4,-4,3,12,12,White,-0.004,0,0
1783,1.0,0,0,0,0,0,4,2,2,4,5,1,2,0,0.0,2,0,416500,4,14,12,White,54.214,0,0
1784,1.0,0,0,0,0,0,0,2,1,4,4,1,-4,0,0.0,2,0,122500,4,17,12,White,82.943,0,0
1785,0.0,0,1,0,0,0,10,2,4,3,2,1,-4,0,0.0,2,0,11500,4,11,11,White,-0.004,0,0
1786,0.0,0,0,0,5,0,6,1,3,4,3,1,2,1,0.0,2,0,44000,5,14,12,Black,31.446,0,0
1787,0.0,0,1,2,1,2,10,3,3,5,1,5,-4,0,0.0,1,0,44000,5,14,12,Black,10.632,0,0
1788,0.0,1,0,0,0,1,0,2,3,4,3,3,-4,0,0.0,1,0,-3,7,8,14,Black,13.283,-5,-5
1789,0.0,0,1,0,0,0,0,3,3,2,1,2,-4,0,0.0,2,0,-3,7,8,14,Black,11.463,0,0
1790,0.0,0,0,0,0,0,5,2,2,3,2,2,4,0,0.0,1,0,41500,4,12,12,Black,1.295,0,0
1791,0.0,0,0,0,0,0,7,2,3,3,2,3,4,0,0.0,1,0,41500,4,12,12,Black,19.362,0,0
1792,0.0,0,0,0,0,3,4,3,2,5,5,5,5,0,1.0,2,0,46500,4,10,11,Black,22.322,-5,-5
1793,0.0,0,0,0,1,1,1,1,2,2,2,2,-4,0,,2,0,-3,6,14,17,Black,26.292,0,0
1794,0.0,0,0,0,1,0,4,2,3,3,3,2,-4,0,,1,0,-3,6,14,17,Black,14.599,0,0
1795,0.0,0,0,0,10,2,2,2,4,3,3,2,4,1,0.0,1,0,-3,4,-3,16,Black,-0.004,0,0
1796,0.0,0,0,0,0,0,24,2,3,4,5,1,5,0,,2,0,-3,2,12,9,White,-0.004,-5,-5
1797,1.0,0,0,0,0,0,2,1,2,1,1,1,-4,0,0.0,1,0,342501,5,14,14,White,44.904,0,0
1798,0.0,0,0,0,1,1,0,1,3,3,3,3,-4,0,0.0,2,0,16605,4,12,12,White,-0.004,0,0
1799,1.0,0,0,0,0,0,2,2,2,1,1,1,-4,0,0.0,1,0,16605,4,12,12,White,59.594,0,0
1800,0.0,0,0,0,0,0,0,1,2,3,1,1,2,0,0.0,2,0,-3,5,-3,10,White,-0.004,0,0
1801,0.0,0,0,0,0,0,10,3,3,3,2,1,3,1,0.0,2,-4,-4,4,15,12,White,-0.004,0,0
1802,1.0,0,0,0,0,0,-2,1,1,1,1,1,-4,0,0.0,1,0,265500,5,16,12,White,34.654,0,0
1803,0.0,0,0,0,0,0,4,2,2,3,2,1,3,0,0.0,1,-4,-4,3,11,12,White,-0.004,0,0
1804,1.0,0,0,0,0,0,5,1,2,2,1,1,-4,0,0.0,2,0,-3,4,12,12,White,92.562,0,0
1805,0.0,0,0,0,0,0,1,1,1,2,1,1,-4,0,0.0,1,0,28750,5,18,12,Black,49.511,0,0
1806,1.0,0,0,0,0,0,0,2,4,1,1,1,-4,0,0.0,2,0,322001,4,12,12,White,57.745,-5,-5
1807,1.0,0,0,0,9,1,21,2,3,4,3,1,-2,0,,1,0,12600,3,13,13,White,78.616,0,0
1808,1.0,0,0,0,0,0,3,1,1,4,4,1,-4,1,0.0,1,0,132001,2,-3,13,White,-0.004,0,0
1809,0.0,0,0,0,0,0,0,2,1,1,1,-2,-2,0,0.0,1,0,11000,6,16,16,Asian,92.454,0,0
1810,0.0,0,0,0,0,0,0,2,2,1,1,1,-4,0,0.0,1,0,11000,6,16,16,Asian,64.358,0,0
1811,0.0,0,0,0,0,0,1,2,2,1,1,-2,-4,0,0.0,1,0,11000,6,16,16,Asian,26.23,0,0
1812,1.0,0,0,0,0,0,3,1,2,1,1,1,-4,0,0.0,2,0,97000,4,13,20,White,78.293,0,0
1813,1.0,0,0,0,0,0,5,2,4,4,5,1,2,1,0.0,1,0,56000,6,12,12,White,26.85,0,0
1814,1.0,0,0,0,1,0,0,2,4,5,3,1,-4,0,0.0,2,0,56000,6,12,12,White,13.662,0,0
1815,1.0,0,0,0,0,0,0,2,2,3,4,1,3,0,0.0,1,0,80750,5,16,14,White,51.759,0,0
1816,1.0,0,0,0,0,0,1,2,2,4,3,1,3,0,0.0,1,0,80750,5,16,14,Hispanic,27.256,0,0
1817,1.0,0,0,0,20,0,0,2,3,3,3,1,-4,1,1.0,1,0,-3,5,16,16,White,67.046,0,0
1818,1.0,0,0,0,0,0,0,2,2,4,2,5,-4,0,0.0,2,0,16250,5,12,12,Black,-0.004,0,0
1819,1.0,0,1,0,0,1,-2,2,2,3,3,1,3,0,1.0,1,0,54750,3,15,12,White,34.967,0,0
1820,1.0,0,0,0,0,0,0,2,2,2,2,-2,3,0,0.0,1,0,531500,3,19,16,White,81.111,0,0
1821,1.0,,0,0,0,0,10,2,2,4,3,1,1,0,,2,0,12900,4,16,14,White,59.675,-5,-5
1822,1.0,,0,0,0,0,15,2,2,3,4,2,2,0,,2,0,12900,4,16,14,White,69.078,-5,-5
1823,0.0,0,1,0,0,2,5,2,2,1,1,1,-4,1,0.0,1,0,66470,3,16,12,White,51.823,0,0
1824,1.0,0,0,0,0,0,3,2,2,1,1,1,-4,0,0.0,2,0,98000,4,18,16,White,76.073,0,0
1825,1.0,0,0,0,2,0,3,1,2,2,1,1,-4,1,0.0,1,0,409500,3,12,12,White,70.724,0,0
1826,1.0,0,0,0,0,0,0,1,2,1,1,1,1,0,0.0,1,0,-3,4,16,16,White,85.409,0,0
1827,1.0,0,1,0,0,0,5,2,2,2,1,1,1,1,0.0,1,0,144000,5,16,12,White,52.93,0,0
1828,1.0,0,0,0,2,1,0,3,3,2,1,1,-4,1,,1,0,144000,5,16,12,White,93.188,0,0
1829,1.0,0,0,0,0,0,1,2,1,2,1,1,-4,0,0.0,2,0,263000,4,20,20,White,77.983,0,0
1830,1.0,0,0,0,0,0,5,2,2,4,4,1,1,0,0.0,1,0,234750,6,20,12,White,84.631,0,0
1831,1.0,0,1,0,0,0,9,2,1,1,1,1,-4,0,0.0,1,0,600000,5,12,14,White,56.505,0,0
1832,1.0,0,0,0,0,0,1,2,2,1,1,1,-4,0,,1,0,-44750,3,14,16,White,-0.004,0,0
1833,1.0,0,0,0,0,0,0,1,1,3,1,1,-4,0,0.0,2,0,67650,7,10,9,White,39.234,0,0
1834,0.0,0,0,1,0,0,0,4,2,1,1,1,-4,0,0.0,1,0,386100,4,12,13,White,15.403,0,0
1835,0.0,,0,0,5,0,4,2,3,4,4,3,4,1,1.0,2,-4,-4,4,12,12,White,-0.004,-5,-5
1836,1.0,0,0,0,0,0,4,2,2,3,2,1,-4,0,0.0,1,0,305001,4,-4,-4,White,95.854,-5,-5
1837,1.0,0,0,0,0,0,4,1,2,4,4,1,2,0,0.0,2,0,295750,3,18,20,White,71.068,0,0
1838,1.0,1,0,0,0,2,3,2,1,4,3,1,1,0,0.0,1,0,600000,3,-4,-4,White,85.466,0,0
1839,1.0,0,0,0,0,0,2,1,2,2,2,1,4,0,0.0,2,1,26750,6,18,18,Black,85.899,0,0
1840,0.0,0,0,0,0,0,10,2,3,1,1,1,-4,0,0.0,2,1,26750,6,18,18,Black,99.655,0,0
1841,0.0,0,0,0,0,0,2,1,3,4,2,1,-4,1,1.0,2,1,26750,6,18,18,Black,45.647,0,0
1842,0.0,0,1,0,0,0,13,2,1,1,1,1,-4,0,0.0,1,0,1750,5,11,10,Black,2.003,0,0
1843,0.0,0,1,2,0,2,10,2,3,3,2,3,1,0,0.0,1,-4,-4,11,11,10,Asian,-0.004,0,0
1844,0.0,0,0,0,0,0,4,2,4,3,1,4,-4,0,0.0,2,-4,-4,11,11,10,Asian,-0.004,0,0
1845,0.0,0,1,0,0,2,20,2,1,3,3,3,-4,0,,1,0,-3250,5,12,11,Black,22.994,0,0
1846,0.0,0,1,0,0,0,3,3,3,1,1,1,-4,1,0.0,2,1,-3250,5,12,11,Black,9.1,0,0
1847,1.0,0,0,0,0,0,5,1,1,1,1,1,-4,0,0.0,1,0,1900,4,20,16,Black,91.502,0,0
1848,0.0,,0,0,0,0,6,2,3,3,2,1,4,0,,2,0,85800,3,12,12,Other,71.217,-5,-5
1849,1.0,0,0,0,0,0,0,2,2,5,5,1,3,0,0.0,1,0,48200,3,16,12,Black,26.059,0,0
1850,0.0,0,0,0,1,1,15,2,3,3,2,2,3,1,1.0,2,0,11200,4,16,12,Black,64.359,-5,-5
1851,1.0,0,1,0,5,1,32,2,4,4,1,1,-4,1,0.0,1,-4,-4,4,16,12,Black,22.172,0,0
1852,0.0,,0,0,0,1,5,3,2,3,3,1,3,0,,1,0,31500,5,10,9,Asian,-0.004,-5,-5
1853,1.0,0,0,0,0,0,1,2,2,1,1,1,1,0,0.0,1,0,86300,5,16,20,Black,72.455,0,0
1854,1.0,0,1,0,0,0,7,2,2,5,5,2,3,0,0.0,1,0,1750,5,11,11,White,33.875,0,0
1855,1.0,,0,0,0,0,2,2,3,4,4,2,1,1,1.0,2,0,244350,3,12,13,White,69.12,-5,-5
1856,0.0,0,0,0,0,0,15,2,2,2,2,1,2,0,0.0,2,0,259500,4,16,16,White,99.698,0,0
1857,1.0,0,0,0,0,0,3,2,2,2,1,1,-4,1,1.0,1,0,259500,4,16,16,White,89.855,0,0
1858,0.0,0,0,0,0,0,0,2,2,1,1,1,1,0,0.0,2,0,382500,7,20,20,Asian,98.74,0,0
1859,0.0,,0,0,0,0,15,2,3,3,3,1,2,0,,1,0,130000,3,16,16,White,60.012,-5,-5
1860,1.0,0,0,0,0,0,4,2,3,3,1,1,2,0,0.0,2,0,315600,4,14,12,White,96.727,0,0
1861,1.0,0,0,0,0,0,2,1,2,2,2,1,2,0,0.0,1,0,315600,4,14,12,White,80.37,0,0
1862,0.0,0,0,0,0,1,4,3,4,1,1,1,-4,0,0.0,2,0,532500,4,16,18,White,83.526,0,0
1863,,,0,0,0,0,2,2,2,2,1,1,1,0,,2,0,223500,4,20,15,White,-0.004,-5,-5
1864,1.0,0,0,0,0,0,8,2,3,3,2,2,2,0,1.0,2,0,164001,8,17,18,White,72.828,0,0
1865,0.0,0,0,0,0,0,5,2,2,5,3,2,4,0,,2,0,78600,8,12,11,White,5.094,0,0
1866,0.0,0,0,0,6,0,15,2,2,4,5,3,4,0,,2,0,50,4,12,13,White,36.88,0,0
1867,0.0,0,0,0,0,0,0,2,2,2,1,1,-4,0,0.0,1,0,6767,5,13,14,Other,23.042,0,0
1868,1.0,0,0,0,0,0,20,1,2,1,1,1,-4,0,0.0,1,-4,-4,5,13,14,Other,4.562,0,0
1869,0.0,0,0,1,1,1,2,2,2,2,1,1,-4,0,,1,0,2575,6,14,12,Other,67.733,-2,1
1870,0.0,0,1,0,2,0,3,1,1,3,1,1,-4,1,0.0,2,-4,-4,6,14,12,Other,34.176,0,1
1871,0.0,0,0,0,0,0,8,2,1,4,1,1,-4,0,0.0,1,0,10309,3,-4,-4,Other,2.101,0,0
1872,0.0,0,1,0,1,3,20,2,3,4,2,2,4,1,0.0,1,0,24850,4,11,13,Hispanic,12.042,0,-2
1873,0.0,0,0,0,2,0,2,1,4,5,3,2,3,1,1.0,1,0,-3,6,12,11,White,61.196,0,0
1874,1.0,0,0,0,0,0,2,2,3,4,3,1,-4,0,0.0,2,0,-3,6,12,11,White,57.322,0,0
1875,1.0,0,0,0,0,0,3,2,2,3,1,2,-4,0,0.0,2,-4,-4,2,-3,-3,Asian,34.667,-5,-5
1876,1.0,0,1,0,0,0,2,2,2,3,2,1,2,0,0.0,2,0,305500,3,16,16,White,53.822,0,0
1877,0.0,0,1,0,1,1,6,3,3,4,5,3,4,0,,2,0,24529,5,12,12,White,-0.004,0,0
1878,0.0,0,0,0,1,3,2,2,3,3,1,1,-4,0,0.0,1,0,24529,5,12,12,White,-0.004,0,0
1879,0.0,0,0,0,2,2,0,2,1,1,1,1,-4,0,,1,0,65000,4,18,12,White,12.847,0,0
1880,1.0,0,0,0,0,0,1,2,2,2,2,1,-4,0,0.0,2,0,30600,3,12,12,White,72.197,0,0
1881,0.0,0,1,0,-4,-4,-4,2,2,4,4,3,-2,-3,,1,0,167750,3,12,14,Other,-0.004,0,0
1882,1.0,0,0,0,0,0,8,2,2,2,3,1,1,0,0.0,1,0,-3,4,17,13,White,85.935,0,0
1883,0.0,0,0,0,0,0,3,2,2,1,1,1,-4,0,0.0,2,0,-3,4,17,13,White,46.586,0,0
1884,1.0,0,0,0,0,0,6,2,3,3,3,1,3,0,0.0,2,0,-3,5,17,17,White,-0.004,0,0
1885,1.0,0,0,0,0,0,0,2,3,2,2,1,-4,1,0.0,1,0,-3,5,17,17,White,-0.004,0,0
1886,0.0,0,0,0,10,0,10,2,3,2,1,1,-4,1,0.0,1,0,81600,6,13,13,White,47.733,0,0
1887,1.0,0,0,0,0,0,1,2,2,2,1,1,-4,0,0.0,1,0,322001,4,20,20,White,73.482,-5,-5
1888,1.0,0,0,0,1,0,5,2,1,1,1,1,-4,1,1.0,1,0,55950,5,10,10,White,78.908,0,0
1889,0.0,,0,0,0,0,10,2,2,3,2,1,2,0,,2,0,11615,5,12,12,White,24.026,-5,-5
1890,0.0,,1,0,0,0,3,3,2,2,2,2,-4,0,,1,0,11615,5,12,12,White,45.126,-5,-5
1891,0.0,0,0,0,0,0,22,3,2,1,1,1,-4,1,,1,0,11615,5,12,12,White,15.538,-5,-5
1892,0.0,,0,0,0,0,6,2,3,3,2,1,1,0,,1,0,88750,4,12,13,White,29.378,-5,-5
1893,1.0,0,0,0,0,0,0,2,1,3,2,1,-4,1,0.0,2,0,93500,4,12,12,White,65.215,0,0
1894,1.0,0,0,0,20,1,7,2,3,4,4,3,3,0,0.0,2,0,147000,4,17,13,White,31.442,0,0
1895,0.0,0,0,0,20,0,5,2,2,4,2,1,-4,1,0.0,1,0,147000,4,17,13,White,13.667,0,0
1896,1.0,0,1,0,3,3,5,1,1,5,5,1,2,1,0.0,1,0,89500,3,14,12,White,72.64,0,0
1897,1.0,0,0,0,1,0,0,1,2,2,2,1,-4,0,1.0,2,0,230700,4,16,16,White,91.477,0,0
1898,1.0,0,0,0,0,0,2,2,3,2,1,1,-4,0,0.0,2,0,230700,4,16,16,White,79.084,0,0
1899,1.0,1,0,0,0,0,8,2,2,4,3,1,-4,0,0.0,2,0,15750,8,12,12,White,70.197,-5,-5
1900,1.0,0,0,0,0,0,12,1,2,4,2,1,-4,0,1.0,2,0,15750,8,12,12,White,64.721,0,-2
1901,0.0,0,0,0,3,0,0,2,3,5,4,1,3,0,0.0,2,0,22400,4,14,16,White,22.738,0,0
1902,0.0,0,0,0,0,2,2,3,3,2,1,1,-4,0,0.0,1,0,22400,4,14,16,White,21.999,0,0
1903,1.0,0,0,0,0,0,1,1,2,3,3,1,2,0,0.0,2,0,410500,4,-4,-4,White,58.928,0,0
1904,1.0,1,0,0,0,0,0,2,3,2,1,1,-4,0,0.0,1,0,410500,4,-4,-4,Hispanic,71.435,0,0
1905,1.0,0,0,0,10,0,1,2,3,5,4,1,3,1,1.0,1,0,63200,3,18,15,White,71.44,0,0
1906,1.0,0,0,0,0,0,2,2,3,3,4,1,4,0,,2,0,34500,2,12,12,White,63.763,-5,-5
1907,0.0,0,0,0,0,0,0,2,2,2,-2,-2,-4,0,,1,0,38550,2,12,11,White,28.389,0,0
1908,1.0,0,0,0,0,0,3,2,3,3,3,1,3,0,0.0,2,0,-3,5,12,13,White,69.209,0,0
1909,1.0,0,0,0,0,0,5,2,3,2,1,1,-4,0,0.0,2,0,-3,5,12,13,White,78.704,0,0
1910,0.0,0,0,0,0,0,3,2,2,5,3,1,2,0,,1,0,-48240,4,12,13,White,12.099,0,0
1911,0.0,0,0,0,0,1,3,2,1,3,1,1,-4,0,0.0,1,0,-48240,4,12,13,White,18.279,0,0
1912,1.0,0,0,0,0,0,14,2,2,3,2,1,-4,0,0.0,2,0,31800,2,10,13,White,75.007,0,-4
1913,0.0,0,1,0,-4,-4,-4,2,4,5,4,3,3,1,1.0,2,0,753,3,12,13,White,19.044,0,-4
1914,0.0,0,0,0,0,0,8,2,2,1,2,1,4,0,0.0,1,0,9800,2,12,14,Hispanic,85.375,0,0
1915,0.0,0,0,0,0,2,2,2,2,1,1,-2,-4,0,,1,0,-1000,3,12,12,Black,-0.004,-5,-5
1916,1.0,1,1,0,0,0,1,2,2,3,2,1,-4,0,0.0,2,0,74501,5,12,12,White,74.732,0,0
1917,1.0,0,1,0,2,0,10,2,3,2,5,3,-4,0,,2,0,227500,2,16,16,White,40.913,-5,-5
1918,0.0,0,0,0,0,0,0,2,1,1,1,1,-4,1,0.0,1,0,63750,6,16,14,White,89.639,0,0
1919,1.0,1,0,0,0,0,12,1,2,1,1,1,-4,0,0.0,1,0,63750,6,16,14,White,72.831,0,0
1920,1.0,0,1,6,0,1,4,2,1,2,2,1,-4,0,,1,0,600000,2,18,20,White,16.257,-5,-5
1921,1.0,0,0,0,2,0,0,1,1,1,1,1,-4,0,0.0,2,0,21750,5,12,16,White,69.511,0,0
1922,1.0,0,0,0,0,0,1,1,2,1,1,1,-4,0,0.0,1,0,21750,5,12,16,White,60.013,-5,-5
1923,1.0,0,0,0,0,0,7,1,2,2,1,1,1,0,0.0,2,0,600000,5,16,16,White,91.969,0,0
1924,0.0,0,0,0,0,0,7,1,2,2,1,1,-4,0,,2,0,539500,8,14,13,White,80.637,0,0
1925,1.0,1,0,0,0,0,4,2,2,4,3,2,4,1,1.0,1,0,369000,4,-4,-4,White,32.697,0,0
1926,0.0,0,0,0,0,0,5,2,2,2,1,1,1,-3,,2,0,1750,5,-3,12,Hispanic,-0.004,0,-4
1927,0.0,0,0,0,1,0,0,2,3,2,1,3,3,-3,,1,0,1750,5,-4,12,Hispanic,-0.004,-5,-5
1928,0.0,0,0,0,0,0,10,2,2,4,4,4,4,0,0.0,2,0,2550,3,8,12,Hispanic,25.486,0,1
1929,0.0,0,0,2,2,2,10,2,3,2,2,2,-4,1,0.0,1,0,2550,3,8,12,Hispanic,36.119,0,1
1930,0.0,0,1,0,0,0,3,1,1,1,1,2,-4,0,,2,0,1500,5,9,9,Hispanic,-0.004,0,0
1931,0.0,0,1,0,15,1,3,2,2,2,1,2,-4,0,0.0,1,0,-3,4,15,12,White,-0.004,0,0
1932,1.0,0,0,0,0,0,3,2,2,3,3,1,2,0,0.0,2,0,330500,4,16,16,White,89.801,0,0
1933,1.0,0,0,0,0,0,1,1,1,2,1,1,1,0,0.0,1,0,2300,2,12,14,White,98.824,0,0
1934,0.0,0,0,0,2,0,30,2,3,5,5,3,4,1,0.0,2,1,34000,3,14,10,White,31.742,0,0
1935,0.0,1,1,2,0,5,6,2,3,4,3,2,4,0,1.0,1,0,500,3,12,13,White,1.217,0,-4
1936,,,0,0,0,0,0,2,2,1,1,1,-4,0,,1,0,2500,5,8,-3,Hispanic,7.622,-5,-5
1937,1.0,0,0,0,0,0,2,1,2,3,2,2,2,1,0.0,1,1,14650,3,10,13,Hispanic,77.544,0,1
1938,0.0,0,0,0,0,0,1,2,3,3,3,3,3,0,0.0,1,1,14650,3,10,13,Hispanic,25.044,0,1
1939,0.0,0,1,0,1,1,7,2,3,2,2,1,4,0,,2,0,31300,4,10,10,Hispanic,8.747,0,0
1940,0.0,0,0,0,0,0,6,2,2,3,2,2,-4,0,,2,0,-3,4,8,9,Hispanic,40.541,-5,-5
1941,0.0,0,0,0,1,0,1,3,2,3,2,3,3,0,0.0,2,0,11750,5,-3,5,Hispanic,9.38,0,-2
1942,0.0,0,0,0,0,1,1,2,2,3,2,3,-4,0,0.0,2,0,11750,5,-3,5,Hispanic,7.67,0,0
1943,1.0,0,0,0,0,0,1,2,3,2,2,1,4,1,0.0,1,0,70500,4,20,17,White,67.0,0,0
1944,1.0,1,1,0,0,0,1,2,2,1,1,1,-4,0,0.0,1,0,70500,4,20,17,White,70.219,0,0
1945,0.0,0,0,0,0,0,1,2,2,1,1,1,1,0,0.0,1,0,13465,2,-4,12,Black,-0.004,0,-2
1946,0.0,,0,0,0,0,2,3,3,1,1,1,-4,0,,2,0,-3,4,12,12,White,81.44,-5,-5
1947,1.0,1,0,0,1,0,3,2,2,5,5,5,-4,0,0.0,2,0,46000,4,-3,13,White,38.691,0,0
1948,0.0,0,1,1,0,3,4,2,2,1,1,1,-4,0,0.0,1,0,500,4,-3,10,White,-0.004,0,0
1949,0.0,0,0,0,0,0,0,2,1,1,1,2,-4,1,0.0,1,0,7550,2,12,16,Black,23.068,0,0
1950,1.0,0,0,0,0,0,30,2,3,4,4,5,-4,1,1.0,2,0,25000,4,13,13,Other,-0.004,0,0
1951,0.0,0,0,0,0,0,0,1,2,3,3,2,2,1,0.0,1,0,92500,6,11,12,White,-0.004,0,0
1952,0.0,0,0,0,3,0,6,2,3,5,2,2,-4,0,0.0,1,0,20900,5,12,-3,Black,2.276,-5,-5
1953,0.0,0,0,0,0,0,10,2,2,2,2,3,-4,0,1.0,2,0,38250,8,3,3,Hispanic,11.105,0,0
1954,0.0,0,0,0,2,2,10,3,2,1,1,2,-4,1,0.0,2,0,36900,5,12,-3,Black,11.027,-2,-2
1955,,,1,0,1,0,12,2,3,2,1,3,5,1,,1,0,24735,6,-3,12,Black,13.672,-5,-5
1956,1.0,1,0,0,5,4,2,2,2,3,3,2,3,1,0.0,2,1,24735,6,-3,8,Black,25.968,0,0
1957,0.0,0,0,1,0,1,3,2,2,1,2,3,2,0,0.0,1,0,46750,4,-3,10,Hispanic,28.424,0,0
1958,1.0,0,0,0,0,0,5,2,1,1,1,1,-4,0,,1,0,46750,4,-3,10,Hispanic,16.651,0,0
1959,0.0,1,0,0,-4,-4,-4,-4,-4,1,1,1,5,0,0.0,2,0,33250,3,-4,-3,Black,37.804,0,-4
1960,0.0,0,0,0,0,0,1,2,2,2,1,3,-4,0,0.0,1,0,-3,5,4,3,Hispanic,-0.004,0,0
1961,0.0,0,1,2,0,3,6,2,2,1,1,1,-4,1,0.0,1,0,-3,5,4,3,Hispanic,-0.004,0,0
1962,1.0,0,1,0,0,0,2,1,1,2,1,1,-4,0,0.0,2,0,115000,3,12,13,White,-0.004,0,-2
1963,1.0,0,0,0,0,0,2,2,2,1,1,1,-4,0,0.0,1,0,81500,3,12,12,White,49.263,0,0
1964,1.0,0,1,0,0,0,4,2,2,3,4,2,-4,0,0.0,2,0,29000,3,10,15,White,85.938,0,-4
1965,0.0,,0,0,2,0,8,2,3,2,2,1,-4,0,,1,0,14850,5,12,14,Hispanic,70.696,-5,-5
1966,1.0,0,0,0,0,0,10,2,2,-2,1,1,1,0,0.0,1,0,41500,5,16,16,Hispanic,12.588,0,0
1967,1.0,0,0,0,0,0,3,2,2,2,2,2,2,1,0.0,1,0,43600,5,13,13,Hispanic,33.299,0,0
1968,0.0,1,0,0,0,0,8,2,2,2,2,1,-4,0,0.0,1,0,43600,5,13,13,Hispanic,19.745,0,0
1969,0.0,0,0,0,0,0,6,2,1,2,1,1,-4,0,0.0,2,0,43600,5,13,13,Hispanic,54.08,0,0
1970,1.0,0,0,0,1,0,2,2,2,1,1,2,-4,1,1.0,1,0,90000,4,14,16,Other,95.947,0,0
1971,1.0,0,0,0,0,0,4,3,1,3,2,1,2,0,,2,0,-45500,5,-3,12,Black,33.133,0,-4
1972,1.0,0,0,0,1,1,6,2,2,1,1,1,-4,0,0.0,2,0,-45500,5,-3,12,Black,31.251,-2,-4
1973,1.0,0,1,6,0,0,4,2,2,1,1,1,-4,0,0.0,1,0,313500,6,16,15,White,59.661,0,0
1974,0.0,0,1,0,2,2,2,2,2,1,1,-2,-4,1,0.0,1,-4,-4,3,12,13,White,79.781,1,1
1975,0.0,0,0,0,1,0,2,2,2,4,4,2,3,0,0.0,1,0,95500,5,12,12,Hispanic,91.215,0,0
1976,0.0,0,0,0,0,0,0,2,1,1,1,1,-4,0,0.0,1,0,95500,5,12,12,Hispanic,26.572,0,0
1977,1.0,1,0,0,0,0,14,2,2,2,2,1,3,1,0.0,2,0,1550,4,11,13,Black,72.03,0,0
1978,0.0,1,0,0,0,0,6,2,2,3,3,1,-4,0,0.0,2,-4,-4,3,11,10,Hispanic,-0.004,0,0
1979,1.0,0,0,0,1,0,3,2,2,2,1,1,-4,1,0.0,1,0,3525,3,12,13,White,40.825,-5,-5
1980,0.0,0,0,0,1,0,15,2,4,3,4,4,4,0,0.0,2,0,-46200,5,12,12,Hispanic,-0.004,0,0
1981,1.0,0,0,0,15,2,23,3,4,5,4,4,3,0,0.0,1,0,-46200,5,12,12,Hispanic,-0.004,-5,-5
1982,1.0,0,0,0,0,0,5,2,2,3,2,1,-4,0,0.0,1,0,3450,5,9,9,Hispanic,72.269,0,0
1983,0.0,0,0,0,0,0,0,2,1,4,2,1,-4,0,,2,-4,-4,4,12,14,Black,-0.004,0,0
1984,0.0,0,0,0,0,0,0,2,2,1,1,1,-4,0,0.0,2,-4,-4,4,12,14,Black,-0.004,0,0
1985,1.0,0,0,0,0,0,2,1,1,2,3,1,2,0,,1,0,5450,3,15,13,White,79.554,0,0
1986,1.0,,0,0,0,0,3,1,2,2,1,1,-4,1,,2,0,-12000,4,14,14,White,-0.004,-5,-5
1987,0.0,0,0,0,0,0,5,2,3,4,2,2,1,1,0.0,2,0,32000,4,13,9,Hispanic,18.689,0,0
1988,1.0,0,1,0,3,0,10,2,1,4,4,5,-4,0,0.0,2,0,-2600,3,14,14,White,6.96,-5,-5
1989,0.0,0,0,0,0,0,15,1,1,3,-2,1,-2,0,,2,0,520,2,-4,14,White,-0.004,0,-4
1990,1.0,0,0,0,0,0,6,2,3,2,2,1,2,0,0.0,1,0,14250,3,13,17,Hispanic,65.402,0,1
1991,1.0,0,0,0,0,0,3,1,2,4,4,2,-4,0,0.0,2,0,-19375,4,14,18,Hispanic,68.479,0,0
1992,0.0,0,0,0,0,0,-2,3,4,4,5,3,4,0,,2,0,6600,5,-3,14,White,-0.004,0,0
1993,0.0,0,1,0,1,0,-2,2,3,-2,-2,1,-4,1,0.0,1,0,6600,5,-3,14,White,-0.004,0,0
1994,1.0,0,0,0,0,0,5,2,2,1,1,1,-4,0,1.0,1,0,-3,4,14,16,White,89.773,0,0
1995,1.0,0,1,0,0,0,10,2,4,2,3,1,4,1,0.0,2,0,600000,4,16,-3,White,43.292,0,0
1996,1.0,0,0,0,1,0,0,1,1,2,2,1,-4,0,0.0,1,0,600000,4,16,-3,White,87.225,-5,-5
1997,1.0,,0,0,0,0,3,1,3,3,3,1,3,0,,2,-4,-4,5,6,14,Hispanic,-0.004,-5,-5
1998,1.0,0,0,0,0,0,3,1,2,1,1,1,-4,0,,2,-4,-4,5,6,14,Hispanic,-0.004,0,0
1999,0.0,0,1,0,0,0,2,2,2,3,1,1,2,1,0.0,1,0,-3,4,-3,12,Black,24.647,-5,-5
2000,0.0,0,1,2,1,0,5,2,3,1,1,1,-4,1,0.0,1,0,-3,4,5,12,Black,3.967,0,1
2001,,0,0,0,0,0,10,2,2,5,4,5,5,0,0.0,2,-4,-4,4,8,9,White,-0.004,0,0
2002,0.0,0,0,0,0,0,0,3,3,2,1,1,-4,0,0.0,2,0,-3,4,9,10,White,42.665,0,0
2003,0.0,0,0,0,0,0,11,2,2,3,2,1,-4,0,,1,0,64650,6,10,9,White,25.598,-5,-5
2004,0.0,0,0,0,0,0,8,3,3,4,3,5,5,0,0.0,2,1,-1675,5,-3,11,White,-0.004,0,-2
2005,0.0,0,1,1,2,3,6,2,3,2,1,1,-4,1,,1,0,-1675,5,-3,11,White,-0.004,0,0
2006,1.0,1,0,0,0,0,2,2,3,3,3,2,-4,0,1.0,1,0,11086,3,9,12,White,94.797,0,0
2007,0.0,0,0,0,0,0,30,3,2,5,4,2,3,1,1.0,2,0,28300,4,12,9,White,12.856,0,0
2008,0.0,0,1,0,1,0,21,4,3,4,2,3,-4,0,,2,0,28300,4,12,9,White,3.894,0,-2
2009,0.0,0,0,2,2,1,29,2,3,5,4,5,5,0,0.0,1,0,38250,4,-3,9,White,3.994,0,0
2010,0.0,0,0,0,0,0,4,2,2,2,1,1,-4,0,0.0,1,0,38250,4,9,9,White,34.266,0,0
2011,0.0,0,0,0,0,0,4,2,3,4,4,3,5,0,0.0,2,0,4000,5,-3,12,White,25.644,-5,-5
2012,0.0,0,1,0,0,15,3,4,4,5,5,4,-4,0,0.0,2,0,4000,5,-3,12,White,-0.004,1,1
2013,0.0,0,1,3,0,0,0,2,1,2,2,2,-4,0,0.0,1,0,6700,3,11,-3,White,15.714,-2,1
2014,0.0,0,0,0,0,0,0,2,3,2,1,1,-4,0,0.0,1,0,54250,3,7,8,White,-0.004,0,0
2015,0.0,0,0,0,0,0,5,3,3,4,5,4,2,1,0.0,2,0,-1750,3,-3,11,Black,1.723,0,0
2016,0.0,0,1,0,0,0,5,3,4,3,3,1,4,1,0.0,2,0,-1750,3,-3,11,Black,10.172,0,0
2017,0.0,0,1,0,1,0,7,2,2,3,3,1,4,0,0.0,2,0,32550,3,12,12,Black,71.305,0,0
2018,0.0,0,1,1,0,0,7,2,2,4,4,2,5,0,0.0,1,0,21950,4,10,10,Black,25.863,0,0
2019,0.0,0,0,0,0,0,40,3,2,5,5,5,5,1,0.0,1,0,-3,3,-3,12,Black,10.803,0,0
2020,0.0,0,0,0,0,0,10,2,2,2,1,1,3,0,,2,-4,-4,4,-3,10,Black,29.4,0,1
2021,0.0,,0,0,0,2,10,1,2,3,3,1,-4,0,,2,0,18050,3,12,11,Black,-0.004,-5,-5
2022,0.0,0,0,0,0,0,5,2,2,3,2,1,3,0,0.0,2,0,-3,4,12,12,Black,14.494,0,0
2023,0.0,0,0,0,1,0,0,2,3,5,2,-2,5,0,,2,0,-3,5,12,13,Black,2.872,-5,-5
2024,0.0,0,1,0,0,1,0,3,1,-2,-2,1,-4,0,,1,0,-3,5,12,13,Black,2.754,-5,-5
2025,0.0,0,1,0,0,0,1,1,2,3,1,1,-4,0,0.0,2,0,11000,3,12,13,Black,-0.004,0,0
2026,0.0,0,0,0,3,3,11,3,2,3,3,2,-4,0,0.0,2,0,-1750,4,14,12,Black,12.956,0,0
2027,1.0,0,0,0,0,0,0,2,2,3,-2,-2,-2,0,0.0,2,0,-3,5,16,16,White,81.228,-5,-5
2028,1.0,0,0,0,1,0,-2,2,1,4,1,2,-4,0,0.0,2,0,-3,5,16,16,White,65.556,0,0
2029,0.0,1,0,0,0,0,0,2,1,3,1,1,-4,0,0.0,1,0,207026,4,12,12,White,66.898,0,0
2030,0.0,0,0,0,0,0,0,2,3,2,1,1,5,0,0.0,1,0,-3,2,14,18,Black,67.068,0,0
2031,0.0,0,0,0,0,0,-2,2,2,5,3,-2,5,0,,2,0,-3,5,12,12,White,8.49,0,-2
2032,1.0,0,1,0,4,1,2,2,2,4,4,1,-4,1,,1,0,2480,3,-3,12,Black,22.339,1,-4
2033,1.0,0,0,0,0,0,1,2,1,3,2,1,-4,0,0.0,2,0,297500,5,16,12,White,-0.004,0,0
2034,,,0,0,0,0,3,1,2,2,1,1,-4,0,,2,0,256500,4,18,18,White,62.397,-5,-5
2035,1.0,0,0,0,0,0,0,2,2,3,3,2,3,0,0.0,1,-4,-4,4,14,14,White,82.494,-5,-5
2036,0.0,0,0,0,0,0,10,2,2,1,1,1,-4,0,,2,0,71600,5,12,15,Black,57.98,0,0
2037,1.0,0,0,0,0,0,0,2,1,5,5,4,5,1,0.0,1,1,4250,5,12,12,Hispanic,10.835,0,0
2038,0.0,0,0,0,0,0,2,2,3,3,5,2,-4,0,0.0,2,1,4250,5,12,12,Black,33.291,-5,-5
2039,1.0,0,0,0,0,0,7,2,2,1,1,1,-4,0,0.0,2,0,81526,4,13,13,White,86.924,0,0
2040,1.0,0,0,0,0,0,4,2,3,4,4,1,3,1,1.0,2,0,126000,5,16,16,White,95.918,0,0
2041,0.0,0,1,3,0,2,42,4,4,4,3,3,-4,0,,1,0,126000,5,16,16,White,79.539,0,0
2042,1.0,0,0,0,0,0,5,1,1,3,2,1,1,1,0.0,1,0,-3,4,18,12,White,91.123,0,0
2043,1.0,0,0,0,0,0,5,2,1,1,1,1,-4,0,0.0,1,0,-3,4,18,12,White,82.023,0,0
2044,0.0,0,0,0,0,0,10,2,2,4,3,1,3,0,,2,0,283501,4,16,16,White,-0.004,-5,-5
2045,1.0,0,0,0,1,0,2,1,1,3,2,1,-4,0,1.0,1,0,283501,4,16,16,White,-0.004,0,0
2046,1.0,0,0,0,1,0,0,2,3,5,3,1,4,0,,1,-4,-4,4,16,20,White,21.494,0,0
2047,1.0,0,1,2,0,0,0,2,2,1,1,1,-4,0,0.0,1,-4,-4,4,16,20,White,8.766,0,0
2048,1.0,0,1,0,1,1,2,2,3,3,4,1,2,1,0.0,1,0,501,3,20,-4,White,100.0,-5,-5
2049,0.0,0,0,0,0,0,0,2,3,3,4,2,-4,0,,1,-4,-4,4,16,12,White,28.619,0,0
2050,1.0,0,0,0,0,0,0,2,1,2,2,1,2,0,0.0,1,-4,-4,5,16,13,White,65.383,-5,-5
2051,1.0,0,0,0,0,0,0,1,1,3,2,1,-4,0,0.0,1,-4,-4,5,16,13,White,93.136,0,0
2052,1.0,,0,0,0,0,10,1,1,4,5,1,3,0,,2,0,160000,6,12,13,White,76.751,-5,-5
2053,1.0,,0,0,1,0,7,2,1,3,4,1,3,0,,2,0,160000,6,12,13,White,60.855,-5,-5
2054,1.0,0,1,0,0,0,2,2,2,3,1,1,3,0,,1,0,170600,5,19,15,White,67.203,0,0
2055,1.0,0,0,0,0,0,2,2,2,2,1,1,-4,0,0.0,2,0,170600,5,19,15,White,78.365,0,0
2056,1.0,0,0,1,0,0,2,1,2,2,1,1,-4,0,0.0,2,0,-935251,6,16,13,White,94.948,0,0
2057,1.0,0,0,0,0,0,0,2,1,3,2,1,1,0,0.0,1,0,566500,5,16,18,White,83.55,0,0
2058,1.0,0,0,0,0,0,1,2,1,1,1,1,-4,0,,1,0,566500,5,16,18,White,68.947,-5,-5
2059,1.0,0,1,0,0,0,3,2,1,2,2,1,1,0,0.0,2,0,324500,6,16,20,White,90.02,0,0
2060,1.0,0,1,0,0,0,2,1,1,1,1,1,-4,0,0.0,1,0,324500,6,16,20,White,64.563,0,0
2061,1.0,0,0,0,0,0,0,1,2,3,2,1,2,0,0.0,2,-4,-4,5,10,16,White,84.087,0,0
2062,1.0,0,0,0,0,0,0,2,2,3,1,1,-4,0,1.0,1,0,498000,3,19,18,White,100.0,0,0
2063,0.0,0,0,0,0,0,0,2,2,4,4,2,2,0,0.0,2,0,-3,4,17,18,White,58.75,0,0
2064,0.0,0,0,0,0,0,0,2,2,5,3,1,3,0,0.0,1,0,221500,5,13,16,White,-0.004,-5,-5
2065,1.0,0,0,0,0,0,1,1,2,4,2,1,-4,0,0.0,1,0,221500,5,13,16,White,33.774,-5,-5
2066,1.0,0,0,0,0,0,-2,2,2,2,2,1,2,0,0.0,2,0,-3,4,19,16,White,79.092,0,0
2067,0.0,0,0,0,0,0,-2,2,2,2,1,1,-4,0,,2,0,-3,4,19,16,White,69.759,0,0
2068,1.0,1,0,0,1,0,2,1,1,1,1,1,-4,0,0.0,1,0,452500,3,20,20,White,75.919,0,0
2069,0.0,0,0,0,0,0,-2,2,2,1,1,2,-4,1,1.0,2,0,452500,3,20,20,White,100.0,0,0
2070,1.0,0,1,0,0,0,10,2,3,5,5,2,-4,1,0.0,1,0,-3,5,-3,20,White,88.577,0,-4
2071,1.0,0,0,0,0,0,3,2,2,1,1,1,-4,1,1.0,1,0,251001,5,16,13,White,64.541,0,0
2072,0.0,0,0,0,0,0,5,2,2,1,1,1,-4,0,0.0,1,0,505000,5,13,16,White,99.668,0,0
2073,1.0,0,0,0,0,0,8,2,2,3,3,-2,3,0,,1,0,-3,3,-3,18,White,74.078,0,0
2074,1.0,0,0,0,0,0,0,2,2,3,3,2,-4,0,0.0,1,0,165500,4,14,14,White,60.6,0,0
2075,1.0,0,0,0,0,0,0,2,2,4,3,1,-4,0,0.0,2,0,91100,5,14,13,White,76.549,0,0
2076,1.0,0,1,0,0,0,5,1,2,3,3,1,4,0,1.0,1,0,79620,5,12,12,White,89.701,-5,-5
2077,1.0,0,0,0,0,0,1,3,2,3,3,1,-4,0,0.0,2,0,79620,5,12,12,White,90.204,0,0
2078,1.0,1,0,0,0,0,4,3,3,2,1,1,-4,1,0.0,2,0,145750,4,16,18,White,81.194,-5,-5
2079,1.0,0,0,0,0,0,0,1,3,4,2,2,2,0,0.0,2,0,126000,4,12,12,White,52.496,0,0
2080,1.0,0,0,0,0,0,7,2,3,2,1,1,-4,0,0.0,2,0,126000,4,12,12,White,94.958,0,0
2081,1.0,0,0,0,1,0,1,2,2,3,2,2,-4,1,,1,0,-3,5,16,12,White,84.887,0,0
2082,0.0,1,0,0,0,0,10,2,3,3,2,1,-4,0,,1,0,237001,4,16,16,White,49.822,-5,-5
2083,1.0,0,1,0,0,0,1,2,3,3,4,1,3,0,0.0,2,0,138000,4,19,13,White,70.555,0,0
2084,0.0,0,0,0,0,0,4,2,2,4,3,1,-4,0,0.0,2,0,138000,4,19,13,White,72.707,0,0
2085,1.0,0,0,0,0,0,0,1,2,3,3,1,2,0,0.0,2,0,79800,5,14,16,White,92.942,-5,-5
2086,1.0,0,0,0,0,0,2,2,1,1,1,1,-4,0,0.0,1,0,79800,5,14,16,White,97.538,-5,-5
2087,1.0,0,0,0,0,0,1,1,2,2,1,1,-4,0,0.0,1,-4,-4,5,12,12,White,-0.004,0,0
2088,1.0,0,0,0,2,0,5,3,2,5,3,3,5,1,1.0,1,0,233000,3,12,13,White,76.341,0,0
2089,1.0,0,0,0,0,0,2,2,1,3,4,1,2,0,0.0,1,0,490001,5,16,16,White,86.654,0,0
2090,1.0,0,0,0,0,0,2,2,2,3,2,1,-4,0,1.0,2,0,490001,5,16,16,White,99.241,0,0
2091,1.0,0,0,0,0,0,4,1,1,2,1,1,1,0,0.0,2,0,-3,5,16,16,White,92.593,0,0
2092,1.0,0,0,0,0,0,0,2,4,1,1,1,-4,0,1.0,1,0,162500,6,16,16,White,85.82,0,0
2093,0.0,0,0,2,1,5,3,2,3,4,4,5,5,0,0.0,1,0,-3,5,13,13,Black,19.094,0,0
2094,0.0,0,0,0,1,0,5,2,2,3,4,1,-4,0,0.0,2,0,22475,4,14,16,White,57.882,0,0
2095,0.0,0,0,0,0,0,5,2,4,3,3,2,-4,0,0.0,1,0,54636,4,12,13,White,35.916,0,0
2096,1.0,0,0,0,0,0,6,1,1,1,1,1,-4,0,0.0,1,0,-10400,3,12,16,White,85.528,0,0
2097,0.0,0,0,0,1,0,3,2,2,4,3,1,5,1,1.0,2,0,-2250,4,16,12,Black,12.522,1,0
2098,0.0,0,0,0,0,0,5,2,3,5,3,2,5,0,,2,0,-1900,5,-3,8,Black,-0.004,1,1
2099,0.0,1,0,0,0,10,4,2,3,5,4,5,5,0,1.0,1,0,-250,5,-3,10,Black,70.835,0,1
2100,0.0,0,0,0,0,7,-2,2,2,5,4,5,-4,1,1.0,1,0,-250,5,-3,10,Black,17.689,-2,1
2101,1.0,0,0,0,3,1,0,2,1,3,1,3,-4,1,1.0,2,-4,-4,3,-4,-3,Black,40.241,0,0
2102,1.0,0,0,0,0,0,25,1,2,5,1,2,5,0,0.0,2,0,4050,7,12,12,Black,24.844,0,0
2103,0.0,0,0,0,0,0,5,2,2,2,1,2,-4,1,0.0,2,0,4050,7,12,12,Black,37.476,0,0
2104,0.0,0,1,0,2,1,2,4,2,3,2,1,-4,0,0.0,2,0,8800,3,12,12,Black,35.738,0,0
2105,1.0,0,0,0,2,3,1,3,4,3,4,5,5,1,0.0,2,0,74650,5,-4,12,Black,14.151,0,0
2106,1.0,0,1,0,0,0,0,2,3,4,5,3,5,0,0.0,2,0,243493,3,17,18,Other,27.771,0,0
2107,1.0,0,0,0,0,0,1,2,2,3,4,2,-4,0,0.0,2,0,46800,3,12,13,Black,61.498,0,1
2108,0.0,0,0,0,0,0,9,3,3,3,3,2,2,0,,1,0,9750,3,-3,12,Black,13.614,0,0
2109,1.0,0,0,0,3,0,3,2,2,3,1,1,-4,1,1.0,2,0,-3,4,14,14,White,-0.004,-5,-5
2110,0.0,0,0,0,0,0,25,4,4,4,5,1,3,1,0.0,1,0,5900,6,12,12,White,-0.004,0,0
2111,0.0,0,0,0,0,1,0,2,2,2,3,1,3,0,0.0,1,0,83050,3,12,12,White,25.451,0,0
2112,1.0,0,0,0,0,0,0,1,1,2,1,1,1,0,0.0,2,0,75800,4,12,16,White,98.502,0,0
2113,1.0,0,0,0,0,0,0,2,2,1,1,1,-4,0,0.0,1,0,75800,4,12,16,White,85.179,-5,-5
2114,1.0,0,0,1,0,0,5,1,2,3,3,1,2,0,0.0,1,-4,-4,5,-4,12,White,-0.004,0,0
2115,0.0,0,0,0,0,0,6,2,4,4,3,1,4,0,0.0,2,1,7900,3,11,12,White,-0.004,0,0
2116,0.0,0,0,0,0,0,2,2,2,4,4,2,4,1,1.0,1,-4,-4,6,10,12,White,-0.004,-5,-5
2117,0.0,0,0,0,1,0,16,2,2,2,1,1,-4,1,1.0,2,0,500,5,11,10,White,44.728,0,0
2118,0.0,0,0,0,20,5,12,2,1,1,1,1,-4,1,0.0,1,0,500,5,11,10,White,16.213,0,0
2119,0.0,0,1,0,0,0,9,2,4,5,5,3,5,-3,1.0,1,0,500,5,-3,12,White,15.819,-5,-5
2120,1.0,0,0,0,0,0,3,2,1,1,1,1,-4,0,1.0,1,0,209500,4,17,14,White,68.691,0,0
2121,0.0,,0,0,0,0,5,1,4,2,3,2,3,1,1.0,1,0,17602,4,17,14,White,58.884,0,0
2122,1.0,0,0,0,0,0,-2,3,2,1,1,1,-4,0,0.0,1,0,17602,4,17,14,White,43.902,0,0
2123,1.0,0,0,0,0,0,7,2,2,2,3,1,3,1,,1,0,11000,4,12,16,White,68.136,0,0
2124,0.0,0,0,0,2,0,5,2,1,5,4,2,-4,1,0.0,2,0,11000,4,12,16,White,55.643,0,0
2125,1.0,0,0,0,0,0,3,1,1,3,1,1,-4,1,0.0,2,0,-3,4,18,12,Hispanic,-0.004,-5,-5
2126,0.0,0,0,0,6,0,0,1,3,5,5,1,-4,0,0.0,2,0,282700,4,12,12,White,-0.004,0,0
2127,1.0,0,0,0,-4,-4,-4,-4,-4,4,4,-2,4,0,,2,0,-3,5,14,12,White,81.43,-5,-5
2128,1.0,0,0,0,0,0,1,2,3,3,3,2,-4,0,,1,0,-3,5,14,12,White,27.349,0,0
2129,1.0,0,0,0,0,0,1,2,1,1,1,1,-4,0,0.0,1,-4,-4,6,-3,-3,Asian,47.91,0,0
2130,1.0,0,0,0,0,0,1,2,2,3,1,2,-4,0,0.0,1,0,45200,7,12,-4,White,91.337,0,0
2131,1.0,1,0,0,0,0,4,2,2,2,3,1,2,0,1.0,1,0,-3,6,12,14,White,78.236,-5,-5
2132,1.0,0,0,0,1,0,2,2,2,4,3,2,-4,0,0.0,2,0,-3,6,12,14,White,37.719,0,0
2133,1.0,0,0,0,0,0,1,1,2,1,1,1,1,0,0.0,2,0,-3,4,16,12,White,93.63,0,0
2134,1.0,0,1,1,1,4,4,2,4,4,5,3,5,0,0.0,1,0,-3,3,14,14,Black,13.657,-5,-5
2135,1.0,0,0,0,0,0,3,2,2,5,4,3,-4,0,0.0,2,0,10500,5,12,5,Black,22.388,0,0
2136,1.0,0,1,0,0,1,7,1,1,3,-2,1,-4,0,0.0,1,0,6750,5,-4,16,White,36.484,0,-4
2137,0.0,0,0,0,0,0,0,2,2,1,1,1,-4,0,0.0,1,0,82500,3,13,14,White,49.108,0,0
2138,1.0,0,0,4,0,1,8,2,3,3,4,2,4,0,0.0,1,0,-3,4,12,12,White,60.202,-5,-5
2139,0.0,0,1,0,3,0,5,2,3,3,4,2,2,0,0.0,1,0,-28150,3,14,12,White,-0.004,0,0
2140,1.0,,0,0,0,0,4,2,2,2,2,1,1,0,,2,0,-3,6,14,12,White,89.919,-5,-5
2141,1.0,0,0,0,0,0,4,2,2,1,1,1,-4,0,0.0,1,0,177550,3,13,12,White,53.137,0,0
2142,1.0,0,0,0,-4,-4,-4,2,2,1,1,1,-4,0,0.0,2,0,60700,5,12,12,White,57.031,0,0
2143,1.0,0,0,0,0,0,0,2,2,1,1,1,-4,0,0.0,2,0,60700,5,12,12,White,40.698,0,0
2144,1.0,0,0,0,1,0,2,2,2,5,3,1,-4,0,,1,0,77200,5,16,14,White,34.281,-5,-5
2145,1.0,0,0,0,0,0,1,2,3,3,3,1,4,1,1.0,1,0,96502,3,-3,12,White,-0.004,0,0
2146,1.0,0,0,0,0,0,3,1,2,1,1,1,-4,0,0.0,2,0,600000,4,16,16,White,94.708,0,0
2147,1.0,0,0,0,0,0,9,2,3,3,2,1,3,0,0.0,1,0,172500,4,14,14,White,92.476,0,0
2148,0.0,0,0,0,2,2,15,3,3,5,4,4,5,0,,2,1,600000,5,18,12,White,29.661,0,0
2149,1.0,0,0,0,0,0,0,2,3,1,1,1,-4,0,1.0,1,0,-3,4,19,14,White,-0.004,0,0
2150,0.0,0,0,0,0,0,1,1,2,4,5,-2,4,0,,1,-4,-4,5,14,12,White,33.444,0,0
2151,1.0,0,0,0,0,0,0,2,2,2,3,1,3,0,0.0,1,-4,309501,5,14,12,White,72.993,-5,-5
2152,1.0,0,0,0,0,0,5,2,3,4,4,1,3,1,0.0,2,0,96750,2,16,16,White,93.18,0,0
2153,0.0,0,0,0,0,0,12,2,2,3,2,1,-4,0,0.0,2,1,-800,4,12,14,White,43.841,0,0
2154,0.0,0,0,0,0,0,6,3,2,4,5,1,3,1,0.0,1,1,800,5,9,10,White,17.772,-5,-5
2155,0.0,0,0,0,0,0,3,2,2,5,4,1,2,0,,2,-4,5300,5,12,10,White,32.079,0,0
2156,0.0,0,0,0,0,0,9,1,3,3,3,1,2,1,,2,1,-6000,4,-3,12,White,65.472,0,0
2157,0.0,0,1,0,0,0,20,2,2,4,5,1,4,0,0.0,2,0,-15850,7,10,8,White,37.558,0,1
2158,0.0,1,1,0,10,10,30,2,2,4,5,2,-4,1,0.0,1,0,-15850,7,10,8,White,1.283,0,1
2159,1.0,0,0,0,12,2,6,2,4,1,1,1,1,1,1.0,1,1,39440,4,-4,10,White,20.547,0,-4
2160,0.0,0,1,0,0,0,7,3,3,1,1,1,-4,0,0.0,2,1,-13250,2,12,14,Hispanic,38.536,0,-2
2161,0.0,0,1,0,0,1,5,2,3,3,3,2,2,0,,1,1,17100,2,12,12,White,-0.004,0,-2
2162,1.0,0,0,0,0,0,0,1,2,3,2,1,-4,0,0.0,1,0,-3,4,19,16,White,94.075,0,0
2163,1.0,0,0,0,0,0,3,1,3,3,2,1,2,0,0.0,2,0,430500,4,17,16,White,90.416,0,0
2164,1.0,0,1,1,0,0,4,2,2,1,2,1,1,0,0.0,1,0,-313250,4,16,16,White,82.791,0,0
2165,1.0,0,0,0,1,0,5,2,2,1,1,1,-4,0,1.0,1,0,390001,4,16,16,White,64.89,0,0
2166,0.0,0,0,0,2,1,0,3,3,4,3,1,2,0,0.0,1,0,-18650,4,16,16,White,10.258,0,0
2167,1.0,0,0,0,3,2,6,2,2,2,1,1,-4,1,1.0,1,0,-18650,4,16,16,White,75.942,-5,-5
2168,1.0,0,0,0,0,0,4,2,2,2,1,1,3,0,,1,0,6000,3,14,16,White,86.587,-5,-5
2169,1.0,0,0,0,0,0,10,2,2,1,1,1,-4,0,0.0,2,0,416200,3,16,16,White,76.398,-5,-5
2170,1.0,0,0,0,0,0,2,3,2,1,1,1,-4,0,0.0,2,0,50500,3,-3,14,Hispanic,10.75,0,0
2171,1.0,0,0,0,0,0,5,1,1,1,1,1,-4,0,0.0,2,0,-104500,5,16,20,Other,82.748,0,0
2172,0.0,0,1,1,2,2,3,2,3,4,3,2,3,0,0.0,1,0,430200,5,13,14,White,43.193,0,0
2173,0.0,0,0,0,0,0,12,2,3,2,2,1,2,1,,1,0,-3,5,-3,16,White,45.578,-5,-5
2174,1.0,0,0,0,0,0,10,1,2,4,3,2,4,0,0.0,2,0,18700,6,10,12,White,65.012,0,0
2175,0.0,0,1,0,3,0,0,3,3,4,2,2,-4,1,,1,0,18700,6,10,12,White,-0.004,0,0
2176,0.0,0,1,0,1,0,0,2,2,2,2,1,2,0,0.0,2,0,-950,5,12,12,White,49.926,0,0
2177,1.0,0,0,0,0,0,5,1,1,1,1,1,-4,0,0.0,2,0,32900,4,12,12,White,96.575,-5,-5
2178,0.0,0,0,0,0,12,2,2,2,1,1,1,-4,0,0.0,1,0,12500,4,12,12,White,2.746,-5,-5
2179,0.0,0,0,0,0,0,0,2,2,1,1,1,-4,0,0.0,2,0,4500,3,12,12,White,-0.004,-5,-5
2180,0.0,0,0,0,1,0,8,1,2,2,1,1,-4,1,,2,0,111250,3,16,15,White,-0.004,0,1
2181,1.0,0,0,0,0,0,2,2,2,3,4,1,-4,0,0.0,1,0,132500,4,16,16,White,-0.004,0,0
2182,1.0,0,0,0,0,0,0,1,1,2,2,1,2,0,0.0,1,0,-3,5,14,14,White,80.748,0,0
2183,1.0,0,0,0,0,0,0,2,2,3,1,1,-4,0,0.0,1,0,-3,5,14,14,White,91.84,0,0
2184,1.0,0,0,0,0,0,5,3,2,4,4,1,5,0,0.0,2,0,61850,4,12,12,White,29.951,-5,-5
2185,0.0,0,0,0,0,0,2,1,1,3,2,1,-4,0,0.0,1,0,125600,4,13,12,White,33.797,0,0
2186,0.0,0,1,0,0,0,1,2,2,2,1,1,-4,0,0.0,1,0,385250,4,12,12,White,-0.004,0,0
2187,0.0,0,0,0,0,0,5,2,2,1,1,1,-4,1,1.0,1,0,266800,4,12,12,White,80.143,0,0
2188,0.0,1,0,1,1,0,28,2,3,3,5,4,4,0,0.0,1,0,51500,8,12,12,White,60.0,0,0
2189,0.0,0,0,0,0,0,1,2,2,3,5,1,5,0,0.0,1,-4,-4,8,12,12,White,49.275,0,0
2190,1.0,0,0,0,0,0,2,1,2,1,1,1,-4,0,0.0,1,0,600000,4,-4,-4,Asian,85.36,0,0
2191,1.0,0,0,0,0,0,4,2,2,2,1,1,-4,0,0.0,2,0,600000,3,20,14,White,90.918,0,0
2192,0.0,0,1,0,0,0,2,2,2,3,3,1,-4,0,0.0,2,0,63500,5,16,14,White,-0.004,0,0
2193,0.0,0,0,0,0,0,1,2,2,3,3,1,1,0,0.0,1,0,209350,5,12,12,White,5.429,-5,-5
2194,0.0,0,0,0,0,0,1,2,2,-2,1,1,-4,0,0.0,2,0,45050,4,12,12,White,4.638,0,0
2195,1.0,0,0,0,0,0,2,2,2,1,1,1,-4,0,0.0,2,0,238750,5,16,14,White,71.158,-5,-5
2196,0.0,0,0,0,0,0,0,1,3,-2,-2,-2,-2,0,1.0,2,0,-3,4,-3,8,White,-0.004,0,0
2197,1.0,0,0,0,0,0,4,3,3,3,1,1,-4,0,0.0,1,-4,-4,4,12,12,White,25.838,-5,-5
2198,0.0,0,0,0,0,0,2,2,2,3,3,1,2,0,0.0,2,0,421500,5,13,12,White,22.337,-5,-5
2199,0.0,,0,0,0,0,3,1,2,1,1,1,-4,0,,1,0,421500,5,13,12,White,35.954,-5,-5
2200,1.0,0,0,0,0,0,3,2,1,1,1,1,-4,0,,1,0,600000,3,20,18,Hispanic,96.27,-5,-5
2201,1.0,0,0,0,0,0,6,2,1,4,3,1,2,0,,2,0,-3,5,20,16,White,40.239,0,0
2202,1.0,0,0,0,0,0,7,2,2,2,2,1,1,0,,2,0,512500,4,16,16,White,-0.004,0,0
2203,1.0,0,0,0,0,0,0,2,2,1,1,1,-4,0,0.0,2,0,247001,5,18,12,White,-0.004,-5,-5
2204,1.0,0,0,0,0,0,2,2,3,3,3,1,1,0,0.0,2,0,600000,5,15,16,White,83.367,0,0
2205,1.0,0,0,0,0,0,1,2,2,3,4,1,2,0,0.0,1,0,92200,4,20,18,White,99.249,0,0
2206,1.0,,0,0,0,3,20,1,3,1,1,1,-4,0,0.0,1,0,92200,4,20,18,White,89.762,0,0
2207,1.0,0,0,0,0,0,2,2,2,3,4,1,1,1,0.0,1,0,287500,3,12,13,White,56.853,0,0
2208,1.0,0,0,0,0,0,1,2,2,-2,-2,1,-2,0,0.0,1,0,398500,4,16,16,White,96.961,0,0
2209,1.0,0,0,0,0,0,2,2,2,2,1,1,1,0,0.0,1,0,398500,4,16,16,White,82.015,0,0
2210,0.0,0,1,0,0,0,0,2,2,4,3,1,-2,0,1.0,1,0,119200,4,18,17,White,94.085,0,0
2211,1.0,0,0,0,0,0,5,2,-2,1,1,-2,-4,0,0.0,1,0,119200,4,18,17,White,82.887,0,0
2212,0.0,0,0,0,0,0,0,2,3,4,2,1,-4,1,1.0,1,0,-3,4,95,14,White,77.782,0,0
2213,0.0,0,0,0,0,0,0,2,2,2,1,1,-4,1,0.0,1,0,133300,5,-4,12,White,83.36,0,0
2214,1.0,0,0,0,0,1,1,2,2,3,4,1,1,0,,1,-4,-4,4,14,12,White,43.857,-5,-5
2215,1.0,0,0,0,2,4,2,2,1,3,1,1,-4,1,,1,-4,-4,4,14,12,White,89.965,0,0
2216,,,0,0,0,0,2,2,3,2,4,1,2,0,,2,0,-3,5,14,14,White,75.137,-5,-5
2217,0.0,0,0,0,4,4,10,2,3,5,5,4,5,1,0.0,2,0,-3,4,-3,11,White,16.783,-5,-5
2218,1.0,0,0,0,2,0,1,1,2,3,1,1,-4,1,,1,0,136250,4,18,18,White,21.847,0,0
2219,1.0,0,0,0,1,0,0,2,2,4,3,1,2,0,0.0,2,0,15750,4,12,12,White,-0.004,0,0
2220,1.0,0,0,0,1,1,0,2,2,1,1,1,-4,1,0.0,1,0,15750,4,12,12,White,-0.004,0,0
2221,,,0,0,0,0,1,1,2,3,1,1,3,0,,1,0,237500,5,18,16,White,42.849,-5,-5
2222,0.0,0,0,0,0,0,14,3,4,3,4,1,4,0,,2,0,88250,5,16,15,White,-0.004,0,0
2223,0.0,0,0,0,0,0,15,2,4,3,3,1,4,0,0.0,2,0,88250,5,16,15,White,-0.004,0,0
2224,0.0,,0,0,0,2,12,4,4,1,1,1,-4,0,,1,0,88250,5,16,15,White,-0.004,-5,-5
2225,0.0,0,0,0,0,0,10,3,2,2,1,1,-4,0,0.0,1,0,88100,4,10,12,White,57.518,-5,-5
2226,1.0,0,1,0,0,0,2,2,2,4,2,1,-4,0,0.0,1,0,89000,3,12,14,White,86.721,0,0
2227,0.0,0,0,0,0,0,1,2,2,1,1,1,-4,0,0.0,1,0,5850,5,12,10,White,2.155,0,0
2228,1.0,0,1,0,0,0,3,2,1,2,2,1,-4,0,0.0,1,0,17950,2,12,14,White,-0.004,0,0
2229,0.0,0,0,0,5,1,2,2,2,4,3,1,-4,0,0.0,1,0,8750,5,12,12,White,18.368,0,1
2230,0.0,0,0,2,3,0,2,2,2,3,2,1,-4,0,0.0,1,0,8750,5,12,12,White,27.805,-5,-5
2231,1.0,1,0,0,2,0,4,2,3,3,1,1,-4,1,1.0,2,0,82700,4,12,12,Hispanic,-0.004,0,0
2232,0.0,0,0,0,0,0,3,1,1,2,2,1,2,0,,2,0,295500,4,8,12,White,70.936,-5,-5
2233,0.0,0,1,0,0,0,0,2,4,1,1,1,-4,0,0.0,1,0,23000,6,20,16,White,65.383,-5,-5
2234,0.0,0,0,0,0,0,5,2,3,5,2,1,2,1,1.0,1,0,19500,4,11,14,White,63.214,0,0
2235,0.0,0,0,0,1,0,1,2,1,3,1,3,-4,0,0.0,1,0,345501,5,12,12,White,44.917,0,-4
2236,1.0,0,0,0,0,0,1,2,2,2,2,1,1,0,0.0,2,0,55500,5,16,16,White,88.29,0,0
2237,1.0,0,0,0,0,0,1,2,3,1,1,1,-4,0,0.0,1,0,132500,3,20,16,White,53.072,0,0
2238,0.0,0,1,0,1,0,39,2,2,2,3,1,4,0,0.0,1,-4,-4,3,16,14,White,5.281,0,0
2239,0.0,,0,0,0,0,0,1,2,1,1,1,1,0,,2,-4,-4,8,4,3,Asian,9.221,-5,-5
2240,0.0,,0,0,0,0,4,2,2,2,1,2,2,0,,2,-4,-4,8,4,3,Asian,22.758,-5,-5
2241,1.0,,0,0,0,0,3,1,2,2,1,2,-4,0,,1,-4,-4,8,4,3,Asian,26.028,-5,-5
2242,0.0,0,1,0,0,0,5,2,3,5,5,3,3,1,,1,0,-3,4,6,9,Hispanic,15.349,-5,-5
2243,0.0,0,0,0,0,0,4,2,2,2,2,4,-4,0,,2,0,-3,4,6,9,Hispanic,9.854,-5,-5
2244,0.0,0,0,0,0,0,3,2,2,2,1,1,5,0,0.0,2,-4,-4,4,10,8,White,-0.004,0,0
2245,1.0,0,0,0,0,0,3,2,3,1,1,1,-4,0,0.0,2,0,96000,4,12,12,White,-0.004,0,0
2246,1.0,0,0,0,0,0,0,2,2,4,3,1,3,0,,1,0,46500,3,12,13,White,-0.004,0,0
2247,0.0,1,0,0,0,0,7,2,2,4,3,1,3,0,0.0,2,0,128500,5,14,12,Hispanic,53.682,0,0
2248,1.0,0,0,0,0,0,1,2,1,2,1,1,-4,0,0.0,2,0,67770,5,14,14,White,-0.004,0,0
2249,1.0,0,0,0,0,0,0,2,2,4,4,1,3,0,,2,0,26500,4,14,12,White,49.666,0,0
2250,1.0,0,0,0,0,0,3,2,2,2,3,1,2,0,0.0,1,0,300750,3,12,12,White,90.18,0,0
2251,1.0,0,1,0,0,0,2,3,4,5,3,1,-4,0,0.0,1,0,300750,3,12,12,White,62.72,0,0
2252,1.0,0,0,0,0,0,0,2,2,2,4,1,1,0,0.0,1,0,298500,3,-4,13,White,100.0,0,0
2253,1.0,0,0,0,0,0,4,2,2,3,2,1,2,0,0.0,1,0,298500,3,-4,13,White,96.78,0,0
2254,1.0,0,1,0,8,1,2,2,2,4,4,1,4,0,0.0,1,0,257501,4,12,12,White,40.491,0,0
2255,0.0,0,0,0,0,0,1,2,2,2,2,1,2,0,,1,0,30250,6,12,12,White,40.85,0,0
2256,0.0,0,0,0,0,0,1,2,2,1,1,1,-4,0,0.0,1,0,30250,6,12,12,White,38.672,0,0
2257,1.0,0,0,0,30,0,2,4,3,4,5,1,4,1,1.0,1,0,-3,5,18,15,White,68.92,0,0
2258,1.0,0,0,0,0,0,3,2,2,1,1,1,-4,0,,2,0,-3,5,18,15,White,90.594,0,0
2260,0.0,0,0,0,0,0,0,1,1,1,1,1,-4,0,,2,0,62750,5,12,12,White,-0.004,0,0
2261,0.0,1,1,0,1,2,2,2,3,4,2,1,4,0,1.0,1,1,117401,5,11,13,White,36.48,0,0
2262,0.0,0,0,0,1,0,4,2,2,4,1,1,-4,0,0.0,1,1,117401,5,11,13,White,41.081,-2,0
2263,0.0,0,0,0,1,0,0,2,2,3,3,1,2,0,0.0,2,0,17000,4,12,12,White,19.945,0,0
2264,0.0,0,0,1,0,1,4,1,1,3,2,4,-4,0,0.0,1,1,-3,7,12,12,White,6.63,0,0
2265,0.0,0,0,0,0,0,5,3,3,1,3,2,2,1,0.0,2,0,750,4,12,12,White,17.145,0,0
2266,0.0,0,0,0,0,0,0,2,2,1,1,1,-4,0,0.0,1,0,750,4,12,12,White,80.238,0,0
2267,0.0,0,1,0,0,0,2,2,2,1,1,1,-4,0,,1,0,750,5,-4,13,White,50.806,0,0
2268,,,0,0,0,0,5,2,2,4,3,1,3,0,,2,0,198250,6,12,12,White,78.93,-5,-5
2269,,,0,0,0,0,0,2,2,4,3,1,-4,0,,1,0,198250,6,12,12,White,80.074,-5,-5
2270,1.0,0,0,0,0,0,2,2,1,4,5,1,4,0,0.0,2,0,-3,5,16,16,White,73.762,0,0
2271,1.0,0,0,0,0,0,2,2,2,3,2,1,2,0,0.0,2,0,369500,4,16,12,White,47.904,0,0
2272,0.0,0,1,1,2,0,1,1,2,2,1,1,-4,0,,1,0,39100,2,16,16,White,67.952,0,0
2273,0.0,0,0,0,0,0,3,2,3,4,3,1,-2,0,0.0,1,0,9700,7,12,10,White,68.101,0,0
2274,0.0,0,1,0,0,0,40,2,-1,1,1,-2,-4,0,0.0,1,0,7500,5,-3,6,Hispanic,-0.004,0,0
2275,1.0,0,0,0,0,0,5,3,2,3,2,1,2,1,0.0,1,0,-3,4,12,9,White,90.598,0,0
2276,1.0,0,0,0,0,0,3,2,2,3,1,2,-4,0,0.0,1,0,-3,4,12,9,White,-0.004,-5,-5
2277,1.0,0,0,0,0,0,14,2,2,3,1,1,1,0,0.0,2,1,7250,5,12,-4,Hispanic,-0.004,0,0
2278,0.0,0,0,0,0,1,2,2,3,4,2,1,-4,0,0.0,1,0,7250,5,6,12,Hispanic,36.978,0,0
2279,0.0,0,0,0,0,0,1,1,1,1,1,1,-4,0,1.0,1,0,-3,2,12,13,White,52.083,-5,-5
2280,1.0,0,0,0,10,1,5,2,2,2,2,1,-4,1,0.0,2,0,-3,4,18,16,Hispanic,88.298,0,0
2281,1.0,0,0,0,0,0,7,2,2,2,2,2,4,0,0.0,1,0,25534,3,14,14,Black,-0.004,-5,-5
2282,0.0,0,1,0,6,6,5,2,3,1,1,2,-4,0,0.0,1,0,7500,4,-3,10,Black,-0.004,-5,-5
2283,0.0,0,0,0,0,0,86,2,2,5,2,3,4,0,0.0,2,0,3750,3,12,10,Black,0.0,1,-4
2284,1.0,0,0,0,0,0,3,1,1,5,2,2,2,0,,2,0,3750,6,12,-3,Black,-0.004,0,0
2285,0.0,0,0,0,0,0,45,4,2,1,1,1,-4,0,,1,1,500,7,-3,12,Hispanic,19.208,-5,-5
2286,0.0,0,1,0,0,0,5,2,3,4,3,2,2,0,0.0,2,0,10850,3,13,12,Asian,29.837,0,0
2287,1.0,0,0,0,0,0,12,2,3,4,3,2,4,1,,2,0,92511,4,16,14,White,-0.004,0,0
2288,0.0,0,0,0,2,3,6,2,4,5,3,3,-4,0,,1,0,136400,6,-4,7,White,-0.004,0,0
2289,0.0,0,0,0,0,0,4,2,4,4,2,1,-4,1,,1,0,-3,4,14,17,White,94.163,-5,-5
2290,1.0,0,0,0,5,0,6,1,3,2,1,1,-4,1,1.0,1,0,-3,4,17,17,White,85.526,0,0
2291,0.0,0,1,0,6,0,3,2,3,4,3,2,3,0,0.0,1,-4,-4,3,12,12,White,63.597,0,0
2292,1.0,0,0,0,0,0,10,2,3,3,3,1,3,0,1.0,1,0,-3,4,12,12,White,75.006,0,0
2293,1.0,0,0,0,0,0,10,2,3,2,3,1,3,0,0.0,2,0,22500,4,12,14,White,21.501,0,1
2294,1.0,0,0,0,0,0,22,2,2,4,2,1,3,1,,1,0,3750,5,10,11,White,-0.004,0,-4
2295,0.0,0,0,0,0,0,20,3,4,3,4,1,3,0,0.0,1,0,18000,3,8,14,White,32.382,0,0
2296,0.0,0,0,0,0,0,0,2,2,2,1,2,-4,1,,1,0,21550,6,16,18,White,66.282,0,0
2297,1.0,0,0,0,0,0,1,3,3,4,4,2,3,0,0.0,1,0,61000,5,12,12,White,12.22,0,0
2298,0.0,0,0,0,0,0,3,1,2,1,1,2,-4,0,0.0,2,1,-26250,4,14,16,White,55.41,0,0
2299,0.0,0,0,0,0,0,1,1,1,1,1,1,-4,0,0.0,2,1,-26250,4,14,16,White,67.517,0,0
2300,1.0,,0,0,0,0,3,2,2,3,2,1,2,0,,1,0,7500,6,14,12,Black,39.714,-5,-5
2301,1.0,,0,0,0,0,0,2,2,1,1,1,-4,0,,1,0,7500,6,14,12,Black,35.834,-5,-5
2302,0.0,0,1,0,0,0,0,1,2,3,4,1,-4,0,0.0,1,0,-3,6,14,-3,Black,39.945,-5,-5
2303,0.0,1,1,0,0,0,30,2,3,3,5,2,-4,0,0.0,1,0,-3,6,14,-3,Black,15.947,-5,-5
2304,1.0,0,0,0,0,0,1,1,2,4,4,1,4,0,0.0,2,0,6750,4,10,1,White,66.667,0,-2
2305,0.0,0,1,1,0,0,4,2,2,4,2,1,-4,0,1.0,1,0,6750,4,10,1,White,30.911,0,0
2306,0.0,0,0,0,0,0,5,2,4,4,2,1,2,0,,1,-4,-4,7,8,8,White,26.424,0,0
2307,0.0,0,0,0,0,0,0,2,1,1,1,1,-4,0,0.0,2,-4,-4,7,8,8,White,77.205,0,0
2308,0.0,0,0,0,0,0,7,2,2,2,1,2,-4,0,1.0,1,0,19600,4,12,14,White,95.023,-5,-5
2309,1.0,1,0,0,0,0,5,2,2,1,1,1,-4,0,0.0,1,0,52200,4,13,14,White,85.077,0,0
2310,0.0,0,1,1,0,1,0,1,1,4,3,1,3,1,1.0,1,0,-4700,5,10,9,White,83.749,0,0
2311,0.0,0,1,0,0,0,0,2,2,3,1,2,-4,0,0.0,2,0,-4700,5,10,9,White,26.606,0,0
2312,0.0,0,1,1,8,1,50,2,4,5,4,2,5,1,1.0,1,0,3750,6,11,10,White,44.46,0,0
2313,0.0,0,1,0,1,0,6,4,1,2,1,1,-4,1,0.0,1,0,3750,6,11,10,White,56.232,1,0
2314,0.0,0,1,0,1,0,4,2,2,1,1,2,-4,0,0.0,1,0,3750,6,11,10,White,17.107,0,0
2315,0.0,0,0,1,0,0,13,1,1,2,2,1,2,0,0.0,1,0,3750,4,12,-3,White,15.402,0,-2
2316,1.0,0,1,0,0,1,6,2,3,2,1,2,-4,0,0.0,1,0,3750,10,9,7,Black,17.62,0,0
2317,0.0,0,1,0,1,1,5,2,3,2,1,1,-4,0,0.0,2,0,3750,10,9,7,Black,25.456,0,0
2318,0.0,1,0,0,0,2,0,2,2,4,3,1,2,0,1.0,2,0,91000,3,12,11,White,53.747,0,0
2319,0.0,1,0,0,1,0,0,1,3,4,3,1,-4,0,0.0,1,0,91000,3,12,11,White,76.424,0,0
2320,0.0,0,0,0,0,0,8,2,2,3,3,2,4,0,0.0,2,0,-3500,4,15,12,White,20.767,0,0
2321,0.0,0,1,0,0,0,4,1,2,4,4,1,-4,0,0.0,2,0,203000,5,13,12,White,-0.004,0,0
2322,0.0,0,1,0,2,0,1,2,2,3,1,1,-4,0,0.0,2,0,203000,5,13,12,White,-0.004,1,0
2323,0.0,0,0,0,1,0,13,3,4,5,5,2,5,0,0.0,2,0,8500,3,10,15,White,2.047,0,0
2324,0.0,0,1,2,0,0,6,2,2,5,3,1,-4,0,0.0,2,0,8500,3,10,15,White,10.266,0,0
2325,0.0,0,0,0,0,0,3,2,3,3,2,1,-4,0,0.0,1,0,17500,4,12,12,White,79.063,0,0
2326,1.0,0,0,0,0,0,10,1,1,3,2,1,1,0,0.0,1,0,-3,5,15,13,White,22.038,0,0
2327,0.0,0,1,0,2,0,5,2,2,4,3,1,-4,0,,1,0,13070,3,14,12,White,41.604,0,0
2328,1.0,0,0,0,0,0,1,1,2,2,1,1,1,0,0.0,1,0,247400,3,20,14,White,99.651,0,0
2329,1.0,1,0,0,0,0,0,2,3,2,2,1,2,0,,1,0,442500,5,20,20,White,79.688,-5,-5
2330,1.0,0,0,0,0,0,1,2,2,1,1,1,-4,0,0.0,1,0,442500,5,20,20,White,96.841,0,0
2331,1.0,0,0,0,0,0,1,2,2,5,5,2,-4,0,0.0,1,0,4550,4,16,14,White,83.458,0,0
2332,1.0,0,0,0,0,0,1,1,1,1,1,1,-4,0,0.0,2,0,4550,4,16,14,White,55.256,0,0
2333,0.0,0,0,0,0,0,3,2,2,3,2,2,2,0,0.0,1,0,95300,4,13,14,White,72.88,0,0
2334,1.0,0,0,0,0,0,14,2,3,5,5,3,3,0,1.0,2,0,84500,4,12,12,White,-0.004,-5,-5
2335,1.0,0,0,0,0,0,1,2,2,2,1,1,-4,0,,2,0,84500,4,12,12,White,-0.004,0,0
2336,1.0,0,0,0,0,0,10,1,1,3,2,1,-4,0,0.0,2,0,130500,5,12,12,White,-0.004,0,0
2337,1.0,0,0,0,0,0,3,2,2,2,2,1,2,0,1.0,2,0,62200,5,16,13,White,98.524,0,0
2338,1.0,0,0,0,0,0,1,2,2,3,2,1,-4,0,0.0,1,0,62200,5,16,13,White,70.305,0,0
2339,0.0,0,0,0,0,0,0,1,4,2,1,1,1,0,1.0,2,0,65800,5,-4,12,White,98.722,0,0
2340,0.0,0,0,0,1,0,2,1,2,4,2,1,-4,0,1.0,2,0,65800,5,-4,12,White,92.452,0,0
2341,0.0,0,0,0,0,0,2,2,2,3,1,2,-4,0,,1,0,65800,5,12,12,White,76.866,0,0
2342,0.0,0,0,0,0,0,0,2,3,1,2,1,3,0,1.0,1,1,-11000,5,12,12,White,76.481,0,0
2343,0.0,0,0,0,10,0,0,2,2,3,2,1,-4,0,1.0,2,-4,-4,4,12,12,White,75.126,-5,-5
2344,1.0,0,0,0,0,0,2,2,2,1,1,1,-4,0,,2,0,517001,5,14,18,White,71.146,0,0
2345,1.0,0,0,0,0,0,1,2,2,4,3,1,1,0,0.0,2,0,215001,3,12,14,White,43.696,0,0
2346,1.0,0,0,0,0,0,0,1,3,3,4,1,2,0,0.0,1,0,439500,4,16,12,White,77.774,0,0
2347,1.0,0,0,0,0,0,9,1,2,1,1,1,-4,0,0.0,2,0,600000,4,16,16,White,100.0,0,0
2348,0.0,0,0,0,0,0,4,2,4,2,1,1,-4,0,0.0,2,0,-3,3,12,16,White,66.664,0,0
2349,0.0,0,0,0,25,0,7,3,3,5,3,1,1,1,1.0,1,0,-3,6,12,12,White,41.267,0,0
2350,1.0,0,0,0,1,0,-2,2,3,3,2,1,2,0,1.0,1,0,-3,6,12,12,White,92.661,0,0
2351,1.0,0,0,0,0,0,3,2,2,-2,-2,-2,-4,0,0.0,2,0,-3,6,12,12,White,44.904,0,0
2352,1.0,1,0,0,0,0,10,1,3,2,1,1,1,0,0.0,1,0,59500,3,16,16,White,80.593,0,0
2353,0.0,0,0,0,0,0,2,2,2,4,3,3,3,1,,2,0,98000,5,12,12,White,53.985,-5,-5
2354,0.0,0,0,0,0,0,1,1,2,4,3,2,4,0,,2,0,44250,5,-3,12,Hispanic,85.331,-5,-5
2355,0.0,0,0,0,8,3,3,2,2,4,4,2,4,1,,1,0,44250,5,16,12,Hispanic,-0.004,0,0
2356,0.0,0,1,2,3,1,3,2,1,1,1,1,-4,0,0.0,2,0,-450,4,8,12,Hispanic,36.386,0,0
2357,0.0,0,0,-3,0,0,1,2,2,2,1,1,1,1,0.0,1,-4,-4,6,9,10,Black,-0.004,0,0
2358,0.0,0,0,0,0,0,1,2,2,2,1,1,-4,0,0.0,1,-4,-4,6,9,10,Black,-0.004,0,1
2359,1.0,0,0,0,0,0,20,2,2,4,3,-2,4,0,,2,0,-3,2,12,12,Black,11.232,0,0
2360,1.0,0,0,0,2,1,5,3,4,4,3,3,-4,0,0.0,1,1,-9500,4,12,10,Black,28.259,0,-4
2361,0.0,1,0,1,0,0,30,2,2,3,4,5,5,0,,1,0,104500,3,12,12,Black,-0.004,0,1
2362,0.0,0,1,0,0,0,3,1,1,1,1,1,-4,0,0.0,1,0,8570,5,-3,13,Black,44.637,0,0
2363,1.0,,0,0,0,0,3,2,4,4,4,1,5,0,,1,0,-3,4,12,12,Black,48.317,-5,-5
2364,1.0,0,0,0,2,2,1,2,1,3,3,3,-4,0,0.0,2,0,-3,4,12,12,Black,35.178,0,0
2365,0.0,0,0,0,4,0,2,2,2,1,1,-2,-4,0,0.0,1,0,-3,4,12,12,White,6.293,0,0
2366,0.0,0,0,0,2,0,2,2,2,5,4,1,4,0,1.0,2,0,-3,4,12,11,Hispanic,60.19,0,0
2367,0.0,,1,0,0,1,15,2,3,4,2,1,2,0,,1,0,170500,4,12,12,White,36.395,-5,-5
2368,1.0,0,1,0,0,3,3,2,4,5,5,1,-4,0,0.0,2,0,170500,4,12,12,White,69.402,0,0
2369,0.0,0,0,0,0,0,5,3,3,3,1,2,-4,0,,1,0,7621,2,6,12,White,48.976,-5,-5
2370,0.0,1,1,0,5,2,30,1,3,4,4,1,4,1,,1,0,43500,4,13,12,White,-0.004,0,0
2371,1.0,0,0,0,0,0,0,1,1,1,1,1,-4,0,0.0,1,0,-3,5,20,18,White,39.558,0,0
2372,1.0,0,0,0,0,0,1,2,2,3,3,1,2,0,0.0,1,0,12850,2,12,14,White,48.317,-5,-5
2373,1.0,0,0,0,0,0,0,2,2,2,2,1,1,1,1.0,1,0,-3,6,-3,12,White,46.168,0,0
2374,0.0,0,0,0,0,0,1,2,2,2,1,1,-4,0,0.0,1,0,-3,6,-3,12,White,50.505,0,-2
2375,1.0,0,0,5,0,0,6,2,2,1,1,1,-4,0,0.0,1,0,-3,6,-3,12,White,69.103,0,0
2376,1.0,0,0,0,0,0,3,2,2,3,4,1,2,0,0.0,1,0,182500,4,-4,-4,Asian,98.782,0,0
2377,1.0,0,0,0,0,0,-2,2,2,1,1,1,-4,0,0.0,1,0,-3,5,14,16,White,99.676,0,0
2378,1.0,0,0,0,0,0,6,2,4,4,4,2,4,0,0.0,2,0,190700,8,-3,13,White,63.908,0,0
2379,1.0,0,0,0,0,0,11,2,2,2,1,1,-4,0,0.0,1,0,190700,8,-3,13,White,21.699,-5,-5
2380,0.0,0,0,0,2,0,0,1,1,4,2,1,-4,1,0.0,2,0,-3,6,18,14,White,63.13,0,0
2381,1.0,0,0,0,0,0,0,2,1,1,1,1,-4,0,0.0,1,0,-3,5,-3,-3,White,44.553,0,0
2382,0.0,0,0,0,0,0,15,2,2,4,2,1,3,0,0.0,1,0,80000,5,14,14,Hispanic,90.519,-5,-5
2383,1.0,0,1,0,7,0,2,3,4,2,2,1,3,1,0.0,1,0,-3,4,14,14,Black,76.955,0,0
2384,1.0,0,0,0,0,0,0,2,1,4,4,1,3,0,0.0,1,0,236001,4,14,14,White,57.613,-5,-5
2385,1.0,0,0,0,0,0,1,2,2,3,2,1,-4,0,0.0,1,0,236001,4,14,14,White,43.562,-5,-5
2386,1.0,0,0,0,0,0,0,2,3,3,4,1,2,0,0.0,2,0,-3,7,14,12,White,-0.004,0,0
2387,0.0,0,1,0,0,2,3,2,2,4,5,2,3,0,0.0,1,0,-3,7,12,-3,White,-0.004,0,0
2388,0.0,0,1,1,0,0,6,2,3,4,4,3,-4,1,0.0,1,0,-3,7,14,12,White,-0.004,0,0
2389,1.0,0,0,1,3,0,4,3,2,5,3,1,3,1,0.0,1,0,3750,6,11,10,Black,-0.004,0,0
2390,0.0,0,0,0,0,0,2,2,3,2,1,2,-4,0,0.0,2,0,3750,6,11,10,Black,-0.004,0,0
2391,0.0,0,0,0,4,0,0,2,3,3,1,1,-4,0,0.0,2,0,3750,6,11,10,Black,-0.004,0,0
2392,1.0,0,0,0,0,0,0,1,2,4,3,2,2,0,0.0,2,0,87700,6,17,12,White,62.25,0,0
2393,1.0,0,1,0,0,0,3,2,2,3,1,2,-4,0,0.0,1,0,87700,6,17,12,White,42.428,0,0
2394,1.0,0,0,0,0,0,2,2,2,1,1,1,-4,0,0.0,1,-4,-4,4,13,15,White,87.388,0,0
2395,0.0,0,0,0,0,0,0,2,1,2,2,1,-4,0,0.0,1,0,107500,4,17,20,White,68.35,0,0
2396,1.0,0,0,0,0,0,0,2,3,3,3,1,1,0,1.0,2,0,481500,4,16,16,White,88.026,0,0
2397,1.0,0,0,0,0,0,0,1,1,1,1,1,1,0,0.0,1,0,58000,5,19,14,White,78.152,0,0
2398,1.0,0,0,0,0,0,0,1,1,1,1,1,-4,0,0.0,1,0,58000,5,19,14,White,43.565,0,0
2399,1.0,0,0,0,1,0,2,3,3,4,3,1,-4,0,0.0,2,0,60550,5,16,12,White,35.0,0,0
2400,1.0,1,0,0,0,0,2,2,3,5,3,1,-4,0,0.0,2,0,60550,5,16,12,White,22.11,-5,-5
2401,1.0,0,0,0,0,0,7,3,2,5,5,1,-4,0,0.0,2,0,60550,5,16,12,White,26.548,0,0
2402,1.0,0,0,0,0,0,0,2,2,1,1,1,-4,0,0.0,1,0,186500,5,12,11,White,23.921,0,0
2403,1.0,0,0,0,0,0,0,1,2,4,4,1,2,0,0.0,2,0,-3,4,12,12,White,89.586,0,0
2404,0.0,0,0,0,0,1,1,2,2,1,1,1,-4,1,0.0,1,0,-3,4,12,12,White,38.132,-5,-5
2405,1.0,0,0,0,0,0,0,2,3,4,3,1,3,0,0.0,2,0,-3,4,14,12,White,91.149,-5,-5
2406,0.0,0,0,0,0,0,2,2,2,4,2,2,-4,0,0.0,2,0,-3,4,14,12,White,91.656,-5,-5
2407,1.0,0,0,0,0,0,2,3,3,3,3,1,4,1,0.0,1,0,-3,4,12,16,White,66.812,0,0
2408,1.0,0,1,0,0,0,3,2,4,5,5,1,-4,0,1.0,1,0,-3,4,12,16,White,37.396,-5,-5
2409,1.0,0,0,0,0,0,1,2,4,4,3,3,2,0,1.0,1,0,83585,6,12,12,White,33.663,0,1
2410,1.0,0,0,0,0,0,3,1,1,1,-2,-2,-4,1,1.0,1,0,83585,6,12,12,White,37.454,0,0
2411,0.0,1,1,0,0,0,4,3,3,2,1,1,-4,0,0.0,1,0,6500,9,14,12,White,20.507,0,0
2412,1.0,0,0,0,0,0,3,1,2,3,2,1,2,0,,2,0,88500,4,16,12,White,78.371,-5,-5
2413,,,0,0,0,0,2,2,3,1,1,1,-4,0,,2,0,4750,4,16,16,Hispanic,-0.004,-5,-5
2414,1.0,0,0,0,0,0,3,2,2,1,1,1,3,0,0.0,1,-4,-4,3,12,12,Hispanic,57.614,0,0
2415,1.0,0,0,0,0,0,1,2,1,4,3,1,1,0,,2,0,74000,5,-4,12,White,50.965,-5,-5
2416,0.0,0,0,0,0,0,0,1,1,5,5,1,3,0,,2,0,187300,6,14,12,Other,79.482,-5,-5
2417,0.0,0,0,0,0,0,4,3,2,5,2,4,-4,0,0.0,1,0,34200,3,12,12,White,-0.004,0,0
2418,0.0,0,0,2,0,1,2,2,2,4,2,1,4,0,0.0,1,-4,-4,7,12,12,Hispanic,24.14,0,1
2419,0.0,0,1,2,0,1,0,1,1,1,1,1,-4,0,,1,0,29500,7,12,12,Hispanic,15.43,0,1
2420,1.0,0,0,0,0,0,2,2,2,1,1,1,-4,0,0.0,2,0,271500,4,12,12,White,69.098,0,0
2421,1.0,,0,0,0,0,0,2,3,2,4,1,3,1,,1,0,24900,3,18,17,White,70.58,-5,-5
2422,1.0,0,0,0,50,0,9,2,3,2,2,1,2,0,1.0,1,0,24900,3,18,17,White,96.904,-5,-5
2423,1.0,0,1,0,0,0,0,2,2,5,3,2,4,0,0.0,1,0,142000,4,13,16,White,76.009,0,0
2424,1.0,0,0,0,0,0,2,2,3,4,1,1,-4,0,,2,0,142000,4,13,16,White,21.666,-5,-5
2425,0.0,0,0,0,0,0,0,2,2,3,1,2,1,0,0.0,1,0,261750,6,13,12,White,68.696,-5,-5
2426,0.0,0,0,0,0,0,6,2,2,4,5,1,3,0,,2,0,48000,6,12,12,White,55.637,0,0
2427,0.0,0,0,1,0,1,5,2,2,5,3,2,2,0,,2,0,126500,7,8,10,White,5.137,0,0
2428,,,0,0,0,0,3,2,1,3,2,1,3,0,,1,0,-3,4,12,16,White,-0.004,-5,-5
2429,,,0,0,0,0,0,2,1,1,1,1,-4,0,,1,0,-3,4,12,16,White,-0.004,-5,-5
2430,0.0,0,0,0,0,0,5,2,1,4,3,1,3,0,0.0,2,-4,-4,6,12,10,White,32.807,0,0
2431,1.0,0,0,0,0,0,2,1,4,2,1,1,-4,0,,1,0,-3,5,12,12,White,70.807,0,0
2432,1.0,0,0,0,0,0,0,2,1,4,3,1,3,0,1.0,2,-4,150500,5,10,12,White,62.684,-5,-5
2433,0.0,0,0,0,0,0,0,2,2,4,1,1,-4,0,0.0,2,0,150500,5,10,12,White,12.337,0,0
2434,1.0,0,0,0,0,0,8,2,2,3,3,1,2,1,1.0,1,0,81700,4,13,12,White,78.235,0,0
2435,1.0,0,0,0,0,0,9,2,2,3,1,1,-4,0,1.0,2,0,81700,4,13,12,White,71.937,0,0
2436,1.0,0,0,0,0,0,0,2,2,3,3,1,1,0,,1,0,117520,5,12,12,White,19.914,-5,-5
2437,1.0,0,0,0,0,0,4,2,1,3,1,1,-4,0,,2,0,117520,5,12,12,White,52.481,-5,-5
2438,0.0,0,0,0,2,5,2,2,2,4,2,1,-4,0,0.0,2,0,10750,3,12,12,White,-0.004,0,0
2439,1.0,0,0,0,0,0,10,1,2,3,1,1,-4,0,0.0,1,0,13650,4,14,12,White,90.412,0,0
2440,0.0,,0,0,0,0,4,2,2,4,4,2,4,0,0.0,2,0,48500,4,16,12,Black,-0.004,0,0
2441,1.0,0,0,1,0,0,0,2,3,2,2,1,3,0,0.0,1,0,48500,4,16,12,Black,27.965,0,0
2442,0.0,0,0,2,0,1,3,1,1,4,2,1,-4,0,,1,0,155001,5,9,13,Hispanic,23.523,0,0
2443,1.0,0,0,0,0,0,0,2,3,1,1,1,-4,0,0.0,2,0,155001,5,9,13,Hispanic,84.573,0,0
2444,0.0,1,1,0,0,0,3,2,3,1,1,1,-4,1,,2,0,73500,3,14,12,Black,36.663,0,0
2445,0.0,0,1,0,10,0,21,3,2,5,3,1,-4,0,0.0,2,0,-5250,5,12,11,White,32.309,0,-2
2446,1.0,0,0,1,0,0,5,2,3,1,1,1,-4,1,0.0,2,0,-5250,5,12,11,White,-0.004,0,0
2447,0.0,0,1,2,0,4,90,2,4,4,3,2,5,0,0.0,1,0,58500,4,-3,10,White,23.715,0,0
2448,1.0,0,0,0,0,0,1,2,2,2,3,1,2,0,0.0,2,0,33000,3,11,18,White,-0.004,0,0
2449,0.0,,1,0,0,1,5,3,2,5,5,2,5,1,1.0,1,0,30750,5,7,12,White,-0.004,-5,-5
2450,0.0,,0,0,0,0,4,2,2,2,1,1,-4,0,,2,0,30750,5,7,12,White,-0.004,-5,-5
2451,1.0,0,0,0,1,1,5,2,3,4,3,2,-4,1,,1,0,3250,2,11,12,White,-0.004,0,0
2452,0.0,0,0,0,0,1,2,2,4,3,1,1,-4,0,0.0,2,0,2500,5,-4,10,White,27.227,0,0
2453,0.0,0,0,0,0,0,8,2,2,1,1,1,-4,0,0.0,1,0,2500,5,-4,10,White,-0.004,0,0
2454,0.0,0,0,0,0,0,15,2,2,2,3,1,3,0,,2,1,1550,4,8,12,Hispanic,32.467,0,-2
2455,0.0,0,1,0,0,0,9,3,1,2,1,1,-4,0,,1,1,1550,4,8,12,Hispanic,2.452,0,0
2456,1.0,1,0,0,0,0,10,2,3,4,4,2,-4,0,0.0,2,0,0,4,12,12,White,53.969,0,0
2457,0.0,,0,0,0,0,8,2,2,1,1,2,-4,0,0.0,2,0,0,4,12,12,White,46.657,0,1
2458,1.0,0,0,0,0,0,3,2,2,2,2,1,-4,0,0.0,1,0,94000,3,16,16,White,96.23,-5,-5
2459,1.0,,0,0,0,0,3,2,2,2,2,1,1,0,,1,0,193250,5,16,12,White,91.026,-5,-5
2460,1.0,,0,0,0,0,1,2,2,3,2,1,-4,0,,1,0,193250,5,16,12,White,93.295,-5,-5
2461,1.0,0,0,0,0,0,2,1,1,1,2,1,-4,0,0.0,1,0,352000,5,16,16,White,88.931,0,0
2462,0.0,0,0,0,1,0,3,2,3,5,5,1,3,0,,2,0,176700,5,17,16,White,33.231,0,0
2463,1.0,0,1,0,2,2,2,1,2,2,1,1,-4,1,0.0,1,0,176700,5,17,16,White,53.753,0,0
2464,1.0,0,0,0,0,0,1,3,2,3,4,1,2,0,0.0,2,0,279750,6,14,14,White,94.483,0,0
2465,1.0,0,0,0,0,0,5,1,2,2,2,1,-4,0,0.0,2,0,279750,6,14,14,White,49.136,0,0
2466,1.0,0,0,0,0,0,2,2,2,2,1,1,-4,0,0.0,1,0,260000,4,16,16,White,92.921,0,0
2467,1.0,0,0,0,0,0,10,2,3,3,1,1,-4,0,0.0,1,-4,-4,4,14,15,White,-0.004,-5,-5
2468,1.0,0,0,0,0,0,1,2,2,2,2,1,-4,0,0.0,1,0,206300,5,18,12,White,76.008,-5,-5
2469,0.0,0,0,0,0,0,3,2,4,1,1,1,1,1,0.0,1,0,69250,4,95,95,White,-0.004,0,0
2470,0.0,0,0,0,1,0,5,2,3,4,1,1,-4,1,0.0,1,0,69250,4,13,12,White,96.462,-5,-5
2471,,,0,0,0,0,1,2,2,4,4,2,3,0,,2,-4,-4,4,13,12,White,-0.004,-5,-5
2472,1.0,0,0,0,0,0,2,2,2,3,2,1,-4,0,0.0,2,0,-1250,4,18,14,White,-0.004,0,0
2473,0.0,0,0,0,0,0,2,2,1,4,2,1,-4,0,0.0,2,0,39500,5,-4,12,White,54.9,0,-4
2474,0.0,0,0,2,2,0,-2,2,2,2,1,1,-4,0,0.0,2,0,39500,5,12,12,White,26.496,0,0
2475,0.0,0,1,0,0,0,5,2,3,4,3,1,3,0,0.0,2,0,114500,5,13,14,Hispanic,42.842,-5,-5
2476,1.0,0,0,0,0,0,7,2,2,3,1,1,-4,0,0.0,2,0,114500,5,13,14,White,71.417,-5,-5
2477,1.0,0,0,0,0,0,1,1,1,2,1,1,-4,1,1.0,1,0,71250,4,13,12,White,81.618,0,0
2478,1.0,0,0,0,0,0,1,2,2,1,2,2,3,0,1.0,2,0,36750,4,-4,-4,Asian,87.857,0,0
2479,1.0,0,0,0,1,1,2,2,3,2,1,1,1,0,0.0,1,0,36750,4,-4,-4,Asian,86.791,0,-4
2480,1.0,0,0,0,0,0,4,2,2,2,1,1,1,0,0.0,1,0,481751,5,20,20,White,96.704,0,0
2481,1.0,0,0,0,0,0,2,2,2,1,1,1,-4,0,1.0,1,0,34355,3,10,10,White,58.241,0,0
2482,0.0,0,0,0,0,0,0,2,2,2,4,1,-2,0,0.0,2,0,167000,5,12,14,White,70.446,0,0
2483,0.0,0,0,0,0,0,2,2,2,2,1,1,-4,0,0.0,1,0,43373,4,10,12,White,75.525,-5,-5
2484,1.0,0,0,0,2,2,2,2,2,2,1,1,-4,0,1.0,1,0,43373,4,10,12,White,14.912,-5,-5
2485,0.0,1,1,0,0,0,6,2,2,4,4,2,-4,0,0.0,1,0,139250,4,12,12,White,70.771,-5,-5
2486,1.0,0,0,0,0,0,4,2,2,4,3,2,-2,0,0.0,2,0,-3,2,8,13,White,-0.004,-5,-5
2487,1.0,0,0,0,0,0,5,2,3,4,3,2,3,1,0.0,1,-4,-4,4,16,12,White,54.543,0,0
2488,0.0,0,1,2,0,0,4,2,2,1,1,1,-4,0,0.0,2,-4,-4,4,16,12,White,39.305,0,0
2489,1.0,1,0,0,2,0,6,2,3,3,3,1,2,1,1.0,2,0,61600,4,18,15,White,92.51,-5,-5
2490,0.0,0,1,0,0,1,2,2,2,1,1,1,-4,0,0.0,1,0,-3,5,15,15,White,-0.004,0,0
2491,0.0,0,0,0,0,0,5,1,2,2,1,1,-4,0,0.0,2,0,-3,5,15,15,White,94.72,0,0
2492,1.0,0,0,0,1,0,15,2,3,3,3,1,3,1,1.0,1,0,32450,4,12,19,White,89.588,-5,-5
2493,1.0,0,0,0,0,0,0,2,2,2,2,1,1,0,0.0,2,0,159450,6,18,12,White,91.837,0,0
2494,1.0,0,0,0,0,0,0,1,2,1,1,1,-4,0,0.0,2,0,159450,6,18,12,White,47.055,0,0
2495,1.0,0,0,0,0,0,1,2,2,3,3,-2,3,0,,2,0,66200,5,18,14,White,85.764,0,0
2496,1.0,0,0,0,0,0,4,2,2,1,1,1,-4,0,0.0,1,0,-3,4,20,18,White,96.832,0,0
2497,1.0,0,1,0,5,0,0,3,4,4,2,3,-4,0,0.0,1,0,28000,4,12,13,White,70.129,0,0
2498,1.0,0,0,0,0,0,0,2,2,3,3,1,3,0,0.0,1,0,44975,6,12,13,White,-0.004,0,0
2499,0.0,0,0,0,0,0,1,1,3,3,2,1,1,1,0.0,1,0,44975,6,12,13,White,-0.004,-5,-5
2500,1.0,0,0,0,0,0,0,2,2,4,3,2,-4,0,,1,0,44975,6,12,13,White,32.536,0,0
2501,1.0,0,0,0,0,0,0,2,3,2,3,2,-4,0,0.0,2,0,4825,4,12,16,Hispanic,-0.004,0,0
2502,0.0,0,0,0,0,0,1,2,3,5,4,2,-4,0,1.0,2,-2,7000,3,10,12,White,1.386,0,0
2503,1.0,0,0,0,0,0,3,2,3,3,2,1,3,0,0.0,1,0,-3,3,12,12,White,84.477,0,0
2504,1.0,0,0,0,0,0,0,2,2,2,2,1,-4,0,0.0,2,0,74600,5,19,15,White,86.4,0,0
2505,0.0,1,0,0,0,0,3,2,2,5,4,3,-4,0,1.0,2,0,106050,4,11,12,White,41.987,0,0
2506,0.0,0,0,0,3,0,6,4,2,4,1,1,-4,0,0.0,1,0,18700,4,9,11,White,29.546,-5,-5
2507,0.0,0,0,0,0,3,20,3,2,2,1,1,-4,0,0.0,1,0,176700,3,8,9,White,13.051,-5,-5
2508,0.0,0,0,0,0,1,1,2,3,4,2,1,2,0,1.0,1,0,-3,7,12,12,White,73.746,0,0
2509,0.0,0,0,0,0,0,10,2,2,5,4,1,5,1,1.0,2,0,34350,5,11,13,White,35.148,0,0
2510,1.0,0,0,0,0,0,6,2,3,3,1,1,-4,0,0.0,2,0,34350,5,11,13,White,76.595,-5,-5
2511,0.0,,0,0,0,0,5,2,2,5,4,1,3,0,,1,0,38000,4,12,14,White,-0.004,-5,-5
2512,0.0,0,0,0,0,1,2,2,2,3,2,2,2,0,0.0,2,0,25850,5,14,11,White,2.454,0,0
2513,1.0,0,0,0,0,0,6,1,2,3,2,1,1,0,0.0,1,0,94900,5,12,12,White,69.345,0,0
2514,0.0,0,0,0,3,0,0,2,2,3,2,1,4,1,,1,0,45050,5,12,13,White,85.095,0,0
2515,1.0,0,0,0,1,2,8,2,2,1,1,1,-4,1,0.0,1,0,45050,5,12,13,White,74.554,0,0
2516,0.0,0,1,2,0,0,5,2,2,4,3,1,2,0,,1,0,91250,3,9,12,White,-0.004,0,0
2517,0.0,0,0,0,0,0,10,1,2,1,1,1,-4,0,,1,0,91250,3,9,12,White,-0.004,0,0
2518,1.0,0,0,0,0,0,4,2,2,4,2,1,2,0,0.0,2,0,97500,5,12,15,White,21.044,0,0
2519,1.0,0,0,0,0,0,0,2,2,4,2,1,2,0,0.0,1,0,97500,5,12,15,White,-0.004,0,0
2520,0.0,0,1,0,3,0,9,3,4,3,2,1,4,1,,1,0,92500,5,-4,12,White,16.462,0,0
2521,1.0,0,0,0,0,0,10,2,2,1,1,1,-4,0,0.0,2,0,2062,5,12,12,White,62.355,-5,-5
2522,0.0,0,0,0,0,0,0,1,2,3,3,1,3,0,0.0,1,0,178860,4,16,12,White,97.634,0,0
2523,1.0,0,0,0,0,0,0,2,2,1,1,1,-4,0,0.0,1,0,178860,4,16,12,White,84.294,0,0
2524,1.0,0,0,0,0,0,2,2,2,2,1,2,-4,0,0.0,1,0,98950,4,14,14,White,78.872,0,0
2525,1.0,0,0,0,0,0,4,2,2,3,1,1,-4,0,0.0,1,0,98950,4,14,14,White,59.939,-5,-5
2526,1.0,0,0,0,0,0,1,1,2,3,2,1,1,0,0.0,1,0,276600,4,14,12,White,85.565,-5,-5
2527,1.0,0,0,0,0,0,2,1,1,2,1,1,3,0,0.0,1,0,45000,3,12,12,White,97.445,-5,-5
2528,0.0,0,0,0,0,0,0,2,2,2,2,1,1,0,0.0,2,0,198561,4,12,12,White,61.33,0,0
2529,0.0,0,0,0,1,1,10,2,2,4,2,1,3,0,0.0,2,0,158200,3,12,12,White,70.381,0,0
2530,0.0,0,0,0,0,0,4,2,3,5,4,1,5,0,0.0,1,0,74550,4,12,12,White,60.071,0,0
2531,0.0,0,0,0,0,0,4,3,2,4,4,3,3,0,0.0,2,0,74550,4,12,12,White,63.621,0,0
2532,0.0,0,0,0,2,1,4,2,3,3,1,1,2,0,,2,1,73750,4,12,12,White,-0.004,0,0
2533,0.0,0,1,1,0,1,9,2,2,4,1,1,1,0,0.0,1,-4,-4,4,-3,12,White,-0.004,0,1
2534,0.0,0,1,0,1,0,14,2,3,2,2,1,-4,1,0.0,1,-4,-4,4,-3,12,White,-0.004,0,1
2535,0.0,0,1,0,1,0,12,3,3,5,4,1,5,0,,1,0,18600,5,12,12,White,6.735,0,0
2536,0.0,0,1,0,0,0,2,2,3,5,3,1,5,0,,1,0,18600,5,12,12,White,40.246,0,0
2537,1.0,0,0,0,0,0,3,2,2,2,1,1,-4,0,1.0,1,0,23800,4,12,12,White,-0.004,0,0
2538,0.0,0,0,0,0,0,0,2,2,3,3,1,2,0,,2,0,-3,3,12,12,White,-0.004,0,0
2539,0.0,,0,0,0,0,6,2,2,3,2,1,-4,1,,2,0,48100,4,14,13,White,-0.004,-5,-5
2540,,,0,0,0,0,8,2,2,3,2,1,-4,0,,2,0,-3,5,11,16,White,-0.004,-5,-5
2541,1.0,0,0,0,0,0,1,2,2,2,1,1,-4,1,,1,0,-3,5,11,16,White,-0.004,0,0
2542,0.0,1,0,0,1,0,16,1,1,3,4,2,3,1,,1,0,72600,5,12,12,White,66.111,-5,-5
2543,1.0,0,0,0,0,0,10,1,2,3,3,1,3,0,,2,0,72600,5,12,12,White,92.358,0,0
2544,1.0,0,0,0,0,0,3,2,2,3,3,2,-4,1,0.0,2,0,177500,4,10,12,White,79.727,0,0
2545,0.0,0,0,0,2,0,5,2,1,2,1,1,1,0,0.0,1,0,85500,4,12,10,White,10.623,0,0
2546,0.0,0,0,0,-4,-4,-4,2,1,1,1,2,1,0,,1,0,-3,5,12,12,White,-0.004,0,0
2547,1.0,0,0,0,0,0,2,2,2,4,2,3,3,0,0.0,2,0,107500,4,12,12,White,-0.004,0,0
2548,1.0,0,0,1,0,0,2,2,2,3,1,1,-4,0,0.0,1,0,107500,4,12,12,White,-0.004,0,0
2549,1.0,0,0,0,0,0,0,3,2,4,1,2,-4,0,,2,0,364401,4,8,12,White,21.349,-5,-5
2550,0.0,0,0,0,0,0,3,3,2,4,3,2,-4,0,,2,0,364401,4,8,12,White,48.309,-5,-5
2551,0.0,0,0,0,0,0,0,2,2,3,3,2,3,0,0.0,2,0,2775,6,12,12,White,31.981,-5,-5
2552,1.0,0,1,0,0,0,1,1,3,1,1,1,-4,0,0.0,1,0,57000,4,12,12,White,92.368,0,0
2553,1.0,0,0,0,0,0,6,2,2,3,2,1,5,0,0.0,2,0,52500,4,12,11,White,30.062,0,0
2554,1.0,1,0,0,0,0,5,2,2,1,1,1,1,0,0.0,2,0,-3,4,14,16,White,-0.004,0,0
2555,1.0,0,0,0,0,0,8,2,2,2,1,1,2,0,0.0,2,0,238500,4,12,12,White,43.118,0,0
2556,0.0,1,0,0,0,0,9,2,3,3,2,1,3,0,0.0,2,0,237000,3,8,11,Hispanic,57.771,0,0
2557,1.0,0,0,0,0,0,1,1,1,1,1,1,-4,0,0.0,2,0,25750,4,14,14,White,97.197,0,0
2558,1.0,0,1,1,0,0,7,3,2,4,3,1,3,1,0.0,1,0,600000,3,18,16,White,90.668,0,0
2559,0.0,0,0,0,1,0,8,2,3,5,3,1,-4,1,0.0,2,0,-1650,3,11,10,White,33.975,0,1
2560,1.0,0,0,0,0,0,3,2,2,4,5,1,4,0,,1,0,184900,5,16,12,White,51.359,0,0
2561,0.0,0,0,0,0,0,3,2,3,4,4,3,4,0,1.0,2,0,184900,5,16,12,White,36.511,0,0
2562,0.0,1,0,1,0,0,5,2,3,2,2,1,-4,0,0.0,1,0,59000,4,12,12,White,80.262,0,0
2563,1.0,0,0,0,5,3,9,2,2,3,3,2,-4,0,0.0,1,0,69300,6,-4,12,White,53.705,0,0
2564,1.0,0,0,0,0,0,0,1,2,3,1,1,-4,0,0.0,1,0,592500,4,16,16,White,74.898,0,0
2565,1.0,0,0,0,0,0,0,2,2,1,2,1,1,0,0.0,2,0,33500,5,16,15,White,-0.004,0,0
2566,1.0,0,0,0,0,0,2,2,2,1,1,1,-4,0,0.0,1,0,33500,5,16,15,White,-0.004,0,0
2567,1.0,0,0,0,0,0,3,2,2,3,3,1,3,0,1.0,2,0,-3,3,16,12,White,74.584,0,0
2568,0.0,0,1,1,8,2,5,3,3,5,1,1,1,1,1.0,1,0,-3,3,11,12,White,52.4,0,-4
2569,0.0,0,0,0,0,0,0,2,1,1,1,1,-4,0,0.0,1,0,-3,3,11,12,White,79.806,0,-4
2570,0.0,0,0,0,0,0,0,2,2,3,2,1,1,0,0.0,2,0,-3,4,12,12,White,32.92,0,0
2571,0.0,0,0,0,0,0,0,2,1,2,1,1,-4,0,0.0,2,0,-3,4,12,12,White,31.842,0,0
2572,1.0,0,0,0,0,0,5,2,2,3,2,1,-4,0,0.0,2,0,-3,3,18,18,White,50.16,0,0
2573,1.0,0,0,0,12,0,0,1,1,2,1,3,-4,1,1.0,1,0,316501,4,20,20,White,66.086,0,0
2574,1.0,0,0,0,0,0,2,2,2,4,3,2,1,0,0.0,1,1,47800,3,16,-3,White,14.925,0,0
2575,1.0,0,0,0,0,0,1,2,2,2,2,1,1,0,0.0,1,0,175500,6,18,16,White,92.395,0,0
2576,1.0,0,0,0,0,0,-2,1,2,2,1,1,-4,0,0.0,1,0,175500,6,18,16,White,78.656,0,0
2577,1.0,0,0,0,0,0,15,2,2,5,2,1,2,0,0.0,2,0,118000,4,15,13,White,59.442,0,0
2578,1.0,,0,0,0,0,2,2,2,3,3,1,3,0,,1,0,-3,4,11,12,White,92.062,-5,-5
2579,1.0,0,0,0,0,0,1,2,2,3,4,1,3,0,0.0,2,0,280200,4,20,12,White,90.565,0,0
2580,1.0,0,0,0,0,0,4,2,2,3,3,1,2,0,0.0,2,0,280200,4,20,12,White,69.858,0,0
2581,1.0,0,0,0,2,3,3,2,2,1,1,2,-4,0,0.0,1,0,41500,5,16,16,White,91.153,0,0
2582,1.0,0,0,0,0,0,3,2,3,2,1,1,-4,0,0.0,2,0,156010,5,12,12,White,46.703,-5,-5
2583,1.0,0,0,0,0,0,2,1,2,2,1,1,-4,0,0.0,2,0,157150,3,17,16,White,71.858,0,0
2584,1.0,0,0,0,0,0,3,2,3,1,1,1,-4,0,0.0,1,0,119500,4,16,12,White,43.085,0,0
2585,1.0,0,0,0,2,0,0,1,2,3,2,3,2,0,,1,-4,-4,6,-3,-3,Asian,-0.004,0,0
2586,0.0,0,1,0,3,0,7,2,2,3,1,1,-4,1,0.0,2,0,2350,4,12,10,White,28.718,0,0
2587,1.0,,0,0,0,0,5,1,1,1,1,1,-4,0,,2,0,5250,5,12,12,White,58.553,-5,-5
2588,0.0,0,0,0,0,0,2,1,1,1,1,1,-4,1,0.0,2,0,5250,5,12,12,White,-0.004,-5,-5
2589,0.0,0,0,0,0,0,-2,3,4,2,1,1,-4,0,,1,-4,-4,3,12,14,White,72.559,0,0
2590,0.0,0,0,0,5,0,-2,2,2,3,3,2,1,1,0.0,2,0,-1740,3,-4,12,White,16.489,0,-4
2591,1.0,0,0,0,0,0,1,2,2,1,1,1,1,0,0.0,1,0,461001,5,16,13,White,68.426,-5,-5
2592,1.0,0,0,0,1,0,5,2,2,4,4,1,2,0,0.0,2,0,-3,3,19,18,White,81.58,0,0
2593,1.0,0,0,0,0,0,2,1,2,1,1,1,-4,0,,1,0,62000,4,18,18,White,97.527,0,0
2594,1.0,0,1,0,30,10,7,2,3,4,3,2,-4,1,0.0,1,0,93550,2,20,-4,White,98.329,0,0
2595,0.0,0,1,1,12,2,17,2,3,3,2,2,5,1,0.0,1,0,28780,4,12,12,White,56.381,0,0
2596,1.0,0,0,0,0,0,10,2,2,4,3,1,1,0,0.0,1,0,45900,6,10,17,White,80.291,0,0
2597,1.0,0,0,0,0,0,0,2,4,3,2,1,-4,0,0.0,1,-4,-4,6,10,17,White,71.091,0,0
2598,0.0,0,0,0,2,0,8,2,3,2,1,1,2,1,0.0,1,0,-3,4,14,14,White,67.622,0,0
2599,1.0,0,0,0,0,0,1,2,2,3,3,1,4,0,0.0,2,0,107100,4,14,14,White,34.136,0,0
2600,1.0,1,0,0,0,0,0,2,2,2,1,1,-4,0,0.0,2,0,107100,4,14,14,White,47.771,0,0
2601,0.0,0,0,0,0,0,3,4,4,4,4,1,2,0,0.0,2,0,56500,4,18,12,White,46.487,0,0
2602,0.0,0,1,0,4,0,0,2,4,2,2,1,-4,0,,1,0,63350,4,12,12,Black,2.669,-5,-5
2603,1.0,0,1,2,0,0,4,2,2,1,1,1,-4,0,0.0,1,0,184701,4,16,17,White,87.654,0,0
2604,0.0,0,0,0,0,0,1,1,1,1,1,1,-4,1,0.0,1,1,2350,5,13,13,White,-0.004,0,0
2605,0.0,,0,0,0,0,2,3,2,1,1,1,-4,0,,1,0,368500,5,13,14,White,24.519,-5,-5
2606,0.0,0,0,0,0,0,-2,2,2,3,2,1,4,1,,1,0,31700,3,14,12,White,77.68,0,0
2607,1.0,0,0,0,0,0,1,2,2,2,2,1,1,0,0.0,2,0,134400,5,12,12,White,63.868,0,0
2608,0.0,0,0,0,0,1,0,2,2,2,1,1,-4,0,0.0,1,0,134400,5,12,12,White,47.848,0,0
2609,0.0,0,0,0,0,0,2,2,2,3,1,1,-4,0,0.0,1,0,106500,6,13,12,White,33.425,0,0
2610,1.0,0,0,0,0,0,5,2,2,2,1,1,1,0,0.0,2,0,-3,5,13,13,White,58.065,0,0
2611,1.0,0,1,0,0,0,5,2,3,4,2,1,3,0,0.0,1,0,12000,4,11,-4,White,79.232,0,0
2612,0.0,0,1,5,0,0,2,2,1,1,1,1,-4,0,0.0,2,0,12000,4,11,-4,White,55.87,0,0
2613,0.0,0,0,0,0,0,2,2,2,1,2,1,1,0,,1,0,115150,3,12,12,White,67.23,-5,-5
2614,1.0,0,0,0,2,0,20,1,2,2,1,1,-4,1,0.0,1,0,141450,6,-4,12,White,90.532,0,0
2615,1.0,0,0,0,0,0,0,2,2,2,2,1,2,0,0.0,1,0,78050,8,14,12,White,74.656,0,0
2616,1.0,0,0,0,0,0,1,2,2,4,4,2,2,1,1.0,1,0,600000,4,20,16,White,99.61,0,0
2617,1.0,0,0,0,0,0,10,2,2,3,3,1,-4,0,0.0,2,0,-3,4,20,17,White,47.398,0,0
2618,1.0,0,0,0,0,0,1,2,1,1,1,1,-4,1,0.0,1,0,100000,5,18,16,White,97.655,0,0
2619,1.0,0,1,0,0,0,0,1,2,4,2,1,2,1,0.0,2,0,-3,3,18,16,White,63.736,0,0
2620,1.0,,0,0,0,0,1,2,2,2,2,1,1,0,,2,0,328900,3,12,16,White,53.477,-5,-5
2621,1.0,0,0,0,0,0,3,2,2,3,1,1,-4,0,0.0,2,0,170701,3,16,18,White,66.594,0,0
2622,0.0,0,1,0,0,0,1,2,2,3,2,1,2,0,0.0,1,0,74725,4,12,13,White,46.535,0,0
2623,1.0,0,0,0,0,0,0,2,1,2,1,1,-4,0,0.0,1,0,74725,4,12,13,White,32.67,0,0
2624,1.0,0,0,0,0,0,2,2,3,2,3,1,2,0,0.0,1,0,-3,5,12,12,White,77.697,0,0
2625,1.0,0,0,0,0,0,1,2,3,3,2,1,1,0,0.0,2,0,194000,6,12,12,White,65.526,0,0
2626,1.0,0,0,0,0,0,2,2,2,2,2,1,2,0,0.0,2,0,194000,6,12,12,White,72.399,0,0
2627,0.0,0,0,0,0,0,4,2,-2,1,1,1,1,0,0.0,1,0,-3,3,-4,-4,White,4.947,0,-4
2628,1.0,0,0,0,0,0,10,2,2,3,1,1,-4,0,0.0,1,0,77200,6,15,13,White,47.03,-5,-5
2629,0.0,0,0,0,0,0,-2,2,3,2,-2,1,-4,0,0.0,1,0,74770,6,12,12,White,28.505,0,0
2630,0.0,0,0,0,0,0,3,1,1,1,1,1,-4,0,0.0,1,0,74770,6,12,12,White,14.356,0,0
2631,0.0,0,0,1,0,0,-2,3,2,1,1,1,-4,0,0.0,1,0,74770,6,12,12,White,47.147,0,0
2632,0.0,0,0,3,0,2,2,2,2,5,5,2,-4,0,0.0,2,-4,-4,3,-3,-3,White,-0.004,-2,0
2633,1.0,0,0,0,0,0,7,2,2,1,1,1,-4,0,1.0,1,0,175500,5,16,16,White,-0.004,-5,-5
2634,1.0,0,0,0,0,0,4,3,3,2,3,1,3,0,,2,0,-3,4,16,18,White,52.211,0,0
2635,1.0,0,0,0,0,0,8,1,2,2,2,1,-4,1,0.0,2,0,-3,4,12,14,White,87.933,0,1
2636,1.0,0,0,0,0,0,4,2,2,1,1,1,-4,0,0.0,2,0,337500,5,17,15,White,81.216,-5,-5
2637,1.0,0,0,0,1,0,5,1,2,2,2,1,1,0,0.0,1,0,262700,6,15,12,White,92.056,0,0
2638,1.0,0,0,0,0,0,1,1,2,3,3,1,2,0,0.0,2,0,236500,4,14,14,White,97.088,0,0
2639,1.0,0,1,0,0,0,0,2,2,2,2,1,1,0,0.0,2,0,312950,4,16,16,White,80.73,-5,-5
2640,1.0,0,0,0,0,0,2,2,2,1,1,1,-4,0,0.0,2,0,312950,4,16,16,White,90.584,0,0
2641,0.0,0,1,0,0,22,2,3,3,5,2,5,5,-3,0.0,1,0,3750,2,-3,9,White,4.503,0,0
2642,0.0,1,0,0,1,0,5,1,2,3,2,1,-4,0,0.0,2,1,20153,4,-3,10,White,63.501,0,0
2643,0.0,0,1,1,2,0,6,2,2,4,4,4,3,0,0.0,1,0,-9750,4,-3,10,White,23.119,0,1
2644,0.0,0,0,0,0,1,0,3,2,2,2,2,-4,0,0.0,1,0,12850,5,13,9,White,32.398,-5,-5
2645,1.0,1,1,4,0,0,8,2,3,4,3,3,-4,1,0.0,2,0,-4169,4,-3,12,Other,52.838,0,0
2648,0.0,0,0,0,1,1,21,3,4,3,3,1,2,0,,1,0,14600,4,12,12,White,11.875,0,0
2649,0.0,0,0,3,6,0,4,1,1,5,3,2,-4,0,0.0,1,1,-48250,4,-3,9,White,1.105,0,1
2650,1.0,,0,0,0,1,6,1,2,1,1,1,-4,0,,2,1,3600,5,11,10,White,14.569,-5,-5
2651,0.0,0,0,5,4,4,10,2,3,4,3,1,-4,1,0.0,1,0,16000,3,11,10,White,30.895,0,1
2652,0.0,0,0,0,0,0,4,2,2,1,1,1,-4,0,0.0,1,0,-3450,4,16,12,White,66.244,0,0
2653,0.0,1,0,1,1,0,20,4,4,4,4,3,3,1,1.0,2,1,-3,3,-3,9,White,7.219,0,-4
2654,1.0,0,0,0,0,0,4,4,1,4,3,2,-4,0,0.0,2,0,26550,5,12,12,White,37.46,0,0
2655,1.0,0,0,0,0,0,3,3,2,4,3,3,-4,0,0.0,2,-4,-4,5,12,12,White,57.303,0,0
2656,0.0,0,0,1,-4,-4,-4,2,4,5,5,3,5,0,1.0,2,0,-2500,4,11,15,White,30.231,0,1
2657,0.0,0,0,0,0,1,5,2,2,4,4,2,-4,0,0.0,2,0,-2500,4,11,15,White,20.999,0,-2
2658,1.0,0,0,0,0,1,5,2,4,2,2,1,1,1,1.0,1,0,-3,5,14,16,White,88.685,0,0
2659,1.0,0,0,0,0,0,0,1,3,4,3,1,2,0,0.0,2,0,-3,3,16,16,White,77.132,-5,-5
2660,1.0,0,0,0,0,0,0,1,2,4,4,1,5,0,0.0,1,0,188501,6,14,12,White,35.953,0,0
2661,1.0,0,0,0,0,1,1,2,1,2,1,1,-4,0,1.0,1,0,188501,6,12,12,White,62.48,0,0
2662,1.0,0,0,0,0,0,0,2,2,2,2,1,2,0,0.0,1,0,350001,4,17,17,White,74.288,0,0
2663,1.0,0,0,0,1,0,5,2,3,4,4,2,2,0,0.0,2,0,-3,4,16,14,Other,54.941,-5,-5
2664,1.0,0,0,0,0,0,0,2,3,2,1,1,1,0,0.0,2,0,-3,5,13,16,White,39.869,0,0
2665,1.0,0,1,0,0,0,1,2,2,1,1,1,-4,0,0.0,1,0,-3,5,13,16,White,43.724,0,0
2666,0.0,1,0,0,0,0,3,1,2,1,1,1,-4,0,0.0,1,0,184500,5,14,13,White,39.081,0,0
2667,1.0,0,0,0,0,0,5,2,1,1,1,1,-4,0,0.0,2,0,484500,4,20,15,White,96.95,-5,-5
2668,0.0,0,0,0,0,0,2,3,2,3,3,1,3,0,0.0,1,0,400001,5,16,12,White,71.591,0,0
2669,1.0,0,0,0,0,0,2,2,2,4,4,2,3,0,0.0,2,0,262000,6,17,17,White,55.339,0,0
2670,1.0,0,0,0,0,0,0,1,1,1,1,1,-4,0,0.0,2,0,170500,5,14,12,White,97.936,0,0
2671,0.0,,0,0,0,0,1,2,2,4,4,1,4,0,,2,0,-3,10,12,12,White,36.892,-5,-5
2672,1.0,0,0,0,2,0,0,1,2,4,4,1,5,0,0.0,2,0,171982,4,14,13,White,78.768,0,0
2673,1.0,0,0,0,0,0,0,2,3,3,2,1,-4,0,0.0,1,0,171982,4,14,13,White,64.023,0,0
2674,1.0,0,0,0,0,0,0,2,2,2,3,1,-4,1,1.0,2,0,-14890,4,13,14,White,66.562,0,0
2675,1.0,0,0,0,0,0,0,2,2,1,1,1,-4,0,0.0,2,0,-14890,4,13,14,White,41.484,0,0
2676,1.0,0,0,0,3,1,5,2,2,1,1,1,-4,1,0.0,1,0,83800,4,12,12,White,79.314,0,0
2677,1.0,0,0,0,0,0,0,1,1,1,1,1,-4,0,0.0,1,0,72000,4,14,13,White,47.798,-5,-5
2678,1.0,0,0,0,0,0,0,2,2,1,1,1,-4,1,0.0,1,0,72000,4,14,13,White,38.69,-5,-5
2679,1.0,0,0,0,0,0,3,2,2,4,2,1,3,0,0.0,2,0,32450,4,12,12,White,47.703,0,0
2680,0.0,0,0,0,0,0,2,2,2,3,3,1,3,0,1.0,2,0,74749,3,14,12,White,99.697,0,0
2681,1.0,0,0,0,0,0,9,1,2,3,2,1,3,0,0.0,2,0,2750,3,16,16,White,98.421,0,0
2682,0.0,0,0,1,1,0,2,2,1,3,1,1,-4,1,0.0,1,0,7450,4,12,16,Black,74.239,0,0
2683,1.0,0,1,0,15,3,3,1,2,2,4,1,-4,1,0.0,1,0,7450,4,12,16,Black,26.253,0,-4
2684,0.0,0,0,0,2,1,4,1,4,1,1,3,-4,0,0.0,2,0,-17300,5,12,14,White,22.66,0,0
2685,0.0,0,0,0,1,0,3,3,3,4,4,2,4,0,,2,0,20750,3,12,11,White,51.055,0,0
2686,0.0,0,0,0,1,0,9,1,2,4,2,2,-4,0,0.0,2,0,90900,3,12,12,White,60.541,-5,-5
2687,1.0,0,0,0,0,0,3,2,2,4,3,2,-4,0,0.0,2,-4,-4,4,14,17,White,66.928,-5,-5
2688,0.0,0,0,1,0,0,5,2,2,2,3,1,3,0,0.0,1,0,49000,2,14,13,White,37.468,0,0
2689,1.0,0,0,0,0,0,2,2,2,3,3,1,3,0,0.0,1,0,6226,6,12,13,White,47.308,-5,-5
2690,0.0,0,0,0,0,0,0,2,1,3,1,3,-4,0,0.0,1,0,6226,6,12,13,White,6.831,-5,-5
2691,1.0,0,1,0,0,0,1,2,2,1,3,1,-4,0,0.0,2,0,33200,4,14,12,White,22.588,0,0
2692,0.0,0,0,0,1,0,5,2,2,2,4,1,3,0,1.0,1,0,2250,3,10,12,White,25.206,-5,-5
2693,1.0,0,0,0,0,0,2,2,2,1,1,1,1,0,0.0,1,0,2250,3,10,12,White,49.724,0,-4
2694,0.0,0,0,4,0,0,36,3,2,4,2,1,4,0,1.0,1,1,4000,4,11,13,White,-0.004,0,0
2695,0.0,0,1,0,0,0,40,2,2,5,4,2,5,0,0.0,1,0,4000,4,11,13,White,7.758,0,0
2696,0.0,0,1,0,0,0,9,2,3,4,3,1,-4,0,,1,0,4000,4,11,13,White,35.373,0,0
2697,0.0,0,0,3,0,0,6,3,4,4,4,1,3,0,0.0,1,0,16450,4,11,12,White,28.805,0,0
2698,1.0,0,0,0,0,0,0,2,2,2,3,1,3,0,0.0,2,0,-3,5,20,14,White,66.501,0,0
2699,1.0,0,0,0,0,0,3,2,2,1,1,1,1,1,0.0,2,0,131050,4,14,14,White,94.181,0,0
2700,1.0,0,0,0,0,0,1,2,2,1,1,1,-4,0,0.0,1,0,131050,4,14,14,White,72.445,0,0
2701,1.0,0,0,1,3,0,11,3,3,4,5,1,5,0,1.0,1,0,165500,4,14,16,White,89.196,0,0
2702,0.0,0,0,0,0,0,2,3,2,1,1,1,-4,1,0.0,1,0,107350,5,12,12,White,58.603,0,0
2703,1.0,0,0,0,0,0,0,2,2,2,3,1,2,0,0.0,1,0,61850,5,14,12,White,59.023,0,0
2704,1.0,0,0,0,0,0,1,2,4,2,2,1,1,0,1.0,1,0,149000,6,16,12,White,9.825,0,0
2705,1.0,0,0,0,0,0,0,2,1,2,2,1,2,0,0.0,2,0,517500,3,14,12,White,30.501,0,0
2706,0.0,1,0,5,0,0,5,1,1,2,1,1,1,0,0.0,1,0,3500,6,12,12,White,54.035,0,0
2707,1.0,0,0,0,0,0,0,2,2,2,1,1,-4,0,0.0,2,0,3500,6,12,12,White,46.71,0,0
2708,0.0,0,0,0,0,0,0,2,2,1,1,1,-4,1,0.0,2,0,3500,6,12,12,White,92.658,0,0
2709,1.0,0,0,0,0,0,5,2,3,4,3,1,3,0,0.0,2,0,218050,6,16,15,White,99.236,0,0
2710,1.0,0,0,0,0,0,0,2,2,1,1,1,-4,0,0.0,1,0,218050,6,16,15,White,100.0,0,0
2711,1.0,0,0,0,0,0,12,2,2,1,1,1,-4,1,0.0,1,0,24510,5,11,8,White,97.69,0,0
2712,0.0,0,0,0,0,0,2,2,2,1,1,1,-4,0,,2,0,20250,4,-4,11,White,4.156,0,1
2713,0.0,0,0,0,0,1,3,2,2,1,1,1,-4,0,,1,0,20250,4,11,11,White,6.086,0,0
2714,1.0,0,0,0,0,2,4,2,2,1,1,2,-4,0,0.0,1,0,45250,4,12,12,White,99.012,0,0
2715,0.0,0,0,0,0,0,3,2,3,4,1,1,5,1,,1,0,4249,3,10,9,White,6.446,0,1
2716,0.0,0,0,0,0,1,3,2,4,1,1,1,-4,1,,1,1,11350,2,12,16,Black,80.121,0,0
2717,0.0,0,0,0,0,0,10,3,2,3,3,3,2,0,0.0,2,0,500,5,-4,11,Black,9.13,0,0
2718,0.0,0,0,0,0,0,15,2,2,5,1,1,-4,0,0.0,2,0,500,5,12,11,Black,8.859,0,0
2719,0.0,0,1,0,1,0,0,2,1,2,1,1,-4,0,0.0,1,0,500,5,12,11,Black,11.434,-5,-5
2720,0.0,0,0,0,0,0,16,4,3,4,4,1,5,0,0.0,2,1,-4989,5,12,10,Black,17.973,0,0
2721,1.0,0,0,1,1,0,5,2,3,2,2,2,-4,1,0.0,1,1,-4989,5,12,10,Black,9.223,0,0
2722,0.0,0,0,0,0,0,2,3,3,4,4,1,5,0,,2,-4,-4,3,10,10,Black,31.176,1,0
2723,0.0,0,0,1,0,0,0,1,1,1,1,1,-4,1,1.0,2,0,-2979,4,14,12,Black,13.06,0,0
2724,1.0,0,0,0,0,0,9,2,3,3,4,3,-4,0,,2,0,19250,3,13,13,Black,13.75,0,0
2725,1.0,0,0,0,0,0,7,2,-2,1,1,1,-4,0,,2,0,-3,5,16,16,White,81.49,0,0
2726,1.0,0,0,0,0,0,3,2,2,3,3,1,2,0,,2,-4,-4,3,-4,-3,Asian,95.001,-5,-5
2727,1.0,0,0,0,0,0,2,1,2,2,1,1,-4,0,0.0,1,0,78500,4,16,12,Hispanic,66.812,0,0
2728,1.0,0,0,0,0,0,2,1,1,1,1,1,-4,0,0.0,1,0,-3,4,16,16,White,-0.004,0,0
2729,0.0,0,0,0,5,0,6,3,2,-2,-2,-2,-2,-3,1.0,2,-4,-4,4,-4,12,White,0.631,0,0
2730,1.0,0,0,0,0,0,18,2,1,2,2,1,2,0,0.0,1,0,-3,4,16,16,White,91.806,0,0
2731,0.0,0,0,0,0,0,3,2,1,2,2,1,-4,0,0.0,1,0,194000,5,16,17,White,97.433,0,0
2732,1.0,0,1,0,0,0,3,1,2,2,1,1,-4,0,0.0,1,0,34250,4,14,14,White,70.407,0,0
2733,0.0,0,0,0,0,0,4,2,2,3,2,1,-4,0,0.0,1,0,202001,3,19,20,White,69.75,0,0
2734,1.0,0,0,0,0,0,0,2,2,1,1,1,-4,0,0.0,2,0,-3,8,18,16,White,94.333,0,0
2735,1.0,0,0,0,0,0,1,2,2,1,1,1,-4,0,0.0,1,1,-3,8,-4,-4,Hispanic,19.952,0,0
2736,0.0,0,0,0,0,0,0,1,2,1,1,1,-4,1,0.0,1,0,-3,8,-4,-4,White,18.834,0,0
2737,1.0,0,0,0,0,0,2,2,2,2,2,1,1,0,0.0,1,0,93750,5,12,13,White,79.494,0,0
2738,1.0,1,0,0,0,0,0,1,1,1,1,1,-4,0,0.0,1,0,93750,5,12,13,White,77.092,0,0
2739,1.0,0,0,0,0,0,10,2,4,4,2,1,4,0,0.0,2,1,20750,4,11,12,White,45.145,0,0
2740,0.0,0,0,0,2,0,3,2,4,5,3,1,3,0,0.0,2,0,372300,5,12,12,White,22.495,0,0
2741,0.0,0,0,1,0,0,0,2,3,1,2,1,1,0,0.0,1,0,192000,4,-3,-3,White,36.224,0,0
2742,0.0,0,0,0,0,0,2,2,2,3,2,1,1,0,0.0,1,0,120000,4,18,16,White,51.882,0,0
2743,0.0,0,0,0,0,0,1,1,2,3,3,2,2,0,0.0,1,0,120000,4,18,16,White,30.544,0,0
2744,1.0,0,0,0,0,0,5,2,3,1,1,1,1,0,0.0,2,0,-3,4,20,14,White,18.264,0,0
2745,0.0,0,0,0,0,0,12,2,2,4,3,1,-4,0,0.0,2,0,-1500,3,15,10,White,-0.004,0,-4
2746,0.0,0,0,0,1,2,10,2,2,2,1,1,-4,1,0.0,2,0,36700,4,15,12,Hispanic,56.258,0,0
2747,0.0,0,0,0,0,0,0,2,2,3,2,1,1,1,0.0,1,0,47588,2,14,12,White,31.976,-5,-5
2748,1.0,0,0,0,0,0,0,2,2,1,1,1,-4,1,0.0,2,0,167000,2,17,17,White,-0.004,-5,-5
2749,0.0,0,0,0,5,0,2,1,3,4,3,2,3,1,1.0,2,0,79001,5,13,12,White,38.287,0,0
2750,1.0,0,0,0,0,0,1,2,2,2,2,2,3,0,0.0,2,0,79001,5,13,12,White,54.296,0,0
2751,1.0,0,0,0,0,0,1,2,2,1,1,1,-4,1,0.0,2,-4,-4,2,12,17,White,75.291,-5,-5
2752,0.0,0,1,0,0,0,3,1,2,4,2,2,2,-3,0.0,1,0,-8200,4,12,14,White,28.709,0,0
2753,1.0,0,0,0,0,0,0,2,3,2,1,1,-4,0,0.0,1,0,-8200,4,12,14,White,48.465,0,0
2754,1.0,0,0,0,0,0,1,2,2,2,1,1,1,0,0.0,2,-4,-4,6,12,12,Asian,83.923,0,0
2755,1.0,0,0,0,0,0,1,2,2,2,1,1,-4,1,0.0,1,-4,-4,6,12,12,Asian,78.416,0,0
2756,1.0,0,0,0,0,1,3,1,2,1,1,1,-4,1,1.0,1,-4,-4,4,16,16,White,92.833,0,0
2757,0.0,1,0,0,0,0,3,2,2,1,1,1,-4,0,0.0,2,0,85500,4,16,18,White,94.897,0,0
2758,1.0,0,0,0,0,0,2,2,3,2,3,1,2,0,1.0,1,-4,-4,6,17,12,White,86.272,0,0
2759,0.0,0,0,1,0,0,2,2,2,-2,-2,-2,3,0,0.0,1,0,-3,3,-3,12,White,19.597,1,1
2760,0.0,0,0,0,-4,-4,-4,3,3,3,3,2,2,0,0.0,2,1,7500,4,11,11,White,11.202,0,0
2761,1.0,0,0,0,2,1,4,2,3,4,3,3,5,1,0.0,1,0,-3,3,12,12,White,61.233,0,1
2762,1.0,0,0,0,0,0,0,2,3,4,3,1,3,0,0.0,1,0,68000,4,18,14,White,68.397,0,0
2763,0.0,1,0,0,0,0,1,1,1,1,1,1,-4,0,0.0,2,0,52500,4,12,12,White,42.996,0,1
2764,1.0,0,0,0,0,0,14,2,2,2,1,1,-4,0,0.0,2,-4,-4,7,12,11,Black,88.455,0,0
2765,1.0,0,0,0,90,0,3,1,1,2,1,1,-4,0,,1,0,-3,2,16,14,White,67.58,-5,-5
2766,0.0,0,1,1,0,2,4,2,1,3,1,3,-4,0,0.0,1,0,144000,4,13,10,White,11.802,0,0
2767,0.0,1,1,0,1,0,1,2,2,4,5,1,3,0,0.0,2,0,23500,4,14,11,White,41.538,0,0
2768,1.0,0,0,0,5,0,5,1,2,2,2,1,-4,0,0.0,2,-4,-4,5,19,16,White,91.993,0,0
2769,1.0,,0,0,0,0,1,2,2,3,2,1,3,1,1.0,2,0,252621,3,12,13,White,45.173,-5,-5
2770,1.0,0,0,0,0,0,1,2,2,3,3,-2,-2,0,0.0,2,0,31200,5,12,12,White,70.408,0,0
2771,1.0,,0,0,0,0,2,2,2,5,4,1,2,0,,2,0,260001,3,17,17,White,47.508,-5,-5
2772,1.0,,0,0,0,0,3,1,1,3,1,1,-4,0,,2,0,105500,4,12,12,White,81.475,-5,-5
2773,1.0,1,1,0,0,1,-2,1,2,3,2,1,1,1,,1,0,-3,4,-4,-4,White,-0.004,-5,-5
2774,0.0,0,1,0,0,0,2,2,2,2,2,1,2,1,,1,0,-3,4,-4,-4,White,-0.004,-5,-5
2775,1.0,0,0,0,0,0,3,2,3,2,1,1,-4,0,,1,0,195000,6,14,14,White,85.58,0,0
2776,1.0,0,0,0,0,0,4,2,2,1,1,1,-4,0,,1,0,195000,6,14,14,White,68.704,0,0
2777,1.0,0,0,0,0,0,3,2,2,2,2,1,2,0,0.0,2,0,145500,5,16,16,White,75.553,0,0
2778,1.0,0,0,0,0,0,3,1,2,2,1,1,-4,0,0.0,1,0,145500,5,16,16,White,97.072,0,0
2779,1.0,0,0,0,0,0,2,2,2,2,2,1,3,0,0.0,1,0,93750,4,-4,12,White,93.516,0,0
2780,0.0,0,0,0,0,0,3,2,1,4,2,1,-4,0,0.0,2,0,33500,3,12,12,White,-0.004,0,0
2781,1.0,0,0,0,0,0,7,2,2,5,3,1,4,0,0.0,2,0,447500,4,12,12,White,48.893,0,0
2782,1.0,0,0,0,0,0,5,1,1,3,4,1,3,0,0.0,2,0,162500,3,14,12,White,87.405,0,0
2783,1.0,0,0,0,0,0,0,1,1,3,3,2,3,0,,2,0,145500,5,14,12,White,-0.004,-5,-5
2784,1.0,0,0,0,0,0,1,2,4,5,5,3,5,0,0.0,2,0,-3,5,18,15,White,38.702,0,0
2785,0.0,0,0,0,1,0,2,2,3,3,1,1,-4,0,0.0,2,0,-3,5,18,15,White,36.595,0,0
2786,0.0,0,0,0,0,2,1,2,1,1,3,1,-4,0,,1,0,80500,4,12,12,White,-0.004,0,0
2787,1.0,0,0,0,0,0,5,1,2,2,3,1,3,0,0.0,2,0,122500,4,13,13,White,97.208,0,0
2788,0.0,0,0,0,0,0,1,1,4,3,3,1,-4,0,0.0,1,0,122500,4,13,13,White,86.885,0,0
2789,1.0,0,1,0,0,0,2,2,2,3,2,1,-4,0,0.0,1,0,27000,5,9,12,White,-0.004,-5,-5
2790,0.0,0,0,0,0,0,1,1,2,3,3,2,3,0,1.0,1,0,-3,5,14,12,White,-0.004,0,0
2791,1.0,0,0,0,0,0,2,2,3,1,1,1,-4,0,0.0,1,0,-3,5,14,12,White,85.451,0,0
2792,0.0,1,0,0,0,0,2,3,2,2,1,1,-4,1,1.0,2,0,599001,3,16,17,White,96.142,0,0
2793,1.0,0,0,0,2,0,2,2,2,2,2,2,-4,0,0.0,2,-4,-4,3,-4,10,White,57.829,0,-2
2794,0.0,0,0,0,2,0,5,2,1,3,1,1,1,1,0.0,1,-4,-4,4,12,12,White,-0.004,0,0
2795,0.0,1,0,0,0,0,5,2,2,4,4,2,4,1,1.0,1,-4,-4,5,14,15,White,-0.004,0,0
2796,1.0,0,0,0,0,0,2,2,2,2,2,2,-4,0,0.0,2,-4,-4,5,14,15,White,-0.004,-5,-5
2797,1.0,0,0,0,0,0,10,3,2,5,4,1,4,0,1.0,2,0,-3,4,17,13,White,80.893,-5,-5
2798,0.0,0,1,6,0,0,1,2,3,2,1,1,-4,0,0.0,1,-4,-4,5,12,14,White,21.624,0,0
2799,0.0,0,0,4,2,0,5,2,2,5,3,2,4,1,1.0,1,0,-3,4,12,-4,Black,79.651,0,0
2800,0.0,0,1,7,1,0,2,3,1,5,2,1,4,0,0.0,1,0,-3,4,12,11,Black,23.132,0,0
2801,1.0,0,0,0,1,0,5,2,2,3,2,1,-4,0,0.0,2,0,-3,4,14,19,White,87.998,0,0
2802,0.0,0,0,0,0,0,1,2,2,2,2,1,-4,0,0.0,2,0,487701,5,13,13,White,50.436,0,0
2803,1.0,0,0,0,0,0,2,1,1,3,2,1,3,0,0.0,2,0,308000,4,16,17,White,48.056,-5,-5
2804,0.0,0,0,0,0,0,2,1,1,3,3,1,-4,0,0.0,2,0,308000,4,16,17,White,43.479,-5,-5
2805,0.0,0,0,0,0,0,6,3,3,4,-2,1,-4,1,1.0,2,0,41300,2,13,12,White,60.566,0,0
2806,1.0,0,0,0,0,0,1,2,1,4,4,2,4,0,0.0,2,0,322500,5,16,16,White,85.134,0,0
2807,0.0,0,0,0,2,0,3,2,2,4,3,2,-4,0,0.0,1,0,322500,5,16,16,White,67.574,0,0
2808,0.0,0,1,0,2,0,7,2,2,4,4,3,-4,0,,1,-4,-4,3,12,12,White,-0.004,-5,-5
2809,0.0,0,1,0,0,0,12,4,3,3,2,4,5,0,0.0,2,-4,-4,16,13,12,Black,20.392,0,0
2810,0.0,0,0,0,1,6,10,3,2,4,3,4,-4,0,0.0,1,-4,-4,16,13,12,Black,19.638,0,0
2811,0.0,0,0,0,0,0,2,2,1,1,1,1,-4,0,,2,0,19900,6,12,12,Black,-0.004,0,1
2812,1.0,1,0,0,0,0,9,3,4,4,5,4,5,0,0.0,2,0,32700,3,15,12,White,66.849,0,0
2813,0.0,1,1,0,0,0,3,2,1,4,2,2,-4,0,1.0,1,0,8750,5,12,13,Black,66.652,0,0
2814,0.0,0,1,-3,0,0,0,2,2,5,2,3,4,1,,1,0,-3,5,-3,11,Black,1.008,0,-2
2815,0.0,0,0,0,0,1,1,3,3,-2,3,4,-4,0,,2,0,-3,5,-3,11,Black,1.602,0,0
2816,0.0,0,1,0,0,1,5,2,3,2,5,1,-4,0,0.0,2,0,-3,5,-3,11,Black,4.148,0,0
2817,1.0,0,0,0,0,0,0,2,2,3,3,2,-4,0,,2,0,223100,3,12,12,White,54.189,-5,-5
2818,1.0,0,0,0,0,0,3,2,1,1,1,1,-4,0,0.0,2,1,-8454,6,20,16,White,94.594,0,0
2819,1.0,0,1,1,0,0,23,2,3,3,1,3,5,0,,1,0,23750,4,14,14,Black,37.76,0,0
2820,1.0,0,0,0,5,0,0,3,2,1,2,2,-4,1,,2,0,23750,4,14,14,Black,80.738,0,0
2821,0.0,0,0,0,0,0,10,2,1,3,3,3,4,0,0.0,2,0,250,3,12,-3,Black,1.523,0,0
2822,0.0,1,1,0,1,0,2,4,4,2,3,2,-4,0,0.0,1,0,-3182,3,-3,11,Black,-0.004,0,1
2823,0.0,0,0,0,0,0,5,4,4,5,5,4,5,0,1.0,1,0,500,4,12,12,Black,-0.004,-5,-5
2824,0.0,0,1,0,0,0,0,2,2,2,3,2,5,0,,2,0,57500,4,-3,16,Black,18.646,0,-2
2825,0.0,0,1,1,0,1,0,1,1,2,2,4,-4,1,0.0,1,0,57500,4,-3,-3,Black,3.338,0,0
2826,0.0,0,0,0,99,0,5,2,3,1,1,5,-4,0,0.0,2,0,57500,4,-3,-3,Black,4.301,1,1
2827,0.0,0,0,0,0,0,8,2,1,1,1,1,-4,1,0.0,2,-4,-4,5,-3,11,Black,-0.004,0,0
2828,1.0,0,0,0,0,0,0,1,2,5,5,5,-4,0,0.0,2,0,-2300,3,16,16,Black,48.789,0,0
2829,0.0,1,0,0,7,1,60,2,4,5,4,3,5,1,1.0,1,0,7520,2,-4,12,White,53.488,-5,-5
2830,0.0,0,0,0,0,0,3,2,2,2,1,2,-4,1,,1,0,24000,3,12,12,Black,-0.004,-5,-5
2831,0.0,0,0,0,0,0,25,3,4,5,5,1,3,0,,1,0,84250,6,12,11,White,-0.004,0,0
2832,0.0,0,0,0,0,0,8,2,2,3,4,1,3,0,,2,0,84250,6,12,11,White,-0.004,0,0
2833,1.0,0,0,0,0,0,3,2,2,1,1,1,-4,0,0.0,1,0,217000,5,12,16,White,87.07,0,0
2834,1.0,0,0,0,0,0,1,2,2,3,2,2,-4,0,0.0,2,0,60500,3,12,-3,White,-0.004,0,0
2835,0.0,0,1,5,0,0,4,1,2,3,3,2,4,0,,1,0,-3,3,16,12,White,52.189,0,0
2836,1.0,0,1,0,0,0,5,2,2,3,4,2,4,0,,2,-4,-4,5,13,14,Black,16.513,0,0
2837,1.0,,0,0,0,0,1,2,2,2,3,1,4,0,,2,-4,-4,5,13,14,Black,54.625,-5,-5
2838,1.0,,0,0,0,0,2,1,1,3,3,3,-4,0,,2,-4,-4,3,-3,11,Black,-0.004,-5,-5
2839,0.0,0,0,0,0,0,6,2,4,3,3,2,-2,1,0.0,2,0,-3,3,15,16,White,64.788,0,0
2840,1.0,0,0,0,0,0,2,2,2,1,1,1,-4,0,0.0,2,1,630,4,-3,14,White,64.15,0,-4
2841,1.0,0,0,0,0,0,2,2,2,1,1,1,-4,0,0.0,2,-4,-4,5,14,13,White,-0.004,0,0
2842,0.0,0,1,0,0,1,0,3,2,4,3,1,4,-3,,2,0,62500,4,10,12,White,-0.004,0,0
2843,1.0,0,0,0,0,1,10,2,2,4,4,1,3,0,,2,0,12500,3,12,15,White,70.32,0,0
2844,1.0,0,0,0,0,0,5,2,3,2,1,1,-4,0,0.0,2,0,12500,3,12,15,White,69.919,0,0
2845,0.0,0,0,0,4,0,3,1,2,4,3,3,-4,1,,2,0,19500,3,11,12,White,42.019,0,0
2846,0.0,0,0,0,0,5,20,1,2,4,4,1,3,0,0.0,1,0,2250,3,7,13,White,-0.004,0,1
2847,0.0,1,1,0,0,0,6,2,2,2,1,1,-4,0,0.0,2,0,2250,3,-3,12,White,-0.004,0,1
2848,1.0,0,1,0,0,0,6,2,3,4,3,1,5,0,1.0,2,-4,-4,3,11,12,White,61.463,0,0
2849,,0,1,0,2,1,15,2,2,3,3,3,-4,0,0.0,2,1,4251,4,10,9,White,-0.004,0,0
2850,0.0,0,0,0,1,0,8,2,2,4,3,1,3,1,1.0,1,0,93450,5,12,12,White,-0.004,0,0
2851,0.0,0,1,0,0,0,5,2,1,2,2,1,-4,0,0.0,1,0,91700,4,11,12,White,53.033,0,0
2852,,,0,0,10,1,0,1,2,1,1,1,-4,0,,2,-4,-4,6,12,10,White,-0.004,-5,-5
2853,0.0,0,1,3,0,0,3,2,2,4,3,1,3,0,0.0,2,-4,-4,4,7,12,White,33.867,-5,-5
2854,0.0,0,1,0,30,30,1,2,2,5,4,2,-4,0,1.0,1,0,22500,4,6,12,White,52.855,0,0
2855,1.0,0,0,0,0,0,6,1,1,1,1,1,1,0,0.0,2,0,30250,4,12,13,White,-0.004,0,0
2856,0.0,0,0,0,0,0,8,2,2,3,1,1,-4,0,0.0,2,0,30250,4,12,13,White,-0.004,0,0
2857,,,0,0,0,0,8,2,2,4,4,1,3,0,,1,0,34250,2,12,12,White,-0.004,-5,-5
2858,1.0,0,0,0,99,0,3,1,1,5,4,3,3,1,0.0,1,0,45450,2,12,9,White,70.024,0,0
2859,0.0,0,0,0,0,0,3,2,2,3,2,1,-4,0,,2,-4,-4,3,-3,8,White,61.633,0,0
2860,0.0,0,1,1,1,12,23,2,2,5,2,1,5,0,0.0,1,-4,-4,3,9,10,White,9.578,0,1
2861,0.0,0,0,1,1,0,10,1,1,5,5,1,-4,0,0.0,2,-4,-4,3,9,10,White,3.174,0,1
2862,0.0,1,1,1,30,1,6,3,4,4,4,1,4,0,,1,-4,-4,4,12,12,White,64.682,0,0
2863,0.0,0,1,0,2,1,0,2,4,3,2,1,-4,0,,1,-4,-4,4,12,12,White,22.475,-5,-5
2864,0.0,0,1,0,7,13,90,3,4,5,5,3,-4,0,,2,-4,-4,6,13,10,White,28.905,0,0
2865,0.0,0,1,0,0,0,3,2,1,3,2,1,-4,0,0.0,2,0,3750,6,12,10,White,34.734,0,0
2866,1.0,0,0,0,3,1,5,1,3,4,4,2,2,1,0.0,1,0,5500,4,12,9,White,39.414,0,0
2867,0.0,0,0,0,1,0,0,1,2,2,1,1,-4,0,0.0,1,0,5500,4,12,9,White,2.213,0,0
2868,0.0,0,0,1,0,0,4,2,2,4,3,2,1,1,1.0,1,-4,-4,5,8,9,White,-0.004,0,0
2869,1.0,0,0,0,0,0,1,1,2,2,4,1,2,0,,2,0,-3,4,16,16,White,97.007,-5,-5
2870,1.0,0,0,0,0,0,7,2,3,1,1,1,-4,0,0.0,2,-4,-4,6,16,16,White,72.318,0,0
2871,1.0,0,0,0,0,1,0,1,3,3,1,1,1,0,0.0,1,0,-3,5,20,19,White,55.39,0,0
2872,0.0,0,0,0,0,5,5,4,3,4,1,1,-4,0,0.0,1,0,-3,5,20,19,White,31.601,-5,-5
2873,1.0,0,0,0,0,0,5,2,3,3,2,1,2,0,0.0,1,0,-3,3,15,15,White,94.819,0,0
2874,1.0,0,0,0,0,0,7,2,1,3,3,1,1,0,0.0,1,0,-3,4,20,18,White,100.0,0,0
2875,1.0,0,0,0,0,0,2,2,2,1,1,1,1,0,0.0,1,0,-3,4,-4,16,White,87.645,-5,-5
2876,1.0,0,0,0,0,0,3,2,2,2,3,1,1,0,0.0,1,-4,-4,6,20,20,White,100.0,0,0
2877,1.0,0,0,0,0,0,2,2,2,1,1,1,-4,0,0.0,2,-4,-4,6,20,20,White,85.901,0,0
2878,1.0,0,0,0,0,0,0,1,2,1,1,1,1,0,,2,0,12510,5,-4,12,White,38.257,-5,-5
2879,,,0,0,0,0,2,1,1,1,1,1,1,0,,2,0,12510,5,-4,12,White,82.492,-5,-5
2880,1.0,0,0,0,0,0,4,1,1,1,1,1,-4,0,,1,0,12510,5,-4,12,White,55.597,0,0
2881,,,1,0,0,0,3,2,2,3,2,2,3,0,,1,0,149600,3,15,12,White,95.952,-5,-5
2882,0.0,0,0,0,0,0,0,2,3,3,4,3,3,0,0.0,1,-4,-4,7,9,-3,Asian,-0.004,0,0
2883,1.0,0,0,0,0,0,3,2,1,1,1,1,-4,0,0.0,1,-4,-4,7,9,-3,Asian,68.93,0,0
2884,1.0,0,0,0,0,0,3,2,3,1,1,1,-4,1,0.0,1,0,-3500,2,-3,13,White,57.113,0,-2
2885,0.0,0,1,0,2,0,200,2,4,5,3,4,3,1,0.0,2,0,9750,4,14,16,White,30.229,0,0
2886,1.0,0,0,0,0,0,1,2,1,1,1,1,-4,0,0.0,1,0,91500,2,14,20,Black,48.068,0,-2
2887,0.0,0,0,0,0,1,1,2,2,3,2,1,-4,1,0.0,2,0,-3,5,18,16,Black,44.725,0,0
2888,1.0,0,0,0,0,0,0,2,2,1,1,1,-4,0,0.0,1,0,-3,4,15,12,White,91.731,-5,-5
2889,1.0,0,0,0,0,0,1,2,2,4,3,1,3,0,,2,0,-3,7,12,12,White,46.88,-5,-5
2890,1.0,,0,0,0,2,0,2,2,4,3,2,-4,0,,1,0,-3,7,12,12,White,44.386,-5,-5
2891,0.0,0,0,0,0,0,1,2,2,1,1,1,-4,0,,1,0,-3,7,12,12,White,18.284,0,0
2892,0.0,0,0,0,0,0,0,2,2,3,4,1,1,1,,2,-4,-4,3,12,12,White,-0.004,0,0
2893,0.0,0,0,0,2,3,3,2,1,3,1,1,-4,0,,1,-4,-4,8,20,10,Asian,-0.004,-5,-5
2894,1.0,1,0,0,0,0,4,1,2,4,3,1,1,0,0.0,2,0,407500,4,20,16,White,93.976,0,0
2895,1.0,0,0,0,0,5,2,1,3,3,2,1,-4,0,0.0,1,0,590000,2,-4,11,Other,8.676,0,-2
2896,0.0,,0,0,0,0,60,2,2,3,3,1,-2,0,,1,0,-3,5,12,12,White,57.305,-5,-5
2897,1.0,,1,0,0,2,2,2,2,2,3,1,-4,0,,1,0,-3,5,12,12,White,10.2,-5,-5
2898,1.0,0,0,0,0,0,2,1,1,1,1,1,-4,1,0.0,1,0,404500,4,20,20,White,85.189,0,0
2899,1.0,1,0,0,0,0,4,2,2,2,2,1,1,0,0.0,1,0,600000,3,16,12,White,26.323,-5,-5
2900,1.0,1,1,0,1,0,1,2,2,2,2,1,2,0,0.0,1,0,320500,4,17,16,White,71.105,0,0
2901,0.0,0,1,0,1,3,2,3,1,4,2,3,-4,1,,1,0,-27700,6,11,12,White,60.001,-5,-5
2902,1.0,0,0,0,0,0,1,2,2,1,1,1,-4,1,,2,0,-4500,4,12,14,White,65.82,0,0
2903,0.0,0,0,0,2,0,2,2,1,3,1,1,-4,0,,2,-4,-4,5,-4,-3,Hispanic,-0.004,-5,-5
2904,0.0,0,1,1,0,0,20,2,2,2,1,1,1,0,0.0,1,0,16600,4,12,10,White,20.439,0,0
2905,1.0,0,0,0,0,0,3,2,2,4,3,1,-4,0,0.0,2,0,-3,5,19,17,White,98.369,0,0
2906,1.0,0,0,0,0,0,2,1,2,1,1,1,-4,0,0.0,1,0,-3,5,19,17,White,74.931,0,0
2907,1.0,0,0,0,0,0,0,2,2,2,1,1,1,1,1.0,1,0,600000,3,16,18,White,67.914,0,0
2908,0.0,0,0,0,0,0,0,2,3,3,1,5,-4,0,1.0,1,0,16450,5,13,14,White,62.433,0,0
2909,0.0,0,1,0,0,0,6,2,3,3,1,1,-4,0,0.0,2,0,69200,6,11,-3,White,27.453,0,0
2910,1.0,1,0,0,0,0,4,2,3,4,3,1,3,1,0.0,1,0,34500,3,14,19,Black,93.256,0,-2
2911,0.0,0,1,4,0,0,0,2,2,5,4,1,3,0,0.0,1,0,12965,4,12,12,White,28.553,0,0
2912,1.0,0,0,0,0,0,1,1,2,3,2,1,-4,0,0.0,2,0,12965,4,12,12,White,38.834,0,0
2913,0.0,0,0,0,3,0,4,2,3,4,2,2,-4,1,1.0,2,0,12965,4,12,12,White,40.805,0,0
2914,1.0,1,0,0,0,0,1,2,2,3,3,2,2,0,0.0,2,0,122000,4,12,16,White,44.781,0,0
2915,1.0,1,0,0,0,0,0,1,2,3,2,1,3,1,0.0,1,0,183700,5,18,16,Black,56.898,0,0
2916,1.0,1,0,0,0,0,12,2,1,4,3,1,4,0,0.0,1,1,-5150,3,12,12,White,72.091,0,0
2917,1.0,,0,0,10,1,0,2,4,4,3,1,-4,1,,1,0,114250,4,13,14,White,69.045,-5,-5
2918,1.0,,0,0,0,0,0,2,1,2,2,1,-4,0,,1,0,106300,6,12,12,White,91.789,-5,-5
2919,,,0,0,0,0,0,2,2,1,1,1,-4,0,,1,0,106300,6,12,12,White,57.73,-5,-5
2920,0.0,,1,0,0,0,0,2,3,2,2,2,2,1,,1,0,23000,3,8,12,White,-0.004,-5,-5
2921,0.0,0,1,3,0,0,5,2,2,4,3,1,2,0,,1,-4,-4,5,12,12,White,33.656,0,0
2922,0.0,0,0,0,0,0,15,2,2,2,1,1,-4,0,0.0,2,-4,-4,5,12,12,White,55.392,1,0
2923,0.0,0,0,0,0,0,3,1,2,1,1,1,-4,0,0.0,1,0,244800,4,14,12,White,17.059,-5,-5
2924,0.0,0,0,0,0,0,1,2,2,3,2,1,-4,0,,2,0,80238,6,7,12,White,76.38,0,0
2925,0.0,0,0,0,0,1,1,2,2,1,2,1,-4,0,0.0,1,0,80238,6,7,12,White,15.733,0,0
2926,1.0,0,0,0,45,2,0,3,3,3,3,2,4,1,0.0,1,0,570500,3,10,13,White,62.016,0,0
2927,0.0,0,0,1,3,0,2,3,2,4,2,1,4,0,0.0,2,0,589500,3,12,10,White,13.293,0,0
2928,1.0,,0,0,0,0,6,2,2,4,3,2,3,0,,2,1,72500,8,12,13,White,52.636,-5,-5
2929,1.0,0,0,0,0,0,2,2,2,2,2,1,1,1,0.0,2,1,72500,8,12,13,White,61.129,-5,-5
2930,1.0,0,0,0,0,0,2,2,3,1,1,1,-4,0,0.0,1,1,72500,8,12,13,White,49.98,0,0
2931,0.0,0,0,0,0,0,4,2,3,1,2,1,2,0,,1,0,92750,5,12,14,Hispanic,-0.004,0,0
2932,0.0,0,0,0,0,0,7,2,2,3,1,1,3,0,1.0,2,0,127201,5,13,14,White,46.679,0,0
2933,0.0,0,0,0,0,0,15,2,2,5,2,1,-4,0,0.0,2,0,127201,5,13,14,White,55.883,0,0
2934,1.0,0,0,0,0,0,5,2,3,4,3,2,3,0,0.0,2,0,43000,5,8,8,White,31.098,0,0
2935,0.0,0,0,0,0,0,0,2,2,1,1,1,-4,0,0.0,2,0,43000,5,8,8,White,-0.004,0,0
2936,0.0,0,0,0,0,0,6,3,2,5,5,2,-4,0,0.0,2,0,118250,4,11,10,White,10.162,0,0
2937,1.0,0,0,0,0,0,3,1,2,1,1,1,-4,0,0.0,2,0,-3,3,20,16,White,77.605,0,0
2938,1.0,0,0,0,0,0,0,2,2,2,2,1,-2,1,0.0,1,0,600000,6,20,20,White,99.608,0,0
2939,1.0,0,0,0,0,0,0,1,2,1,1,1,-4,0,0.0,1,0,600000,6,20,20,White,91.499,0,0
2940,0.0,0,0,0,0,0,0,2,2,3,2,1,3,1,1.0,2,0,-3,5,20,16,White,19.232,0,0
2941,1.0,0,0,0,0,0,0,2,2,1,1,1,-4,0,0.0,1,0,-3,5,20,16,White,76.618,0,0
2942,1.0,0,0,0,0,0,0,2,2,1,1,1,1,0,0.0,2,0,-3,6,18,16,White,78.515,0,0
2943,1.0,0,0,0,0,0,1,2,3,2,5,1,-4,0,0.0,2,0,-3,6,18,16,White,20.987,0,0
2944,1.0,0,0,0,2,0,3,1,2,1,1,1,-4,0,0.0,2,0,600000,4,16,14,White,76.961,-5,-5
2945,1.0,0,0,0,0,0,3,1,2,2,2,5,1,0,0.0,1,0,-3,5,19,16,White,85.093,0,0
2946,1.0,0,0,0,0,0,2,1,1,1,1,1,-4,0,0.0,2,0,-3,5,19,16,White,63.473,0,0
2947,0.0,0,0,1,0,0,4,3,4,4,2,4,-4,0,0.0,1,1,3500,4,9,11,White,17.531,0,0
2948,0.0,0,1,0,0,0,11,3,2,2,1,2,-4,0,0.0,2,0,26175,3,11,15,White,38.181,-5,-5
2949,0.0,0,0,0,0,0,1,2,2,2,1,2,2,0,1.0,1,0,95500,4,15,8,White,31.485,0,0
2950,1.0,0,0,0,1,0,7,2,2,4,5,1,3,1,1.0,1,0,51500,5,19,13,White,79.761,0,0
2951,1.0,0,0,0,0,0,4,1,2,2,3,3,-4,1,0.0,1,0,51500,5,19,13,White,71.565,0,0
2952,0.0,0,0,0,0,0,0,1,1,2,1,1,-4,1,0.0,2,0,148500,5,13,12,White,87.994,0,0
2953,1.0,1,0,0,0,0,0,1,2,4,1,1,-4,0,1.0,2,0,-3,4,14,15,Black,24.06,0,0
2954,1.0,0,0,0,0,0,0,1,3,3,1,1,-4,1,1.0,1,0,-3,4,14,15,Black,26.258,0,0
2955,0.0,0,1,0,0,0,5,1,1,1,1,1,-4,0,0.0,1,0,53750,5,7,12,White,8.169,0,0
2956,1.0,0,0,0,0,0,5,1,2,5,3,1,1,0,,2,0,33250,4,13,14,White,-0.004,0,0
2957,1.0,1,0,0,0,0,4,1,1,3,2,1,2,0,,1,0,83500,5,16,16,White,76.169,0,0
2958,0.0,0,0,0,3,0,60,3,2,5,5,4,5,0,0.0,2,1,62100,2,12,12,White,44.544,0,-4
2959,0.0,0,0,0,1,0,4,4,2,5,5,5,5,0,,1,0,33010,5,-3,16,Black,4.452,0,1
2960,0.0,0,0,2,0,0,1,2,2,2,2,1,-4,1,,1,0,28500,6,12,12,Hispanic,-0.004,-5,-5
2961,0.0,0,0,0,0,0,7,2,2,4,4,2,3,0,0.0,2,0,56000,2,16,12,Black,10.601,0,0
2962,1.0,0,0,0,0,0,7,3,2,5,5,3,3,1,0.0,2,0,-20500,3,18,16,Other,-0.004,0,0
2963,0.0,,0,0,0,0,1,2,2,5,1,1,-4,0,,1,0,8100,4,-4,10,White,36.431,-5,-5
2964,0.0,0,0,0,0,0,0,2,2,5,3,1,4,0,,1,0,138000,6,11,14,White,-0.004,-5,-5
2965,1.0,0,0,0,10,0,4,3,2,3,1,3,-4,1,1.0,1,0,-3750,3,10,12,White,69.272,0,-2
2966,0.0,0,0,0,0,1,1,2,2,1,4,1,-4,0,,2,0,-4065,5,11,12,Hispanic,1.784,0,0
2967,0.0,,0,2,0,0,8,2,2,1,1,1,-4,1,,1,0,-4065,5,11,12,White,18.914,-5,-5
2968,0.0,,0,1,0,0,5,2,2,1,1,1,-4,1,1.0,1,0,550,4,12,9,White,26.368,0,1
2969,0.0,1,0,0,0,0,8,2,1,1,1,1,-4,0,0.0,1,-4,-4,4,14,12,White,54.747,-5,-5
2970,0.0,0,1,1,2,2,6,2,3,4,4,3,-4,1,0.0,2,0,17700,5,9,14,White,78.325,0,-4
2971,0.0,,0,0,0,0,6,2,2,3,4,1,4,0,,1,0,57800,3,12,12,Hispanic,27.488,-5,-5
2972,0.0,0,1,0,1,4,5,2,1,5,1,2,-4,0,0.0,1,0,25000,3,12,9,White,23.729,0,0
2973,,,0,0,0,0,5,2,2,3,5,2,4,0,,1,0,8250,4,11,12,White,-0.004,-5,-5
2974,,,0,0,0,0,2,2,1,3,1,1,-4,0,,2,0,8250,4,11,12,White,-0.004,-5,-5
2975,0.0,,1,0,0,0,2,2,3,1,1,1,1,0,,1,0,148750,3,12,12,White,69.409,-5,-5
2976,1.0,0,0,0,0,0,7,1,1,1,1,1,-4,0,1.0,1,0,450,2,16,16,White,69.353,0,0
2977,0.0,0,0,0,0,0,2,2,2,2,2,1,2,1,1.0,1,0,3200,4,12,12,White,32.258,0,0
2978,0.0,0,0,0,0,0,1,1,1,2,2,1,1,1,0.0,1,0,2345,3,12,12,White,46.282,0,-1
2979,1.0,0,0,0,0,1,4,1,1,3,2,2,-4,0,0.0,1,0,94500,3,10,12,White,39.677,0,0
2980,0.0,0,0,0,0,0,2,2,2,3,2,2,2,1,0.0,1,0,21000,4,18,19,White,67.11,0,0
2981,1.0,0,0,0,0,0,0,2,2,1,1,-2,-4,0,0.0,1,0,89800,4,16,18,White,99.515,0,0
2982,1.0,0,0,0,3,0,6,1,4,4,2,1,-4,0,0.0,2,0,23500,4,14,15,White,86.691,0,0
2983,1.0,0,0,0,0,0,5,2,3,3,4,1,3,0,0.0,1,-4,-4,5,-3,17,White,35.961,0,0
2984,1.0,0,0,0,2,0,7,2,3,1,5,1,2,0,0.0,1,0,-3,6,16,16,White,42.451,0,0
2985,1.0,0,0,0,0,0,2,2,3,1,1,1,-4,1,0.0,2,0,-3,6,16,16,White,80.569,0,0
2986,1.0,0,0,0,0,0,3,3,2,2,2,1,2,0,0.0,2,0,72600,3,12,18,White,89.758,0,0
2987,1.0,0,0,0,0,0,2,2,2,2,1,1,-4,0,0.0,2,0,33000,4,18,13,White,83.087,0,0
2988,0.0,0,1,0,0,0,3,2,2,3,1,1,-4,0,0.0,1,0,98250,4,12,12,White,77.463,0,0
2989,1.0,0,0,0,0,0,2,2,1,4,3,2,-4,0,0.0,2,0,244500,4,14,16,White,53.8,0,0
2990,1.0,0,0,0,0,1,3,2,2,3,2,2,-4,0,,1,0,306000,4,19,16,White,85.945,0,0
2991,1.0,0,0,0,0,0,8,2,3,4,4,2,4,0,,2,0,125500,4,13,14,White,51.697,0,-4
2992,1.0,0,0,0,0,0,0,2,1,3,4,2,3,1,0.0,1,0,153250,4,14,17,White,94.782,0,0
2993,1.0,0,0,0,0,0,2,1,1,1,1,1,-4,0,0.0,1,0,153250,4,14,17,White,97.787,0,0
2994,0.0,0,0,3,0,0,6,2,3,4,3,2,5,0,,1,0,169000,5,11,12,White,18.87,-5,-5
2995,1.0,0,0,0,1,1,5,2,1,1,1,1,-4,0,,1,0,-3,5,16,18,White,90.479,0,0
2996,0.0,,1,1,0,0,5,2,4,3,3,3,5,0,,1,0,2171,4,-4,14,Black,5.626,-5,-5
2997,1.0,0,0,0,0,0,7,3,3,3,3,1,2,0,0.0,2,0,80500,3,16,18,White,91.391,0,0
2998,0.0,0,0,0,0,0,10,2,2,1,1,1,1,0,0.0,2,0,58600,3,14,14,White,39.356,0,0
2999,0.0,0,0,1,1,0,0,2,2,4,2,2,-4,0,,1,0,-3,4,-4,12,Black,-0.004,0,1
3000,,,0,0,0,0,-2,2,2,2,1,1,-2,1,,2,0,59000,3,12,14,White,-0.004,-5,-5
3001,0.0,0,1,0,0,0,16,1,1,1,1,1,-4,1,0.0,1,0,125000,2,13,9,White,69.747,-5,-5
3002,0.0,0,0,1,0,0,-2,2,2,5,4,1,4,1,1.0,2,-4,-4,3,11,12,White,61.807,0,1
3003,0.0,0,0,4,0,0,16,2,3,4,3,1,-4,0,0.0,1,0,154961,7,12,12,White,43.199,0,1
3004,0.0,0,0,0,2,0,6,1,2,2,2,1,-4,1,0.0,1,0,177750,4,12,16,White,85.24,0,0
3005,0.0,0,0,0,0,0,7,1,2,1,1,2,-4,0,0.0,2,0,177750,4,12,16,White,71.083,0,0
3006,0.0,0,0,0,0,0,3,2,3,3,3,2,2,0,0.0,2,0,371001,3,12,12,White,43.391,0,0
3007,1.0,0,0,0,0,0,3,2,3,2,2,1,-4,0,,2,0,371001,3,12,12,White,50.387,0,0
3008,0.0,0,0,0,0,0,5,2,2,1,1,1,-4,0,0.0,1,0,127500,3,12,12,Hispanic,12.07,0,0
3009,1.0,0,0,0,0,0,4,2,2,3,2,1,3,0,0.0,2,0,45000,5,12,12,White,76.476,0,0
3010,1.0,0,0,0,0,0,2,2,2,4,3,1,4,0,0.0,2,-4,-4,4,12,14,White,-0.004,-5,-5
3011,0.0,0,1,0,0,0,1,2,3,2,2,1,-4,0,0.0,1,-4,-4,4,12,14,White,-0.004,-5,-5
3012,1.0,0,0,0,1,0,2,2,2,4,2,1,-4,0,0.0,2,0,63800,5,17,16,White,82.528,0,0
3013,1.0,0,0,0,0,0,5,2,2,4,4,2,-4,0,0.0,2,0,600000,4,12,12,White,44.044,0,0
3014,1.0,1,0,0,0,1,19,2,3,4,4,2,3,0,0.0,2,0,336500,4,17,18,White,40.705,0,0
3015,0.0,1,0,0,0,0,1,2,2,2,1,1,-4,0,0.0,1,0,336500,4,17,18,White,63.572,0,0
3016,1.0,0,0,0,0,0,5,2,2,1,1,1,-4,1,0.0,1,0,147401,5,14,16,White,84.611,0,0
3017,1.0,0,0,0,0,0,0,2,2,1,1,1,-4,0,0.0,2,0,221900,4,12,12,White,62.077,0,0
3018,0.0,0,0,0,0,0,6,1,2,1,2,1,-4,0,0.0,2,0,141800,5,13,14,White,7.706,0,0
3019,1.0,0,0,0,0,0,0,2,2,2,2,1,2,0,0.0,1,0,193700,6,15,13,White,87.382,0,0
3020,1.0,0,0,0,0,0,1,2,2,2,1,1,-4,0,0.0,1,0,193700,6,15,13,White,18.904,-5,-5
3021,1.0,0,0,0,0,0,7,2,2,3,4,2,3,1,0.0,2,0,178000,5,12,17,White,85.023,0,0
3022,1.0,0,0,0,0,0,2,1,2,1,1,1,-4,0,0.0,2,0,178000,5,12,17,White,97.424,0,0
3023,1.0,0,0,0,0,0,3,2,2,2,2,1,2,0,0.0,2,0,520500,5,12,12,White,64.698,0,0
3024,1.0,0,0,0,0,0,4,2,2,1,1,2,-4,0,0.0,1,0,520500,5,10,12,White,22.289,0,0
3025,1.0,0,0,0,0,0,0,2,2,4,3,2,-4,0,0.0,2,0,11500,6,10,12,White,72.639,0,-2
3026,1.0,0,0,0,0,0,6,2,3,4,2,3,-4,0,0.0,2,-4,91500,6,12,12,White,11.857,0,0
3027,1.0,0,0,0,0,0,3,2,2,1,1,1,-4,0,0.0,1,0,78500,3,12,12,White,80.35,0,0
3028,0.0,0,0,0,0,0,0,2,2,4,2,1,-4,0,0.0,2,0,83750,4,14,12,White,11.128,0,0
3029,0.0,0,0,0,0,0,15,2,3,5,5,4,4,0,,2,0,18000,5,14,14,White,35.549,0,0
3030,0.0,0,0,0,10,2,20,2,2,3,3,2,2,1,1.0,2,0,18000,5,14,14,White,45.699,0,0
3031,1.0,0,0,0,0,0,4,2,1,3,3,2,-4,0,0.0,2,0,-3,4,13,17,White,60.92,0,0
3032,0.0,1,0,0,0,2,6,4,3,3,2,1,-4,1,0.0,1,0,51500,3,11,12,White,41.937,0,0
3033,0.0,0,1,1,0,3,10,4,4,4,5,2,-4,-1,0.0,1,0,51500,3,11,12,White,0.513,0,0
3034,,,0,0,0,0,0,2,2,1,1,1,-4,0,,1,0,28525,3,12,13,White,31.324,-5,-5
3035,0.0,0,1,1,0,0,24,2,3,4,2,2,3,0,0.0,1,0,36750,6,8,11,White,8.449,-5,-5
3036,1.0,0,0,1,0,0,5,1,1,1,1,1,1,0,0.0,1,0,-3,4,11,12,Hispanic,-0.004,0,0
3037,0.0,0,0,0,0,0,3,2,2,1,1,1,-4,0,0.0,2,0,-3,4,11,12,Hispanic,38.465,0,0
3038,1.0,0,0,0,2,0,2,1,2,4,2,1,1,1,0.0,1,0,-3,4,14,17,White,96.007,0,0
3039,1.0,0,0,0,0,0,5,2,2,3,2,1,-4,0,0.0,2,0,107500,5,14,12,White,68.699,0,0
3040,1.0,0,0,0,0,1,25,2,2,5,4,1,-4,0,,2,0,50700,3,16,16,Other,79.452,0,-2
3041,1.0,0,0,0,0,0,9,2,2,2,1,1,-4,0,0.0,2,0,50700,3,16,16,Other,56.644,0,0
3042,0.0,0,0,0,0,0,3,1,2,3,1,1,-2,0,,1,1,1300,3,-3,11,White,60.5,-5,-5
3043,0.0,0,0,0,0,0,6,2,2,2,1,2,-4,0,,1,0,61501,4,-3,12,White,67.871,0,0
3044,0.0,0,1,1,0,0,35,2,2,4,3,2,-4,1,,1,0,262251,14,13,12,Black,-0.004,0,0
3045,1.0,0,0,0,0,0,1,2,2,2,1,1,-4,0,0.0,2,1,10000,6,12,12,White,47.417,0,-2
3046,1.0,0,0,0,0,1,4,2,3,4,4,2,5,0,0.0,2,0,60611,6,13,15,Black,11.812,0,0
3047,1.0,0,0,0,0,0,6,2,2,4,2,1,-2,0,0.0,2,0,65500,2,-3,18,White,94.347,0,-4
3048,1.0,0,0,0,2,0,46,3,1,4,3,2,3,0,,1,0,223500,4,12,12,White,49.691,0,0
3049,1.0,0,0,0,0,0,10,2,3,2,2,1,2,0,0.0,2,0,-3,5,20,18,White,87.781,-5,-5
3050,1.0,0,0,0,0,0,2,2,2,3,-2,-2,-4,0,,2,0,-3,5,20,18,White,74.363,-5,-5
3051,1.0,0,0,0,0,0,7,2,2,3,3,1,-4,0,0.0,2,0,-3,4,12,20,White,87.294,0,0
3052,0.0,0,0,0,0,0,20,2,1,4,5,2,-2,0,0.0,2,0,91500,4,18,12,White,42.899,0,0
3053,0.0,0,0,0,0,0,10,2,2,3,3,1,-4,0,0.0,1,0,91500,4,18,12,White,74.425,0,0
3054,0.0,0,0,0,1,5,24,2,2,2,1,1,2,1,1.0,2,0,24755,2,12,14,White,9.473,0,1
3055,1.0,1,0,0,0,1,3,3,3,4,1,1,-4,0,0.0,1,0,28000,4,11,12,White,39.081,0,0
3056,0.0,0,1,3,0,0,7,2,3,5,3,1,5,0,0.0,1,0,49621,5,10,12,White,14.785,0,0
3057,0.0,0,0,0,1,0,4,2,1,1,1,1,-4,1,0.0,1,0,49621,5,10,12,White,43.733,0,0
3058,1.0,0,0,0,0,0,2,2,1,3,1,1,-4,0,,1,0,7751,4,12,11,Other,-0.004,0,-4
3059,1.0,0,0,0,0,0,6,2,3,2,1,1,-4,0,0.0,1,0,71000,3,14,16,White,73.934,0,0
3060,1.0,0,0,0,0,0,1,2,3,2,3,1,4,0,,2,0,181800,5,12,12,White,27.095,0,0
3061,0.0,0,0,1,0,0,7,3,3,-2,-2,1,-2,0,,1,0,181800,5,12,12,White,27.696,-5,-5
3062,1.0,0,0,0,0,0,4,2,2,2,1,1,-4,0,,2,0,-3,4,13,12,White,37.19,-5,-5
3063,1.0,0,0,0,0,0,4,2,2,2,1,1,1,0,0.0,1,0,56500,5,12,12,White,24.107,-5,-5
3064,0.0,0,0,0,-2,0,3,2,2,-2,1,-2,-4,1,0.0,1,-4,21500,5,12,16,White,66.24,0,0
3065,0.0,0,1,0,5,1,-2,3,4,5,5,1,4,0,0.0,1,0,68300,3,8,12,White,6.849,0,0
3066,1.0,0,0,0,0,0,9,2,1,1,1,1,-4,0,0.0,2,1,56450,4,12,14,White,32.662,0,0
3067,0.0,0,0,0,0,0,2,2,2,3,3,1,3,0,0.0,2,0,63850,5,12,12,White,96.045,0,0
3068,1.0,0,0,0,0,0,10,2,2,1,1,1,-4,0,0.0,1,0,63850,5,12,12,White,46.865,0,0
3069,0.0,0,0,0,0,0,6,1,1,3,3,1,4,0,0.0,1,0,73916,3,12,16,White,-0.004,0,0
3070,1.0,0,0,0,0,0,0,3,3,3,4,1,2,1,,2,0,14500,4,12,11,White,28.542,0,0
3071,1.0,0,0,0,0,0,3,2,2,2,4,1,4,1,1.0,2,0,97005,4,14,19,White,99.131,-5,-5
3072,1.0,0,1,0,10,3,12,2,2,3,2,1,-4,0,1.0,1,0,97005,4,14,19,White,90.605,0,0
3073,1.0,0,0,0,0,0,1,2,2,3,4,1,3,0,0.0,2,0,135700,4,12,14,White,95.182,0,0
3074,1.0,0,0,0,0,0,5,2,1,2,1,1,-4,0,0.0,1,0,135700,4,12,14,White,75.222,0,0
3075,1.0,0,0,0,0,0,2,2,1,2,3,1,-2,0,0.0,1,0,157550,4,12,12,White,35.779,-5,-5
3076,1.0,0,0,0,0,0,5,2,2,1,1,1,-4,0,0.0,1,0,586250,3,12,14,Hispanic,85.574,0,0
3077,0.0,0,0,1,0,1,2,2,2,1,1,1,-4,1,0.0,1,0,181301,4,13,12,White,71.146,0,0
3078,0.0,0,0,0,0,0,4,2,1,2,2,1,-4,0,0.0,2,0,15300,2,12,12,Black,-0.004,0,0
3079,1.0,0,0,0,0,0,0,2,2,4,4,2,4,0,0.0,2,0,112500,4,18,16,White,79.945,0,0
3080,1.0,0,0,0,0,1,6,2,2,2,2,2,-4,1,0.0,1,0,112500,4,18,16,White,5.799,0,-2
3081,0.0,,0,0,0,0,0,2,1,4,3,1,2,0,,2,0,58300,6,12,12,White,60.684,-5,-5
3082,0.0,,0,0,2,1,1,2,2,1,1,1,-4,0,,1,0,35250,2,12,12,White,57.944,-5,-5
3083,1.0,0,1,0,20,3,6,2,4,5,4,1,-4,1,,2,0,343500,4,18,16,White,58.936,-5,-5
3084,1.0,0,0,0,0,0,10,1,1,1,1,1,1,0,0.0,1,0,155000,5,18,15,White,99.166,0,0
3085,1.0,0,0,0,0,0,1,1,1,1,1,1,-4,0,0.0,2,0,155000,5,18,15,White,79.022,0,0
3086,1.0,0,0,0,1,0,3,1,1,1,1,1,-4,0,0.0,2,0,47500,4,10,12,White,61.093,0,-4
3087,1.0,0,0,0,0,0,0,2,2,1,1,2,-4,0,0.0,2,0,68000,3,12,16,White,71.257,0,0
3088,1.0,0,0,0,0,0,1,2,2,2,1,1,-4,1,,1,-4,-4,3,20,16,White,-0.004,0,0
3089,1.0,0,0,0,0,0,2,2,1,4,4,1,2,1,1.0,1,0,172000,3,13,13,White,64.993,0,0
3090,1.0,1,0,0,0,0,5,2,2,4,3,1,4,0,0.0,1,0,314500,5,12,14,White,39.975,-5,-5
3091,1.0,0,0,0,5,1,10,1,2,1,1,1,-4,1,0.0,1,0,314500,5,14,14,White,62.72,0,0
3092,0.0,,0,0,0,0,1,2,2,1,1,1,-4,0,,1,0,146750,4,18,18,White,68.898,-5,-5
3093,0.0,0,0,0,0,0,4,2,2,3,2,1,2,1,0.0,2,0,230500,5,11,12,White,89.04,0,0
3094,1.0,0,0,0,0,0,3,2,2,4,3,1,2,0,0.0,1,0,104000,5,20,14,White,-0.004,0,0
3095,0.0,0,1,0,0,0,40,3,3,1,1,1,-4,1,,1,-4,50000,5,17,12,White,-0.004,0,0
3096,1.0,0,0,0,0,0,3,2,2,2,3,1,-4,0,1.0,2,-4,-4,3,12,13,White,-0.004,0,0
3097,0.0,0,1,0,0,0,1,1,3,-2,-2,-2,-2,0,0.0,1,0,16650,7,19,13,White,27.442,0,0
3098,0.0,1,0,0,0,0,0,1,1,1,1,1,-4,0,,1,0,16650,7,19,13,White,5.653,0,0
3099,1.0,0,0,0,0,0,1,2,1,2,1,1,-4,0,0.0,2,0,600000,4,18,14,White,69.261,0,0
3100,0.0,0,0,0,2,0,6,2,2,1,1,1,-4,0,,2,0,-3,2,12,12,Black,-0.004,0,-4
3101,0.0,0,1,2,0,0,15,2,2,2,1,1,4,0,,1,0,-40000,6,13,13,Black,-0.004,0,0
3102,0.0,0,1,6,0,4,3,2,4,3,4,4,4,0,,1,1,2650,4,6,12,Black,16.606,0,0
3103,0.0,0,0,0,0,1,0,3,2,1,1,1,-4,0,0.0,1,1,2650,4,6,12,Black,3.031,0,0
3104,0.0,0,0,0,-4,-4,-4,3,4,5,5,5,5,0,,1,1,500,2,12,11,Black,-0.004,0,0
3105,0.0,0,0,0,0,0,15,2,4,2,4,2,3,0,,2,0,1750,3,12,12,Black,-0.004,0,0
3106,1.0,0,1,0,0,0,5,2,2,4,1,2,2,0,0.0,1,0,277501,4,13,20,White,-0.004,0,0
3107,1.0,0,0,0,0,0,6,2,2,2,1,1,-4,0,0.0,1,0,-3,4,14,12,White,45.353,0,0
3108,0.0,0,1,0,0,2,2,4,1,3,3,1,1,0,0.0,1,-4,-4,6,4,6,Hispanic,0.578,0,0
3109,0.0,0,1,2,0,5,2,3,2,2,1,2,-4,0,0.0,1,-4,-4,6,4,6,Hispanic,-0.004,-2,0
3110,0.0,0,1,4,0,1,1,2,3,3,1,4,-4,0,0.0,1,0,87500,6,-3,14,White,27.23,0,0
3111,1.0,0,0,0,0,0,1,1,1,1,4,2,-2,0,0.0,1,-4,-4,5,12,8,Other,-0.004,-5,-5
3112,,,0,0,0,0,2,2,2,1,1,1,-4,0,,2,0,-3,3,12,12,White,45.267,-5,-5
3113,0.0,0,0,-3,1,1,2,2,3,4,1,4,-4,1,0.0,1,0,34300,5,12,14,Black,30.815,0,0
3114,0.0,0,0,0,0,0,3,4,4,3,3,1,5,0,,1,0,8450,4,-3,12,Black,-0.004,0,0
3115,1.0,0,0,0,2,0,6,3,2,1,1,1,1,0,,2,0,8450,4,-3,12,Black,-0.004,-5,-5
3116,0.0,0,0,0,0,0,10,2,4,3,4,4,3,0,,2,0,32250,6,10,11,Hispanic,17.958,0,0
3117,0.0,0,0,0,0,0,7,2,2,1,1,1,-4,0,,2,0,32250,6,10,11,Hispanic,21.198,0,0
3118,1.0,0,0,0,0,0,0,2,3,5,2,3,2,0,,2,0,-66050,5,-3,12,Black,-0.004,0,0
3119,0.0,1,1,0,0,0,8,1,1,4,2,2,4,0,1.0,1,0,6500,5,12,-3,White,-0.004,0,0
3120,0.0,0,1,1,0,0,2,2,1,4,3,1,-4,1,,1,0,6500,5,12,-3,White,60.471,-5,-5
3121,1.0,1,0,0,2,1,4,1,2,1,1,2,-4,0,1.0,1,0,7000,5,-3,13,White,87.268,0,0
3122,0.0,0,0,0,2,0,2,3,3,3,1,5,-4,0,0.0,1,0,33000,4,12,11,White,9.585,0,0
3123,0.0,0,0,0,0,0,10,2,3,1,1,1,-4,0,0.0,2,0,26750,4,13,12,White,41.619,0,0
3124,0.0,0,0,0,0,0,15,2,3,3,2,1,2,1,,2,-4,-4,4,-3,12,Black,-0.004,0,-4
3125,1.0,0,0,0,0,0,1,1,1,1,1,1,1,0,0.0,2,0,-5500,5,13,12,White,50.045,-5,-5
3126,0.0,0,1,2,1,1,-2,4,4,1,1,1,-4,0,0.0,2,0,9950,6,12,9,Other,-0.004,0,0
3127,0.0,0,1,3,0,4,10,1,2,1,1,1,-4,0,0.0,1,0,9950,6,12,12,White,29.232,-5,-5
3128,1.0,0,0,0,0,0,2,2,3,1,2,1,1,0,0.0,1,0,1750,3,12,14,White,60.604,0,0
3129,0.0,0,1,0,5,0,15,2,1,5,5,1,4,1,1.0,2,0,-3,8,12,12,White,53.892,0,0
3130,0.0,0,0,0,0,1,1,4,2,1,1,1,-4,0,0.0,1,0,-3,8,12,12,White,28.738,0,0
3131,1.0,0,0,0,0,0,6,2,1,1,2,1,1,0,,1,0,600000,3,14,14,White,62.278,-5,-5
3132,1.0,0,0,0,0,0,5,2,2,2,2,1,1,0,0.0,2,0,600000,4,14,15,White,78.804,0,0
3134,1.0,0,0,0,1,0,6,2,2,3,2,1,2,0,0.0,2,0,327000,6,16,16,White,-0.004,0,0
3135,0.0,1,0,0,0,0,0,2,1,1,1,1,-4,0,1.0,1,0,99500,5,12,14,White,56.789,0,0
3136,0.0,0,1,0,2,0,0,2,2,1,1,1,-4,1,0.0,1,0,99500,5,12,14,White,62.372,-5,-5
3137,0.0,0,0,0,0,0,6,2,3,3,3,2,-4,0,0.0,1,0,47900,5,10,11,White,58.233,0,0
3138,0.0,0,0,0,0,0,2,2,2,2,3,1,2,0,,1,0,314500,4,14,12,White,73.77,0,0
3139,0.0,0,0,1,0,1,6,2,2,4,4,1,2,1,0.0,1,0,-3,4,12,12,White,10.247,-5,-5
3140,1.0,0,0,0,0,0,0,2,2,4,3,2,2,0,0.0,2,0,-3,6,16,16,White,98.174,0,0
3141,1.0,0,0,0,0,0,1,2,1,1,1,1,-4,0,0.0,1,0,-3,6,16,16,White,94.264,0,0
3142,1.0,0,0,0,0,0,2,2,3,3,4,1,3,0,0.0,1,0,118500,4,12,12,White,94.536,0,0
3143,0.0,0,0,0,0,0,0,2,2,1,1,1,-4,0,,1,0,150500,4,17,12,White,64.015,-5,-5
3144,1.0,0,0,0,0,0,4,1,1,-2,-2,-2,-4,0,0.0,2,0,-3,3,14,15,White,86.623,0,0
3145,1.0,0,0,0,0,0,0,2,2,3,-2,-2,-2,0,1.0,1,0,66000,5,18,16,White,97.499,0,0
3146,1.0,0,0,0,0,1,4,3,2,3,2,1,3,0,0.0,1,0,144500,4,12,12,White,89.556,0,0
3147,0.0,,1,0,30,2,3,2,4,-2,-2,-2,-2,0,1.0,1,1,-3,3,-4,-4,Hispanic,98.597,0,-4
3148,1.0,0,0,0,0,0,0,2,1,1,1,1,1,0,0.0,2,0,-3,5,13,12,White,81.017,0,0
3149,0.0,0,0,0,0,0,0,2,2,1,1,1,1,0,0.0,1,0,-3,5,13,12,White,62.234,0,0
3150,0.0,0,1,0,3,1,1,2,1,3,2,2,-4,0,0.0,1,0,94000,4,12,9,White,31.961,0,0
3151,0.0,0,0,0,5,1,15,2,2,2,1,2,-4,0,0.0,2,0,94000,4,12,9,White,48.265,0,0
3152,0.0,0,0,0,1,0,0,3,3,1,-2,1,-4,-2,0.0,1,0,11750,2,-4,16,White,-0.004,0,0
3153,1.0,0,0,0,0,0,0,2,2,3,3,2,-2,0,0.0,2,0,-3,5,12,12,White,55.156,0,0
3154,1.0,0,0,0,0,0,4,2,2,2,4,1,3,0,0.0,1,0,119500,3,16,17,White,81.717,0,0
3155,1.0,0,0,0,0,0,2,2,2,3,4,2,4,0,0.0,2,0,-3,4,14,13,White,54.185,-5,-5
3156,1.0,0,0,0,0,0,1,1,3,1,1,1,-4,0,0.0,1,0,-3,3,12,16,White,87.586,0,0
3157,0.0,0,0,2,0,1,0,2,3,4,5,1,2,0,,1,-4,-4,5,16,15,White,-0.004,0,0
3158,0.0,,0,-3,0,1,7,3,3,4,4,2,-4,1,,1,-4,-4,5,16,15,White,-0.004,-5,-5
3159,1.0,1,0,0,0,0,10,2,3,4,4,2,4,0,1.0,2,0,22210,2,-3,15,White,36.451,0,0
3160,0.0,,0,0,0,0,10,2,1,5,3,3,4,0,,2,0,7750,2,12,11,White,-0.004,-5,-5
3161,1.0,0,0,0,0,0,0,2,3,3,2,1,2,0,,2,0,47500,3,12,12,White,73.582,0,0
3162,1.0,1,0,0,0,0,6,2,2,1,1,1,-4,0,0.0,2,0,25500,5,13,17,White,94.497,0,1
3163,0.0,0,1,1,3,0,1,2,2,4,3,1,3,0,0.0,1,0,277500,3,14,14,White,68.766,0,0
3164,0.0,0,0,2,0,0,4,2,1,3,2,1,-4,0,0.0,2,0,8250,4,16,16,White,-0.004,0,0
3165,0.0,0,0,0,0,0,4,2,2,4,3,2,-4,0,0.0,2,0,-1920,5,14,10,White,41.908,0,0
3166,1.0,0,0,0,0,0,5,2,3,2,2,1,2,0,0.0,2,0,-30360,5,12,16,White,88.756,0,0
3167,0.0,0,1,0,0,0,-2,2,2,2,1,1,-4,0,0.0,1,0,-6200,4,-3,16,White,77.472,0,-4
3168,0.0,0,1,0,1,0,5,4,3,2,1,1,-4,0,0.0,2,0,-6200,4,-3,16,White,45.885,-2,-4
3169,1.0,0,0,0,5,0,7,2,4,2,1,1,-4,0,0.0,2,0,-3,3,-3,15,White,47.838,0,-4
3170,1.0,0,0,0,0,0,14,2,3,4,5,2,-4,0,0.0,2,0,-3,2,9,15,White,84.131,0,0
3171,1.0,0,0,0,0,0,0,2,2,1,1,1,-4,0,0.0,1,0,43900,5,12,16,White,93.254,0,0
3172,0.0,0,0,0,0,0,15,2,1,1,1,2,-4,1,0.0,1,0,43400,3,10,10,Hispanic,4.712,0,1
3173,0.0,0,0,0,0,0,32,1,1,4,3,4,4,0,0.0,1,0,12700,5,10,12,White,21.919,0,-4
3174,0.0,0,1,1,0,0,3,2,2,1,1,2,-4,0,,1,0,12700,5,10,12,White,75.05,0,1
3175,1.0,0,0,0,0,0,1,1,2,2,3,1,1,0,0.0,2,0,800,5,12,13,White,71.666,0,-4
3176,1.0,0,0,0,0,0,1,1,1,2,1,1,-4,0,,1,0,800,5,12,13,White,83.592,0,0
3177,0.0,0,0,0,0,0,0,1,1,1,1,1,-4,0,0.0,2,0,800,5,12,13,White,83.901,0,-4
3178,0.0,1,0,0,-4,-4,-4,-4,-4,-4,-4,-4,-4,0,0.0,2,0,23550,6,13,15,Hispanic,18.75,0,0
3179,1.0,0,0,0,0,0,1,2,2,1,1,1,-4,0,0.0,2,0,23550,6,13,15,Hispanic,30.556,-5,-5
3180,1.0,0,0,0,0,0,0,1,2,4,4,1,4,0,0.0,2,0,493880,2,12,16,White,84.894,0,0
3181,1.0,0,0,0,1,0,-2,2,2,-2,-2,1,-2,0,0.0,1,0,50500,4,16,18,White,85.497,0,0
3182,0.0,0,0,0,0,0,0,2,2,3,2,1,-4,1,0.0,2,0,50500,4,16,18,White,61.002,0,1
3183,1.0,0,0,0,0,0,3,1,1,4,2,4,-4,0,0.0,2,0,23500,4,16,16,White,67.776,0,0
3184,0.0,1,0,2,0,0,3,2,1,3,3,2,1,0,1.0,1,0,63750,8,-3,-4,White,44.288,-5,-5
3185,0.0,,0,0,0,0,1,2,4,2,-2,1,-4,0,,2,-4,20700,8,14,-4,White,9.058,-5,-5
3186,1.0,0,0,0,0,0,3,2,2,2,3,1,3,0,0.0,2,0,162250,4,16,13,White,79.16,0,0
3187,1.0,0,0,0,0,0,2,2,3,2,2,1,-4,1,0.0,1,0,162250,4,16,13,White,58.19,0,0
3188,1.0,0,1,2,0,0,4,2,3,3,4,2,1,0,,2,0,48750,5,12,8,White,76.749,0,0
3189,1.0,0,0,0,0,0,3,2,3,4,4,2,2,0,1.0,2,0,377000,6,12,12,White,88.002,0,0
3190,0.0,0,0,0,0,0,2,2,3,4,5,3,-4,0,,2,0,377000,6,12,12,White,40.163,0,0
3191,,,0,0,0,0,1,3,1,1,1,1,-4,0,,1,0,-3,3,14,16,White,33.074,-5,-5
3192,1.0,0,0,0,0,0,1,2,2,3,4,2,3,0,0.0,2,0,534200,5,16,16,White,82.346,0,0
3193,1.0,0,0,0,0,0,-2,2,2,1,-2,-2,-4,0,0.0,1,0,534200,5,16,16,White,73.085,-5,-5
3194,1.0,0,0,0,0,0,1,2,1,1,1,1,-4,0,0.0,1,0,255500,5,14,17,White,88.323,0,0
3195,1.0,1,0,0,0,0,6,2,2,3,2,1,1,0,1.0,2,0,157500,3,18,14,White,82.388,0,0
3196,1.0,0,0,0,0,0,3,2,2,2,1,1,-2,0,0.0,2,0,280000,6,14,16,White,92.454,0,0
3197,1.0,0,0,0,0,0,0,2,3,2,3,1,1,1,0.0,1,0,280000,6,14,16,White,90.799,0,0
3198,1.0,0,0,0,0,0,0,2,2,1,1,1,-4,0,0.0,1,0,280000,6,14,16,White,91.889,-5,-5
3199,1.0,0,0,0,0,0,0,1,3,4,2,1,-4,0,1.0,2,1,9750,3,12,13,White,-0.004,0,0
3200,1.0,0,0,0,0,0,2,2,2,4,4,2,4,0,0.0,2,0,-3,4,12,12,White,21.559,0,0
3201,0.0,0,1,0,0,0,4,2,2,4,3,1,2,1,0.0,1,0,-3,4,12,12,White,57.247,-5,-5
3202,0.0,0,0,0,0,0,4,2,2,2,1,2,-4,0,0.0,1,0,29350,4,10,10,Other,14.531,0,0
3203,0.0,0,1,1,0,0,5,2,2,3,2,2,2,0,0.0,2,0,1200,5,-3,9,Hispanic,47.644,0,0
3204,0.0,1,1,4,0,1,3,3,2,3,2,1,-4,0,0.0,2,0,1200,5,12,9,Hispanic,14.199,0,0
3205,0.0,0,1,1,0,1,5,2,3,4,4,2,-4,1,,1,0,1500,6,20,10,White,17.277,-5,-5
3206,0.0,0,0,0,0,0,17,1,2,5,3,2,-4,0,0.0,2,0,12950,5,-3,15,Other,31.672,0,-4
3207,0.0,0,0,0,0,1,0,1,2,1,1,1,1,1,0.0,1,-2,3300,4,-4,-4,White,-0.004,0,0
3208,,,0,0,4,1,2,2,2,3,1,2,1,1,,1,0,3300,4,-4,-4,White,-0.004,-5,-5
3209,0.0,0,1,1,0,0,7,2,2,1,3,4,-4,-2,,1,1,3300,4,-4,-4,White,-0.004,0,0
3210,1.0,0,0,0,0,0,2,2,1,2,1,1,-4,1,0.0,2,0,228500,4,13,19,White,61.451,-5,-5
3211,1.0,0,0,0,0,0,1,2,3,3,2,1,-4,1,0.0,2,0,-3,5,16,18,White,52.748,0,0
3212,1.0,1,0,0,0,0,2,1,1,1,1,1,-4,1,0.0,1,0,65900,4,14,12,White,76.424,0,0
3213,1.0,0,0,0,0,0,2,1,1,3,1,1,-4,0,0.0,2,0,45500,8,-3,-3,White,78.499,0,0
3214,0.0,0,0,0,0,0,0,2,2,1,1,1,-4,0,0.0,2,0,142001,6,15,13,Hispanic,33.68,0,0
3215,1.0,0,0,0,0,0,3,1,3,3,2,1,2,0,0.0,1,0,139500,5,18,16,White,65.037,0,0
3216,1.0,0,0,0,2,0,5,3,3,1,1,1,-2,0,0.0,1,0,273400,5,16,18,White,89.207,0,0
3217,1.0,1,0,0,0,0,1,2,2,2,2,1,1,0,,1,0,600000,4,16,18,White,-0.004,0,0
3218,1.0,0,0,0,0,0,1,2,2,2,1,1,-4,0,,2,0,600000,4,16,18,White,-0.004,0,0
3219,1.0,0,0,0,0,0,0,1,2,3,1,1,-4,0,0.0,1,0,248000,3,12,12,Hispanic,56.849,0,0
3220,0.0,0,0,0,0,0,0,1,3,2,1,1,-4,0,0.0,1,0,84500,4,16,17,White,35.519,0,0
3221,1.0,0,0,0,0,0,20,2,2,3,2,1,1,0,0.0,2,0,32500,3,12,14,White,84.18,0,0
3222,1.0,0,0,0,3,0,5,2,3,4,3,1,2,1,0.0,1,0,-3,5,-4,15,White,92.761,0,0
3223,0.0,0,0,0,0,0,4,1,3,4,3,1,-4,0,,2,0,-3,5,-4,15,White,92.189,0,0
3224,0.0,0,0,0,0,3,8,2,2,2,1,1,-4,0,,1,0,600000,5,12,9,White,26.386,0,0
3225,0.0,0,0,0,0,0,6,1,1,4,4,1,4,0,1.0,2,0,109500,3,14,-3,White,16.435,0,0
3226,1.0,,0,0,1,1,4,3,4,5,3,-2,2,1,,1,0,600000,3,8,12,White,37.133,-5,-5
3227,0.0,0,0,0,0,0,4,1,2,3,2,1,3,0,,2,-4,-4,5,12,12,Hispanic,56.313,0,0
3228,0.0,0,0,0,0,0,2,2,1,4,2,1,-4,0,,2,-4,-4,5,12,12,White,78.114,0,0
3229,1.0,0,0,0,0,0,1,1,2,3,2,1,-4,0,0.0,2,-4,-4,5,12,-4,White,39.125,0,0
3230,0.0,0,0,0,0,0,2,2,1,2,2,1,3,0,0.0,2,0,61801,6,12,-3,White,44.238,0,0
3231,1.0,0,1,0,2,0,10,1,2,3,1,-2,-4,0,0.0,1,0,4102,4,9,14,White,28.894,0,-2
3232,1.0,0,0,0,0,0,9,1,2,-2,-2,-2,-4,0,1.0,2,0,4102,4,9,14,White,21.891,0,0
3233,1.0,0,0,0,0,0,11,2,3,4,4,1,5,0,,2,0,4500,3,10,-3,White,60.274,0,0
3234,0.0,,0,0,0,0,1,1,4,1,4,1,4,0,1.0,1,-4,-4,3,-3,12,White,0.549,-5,-5
3235,0.0,0,0,0,0,0,30,3,4,3,4,-2,3,0,,2,-4,-4,2,14,12,White,88.646,0,0
3236,1.0,0,0,0,0,0,0,2,2,2,2,1,-4,0,0.0,2,-4,-4,3,12,13,White,47.872,-5,-5
3237,1.0,0,0,0,0,0,4,1,1,2,1,1,2,0,0.0,2,0,152500,4,12,18,White,83.489,0,0
3238,1.0,0,0,0,0,0,0,1,1,4,3,2,2,0,0.0,2,0,600000,4,16,12,White,91.429,0,0
3239,0.0,0,0,0,0,0,5,2,2,2,1,1,-4,0,0.0,2,0,600000,4,16,12,White,89.391,0,0
3240,0.0,0,0,0,0,0,2,2,3,4,3,2,-4,0,0.0,2,0,270500,5,12,12,White,30.508,0,0
3241,0.0,0,0,0,3,0,10,2,3,4,2,2,-4,0,,2,0,-3,4,-3,14,Hispanic,31.03,0,0
3242,1.0,0,0,0,0,0,3,3,3,3,1,1,-4,0,0.0,2,0,84200,3,16,16,White,66.357,0,0
3243,0.0,0,0,0,0,0,7,1,3,4,3,2,3,0,,2,0,194500,2,18,16,Hispanic,-0.004,0,0
3244,1.0,0,0,0,0,0,2,2,2,3,2,3,3,0,0.0,1,0,-300,6,12,12,White,99.656,-5,-5
3245,1.0,0,0,0,2,1,0,3,1,1,1,1,-4,0,0.0,1,0,-1250,3,10,10,White,-0.004,-5,-5
3246,0.0,,0,0,7,1,0,2,2,3,4,2,5,0,,1,0,23671,3,13,12,Black,41.965,-5,-5
3247,0.0,0,0,0,0,0,0,2,2,4,3,2,3,1,,1,0,117001,5,15,13,White,33.802,0,0
3248,1.0,0,0,0,0,0,2,2,2,3,2,1,3,0,1.0,2,0,45500,4,16,12,White,84.788,0,0
3249,1.0,0,0,0,2,0,5,2,3,2,4,2,4,0,,2,0,73750,2,18,12,White,70.263,1,0
3250,1.0,0,0,0,0,0,-2,2,1,4,5,1,3,0,0.0,2,0,41550,7,12,12,White,62.034,0,0
3251,1.0,0,0,0,0,0,3,2,1,2,1,1,-4,0,0.0,2,0,41550,7,12,12,Other,84.136,0,0
3252,1.0,0,0,0,0,0,1,1,1,3,1,1,-4,0,0.0,2,0,41550,7,12,12,Other,80.985,0,0
3253,1.0,0,0,0,1,4,0,2,3,2,1,1,-4,1,1.0,1,0,-3,4,13,16,White,35.741,0,0
3254,0.0,0,0,0,0,0,30,2,3,4,4,1,4,1,1.0,2,0,50100,4,13,12,White,16.615,0,0
3255,0.0,0,0,0,0,0,3,2,3,4,4,2,2,0,1.0,2,0,17000,5,14,13,White,61.634,0,0
3256,0.0,0,0,0,2,0,0,2,2,1,1,1,-4,0,0.0,1,0,17000,5,14,13,White,61.863,0,0
3257,1.0,0,0,0,0,0,3,2,2,2,2,1,3,0,0.0,2,0,168500,3,12,-4,White,81.12,-5,-5
3258,1.0,0,0,0,0,0,6,2,2,3,3,1,2,0,0.0,1,0,53300,4,16,13,White,53.053,0,0
3259,0.0,0,0,0,0,0,-2,2,2,4,4,-2,1,1,0.0,1,0,-3,4,12,15,White,40.237,0,0
3260,0.0,0,0,0,0,0,1,2,3,2,1,1,-4,0,,1,0,89000,3,14,14,White,2.258,0,0
3261,0.0,0,0,0,0,0,8,2,1,4,3,1,3,0,0.0,2,0,54500,5,15,14,White,43.619,0,0
3262,0.0,0,0,0,0,0,3,2,1,2,1,1,-4,0,0.0,1,0,54500,5,15,14,White,-0.004,-5,-5
3263,0.0,0,0,0,0,0,8,1,2,2,1,1,2,0,0.0,1,1,5750,3,12,12,White,51.326,0,0
3264,1.0,,0,0,0,0,0,2,2,3,4,1,2,0,,2,0,-58500,3,18,12,Asian,61.841,-5,-5
3265,0.0,,0,0,0,0,6,1,2,2,1,1,3,0,,2,0,-3,3,12,12,White,86.568,-5,-5
3266,1.0,0,0,0,0,0,2,3,2,3,2,1,2,0,,1,0,9000,3,12,12,White,66.661,0,0
3267,1.0,0,0,0,0,0,2,2,2,4,4,1,2,1,0.0,2,0,61250,5,-4,12,White,82.886,0,0
3268,0.0,0,0,0,0,0,5,2,4,4,2,1,4,1,0.0,2,0,28600,5,10,10,White,21.493,-5,-5
3269,0.0,0,0,0,0,1,30,4,3,4,3,2,-4,0,0.0,1,0,28600,5,10,10,White,0.892,0,0
3270,0.0,0,1,0,0,0,10,2,4,4,5,3,4,0,0.0,1,0,57500,3,16,16,White,40.136,0,0
3271,0.0,0,0,0,0,0,10,4,4,2,2,2,4,1,1.0,1,0,3000,4,12,16,White,41.925,-5,-5
3272,0.0,0,0,0,0,0,5,2,2,3,3,2,-4,0,0.0,2,0,3000,4,12,16,White,44.607,0,0
3273,1.0,0,0,0,0,0,5,2,4,5,3,2,3,0,1.0,1,0,10785,2,20,15,White,88.94,0,0
3274,0.0,0,0,1,0,1,2,2,2,3,4,1,4,0,0.0,1,0,114400,4,12,12,White,35.38,0,0
3275,0.0,0,0,0,0,0,1,2,2,4,4,1,2,0,,1,0,154500,3,12,12,White,-0.004,0,0
3276,1.0,0,0,0,0,0,0,2,2,2,1,1,-4,0,0.0,2,0,-3,4,13,18,White,80.684,0,0
3277,1.0,0,0,0,0,0,1,2,1,3,3,2,2,0,,2,0,122800,3,14,12,White,46.521,-5,-5
3278,,,0,0,0,0,0,1,2,2,1,1,-4,0,,2,0,122800,3,14,12,White,4.316,-5,-5
3279,1.0,0,0,0,0,0,6,1,1,2,1,1,-4,0,0.0,2,0,72500,4,15,19,White,90.299,0,0
3280,0.0,,0,0,0,0,20,2,2,4,4,1,3,0,,2,0,78000,4,12,13,White,50.26,-5,-5
3281,1.0,0,0,0,0,0,2,2,2,1,1,1,-4,0,0.0,1,0,371000,3,16,12,White,90.82,0,0
3282,1.0,0,0,0,0,0,2,2,2,3,2,1,-4,0,0.0,2,0,230500,4,16,18,White,25.97,0,0
3283,1.0,0,0,0,2,0,0,2,1,3,1,1,1,0,0.0,1,0,85500,4,20,16,White,74.688,0,0
3284,1.0,0,0,0,0,0,0,2,2,1,1,1,-4,0,0.0,2,0,72250,4,10,12,White,93.718,0,0
3285,0.0,0,0,0,0,0,2,2,2,1,1,1,-4,0,0.0,1,0,2500,5,12,11,White,15.063,0,-2
3286,0.0,0,0,0,0,0,6,2,2,1,1,3,-4,0,1.0,1,0,1750,4,5,7,White,-0.004,0,0
3287,1.0,0,0,0,0,0,2,1,2,3,2,2,2,0,0.0,1,-4,-4,4,-3,-3,Other,64.763,0,0
3288,1.0,0,0,0,1,0,1,1,2,1,1,1,-4,0,0.0,2,-4,-4,4,-3,-3,Other,84.513,0,0
3289,0.0,0,0,2,0,0,7,4,2,5,2,1,2,0,0.0,1,0,10504,2,13,-3,White,7.924,-2,0
3290,0.0,0,0,1,0,10,2,2,1,5,1,4,-4,0,1.0,1,0,4550,4,10,9,White,23.803,0,0
3291,0.0,0,0,0,0,0,3,2,2,-2,-2,1,-2,0,,2,0,2500,4,9,12,White,31.503,0,-2
3292,0.0,1,1,4,1,0,3,2,1,-2,-2,-2,-4,1,1.0,2,0,2500,4,9,12,White,31.955,-5,-5
3293,1.0,0,0,0,1,0,5,2,3,4,4,2,4,1,1.0,1,0,72500,4,12,9,White,65.744,0,0
3294,0.0,0,1,0,1,0,5,2,2,3,2,1,3,1,,1,0,-3,3,12,16,White,-0.004,0,0
3295,1.0,0,0,0,0,0,0,2,2,3,4,1,3,0,0.0,2,0,1780,2,14,14,White,-0.004,0,0
3296,0.0,0,0,0,2,0,14,3,4,3,1,3,3,0,0.0,2,0,25500,5,9,9,White,4.519,0,0
3297,0.0,1,0,0,0,0,9,2,2,1,1,1,-4,0,0.0,2,0,55200,4,12,12,Black,36.832,0,0
3298,0.0,0,0,0,0,0,6,3,3,4,2,1,3,0,0.0,2,0,-8250,6,11,10,Black,-0.004,0,1
3299,0.0,0,1,3,-4,-4,-4,1,1,5,3,1,5,0,0.0,1,0,-8250,6,10,10,Black,0.764,-5,-5
3300,0.0,0,0,0,1,1,2,2,2,1,1,1,-4,0,1.0,1,0,6250,4,11,13,Black,55.855,0,0
3301,0.0,0,0,0,0,0,1,2,1,1,1,1,-4,0,0.0,1,0,9150,4,9,13,Black,-0.004,0,-2
3302,0.0,0,0,0,0,0,13,1,2,1,1,2,-4,0,0.0,2,0,21175,4,-3,11,White,45.882,0,0
3303,1.0,0,1,0,0,0,0,2,2,4,2,3,-4,0,0.0,2,0,75500,3,12,9,White,30.856,0,0
3304,1.0,0,0,0,0,0,5,2,2,2,1,1,1,0,,1,0,14500,3,8,8,White,-0.004,0,0
3305,1.0,0,0,0,0,0,2,2,2,4,1,1,-4,0,0.0,1,0,4750,2,12,12,Black,12.919,0,0
3306,1.0,0,0,0,0,0,0,2,2,4,3,2,2,0,,2,0,53500,3,12,12,White,-0.004,0,0
3307,1.0,0,0,0,5,0,8,1,3,4,3,4,4,0,0.0,2,0,16350,3,12,12,White,-0.004,0,0
3308,0.0,0,0,0,2,0,0,2,2,4,2,1,3,1,1.0,2,0,150700,4,12,12,White,55.886,0,0
3309,0.0,0,0,0,1,1,2,3,2,5,2,1,3,1,0.0,1,-4,-4,4,8,8,White,-0.004,-5,-5
3310,0.0,0,1,1,0,0,3,2,2,5,5,1,4,0,0.0,1,0,54500,5,12,14,White,34.132,0,0
3311,0.0,0,1,0,0,0,3,2,2,2,1,2,-4,0,0.0,1,0,54500,5,12,14,White,57.45,0,0
3312,0.0,0,0,0,0,0,3,2,3,3,3,1,3,0,0.0,2,0,144500,4,12,16,White,25.769,0,0
3313,0.0,0,0,0,0,0,1,2,2,1,1,1,-4,0,0.0,2,0,144500,4,12,16,White,24.59,0,0
3314,0.0,,1,0,0,5,3,4,2,5,5,3,5,0,1.0,1,0,73550,4,8,12,White,-0.004,-5,-5
3315,0.0,0,0,0,1,0,0,2,2,1,1,1,2,1,0.0,1,0,38020,5,-3,10,White,62.351,0,1
3316,0.0,0,0,2,0,0,1,1,1,3,2,1,-4,0,0.0,2,0,38020,5,-3,10,White,93.703,0,-4
3317,0.0,0,0,1,0,0,3,2,2,1,1,1,-4,0,0.0,2,0,38020,5,-3,10,White,43.625,0,0
3318,0.0,0,0,0,0,0,1,1,2,1,1,1,-4,0,0.0,2,0,26575,6,12,12,White,42.601,-5,-5
3319,1.0,0,0,0,3,0,2,2,3,4,1,2,2,0,0.0,2,0,11615,2,12,12,White,2.648,0,0
3320,1.0,0,0,0,0,0,1,2,2,1,1,1,1,0,,2,0,21000,2,12,12,White,-0.004,0,0
3321,0.0,0,1,0,0,0,30,3,4,5,3,3,4,0,0.0,1,-4,-4,5,-3,14,White,27.152,0,0
3322,0.0,0,0,0,2,0,5,1,1,1,1,1,-4,0,0.0,1,0,367200,4,12,14,White,31.24,0,0
3323,1.0,0,0,0,0,0,7,2,3,3,4,1,4,0,,2,-4,-4,2,12,12,White,11.054,0,0
3324,1.0,0,0,0,0,0,0,3,3,4,3,1,2,0,0.0,2,0,517001,3,12,20,White,68.552,0,0
3325,0.0,0,0,0,0,0,1,2,1,1,2,1,1,0,0.0,1,0,600000,5,20,18,White,98.744,0,0
3326,1.0,1,0,0,1,0,0,1,1,4,2,2,4,1,1.0,2,0,-5298,2,14,12,Black,43.622,0,0
3327,0.0,0,1,1,0,0,10,2,4,4,3,1,4,0,0.0,1,0,76101,2,12,12,White,-0.004,0,0
3328,0.0,0,0,0,0,0,3,3,4,3,2,1,3,0,,1,0,332251,4,12,12,White,21.859,0,0
3329,0.0,0,0,0,0,0,5,2,2,1,1,1,-4,0,0.0,2,0,147101,4,12,10,White,34.162,0,-4
3330,1.0,0,0,0,0,0,4,1,2,4,2,1,2,0,,1,-4,-4,4,12,12,White,-0.004,-5,-5
3331,1.0,,0,0,0,0,1,2,2,4,3,2,-4,0,,2,-4,-4,4,12,12,White,-0.004,-5,-5
3332,0.0,0,1,0,10,0,0,2,2,4,1,2,-4,1,1.0,1,0,151300,5,10,12,White,57.429,0,-2
3333,0.0,0,1,0,2,0,3,1,2,1,1,1,-4,0,0.0,1,-4,-4,5,10,12,White,30.495,0,-4
3334,0.0,0,0,0,0,0,7,2,1,5,5,3,4,0,,2,0,-3,4,12,12,White,31.709,0,0
3335,0.0,1,0,0,0,0,12,2,2,3,3,3,3,0,0.0,1,0,20300,2,-4,12,White,23.29,0,-4
3336,0.0,0,0,0,0,1,13,2,2,1,1,2,-4,1,,1,0,12000,7,-3,5,Hispanic,-0.004,0,0
3337,1.0,1,0,0,0,0,9,2,2,4,3,2,1,0,0.0,2,0,8500,6,12,7,Hispanic,-0.004,0,0
3338,1.0,0,0,0,0,0,9,2,3,1,1,2,-4,0,0.0,1,0,8500,6,12,7,Hispanic,-0.004,0,0
3339,0.0,0,0,0,0,0,9,3,2,4,3,3,-4,0,,2,0,8500,7,7,7,Hispanic,19.039,-5,-5
3340,0.0,0,1,1,2,2,2,2,2,2,1,1,-4,0,0.0,1,0,34400,5,9,12,White,10.959,0,-4
3341,1.0,0,0,0,0,0,5,1,2,1,1,1,-4,0,0.0,1,0,104500,5,16,16,Hispanic,87.121,0,0
3342,0.0,,1,0,0,0,9,2,3,4,4,2,5,0,,2,0,-74140,5,16,14,White,72.462,-5,-5
3343,0.0,0,0,0,0,0,0,2,2,4,2,2,-4,0,0.0,1,0,-74140,5,12,14,White,7.475,0,0
3344,0.0,0,0,0,0,1,3,3,2,3,1,2,-4,0,0.0,1,0,-74140,5,16,14,White,11.32,-5,-5
3345,1.0,0,0,0,0,0,5,3,2,3,4,1,3,0,0.0,2,0,-3,4,12,12,Hispanic,64.152,0,0
3346,1.0,0,0,0,0,0,6,3,2,3,3,1,2,0,0.0,2,0,-3,4,12,12,Hispanic,50.607,0,0
3347,0.0,0,0,0,0,0,2,1,2,1,1,1,-4,0,0.0,1,0,89500,5,13,12,White,94.169,0,0
3348,0.0,0,0,0,6,5,4,3,3,3,3,2,3,0,1.0,2,0,66965,3,12,14,White,75.015,0,0
3349,0.0,0,0,0,6,0,2,2,3,3,2,1,-4,1,0.0,2,0,66965,3,12,14,White,96.275,0,0
3350,0.0,0,0,0,0,0,3,3,2,3,2,1,5,0,,1,-2,224500,6,12,12,White,31.77,0,0
3351,0.0,1,1,3,1,1,4,1,3,5,3,3,-4,0,,1,-4,333500,6,12,12,White,48.686,0,0
3352,0.0,0,0,0,1,1,10,2,2,3,2,1,-4,1,,1,0,224500,6,12,12,White,15.437,0,0
3353,1.0,0,0,0,1,0,1,2,2,5,1,3,-4,0,0.0,2,0,319500,3,12,2,Hispanic,35.023,0,0
3354,1.0,0,0,0,0,0,0,1,1,1,1,1,1,0,,1,0,3100,4,15,13,White,45.835,0,0
3355,0.0,0,0,0,0,0,4,2,2,2,3,1,4,0,,2,0,3100,4,15,13,White,77.827,0,0
3356,1.0,0,1,1,0,0,8,2,2,2,1,1,-4,1,0.0,1,0,10000,4,12,10,White,-0.004,0,0
3357,1.0,,0,0,0,0,5,1,1,1,1,1,-4,0,,2,-4,-4,5,-3,-3,White,-0.004,-5,-5
3358,0.0,0,1,0,0,0,5,2,2,3,2,2,3,0,0.0,2,0,500,6,12,12,White,-0.004,0,-2
3359,1.0,1,0,0,10,0,6,2,3,4,2,3,-4,0,1.0,1,0,500,6,12,12,White,-0.004,0,1
3360,1.0,0,0,0,0,1,6,3,2,5,3,3,-4,0,,2,0,6150,2,3,8,Hispanic,7.575,0,0
3361,0.0,0,1,1,3,0,1,3,4,5,5,4,-4,1,0.0,2,0,133501,3,12,12,White,17.515,0,0
3362,0.0,0,0,1,5,8,0,3,2,1,1,1,-4,0,,1,0,500,4,11,8,Hispanic,-0.004,0,0
3363,1.0,0,0,0,0,0,0,2,2,3,4,1,3,0,0.0,2,0,27000,4,12,14,White,83.854,-5,-5
3364,1.0,0,0,0,0,0,2,2,2,2,1,1,-4,0,0.0,2,0,27000,4,12,14,White,83.691,-5,-5
3365,1.0,0,0,0,3,0,7,1,2,2,1,1,-4,0,0.0,2,0,7500,5,12,12,White,13.563,0,0
3366,0.0,0,1,1,0,2,5,3,1,2,1,1,-4,0,0.0,1,0,4950,4,12,12,White,66.508,0,0
3367,0.0,0,0,0,0,1,1,2,2,4,5,2,3,0,0.0,1,0,105500,3,9,12,White,6.538,0,0
3368,0.0,0,0,0,0,0,2,1,2,1,1,1,-4,0,0.0,2,0,93750,4,16,14,White,72.939,0,0
3369,1.0,0,0,0,0,0,5,1,2,2,2,2,3,0,0.0,1,0,17750,3,-4,12,White,99.552,0,0
3370,1.0,0,0,0,0,0,5,2,2,1,1,1,-4,0,,1,0,183301,4,12,12,White,50.727,0,0
3371,1.0,,0,0,0,0,3,1,2,1,1,1,-4,0,,2,0,183301,4,12,12,White,43.143,-5,-5
3372,0.0,0,0,0,0,0,6,2,1,1,1,1,-4,1,0.0,1,0,295000,4,13,16,White,55.907,-5,-5
3373,0.0,,0,0,0,0,6,2,2,1,1,1,-4,0,,1,0,295000,4,13,16,White,38.959,-5,-5
3374,1.0,0,0,0,0,0,3,2,2,3,3,2,4,1,0.0,1,0,345000,4,12,12,White,69.915,0,0
3375,0.0,,0,0,0,0,1,2,2,1,1,1,-4,0,,2,0,345000,4,12,12,White,49.101,-5,-5
3376,0.0,0,0,0,0,0,3,1,1,1,1,1,-4,0,,2,0,146500,5,13,14,Hispanic,75.979,0,0
3377,1.0,0,0,0,3,1,0,2,2,1,1,1,-4,1,0.0,2,0,107900,3,15,20,White,92.301,-5,-5
3378,1.0,0,0,0,0,0,9,2,3,1,1,1,-4,0,0.0,1,0,95750,4,15,13,White,74.05,-5,-5
3379,1.0,0,0,0,0,0,0,2,2,2,2,1,-4,0,0.0,1,0,120250,5,18,16,White,89.321,0,0
3380,1.0,0,0,0,0,0,0,1,1,1,1,1,-4,0,0.0,2,0,120250,5,18,16,White,74.176,0,0
3381,1.0,0,1,0,2,0,10,2,4,3,4,2,-4,0,,2,0,87500,3,19,18,White,63.134,0,0
3382,0.0,0,1,0,3,2,2,2,2,4,2,3,-4,0,0.0,1,0,8500,7,8,5,Hispanic,2.486,0,0
3383,1.0,0,0,0,0,0,1,2,3,4,4,2,4,1,0.0,2,-4,-4,4,8,8,Black,57.328,-5,-5
3384,0.0,1,1,0,0,0,21,3,3,5,4,2,4,-3,0.0,1,0,9000,9,95,11,Black,7.723,0,1
3385,0.0,0,1,2,0,0,37,2,2,5,5,3,-4,0,0.0,1,0,9000,9,12,11,Black,13.75,0,-2
3386,1.0,0,0,0,0,0,6,2,2,3,2,1,2,0,,1,0,114500,4,9,16,Black,45.519,0,0
3387,0.0,0,1,0,1,0,0,3,2,2,3,2,-4,1,1.0,1,0,54000,3,9,14,Hispanic,25.137,-5,-5
3388,1.0,0,0,0,0,0,3,2,2,1,1,1,-4,0,,1,-4,-4,4,14,16,Black,71.226,0,0
3389,0.0,0,0,3,0,0,3,2,2,1,1,2,-4,0,0.0,1,0,-3,3,-3,-3,Black,16.319,0,0
3390,0.0,0,0,0,0,0,5,2,2,2,3,-2,-4,0,,1,0,-3,4,12,14,White,27.976,0,0
3391,1.0,0,0,0,0,0,7,2,2,2,1,1,-4,0,0.0,2,0,-3,4,12,14,White,78.004,0,0
3392,0.0,0,1,2,0,0,21,3,2,5,4,4,4,0,,1,-4,-4,4,12,7,Hispanic,1.513,0,0
3393,1.0,0,0,0,0,0,1,1,2,3,2,1,-4,0,,2,0,104150,2,16,16,Black,-0.004,0,-4
3394,1.0,0,0,0,0,0,1,2,2,2,3,2,2,0,0.0,1,0,-3,6,16,12,Hispanic,-0.004,0,0
3395,1.0,0,0,0,0,0,0,1,2,3,2,2,-4,0,0.0,1,0,-3,6,16,12,Hispanic,-0.004,0,0
3396,,,0,0,0,0,0,2,2,3,2,2,2,0,,1,0,-10250,3,11,12,White,54.965,-5,-5
3397,0.0,0,0,0,0,0,-2,3,3,5,4,2,-4,0,,2,0,-10250,3,11,12,White,47.078,-5,-5
3398,1.0,0,0,0,0,0,0,2,2,1,1,-2,-4,0,0.0,2,1,68500,3,18,15,Black,81.534,0,0
3399,1.0,0,1,0,1,0,1,2,1,1,1,2,-4,0,0.0,1,-4,-4,4,16,16,White,23.069,0,0
3400,0.0,0,0,0,0,0,3,2,3,3,3,1,3,0,,1,0,4500,4,10,11,White,15.042,0,0
3401,0.0,0,0,0,0,1,6,2,3,5,3,1,1,0,0.0,2,0,4500,4,-4,-3,White,-0.004,0,0
3402,0.0,0,0,0,0,0,5,2,2,4,3,2,2,0,0.0,2,0,17200,5,12,14,White,11.559,0,0
3403,0.0,0,0,0,0,0,12,2,2,3,4,1,-4,0,,2,0,17200,5,12,14,White,8.051,0,0
3405,0.0,0,0,0,1,0,4,2,2,1,1,4,-4,0,0.0,2,-4,-4,5,12,13,White,8.263,0,0
3406,1.0,1,1,0,15,0,0,1,2,5,4,3,-4,1,1.0,2,0,-3,4,12,12,White,88.617,0,0
3407,1.0,1,0,0,0,0,3,2,3,3,1,1,1,0,,1,1,-3,4,14,13,White,11.115,0,0
3408,0.0,0,0,0,0,0,1,1,1,2,1,1,-4,0,0.0,2,0,87500,3,12,14,White,87.285,-5,-5
3409,1.0,0,1,0,1,0,0,1,1,3,1,1,-4,0,0.0,1,0,27500,3,12,13,Black,32.655,0,-2
3410,1.0,,1,0,1,0,2,2,1,2,1,1,-4,0,0.0,2,0,206500,3,12,12,White,91.285,0,0
3411,1.0,0,0,0,0,0,3,2,2,1,1,1,2,0,0.0,2,0,-3,3,16,16,Black,76.81,0,0
3412,0.0,0,0,0,0,0,0,1,1,4,1,1,-4,1,1.0,1,0,39500,3,16,15,White,-0.004,0,0
3413,0.0,0,0,0,0,0,2,1,2,1,1,1,1,0,0.0,2,0,212500,4,12,16,White,43.09,0,0
3414,1.0,0,0,0,2,0,3,2,2,2,1,1,-4,0,0.0,2,0,600000,3,-3,14,White,79.631,0,0
3415,1.0,0,0,0,0,0,2,2,3,1,1,1,-4,0,0.0,2,0,101500,6,13,14,White,92.137,0,0
3416,1.0,0,0,0,0,0,0,2,2,4,3,2,3,0,0.0,2,0,455000,3,15,14,White,69.116,0,0
3417,1.0,0,0,0,0,0,1,2,2,1,1,1,-4,0,0.0,2,0,325500,3,12,16,White,81.812,0,0
3418,1.0,0,0,0,0,0,1,2,1,3,1,1,-4,0,0.0,1,0,157500,4,16,18,White,50.379,0,0
3419,1.0,1,0,0,0,0,2,2,2,2,1,1,-4,0,0.0,1,0,157500,4,16,18,White,44.46,0,0
3420,,0,0,0,0,0,0,3,3,5,4,2,-4,0,0.0,2,0,47900,4,13,13,White,-0.004,0,0
3421,0.0,0,0,0,0,0,0,2,1,2,1,1,-4,0,0.0,1,0,47900,4,13,13,White,-0.004,-5,-5
3422,1.0,0,0,0,1,0,2,2,2,3,2,1,-4,0,0.0,2,0,-3,4,16,16,White,89.78,0,0
3423,1.0,0,1,0,10,1,7,4,4,5,5,1,5,0,,2,0,-3,4,13,18,White,42.485,-5,-5
3424,1.0,0,0,0,50,20,7,2,2,5,4,3,-4,1,,1,0,-3,4,13,18,White,14.372,-5,-5
3425,0.0,0,0,0,0,0,6,4,3,2,1,1,-4,0,0.0,1,0,3750,4,12,12,White,35.128,0,-2
3426,0.0,0,0,0,-4,-4,-4,4,4,3,3,3,4,0,,2,-4,-4,3,-3,-3,White,40.241,0,0
3427,0.0,0,0,0,0,0,2,2,2,3,3,2,3,0,0.0,2,-4,-4,3,16,9,White,-0.004,0,0
3428,0.0,0,0,0,2,0,4,2,1,4,5,2,-4,1,0.0,2,0,8250,5,7,8,White,-0.004,0,0
3429,0.0,0,0,0,0,0,3,2,2,2,1,1,-4,0,0.0,2,0,25550,4,12,15,Other,71.505,0,0
3430,0.0,1,0,0,5,0,3,2,2,4,5,1,-4,0,1.0,2,0,22500,2,12,12,White,-0.004,0,0
3431,0.0,0,0,0,2,0,0,1,3,2,1,1,-4,1,0.0,2,-4,-4,4,-4,-3,Other,73.029,0,0
3432,0.0,0,1,0,0,0,0,2,3,2,1,2,-4,0,0.0,2,-4,-4,4,-4,-3,Other,55.273,0,0
3433,0.0,1,0,2,0,2,0,2,1,1,1,1,-4,1,,1,0,-3,7,12,14,Black,-0.004,0,0
3434,1.0,0,0,0,0,0,2,2,2,4,4,2,3,0,,1,0,110500,5,13,13,White,58.17,-5,-5
3435,1.0,0,0,0,20,0,4,2,2,1,1,2,-4,1,0.0,1,0,250000,4,14,16,White,98.665,0,0
3436,0.0,0,1,0,3,1,22,2,2,2,2,1,-4,0,0.0,1,0,9200,4,9,10,White,9.031,0,0
3437,0.0,0,0,0,0,0,15,2,3,2,1,1,-4,0,0.0,2,-4,17500,4,-3,12,White,42.191,-5,-5
3438,0.0,0,0,0,10,5,7,4,4,5,4,1,-4,1,0.0,2,1,2250,5,8,10,White,0.501,0,0
3439,0.0,1,1,1,11,6,7,2,4,4,1,5,-4,1,0.0,1,1,2250,5,8,10,White,67.89,0,0
3440,0.0,0,0,0,0,0,2,2,2,1,1,4,-2,1,1.0,1,0,26100,5,13,12,White,2.115,0,0
3441,1.0,0,0,0,0,0,0,2,2,4,3,1,2,0,0.0,2,0,600000,5,16,16,White,59.77,0,0
3442,0.0,1,0,0,1,0,13,2,2,3,3,1,3,0,0.0,2,-4,-4,6,13,14,White,-0.004,0,0
3443,1.0,0,0,0,0,0,3,2,2,2,1,1,-4,0,1.0,2,0,2250,4,8,12,White,88.535,0,0
3444,0.0,0,0,0,0,0,9,2,2,4,3,3,-4,0,0.0,2,0,-1150,6,12,9,White,-0.004,0,0
3445,0.0,0,0,0,0,0,4,4,3,4,3,1,3,0,0.0,2,0,52530,3,-4,11,Black,20.265,0,0
3446,1.0,0,0,0,0,0,2,2,4,4,4,1,3,0,0.0,1,1,365001,4,-3,-3,White,59.384,0,0
3447,1.0,0,0,1,0,0,3,2,2,1,1,2,-4,0,0.0,1,1,365001,4,-3,-3,White,37.346,0,0
3448,1.0,,0,0,0,0,4,2,2,3,4,2,3,0,,1,1,98800,4,13,13,White,93.528,-5,-5
3449,1.0,0,0,0,0,0,6,2,4,3,4,1,3,1,0.0,1,0,-3,3,12,16,White,48.583,0,0
3450,0.0,0,0,3,0,0,3,1,2,3,3,2,4,1,0.0,1,1,-3,4,12,14,White,63.545,0,0
3451,0.0,0,1,1,0,0,2,2,2,3,2,1,-4,0,0.0,1,1,-3,4,12,14,White,54.05,0,-4
3452,1.0,0,0,0,0,0,0,2,2,1,2,1,-4,0,,2,-4,-4,4,-3,-3,White,-0.004,0,0
3453,1.0,,0,0,1,0,3,2,1,2,2,1,2,0,,2,0,414500,4,16,14,White,14.664,-5,-5
3454,1.0,0,0,0,0,0,3,2,1,1,2,1,2,0,0.0,1,0,420500,4,14,16,White,93.339,0,0
3455,1.0,0,0,0,0,0,10,2,3,3,2,1,-4,0,0.0,2,0,-3,5,20,16,Asian,20.76,0,0
3456,0.0,0,0,0,0,0,2,2,2,1,1,1,-4,0,0.0,1,0,-3,4,16,14,White,98.818,0,0
3457,1.0,0,0,0,0,0,3,1,2,1,1,1,-4,0,0.0,1,0,600000,5,18,18,White,88.892,0,0
3458,1.0,0,0,0,1,0,3,2,2,1,1,2,-4,0,0.0,1,0,600000,5,18,18,White,86.862,0,0
3459,0.0,0,0,0,2,0,3,3,2,1,1,1,-4,0,0.0,1,0,165400,6,12,20,White,54.168,0,0
3460,1.0,0,0,0,0,0,2,1,2,3,2,1,2,0,,2,-4,-4,4,16,18,White,-0.004,0,0
3461,1.0,0,1,0,0,0,12,1,2,3,4,1,-4,0,,2,-4,-4,4,16,18,White,-0.004,0,0
3462,1.0,0,0,0,0,0,2,2,3,5,5,2,-4,0,0.0,2,-4,-4,5,-3,-3,White,-0.004,-5,-5
3463,1.0,0,0,0,0,0,0,2,3,3,2,1,-4,0,0.0,2,0,227300,5,12,12,White,59.542,0,0
3464,1.0,0,0,0,0,0,2,2,2,3,2,1,-4,0,0.0,1,0,227300,5,12,12,White,40.12,0,0
3465,0.0,1,1,0,0,0,3,2,2,4,3,1,4,-3,0.0,1,0,52725,4,13,17,White,58.235,-5,-5
3466,0.0,0,1,3,0,0,0,2,2,4,4,2,-4,0,1.0,1,0,52725,4,13,17,White,42.322,0,0
3467,1.0,0,0,0,2,0,8,2,3,2,2,2,-4,0,0.0,1,0,570000,3,20,13,White,75.689,0,0
3468,1.0,0,0,0,0,0,3,1,2,1,1,1,-4,0,0.0,1,0,80250,4,16,16,White,92.129,0,0
3469,1.0,0,0,0,0,0,3,2,2,3,1,2,-4,0,0.0,1,0,159250,3,14,14,White,20.403,0,0
3470,1.0,0,0,0,0,0,1,2,2,3,1,1,1,0,1.0,2,0,289300,4,13,14,White,82.731,0,0
3471,1.0,0,0,0,3,1,1,2,2,1,1,1,-4,0,0.0,1,0,289300,4,13,14,White,88.111,0,0
3472,1.0,0,0,0,0,0,3,2,1,2,1,2,-4,0,0.0,1,0,272500,4,20,20,White,95.695,-5,-5
3473,0.0,0,0,1,0,0,0,3,2,3,3,1,-4,0,0.0,1,0,297500,4,12,16,White,8.396,0,0
3474,0.0,0,0,0,0,0,3,2,3,3,3,1,3,0,,1,0,210000,6,16,13,White,44.117,0,0
3475,1.0,0,0,0,0,0,3,2,3,1,1,1,-4,0,0.0,2,0,210000,6,16,13,White,93.375,0,0
3476,1.0,0,0,0,2,0,2,2,3,1,1,2,-4,1,1.0,1,0,141001,4,12,17,White,82.598,0,0
3477,0.0,0,0,0,5,0,3,2,2,4,3,1,3,1,,2,-4,-4,5,12,12,White,57.659,0,0
3478,0.0,0,0,0,0,0,4,2,2,3,2,1,-4,0,,2,-4,-4,5,12,12,White,31.579,-5,-5
3479,0.0,0,0,0,-4,-4,-4,2,3,3,2,1,3,0,,2,0,73500,4,15,12,White,49.283,0,0
3480,,,0,0,0,0,3,3,2,3,2,1,4,0,,2,0,73500,4,15,12,White,15.766,-5,-5
3481,1.0,0,0,0,0,0,3,2,2,3,3,1,3,0,0.0,2,0,57500,5,12,12,Other,81.165,0,0
3482,1.0,0,1,0,0,0,3,2,1,-2,-2,2,-4,0,0.0,1,0,57500,5,12,12,White,62.888,-5,-5
3483,1.0,0,0,0,0,0,10,2,3,3,1,1,3,0,,2,0,12460,4,14,16,White,65.782,0,0
3484,1.0,0,0,0,0,0,2,2,1,1,1,1,-4,0,0.0,2,0,108000,4,12,12,White,50.061,0,0
3485,0.0,0,1,0,1,1,5,2,3,1,1,1,-4,0,0.0,1,0,108000,4,12,12,White,39.125,0,0
3486,1.0,0,0,0,0,0,0,2,3,4,5,3,3,0,0.0,1,0,-3,3,16,16,White,67.764,0,0
3487,1.0,0,0,0,0,0,2,2,1,1,1,2,-4,0,0.0,1,0,371001,3,14,16,White,72.417,0,0
3488,1.0,0,0,0,4,1,0,4,4,5,5,5,2,0,0.0,2,1,-3,3,12,14,White,24.835,0,0
3489,1.0,0,0,0,0,0,2,2,2,2,1,1,-4,0,0.0,2,0,-250,2,-3,12,Black,84.367,0,0
3490,0.0,,0,0,0,0,7,3,3,4,1,1,5,0,,2,-4,-4,5,-4,14,Black,-0.004,-5,-5
3491,,,0,0,0,1,3,1,3,1,1,1,-4,0,,1,-4,-4,5,16,14,Black,-0.004,-5,-5
3492,0.0,0,0,0,0,0,40,2,2,3,3,2,4,1,,2,1,-2150,3,12,11,Black,31.366,0,0
3493,0.0,,1,0,0,1,2,2,2,1,1,1,-4,1,,1,1,-2150,3,12,11,Black,13.311,-5,-5
3494,0.0,0,0,0,0,0,10,2,3,4,4,1,5,0,,2,-4,-4,3,12,12,Black,24.234,0,0
3495,0.0,0,0,0,0,1,2,2,2,2,1,3,-4,0,0.0,1,0,-3250,3,11,12,Black,27.301,0,1
3496,0.0,0,1,1,0,0,6,2,2,3,2,1,-4,1,1.0,1,0,14000,3,12,14,Black,62.671,0,0
3497,0.0,0,0,0,0,0,7,2,3,1,1,1,-4,0,0.0,2,1,1950,4,10,8,White,35.358,0,0
3498,1.0,0,0,0,0,0,5,2,2,2,2,1,-4,0,0.0,2,0,64500,4,-3,-3,White,97.332,0,0
3499,1.0,1,1,0,0,0,0,2,2,5,2,1,3,0,,1,-4,-4,5,15,14,White,30.537,-5,-5
3500,1.0,0,0,0,0,0,3,2,4,3,2,1,-4,1,0.0,1,-4,-4,5,15,14,White,17.147,0,0
3501,0.0,0,0,0,0,0,3,2,2,5,2,1,4,0,,2,0,-3,4,14,12,Black,1.459,0,1
3502,1.0,0,0,0,0,0,3,2,3,2,-2,2,-4,-2,,1,0,5500,4,-3,13,Black,29.647,0,0
3503,1.0,0,0,0,0,0,5,2,1,4,5,1,5,0,0.0,2,0,37257,5,12,12,Black,23.631,1,-2
3504,1.0,0,0,0,1,0,0,3,3,3,3,1,5,0,0.0,2,0,11000,4,12,16,Black,41.862,0,1
3505,0.0,0,0,0,0,0,5,2,2,3,1,1,4,0,,1,-4,-4,4,-3,12,Black,11.334,0,0
3506,1.0,0,0,0,0,2,10,1,2,2,1,1,-4,0,0.0,2,-4,-4,4,-3,12,Black,11.13,0,0
3507,1.0,0,0,0,0,0,10,2,4,5,4,1,5,0,0.0,2,0,47500,5,-3,12,Black,21.372,0,0
3508,0.0,1,1,0,2,5,12,4,4,5,2,-2,5,1,1.0,1,0,47500,5,-3,12,Black,12.616,0,0
3509,0.0,0,0,0,0,0,0,2,2,1,1,1,-4,0,0.0,1,1,-3,4,12,13,Black,3.428,0,0
3510,1.0,0,0,0,0,0,1,2,2,4,3,2,4,0,0.0,2,0,19600,2,12,13,Black,30.892,0,0
3511,0.0,0,0,0,0,0,2,2,3,3,3,1,2,0,,1,0,57000,4,11,12,Black,25.114,0,0
3512,0.0,0,0,0,0,0,6,2,3,5,1,1,2,0,0.0,2,-4,-4,7,-4,12,Black,11.718,0,0
3513,1.0,0,0,0,0,0,5,2,1,1,1,1,3,0,0.0,1,-4,-4,7,-4,12,Black,26.253,-5,-5
3514,0.0,0,0,0,0,0,9,1,4,2,1,1,-4,0,0.0,1,-4,-4,7,-4,12,Black,-0.004,0,-2
3515,0.0,0,0,0,0,0,1,2,2,1,1,2,-4,0,0.0,1,0,11500,3,12,14,Other,78.584,0,0
3516,0.0,0,1,0,50,50,5,2,2,3,3,1,3,1,0.0,1,0,102550,4,-4,-3,Black,41.843,0,1
3517,1.0,0,0,0,0,0,8,3,3,2,1,1,-4,0,0.0,2,0,26500,6,12,8,Black,38.913,0,-2
3518,0.0,0,0,0,0,0,0,2,2,3,2,1,-4,0,0.0,1,-4,-4,4,-3,-3,White,17.931,0,0
3520,1.0,0,0,0,0,0,3,1,4,2,2,2,2,1,0.0,1,0,27100,6,10,-3,Asian,57.244,0,0
3521,1.0,0,0,0,2,0,0,2,3,4,5,2,1,0,1.0,2,0,24050,2,10,11,White,26.426,0,0
3522,0.0,0,0,0,0,0,2,3,2,1,1,1,-4,1,0.0,2,0,54008,4,10,13,White,41.49,0,-2
3523,1.0,0,0,0,0,1,1,2,3,2,1,1,-4,0,0.0,1,-4,-4,4,16,14,White,91.075,-5,-5
3524,1.0,0,0,3,0,0,0,2,2,3,2,1,4,0,,2,0,18500,9,-4,12,Black,-0.004,0,0
3525,0.0,0,0,0,0,0,0,2,2,3,2,1,-4,0,,1,0,18500,9,-4,12,Black,-0.004,0,0
3526,1.0,0,0,0,0,0,4,2,2,2,2,1,2,0,,2,0,63701,5,9,9,White,33.141,0,0
3527,1.0,0,0,0,1,0,2,2,3,2,2,1,-4,1,0.0,2,0,175001,4,16,13,White,92.945,0,0
3528,0.0,0,0,1,0,0,4,2,1,1,1,2,-4,0,0.0,1,0,4850,6,10,13,White,13.008,0,0
3529,1.0,0,0,0,0,0,4,1,2,2,1,1,-4,0,,2,0,-3,5,-3,11,Hispanic,81.135,0,0
3530,1.0,0,0,0,0,2,7,2,3,3,1,2,-4,1,0.0,1,0,25400,3,12,15,White,85.212,0,0
3531,0.0,0,0,0,3,0,7,2,3,3,5,5,5,0,,2,1,14951,3,12,14,Black,0.84,0,0
3532,0.0,1,1,0,0,0,4,2,4,3,1,1,-2,0,1.0,2,1,2250,4,-4,12,White,21.479,0,1
3533,1.0,0,0,0,2,0,6,3,4,3,3,1,4,0,1.0,1,0,-3,3,9,12,White,59.47,0,0
3534,1.0,0,0,0,1,0,6,2,3,3,2,1,3,0,,2,0,192500,3,12,11,White,-0.004,-5,-5
3535,1.0,0,0,0,0,0,4,1,2,4,2,1,3,1,0.0,2,0,-3,3,14,12,White,64.306,0,0
3536,1.0,0,0,0,0,0,5,1,1,1,1,1,-4,0,0.0,2,0,85000,4,12,13,White,61.108,0,0
3537,1.0,0,0,0,0,0,3,1,1,3,3,1,-4,0,0.0,2,0,66450,3,14,18,Black,96.665,0,0
3538,1.0,0,0,0,0,0,1,2,2,3,3,1,-4,0,0.0,1,0,37154,4,12,12,White,67.576,0,0
3539,0.0,0,0,0,0,0,6,1,1,3,2,1,-4,0,0.0,1,0,9000,5,8,12,White,36.134,0,0
3540,1.0,0,0,1,0,0,5,2,2,3,3,1,5,0,,2,-4,-4,7,12,11,Black,-0.004,0,0
3541,0.0,0,1,2,0,0,5,2,2,3,3,2,-4,0,0.0,2,0,6250,2,-4,12,White,58.842,0,-4
3542,1.0,0,0,0,1,0,8,3,3,1,1,1,1,0,0.0,2,0,28800,2,11,-3,Black,12.0,0,0
3543,0.0,0,0,1,0,1,6,2,2,2,2,1,-4,0,0.0,1,0,-3,3,10,11,Black,10.865,0,0
3544,0.0,0,0,0,0,0,2,2,1,1,1,1,-4,1,0.0,1,0,-3,3,12,-3,White,88.978,-5,-5
3545,0.0,0,1,2,10,1,5,1,2,1,1,1,-4,1,0.0,1,0,95700,2,-3,-3,White,42.369,-2,1
3546,1.0,0,0,0,0,0,2,2,3,1,1,1,2,0,0.0,1,0,42000,3,11,12,Black,41.892,0,0
3547,0.0,0,0,1,0,0,6,2,1,1,1,1,-4,0,0.0,1,0,42000,3,11,12,Black,42.156,0,0
3548,1.0,0,0,0,0,0,4,2,2,1,1,1,1,1,0.0,2,0,216300,3,18,16,White,46.241,0,0
3549,1.0,0,0,0,0,0,4,2,1,1,1,1,-4,1,0.0,1,0,216300,3,18,16,White,72.542,0,0
3550,1.0,0,0,0,0,0,4,2,2,3,2,1,3,0,0.0,2,0,227500,4,12,14,White,71.299,0,0
3551,0.0,0,0,0,0,0,2,2,2,3,2,2,4,0,0.0,1,0,14750,7,14,14,Asian,47.072,-5,-5
3552,1.0,1,0,0,0,0,1,1,2,4,5,1,-4,0,1.0,2,0,30000,2,12,14,White,32.487,0,0
3553,1.0,0,0,0,0,0,11,2,2,3,3,1,-4,0,0.0,2,0,202250,4,16,16,White,42.859,0,0
3554,0.0,0,0,0,0,0,2,2,1,2,1,1,-4,1,1.0,1,0,202250,4,16,16,White,62.401,0,0
3555,1.0,0,0,0,1,0,3,2,1,3,4,1,3,0,0.0,2,0,105700,5,12,12,White,56.006,0,0
3556,1.0,0,1,0,1,0,4,1,1,2,1,1,-4,0,0.0,1,0,105700,5,12,12,White,93.668,0,0
3557,0.0,0,1,0,5,0,2,2,2,1,1,1,-4,0,1.0,1,0,48905,5,14,16,White,81.868,0,0
3558,0.0,0,0,0,0,0,4,2,3,1,1,1,-4,0,0.0,1,0,131500,4,15,12,White,98.553,0,0
3559,1.0,0,0,0,1,0,2,2,2,4,3,1,3,0,,1,0,279500,4,18,16,White,79.383,-5,-5
3560,0.0,0,0,0,10,0,5,2,4,4,3,2,-4,1,1.0,1,0,61750,3,16,20,White,67.176,0,0
3561,1.0,1,0,0,0,0,1,2,2,1,1,1,-4,0,0.0,2,0,-3,4,16,16,White,94.859,0,0
3562,1.0,0,0,0,0,0,2,2,2,1,1,1,1,0,0.0,2,0,-3,5,14,12,White,84.629,0,0
3563,1.0,0,0,0,0,0,-2,2,2,1,1,1,-4,0,0.0,1,0,-3,5,14,12,White,83.918,0,0
3564,0.0,0,0,0,0,1,0,2,3,4,5,1,5,0,,1,0,23500,3,-4,12,White,18.541,-5,-5
3565,0.0,1,1,0,0,0,1,2,2,1,1,1,-4,0,0.0,1,0,23500,3,-4,12,White,7.808,0,0
3566,0.0,0,0,0,3,1,0,2,2,4,4,3,-4,1,,2,-4,-4,4,12,12,Black,8.673,-5,-5
3567,0.0,0,0,0,0,0,2,1,1,3,2,1,-4,0,,2,0,21750,4,12,12,White,-0.004,0,0
3568,1.0,,0,0,0,0,14,2,4,2,2,1,-4,0,1.0,1,1,31250,5,-4,13,Asian,60.459,-5,-5
3569,0.0,0,0,0,0,0,0,3,2,4,3,1,2,0,0.0,1,0,110000,3,14,12,White,49.333,0,0
3570,0.0,0,0,2,0,0,12,2,3,4,1,1,-4,0,,1,0,130750,3,12,8,White,26.898,0,0
3571,0.0,0,1,1,0,0,7,2,2,1,1,2,-4,1,0.0,1,0,130750,3,12,-3,White,9.952,0,0
3572,0.0,0,0,0,0,0,0,2,3,1,1,1,-4,0,0.0,1,0,20000,4,12,12,White,-0.004,0,0
3573,0.0,0,1,0,0,0,0,2,4,4,2,1,2,0,,1,0,49500,3,-4,12,White,11.276,0,-4
3574,0.0,0,0,0,0,0,3,3,2,4,3,3,3,0,0.0,1,0,-3,2,12,16,White,74.795,0,0
3575,1.0,0,0,0,-4,-4,-4,2,2,1,1,1,-4,0,,2,0,62200,5,16,16,Black,30.093,-5,-5
3576,1.0,0,0,0,0,0,6,2,1,4,1,1,1,0,0.0,2,0,229000,6,12,-3,White,40.241,0,0
3577,0.0,0,0,0,0,0,0,2,2,-2,-2,-2,-2,0,0.0,2,0,8231,6,16,13,Hispanic,80.031,0,0
3578,1.0,0,0,0,-4,-4,-4,2,2,-2,-2,-2,-4,0,0.0,2,0,8231,6,16,13,White,98.486,0,0
3579,1.0,0,0,0,3,0,0,2,2,4,1,2,-4,0,0.0,2,0,-3,4,13,14,Black,45.994,0,0
3580,0.0,,1,1,0,1,30,1,3,2,2,1,-4,-1,,1,0,154001,6,-3,12,Black,15.286,-5,-5
3581,1.0,0,0,0,0,0,0,2,2,2,-2,-2,-4,0,0.0,2,0,92500,5,9,9,Hispanic,54.678,0,0
3582,1.0,0,0,0,2,0,4,2,3,2,2,1,-4,1,0.0,1,0,92500,5,9,9,Hispanic,65.808,0,0
3583,1.0,0,0,0,12,1,0,2,2,3,2,2,5,0,0.0,2,0,250,5,-4,12,Black,60.372,0,1
3584,1.0,0,0,0,15,0,2,2,2,2,1,1,-4,0,0.0,1,0,123000,3,8,16,Black,69.506,-5,-5
3585,0.0,0,0,0,0,0,2,2,2,3,1,1,-4,0,0.0,2,0,72500,3,11,-3,White,26.948,0,0
3586,1.0,0,0,0,0,0,0,3,3,4,2,3,-4,0,0.0,2,0,140000,2,12,12,Black,51.322,0,0
3587,1.0,0,0,0,0,0,0,1,1,1,1,1,1,0,0.0,1,0,294001,3,12,14,Black,91.661,0,0
3588,1.0,0,0,0,0,0,1,2,2,4,2,1,2,0,0.0,2,0,130150,3,16,12,White,79.568,0,0
3589,1.0,0,0,0,0,0,0,2,3,1,1,1,-4,-1,0.0,1,0,-3,6,-3,13,Black,65.135,-5,-5
3590,0.0,0,0,0,0,0,13,2,2,3,4,2,5,1,1.0,2,0,8000,2,12,12,Black,14.452,0,-2
3591,0.0,0,0,0,0,0,1,3,1,3,4,2,3,0,,1,0,-3,2,13,14,Black,26.135,0,0
3592,1.0,0,0,0,0,0,1,4,4,4,1,1,-4,0,0.0,1,0,-3,3,-4,13,Black,56.899,0,-4
3593,1.0,0,0,0,0,0,10,3,3,3,2,1,3,0,0.0,2,0,32250,5,14,12,White,37.219,0,1
3594,1.0,0,0,0,0,0,1,1,3,2,1,1,-4,0,0.0,2,0,26500,3,-3,14,Black,65.507,0,0
3595,1.0,0,0,0,0,0,5,1,2,1,1,1,-4,0,0.0,2,-4,-4,3,14,16,White,-0.004,-5,-5
3596,0.0,,0,0,2,0,10,2,3,3,4,1,4,0,1.0,2,0,-3,5,14,12,White,52.636,-5,-5
3597,1.0,0,0,0,0,0,7,4,4,5,4,1,-4,0,0.0,2,0,97000,4,-3,12,White,4.378,0,0
3598,1.0,0,0,0,0,0,4,2,2,2,2,1,2,0,0.0,2,0,139750,4,14,18,Black,76.823,0,0
3599,1.0,0,1,2,0,1,1,3,3,1,1,1,-4,1,0.0,1,0,139750,4,14,18,Black,84.526,0,0
3600,0.0,0,0,0,0,0,0,2,3,4,5,1,5,0,0.0,2,-4,-4,4,12,10,Black,-0.004,0,0
3601,1.0,0,0,0,0,0,0,2,2,2,1,1,-4,1,1.0,2,0,75000,4,16,14,Black,76.442,0,0
3602,1.0,0,0,2,0,0,1,2,2,4,3,1,5,0,1.0,1,0,25500,4,11,12,Hispanic,10.009,-5,-5
3603,1.0,0,0,0,0,0,0,3,3,2,1,1,-4,0,0.0,1,0,25500,4,11,12,Hispanic,12.799,0,0
3604,1.0,0,0,0,0,0,5,2,2,3,1,1,-4,0,0.0,2,0,52500,3,13,12,White,53.199,0,0
3605,,,0,0,1,1,7,3,3,3,2,2,-4,0,,1,0,163050,3,-3,16,White,71.759,-5,-5
3606,1.0,0,0,0,0,0,1,2,2,1,1,1,-4,0,,1,0,387500,6,19,17,White,82.038,0,0
3607,0.0,0,0,0,0,0,13,1,1,3,1,1,1,0,,2,0,81000,4,16,12,White,44.129,-5,-5
3608,0.0,1,1,0,1,0,15,2,2,4,4,1,4,1,0.0,2,0,100501,5,12,17,White,36.585,0,0
3609,0.0,0,1,2,0,0,20,3,2,4,1,1,-4,1,0.0,1,0,100501,5,8,17,White,18.692,0,0
3610,1.0,0,0,0,0,0,0,2,2,3,2,1,2,0,0.0,1,0,-3,3,12,15,White,-0.004,-5,-5
3611,1.0,0,0,0,0,0,2,1,2,4,2,1,1,0,0.0,2,0,92500,5,14,16,White,62.803,0,0
3612,1.0,0,0,0,0,0,2,2,2,3,2,1,-4,0,0.0,2,-4,-4,5,14,16,White,61.631,-5,-5
3613,0.0,0,0,0,0,0,5,2,1,2,1,1,-4,1,,2,0,303001,4,14,14,White,32.271,-5,-5
3614,1.0,0,0,0,0,0,5,2,2,1,1,1,-4,0,0.0,2,0,-3,4,16,16,White,97.626,0,0
3615,1.0,0,0,0,0,0,6,2,3,3,3,1,-4,0,,2,0,-3,5,16,14,White,81.168,-5,-5
3616,1.0,0,1,0,1,1,0,2,4,3,1,2,-4,1,0.0,1,0,-3,5,16,14,White,54.397,-5,-5
3617,0.0,0,1,1,7,1,29,4,4,3,3,2,3,1,,2,-4,-4,4,12,16,White,-0.004,-5,-5
3618,0.0,0,1,0,2,2,6,2,3,4,3,3,-4,1,0.0,1,-4,-4,4,12,16,White,-0.004,0,0
3619,0.0,0,0,0,0,0,3,2,2,2,2,1,-4,0,0.0,2,0,137450,2,12,12,White,82.067,0,0
3620,0.0,0,0,0,1,0,1,2,1,2,2,1,-4,1,0.0,1,0,-5500,5,12,12,Hispanic,22.799,-5,-5
3621,1.0,0,0,0,0,0,0,2,1,3,2,1,-4,0,,1,0,113400,5,14,14,Black,-0.004,0,0
3622,0.0,0,1,0,9,2,105,3,2,5,5,3,3,1,,1,-4,-4,4,16,12,Hispanic,-0.004,0,0
3623,1.0,0,0,0,0,0,6,2,1,2,2,1,-4,0,0.0,1,0,30500,3,15,14,Black,31.974,0,0
3624,0.0,0,0,0,0,0,5,2,3,3,2,1,3,0,0.0,2,0,287500,4,14,15,Black,76.751,0,0
3625,0.0,0,0,0,4,0,6,2,1,1,1,1,-4,0,1.0,1,1,-460,3,12,14,Black,95.932,0,0
3626,1.0,0,0,0,2,1,0,1,4,1,1,1,-4,1,0.0,1,0,3850,4,12,14,Black,49.78,0,1
3627,0.0,0,0,0,0,0,3,2,3,3,3,2,4,1,0.0,2,0,-20628,3,12,14,Black,80.249,0,-4
3628,1.0,1,0,0,0,0,0,2,3,4,4,2,-4,0,0.0,2,0,-20628,3,12,14,Black,82.629,0,0
3629,1.0,0,1,0,0,0,2,2,2,1,1,1,1,1,,1,0,2750,2,15,12,Hispanic,-0.004,0,0
3630,1.0,0,0,0,1,1,-2,3,2,3,2,1,-4,1,,1,-4,-4,3,-3,12,Black,28.553,0,0
3631,0.0,0,1,0,0,0,11,2,2,4,3,1,2,0,0.0,2,0,21600,6,10,14,White,85.498,0,0
3632,1.0,0,0,0,0,0,0,1,1,3,2,1,4,0,,1,0,218500,5,14,14,Black,64.19,0,0
3633,0.0,0,0,0,0,0,-2,2,2,-2,-2,1,-2,0,0.0,2,0,7525,4,12,12,Black,3.638,0,-4
3634,0.0,0,1,0,1,1,4,2,2,1,1,1,-4,0,0.0,2,0,-3,3,-4,15,Black,80.289,-5,-5
3635,0.0,0,1,2,5,2,3,2,2,4,4,1,5,0,0.0,1,-4,-4,5,-3,-3,Black,24.709,0,0
3636,0.0,0,0,0,0,0,5,2,3,5,1,1,5,-1,,1,0,44250,3,12,11,Black,24.959,-5,-5
3637,1.0,0,0,0,1,0,5,2,1,1,1,1,-4,0,0.0,2,0,40500,3,12,14,Black,73.122,0,0
3638,1.0,0,0,0,0,0,35,2,3,3,3,1,4,1,,2,0,-3,2,12,14,Black,54.581,0,0
3639,1.0,0,0,0,0,0,6,2,2,2,1,1,-4,0,0.0,2,0,-9450,4,12,12,Black,25.535,0,0
3640,1.0,0,0,0,1,0,2,2,2,1,1,1,-4,1,0.0,1,0,600000,4,18,16,White,75.91,0,0
3641,1.0,0,0,0,0,0,0,2,2,1,1,2,-4,0,0.0,2,0,62500,3,12,15,Black,52.442,0,0
3642,1.0,0,1,0,0,0,2,2,2,3,3,1,3,0,0.0,1,0,29250,4,12,15,White,49.824,-5,-5
3643,1.0,0,0,0,0,0,2,2,2,1,1,1,-4,0,0.0,1,0,29250,4,12,15,White,85.931,0,0
3644,1.0,0,0,0,0,0,0,2,1,3,2,1,-4,0,0.0,2,0,35750,3,14,16,Hispanic,86.353,0,0
3645,1.0,0,0,0,1,1,3,2,3,3,4,2,3,0,0.0,1,0,196700,3,16,16,Hispanic,68.893,0,0
3646,1.0,0,0,0,0,0,0,2,1,2,1,1,1,0,0.0,1,0,124800,3,16,18,Black,57.986,0,0
3647,1.0,0,0,0,0,0,1,2,1,1,1,1,-4,0,0.0,1,0,382500,5,14,14,Asian,76.262,0,0
3648,1.0,0,1,0,1,0,3,2,3,3,4,2,5,0,1.0,2,0,-100,5,12,13,Hispanic,48.114,0,0
3649,0.0,0,0,0,0,1,12,1,4,1,1,5,-4,0,,1,0,45050,3,16,12,Black,10.889,0,0
3650,0.0,0,0,0,0,0,0,4,3,3,1,1,1,0,0.0,1,0,3500,7,15,14,Black,-0.004,0,0
3651,0.0,0,0,0,0,0,0,2,2,1,1,2,-4,0,0.0,1,0,3500,7,15,14,Black,-0.004,0,0
3652,0.0,0,0,0,0,0,1,3,1,1,1,1,-4,0,0.0,1,0,3500,7,15,14,Black,-0.004,0,0
3653,0.0,0,0,0,0,1,15,2,4,2,2,1,5,0,,1,0,500,8,-3,13,Black,3.871,0,-2
3654,0.0,0,1,2,5,5,0,2,2,2,1,3,1,1,1.0,1,0,500,5,-3,-3,Black,-0.004,0,1
3655,0.0,0,0,0,0,0,3,2,2,1,1,1,-4,0,0.0,2,0,500,5,-3,-3,Black,-0.004,-5,-5
3656,0.0,0,1,0,98,10,9,2,3,5,4,3,-4,1,,1,0,14000,4,12,14,White,20.061,0,1
3657,0.0,0,0,0,0,2,2,2,3,1,1,1,-4,0,1.0,1,0,4750,3,-3,12,Black,-0.004,0,0
3658,1.0,0,0,0,0,0,4,2,3,3,2,1,3,0,0.0,1,-4,-4,4,12,12,White,-0.004,-5,-5
3659,1.0,0,0,0,0,0,0,2,3,4,4,2,3,0,,1,0,-3,3,20,18,Black,-0.004,0,0
3660,1.0,0,0,0,1,0,1,2,3,5,2,2,3,0,0.0,1,0,293750,4,14,14,White,61.613,-5,-5
3661,0.0,0,0,0,0,0,1,2,2,4,3,1,3,0,0.0,2,0,-26500,4,12,12,White,86.318,-5,-5
3662,1.0,0,0,0,0,0,5,2,2,1,1,1,-4,0,,2,0,-26500,4,12,12,White,43.372,-5,-5
3663,0.0,0,0,0,0,0,0,2,3,3,2,1,3,0,,1,0,296500,4,16,16,Black,90.539,-5,-5
3664,1.0,,0,0,0,0,3,2,2,1,1,1,1,0,,1,0,102550,5,16,16,White,27.237,-5,-5
3665,0.0,,0,0,0,0,0,2,2,1,1,1,-4,0,,1,0,102550,5,16,16,White,11.417,-5,-5
3666,0.0,0,1,0,0,0,4,2,2,3,2,2,3,-3,,1,0,22500,4,-3,15,Hispanic,40.205,1,0
3667,0.0,0,1,0,0,0,10,3,2,3,4,2,-4,0,,2,-4,-4,4,-3,-3,Other,16.597,0,0
3668,1.0,0,0,0,0,3,0,2,2,3,1,1,2,0,,1,0,45700,7,-3,-3,Hispanic,-0.004,0,0
3669,1.0,0,0,0,0,2,14,2,-2,2,2,3,-4,0,0.0,1,0,179350,4,14,12,Hispanic,-0.004,0,0
3670,0.0,0,1,0,0,5,10,2,2,4,1,2,2,0,0.0,2,-4,-4,2,-4,-3,Hispanic,-0.004,1,1
3671,0.0,0,0,1,0,0,0,2,2,1,1,1,-4,0,0.0,1,0,4350,4,12,12,Hispanic,-0.004,-5,-5
3672,0.0,0,0,0,0,0,17,2,2,3,2,1,3,0,,1,0,2350,3,10,9,Hispanic,-0.004,-5,-5
3673,0.0,,0,0,0,0,0,2,2,3,2,1,3,0,,2,0,-3750,3,12,15,Black,-0.004,-5,-5
3674,1.0,0,0,0,0,0,3,2,4,4,2,2,-4,0,,1,0,82700,3,12,12,Black,-0.004,0,0
3675,0.0,,0,0,0,1,5,3,3,3,1,2,-4,0,,1,0,55000,5,-4,16,Black,-0.004,-5,-5
3676,0.0,0,1,0,2,1,1,3,1,1,1,1,-4,0,1.0,1,0,55000,5,-4,16,Black,-0.004,-5,-5
3677,1.0,1,0,0,0,0,7,2,4,3,1,1,5,0,1.0,2,0,73026,2,10,12,Black,-0.004,0,0
3678,0.0,0,0,0,0,1,18,2,2,3,1,1,-4,0,1.0,2,-4,-4,3,-3,-3,Black,-0.004,0,0
3679,1.0,0,0,0,0,1,3,2,2,1,1,1,-4,0,,1,-4,-4,3,12,-4,Black,72.158,-5,-5
3680,1.0,0,0,0,0,0,2,2,2,3,2,1,-4,0,0.0,1,0,214500,6,-4,-3,Hispanic,-0.004,-5,-5
3681,1.0,0,0,0,0,0,1,2,1,2,1,1,-4,0,0.0,2,0,-1050,3,5,12,Hispanic,-0.004,0,0
3682,0.0,0,0,0,0,0,3,2,2,1,1,1,1,0,0.0,2,0,2200,4,18,18,Hispanic,51.797,0,0
3683,1.0,0,1,1,1,0,6,4,2,3,1,2,-4,0,0.0,1,0,24000,4,-3,-3,Hispanic,11.608,0,0
3684,1.0,0,0,0,0,2,21,2,3,1,-2,1,-4,0,0.0,1,0,4750,3,-3,-3,Hispanic,57.619,0,0
3685,1.0,0,0,0,0,0,0,2,3,2,1,1,4,0,0.0,1,0,8000,4,-3,-3,Hispanic,-0.004,0,0
3686,1.0,1,0,0,0,0,2,2,2,1,1,1,-4,0,1.0,1,0,8000,4,-3,-3,Hispanic,-0.004,0,0
3687,0.0,0,1,3,0,0,15,2,1,3,2,3,3,0,0.0,1,0,-16000,5,14,16,Hispanic,30.579,0,0
3688,,,0,0,0,0,0,3,3,1,1,2,-4,0,0.0,2,0,-16000,5,14,16,Hispanic,0.405,-2,0
3689,1.0,0,0,0,0,0,0,1,2,1,1,1,-4,0,0.0,2,0,1750,5,13,10,Hispanic,59.771,-5,-5
3690,1.0,0,0,0,25,25,1,2,2,1,1,1,-4,1,0.0,1,0,52500,4,12,12,Hispanic,13.484,1,1
3691,1.0,0,0,0,0,0,2,2,2,1,1,3,-4,0,0.0,2,0,1750,4,-3,7,Black,6.669,0,0
3692,1.0,0,0,0,1,0,12,1,2,4,2,1,-4,0,0.0,1,0,-3,4,13,12,White,17.571,-5,-5
3693,0.0,0,0,0,4,1,3,2,2,2,1,1,-4,0,0.0,1,0,-3,4,13,12,Hispanic,48.954,0,0
3694,0.0,0,0,0,0,0,0,3,1,2,2,4,5,0,0.0,2,-4,-4,5,-3,-3,Hispanic,-0.004,0,0
3695,1.0,0,0,0,0,0,2,2,2,1,1,1,1,0,0.0,1,0,16750,4,7,8,Hispanic,17.881,-5,-5
3696,1.0,0,0,0,0,0,4,2,2,2,1,2,-4,0,0.0,2,0,16750,4,7,8,Hispanic,36.333,-5,-5
3697,0.0,0,0,0,0,2,0,2,2,3,1,1,-4,0,0.0,2,0,2950,3,-4,11,Black,5.217,-5,-5
3698,0.0,1,0,0,1,1,36,2,2,1,1,-2,-4,0,,1,0,2900,4,-3,-3,White,-0.004,0,1
3699,0.0,0,0,0,0,0,20,3,1,5,4,3,3,0,,2,0,22550,4,19,2,Hispanic,8.641,0,0
3700,0.0,,1,0,0,7,47,4,3,3,4,3,2,0,,2,0,4350,5,-4,-3,Hispanic,22.639,-5,-5
3701,0.0,0,1,3,0,20,42,2,3,3,2,2,-4,0,1.0,1,0,4350,5,-4,-3,Hispanic,11.909,0,-4
3702,1.0,0,0,0,0,0,3,2,2,1,1,3,-2,0,0.0,1,0,-3,4,12,12,Hispanic,-0.004,0,0
3703,1.0,0,0,0,0,0,0,2,1,1,1,1,-4,0,,2,0,2350,4,12,12,Hispanic,10.214,-5,-5
3704,0.0,0,0,0,0,0,2,2,3,5,4,2,5,0,0.0,2,0,-3,3,16,16,Hispanic,26.727,0,0
3705,1.0,,0,0,0,0,1,1,2,1,1,1,-4,0,0.0,2,0,420401,3,20,18,White,86.359,0,0
3706,,,0,0,0,0,1,2,3,1,1,1,1,0,,1,0,600000,4,16,16,White,54.64,-5,-5
3707,0.0,0,1,1,0,0,5,3,3,5,3,1,1,0,,1,0,3950,3,-3,11,Black,2.483,0,1
3709,0.0,0,0,0,0,0,3,1,1,1,1,1,-4,1,,1,0,31700,4,12,-4,Black,14.568,0,0
3710,1.0,0,0,0,0,0,5,1,2,3,2,1,4,1,0.0,2,0,75100,5,12,12,Black,20.904,0,0
3711,0.0,0,0,0,1,0,25,2,4,4,3,1,3,0,,2,0,-3,4,-3,11,Black,26.684,0,0
3712,1.0,0,0,0,0,1,4,1,2,4,2,1,-4,0,0.0,2,0,9505,3,12,14,Hispanic,11.267,0,0
3713,1.0,0,0,0,0,0,7,2,2,4,3,2,1,0,0.0,2,0,301501,6,13,13,White,48.8,0,0
3714,1.0,0,1,0,0,0,3,2,2,3,1,1,-4,0,0.0,1,0,301501,6,13,13,White,75.923,0,0
3715,0.0,0,1,1,0,0,3,2,3,1,1,1,-4,0,0.0,1,0,301501,6,13,13,White,0.138,0,0
3716,0.0,0,1,0,0,1,0,2,2,3,3,1,4,0,0.0,2,0,4650,5,12,12,Black,2.262,0,0
3717,0.0,0,0,0,0,0,0,1,2,4,4,3,5,0,0.0,2,0,4650,5,12,12,Black,0.37,0,0
3718,0.0,0,0,0,0,0,2,2,2,3,1,1,-4,0,0.0,2,0,4650,5,12,12,Black,5.513,0,0
3719,0.0,1,1,1,0,0,1,2,2,3,1,1,3,-3,0.0,1,0,4180,3,10,12,Hispanic,9.728,0,0
3720,,,0,0,0,0,1,2,2,1,1,1,-4,0,,2,-4,-4,3,14,12,White,-0.004,-5,-5
3721,0.0,0,1,0,1,2,6,2,1,5,3,2,5,0,,1,-4,-4,3,16,12,White,-0.004,-5,-5
3722,0.0,0,0,0,0,0,3,2,4,4,3,2,-4,0,0.0,2,0,36600,3,9,12,White,28.052,-5,-5
3723,1.0,0,0,0,1,1,2,1,3,5,5,1,4,0,0.0,1,-4,-4,4,-3,13,White,63.984,0,-4
3724,1.0,0,1,0,0,0,0,2,2,4,4,1,5,0,,1,0,98500,4,-3,12,Asian,-0.004,0,0
3725,1.0,0,0,0,0,0,2,2,2,3,1,1,-4,1,0.0,1,0,38700,4,13,14,White,94.502,0,0
3726,1.0,0,0,0,0,0,3,2,3,5,4,2,4,0,0.0,2,0,-3,5,13,13,Hispanic,-0.004,0,0
3727,1.0,1,0,0,0,0,1,1,2,3,3,2,3,0,1.0,2,0,-3,5,13,13,Hispanic,-0.004,0,0
3728,0.0,0,0,0,3,0,0,1,2,2,1,1,-4,0,0.0,1,0,52600,3,12,11,White,60.706,0,0
3729,0.0,0,0,0,-4,-4,-4,2,2,5,3,4,5,0,0.0,2,0,3550,5,11,16,White,8.912,0,0
3730,0.0,0,0,0,0,0,3,2,2,2,1,1,-4,0,0.0,2,0,43300,4,8,12,White,-0.004,0,0
3731,0.0,0,0,0,4,0,6,3,3,3,3,2,5,1,0.0,1,0,29000,3,16,14,White,95.707,0,0
3732,0.0,0,1,1,0,0,5,3,3,3,5,1,4,0,0.0,1,0,78801,5,12,13,Black,12.216,-5,-5
3733,0.0,0,0,1,0,0,3,1,1,4,1,2,2,0,,1,-4,8500,5,9,12,Black,14.202,0,-2
3734,0.0,0,0,3,0,0,2,3,2,4,2,2,-4,0,0.0,1,0,78800,4,12,12,Black,4.096,0,0
3735,1.0,0,0,0,0,0,1,2,2,3,1,1,1,0,,2,0,17000,6,12,12,Asian,39.516,-5,-5
3736,1.0,,0,0,0,0,10,2,2,3,2,1,4,1,0.0,2,0,-16950,5,16,12,White,73.559,0,0
3737,0.0,0,0,0,0,0,1,2,2,5,1,1,5,0,0.0,1,0,90750,4,12,12,Black,9.221,0,0
3738,1.0,0,0,0,0,0,2,2,2,1,1,1,-4,0,0.0,1,0,31650,5,16,12,Hispanic,85.713,0,0
3739,1.0,0,1,0,0,0,3,1,2,2,1,1,3,0,0.0,2,0,79450,4,12,12,Black,69.722,0,0
3740,0.0,0,1,0,0,0,1,2,2,1,1,1,-4,1,0.0,2,0,79450,4,12,12,Black,44.898,0,0
3741,0.0,0,0,0,2,0,3,2,2,5,3,4,4,1,0.0,2,0,30800,4,12,12,White,57.791,0,0
3742,0.0,0,0,0,0,0,0,2,2,5,2,1,3,0,,2,0,74500,4,11,12,White,30.298,0,0
3743,0.0,1,1,2,0,0,4,3,2,2,3,1,3,0,,1,-4,-4,5,12,12,Black,-0.004,0,1
3744,0.0,0,0,0,0,2,2,3,3,1,1,1,-4,1,,2,-4,-4,5,12,12,Black,-0.004,0,0
3745,0.0,1,0,0,0,0,2,2,2,2,1,2,-4,0,0.0,2,0,16200,4,12,13,Black,48.864,0,0
3746,0.0,0,1,3,0,0,3,4,4,5,4,5,-4,0,0.0,1,0,55600,2,10,12,Black,51.333,0,0
3747,0.0,0,0,0,0,0,5,3,2,3,5,3,-4,0,0.0,2,0,39200,6,12,12,Black,5.824,0,0
3748,1.0,0,0,0,0,0,5,2,3,4,3,2,3,0,0.0,2,0,-3,4,11,12,Hispanic,39.399,0,0
3749,0.0,0,0,2,0,1,3,2,1,1,3,1,-4,0,,1,0,55471,2,11,11,Black,19.265,0,0
3750,0.0,0,0,0,0,0,2,2,1,4,4,1,4,1,0.0,1,0,5150,7,12,14,Black,0.358,0,1
3751,1.0,0,0,0,2,0,4,4,2,5,3,2,-4,1,1.0,2,0,5150,7,-3,14,Black,50.524,0,1
3752,0.0,0,1,0,0,0,90,2,3,2,1,1,5,0,0.0,2,0,1750,6,-3,12,White,-0.004,0,-4
3753,0.0,0,1,0,0,0,29,2,2,3,4,2,-4,0,0.0,2,0,1750,6,-3,12,White,-0.004,0,-4
3754,0.0,0,0,0,0,0,0,1,1,1,1,1,-4,0,0.0,2,0,114501,3,12,11,Black,60.68,0,0
3755,0.0,0,1,3,0,0,0,2,3,5,3,4,5,1,1.0,1,0,-13950,3,-3,10,Black,14.877,-5,-5
3756,0.0,0,0,0,1,1,3,2,2,4,3,3,-4,0,0.0,2,0,-13950,3,-3,10,Black,8.023,1,-2
3757,0.0,0,1,0,0,0,2,4,3,1,1,1,1,0,0.0,1,0,90000,5,12,12,Black,-0.004,0,0
3758,0.0,0,0,0,0,0,1,2,2,1,1,1,-4,0,0.0,2,0,90000,5,12,12,Black,-0.004,0,0
3759,0.0,0,1,0,0,0,2,2,2,1,1,1,5,0,0.0,1,0,57100,5,12,12,Black,14.584,-2,0
3760,0.0,0,0,0,0,0,1,2,3,3,4,1,4,0,,1,0,47150,3,12,12,Black,17.255,0,1
3761,1.0,0,0,0,0,0,3,2,2,2,1,1,-4,0,0.0,2,0,47150,3,12,12,Black,17.981,0,1
3762,0.0,0,0,0,0,0,6,2,2,2,1,2,3,0,,1,0,43500,4,12,12,Black,74.808,-5,-5
3763,0.0,0,0,0,2,1,0,2,3,2,1,1,1,0,1.0,1,0,55850,4,12,12,White,4.877,0,0
3764,0.0,0,0,0,1,0,1,2,3,2,1,3,-4,1,0.0,2,0,62285,3,12,12,White,54.165,0,0
3765,0.0,0,0,0,0,0,0,3,2,1,1,1,-4,0,0.0,2,0,142900,5,-3,12,Black,33.393,0,1
3766,1.0,1,0,0,0,1,6,3,4,2,2,3,-4,0,1.0,2,0,24950,3,12,16,White,-0.004,0,0
3767,0.0,1,1,0,20,4,7,2,2,4,2,4,-4,0,0.0,2,0,92500,5,12,14,White,20.272,0,0
3768,1.0,0,0,0,0,0,2,2,2,4,3,2,3,1,0.0,1,0,27500,5,11,18,White,91.133,0,0
3769,0.0,1,1,1,3,0,3,3,4,3,1,2,-4,1,1.0,1,0,27500,5,11,18,White,85.86,0,0
3770,1.0,0,0,0,0,0,2,2,2,1,1,1,-4,0,0.0,1,0,27500,5,11,18,White,97.979,0,0
3771,0.0,0,0,0,0,0,1,2,2,4,2,1,-4,0,0.0,2,0,72000,4,12,14,Black,68.648,0,0
3772,0.0,0,0,0,1,1,0,1,1,1,1,2,-4,0,0.0,1,0,54000,4,12,11,White,57.196,0,0
3773,0.0,0,1,0,5,3,0,2,2,2,1,1,-4,1,0.0,1,0,54000,4,12,11,White,44.338,0,0
3774,0.0,0,0,0,0,0,0,2,1,3,2,1,-4,0,0.0,2,-4,-4,5,12,12,White,36.293,0,0
3775,0.0,0,0,0,0,0,1,2,2,4,2,2,-4,0,0.0,2,-4,-4,5,12,12,White,17.978,0,0
3776,0.0,0,0,0,0,0,1,3,2,1,1,1,-4,0,0.0,2,0,83800,5,12,12,White,0.0,0,0
3777,1.0,0,0,0,0,0,8,2,2,3,3,2,3,0,0.0,1,0,73710,4,12,16,Other,70.011,0,0
3778,0.0,0,0,0,1,0,0,2,1,5,2,2,2,0,,2,0,1150,4,12,8,White,4.468,0,0
3779,0.0,0,0,0,0,0,0,1,1,4,1,3,-4,0,0.0,2,0,1150,4,12,8,White,25.7,0,0
3780,,,0,0,0,0,0,2,2,4,2,1,1,0,,1,-4,-4,5,10,12,White,47.193,-5,-5
3781,,,0,0,0,0,0,1,1,2,1,1,-4,0,,1,-4,-4,5,10,12,White,73.929,-5,-5
3782,0.0,0,0,0,3,0,3,2,1,3,4,3,3,1,1.0,2,0,2050,3,12,14,White,-0.004,0,0
3783,1.0,0,0,0,0,0,2,2,2,3,1,1,-4,0,0.0,1,0,-3,3,12,14,Black,13.882,0,0
3784,1.0,0,0,0,0,0,3,2,3,4,2,1,3,0,0.0,2,0,25500,6,12,16,White,65.158,-5,-5
3785,0.0,0,0,0,0,1,3,2,2,3,1,1,-4,1,0.0,1,0,25500,6,12,16,White,30.634,-5,-5
3786,1.0,0,0,0,0,0,1,1,3,1,1,1,-4,0,0.0,2,0,130001,4,18,12,White,66.003,-5,-5
3787,1.0,0,0,0,0,1,2,1,1,1,2,1,-4,1,1.0,1,0,65000,5,16,16,White,94.489,0,0
3788,0.0,,0,0,0,0,0,2,2,2,1,1,-4,1,,1,-4,-4,5,12,14,Black,50.929,-5,-5
3789,0.0,0,0,0,0,0,0,2,1,2,1,2,-4,1,1.0,2,0,24350,5,16,19,Black,92.11,0,0
3790,0.0,,1,0,0,1,0,2,2,1,1,1,1,-3,,1,0,90000,3,11,10,Black,14.769,-5,-5
3791,1.0,0,0,0,4,0,2,2,3,4,4,3,3,0,0.0,2,-4,-4,4,14,12,Black,68.816,0,0
3792,0.0,0,0,0,0,0,2,3,1,3,3,1,-4,1,,1,-4,-4,4,-3,12,Black,32.207,0,0
3793,0.0,0,0,1,0,1,0,1,1,1,1,2,-4,0,0.0,1,0,7500,5,-3,11,Black,17.35,0,0
3794,1.0,,0,0,0,0,13,2,2,5,3,2,5,0,,1,0,47560,2,-4,7,Black,-0.004,-5,-5
3795,0.0,0,1,1,0,2,2,4,4,4,1,1,-4,0,,1,0,19200,6,10,9,Black,18.019,0,0
3796,0.0,0,1,0,0,0,2,3,4,4,2,4,-4,1,,1,0,19200,6,10,9,Black,23.837,0,0
3797,0.0,0,0,0,0,0,2,1,2,1,1,3,-4,1,0.0,1,0,6750,6,-3,8,Black,0.612,1,-2
3798,,,0,0,0,1,2,1,1,2,1,1,-4,0,,2,1,500,4,12,11,Black,8.248,-5,-5
3799,1.0,0,0,0,0,0,0,2,3,3,1,-2,-2,1,0.0,2,-4,-4,4,12,13,Hispanic,29.629,0,0
3800,1.0,0,0,0,0,0,3,2,1,1,1,1,-4,1,0.0,1,-4,-4,4,12,13,Hispanic,70.496,0,0
3801,0.0,0,0,0,0,0,3,2,1,4,3,1,4,1,,2,0,9200,3,12,12,Black,15.675,-5,-5
3802,0.0,0,0,1,0,0,1,2,4,1,1,1,-4,0,0.0,1,0,204001,4,-4,-4,Other,49.178,0,0
3803,0.0,0,0,0,2,1,8,2,2,4,3,1,5,1,1.0,2,0,7900,7,12,12,White,72.593,0,0
3804,,,0,0,0,0,3,2,2,1,1,1,-4,0,,2,0,-3,2,-4,8,Black,42.53,-5,-5
3805,0.0,0,0,0,1,1,11,2,3,4,3,3,4,0,0.0,1,0,19750,3,12,14,White,68.082,0,0
3806,0.0,0,0,0,0,0,17,2,2,2,3,5,1,0,0.0,2,0,1750,4,-3,10,Black,2.504,0,-4
3807,1.0,0,0,0,0,0,7,1,2,1,1,1,-4,0,0.0,2,0,17500,4,12,10,Black,34.753,0,0
3808,0.0,0,0,0,0,1,3,2,2,4,1,2,5,0,0.0,1,1,3750,6,16,12,Black,5.094,0,0
3809,0.0,0,0,0,0,0,21,2,2,3,1,1,-4,0,0.0,1,1,3750,6,15,12,Black,71.763,0,1
3810,0.0,0,0,0,0,0,10,3,4,2,2,1,5,0,0.0,2,0,7500,4,12,9,Hispanic,27.285,-5,-5
3811,0.0,0,0,0,2,0,8,2,3,2,2,1,3,0,1.0,1,0,7500,4,-3,11,Hispanic,18.042,0,-4
3812,0.0,0,0,0,0,0,5,3,2,3,2,2,3,0,0.0,2,-4,-4,5,12,10,Black,7.263,0,0
3813,1.0,0,0,0,0,0,1,2,3,1,2,1,1,0,0.0,1,-4,-4,4,9,12,White,-0.004,0,0
3814,1.0,0,0,0,0,0,3,2,2,3,3,1,3,0,0.0,1,0,28500,7,12,12,White,38.487,0,0
3815,1.0,0,0,1,0,0,6,2,2,4,3,1,2,0,0.0,2,0,28500,7,16,16,Hispanic,48.361,0,0
3816,1.0,0,0,0,0,0,3,1,2,2,1,1,-4,0,0.0,1,0,28500,7,16,-3,White,89.749,0,0
3817,1.0,0,0,0,0,0,0,1,1,1,1,1,-4,0,0.0,1,0,-3,4,19,18,Asian,-0.004,-5,-5
3818,0.0,0,0,3,2,0,13,2,3,4,4,2,4,1,1.0,2,0,12300,5,7,14,White,-0.004,0,0
3819,0.0,0,0,0,0,0,5,2,3,3,3,1,4,0,0.0,2,0,600000,6,12,12,White,49.114,0,0
3820,0.0,0,0,1,30,0,7,2,1,4,3,4,-4,1,0.0,2,0,600000,6,12,12,White,28.611,0,0
3821,1.0,0,0,0,0,0,0,1,2,3,1,2,-4,0,0.0,2,0,13450,3,12,14,Black,58.256,0,-2
3822,1.0,0,0,0,1,0,3,2,3,3,3,2,-4,0,0.0,2,1,-38000,2,12,16,White,96.184,0,0
3823,0.0,0,0,0,0,0,8,3,3,1,1,1,-4,0,0.0,2,0,650,3,13,14,Other,86.672,0,-2
3824,0.0,0,0,1,0,0,4,2,3,3,4,2,3,0,,2,0,129000,3,17,10,White,34.543,0,0
3825,0.0,0,0,0,30,0,5,1,4,4,2,3,4,0,0.0,2,-4,-4,4,-3,9,White,-0.004,0,-4
3826,0.0,0,0,0,0,1,2,2,2,4,3,1,-4,0,0.0,1,0,206001,6,11,-3,Black,-0.004,0,0
3827,1.0,0,1,0,0,2,2,2,2,2,1,1,-4,0,0.0,1,0,206001,6,12,14,Black,4.788,0,0
3828,0.0,0,1,0,8,0,9,2,2,4,2,1,1,-3,0.0,2,0,57600,4,12,11,White,17.477,0,0
3829,0.0,0,0,0,0,0,7,2,2,1,1,1,-4,0,0.0,1,0,-3,4,12,14,White,19.14,0,0
3830,0.0,0,0,0,0,3,6,3,3,5,5,2,5,0,0.0,2,0,29500,5,9,14,White,18.671,0,0
3831,0.0,0,0,0,0,2,5,3,3,4,5,3,2,1,0.0,1,0,29500,5,9,14,White,7.832,0,0
3832,0.0,0,0,0,0,0,5,2,2,4,3,1,4,0,0.0,2,0,8108,5,14,10,White,83.914,0,0
3833,0.0,0,0,0,0,0,7,2,2,2,2,1,2,0,0.0,2,0,41238,3,9,12,White,30.887,0,0
3834,0.0,0,0,1,2,0,33,3,3,2,2,1,1,1,0.0,1,0,14503,4,16,12,White,-0.004,-5,-5
3835,0.0,0,0,0,3,0,10,3,2,5,3,4,3,1,0.0,1,1,1500,4,9,12,White,-0.004,0,-2
3836,1.0,0,0,0,0,0,0,2,2,3,3,1,4,0,0.0,1,0,73600,2,-4,12,Black,-0.004,0,0
3837,1.0,0,0,0,0,0,5,1,1,1,1,-2,-4,0,1.0,2,0,-3,2,14,14,White,63.904,0,0
3838,0.0,1,1,0,2,0,1,2,2,2,1,1,-4,1,1.0,2,0,-3,3,14,14,White,97.26,0,0
3839,0.0,0,0,1,0,0,25,2,3,3,3,2,3,0,,1,0,85700,4,-4,-3,White,54.468,0,0
3840,0.0,0,0,0,20,0,25,2,3,1,1,1,-4,0,0.0,1,0,85700,4,-4,-3,White,0.288,0,0
3841,0.0,0,0,0,0,0,2,2,2,2,1,1,2,1,,2,-4,-4,4,12,12,Black,67.063,0,0
3842,0.0,0,0,0,0,0,2,2,3,4,5,1,-4,1,,2,-4,-4,4,12,12,Black,48.448,0,0
3843,1.0,0,0,0,1,0,2,1,3,1,2,1,-4,1,0.0,2,0,20550,5,12,12,White,55.197,-5,-5
3844,0.0,0,0,0,0,1,15,2,2,5,5,3,5,0,,1,-4,-4,5,-3,-3,Black,16.014,0,0
3845,0.0,0,0,0,0,0,7,2,2,1,1,1,-4,0,,1,-4,-4,5,-3,-3,Black,25.193,-5,-5
3846,0.0,0,0,0,0,0,0,2,2,1,1,1,-4,1,,2,-4,-4,3,19,14,Black,-0.004,-5,-5
3847,1.0,0,0,0,1,0,6,4,3,2,1,-2,-4,0,0.0,2,0,1300,3,11,-4,White,51.417,0,0
3848,0.0,0,0,0,25,0,0,2,2,4,3,3,-4,0,0.0,1,0,8750,3,-4,12,White,73.451,0,0
3849,0.0,0,1,0,0,0,8,2,4,1,1,1,-4,1,1.0,1,0,50000,2,12,15,White,64.465,0,1
3850,1.0,0,0,0,0,0,0,1,1,2,1,1,1,0,0.0,1,0,42600,4,12,12,White,98.01,0,0
3851,0.0,0,0,0,0,0,0,3,4,3,1,1,-4,0,0.0,1,0,42600,4,12,12,White,49.927,0,0
3852,1.0,0,0,0,0,0,1,2,2,2,1,3,-4,0,0.0,1,0,34350,4,13,-4,White,94.494,0,0
3853,1.0,0,0,0,3,0,3,2,2,2,1,1,-4,1,1.0,2,0,34350,4,13,-4,White,80.259,0,0
3854,0.0,0,0,0,0,0,0,1,1,3,2,3,-4,0,0.0,1,0,-3,5,13,-3,Black,36.962,0,-4
3855,1.0,1,0,0,1,0,2,2,2,1,1,1,3,1,1.0,2,0,-3,4,13,14,Black,76.601,0,0
3856,0.0,0,0,0,0,0,0,2,3,3,-2,-2,-4,0,0.0,2,0,7500,4,12,12,Black,24.54,0,1
3857,0.0,0,0,0,0,1,0,3,2,4,1,1,-4,0,0.0,1,1,7900,5,-3,13,Black,5.653,0,0
3858,0.0,0,0,0,0,0,2,2,2,1,1,1,-4,-3,0.0,1,0,3750,8,-4,-3,Black,-0.004,0,0
3859,0.0,0,1,0,0,0,20,4,2,3,3,1,1,0,,1,0,86000,3,12,12,Black,4.327,0,0
3860,0.0,0,0,0,0,0,0,1,1,4,5,3,-4,1,0.0,1,0,-3,4,12,13,Black,30.806,0,0
3861,0.0,0,0,0,0,0,1,2,3,3,1,2,3,-1,0.0,2,0,-3,3,12,13,Black,11.508,-5,-5
3862,1.0,0,1,0,0,1,12,2,2,5,3,1,-4,0,1.0,2,0,1250,4,13,14,Black,40.155,0,0
3863,0.0,0,0,0,0,0,11,2,1,2,1,1,5,0,0.0,1,-4,-4,11,-3,11,Black,21.505,0,0
3864,0.0,0,0,0,0,0,4,2,2,5,4,4,4,0,0.0,2,0,52000,4,12,12,Black,7.497,0,0
3865,1.0,0,0,0,0,2,3,1,3,3,3,4,4,0,0.0,2,0,25000,3,12,16,Black,64.478,0,0
3866,1.0,0,0,0,0,0,10,2,1,1,1,1,-4,0,0.0,2,0,18500,3,-3,10,Black,-0.004,0,1
3867,1.0,0,0,0,2,0,4,1,1,2,1,1,-4,0,0.0,2,-4,-4,4,-3,12,Black,23.558,0,-2
3868,0.0,0,0,0,0,0,11,2,2,1,1,1,-4,0,0.0,2,-4,-4,4,16,12,Black,5.908,0,1
3869,0.0,0,0,0,0,0,10,2,2,5,2,1,3,0,0.0,2,0,58301,8,11,12,Black,1.758,0,0
3870,0.0,0,0,0,1,0,1,2,1,3,4,3,-4,1,1.0,2,0,-3,4,10,-3,White,-0.004,0,0
3871,0.0,0,0,0,0,0,4,2,3,5,4,-2,5,0,0.0,1,-4,-4,4,14,12,White,10.896,0,0
3872,0.0,0,0,0,1,0,4,2,2,3,3,4,4,0,,1,0,138850,5,14,12,White,3.956,0,0
3873,1.0,0,0,0,0,0,0,2,2,3,2,1,3,1,,2,0,62000,2,12,12,White,34.437,-5,-5
3874,1.0,0,0,0,1,0,2,2,2,3,2,2,-4,0,0.0,2,0,-250,2,-3,12,White,77.919,0,0
3875,1.0,0,0,0,2,0,5,2,3,4,3,1,2,0,0.0,2,-4,-4,8,16,12,Other,18.95,-5,-5
3876,0.0,0,0,0,1,0,6,2,2,1,1,1,-4,1,0.0,1,0,8780,4,12,11,White,11.377,0,0
3877,0.0,0,0,3,1,2,2,2,3,2,1,1,-4,0,0.0,1,0,2550,4,11,12,Black,-0.004,0,0
3878,1.0,0,0,0,4,0,1,2,2,4,4,3,-4,0,0.0,1,0,141001,2,16,16,Black,85.277,0,0
3879,1.0,0,0,0,0,1,0,2,2,1,1,1,-4,0,0.0,2,0,17500,8,12,12,Black,20.572,0,0
3880,1.0,0,0,0,0,0,0,3,2,5,1,1,-4,0,,1,0,27500,5,12,14,Black,-0.004,0,0
3881,1.0,0,0,0,0,0,3,2,2,3,2,1,-4,0,,1,0,170501,8,12,12,White,45.585,0,0
3882,0.0,0,0,0,4,0,4,2,2,3,3,2,3,0,0.0,1,0,-1100,2,-3,10,White,64.763,0,0
3883,1.0,0,0,0,0,0,0,1,2,3,4,1,1,0,0.0,2,0,31350,6,13,12,White,20.662,-5,-5
3884,1.0,0,0,0,0,1,5,2,2,1,1,1,-4,0,0.0,1,0,74500,5,12,17,Black,69.099,0,0
3885,0.0,0,0,0,0,0,15,1,1,3,1,2,-4,0,0.0,2,0,77300,3,12,13,Black,19.183,0,0
3886,0.0,0,1,-3,1,1,10,2,2,1,2,4,3,1,0.0,1,0,20500,4,-4,-3,Black,4.313,0,-4
3887,1.0,0,0,0,0,0,0,2,2,5,4,2,5,0,0.0,2,0,24500,4,12,12,Black,57.903,0,-2
3888,0.0,0,0,0,0,0,10,2,2,4,-2,-2,-4,0,,1,0,24500,4,12,12,Black,32.051,0,0
3889,0.0,0,0,3,0,0,6,1,1,5,1,2,4,0,0.0,1,1,38150,3,9,6,White,-0.004,0,0
3890,0.0,0,0,0,1,0,7,2,3,3,2,2,-4,0,0.0,2,0,405500,3,11,12,Hispanic,32.079,0,0
3891,1.0,0,0,0,0,0,1,1,2,3,3,2,2,0,1.0,2,0,-3,3,10,12,Hispanic,57.597,0,0
3892,0.0,0,1,0,2,1,10,2,2,4,3,2,5,0,,1,0,-3,5,14,12,White,5.17,0,0
3893,0.0,0,0,0,1,1,2,1,4,3,1,1,-4,0,0.0,1,0,-3,5,14,12,White,-0.004,-2,0
3894,0.0,0,0,0,0,0,6,2,2,4,4,2,3,0,0.0,2,0,246300,5,16,16,White,100.0,0,0
3895,1.0,0,0,0,2,0,5,1,2,2,1,1,1,0,0.0,1,0,329001,6,20,18,White,93.197,0,0
3896,1.0,0,0,0,0,1,6,2,1,1,1,1,-4,0,0.0,1,0,329001,6,20,18,White,91.167,0,0
3897,0.0,0,0,0,0,0,6,2,2,2,1,1,-4,0,0.0,2,0,63500,4,12,12,White,79.235,-5,-5
3898,1.0,,0,0,0,0,2,2,1,1,1,1,-4,0,,1,0,130700,4,12,12,White,-0.004,-5,-5
3899,1.0,0,0,0,0,0,5,2,2,4,4,1,3,0,0.0,2,0,136750,4,9,9,White,24.565,0,0
3900,0.0,0,0,0,0,0,7,2,2,2,2,1,-4,0,0.0,2,0,322500,4,12,12,White,70.455,0,0
3901,1.0,0,0,0,0,0,3,1,1,1,1,1,-4,0,0.0,2,0,-650,4,12,12,White,40.735,-5,-5
3902,0.0,0,0,0,0,0,2,2,2,1,1,1,-4,0,,1,0,130400,3,12,12,White,28.389,-5,-5
3903,1.0,0,0,0,0,0,0,2,2,2,4,1,5,0,0.0,1,0,117000,5,12,12,White,80.478,-5,-5
3904,0.0,0,0,0,0,0,15,2,1,3,2,1,1,0,,1,0,169400,3,14,12,White,39.64,0,0
3905,0.0,0,0,0,0,0,5,2,2,3,2,2,4,0,0.0,2,0,158500,5,16,12,White,76.418,0,0
3906,1.0,0,0,0,0,0,3,1,1,1,1,1,-4,0,0.0,2,0,158500,5,16,12,White,84.568,-5,-5
3907,0.0,0,0,0,2,0,3,4,2,5,4,1,-4,1,0.0,2,0,73500,3,16,14,White,-0.004,0,0
3908,1.0,0,0,0,1,0,0,2,2,2,1,1,-4,1,0.0,1,0,22500,4,10,12,White,36.408,0,0
3909,0.0,1,0,0,1,1,37,4,4,5,3,3,2,1,0.0,2,0,-3,2,10,12,White,-0.004,-5,-5
3910,0.0,0,0,0,0,0,1,3,3,1,1,1,-4,0,0.0,1,0,1750,5,12,12,White,-0.004,0,0
3911,1.0,0,0,0,1,0,3,2,2,3,3,2,4,0,0.0,2,0,72600,5,11,12,White,78.206,0,0
3912,0.0,0,0,0,0,0,20,1,2,5,5,3,5,0,0.0,2,0,108500,5,8,16,White,55.963,0,0
3913,0.0,0,1,0,0,0,5,1,1,1,1,1,-4,0,0.0,2,0,108500,5,8,16,White,8.275,0,1
3914,,,0,0,0,0,1,2,2,5,3,1,3,0,,1,0,-3,3,12,12,White,-0.004,-5,-5
3915,1.0,0,0,0,0,0,1,1,1,2,1,1,-4,0,0.0,1,0,193000,3,12,13,White,34.061,0,1
3916,1.0,0,0,0,0,0,3,2,2,2,2,1,-4,0,0.0,2,0,100753,3,11,16,Asian,95.754,0,0
3917,0.0,0,0,0,0,0,2,3,4,4,5,3,5,0,,1,0,20500,4,9,12,Hispanic,7.931,-5,-5
3918,0.0,0,0,0,0,0,3,1,1,1,1,2,-4,0,0.0,1,0,20500,4,9,12,Black,0.0,0,0
3919,0.0,0,0,1,0,0,3,3,1,4,4,1,5,1,,2,0,4750,6,-3,12,Black,4.392,-5,-5
3920,0.0,0,0,0,2,2,0,2,2,1,1,1,-4,0,0.0,2,0,4750,5,16,16,Black,14.216,0,0
3921,0.0,0,1,8,0,0,14,2,2,5,5,1,-2,0,0.0,1,-4,-4,6,-4,8,Black,6.94,1,1
3922,0.0,0,0,0,0,1,35,2,2,1,-2,-2,-4,0,0.0,2,-4,-4,6,-4,-4,Black,0.71,1,1
3923,0.0,0,0,3,0,0,50,2,2,3,2,1,3,0,0.0,1,-4,-4,6,-4,-3,Black,9.831,0,0
3924,0.0,0,0,0,1,2,6,3,2,1,1,1,-4,1,,2,-4,-4,6,-4,-4,Black,1.658,0,0
3925,0.0,0,1,1,0,1,5,2,2,3,3,2,-4,0,0.0,2,-4,-4,6,-4,-4,Black,5.406,0,0
3926,0.0,0,0,0,0,0,0,3,3,1,1,5,-4,1,0.0,2,-4,-4,5,-3,6,Black,1.732,-5,-5
3927,0.0,0,0,0,0,0,10,2,2,-2,-2,-2,-2,0,0.0,2,-4,-4,5,-3,6,Black,-0.004,0,0
3928,0.0,0,0,0,0,1,99,4,3,1,1,1,-4,0,0.0,2,-4,-4,5,-3,6,Black,2.493,0,0
3929,0.0,0,0,1,0,0,0,2,3,1,1,2,-4,0,0.0,1,0,1750,5,-3,13,Black,10.672,0,0
3930,0.0,0,0,0,-4,-4,-4,3,3,2,1,4,3,0,,2,-4,-4,5,-3,12,Hispanic,-0.004,1,0
3931,0.0,0,1,0,-4,-4,-4,2,2,1,1,1,1,0,,1,-4,-4,5,-3,-3,Hispanic,-0.004,1,-4
3932,0.0,0,0,0,0,0,30,2,1,3,2,1,3,0,0.0,2,0,1500,5,-4,8,Hispanic,-0.004,0,0
3933,0.0,0,0,0,-4,-4,-4,2,3,1,1,1,1,0,0.0,2,0,3100,8,3,3,Hispanic,-0.004,-5,-5
3934,0.0,0,1,0,0,0,9,2,3,4,3,2,-4,0,0.0,2,-4,-4,5,-4,6,Hispanic,-0.004,0,0
3935,1.0,0,0,0,0,0,0,2,2,5,5,3,5,0,0.0,2,0,-3,3,16,17,Black,35.803,0,0
3936,0.0,0,1,0,2,1,3,3,2,3,1,2,-4,0,0.0,1,0,18300,4,9,12,White,56.976,0,0
3937,1.0,0,0,0,2,0,2,2,3,-2,-2,-2,-4,1,0.0,2,0,22800,4,10,13,White,71.841,-5,-5
3938,1.0,1,0,0,0,0,0,2,2,5,5,-2,-4,1,1.0,1,-4,-4,5,14,16,Asian,72.386,0,0
3939,0.0,0,0,0,0,0,4,1,2,4,4,1,-4,0,1.0,2,0,31900,2,16,16,White,93.719,0,0
3940,0.0,0,1,0,0,0,-2,2,2,2,2,1,-4,0,0.0,2,-4,-4,3,16,12,Black,62.677,0,0
3941,0.0,0,0,0,0,0,0,2,2,1,1,1,-4,0,,2,0,6820,4,12,-3,White,15.353,0,0
3942,0.0,0,1,1,0,4,0,1,1,5,5,2,1,0,0.0,1,0,3750,2,-3,-3,Black,-0.004,0,0
3943,1.0,0,0,0,0,0,13,2,3,3,3,1,4,0,0.0,2,0,80000,4,15,12,White,88.401,0,0
3944,1.0,0,0,0,0,0,3,1,2,1,1,1,1,1,0.0,1,0,80000,4,15,12,White,99.296,0,0
3945,0.0,1,0,0,0,1,0,3,2,5,2,1,3,0,0.0,2,0,49520,4,12,10,White,-0.004,0,0
3946,0.0,0,0,0,10,0,6,2,2,4,1,1,2,1,0.0,1,0,49520,4,12,10,White,-0.004,0,-2
3947,0.0,0,1,0,2,0,6,2,3,3,1,1,-4,0,0.0,1,-4,-4,7,-3,-3,White,33.725,0,0
3948,,,0,0,0,0,6,2,3,5,2,2,-4,0,,2,0,-3,4,12,12,White,-0.004,-5,-5
3949,0.0,0,1,0,0,0,15,2,2,2,2,1,3,0,0.0,1,0,38400,4,12,12,White,4.823,0,0
3950,0.0,0,1,1,0,2,15,3,2,4,1,1,3,0,1.0,1,-4,-4,3,12,12,White,-0.004,0,0
3951,0.0,0,1,1,0,0,2,2,3,3,1,1,-4,1,0.0,1,0,16750,3,15,16,Black,46.822,-5,-5
3952,0.0,0,0,0,0,0,2,2,3,4,3,2,5,0,0.0,2,0,111700,5,7,10,White,43.916,0,0
3953,0.0,0,0,0,0,0,2,2,2,4,2,1,3,0,1.0,1,0,111700,5,11,12,White,42.865,-2,0
3954,0.0,0,0,0,0,0,-2,1,2,2,1,1,-4,0,,2,-4,-4,4,-4,-3,White,19.523,-5,-5
3955,0.0,0,0,0,0,0,25,2,2,3,3,2,4,0,0.0,2,-4,-4,3,12,12,White,10.529,0,0
3956,1.0,0,0,0,0,0,4,2,3,3,3,1,5,1,0.0,1,0,-3,8,12,12,Black,64.517,0,0
3957,0.0,0,0,0,1,0,3,2,2,4,4,1,5,0,0.0,1,0,-3,8,12,12,Black,60.496,0,0
3958,0.0,0,0,4,0,0,0,3,3,3,2,1,-4,1,,1,0,-3,8,-4,-4,Black,32.983,0,0
3959,1.0,0,0,0,0,0,0,3,4,2,1,1,-4,0,0.0,1,-2,-3,8,12,12,Black,43.172,0,0
3960,1.0,0,0,0,0,0,2,2,2,1,1,1,-4,0,0.0,1,-4,-4,8,-4,-4,Black,72.105,0,0
3961,1.0,0,0,0,1,0,3,2,2,3,3,1,3,0,0.0,1,0,287800,5,13,13,White,94.225,-5,-5
3962,0.0,0,0,0,0,0,0,2,2,2,1,1,-4,1,0.0,1,0,287800,5,13,13,White,48.853,0,0
3963,1.0,,1,0,5,0,3,2,2,4,3,1,3,1,1.0,2,0,600000,4,16,12,White,73.198,-5,-5
3964,1.0,0,0,0,0,0,0,2,3,1,1,1,-4,0,0.0,2,0,600000,4,16,12,White,48.611,-5,-5
3965,1.0,0,0,0,0,0,0,1,1,1,1,1,-4,0,0.0,2,0,600000,4,16,16,White,83.563,0,0
3966,1.0,0,0,0,0,0,1,2,2,1,1,1,-4,0,0.0,2,0,600000,4,20,18,White,95.192,0,0
3967,1.0,0,1,0,0,0,5,3,2,2,2,1,-4,0,0.0,1,0,600000,4,-4,-4,White,88.964,0,-4
3968,1.0,0,0,0,0,0,4,2,2,3,1,1,-4,0,,2,0,600000,3,14,13,White,-0.004,0,0
3969,1.0,1,0,0,0,0,1,2,2,2,1,1,-4,0,0.0,1,0,380000,3,16,16,White,-0.004,0,0
3970,0.0,0,1,1,2,0,21,2,3,4,3,2,4,1,1.0,2,0,277500,5,10,15,White,90.829,0,0
3971,1.0,0,0,0,0,0,15,2,2,1,1,1,-4,0,0.0,2,0,277500,5,10,15,White,91.959,0,0
3972,0.0,0,0,0,1,0,15,3,4,4,5,3,4,0,,2,0,3200,4,12,10,White,34.112,0,0
3973,1.0,0,0,0,0,0,0,2,4,2,1,1,-4,0,0.0,2,0,157700,4,12,12,Black,2.995,0,1
3974,1.0,0,0,2,0,1,3,2,2,3,2,1,-4,0,0.0,1,0,157700,4,12,12,Black,26.896,0,1
3975,1.0,,0,0,0,0,1,1,1,5,5,1,5,0,,2,0,221000,3,16,16,White,-0.004,-5,-5
3976,1.0,0,1,0,0,0,15,3,2,2,1,1,-4,1,,2,-4,-4,4,12,14,White,63.859,0,0
3977,0.0,0,0,0,0,0,2,1,1,1,1,1,-4,0,,2,0,5750,4,12,10,White,-0.004,0,0
3978,1.0,0,0,0,0,0,0,2,2,3,3,1,3,0,,2,0,131350,2,16,17,White,29.481,-5,-5
3979,1.0,0,0,0,0,0,2,2,3,5,4,1,5,0,0.0,2,0,129100,5,12,12,White,23.138,0,0
3980,1.0,0,0,0,0,0,3,1,1,1,1,1,-4,0,0.0,1,0,129100,5,12,12,White,78.098,0,0
3981,0.0,0,0,0,0,2,4,2,2,2,1,2,-4,0,,1,0,35250,3,10,8,White,30.16,0,0
3982,1.0,0,0,1,0,0,3,2,3,3,2,1,3,0,1.0,2,0,239800,3,16,14,White,50.632,0,0
3983,1.0,0,0,0,0,0,6,1,1,1,1,1,-4,0,0.0,2,0,9000,3,12,10,White,80.897,0,-4
3984,0.0,0,1,3,3,0,10,1,3,3,1,1,-4,0,0.0,2,0,28250,4,13,14,White,7.752,0,0
3985,1.0,0,0,0,0,0,0,1,1,5,2,1,3,0,,2,0,120000,4,14,12,White,-0.004,0,0
3986,0.0,0,0,0,2,2,13,2,4,4,1,2,-4,1,,1,0,120000,4,14,12,White,-0.004,-5,-5
3987,0.0,0,0,0,0,0,3,2,3,3,1,1,1,0,,1,0,-3,4,16,12,White,18.439,-5,-5
3988,0.0,0,0,0,0,0,2,2,2,1,1,1,1,0,0.0,1,0,40750,4,20,20,White,84.913,-5,-5
3989,0.0,0,0,0,0,0,1,1,2,1,1,1,1,0,0.0,2,0,40750,4,18,14,White,99.379,-5,-5
3990,1.0,0,0,0,1,0,3,2,2,3,1,1,1,0,,2,0,252500,3,12,14,White,35.34,-5,-5
3991,0.0,0,0,0,0,0,6,3,2,4,4,2,4,1,0.0,1,0,42900,2,14,16,White,28.1,0,0
3992,1.0,0,0,0,0,0,6,2,2,4,2,1,3,0,0.0,2,0,36500,3,14,12,White,37.994,0,0
3993,0.0,0,0,0,0,1,5,2,2,2,1,1,-4,1,0.0,1,0,36500,3,14,12,White,31.022,0,0
3994,0.0,0,0,0,3,0,15,2,4,2,1,3,-4,0,0.0,1,0,90000,4,16,12,White,82.895,-5,-5
3995,0.0,0,1,1,-4,-4,-4,2,1,2,-2,1,-4,0,,1,0,26250,6,12,10,White,1.21,0,0
3996,0.0,0,1,0,0,0,5,2,4,3,3,2,-4,0,,1,0,26250,6,12,10,White,9.246,0,0
3997,0.0,0,0,0,-2,1,-2,3,4,3,3,2,4,0,,1,0,-3,5,11,12,White,13.266,-5,-5
3998,1.0,0,0,0,1,0,2,2,2,3,2,2,-4,0,0.0,1,0,-3,2,16,14,White,45.561,-5,-5
3999,1.0,0,0,0,0,0,0,2,3,3,3,2,-4,0,,2,0,-1250,4,-4,-3,Hispanic,49.856,-5,-5
4000,1.0,0,0,0,2,0,1,2,2,2,3,1,2,0,1.0,2,0,165500,4,10,9,White,77.97,0,0
4001,0.0,0,1,2,0,0,2,3,3,2,3,1,4,0,0.0,1,0,58200,3,13,12,White,-0.004,0,0
4002,1.0,0,0,0,0,0,3,2,3,2,2,1,-4,0,0.0,1,0,-3,3,14,12,White,80.175,0,0
4003,1.0,0,0,0,0,2,3,4,3,2,4,1,3,0,0.0,1,0,205500,5,17,12,White,95.276,0,0
4004,1.0,0,0,0,1,1,0,2,2,1,1,1,-4,0,0.0,1,0,205500,5,17,12,Hispanic,81.914,0,0
4005,1.0,0,0,0,0,0,2,2,2,4,2,1,2,0,,1,1,318750,4,12,11,White,41.692,0,0
4006,1.0,0,0,0,0,0,3,2,2,1,1,1,-4,1,0.0,1,0,176250,5,13,12,Hispanic,31.636,0,0
4007,0.0,0,1,1,5,1,17,3,3,3,3,2,3,1,,1,-4,-4,2,12,12,White,-0.004,0,0
4008,1.0,0,0,0,0,0,0,2,2,1,1,1,-4,0,0.0,1,0,157500,4,12,13,White,76.716,0,0
4009,0.0,0,0,0,0,0,1,2,2,2,2,1,3,1,0.0,1,-4,-4,4,12,13,White,59.169,0,0
4010,1.0,0,0,0,0,0,0,2,2,4,5,1,5,0,,2,0,32750,6,16,15,White,40.462,0,-2
4011,1.0,0,0,0,0,0,0,2,2,1,2,1,3,0,0.0,1,0,222500,4,14,14,White,97.1,-5,-5
4012,1.0,0,0,0,0,0,0,2,2,2,2,1,-4,0,0.0,2,0,34950,4,15,16,White,48.17,0,0
4013,1.0,0,0,0,0,0,1,2,2,2,1,1,-4,0,0.0,1,0,34950,4,15,16,White,82.439,-5,-5
4014,0.0,0,1,0,0,0,12,2,2,2,2,1,3,0,0.0,1,0,38800,4,10,14,White,74.589,0,0
4015,1.0,,0,0,40,1,11,2,1,5,1,1,-4,1,0.0,2,0,2590,5,14,13,White,50.945,0,0
4016,0.0,0,1,0,2,1,1,1,1,2,2,1,-2,-3,0.0,1,0,5750,3,12,10,White,84.179,0,0
4017,1.0,0,0,0,0,0,2,2,2,1,1,1,-4,1,0.0,2,0,5750,3,12,10,White,86.312,0,0
4018,1.0,0,0,0,0,0,3,2,1,2,4,1,2,0,0.0,2,-4,-4,4,12,14,White,68.486,-5,-5
4019,1.0,0,0,0,0,0,4,2,2,1,1,1,-4,0,0.0,2,0,16700,4,12,11,White,62.473,0,0
4020,1.0,0,0,0,0,0,3,2,1,4,4,1,4,0,0.0,2,0,84500,4,12,13,White,-0.004,0,0
4021,0.0,0,1,0,0,0,2,2,2,4,4,2,4,0,0.0,1,-4,-4,4,12,12,White,51.512,0,0
4022,1.0,0,1,0,2,0,4,2,1,4,1,1,-4,0,0.0,2,0,103401,2,-4,-4,White,89.509,0,0
4023,1.0,0,0,0,0,0,3,2,1,2,1,1,-4,0,0.0,2,0,96000,6,14,14,White,71.064,-5,-5
4024,1.0,0,0,0,0,0,20,2,2,5,4,3,-4,0,0.0,2,0,588000,4,15,13,Black,55.552,0,0
4025,0.0,0,0,0,1,0,3,2,3,4,2,2,3,1,0.0,1,0,-3,3,12,12,White,30.962,0,0
4026,1.0,0,1,0,0,0,6,2,4,3,4,1,4,0,0.0,2,0,63500,2,16,16,White,82.367,0,0
4027,1.0,1,0,0,7,0,0,1,3,4,4,2,3,1,0.0,2,0,196000,4,-3,-3,White,-0.004,0,0
4028,1.0,0,0,0,0,0,12,3,2,4,3,1,3,0,0.0,2,0,163000,6,17,16,White,67.295,0,0
4029,1.0,0,0,0,50,5,4,1,1,3,1,1,-4,1,0.0,1,0,163000,6,12,16,White,29.708,-5,-5
4030,1.0,0,1,1,2,1,7,2,1,2,2,2,1,1,1.0,1,0,99312,5,12,12,White,61.733,0,-2
4031,0.0,0,0,0,1,0,1,2,3,4,3,2,3,0,1.0,1,0,26250,3,12,12,White,37.429,0,0
4032,1.0,0,0,0,0,0,2,2,3,4,4,1,4,0,0.0,2,-4,-4,4,-3,16,White,79.132,0,-4
4033,1.0,0,1,2,0,0,2,2,2,3,2,1,1,1,0.0,1,-4,-4,4,-3,16,White,47.261,0,-4
4034,1.0,1,0,0,0,0,0,2,1,4,3,2,3,0,0.0,2,0,100200,3,14,14,White,76.785,0,0
4035,0.0,0,1,3,4,0,3,2,3,3,4,1,2,0,0.0,2,0,106500,4,12,9,White,16.52,0,0
4036,0.0,0,1,0,0,0,4,2,2,4,2,1,-4,0,,2,0,106500,4,12,9,White,17.482,-5,-5
4037,0.0,1,0,0,0,0,2,2,2,3,2,2,2,0,0.0,1,0,154000,5,13,12,White,50.927,0,0
4038,1.0,0,0,0,0,0,0,2,2,3,3,1,-4,0,0.0,1,0,89500,4,-4,12,White,60.022,0,0
4039,0.0,0,0,0,0,0,3,2,4,5,5,3,-4,0,0.0,2,0,37500,2,-3,16,Black,57.287,-5,-5
4040,1.0,0,0,0,0,0,10,2,3,3,3,3,-4,0,0.0,2,0,161000,6,12,12,White,98.952,-5,-5
4041,1.0,0,0,0,5,0,15,2,1,2,1,1,-4,0,0.0,1,0,161000,6,12,12,White,82.357,0,0
4042,0.0,0,0,0,0,0,6,2,3,4,4,1,4,0,0.0,2,0,168500,5,12,12,White,74.997,-5,-5
4043,0.0,0,0,2,0,2,1,2,1,3,3,3,3,0,,1,0,9755,4,10,-3,White,12.203,-5,-5
4044,0.0,0,1,-3,0,10,22,4,4,2,3,4,-4,1,,1,0,9755,4,12,12,White,17.032,-5,-5
4045,0.0,1,0,0,2,0,10,1,1,1,1,1,-4,0,0.0,1,1,7750,2,16,12,White,-0.004,-2,0
4046,0.0,0,0,0,0,0,2,2,2,3,4,2,4,0,1.0,2,0,7156,4,12,17,Black,23.807,0,0
4047,1.0,0,1,0,1,0,3,2,3,1,1,1,-4,0,0.0,2,0,7156,4,12,17,Black,25.528,0,0
4048,0.0,1,0,1,0,1,15,2,4,5,5,3,3,1,1.0,1,0,27659,5,10,12,White,0.297,-5,-5
4049,1.0,0,0,0,0,0,3,1,1,2,1,1,1,0,0.0,2,0,-3,4,12,12,White,56.619,0,0
4050,1.0,0,0,0,0,0,2,2,2,2,1,1,1,1,0.0,1,0,18750,5,12,12,White,83.346,-5,-5
4051,0.0,0,0,0,0,1,3,2,2,1,1,1,1,0,0.0,1,0,18750,5,12,12,White,27.025,0,0
4052,0.0,0,1,0,0,0,6,2,4,4,3,1,4,1,,2,0,20800,3,8,9,White,26.62,0,1
4053,1.0,0,0,0,0,0,0,1,1,3,3,3,2,0,0.0,2,0,1600,5,-3,-3,White,95.875,0,0
4054,1.0,0,0,0,0,0,9,2,2,2,2,1,1,1,0.0,1,0,13100,6,6,13,Hispanic,38.105,0,0
4055,0.0,0,0,0,0,0,3,3,4,4,4,3,2,0,0.0,2,0,13100,6,6,13,Hispanic,22.344,0,0
4056,0.0,0,1,5,0,1,0,2,4,1,1,1,1,0,0.0,1,-4,-4,4,-4,11,White,-0.004,-5,-5
4057,0.0,0,0,0,99,0,0,2,2,4,2,2,4,1,,1,0,61000,5,12,12,White,58.151,0,0
4058,1.0,0,0,0,0,0,0,2,2,3,2,2,-4,0,0.0,2,0,61000,5,12,12,Hispanic,45.178,0,0
4059,0.0,0,1,0,1,0,10,2,2,3,3,3,-4,1,0.0,1,0,94500,3,9,10,White,20.201,0,0
4060,0.0,0,0,0,0,0,10,2,3,2,1,1,-4,0,0.0,2,0,-487000,2,12,11,White,23.44,0,1
4061,0.0,0,1,0,0,0,10,2,2,3,3,2,3,0,0.0,2,0,27000,6,-4,-4,White,51.869,0,0
4062,1.0,0,0,0,0,0,0,2,2,3,3,1,3,1,1.0,2,0,17000,5,15,12,White,97.934,0,0
4063,0.0,0,1,1,0,1,5,2,2,4,4,3,4,0,0.0,1,-4,-4,2,12,12,Black,63.423,0,0
4064,1.0,0,0,0,5,0,2,2,3,4,2,1,2,0,0.0,1,0,98400,3,16,14,White,86.453,0,0
4065,0.0,0,0,0,1,0,6,2,2,3,4,1,3,0,0.0,1,-4,-4,7,12,12,White,77.986,-5,-5
4066,0.0,0,1,0,0,0,7,3,3,3,2,3,2,0,0.0,1,0,5300,7,12,12,White,2.659,0,0
4067,0.0,0,0,1,0,0,8,2,2,2,2,1,-4,0,0.0,2,0,5300,7,12,12,White,81.606,-5,-5
4068,0.0,,0,0,0,1,3,1,3,4,4,1,5,0,1.0,1,-4,-4,3,12,11,Black,-0.004,-5,-5
4069,0.0,0,1,0,0,0,3,2,2,3,1,1,-4,0,1.0,2,-4,-4,3,12,11,Black,2.427,-5,-5
4070,1.0,0,0,0,8,4,0,1,1,1,1,1,-4,0,0.0,1,0,-3,3,19,19,White,-0.004,0,0
4071,1.0,0,0,0,0,0,5,2,1,2,1,1,-4,1,0.0,2,0,96700,5,13,14,White,48.261,0,0
4072,0.0,0,0,0,1,0,7,3,2,1,4,1,3,1,0.0,1,0,8775,3,12,10,White,68.505,0,-4
4073,1.0,0,0,0,2,5,0,2,2,4,3,2,-4,0,0.0,1,0,19720,4,12,13,Other,19.289,0,0
4074,0.0,0,0,0,1,0,6,2,2,4,2,1,-4,1,0.0,2,0,68750,4,10,12,Other,66.855,0,0
4075,0.0,0,0,0,1,0,6,2,2,5,3,1,-4,0,,2,0,25000,4,10,10,White,82.276,1,0
4076,0.0,0,0,0,1,0,10,1,1,5,4,1,-4,0,0.0,2,0,25000,4,10,10,White,39.257,1,0
4077,1.0,0,0,0,0,0,3,2,3,3,1,2,-4,0,0.0,1,0,358701,3,16,16,White,3.086,0,0
4078,0.0,0,0,0,0,0,4,1,1,2,2,1,3,0,0.0,2,0,16000,3,12,12,White,36.106,0,0
4079,0.0,0,0,0,0,3,2,2,1,1,1,1,-4,0,1.0,1,0,16000,3,12,12,White,13.725,0,-4
4080,0.0,0,0,0,0,0,4,2,3,4,4,2,3,0,0.0,1,0,20500,4,16,14,Hispanic,62.642,0,0
4081,1.0,1,0,0,0,0,0,1,1,2,2,1,-4,0,0.0,2,0,-3,4,17,16,White,64.508,0,0
4082,1.0,0,0,0,0,0,2,3,4,4,2,1,-2,0,,2,-4,-4,5,-4,10,Black,-0.004,-5,-5
4083,1.0,1,0,0,0,0,6,1,2,2,-2,-2,-4,0,1.0,2,-4,-4,5,-4,10,Black,-0.004,-5,-5
4084,1.0,0,0,0,0,0,7,2,2,2,1,2,-4,0,0.0,1,0,-7950,2,-4,7,Hispanic,71.46,0,-4
4085,0.0,0,0,0,6,4,4,3,3,4,1,3,5,0,0.0,1,0,8450,3,14,14,White,-0.004,0,0
4086,0.0,0,1,1,0,3,1,2,3,3,1,2,-4,0,0.0,1,0,-1900,6,-4,10,White,-0.004,0,-2
4087,1.0,0,0,0,1,0,0,2,1,4,4,1,4,0,0.0,1,0,-3,5,15,12,White,53.215,0,0
4088,0.0,,0,0,0,0,20,2,2,4,3,3,4,0,,2,0,-3,5,15,12,White,69.965,-5,-5
4089,0.0,0,0,0,0,0,10,2,3,-2,-2,2,4,0,0.0,2,0,-3,5,12,12,Black,18.583,0,0
4090,1.0,0,0,0,0,0,0,2,2,1,1,1,-4,0,0.0,2,0,-3,5,12,12,Black,13.411,0,0
4091,0.0,1,0,0,0,0,7,4,3,2,1,5,-4,0,0.0,2,0,13850,4,-4,12,Black,13.573,0,0
4092,1.0,0,1,0,4,4,16,3,2,3,1,3,-4,1,0.0,2,0,-3,4,-3,14,Black,-0.004,0,0
4093,0.0,0,1,1,0,0,-2,1,-2,3,4,2,-2,0,,2,-4,-4,4,-4,-3,White,-0.004,0,1
4094,0.0,1,0,0,0,0,15,1,2,3,2,2,-4,1,0.0,2,-4,-3,4,12,12,White,-0.004,0,0
4095,0.0,0,1,6,2,6,14,2,3,4,2,1,3,0,0.0,1,0,600000,3,-3,-4,White,-0.004,0,0
4096,0.0,0,1,0,0,0,4,1,2,2,1,1,-4,1,0.0,1,0,600000,3,-3,-4,White,-0.004,-5,-5
4097,1.0,0,0,0,0,0,2,2,2,2,2,1,-4,0,0.0,1,0,145501,4,17,16,White,56.876,0,0
4098,0.0,0,0,0,4,0,4,2,4,4,4,3,4,0,0.0,2,0,-3,4,12,12,White,34.454,0,0
4099,1.0,0,0,0,0,0,4,2,2,3,3,2,3,0,0.0,2,0,-3,4,-3,-3,White,82.012,0,0
4100,1.0,0,0,0,0,0,2,2,3,2,-2,2,-4,0,0.0,1,0,-3,4,-3,-3,White,84.504,0,0
4101,1.0,0,0,0,2,0,5,2,2,2,1,1,-4,1,0.0,1,0,-3,3,16,16,White,92.602,0,0
4102,1.0,,0,0,1,0,16,2,2,3,3,2,2,1,,2,0,-3,3,-3,-3,White,-0.004,-5,-5
4103,1.0,0,0,0,0,0,6,2,2,4,4,2,3,0,0.0,2,0,-3,5,16,16,Hispanic,14.488,0,0
4104,1.0,0,0,0,0,0,11,1,1,2,1,1,-4,0,0.0,2,0,-3,5,16,16,White,33.198,0,0
4105,1.0,1,0,0,7,0,3,2,3,3,3,2,4,0,0.0,2,0,50400,3,14,16,White,28.184,-5,-5
4106,0.0,0,0,0,0,0,5,2,2,3,1,1,-4,0,1.0,1,0,-60499,4,18,12,White,1.343,-5,-5
4107,1.0,0,0,0,10,1,5,2,2,2,1,2,-4,0,0.0,1,0,-60499,4,18,12,White,-0.004,0,0
4108,1.0,0,0,0,15,0,5,2,3,4,3,1,3,0,,1,0,-3,2,-4,12,White,58.604,0,0
4109,1.0,0,0,0,0,0,4,2,1,2,1,1,-4,0,0.0,1,0,27500,4,14,12,White,74.177,0,0
4110,1.0,0,0,0,0,0,0,2,2,3,1,2,1,1,1.0,1,0,-3,4,16,-3,White,37.059,0,0
4111,1.0,0,0,0,1,0,12,2,2,3,2,1,-4,0,0.0,2,0,-3,4,16,-3,White,85.124,0,0
4112,1.0,0,0,0,0,0,2,2,2,2,2,1,1,0,,1,0,-3,4,20,18,White,83.625,-5,-5
4113,1.0,,0,0,0,0,3,2,2,2,2,1,-4,0,,1,0,-3,4,20,18,White,98.828,-5,-5
4114,1.0,,0,0,0,0,3,2,1,2,2,1,1,0,,2,0,102000,2,-4,12,White,91.409,-5,-5
4115,0.0,1,0,0,0,0,5,2,2,4,5,1,2,0,0.0,2,0,1750,4,-4,11,Hispanic,10.179,0,0
4116,1.0,0,0,0,0,0,4,2,2,3,2,1,2,0,0.0,2,0,62500,4,-4,12,White,21.864,-5,-5
4117,0.0,0,1,0,5,2,0,3,3,4,3,3,4,1,,2,-4,-4,3,8,9,White,5.124,-5,-5
4118,1.0,0,0,0,0,0,4,1,2,2,2,1,2,0,1.0,2,0,12850,3,12,14,White,82.821,0,0
4119,0.0,0,0,4,0,4,4,3,2,4,3,1,2,0,,1,0,-3,6,10,11,White,2.045,0,0
4120,0.0,0,1,0,0,0,4,2,3,2,4,1,3,0,0.0,1,0,33000,6,7,10,White,49.276,0,0
4121,0.0,0,1,1,1,1,4,2,2,3,2,2,3,0,,1,0,33000,6,7,10,White,18.13,0,0
4122,0.0,0,0,0,0,0,7,2,3,4,5,2,4,0,0.0,2,0,36040,4,11,12,White,16.576,-2,0
4123,0.0,0,0,1,0,0,5,2,2,2,4,1,3,0,0.0,1,0,8799,4,-4,12,Hispanic,21.256,0,0
4124,0.0,0,0,0,0,0,5,2,3,4,3,2,-4,0,0.0,2,0,8799,4,-4,12,Hispanic,67.148,0,0
4125,0.0,0,0,4,0,0,4,2,2,3,3,2,-2,0,0.0,1,1,1255,10,-4,6,Hispanic,72.609,0,0
4126,0.0,0,0,0,1,0,5,2,3,3,4,1,-4,0,1.0,1,1,1255,10,-4,6,Hispanic,58.523,0,0
4127,0.0,0,0,0,0,0,1,2,2,1,1,1,-4,0,,2,1,1255,10,-4,6,Hispanic,12.089,0,-2
4128,1.0,0,0,0,0,0,9,2,2,1,1,2,-4,0,0.0,1,0,5750,6,12,14,White,68.903,0,0
4129,0.0,0,0,0,1,0,2,2,2,2,1,1,-4,0,0.0,1,0,1770,3,12,10,White,73.727,0,0
4130,0.0,1,0,0,0,0,0,1,2,1,1,1,-4,0,0.0,2,0,-3,3,12,12,White,52.186,-5,-5
4131,1.0,0,0,0,1,0,3,2,3,3,3,1,3,0,0.0,1,0,50500,6,-3,12,White,90.137,0,0
4132,1.0,0,0,0,0,0,3,2,1,3,3,1,-4,0,0.0,2,0,50500,6,12,12,White,82.539,0,0
4133,1.0,0,0,0,0,0,1,2,1,1,1,1,-4,0,0.0,1,0,50500,6,12,-3,White,48.252,0,0
4134,1.0,0,0,0,0,0,0,1,1,1,1,1,-4,0,0.0,1,0,106650,5,12,12,White,56.414,-5,-5
4135,1.0,0,0,0,0,0,3,2,2,1,1,1,-4,0,0.0,2,0,106650,5,12,12,White,24.785,0,0
4136,1.0,0,0,0,0,0,0,1,3,2,2,1,2,0,0.0,2,0,268500,5,14,16,White,98.875,0,0
4137,1.0,0,0,0,0,0,1,2,2,1,1,1,-4,0,0.0,2,0,268500,5,14,16,White,96.547,0,0
4138,1.0,0,0,0,0,0,0,2,2,1,1,1,1,0,0.0,2,0,66300,5,16,12,White,94.2,0,0
4139,1.0,0,0,0,0,0,0,2,1,1,1,1,-4,0,0.0,1,0,66300,5,16,12,White,82.978,0,0
4140,0.0,0,0,0,10,1,2,2,3,4,1,1,-4,0,0.0,2,0,56400,4,14,18,White,77.743,0,0
4141,1.0,1,0,0,0,0,3,1,1,2,1,1,1,0,0.0,2,0,34500,5,12,13,White,83.171,0,0
4142,0.0,0,0,0,0,0,5,1,1,1,1,2,-4,0,0.0,1,0,34500,5,12,13,White,46.625,0,0
4143,1.0,1,0,0,0,0,6,2,2,2,2,1,-4,0,0.0,2,0,71000,5,12,12,White,32.394,0,0
4144,0.0,0,0,1,0,0,0,2,2,5,5,-2,-2,0,0.0,1,0,535200,5,-4,-4,White,41.136,0,0
4145,1.0,0,0,0,0,0,0,1,1,1,1,1,-4,0,0.0,2,0,535200,5,12,18,White,81.706,0,0
4146,0.0,0,0,0,0,0,2,2,2,2,2,1,3,0,0.0,2,1,11814,3,12,10,Hispanic,97.782,-5,-5
4147,1.0,0,0,0,0,0,0,2,2,2,1,1,3,0,0.0,2,1,11814,3,12,10,Hispanic,99.053,0,0
4148,1.0,0,0,0,16,1,11,4,3,5,5,1,3,1,0.0,2,0,98000,4,13,7,White,12.912,0,0
4149,1.0,0,0,0,-4,-4,-4,2,2,1,1,1,1,0,,1,0,-3,5,14,12,White,79.078,0,0
4150,0.0,0,0,0,-4,-4,-4,1,1,1,1,1,1,0,,1,0,-3,5,14,12,White,86.795,-5,-5
4151,1.0,0,0,0,-4,-4,-4,1,1,1,1,1,-4,0,0.0,2,0,-3,5,14,12,White,38.772,-5,-5
4152,1.0,0,0,0,0,0,5,1,2,3,2,1,-4,0,,1,0,-3,6,12,12,White,46.165,0,0
4153,1.0,0,0,0,0,1,4,2,2,1,1,1,-4,0,,1,0,-3,6,12,12,White,66.179,0,0
4154,1.0,0,0,0,0,0,0,2,2,3,3,1,2,0,,1,-4,-4,4,14,12,White,-0.004,0,0
4155,0.0,0,0,0,0,0,1,2,3,2,3,1,-4,0,,1,-4,-4,4,14,12,White,-0.004,0,0
4156,1.0,0,0,0,0,1,2,2,1,1,1,1,-4,0,,1,0,-3,3,12,12,White,41.165,0,0
4157,1.0,,0,0,0,0,1,2,4,4,4,2,2,0,,2,0,81500,5,12,12,White,63.163,-5,-5
4158,1.0,0,0,0,0,0,0,2,2,2,2,1,-4,1,0.0,1,0,163200,4,18,16,White,99.339,0,0
4159,1.0,0,0,0,0,0,3,2,2,2,2,1,1,1,0.0,2,0,-3,4,18,16,White,88.666,0,0
4160,1.0,0,0,0,2,0,-2,2,2,3,3,1,3,0,0.0,1,0,-3,5,19,16,White,89.615,0,0
4161,1.0,0,0,0,0,0,3,2,2,2,1,2,-4,0,0.0,1,0,-3,5,19,16,White,67.207,0,0
4162,1.0,0,0,0,0,2,5,2,1,2,1,1,-4,0,0.0,1,0,357500,3,16,16,White,60.285,-5,-5
4163,0.0,0,0,0,-4,-4,-4,-4,-4,1,1,1,-2,0,1.0,2,0,-3,5,16,16,White,71.629,0,0
4164,,,0,0,0,0,1,1,1,1,1,1,1,0,,2,0,-3,5,16,16,White,95.567,-5,-5
4165,0.0,0,0,1,0,1,3,1,2,1,2,1,-4,0,0.0,1,0,7050,5,12,14,White,91.813,0,0
4166,0.0,0,0,1,0,1,0,3,1,1,1,1,-4,0,0.0,1,0,7050,5,12,14,White,41.066,0,0
4167,0.0,0,0,0,0,0,1,2,2,1,1,1,-4,0,1.0,2,0,96000,4,9,12,Hispanic,8.527,0,0
4168,1.0,0,0,0,2,0,5,2,3,1,1,1,-4,1,0.0,1,0,7100,3,12,12,Black,18.531,0,0
4169,1.0,0,0,0,0,0,0,2,2,2,2,1,4,0,,2,0,-3,3,-3,12,Black,31.138,0,-2
4170,0.0,0,0,0,0,0,7,2,2,2,3,1,3,0,0.0,2,0,10000,5,12,11,Black,2.658,0,0
4171,1.0,0,0,0,5,0,6,2,2,3,4,2,3,1,0.0,1,0,10000,5,12,11,Black,8.254,0,0
4172,0.0,0,1,5,1,0,5,3,3,5,3,1,4,0,0.0,1,0,26300,6,12,-3,Hispanic,6.737,0,0
4173,0.0,0,1,3,0,0,20,2,3,3,1,1,-4,0,0.0,1,0,26300,6,12,-3,Hispanic,18.897,-5,-5
4174,1.0,0,0,0,0,0,3,2,2,2,2,1,3,1,0.0,2,0,2250,4,12,12,Black,26.289,0,1
4175,1.0,0,0,0,1,1,3,2,2,2,2,2,-4,1,1.0,2,0,2250,4,12,12,Black,36.402,0,0
4176,1.0,0,0,0,0,0,2,3,2,3,3,3,4,1,,1,0,3750,5,12,13,Black,5.465,0,0
4177,1.0,0,0,0,0,0,5,2,1,3,4,5,5,0,0.0,2,0,3750,5,12,13,Black,35.117,0,0
4178,0.0,0,0,0,0,0,3,1,1,2,2,2,-4,0,0.0,2,0,3750,5,12,13,Black,23.471,0,0
4179,0.0,0,0,0,0,0,40,2,2,3,2,1,3,0,1.0,1,0,4350,4,-4,10,Black,8.033,0,0
4180,0.0,0,0,5,-4,-4,-4,4,4,4,5,1,-2,0,0.0,1,1,226250,10,12,12,White,20.441,0,0
4181,0.0,0,1,1,0,0,15,1,2,2,1,1,-4,-2,0.0,1,1,226250,10,12,12,White,33.03,0,0
4182,0.0,0,0,1,0,0,15,3,3,4,3,1,2,0,0.0,2,1,500,5,-3,10,Hispanic,30.471,0,-4
4183,0.0,0,0,0,0,0,-2,2,2,1,1,1,-4,0,0.0,2,1,500,5,-3,10,Hispanic,15.16,0,-4
4184,0.0,0,0,0,0,0,-2,3,2,2,1,3,-4,0,0.0,1,1,500,5,-3,10,Hispanic,1.859,0,-4
4185,0.0,0,0,0,2,0,5,2,3,5,5,1,5,1,0.0,2,0,-3,5,-3,12,Black,6.846,0,0
4186,0.0,0,0,0,0,1,1,2,2,2,1,1,-4,0,0.0,2,0,12850,6,16,14,White,52.831,0,0
4187,0.0,0,0,0,5,2,12,2,3,4,3,1,3,0,,1,0,130500,5,12,12,White,71.638,-5,-5
4188,0.0,,0,0,0,0,5,2,2,4,2,1,3,0,,1,0,130500,5,12,12,White,65.183,-5,-5
4189,0.0,,0,0,2,1,4,2,1,2,1,1,-4,0,,1,0,119700,3,10,11,White,-0.004,-5,-5
4190,0.0,0,0,0,0,0,2,2,3,2,3,2,2,0,1.0,1,0,367001,4,12,13,White,42.407,0,0
4191,1.0,0,0,0,0,0,5,2,3,4,4,2,3,0,1.0,2,0,367001,4,12,13,White,53.321,0,0
4192,0.0,0,0,0,0,1,5,2,3,3,4,2,4,0,,1,1,3750,4,10,12,Hispanic,33.964,0,1
4193,1.0,,0,0,0,0,2,1,2,2,1,3,-4,0,0.0,1,1,3750,4,10,12,Hispanic,43.811,-2,1
4194,0.0,0,0,0,0,1,20,2,1,4,2,3,2,0,0.0,2,0,25000,5,7,8,Hispanic,47.702,0,0
4195,0.0,0,0,0,0,0,5,2,2,3,3,2,4,0,,2,0,1750,6,-3,10,Hispanic,6.311,0,-2
4196,0.0,0,1,1,0,1,1,2,3,-2,-2,1,-4,0,0.0,1,0,1750,6,-3,10,Hispanic,11.862,-5,-5
4197,0.0,0,0,0,0,0,9,2,2,2,2,2,-4,0,0.0,2,0,1750,6,-3,10,Hispanic,16.366,0,0
4198,1.0,0,0,0,0,0,3,3,1,1,1,1,-4,0,0.0,1,0,155350,4,16,12,White,68.961,0,0
4199,0.0,0,0,0,17,0,2,1,1,2,1,1,-4,0,0.0,1,0,5600,3,12,12,White,93.102,0,0
4200,0.0,0,1,0,0,0,4,2,1,4,3,2,-4,0,0.0,2,0,60750,2,11,12,White,32.081,-5,-5
4201,0.0,0,0,0,0,0,0,2,2,4,2,5,-4,1,0.0,2,0,63375,4,14,12,White,10.615,0,0
4202,0.0,,1,0,10,2,5,2,3,1,2,1,-4,1,0.0,1,0,63375,4,14,12,White,79.171,0,0
4203,1.0,0,0,0,2,0,3,2,3,4,3,1,3,0,0.0,2,0,-3,4,18,14,White,55.805,0,0
4204,1.0,0,0,0,0,0,1,2,2,1,1,2,-4,0,0.0,1,0,126400,5,12,12,White,74.215,0,0
4205,1.0,0,0,0,0,0,5,2,2,1,1,1,-4,0,0.0,1,0,33550,4,16,16,White,57.236,0,0
4206,0.0,0,0,0,0,0,25,2,3,3,4,1,4,0,0.0,2,0,112000,2,14,14,White,85.89,0,0
4207,0.0,1,0,0,0,0,5,2,2,3,2,2,-4,1,1.0,2,0,516900,6,18,16,White,78.44,0,0
4208,0.0,0,0,0,2,0,4,2,2,1,1,1,-4,0,0.0,1,0,516900,6,18,16,White,93.318,0,0
4209,0.0,0,0,0,0,0,3,2,2,3,2,3,3,0,0.0,1,0,10500,3,12,12,Black,1.446,0,0
4210,1.0,0,1,0,0,0,3,2,2,4,4,2,4,0,0.0,2,0,47250,3,10,12,Black,45.618,0,0
4211,0.0,0,0,1,-4,-4,-4,2,2,3,5,4,4,0,0.0,1,-4,-4,6,9,12,Hispanic,39.319,-5,-5
4212,0.0,0,0,0,0,0,6,2,2,3,3,1,3,0,0.0,2,0,70000,6,12,10,Hispanic,-0.004,0,0
4213,1.0,0,0,0,0,0,3,2,1,1,1,1,2,0,0.0,2,0,-3,4,14,12,Black,77.36,0,0
4214,1.0,0,1,0,0,0,1,1,2,1,1,1,-4,0,0.0,1,0,600000,4,16,14,White,90.887,-5,-5
4215,1.0,0,1,0,0,0,26,4,4,3,2,2,3,1,0.0,2,0,-3,2,13,15,White,75.294,0,0
4216,1.0,0,0,0,0,0,3,2,2,4,3,3,3,0,,2,0,63750,4,12,12,White,48.357,0,0
4217,1.0,0,0,0,0,0,5,1,2,3,2,2,-4,0,0.0,1,0,63750,4,12,12,White,84.093,0,0
4218,0.0,0,1,2,1,0,12,2,3,5,4,3,3,-3,1.0,2,0,24200,3,12,12,White,-0.004,0,0
4219,1.0,0,0,0,0,0,8,2,3,2,1,1,2,0,0.0,2,0,-3,3,14,14,White,83.503,0,0
4220,1.0,0,1,0,3,3,30,2,4,5,5,4,5,1,0.0,2,-4,-4,4,9,12,Black,20.648,0,0
4221,0.0,0,0,1,0,1,21,1,4,1,1,1,-4,0,0.0,1,0,3750,3,-3,14,Black,42.776,-5,-5
4222,1.0,0,0,0,0,0,6,2,2,2,1,1,2,0,0.0,1,1,-1500,6,12,13,Black,-0.004,0,0
4223,0.0,1,0,0,0,1,6,2,2,3,1,1,-4,0,0.0,2,1,-1500,6,12,13,Black,-0.004,0,0
4224,0.0,0,0,0,2,0,6,2,3,4,2,2,4,1,,2,0,10750,3,-3,9,Black,5.697,0,0
4225,0.0,,0,0,0,2,0,1,3,4,5,2,5,0,,1,-4,-4,6,12,11,Black,-0.004,-5,-5
4226,0.0,0,1,0,0,0,0,2,2,4,1,2,1,0,0.0,1,-4,-4,6,12,11,Black,-0.004,0,0
4227,0.0,0,1,0,0,0,4,2,3,-2,-2,-2,-4,0,0.0,2,-4,-4,6,12,11,Black,-0.004,0,0
4228,0.0,0,1,2,0,2,5,2,2,3,2,1,5,0,,1,0,-3,4,12,14,Black,-0.004,0,0
4229,1.0,0,0,0,3,0,3,1,2,1,1,1,-4,0,0.0,2,0,250500,3,4,16,White,51.116,0,0
4230,,,1,0,0,0,0,2,2,5,5,1,3,0,,1,-4,-4,6,-4,-4,Black,-0.004,-5,-5
4231,,,0,0,0,0,0,1,2,4,4,1,3,0,,2,1,-3,6,-4,-4,Black,-0.004,-5,-5
4232,,,0,0,5,3,0,2,3,4,2,2,-4,0,,1,1,-3,6,-4,-4,Black,-0.004,-5,-5
4233,,,0,0,0,0,0,2,3,5,3,2,3,0,,1,-4,-4,7,14,12,White,-0.004,-5,-5
4234,0.0,0,0,0,1,0,38,2,2,5,1,2,-4,0,0.0,2,-4,-4,7,14,12,White,-0.004,-5,-5
4235,1.0,0,0,0,5,0,8,2,4,3,2,4,3,0,1.0,2,0,167500,4,14,10,Black,45.565,0,0
4236,0.0,0,0,0,0,0,12,2,1,5,3,3,-4,0,0.0,2,0,3750,3,-3,14,Black,61.967,0,0
4237,0.0,0,0,0,0,0,10,2,2,4,3,2,-4,0,0.0,1,0,3750,3,-3,14,Black,30.889,0,0
4238,1.0,0,0,0,0,0,0,2,2,5,4,2,-4,1,0.0,2,0,3750,2,12,12,Black,-0.004,0,0
4239,0.0,0,0,0,1,0,2,1,2,1,1,1,-4,0,0.0,1,0,25500,4,12,16,Hispanic,81.571,0,0
4240,1.0,1,0,0,0,0,6,1,1,1,1,1,-4,1,0.0,1,0,61081,4,-4,14,Hispanic,37.832,0,-4
4241,1.0,0,0,0,0,0,2,1,1,1,1,1,-4,0,0.0,2,0,23750,5,12,12,Black,-0.004,0,0
4242,0.0,0,0,0,0,1,0,2,2,1,1,1,-4,1,,2,0,23750,5,13,10,Black,-0.004,0,0
4243,0.0,0,1,2,0,0,20,1,1,4,2,2,5,0,,1,0,48001,4,-4,12,White,-0.004,0,-4
4244,0.0,0,0,0,3,0,2,2,2,3,2,4,-4,1,,1,0,48001,4,-4,12,White,-0.004,0,1
4245,0.0,0,0,0,0,1,17,2,2,4,2,3,5,0,0.0,1,0,53500,4,12,12,Black,4.36,1,0
4246,1.0,0,0,0,0,0,8,2,3,2,1,3,-4,0,0.0,2,0,53500,4,12,12,Black,25.95,0,0
4247,0.0,0,1,0,3,1,10,2,3,3,1,3,4,0,,1,0,7500,9,12,11,Black,17.715,0,-2
4248,0.0,0,0,0,0,0,8,4,3,5,3,1,4,0,0.0,2,0,52800,3,10,12,White,25.468,0,0
4249,1.0,0,0,0,0,0,10,3,2,5,5,2,4,1,0.0,2,0,-46050,3,14,10,White,-0.004,0,1
4250,0.0,0,1,1,0,0,5,2,2,5,5,1,4,0,,2,0,85900,5,-3,11,White,3.172,-5,-5
4251,0.0,,0,1,3,0,15,2,2,2,1,1,-4,1,,1,0,85900,5,-3,11,White,9.832,-5,-5
4252,1.0,0,0,0,0,2,2,1,1,1,1,1,-4,1,0.0,1,1,48398,4,12,12,White,28.048,0,0
4253,0.0,0,0,0,0,0,5,2,2,4,2,1,5,0,0.0,2,0,49810,3,5,11,White,14.982,0,0
4254,1.0,0,0,0,0,0,3,2,3,5,4,2,4,0,0.0,2,0,-3,3,11,12,White,84.416,0,1
4255,0.0,0,0,1,0,0,5,2,2,2,4,1,2,1,1.0,2,-4,-4,6,12,14,White,15.771,-5,-5
4256,1.0,0,0,0,0,0,2,2,1,2,2,1,-4,0,0.0,1,0,-3,3,16,18,White,96.532,0,0
4257,0.0,1,0,0,0,0,3,2,2,2,2,1,3,1,0.0,2,0,255800,5,12,-3,White,23.265,0,0
4258,0.0,,0,1,2,0,9,1,2,5,5,3,5,1,1.0,1,0,255800,5,12,-3,White,3.895,0,0
4259,1.0,0,1,0,10,0,7,2,2,4,4,2,5,1,0.0,1,0,41500,3,12,12,White,79.253,0,0
4260,1.0,0,0,1,0,0,5,2,2,3,3,2,3,0,0.0,2,0,24000,2,-3,12,White,96.279,-5,-5
4261,1.0,0,0,0,0,0,2,2,2,2,-2,1,-4,0,1.0,1,-4,-4,4,12,5,Hispanic,4.063,0,0
4262,0.0,0,1,2,-4,-4,-4,3,3,3,3,1,3,0,,2,0,-3900,3,-3,9,Hispanic,20.329,-5,-5
4263,0.0,0,0,0,0,0,3,1,1,2,2,1,3,0,0.0,1,0,436500,4,13,14,Hispanic,82.532,0,0
4264,1.0,0,0,0,0,0,6,2,1,2,1,1,-4,0,0.0,2,0,436500,4,13,14,Hispanic,96.218,0,0
4265,1.0,0,0,0,0,0,5,1,2,3,4,1,2,0,0.0,1,0,69500,3,17,16,White,95.219,0,0
4266,1.0,0,0,0,0,0,5,2,3,3,1,1,-4,0,0.0,1,0,-3,3,14,12,Hispanic,78.622,0,0
4267,1.0,0,0,0,0,0,0,2,3,3,2,1,3,0,,1,0,105500,3,12,12,White,82.85,-5,-5
4268,0.0,0,0,0,1,0,2,2,2,1,1,1,-4,0,0.0,1,-4,-4,3,13,9,White,20.743,0,0
4269,1.0,0,0,0,0,1,6,2,2,2,2,1,-4,0,0.0,1,0,-3,5,-3,17,White,36.625,0,0
4270,0.0,0,0,0,1,1,2,4,3,4,2,2,5,0,,1,0,7500,4,12,12,Hispanic,28.173,0,1
4271,0.0,0,1,1,0,0,5,3,1,5,5,4,3,1,1.0,2,0,7500,4,12,12,Hispanic,41.647,0,-4
4272,1.0,0,0,0,0,0,7,2,3,3,3,1,3,0,0.0,2,0,81500,4,-3,16,White,24.721,0,0
4273,1.0,0,0,0,1,0,10,2,4,5,4,1,5,0,0.0,2,0,81500,4,-3,16,White,73.963,-5,-5
4274,0.0,0,0,0,1,0,3,1,2,2,2,1,-4,0,,1,0,81500,4,-3,16,White,42.261,0,0
4275,0.0,0,0,0,0,0,1,2,2,4,1,3,-4,0,0.0,1,0,48000,4,12,12,White,29.818,0,0
4276,0.0,0,0,0,0,0,1,2,4,5,2,4,5,0,1.0,2,0,74300,6,11,11,White,-0.004,0,0
4277,1.0,0,0,0,0,0,0,2,2,4,2,1,1,0,0.0,1,0,107500,5,-4,12,White,83.831,-5,-5
4278,1.0,0,0,0,0,0,0,2,2,2,1,1,-4,0,0.0,1,0,107500,5,-4,12,White,89.587,-5,-5
4279,1.0,0,0,0,0,0,0,2,3,3,1,1,2,0,1.0,1,0,16350,6,14,12,Other,93.614,0,0
4280,1.0,0,0,0,0,0,0,1,1,1,1,1,-4,0,0.0,1,0,16350,6,14,12,Other,52.248,0,0
4281,1.0,0,0,0,0,0,2,1,2,2,2,1,-4,0,0.0,2,0,-3,4,16,16,White,56.454,0,0
4282,0.0,0,0,0,0,0,1,2,1,1,1,1,-4,0,0.0,2,0,346001,4,18,16,White,88.12,0,0
4283,1.0,0,1,0,0,0,23,2,1,3,2,2,-4,0,0.0,2,0,-3,4,12,12,Hispanic,55.597,0,0
4284,0.0,0,0,1,1,0,4,3,2,3,4,4,4,0,,1,0,56100,4,14,12,Hispanic,11.863,0,0
4285,1.0,0,0,0,0,0,7,2,2,4,4,4,5,1,0.0,1,0,56100,4,14,12,Hispanic,11.482,0,0
4286,0.0,1,1,0,0,0,3,2,2,4,3,2,4,0,0.0,1,0,166500,4,12,13,White,75.714,0,0
4287,1.0,0,0,0,0,0,8,2,2,2,2,1,-4,0,0.0,2,0,166500,4,12,13,White,90.384,0,0
4288,1.0,0,0,0,0,0,3,2,4,3,3,1,3,0,0.0,1,0,27000,5,18,14,White,81.259,0,0
4289,1.0,0,0,0,0,0,4,1,2,3,1,1,-4,0,0.0,1,-4,-4,4,12,16,Hispanic,-0.004,0,0
4290,1.0,0,0,0,0,0,0,2,2,4,3,3,3,0,0.0,2,0,76500,5,16,14,White,76.579,0,0
4291,0.0,0,1,1,1,0,2,2,3,3,4,2,4,1,,1,0,76500,5,16,12,White,48.461,0,0
4292,1.0,0,0,0,0,1,3,2,2,3,1,1,-4,1,0.0,1,-4,-4,5,-3,-3,Hispanic,-0.004,0,0
4293,1.0,0,0,0,0,0,0,2,2,2,2,1,2,0,,2,0,71500,4,20,18,White,72.988,-5,-5
4294,1.0,0,0,0,1,0,4,2,2,2,1,1,-4,0,0.0,1,0,71500,4,20,18,White,77.112,0,0
4295,1.0,0,0,0,0,0,3,2,2,1,1,1,-4,0,0.0,1,0,113250,4,16,13,White,98.216,0,0
4296,1.0,0,0,0,0,0,2,2,2,1,1,2,-4,0,0.0,1,0,196000,5,16,16,White,99.676,0,0
4297,1.0,0,0,0,0,0,0,2,2,4,5,1,3,0,0.0,2,0,7550,3,12,13,White,73.208,0,0
4298,1.0,0,0,0,0,0,0,2,3,4,3,3,-4,0,0.0,2,0,7550,3,12,13,White,82.876,0,0
4299,0.0,0,1,1,0,0,-2,2,4,3,3,3,5,0,0.0,1,0,-3,4,9,16,White,74.226,0,0
4300,1.0,0,1,0,17,1,2,2,3,4,3,3,-4,1,0.0,1,0,-3,4,9,16,White,93.986,0,0
4301,1.0,0,0,0,0,0,5,1,2,2,3,2,2,0,0.0,2,0,-3,5,14,12,Hispanic,75.25,-5,-5
4302,0.0,0,0,0,0,0,4,2,2,3,2,1,1,0,0.0,1,-4,-4,5,7,6,Hispanic,-0.004,-5,-5
4303,0.0,0,0,0,10,0,-2,2,3,5,3,2,5,1,1.0,2,-4,-4,4,-4,-3,Hispanic,-0.004,0,-2
4304,1.0,0,0,0,0,0,5,2,2,4,2,2,-4,1,0.0,2,0,26000,6,-3,14,White,71.293,0,-4
4305,0.0,0,1,0,3,1,7,2,3,4,3,2,-4,0,0.0,1,0,26000,6,-3,14,White,63.039,0,-4
4306,,,0,0,0,0,15,2,2,3,4,1,5,0,,2,0,10500,3,-3,11,White,24.951,-5,-5
4307,0.0,0,1,0,0,0,3,2,1,1,1,2,-4,1,0.0,1,0,2500,4,10,12,Hispanic,13.601,0,0
4308,0.0,0,0,0,0,0,5,2,2,3,3,2,-4,1,0.0,2,0,12500,4,-3,-3,Hispanic,-0.004,0,0
4309,1.0,0,0,0,0,0,4,1,1,2,1,2,-4,0,0.0,2,0,1750,6,-3,9,Hispanic,20.579,0,-4
4310,0.0,0,0,5,0,0,0,2,2,2,2,2,-4,0,0.0,1,0,1750,6,-3,9,Hispanic,8.495,0,-4
4311,0.0,0,1,1,0,0,1,1,1,3,2,2,1,0,,1,0,2500,6,7,11,Hispanic,42.883,0,1
4312,0.0,0,0,0,20,0,1,2,3,4,3,2,-4,1,1.0,1,0,2500,6,7,11,Hispanic,77.643,0,1
4313,1.0,0,0,0,0,0,0,3,2,2,1,3,-4,0,0.0,1,0,2500,6,12,9,Hispanic,32.301,0,-2
4314,1.0,0,0,0,0,0,0,2,2,3,2,3,-4,0,1.0,2,0,3750,3,-4,8,Hispanic,64.7,0,-4
4315,0.0,0,0,0,5,1,4,2,2,4,3,5,-4,0,0.0,2,0,500,2,-4,-3,Hispanic,20.563,0,0
4316,0.0,0,0,0,0,0,5,1,4,2,2,2,1,0,0.0,2,1,500,4,16,9,Hispanic,20.506,0,0
4317,0.0,0,1,0,0,0,5,2,2,3,1,2,-4,0,0.0,1,0,500,4,16,9,Hispanic,20.449,0,0
4318,0.0,0,1,0,0,0,15,3,3,3,4,4,5,0,0.0,2,-4,-4,4,-3,8,Hispanic,-0.004,-5,-5
4319,0.0,0,0,0,0,0,6,2,2,4,2,1,-4,0,,2,-4,-4,4,-3,8,Hispanic,-0.004,-5,-5
4320,0.0,0,1,-3,2,2,2,3,3,1,1,1,-4,0,0.0,1,0,6000,2,7,13,Black,19.315,0,-4
4321,0.0,0,1,2,1,5,10,1,1,3,3,3,-2,0,,1,0,700,2,-4,-3,Hispanic,1.809,0,-4
4322,0.0,0,0,4,2,0,1,2,1,1,1,1,-4,1,0.0,1,0,1750,3,-4,6,Hispanic,45.522,0,0
4323,0.0,0,1,2,0,0,5,1,2,2,4,3,2,0,0.0,1,1,500,4,9,11,Hispanic,-0.004,0,0
4324,0.0,0,0,0,0,0,4,2,2,2,1,2,-4,0,0.0,2,0,1750,3,-3,10,Hispanic,68.82,0,0
4325,1.0,0,0,0,0,0,2,1,2,2,1,3,-4,0,0.0,2,0,11500,4,10,12,Hispanic,49.372,0,0
4326,0.0,0,0,0,0,0,3,1,1,1,1,1,2,0,0.0,1,0,-3,4,6,6,Hispanic,24.535,0,0
4327,1.0,,0,0,0,0,0,2,3,1,3,-2,2,0,,2,0,277500,4,16,12,White,94.372,-5,-5
4328,1.0,0,0,0,0,0,1,2,4,2,2,2,-4,0,,1,0,277500,4,16,12,White,46.246,0,0
4329,0.0,0,1,2,2,3,0,2,2,1,4,4,3,1,1.0,1,1,1800,10,-4,11,Hispanic,19.029,0,0
4330,1.0,0,0,0,0,0,4,1,2,3,5,2,4,0,0.0,2,1,1800,10,-4,11,Hispanic,36.183,0,0
4331,1.0,0,0,0,0,0,2,1,4,2,2,1,-4,1,0.0,1,1,1800,10,-4,11,Hispanic,43.352,0,0
4332,0.0,0,1,0,0,1,14,1,2,1,1,1,-4,0,0.0,1,1,1800,10,-4,11,Hispanic,16.924,0,0
4333,1.0,0,0,0,0,1,5,1,3,4,4,3,4,0,0.0,2,0,27550,5,-3,7,Hispanic,-0.004,-5,-5
4334,0.0,0,0,0,2,1,6,1,1,1,1,1,-4,0,0.0,1,0,50100,6,7,10,Hispanic,4.463,0,0
4335,1.0,0,0,0,2,0,4,2,3,2,1,1,1,1,,2,0,75550,3,12,14,Hispanic,36.506,0,0
4336,1.0,,0,0,2,0,25,3,3,4,2,2,-4,0,,2,0,600000,6,12,19,White,39.274,-5,-5
4337,0.0,0,0,1,0,0,15,2,2,3,1,2,-4,0,,1,0,600000,6,12,19,White,3.667,-5,-5
4338,1.0,0,0,0,0,1,6,2,2,5,3,1,-4,0,0.0,2,0,8500,3,-3,15,White,38.865,0,0
4339,0.0,0,0,0,1,4,0,1,2,1,1,1,-4,0,0.0,1,0,34290,3,9,10,White,9.643,-5,-5
4340,1.0,0,0,0,0,0,15,1,1,1,1,1,2,0,0.0,2,0,-3,5,12,14,White,62.908,-5,-5
4341,0.0,0,0,0,50,0,6,2,3,4,1,1,-4,1,0.0,1,0,-3,5,12,16,White,34.548,0,0
4342,0.0,0,0,0,0,2,28,3,2,2,1,2,-4,0,,1,1,12050,7,5,9,Hispanic,1.075,0,0
4343,0.0,0,0,0,0,0,10,2,2,2,1,1,-4,0,0.0,2,0,12050,7,5,9,Hispanic,25.237,-5,-5
4344,0.0,0,0,0,0,1,-2,2,3,3,2,1,1,1,,1,0,-3,3,-4,13,White,57.695,-5,-5
4345,1.0,1,0,0,8,0,2,2,3,4,5,-2,5,0,1.0,2,0,9050,5,14,13,White,58.387,0,0
4346,1.0,0,0,0,1,0,3,2,2,2,1,1,-4,0,0.0,2,0,9050,5,14,13,White,43.084,0,0
4347,0.0,0,1,0,1,0,2,4,2,2,2,1,-4,0,0.0,1,0,9050,5,14,13,White,59.257,0,0
4348,0.0,0,1,0,25,0,9,4,4,4,5,-2,5,1,0.0,2,0,19750,3,12,14,White,64.356,0,0
4349,0.0,0,0,0,0,0,0,1,2,4,5,3,-4,1,0.0,1,0,14850,4,12,14,White,72.735,0,0
4350,0.0,0,0,-3,0,0,10,3,3,4,-2,1,-4,0,0.0,2,0,-7000,2,12,12,Hispanic,26.44,0,0
4351,0.0,0,1,1,0,1,21,3,3,4,2,4,-4,1,,2,0,-4193,4,12,15,Hispanic,29.576,0,-2
4352,0.0,0,1,4,0,0,-2,1,2,5,-2,4,-2,-2,0.0,1,0,4750,3,12,10,Hispanic,1.059,0,0
4353,0.0,0,0,0,0,0,30,2,2,3,5,1,3,0,0.0,2,-4,-4,2,12,-4,Hispanic,52.693,0,0
4354,0.0,0,0,0,0,0,0,3,2,4,2,1,4,0,0.0,1,0,1000,3,-3,9,Hispanic,5.812,0,-2
4355,0.0,,0,0,1,0,0,2,2,3,2,3,-4,0,,2,1,450,3,-3,14,White,0.75,0,0
4356,1.0,0,0,0,0,0,0,2,2,1,1,1,-4,1,1.0,1,0,450,3,-3,14,White,1.826,0,0
4357,0.0,0,0,0,3,5,9,2,2,4,4,3,3,0,,2,0,5250,5,12,12,Other,23.113,0,1
4358,0.0,0,0,0,0,0,6,2,2,3,2,2,-4,1,0.0,2,0,5250,5,12,12,Other,25.193,0,0
4359,0.0,0,0,0,0,0,3,2,1,1,1,2,-4,0,0.0,1,0,45000,3,14,17,White,64.181,0,0
4360,0.0,,1,0,0,0,2,2,1,3,2,2,2,0,,1,0,3770,3,7,11,Hispanic,-0.004,-5,-5
4361,0.0,1,0,0,0,0,7,2,4,5,4,3,3,0,0.0,2,0,-1250,4,13,13,Hispanic,31.012,-5,-5
4362,0.0,0,0,0,0,0,1,2,1,3,1,2,-4,0,0.0,1,0,50655,3,11,12,White,31.729,0,0
4363,1.0,,0,0,1,0,1,2,2,3,2,2,-4,0,0.0,1,0,-3,5,18,16,White,38.432,0,0
4364,0.0,0,0,0,2,0,2,2,1,4,3,3,-4,1,0.0,1,0,-3,5,18,16,White,37.179,-5,-5
4365,1.0,0,0,0,0,0,2,2,2,1,1,1,-4,0,0.0,2,0,-3,5,16,16,White,93.591,0,0
4366,1.0,0,0,0,0,0,2,2,2,3,2,4,3,0,0.0,2,0,184100,5,17,15,Hispanic,22.02,0,0
4367,1.0,0,0,0,0,0,0,2,1,3,1,1,-4,0,0.0,2,0,-3,6,10,14,White,65.032,0,0
4368,1.0,0,0,0,0,0,3,1,1,3,2,2,2,0,0.0,2,0,143500,4,12,12,Hispanic,71.259,-5,-5
4369,0.0,0,0,0,0,0,1,2,2,3,3,1,-4,0,0.0,2,0,52750,4,12,12,White,74.404,0,0
4370,1.0,0,0,0,0,0,2,2,2,4,3,3,1,1,,2,0,156750,2,12,14,White,15.28,-5,-5
4371,1.0,1,0,0,0,0,5,2,3,4,3,5,-4,0,,2,0,23600,3,12,12,Hispanic,7.178,0,0
4372,0.0,0,0,0,0,0,3,1,2,1,1,1,-4,0,0.0,2,0,72200,2,18,16,Hispanic,59.281,0,0
4373,0.0,0,0,0,1,1,3,2,3,4,2,4,-4,1,0.0,2,0,84248,3,3,10,Hispanic,9.679,0,0
4374,0.0,0,0,0,0,0,-2,1,1,1,1,2,-4,0,,1,-4,-4,4,-3,11,Hispanic,9.202,0,0
4375,1.0,,1,0,0,1,3,2,3,2,1,1,-4,0,0.0,2,0,222500,4,14,14,Hispanic,65.669,0,0
4376,0.0,0,1,0,0,0,0,1,2,4,3,1,-4,0,0.0,2,0,28250,3,14,12,Hispanic,-0.004,0,-4
4377,1.0,1,0,0,2,0,0,2,3,4,4,2,-4,1,0.0,2,0,268500,4,16,16,White,98.223,0,0
4378,0.0,0,0,0,0,0,0,2,2,2,2,2,2,0,,1,0,91000,5,19,12,Hispanic,29.243,0,0
4379,1.0,0,0,0,0,0,4,2,1,1,1,-2,-4,0,0.0,1,0,141750,4,16,14,Hispanic,29.248,0,0
4380,1.0,0,0,0,0,0,-2,2,2,2,2,1,-2,0,0.0,2,0,-3,5,16,16,Hispanic,85.23,0,0
4381,1.0,0,0,0,0,0,2,2,2,2,1,1,1,0,0.0,1,0,114001,4,18,20,White,62.54,0,0
4382,1.0,,0,0,0,0,0,1,1,2,2,1,2,0,,2,0,194750,6,12,12,White,25.334,-5,-5
4383,0.0,,0,0,0,1,2,1,1,2,1,1,-4,0,,1,0,17400,5,16,9,White,61.436,-5,-5
4384,0.0,0,0,0,0,0,0,2,2,4,4,3,4,0,,2,0,66500,4,15,12,Hispanic,13.845,0,0
4385,0.0,0,1,0,0,0,5,2,2,3,3,4,-4,0,,1,0,66500,4,15,12,Hispanic,8.028,-5,-5
4386,0.0,0,1,1,0,0,8,2,2,3,2,2,2,0,,1,0,25250,6,12,12,Hispanic,5.739,0,0
4387,0.0,1,0,0,3,10,2,2,1,4,4,3,-4,1,1.0,1,0,600000,6,-3,12,White,18.758,0,0
4388,1.0,0,0,0,6,0,5,2,4,4,5,2,3,1,0.0,2,0,20300,4,14,12,Hispanic,18.444,0,0
4389,0.0,0,0,0,0,5,22,3,3,3,1,2,4,0,0.0,1,0,-8705,5,11,16,Hispanic,13.079,0,0
4390,0.0,0,0,0,2,1,10,3,2,5,3,4,-4,1,0.0,1,0,-8705,5,11,16,Hispanic,0.15,0,0
4391,1.0,1,0,0,0,0,3,2,2,4,3,1,-4,1,1.0,2,0,57050,4,8,9,Hispanic,51.174,0,0
4392,1.0,0,0,0,0,0,4,2,1,3,2,2,-4,0,0.0,2,0,130001,4,12,11,Hispanic,-0.004,0,0
4393,0.0,0,0,0,0,0,3,1,1,4,4,5,4,0,0.0,2,0,45800,5,11,11,Hispanic,1.81,0,0
4394,0.0,0,0,0,0,0,3,2,2,1,4,5,4,0,,2,0,45800,5,11,11,Hispanic,3.285,0,0
4395,1.0,0,0,0,0,1,7,2,2,1,1,2,-4,0,0.0,2,0,17650,3,14,14,Hispanic,34.958,0,0
4396,1.0,0,1,2,0,0,5,2,2,1,2,2,-4,0,0.0,1,1,500,6,12,12,Hispanic,21.052,0,0
4397,0.0,0,0,3,0,0,3,2,2,1,1,1,-4,0,0.0,1,0,8484,3,-3,8,Hispanic,16.79,0,0
4398,0.0,0,1,0,0,0,0,1,3,1,1,1,-4,0,,2,0,356000,3,12,12,Hispanic,74.375,0,0
4399,1.0,0,0,0,0,0,3,2,2,3,3,1,2,0,0.0,2,0,33900,4,12,13,Hispanic,73.646,0,0
4400,1.0,0,0,0,0,0,10,2,2,4,5,4,3,0,0.0,2,0,48760,6,6,12,Hispanic,28.355,0,0
4401,0.0,0,1,2,0,0,3,2,3,4,3,2,-4,0,0.0,1,0,48760,6,6,12,Hispanic,2.08,-5,-5
4402,0.0,1,0,0,1,1,5,2,2,3,2,2,2,0,0.0,1,0,1200,2,12,12,Hispanic,24.049,0,0
4403,0.0,0,1,5,0,0,3,2,3,4,5,4,-4,0,0.0,1,0,23450,5,11,11,Hispanic,11.321,0,0
4404,0.0,,0,0,-4,-4,-4,2,3,4,2,2,2,0,,2,0,-3,6,11,12,White,8.96,-5,-5
4405,1.0,0,0,0,0,0,3,2,1,2,1,1,-4,0,,1,0,52000,6,16,12,White,84.858,0,0
4406,1.0,0,0,1,0,0,5,2,3,3,2,1,-4,0,0.0,2,0,135000,5,12,16,White,97.182,0,0
4407,1.0,1,0,0,0,0,4,2,2,1,1,1,-4,0,0.0,1,0,372500,5,16,16,White,83.369,0,0
4408,1.0,0,0,0,0,0,1,2,2,2,2,1,-4,1,0.0,2,0,48500,5,16,12,Hispanic,61.107,0,0
4409,1.0,0,0,0,0,0,0,2,2,1,1,1,-4,0,,2,0,59750,4,14,14,White,75.681,0,0
4410,0.0,0,0,0,0,0,2,1,2,2,3,1,3,0,0.0,2,0,-3,13,13,20,White,66.666,0,0
4411,0.0,0,0,0,0,0,0,2,2,1,1,1,-4,0,,1,0,-3,13,13,20,White,39.32,-5,-5
4412,0.0,0,0,0,0,0,2,1,2,1,1,1,-4,0,0.0,2,0,-3,13,-4,20,White,30.333,0,0
4413,1.0,0,0,0,0,0,0,2,2,1,1,1,-4,0,,1,0,-3,4,20,18,White,81.029,-5,-5
4414,0.0,0,0,0,2,1,0,2,2,1,1,1,-4,0,0.0,2,0,223101,5,14,12,White,32.072,0,0
4415,1.0,0,0,0,0,0,2,2,3,3,3,1,1,0,0.0,1,0,398500,6,14,16,Hispanic,27.0,-5,-5
4416,1.0,0,1,0,0,0,3,2,2,2,1,1,-4,0,0.0,1,0,398500,6,14,16,Hispanic,52.433,-5,-5
4417,0.0,0,0,1,0,0,1,2,1,3,3,1,3,1,1.0,2,0,335000,3,12,10,White,40.851,0,0
4418,1.0,0,0,0,0,0,0,1,3,3,4,1,3,0,,2,-4,-4,4,14,12,Other,-0.004,0,0
4419,0.0,1,0,0,0,0,2,1,2,1,1,1,-4,0,0.0,2,-4,-4,4,14,12,Other,-0.004,0,0
4420,1.0,,0,0,0,0,5,2,2,4,2,2,-2,0,,1,0,217500,4,16,16,White,-0.004,-5,-5
4421,1.0,0,0,0,0,0,2,2,3,3,3,2,-4,0,0.0,1,0,33750,2,12,13,Black,-0.004,-5,-5
4422,0.0,0,1,1,0,0,2,2,3,3,3,3,3,0,0.0,1,-4,-4,3,11,16,Black,-0.004,-5,-5
4423,1.0,0,0,0,0,0,2,2,3,1,2,1,-4,1,1.0,2,0,-3,3,16,16,Black,68.434,0,0
4424,1.0,0,0,0,1,2,1,2,1,1,1,1,-4,0,,1,0,-3,5,16,13,Black,8.705,0,0
4425,1.0,0,1,0,2,4,2,2,3,4,2,2,-4,0,,1,-4,-4,5,14,13,Black,3.81,0,0
4426,1.0,0,0,0,2,1,-2,2,2,1,1,1,-4,0,,1,-4,-4,5,16,13,Black,34.959,0,-2
4427,0.0,0,0,0,0,0,0,2,2,3,5,2,4,0,,2,0,82800,3,14,14,Black,31.243,0,0
4428,1.0,0,0,0,0,0,7,3,2,1,3,1,3,1,0.0,2,0,193251,4,14,14,Black,47.603,0,0
4429,0.0,0,0,0,-4,-4,-4,4,4,4,5,3,-4,0,,2,0,-3,4,9,15,Other,47.445,-5,-5
4430,0.0,0,0,0,0,0,-2,2,2,3,2,1,3,0,0.0,2,0,88000,4,13,12,White,-0.004,0,0
4431,0.0,0,0,0,0,2,1,2,3,2,1,1,-4,1,0.0,2,0,63500,3,12,12,White,82.171,0,1
4432,1.0,0,0,0,4,0,5,2,2,2,1,2,-4,1,,1,0,71950,3,-4,11,Hispanic,27.681,0,0
4433,0.0,0,0,0,0,0,6,2,2,2,1,2,-4,0,,2,0,49250,2,12,10,White,21.178,0,0
4434,1.0,0,0,0,0,0,4,2,2,2,1,1,-4,1,0.0,2,0,-3,4,12,12,Black,83.055,0,0
4435,0.0,0,0,0,0,0,3,2,2,2,2,1,-4,1,,2,1,3753,2,12,10,White,-0.004,0,0
4436,0.0,0,0,0,0,0,0,2,2,2,2,1,2,0,,1,-4,-4,3,14,13,Black,62.034,-5,-5
4437,1.0,0,0,0,0,0,0,2,1,2,1,1,-4,0,0.0,1,0,39250,3,14,13,Black,52.157,0,0
4438,0.0,0,1,0,2,1,26,2,3,4,5,4,-4,1,1.0,2,0,19500,2,-4,13,White,61.544,0,-4
4439,1.0,0,0,0,1,0,10,2,2,1,4,1,4,0,0.0,2,0,-97500,5,-3,14,White,-0.004,0,0
4440,1.0,1,0,0,0,0,1,2,2,2,1,1,-4,0,0.0,1,0,-97500,5,-3,14,White,-0.004,-5,-5
4441,0.0,0,0,0,0,0,0,2,3,1,1,1,-4,0,0.0,1,0,252000,3,16,18,White,94.363,0,0
4442,1.0,0,0,0,0,0,2,1,1,1,3,1,-4,0,0.0,2,0,69750,3,-4,16,White,70.541,0,0
4443,0.0,0,0,1,2,2,4,2,3,4,2,1,-4,0,0.0,2,0,132000,4,12,14,White,93.994,0,0
4444,0.0,0,1,1,0,0,2,2,2,4,3,1,-4,0,0.0,1,0,132000,4,12,14,White,64.384,0,0
4445,1.0,0,0,0,0,1,5,2,2,2,4,1,2,1,,1,-4,-4,3,16,12,White,84.232,0,0
4446,1.0,1,0,0,0,0,2,2,1,3,3,1,5,0,0.0,1,-4,-4,4,-4,-4,White,59.867,0,0
4447,1.0,0,0,0,0,0,0,1,2,-2,1,-2,-4,0,0.0,2,0,-3,4,20,20,White,93.34,0,0
4448,1.0,0,1,0,0,0,0,1,1,1,-2,1,-4,1,0.0,1,0,279500,3,15,16,White,95.997,0,0
4449,1.0,0,0,0,0,0,0,2,2,4,4,-2,3,0,0.0,2,0,-3,6,16,14,Hispanic,69.504,0,0
4450,1.0,0,0,0,0,0,1,1,2,1,1,1,-4,0,0.0,1,0,219000,4,16,20,White,95.341,0,0
4451,1.0,0,1,0,7,1,3,2,2,4,3,3,-4,0,0.0,1,0,145500,3,12,12,White,77.427,0,0
4452,1.0,0,0,0,0,0,4,3,4,4,3,1,-2,0,0.0,2,0,212800,4,11,12,White,87.288,0,0
4453,0.0,0,0,0,0,0,2,2,2,3,1,1,-4,0,0.0,1,0,212800,4,11,12,White,42.768,0,0
4454,0.0,0,0,0,1,0,2,3,3,4,3,1,-2,0,0.0,1,0,-3,4,16,12,Hispanic,1.769,0,0
4455,1.0,0,0,0,0,0,2,2,1,1,1,1,-4,1,0.0,1,0,65200,4,12,14,White,89.089,0,0
4456,1.0,0,0,0,0,0,2,2,2,2,2,1,2,0,0.0,1,0,367500,4,16,16,White,67.652,0,0
4457,1.0,0,0,0,0,0,0,2,2,1,1,1,-4,0,0.0,1,0,44500,4,14,14,Hispanic,76.958,0,0
4458,0.0,0,0,0,0,0,8,2,2,1,1,1,-4,0,0.0,1,0,-3,3,16,14,White,97.885,0,0
4459,1.0,0,0,0,0,0,5,2,2,4,5,2,2,0,0.0,2,-4,-4,4,14,16,White,48.861,0,0
4460,1.0,0,0,0,2,1,3,2,2,2,1,1,-4,-3,0.0,1,-4,-4,4,14,16,White,76.783,0,0
4461,0.0,0,0,0,0,0,13,2,2,4,5,4,5,0,0.0,2,0,130000,8,-3,12,Hispanic,18.571,0,0
4462,0.0,0,0,0,0,1,3,2,2,1,1,1,-4,0,0.0,2,0,-3,4,11,6,Hispanic,6.841,0,0
4463,0.0,0,1,1,0,1,5,3,2,3,1,2,-4,0,,1,0,-3,4,13,12,White,13.935,0,0
4464,0.0,0,0,2,1,2,0,3,1,2,1,1,-4,0,0.0,1,0,-3,4,13,12,White,14.174,0,0
4465,0.0,0,0,0,-4,-4,-4,2,2,2,1,1,-4,0,0.0,2,0,27500,4,-3,17,White,46.286,0,0
4466,0.0,0,1,0,0,0,31,2,2,3,4,3,4,0,,1,0,53850,6,-3,11,White,8.363,0,0
4467,0.0,0,0,0,0,0,2,2,1,1,1,1,1,1,0.0,2,0,-3,3,12,14,White,54.334,0,0
4468,0.0,0,0,0,2,4,2,2,3,4,3,1,5,1,,1,0,84250,3,12,10,White,36.386,0,0
4469,0.0,0,0,0,1,0,3,2,2,4,4,2,-4,0,0.0,2,0,136900,4,10,12,White,50.063,0,1
4470,0.0,1,0,1,1,0,5,2,4,4,5,2,5,1,1.0,2,0,6350,4,-3,12,White,43.278,0,0
4471,1.0,0,0,0,1,0,3,2,2,1,1,1,-4,0,0.0,2,-4,-4,5,15,16,White,99.592,0,0
4472,1.0,,0,0,15,1,5,2,2,4,4,2,-4,0,,1,0,181382,5,-3,12,White,41.646,-5,-5
4473,0.0,,0,0,0,0,3,2,2,3,5,2,3,0,,2,-4,-4,4,-4,-3,White,76.169,-5,-5
4474,0.0,0,1,0,0,0,50,2,3,3,5,1,5,0,,2,0,111550,5,12,12,Hispanic,30.47,-5,-5
4475,1.0,0,0,0,0,0,12,3,2,4,4,1,4,0,0.0,1,0,211000,3,16,16,White,22.265,0,0
4476,1.0,,0,0,1,0,7,1,2,4,1,1,-4,1,1.0,2,0,198001,3,16,-3,White,75.48,0,0
4477,0.0,1,0,0,0,0,2,2,3,4,3,1,2,0,1.0,1,0,-3,3,13,16,White,69.557,0,0
4478,1.0,0,1,0,0,0,6,2,2,3,4,1,4,0,0.0,2,0,155500,4,16,12,White,56.196,-5,-5
4479,1.0,0,0,0,0,0,3,2,1,1,1,-2,-4,0,0.0,1,0,139500,5,12,12,White,51.863,0,0
4480,0.0,0,1,0,0,0,0,2,3,2,1,1,-4,1,1.0,2,0,9800,3,14,14,Hispanic,38.123,0,0
4481,1.0,0,0,0,0,0,3,2,2,1,1,1,-4,0,0.0,1,0,84500,4,16,-4,Hispanic,58.334,0,0
4482,0.0,0,1,0,1,0,25,2,2,3,1,2,4,1,1.0,1,0,3750,4,10,16,Hispanic,37.636,0,1
4483,0.0,0,0,0,1,0,1,2,1,3,3,3,-4,0,,1,0,500,4,9,8,Hispanic,17.202,-5,-5
4484,1.0,0,0,0,0,0,5,2,2,3,4,5,-4,0,0.0,1,1,-3,3,12,12,White,24.876,0,0
4485,0.0,,0,1,0,7,4,3,3,3,4,4,3,1,,1,-4,-4,8,12,6,Hispanic,-0.004,-5,-5
4486,0.0,0,1,4,0,3,3,2,1,4,1,4,-4,0,,1,-4,-4,8,12,6,Hispanic,-0.004,0,0
4487,0.0,0,0,0,1,0,3,2,2,1,1,2,-4,0,0.0,2,0,370,4,12,14,White,-0.004,0,1
4488,0.0,0,1,0,0,0,0,2,3,4,4,3,-4,1,0.0,2,0,500,2,11,14,White,6.287,0,0
4489,0.0,0,0,0,-4,-4,-4,3,2,2,2,2,3,0,0.0,1,1,100,4,5,5,Hispanic,6.364,-5,-5
4490,0.0,0,0,0,0,0,10,2,2,2,2,2,-4,0,0.0,2,0,9622,4,12,12,Hispanic,36.578,0,0
4491,0.0,0,1,0,0,0,10,2,2,2,1,1,-4,0,0.0,1,0,9622,4,12,12,Hispanic,17.522,0,0
4492,0.0,0,1,0,0,0,20,2,2,2,3,2,3,0,0.0,1,0,74000,5,6,6,Hispanic,35.854,0,0
4493,1.0,0,0,0,0,0,10,1,3,1,-2,1,3,0,0.0,2,0,-3,4,13,12,Hispanic,24.691,0,0
4494,0.0,1,0,0,0,2,8,2,2,1,1,3,-4,0,0.0,1,0,-2500,6,-3,9,Hispanic,10.767,0,0
4495,0.0,0,1,0,0,0,5,1,2,2,1,1,-4,1,0.0,2,0,15500,2,-3,3,Hispanic,44.099,0,1
4496,0.0,0,1,0,2,0,6,2,3,4,3,4,-4,0,0.0,2,0,21160,2,8,13,Hispanic,6.554,0,1
4497,0.0,0,0,0,0,0,25,2,2,3,5,4,3,0,0.0,1,1,119777,9,4,7,Hispanic,15.556,0,0
4498,1.0,0,1,0,0,0,10,2,4,2,3,3,-4,0,0.0,1,1,119777,9,4,7,Hispanic,43.345,0,0
4499,0.0,0,1,0,0,0,25,2,2,3,4,4,-4,0,0.0,2,1,119777,9,4,7,Hispanic,11.153,0,0
4500,0.0,0,1,0,5,7,20,3,2,1,1,3,-4,1,0.0,1,0,22980,4,6,14,Hispanic,23.712,0,0
4501,0.0,1,0,0,0,0,25,2,2,2,1,1,-4,0,0.0,2,0,-2000,4,12,10,Hispanic,8.79,1,0
4502,0.0,0,0,0,0,1,0,1,1,2,2,4,-4,0,,1,0,63500,4,13,12,Hispanic,1.26,0,0
4503,0.0,0,1,0,0,0,10,2,2,3,3,2,3,0,,1,0,-1300,6,6,6,Hispanic,15.618,0,1
4504,0.0,0,0,0,0,0,6,2,2,3,3,1,-4,0,,2,0,-1300,6,6,6,Hispanic,0.108,0,0
4505,0.0,0,1,0,1,0,7,2,3,4,4,1,3,0,0.0,1,0,36100,5,-3,16,White,-0.004,0,0
4506,1.0,0,0,0,0,0,2,2,3,2,3,1,-4,0,0.0,1,0,66250,4,12,10,White,50.869,0,0
4507,,,0,0,0,0,2,2,2,3,4,1,3,0,,1,0,-3,4,12,12,White,65.118,-5,-5
4508,0.0,1,1,0,0,0,4,2,2,3,3,3,4,0,,2,-4,-4,5,14,12,White,12.763,-5,-5
4509,0.0,0,0,0,16,0,0,2,3,3,2,1,4,1,1.0,1,0,87500,3,-4,14,White,-0.004,0,-4
4510,1.0,1,1,0,0,0,3,2,3,3,4,2,-4,0,0.0,2,-4,-4,4,10,9,Hispanic,49.688,0,0
4511,0.0,0,0,0,20,0,4,2,2,2,1,1,-4,1,1.0,1,-4,-4,4,10,9,Hispanic,56.165,0,0
4512,1.0,0,0,0,0,0,1,2,2,3,4,1,-4,0,0.0,2,0,56950,2,14,12,White,61.275,0,0
4513,0.0,0,0,0,3,0,0,1,3,4,4,2,2,1,0.0,1,0,76500,4,12,14,White,44.298,0,0
4514,1.0,0,0,0,0,0,0,1,1,4,2,3,-4,1,0.0,1,0,76500,4,12,14,White,62.781,0,0
4515,1.0,0,0,0,0,0,4,2,2,2,2,1,2,0,0.0,1,0,35750,5,14,16,Hispanic,42.223,-5,-5
4516,1.0,0,0,0,0,0,2,2,2,3,1,1,1,0,0.0,1,0,35750,5,14,16,Hispanic,65.606,0,0
4517,1.0,0,0,0,1,0,0,1,2,2,1,1,-4,1,0.0,2,0,-3,4,18,15,White,65.445,0,0
4518,1.0,0,1,0,0,1,5,2,3,4,4,1,3,0,,1,-4,-4,5,14,12,White,-0.004,0,0
4519,0.0,0,1,0,0,0,3,1,1,1,1,1,-4,0,0.0,1,0,165000,3,12,13,White,12.591,0,0
4520,1.0,0,1,0,0,0,2,1,2,1,1,2,1,0,0.0,1,0,49600,4,12,12,Hispanic,46.271,-5,-5
4521,1.0,0,0,0,0,0,2,2,2,2,2,1,-4,0,0.0,2,0,49600,4,12,12,Hispanic,87.569,0,0
4522,1.0,0,1,0,0,0,6,2,3,2,1,1,1,0,,1,0,137500,4,16,16,White,96.138,0,0
4523,0.0,1,0,0,0,0,0,2,2,2,2,1,2,1,1.0,2,0,47450,5,18,14,Hispanic,48.173,-5,-5
4524,0.0,0,0,0,0,0,45,1,2,2,4,1,-4,0,0.0,2,0,47450,5,18,14,Hispanic,84.104,0,0
4525,1.0,0,0,0,0,0,-2,1,1,1,1,1,-4,0,1.0,1,0,600000,4,18,17,White,100.0,0,0
4526,0.0,,1,0,0,0,1,3,2,2,1,1,1,0,,1,0,5700,5,14,12,White,38.69,-5,-5
4527,1.0,0,0,0,0,0,0,2,2,2,1,1,-4,0,,1,-4,-4,5,14,12,White,18.143,0,0
4528,1.0,0,0,0,0,0,0,2,2,2,3,1,1,0,1.0,1,0,156250,4,14,16,White,95.655,0,0
4529,0.0,0,0,0,-4,-4,-4,1,1,2,1,1,-4,0,,2,0,1100,5,-3,11,White,3.806,0,-4
4530,0.0,,0,0,2,0,1,2,2,4,3,2,-4,0,,1,0,33250,4,16,14,White,6.198,-5,-5
4531,1.0,0,0,0,0,0,-1,2,2,4,3,1,-4,1,0.0,2,0,1200,2,13,11,White,34.659,0,-2
4532,1.0,0,0,0,0,0,1,1,1,1,1,1,-4,0,0.0,2,-4,-4,3,16,20,White,69.386,0,-2
4533,0.0,0,0,0,0,0,3,2,2,1,1,1,1,1,1.0,1,0,-3,5,18,14,White,95.112,0,0
4534,1.0,0,0,0,0,0,3,2,1,2,3,1,-4,0,0.0,2,0,-3,5,18,14,White,89.28,0,0
4535,0.0,0,0,0,0,0,1,2,2,1,1,1,-4,0,,1,0,-3,5,18,14,White,40.458,0,0
4536,1.0,0,0,0,0,0,4,2,2,2,1,1,-4,0,0.0,2,0,-110250,7,20,4,White,87.426,0,0
4537,0.0,0,0,0,0,0,1,1,2,1,1,1,-4,1,0.0,1,0,-110250,7,20,4,White,98.151,0,0
4539,1.0,0,0,0,0,0,0,2,2,2,2,2,-4,0,0.0,2,0,154000,5,17,16,White,62.035,0,0
4540,1.0,1,0,0,0,0,1,2,3,1,2,1,-4,0,0.0,1,0,42800,4,14,12,White,86.691,0,0
4541,0.0,0,1,2,0,0,3,2,2,4,4,1,3,0,,2,0,22820,5,12,10,White,13.989,0,0
4542,0.0,0,0,0,0,0,-2,3,4,-2,-2,1,-4,0,0.0,2,0,22820,5,12,10,White,38.191,0,0
4543,0.0,0,1,2,1,0,9,2,2,1,1,1,-4,1,0.0,1,0,18300,4,6,8,Hispanic,15.873,-5,-5
4544,1.0,0,1,2,10,1,8,3,2,2,1,2,-4,1,0.0,1,0,12300,4,8,12,White,47.907,0,0
4545,0.0,0,1,1,0,0,0,2,2,3,1,1,-4,0,0.0,1,0,-3,3,12,12,Asian,16.113,0,0
4546,1.0,0,0,0,0,0,1,2,2,4,3,2,-4,0,0.0,1,0,64000,3,16,14,White,28.185,0,0
4547,1.0,0,0,0,0,0,1,2,2,3,3,1,2,0,0.0,1,0,-3,4,18,16,White,96.497,0,0
4548,0.0,0,0,0,0,0,2,1,1,3,1,1,-4,0,0.0,2,0,-3,4,18,16,White,85.536,0,0
4549,0.0,0,1,0,2,0,4,2,2,5,5,2,3,0,0.0,2,0,-3,4,13,12,White,49.688,0,0
4550,1.0,0,0,0,0,0,2,1,2,1,1,-2,-4,1,0.0,2,0,91500,6,14,18,Other,75.186,0,0
4551,0.0,0,0,0,0,0,1,2,1,1,1,1,-4,0,0.0,1,0,-4750,7,14,14,White,17.694,0,0
4552,1.0,0,0,0,5,0,2,2,2,2,2,2,2,0,0.0,2,0,175000,5,14,14,White,51.546,0,0
4553,0.0,0,0,0,0,1,2,1,2,3,2,1,-4,0,0.0,2,0,175000,5,14,14,White,43.512,0,0
4554,0.0,0,0,0,-4,-4,-4,2,2,4,3,1,-4,0,,2,-4,-4,6,12,12,White,-0.004,0,0
4555,0.0,1,0,2,0,0,25,2,2,3,5,3,3,0,0.0,1,0,-3,4,11,12,Hispanic,38.502,0,0
4556,0.0,0,0,1,0,0,2,2,2,2,1,1,1,0,,2,0,148750,3,10,13,White,66.08,0,0
4557,1.0,0,0,0,1,0,4,2,2,3,1,1,-4,0,0.0,2,0,372750,5,15,12,White,56.884,0,0
4558,0.0,0,0,0,5,0,6,1,1,4,5,3,-4,0,1.0,2,0,1250,2,11,12,White,29.368,0,1
4559,0.0,0,0,0,0,0,11,2,2,5,4,1,3,0,0.0,2,0,5750,5,12,12,White,54.618,0,0
4560,1.0,0,1,0,0,0,7,3,3,2,3,1,-4,0,0.0,2,0,5750,5,12,12,White,53.564,0,0
4561,1.0,0,0,0,0,0,6,1,1,3,2,1,3,0,0.0,2,0,600000,4,14,12,White,44.799,0,0
4562,0.0,0,0,0,0,0,0,1,2,2,1,1,-4,0,0.0,1,0,600000,4,14,12,White,4.868,0,0
4563,0.0,0,0,0,0,0,8,2,2,3,3,1,3,0,,2,0,78850,4,18,-3,White,63.094,-5,-5
4564,0.0,0,0,0,0,0,6,1,1,1,1,1,1,0,0.0,1,0,144500,4,-4,-4,White,87.113,0,0
4565,0.0,0,0,0,0,0,6,2,2,2,1,1,-4,0,0.0,2,0,-3,3,12,12,White,-0.004,-5,-5
4566,,,0,0,0,0,5,2,2,1,1,1,-4,0,,2,-4,-4,3,14,14,White,-0.004,-5,-5
4567,1.0,,0,2,0,0,9,4,2,4,5,2,-4,0,,1,-4,-4,3,12,12,White,32.07,-5,-5
4568,1.0,0,0,0,0,0,0,1,2,2,1,1,1,0,0.0,2,0,-3,4,-4,12,White,65.859,0,0
4569,0.0,0,0,0,0,0,9,2,2,1,1,1,1,0,,1,0,90900,4,12,14,White,34.22,-5,-5
4570,0.0,0,0,0,2,2,2,2,3,2,2,1,-4,0,0.0,1,0,90900,4,12,14,White,38.359,-5,-5
4571,0.0,0,0,0,0,2,0,2,3,1,1,2,-4,1,0.0,1,0,83500,4,13,14,White,21.946,0,0
4572,0.0,1,0,1,0,0,10,3,1,3,3,1,3,1,,1,1,-8250,4,-3,12,Other,-0.004,-5,-5
4573,0.0,0,1,6,0,0,0,2,2,4,2,3,-4,0,0.0,1,0,217600,4,16,14,White,46.743,0,0
4574,1.0,0,0,0,10,0,4,2,4,1,-2,2,-4,1,1.0,1,0,161250,4,20,18,White,53.504,0,0
4575,0.0,0,0,0,2,0,10,2,2,3,3,1,-4,0,,2,0,4550,4,14,12,White,67.293,-5,-5
4576,1.0,0,0,0,0,0,-2,2,2,1,1,1,-4,0,0.0,1,-4,-4,4,12,11,White,-0.004,0,0
4577,1.0,0,0,0,0,0,2,2,2,1,1,1,-4,0,1.0,1,-4,-4,4,12,11,White,-0.004,0,-2
4578,1.0,0,0,0,0,0,1,1,1,4,4,1,1,0,0.0,2,0,381200,3,18,18,White,64.492,0,0
4579,0.0,0,0,0,1,0,18,3,2,3,4,2,3,0,0.0,2,0,500,7,12,12,White,40.605,0,0
4580,0.0,0,0,0,0,0,0,2,2,1,1,2,-4,0,0.0,1,0,500,7,12,12,White,73.523,0,0
4581,0.0,0,0,0,0,0,7,2,3,4,3,1,2,0,0.0,2,0,149750,4,18,14,White,56.513,0,0
4582,1.0,0,0,0,0,0,3,1,2,1,1,1,-4,0,0.0,1,-4,-4,4,18,14,White,78.973,0,0
4583,0.0,1,0,0,0,0,3,1,2,2,1,1,-4,0,0.0,2,0,-8637,2,-3,16,White,84.719,0,-4
4584,1.0,0,0,0,0,0,1,2,3,3,2,2,-4,0,0.0,2,-4,-4,5,-3,-3,Other,-0.004,0,0
4585,0.0,0,0,0,0,0,10,2,2,1,1,1,1,0,0.0,1,0,4600,4,12,12,White,-0.004,0,0
4586,0.0,0,1,1,1,0,5,2,2,2,2,1,-4,0,,1,0,-3,4,12,14,White,36.636,0,0
4587,0.0,0,1,1,0,1,10,2,2,3,3,2,3,0,0.0,1,0,3050,4,-3,5,White,69.071,0,0
4588,1.0,0,0,0,0,0,2,1,1,4,4,1,1,0,0.0,2,0,52500,6,8,10,Asian,16.823,0,0
4589,1.0,0,0,0,0,0,1,1,3,2,1,1,-4,0,0.0,1,0,52500,6,8,10,Asian,22.722,0,0
4590,1.0,0,0,0,0,0,-2,2,2,2,1,1,-4,0,0.0,2,0,11500,3,12,16,Other,67.673,-5,-5
4591,1.0,0,0,0,0,0,10,3,2,2,1,1,1,0,0.0,1,0,1300,3,12,12,White,73.848,0,0
4592,0.0,0,0,0,2,1,2,3,2,2,1,1,-4,1,0.0,1,0,31341,3,12,14,Hispanic,79.588,0,0
4593,1.0,,0,0,0,0,5,2,1,1,1,2,-4,1,1.0,2,0,600,4,-4,11,Other,35.446,-2,-4
4594,0.0,0,1,0,5,0,8,3,3,5,3,5,-4,1,1.0,2,0,285500,5,-3,14,Other,13.82,0,0
4595,0.0,,0,0,12,0,5,2,2,4,4,2,-4,1,,2,0,75500,4,12,12,White,43.992,-5,-5
4596,1.0,0,0,2,-4,-4,-4,2,2,5,3,3,5,0,,1,1,95401,4,14,18,Other,56.835,0,0
4597,1.0,1,0,0,0,0,3,2,3,3,2,1,-4,0,0.0,2,0,221500,4,15,14,White,63.464,0,0
4598,1.0,1,0,0,0,0,0,2,2,1,1,1,-4,0,0.0,2,0,221500,4,15,14,White,40.815,0,0
4599,0.0,0,0,0,2,0,4,2,2,2,3,2,-4,0,0.0,2,-4,-4,4,12,12,White,94.616,0,0
4600,1.0,0,0,0,0,0,5,2,2,1,1,1,1,0,0.0,1,0,139500,2,12,12,White,59.571,0,0
4601,0.0,0,1,0,0,0,10,2,2,2,3,1,3,0,,2,0,56500,5,12,12,White,38.906,0,0
4602,0.0,0,0,0,0,0,0,2,2,2,1,1,-4,0,0.0,1,0,56500,5,12,12,White,30.48,0,0
4603,0.0,0,1,0,0,0,10,2,2,5,4,1,-4,0,0.0,2,0,136100,2,14,16,White,60.12,0,0
4604,0.0,0,0,0,2,0,5,2,2,3,3,1,1,1,1.0,1,-4,-4,3,16,12,White,-0.004,-5,-5
4605,,,0,0,0,0,8,3,2,3,3,1,-4,1,,2,-4,-4,3,16,12,White,-0.004,-5,-5
4606,0.0,0,1,0,0,0,3,2,3,3,3,1,-4,0,0.0,1,0,221500,4,12,16,White,31.358,-5,-5
4607,0.0,0,0,0,1,0,4,2,1,1,1,1,-4,0,1.0,2,0,1900,3,12,12,White,28.247,0,0
4608,0.0,0,0,0,2,1,10,3,3,3,3,1,-4,1,1.0,2,0,26700,4,13,10,White,-0.004,0,1
4609,0.0,0,1,0,0,0,4,2,4,3,1,1,-4,1,0.0,1,0,133501,7,16,16,White,69.513,0,0
4610,1.0,0,1,0,1,0,5,2,3,4,5,2,-4,0,,2,0,-3,4,14,13,White,83.713,-5,-5
4611,0.0,0,0,0,0,1,1,1,3,3,4,1,-4,1,,2,0,9500,6,10,13,White,56.349,0,0
4612,1.0,0,0,0,0,0,2,2,1,1,1,1,-4,0,0.0,2,0,98100,6,14,14,White,-0.004,0,0
4613,1.0,0,0,0,0,0,8,2,1,5,1,1,2,1,1.0,1,0,357400,5,12,12,Other,34.888,0,0
4614,0.0,0,0,0,0,0,2,2,1,4,4,1,5,1,0.0,1,0,8700,3,11,10,Hispanic,75.776,0,0
4615,0.0,0,0,0,1,0,2,2,3,3,2,2,1,0,0.0,1,0,186500,5,16,14,White,68.197,0,0
4616,0.0,0,0,0,0,0,3,2,2,2,3,1,3,1,,1,0,-3,6,14,12,White,-0.004,0,0
4617,0.0,1,0,0,0,0,6,2,2,4,3,2,3,0,0.0,1,0,236500,9,14,12,White,44.816,0,0
4618,0.0,0,1,0,3,5,10,3,4,5,4,3,-4,0,0.0,2,0,236500,9,14,12,White,59.062,0,0
4619,1.0,0,0,0,0,0,8,2,3,5,3,3,-4,1,0.0,2,0,103800,4,12,12,White,34.218,-5,-5
4620,0.0,0,0,0,0,0,12,2,2,3,2,1,-4,1,,2,0,38400,5,10,14,White,75.233,0,-2
4621,0.0,0,0,0,0,0,0,2,2,2,1,1,-4,0,0.0,2,0,372001,5,14,13,Other,39.833,0,0
4622,1.0,0,1,0,20,0,7,3,3,4,3,3,-4,1,0.0,1,0,354500,4,13,14,White,46.357,0,0
4623,1.0,0,0,0,0,0,4,2,2,5,1,1,-4,1,0.0,1,0,354500,4,13,14,White,37.239,0,0
4624,0.0,0,0,2,3,0,10,2,2,3,2,2,-4,1,1.0,1,0,10950,4,12,13,White,7.218,0,0
4625,0.0,0,1,0,40,1,10,3,2,5,4,4,2,0,,1,0,13900,5,10,12,Black,1.376,0,0
4626,0.0,0,0,0,0,0,13,1,2,4,4,4,-4,0,0.0,2,0,109000,3,-3,15,White,18.641,0,0
4627,0.0,1,1,5,1,2,10,2,3,5,5,5,5,-3,1.0,1,0,20550,2,13,14,White,3.557,-5,-5
4628,0.0,0,0,0,0,0,4,2,3,5,4,2,5,0,,2,1,7500,2,12,12,Other,32.783,0,-2
4629,1.0,0,0,0,0,0,0,2,2,3,3,2,3,1,1.0,1,1,20200,4,17,14,White,97.784,0,0
4630,0.0,0,0,0,0,0,1,2,2,3,2,2,-4,0,0.0,2,1,20200,4,17,14,White,74.711,0,0
4631,1.0,0,0,0,0,0,2,1,2,1,1,1,1,1,0.0,1,0,-3,2,-4,-3,Other,84.582,0,0
4632,0.0,0,0,2,5,0,6,2,2,3,1,2,4,0,1.0,1,0,100000,5,11,11,White,38.498,-5,-5
4633,0.0,0,0,0,1,1,0,2,1,3,2,1,-4,1,0.0,2,0,170250,4,13,13,Other,35.062,0,0
4634,1.0,0,0,0,0,0,1,2,2,2,1,1,-4,1,0.0,2,0,445001,8,7,12,White,76.741,0,0
4635,1.0,0,0,0,0,0,2,2,1,4,3,2,-4,1,0.0,2,0,445001,8,7,12,Asian,39.89,0,0
4636,1.0,0,0,0,3,0,7,2,2,2,2,1,-4,0,0.0,1,0,120983,3,12,14,Hispanic,84.844,-5,-5
4637,0.0,0,0,1,0,0,0,3,2,2,1,1,2,0,0.0,1,-4,-4,7,14,12,Hispanic,-0.004,0,0
4638,0.0,0,0,0,0,0,1,2,3,1,1,1,-4,0,1.0,1,-4,-4,7,14,12,Hispanic,55.111,0,0
4639,0.0,0,1,3,2,0,2,1,1,4,2,1,-4,0,0.0,1,0,-3,3,12,14,Black,6.391,0,-4
4640,0.0,0,0,0,-4,-4,-4,3,2,5,3,2,2,0,1.0,1,0,-3,5,-3,17,White,18.407,0,0
4641,1.0,,0,0,1,1,3,2,3,2,2,1,1,0,,1,0,337500,5,13,14,White,28.857,-5,-5
4642,1.0,0,0,0,0,0,1,1,2,1,1,1,-4,0,0.0,1,0,337500,5,13,14,White,68.287,-5,-5
4643,1.0,0,0,0,0,0,3,2,2,3,5,1,-1,0,0.0,1,0,125500,3,16,16,Asian,99.184,0,0
4644,1.0,0,0,0,0,0,0,2,3,2,1,1,-4,0,0.0,1,0,125500,3,16,16,Asian,88.357,-5,-5
4645,1.0,0,0,0,0,0,2,2,2,1,1,1,-4,0,0.0,1,0,-3,4,11,16,White,82.6,0,-4
4646,1.0,0,0,0,0,1,2,2,3,1,1,1,-4,0,0.0,1,-4,-4,4,16,-3,White,-0.004,0,0
4647,0.0,0,0,0,0,0,1,2,2,3,3,3,-4,0,0.0,2,0,-3,5,19,19,White,78.117,0,0
4648,1.0,1,0,0,0,0,2,2,2,4,2,1,-4,0,0.0,2,0,-3,5,19,19,White,68.223,0,0
4649,1.0,0,0,0,2,0,4,2,2,4,4,1,3,0,1.0,2,0,3950,3,13,14,Other,87.753,0,1
4650,0.0,0,0,0,0,0,22,2,3,4,4,5,5,1,1.0,2,1,1800,9,-3,-3,Black,1.423,0,0
4651,0.0,0,1,-3,0,1,4,3,3,5,5,1,-4,0,,2,1,1800,9,-3,-3,Black,0.349,0,-2
4652,1.0,,0,0,0,0,3,2,3,5,4,2,4,0,,2,0,79550,6,12,12,Black,-0.004,-5,-5
4653,1.0,,0,0,0,3,5,4,3,1,1,1,-4,0,,1,0,79550,6,12,12,Black,9.679,-5,-5
4654,1.0,0,0,0,2,0,13,2,2,5,5,3,-4,0,0.0,1,1,1000,5,-3,12,Black,31.388,0,0
4655,1.0,1,1,0,1,0,0,2,3,1,1,1,2,0,0.0,2,0,-5108,5,-3,12,White,43.992,0,-4
4656,0.0,0,0,0,0,0,6,2,3,4,2,3,4,0,0.0,2,0,500,5,12,12,Black,2.387,0,0
4657,1.0,0,0,0,0,1,5,2,2,4,2,2,-4,0,0.0,2,0,500,5,12,12,Black,1.735,0,0
4658,1.0,0,0,0,0,0,8,2,3,5,3,1,4,0,1.0,2,0,600000,6,16,13,Black,10.471,0,0
4659,,,0,0,0,0,8,2,4,4,3,1,3,0,,1,-4,-4,6,16,13,Black,49.489,-5,-5
4660,0.0,0,0,0,0,0,7,2,3,3,4,1,3,1,,1,-4,-4,2,-3,12,Black,88.788,0,0
4661,0.0,0,0,0,0,0,0,2,3,3,3,1,3,0,0.0,1,-4,-4,3,-3,-3,Other,29.411,0,0
4662,1.0,0,0,0,0,0,0,2,2,1,1,1,-4,0,,2,0,-3,6,16,14,White,95.22,0,0
4663,1.0,0,0,0,0,0,5,2,2,2,2,2,3,0,0.0,1,0,179500,3,14,12,White,68.064,0,0
4664,0.0,0,0,0,0,0,8,1,1,4,1,5,-4,1,0.0,2,1,-3,3,12,12,White,11.567,0,-2
4665,0.0,0,1,2,0,0,10,2,2,4,3,3,3,0,,1,-4,-4,5,14,14,Asian,-0.004,-5,-5
4666,0.0,0,0,0,1,6,8,2,3,4,4,3,-4,1,0.0,1,0,-3,3,13,11,White,49.515,0,0
4667,0.0,0,1,0,0,0,7,1,3,2,1,1,-4,1,,2,0,-3,3,13,11,White,41.851,0,0
4668,0.0,0,0,0,0,0,6,2,2,1,1,2,-4,1,0.0,1,0,4750,5,10,14,Hispanic,34.426,0,0
4669,0.0,0,0,0,0,0,5,3,3,1,1,2,-4,0,0.0,1,0,195750,3,12,12,White,21.26,0,0
4670,0.0,0,0,0,0,0,20,2,2,3,4,2,3,0,0.0,2,0,10700,5,12,13,Hispanic,33.127,0,0
4671,1.0,0,0,0,0,0,32,2,3,3,4,2,-4,0,0.0,2,0,10700,5,12,13,Hispanic,55.554,0,0
4672,0.0,0,0,0,1,0,25,2,3,4,4,1,3,0,1.0,2,0,77800,4,12,16,Other,21.536,0,0
4673,1.0,0,0,0,0,0,0,2,1,2,2,1,-4,0,0.0,2,0,77800,4,12,16,Other,60.777,0,0
4674,1.0,0,0,0,0,0,30,1,2,3,1,2,-4,0,1.0,2,0,9000,3,12,11,White,61.613,0,0
4675,0.0,0,0,0,0,0,4,3,3,5,5,3,5,1,0.0,2,0,-3,3,-4,11,Black,10.17,0,1
4676,0.0,0,0,0,0,1,10,2,4,3,5,3,2,0,,2,-4,-4,4,-3,-3,Other,-0.004,0,0
4677,1.0,0,0,0,0,0,2,2,2,3,2,1,-4,0,,2,-4,-4,4,-3,-3,Other,-0.004,0,0
4678,0.0,0,0,0,0,0,0,1,1,1,1,1,1,0,,2,0,-3,8,-4,-4,Hispanic,-0.004,-2,-4
4679,1.0,0,0,1,0,0,7,2,4,4,3,1,-4,1,0.0,1,-4,-4,8,12,13,Hispanic,73.036,0,0
4680,0.0,0,1,0,0,0,21,3,4,3,2,3,-4,1,0.0,1,1,-6850,3,13,14,White,40.243,0,0
4681,1.0,0,0,0,0,0,1,2,2,3,2,2,-4,0,,1,-4,-4,5,12,8,White,18.576,0,-4
4682,1.0,0,0,2,0,2,16,2,3,5,3,3,-1,0,,1,0,-3,3,12,11,Other,4.327,0,0
4683,0.0,0,0,0,0,0,4,2,3,2,3,1,2,0,,2,-4,-4,3,-3,-3,Other,55.561,0,0
4684,0.0,0,0,0,0,0,4,2,1,3,1,1,-4,0,,2,-4,-4,3,-3,-3,Other,58.703,0,0
4685,0.0,0,0,0,0,0,10,2,2,2,4,2,3,0,,2,0,-3,4,13,12,White,-0.004,0,0
4686,1.0,0,0,0,0,0,1,2,2,3,3,1,1,0,0.0,2,0,103500,4,4,15,Other,70.806,-5,-5
4687,1.0,0,0,0,0,0,0,2,1,1,1,1,-4,0,0.0,2,0,29500,5,12,11,White,81.336,0,0
4688,0.0,0,0,0,0,0,0,1,2,3,4,2,-1,0,0.0,2,-4,-4,5,7,3,Other,46.267,0,0
4689,1.0,0,0,0,0,0,0,1,2,2,1,1,-4,0,0.0,2,-4,-4,5,7,3,Other,29.553,-5,-5
4690,0.0,0,1,1,0,0,5,2,2,3,4,1,-1,0,0.0,1,0,-3,4,-3,11,White,57.34,0,0
4691,1.0,0,0,0,0,0,-2,2,3,2,2,2,-4,1,0.0,1,0,-3,4,-3,11,White,25.145,0,0
4692,0.0,0,1,0,0,0,67,2,2,5,5,2,-2,0,,1,0,2950,3,12,11,White,-0.004,0,0
4693,0.0,0,1,0,0,0,5,2,2,3,2,3,1,1,,1,0,4250,3,12,12,Hispanic,43.886,0,0
4694,0.0,0,0,0,1,0,6,2,3,1,1,1,-4,0,0.0,2,0,4250,3,12,12,Hispanic,89.566,0,0
4695,0.0,0,0,0,0,1,10,2,2,3,3,2,3,0,,2,0,4750,2,-4,-3,Hispanic,23.825,0,-4
4696,1.0,0,0,0,0,0,7,2,2,3,5,2,5,1,0.0,2,0,52250,4,12,7,Hispanic,13.158,0,0
4697,1.0,0,0,0,0,0,11,1,1,1,1,1,-4,0,0.0,2,0,7150,3,-4,13,White,36.072,0,-4
4698,1.0,0,0,0,0,0,0,3,2,1,1,1,1,1,,2,0,4750,7,3,6,Hispanic,4.13,0,0
4699,1.0,0,0,0,0,0,14,3,2,3,4,2,2,0,,2,0,4750,7,3,6,Hispanic,2.872,0,0
4700,1.0,0,0,0,0,0,14,2,2,3,4,3,-4,0,0.0,2,0,4750,7,3,6,Hispanic,16.433,0,0
4701,0.0,0,0,0,0,0,1,1,1,1,1,1,-4,0,,1,-4,-4,8,-3,-3,Hispanic,3.829,0,0
4702,1.0,0,0,0,0,0,3,2,2,1,1,1,-4,0,0.0,1,0,-3,5,10,14,Hispanic,85.854,0,0
4703,1.0,0,0,0,0,0,10,2,2,3,1,2,-4,0,0.0,1,0,212000,6,12,13,Other,37.419,-5,-5
4704,0.0,,0,0,1,1,30,2,2,2,1,1,-4,1,,2,0,5750,3,-3,4,Other,46.224,-5,-5
4705,0.0,0,0,0,0,0,2,2,2,1,1,1,2,0,,1,0,700,6,-3,8,Hispanic,-0.004,0,0
4706,1.0,0,0,0,0,0,1,2,3,2,3,1,2,0,,2,0,119000,5,12,12,Hispanic,94.715,-5,-5
4707,1.0,0,0,0,2,0,2,2,3,2,1,1,-4,0,,2,0,119000,5,12,12,Hispanic,56.102,0,0
4708,0.0,0,0,0,1,0,4,2,2,3,2,2,3,0,0.0,2,0,-3,4,12,11,White,72.265,0,0
4709,0.0,,0,0,1,1,0,2,3,2,1,1,-4,0,0.0,1,0,-3,4,12,11,White,30.796,0,0
4710,1.0,0,0,0,0,0,5,3,2,2,3,1,2,1,1.0,1,0,152500,5,13,13,White,89.261,0,0
4711,0.0,1,0,0,1,0,11,3,3,2,4,1,-4,0,0.0,2,0,152500,5,13,13,White,98.417,0,0
4712,0.0,0,0,1,5,0,7,2,2,2,1,1,-4,1,0.0,1,0,-3,4,8,8,Other,0.143,-5,-5
4713,0.0,0,0,0,0,0,1,1,3,4,3,1,4,0,,1,-4,-4,5,12,12,White,1.229,-5,-5
4714,1.0,0,0,0,0,0,2,3,3,2,5,3,3,0,0.0,2,0,168000,4,12,14,White,34.819,0,0
4715,0.0,0,0,0,0,0,0,2,1,4,1,3,4,0,,2,0,75750,2,-4,-3,Hispanic,6.639,0,-4
4716,1.0,0,0,0,0,0,5,2,1,1,1,1,-4,0,0.0,2,0,-3,5,14,13,White,52.412,0,0
4717,0.0,0,0,0,0,0,0,2,2,2,2,3,3,0,,1,-4,-4,7,2,2,Hispanic,8.215,0,0
4718,0.0,0,0,0,0,0,0,3,3,4,4,2,4,0,,2,0,141250,7,2,2,Hispanic,16.254,0,0
4719,1.0,0,0,0,0,0,2,2,2,2,3,1,2,0,0.0,2,0,230500,5,18,16,White,94.102,0,0
4720,1.0,0,0,0,0,0,3,2,2,2,2,2,-4,1,1.0,2,0,15900,4,-4,12,White,60.387,-5,-5
4721,0.0,0,0,0,0,0,10,2,3,4,3,2,4,0,0.0,2,0,26000,3,11,14,White,56.437,0,0
4722,1.0,0,0,0,0,0,3,2,2,4,2,1,3,0,0.0,2,0,26000,3,11,14,White,36.833,0,0
4723,1.0,0,0,0,0,0,5,3,2,2,1,1,-4,0,0.0,2,0,262500,4,17,18,White,29.088,0,0
4724,0.0,0,0,0,0,0,1,2,2,2,3,1,1,0,0.0,1,0,6750,5,19,18,Other,79.89,0,0
4725,1.0,0,0,0,0,0,7,1,2,1,2,1,2,1,1.0,2,0,-3,5,12,14,White,55.251,-5,-5
4726,0.0,0,0,1,2,0,5,2,2,4,4,2,3,0,,2,-2,152250,4,10,-3,White,44.613,0,0
4727,,,0,0,0,0,5,2,2,3,2,1,-4,0,,1,0,118700,3,16,13,White,6.113,-5,-5
4728,1.0,0,0,0,0,0,2,1,1,5,5,1,1,0,1.0,2,0,131700,4,12,13,White,60.238,0,0
4729,0.0,0,0,0,2,0,7,2,4,2,4,2,3,0,1.0,2,0,245650,3,14,15,White,13.71,0,0
4730,1.0,0,0,0,0,0,0,2,4,3,4,2,1,0,0.0,2,0,-3,3,14,17,White,52.445,0,0
4731,1.0,0,0,0,0,0,4,2,2,2,2,1,2,0,0.0,1,0,212500,6,18,17,White,89.38,0,0
4732,1.0,0,0,0,0,0,6,1,1,1,1,1,-4,0,0.0,2,0,212500,6,18,17,White,99.069,0,0
4733,0.0,0,0,2,0,0,2,2,2,1,1,1,-4,0,0.0,2,0,1450,3,8,11,Hispanic,20.076,0,0
4734,0.0,0,0,0,0,1,2,2,2,3,2,1,-4,0,0.0,1,0,22950,6,3,9,Hispanic,0.362,0,0
4735,0.0,0,0,0,5,10,15,2,2,4,5,5,3,0,0.0,1,0,80500,4,-3,12,Hispanic,-0.004,0,0
4736,1.0,0,0,0,0,0,5,3,2,2,1,2,-4,1,1.0,1,0,-2250,5,10,14,White,76.309,0,0
4737,0.0,1,0,0,0,0,3,2,2,4,4,2,1,0,0.0,1,0,237601,5,12,12,White,25.471,0,-4
4738,0.0,0,0,0,0,0,10,1,2,3,2,2,3,0,0.0,2,-4,-4,5,-4,-3,White,-0.004,-5,-5
4739,1.0,0,0,0,1,0,3,2,2,1,1,1,1,0,0.0,2,0,12700,5,12,17,Hispanic,84.094,0,0
4740,1.0,0,0,0,0,0,10,1,2,3,4,3,4,0,0.0,1,0,176750,8,12,12,Hispanic,33.212,0,0
4741,0.0,0,0,0,0,0,2,3,2,2,3,2,-4,0,0.0,2,0,176750,8,12,12,Hispanic,50.053,-5,-5
4742,0.0,0,1,0,0,0,0,2,2,2,2,1,3,1,0.0,2,0,84800,5,14,12,Hispanic,18.815,0,0
4743,0.0,0,1,0,0,0,0,2,2,2,1,2,-4,0,0.0,1,0,168700,4,14,12,Black,30.552,0,0
4744,1.0,0,1,0,2,0,3,2,2,2,1,2,-4,1,0.0,1,0,56800,5,14,11,White,-0.004,0,0
4745,0.0,0,0,0,0,0,5,2,2,2,1,1,-4,0,0.0,1,0,48700,5,-3,12,Hispanic,42.924,0,0
4746,1.0,0,0,0,0,0,7,1,1,1,1,1,-4,1,,1,-4,-4,5,12,12,Asian,41.927,-5,-5
4747,1.0,0,0,0,0,0,1,2,3,2,2,1,3,0,0.0,2,0,72050,3,14,20,Black,22.758,0,0
4748,1.0,0,0,0,1,1,15,2,3,1,1,1,-4,0,1.0,2,0,43800,3,16,14,White,73.388,0,0
4749,0.0,0,1,0,0,0,1,1,2,4,5,4,4,0,0.0,1,0,17600,3,12,12,White,46.659,0,0
4750,0.0,0,0,0,0,0,3,2,2,2,2,1,-4,0,0.0,1,0,40500,4,12,12,White,67.153,0,0
4751,1.0,0,0,0,0,0,0,2,2,1,1,1,1,0,0.0,1,0,24250,7,19,17,White,72.105,0,0
4752,1.0,0,1,0,0,0,7,2,1,3,3,1,-2,0,1.0,1,-4,-4,4,12,12,White,19.183,0,0
4753,1.0,0,0,0,6,1,8,2,2,2,2,2,2,0,0.0,2,-4,-4,4,12,12,White,19.781,0,0
4754,1.0,0,0,0,0,0,6,2,2,2,2,2,-2,0,,2,-4,-4,6,11,12,Other,-0.004,0,-4
4755,0.0,0,0,0,1,0,4,2,3,3,5,1,4,0,,2,1,750,4,-3,17,Hispanic,27.656,0,0
4756,1.0,0,0,0,0,0,0,2,2,4,3,2,-2,0,0.0,2,-4,-4,6,-3,-3,Asian,24.378,-5,-5
4757,1.0,0,0,0,0,0,0,2,2,-2,2,1,-4,0,0.0,2,-4,-4,6,-3,-3,Asian,17.36,0,0
4758,1.0,0,0,0,0,0,16,3,4,4,5,3,4,0,,2,0,24188,5,8,14,Black,77.261,0,0
4759,1.0,0,0,0,0,0,6,2,2,3,3,1,4,0,0.0,1,0,15550,4,12,9,White,90.763,0,0
4760,0.0,0,1,0,0,0,2,1,2,1,-2,1,-4,1,0.0,2,0,15550,4,12,9,White,59.3,0,0
4761,0.0,0,1,0,0,0,4,2,2,3,1,1,-4,1,,2,1,8700,3,14,13,White,83.513,0,0
4762,1.0,0,0,0,0,0,6,2,1,1,1,1,-4,0,0.0,1,0,6950,3,12,12,Hispanic,34.419,0,0
4763,1.0,0,0,0,0,0,6,2,1,2,1,1,-4,0,0.0,1,0,68750,2,16,14,White,96.906,0,-4
4764,0.0,0,0,0,1,0,6,2,2,3,3,2,4,0,0.0,1,0,3550,3,8,7,Hispanic,-0.004,0,0
4765,1.0,0,0,0,0,0,0,2,2,2,2,4,5,0,,1,-4,-4,10,16,-3,Asian,32.881,0,0
4766,0.0,0,0,0,0,0,4,2,2,4,3,2,-2,0,,1,0,-3,4,14,12,Hispanic,-0.004,0,0
4767,0.0,0,1,1,0,0,5,-2,2,2,2,1,-4,0,,2,0,-3,4,14,12,Hispanic,-0.004,-5,-5
4768,0.0,0,0,0,0,0,4,2,3,4,3,3,-4,0,0.0,2,0,4950,5,12,9,Hispanic,59.057,0,-2
4769,1.0,0,0,0,0,0,0,2,2,2,3,1,4,0,,1,0,20500,4,12,13,White,-0.004,0,0
4770,1.0,0,0,0,3,0,1,2,2,4,3,1,3,0,,2,0,45500,3,20,14,White,-0.004,0,0
4771,1.0,0,0,2,0,0,4,2,2,2,1,2,-4,0,0.0,2,0,-14450,2,16,13,Other,-0.004,0,0
4772,1.0,0,0,0,0,0,3,2,2,1,1,1,-4,0,0.0,2,0,7500,3,11,14,Hispanic,73.298,0,0
4773,0.0,0,0,0,0,0,2,2,3,3,2,2,2,0,0.0,2,0,2350,4,14,6,Hispanic,42.185,0,0
4774,0.0,0,0,0,0,0,0,2,2,1,1,2,-4,0,0.0,1,0,2350,4,14,6,Hispanic,21.164,0,0
4775,0.0,0,0,0,0,1,6,2,4,3,2,5,-4,0,0.0,2,0,24900,7,3,12,Hispanic,6.958,0,0
4776,1.0,0,0,0,0,0,0,1,2,2,1,1,-4,0,0.0,1,1,53129,4,2,2,Hispanic,48.138,0,0
4777,1.0,0,0,1,0,0,10,3,2,4,5,5,5,0,,2,0,2880,6,11,6,Hispanic,-0.004,0,0
4778,0.0,0,0,0,0,0,0,2,1,4,3,5,5,0,0.0,2,0,23750,6,-4,2,Hispanic,-0.004,0,-2
4779,0.0,0,1,0,0,1,9,2,2,5,3,1,-4,0,0.0,2,0,55500,7,12,12,Hispanic,45.366,0,0
4780,0.0,0,0,0,0,0,14,2,1,2,3,5,3,0,1.0,1,0,46750,7,13,8,Hispanic,-0.004,0,0
4781,0.0,0,1,0,2,0,20,2,4,3,3,1,2,-3,1.0,1,0,3836,3,10,11,White,2.618,0,0
4782,1.0,0,0,0,0,0,3,2,2,2,3,2,2,0,0.0,1,0,-3,3,10,9,Hispanic,-0.004,0,1
4783,0.0,0,0,0,0,0,3,2,2,2,2,1,1,0,0.0,2,0,-3,3,10,9,Hispanic,-0.004,0,0
4784,0.0,0,0,0,0,0,0,2,2,1,1,1,-4,0,0.0,2,0,750,5,6,-3,Hispanic,13.435,0,0
4785,1.0,0,0,0,1,0,2,1,3,1,3,2,3,0,0.0,2,0,115550,6,12,12,Hispanic,61.479,0,0
4786,0.0,0,0,0,0,0,4,2,2,1,1,1,-4,0,0.0,2,0,115550,6,12,12,Hispanic,52.399,0,0
4787,1.0,0,0,0,2,0,3,1,2,2,2,1,1,0,1.0,1,0,-3,4,18,15,White,52.219,0,0
4788,1.0,0,0,0,0,0,2,2,-2,3,3,2,-2,0,0.0,1,0,-3,4,12,16,White,98.261,0,0
4789,1.0,0,0,0,0,0,1,2,-2,3,3,1,1,0,0.0,2,0,-3,4,12,16,White,56.924,0,0
4790,0.0,,1,3,4,1,13,2,3,3,1,4,-4,0,1.0,1,0,17500,3,20,13,White,77.219,0,0
4791,0.0,,0,0,0,0,3,2,2,3,5,1,3,0,,1,0,-3,4,16,16,White,-0.004,-5,-5
4792,0.0,0,0,0,0,0,5,2,1,2,2,1,2,0,0.0,2,-4,-4,4,15,14,White,59.929,0,0
4793,1.0,0,0,0,0,0,1,2,1,3,3,2,2,0,0.0,1,-4,-4,5,17,16,White,-0.004,0,0
4794,1.0,0,0,0,0,0,1,2,2,3,1,2,1,1,,1,0,-3,4,16,16,Asian,-0.004,-5,-5
4795,1.0,0,0,0,0,3,4,2,2,2,3,1,5,0,0.0,2,0,1150,7,-4,12,Hispanic,-0.004,0,0
4796,1.0,1,1,3,1,0,5,2,2,3,3,4,3,1,0.0,2,-4,-4,4,12,14,White,28.103,0,0
4797,1.0,0,0,0,0,0,6,1,2,2,1,1,-4,1,0.0,2,0,19500,4,12,16,White,81.956,0,0
4798,0.0,0,0,0,2,0,4,1,1,1,1,1,-4,1,0.0,1,0,-3,5,20,13,Hispanic,37.775,0,0
4799,1.0,0,0,0,0,0,1,2,2,2,2,1,-2,1,1.0,1,0,92300,3,16,14,White,73.21,0,0
4800,0.0,0,1,1,0,0,7,2,1,2,1,1,-4,0,0.0,1,0,11750,3,12,11,White,42.726,-5,-5
4801,1.0,1,0,1,1,0,3,2,3,3,2,2,-4,0,0.0,2,0,237000,3,16,13,White,89.023,0,0
4802,1.0,1,0,0,0,0,8,1,1,2,2,1,3,0,0.0,2,0,-950,4,16,16,White,-0.004,0,0
4803,1.0,0,0,0,0,0,1,2,3,1,1,1,-4,0,0.0,1,0,69600,4,15,14,White,64.954,0,0
4804,1.0,0,0,0,0,0,0,2,2,4,2,1,1,0,,2,0,50800,5,12,12,White,39.886,0,0
4805,0.0,0,0,0,0,0,5,2,2,1,1,1,-4,0,0.0,1,0,5000,4,10,11,White,57.602,0,0
4806,0.0,0,0,0,0,0,0,1,3,2,1,1,-4,0,1.0,2,1,16350,4,-3,14,White,48.726,-5,-5
4807,0.0,0,0,0,0,0,1,2,2,4,3,1,-4,0,0.0,2,0,-5150,3,12,12,White,68.145,-5,-5
4808,0.0,0,1,0,0,0,4,2,2,2,1,1,2,-3,0.0,1,0,8500,3,12,9,White,-0.004,0,1
4809,0.0,0,0,0,0,0,4,1,1,2,1,1,-4,0,,2,0,-4241,3,11,11,White,-0.004,0,0
4810,0.0,0,1,2,0,1,5,2,2,3,3,1,-4,0,0.0,1,0,61050,6,12,11,White,23.489,-5,-5
4811,0.0,0,0,0,1,0,1,1,2,2,3,1,-4,0,0.0,2,0,61050,6,12,11,White,54.258,0,0
4812,1.0,0,0,0,0,0,1,3,-2,1,1,1,-4,1,0.0,2,0,101900,4,13,16,White,90.86,0,0
4813,1.0,1,0,0,0,0,0,2,2,3,-2,1,-4,0,0.0,1,0,179900,3,16,18,White,62.617,0,0
4814,1.0,0,0,0,0,0,7,3,3,1,1,1,-4,0,1.0,1,0,202750,3,20,12,White,89.008,0,0
4815,0.0,0,0,0,0,0,3,1,2,1,1,1,-4,0,0.0,2,0,42100,7,20,20,White,100.0,0,0
4816,1.0,0,0,0,0,0,9,2,3,3,4,1,3,0,0.0,2,0,-3,5,12,13,White,85.215,0,0
4817,0.0,0,0,0,0,0,1,3,4,4,2,1,3,1,,1,0,-3,5,12,13,White,92.098,0,-2
4818,1.0,0,0,0,0,0,0,2,1,1,1,1,-4,0,0.0,1,0,225000,4,14,14,White,95.58,0,0
4819,0.0,0,1,0,0,0,0,2,2,-2,-2,1,-2,0,0.0,1,0,-3,4,5,20,White,75.651,-5,-5
4820,1.0,0,0,0,0,0,2,1,2,3,2,1,1,0,0.0,1,0,74300,4,12,14,White,97.8,0,0
4821,1.0,0,0,0,0,0,3,2,1,1,1,1,-4,0,0.0,2,0,74300,4,12,14,White,77.652,-5,-5
4822,1.0,1,0,0,0,0,6,1,1,1,1,1,-4,0,1.0,2,0,74300,4,12,14,White,78.734,0,0
4823,,,0,0,0,0,6,2,2,4,4,1,-4,0,,2,0,125000,5,12,12,White,76.867,-5,-5
4824,0.0,,0,0,0,0,0,2,2,3,3,1,2,0,,1,0,-3,4,12,12,White,50.988,-5,-5
4825,1.0,0,0,0,0,0,5,2,3,4,2,2,1,1,1.0,2,0,252500,4,11,13,White,49.115,-5,-5
4826,1.0,0,0,0,0,0,3,2,3,3,2,1,2,0,0.0,1,0,384000,4,16,14,White,98.327,-5,-5
4827,1.0,0,0,0,0,0,3,2,3,4,3,1,3,0,0.0,1,0,384000,4,16,14,White,49.221,0,0
4828,1.0,0,0,0,0,0,0,1,2,3,3,2,3,0,0.0,2,0,157750,4,12,12,White,-0.004,0,0
4829,1.0,0,0,0,2,0,0,2,2,3,2,1,3,1,0.0,2,1,24550,5,13,13,White,9.427,-5,-5
4830,0.0,0,0,0,0,0,1,1,2,1,1,1,-4,0,0.0,1,0,113500,4,20,18,White,95.93,0,0
4831,0.0,0,0,2,5,1,5,3,3,3,2,2,3,1,0.0,1,0,2500,2,12,12,White,-0.004,0,0
4832,1.0,0,1,1,0,0,2,1,3,1,1,1,-4,0,0.0,1,0,63300,5,16,16,White,91.591,0,0
4833,0.0,1,0,0,-4,-4,-4,-4,-4,3,3,1,4,1,1.0,1,0,273863,4,20,19,White,100.0,0,0
4834,0.0,0,0,0,0,0,20,2,3,4,3,1,3,1,1.0,2,0,-210,4,10,11,White,63.168,0,0
4835,1.0,0,0,0,0,0,10,2,2,3,1,1,-4,0,0.0,1,0,-210,4,10,11,White,37.739,0,0
4836,0.0,0,0,0,0,0,0,2,2,4,3,2,1,0,0.0,1,0,270500,4,13,14,White,55.07,0,0
4837,1.0,0,0,0,0,0,5,2,2,3,2,1,1,0,0.0,2,0,160700,5,12,16,White,66.693,0,0
4838,1.0,0,0,0,0,0,1,1,2,5,3,1,-4,0,0.0,2,0,170450,4,12,12,White,53.674,0,0
4839,1.0,0,0,0,1,1,0,2,1,1,1,1,-4,1,0.0,1,0,455500,5,12,12,White,54.946,0,0
4840,1.0,0,0,0,0,0,3,2,2,3,2,1,-4,0,0.0,1,0,238500,4,16,12,White,23.402,-5,-5
4841,1.0,0,0,0,1,0,10,2,2,4,3,1,-4,0,0.0,2,0,70250,4,15,8,White,84.073,0,0
4842,1.0,0,1,0,0,0,9,2,2,5,1,1,-4,0,0.0,2,0,70250,4,15,8,White,92.27,0,0
4843,0.0,0,0,0,1,0,1,2,2,4,3,1,2,0,,2,0,-3,5,12,-4,White,54.58,0,0
4844,0.0,0,0,0,6,0,1,1,4,4,3,2,-4,1,1.0,1,0,-3,5,11,12,White,13.325,-5,-5
4845,0.0,0,0,0,0,0,5,2,1,4,4,1,1,0,0.0,1,0,64500,4,11,12,White,68.012,0,0
4846,0.0,1,0,0,2,0,5,3,3,4,3,1,-4,0,0.0,2,0,64500,4,11,12,White,15.777,0,0
4847,0.0,1,1,5,0,6,10,4,3,4,5,1,5,0,1.0,1,0,37450,2,-3,10,White,56.578,-5,-5
4848,0.0,0,0,0,1,0,2,2,3,2,1,1,-4,0,,1,0,66700,4,12,12,White,64.711,0,0
4849,0.0,0,0,0,0,0,2,2,1,1,1,1,-4,0,,1,0,117100,5,16,13,White,47.756,0,0
4850,0.0,0,0,0,0,0,3,1,3,4,4,3,5,0,0.0,2,-4,-4,6,-3,14,Asian,45.413,0,0
4851,0.0,0,0,0,0,0,3,1,2,1,1,1,-4,0,0.0,1,-4,-4,6,-4,-4,Asian,71.887,0,-2
4852,0.0,0,0,0,0,0,4,2,2,2,3,1,2,0,0.0,2,0,600000,4,16,14,White,67.479,0,0
4853,1.0,0,0,0,1,0,0,2,2,1,-2,1,-4,1,0.0,1,0,293500,4,18,17,White,85.126,0,0
4854,,,0,0,0,0,9,2,3,3,4,2,-4,0,,2,0,-3,6,10,6,White,29.988,-5,-5
4855,1.0,0,0,0,0,0,4,2,2,2,1,1,-4,0,0.0,2,0,138500,4,12,12,Other,62.33,0,0
4856,0.0,0,0,0,0,0,18,2,2,5,4,2,3,0,0.0,2,0,74001,6,-3,4,Hispanic,58.139,0,0
4857,0.0,0,1,2,0,0,17,2,3,1,1,1,-4,0,0.0,2,0,74001,6,-3,2,Hispanic,3.353,0,0
4858,1.0,0,0,0,0,0,1,2,2,1,1,1,-4,0,0.0,2,0,62900,5,17,17,White,97.702,0,0
4859,1.0,0,0,0,5,0,15,2,3,4,3,1,4,0,,2,0,1750,2,12,12,White,76.132,-5,-5
4860,0.0,0,0,0,0,0,2,2,2,4,3,1,4,0,0.0,2,0,47000,3,-4,13,White,24.319,0,-2
4861,0.0,0,0,0,0,0,10,3,3,4,4,2,5,0,0.0,1,0,-3,4,12,12,White,15.832,-5,-5
4862,1.0,0,0,0,0,0,6,1,1,2,2,1,1,0,0.0,2,0,10700,3,11,12,White,59.635,0,0
4863,0.0,0,0,0,0,0,3,2,2,3,2,1,3,0,0.0,1,0,34500,5,14,16,White,82.847,0,0
4864,1.0,0,1,4,2,1,6,3,3,1,1,1,-4,0,0.0,1,0,34500,5,14,16,White,55.075,0,0
4865,0.0,0,1,0,2,0,16,2,3,4,2,1,1,0,0.0,2,0,35600,5,12,16,White,52.554,0,0
4866,1.0,0,0,0,0,0,0,2,3,2,1,1,2,0,0.0,1,0,35000,3,12,12,White,81.61,-5,-5
4867,0.0,0,0,0,5,0,3,2,2,-1,1,1,-4,0,0.0,2,0,44500,5,-4,8,White,2.308,0,0
4868,0.0,0,0,0,0,0,0,2,3,5,5,1,1,0,0.0,2,0,18750,7,11,11,White,2.573,0,0
4869,0.0,0,1,0,0,1,4,1,4,2,2,1,-4,0,0.0,1,0,-3,4,-4,11,White,15.171,-5,-5
4870,1.0,0,0,0,0,0,1,1,2,2,2,1,2,0,0.0,1,0,-3,4,12,12,White,93.08,0,0
4871,1.0,0,0,0,0,0,7,1,3,4,3,3,4,0,0.0,2,-4,-4,3,-4,13,White,89.185,0,0
4872,1.0,0,0,0,1,0,1,1,1,1,1,1,-4,0,0.0,1,-4,-4,3,-4,13,White,55.194,-5,-5
4873,1.0,0,0,0,0,0,8,2,3,1,3,1,-4,0,0.0,2,0,75000,7,12,12,White,51.127,0,0
4874,0.0,0,0,0,0,1,5,2,2,1,1,1,-4,0,0.0,1,0,75000,7,12,12,White,3.272,0,0
4875,1.0,0,0,0,0,0,6,2,4,1,2,1,-4,0,0.0,2,0,-3,5,12,14,White,64.686,0,0
4876,1.0,0,0,0,0,0,0,2,2,5,5,1,-4,0,0.0,2,0,-3,7,14,14,White,87.924,0,0
4877,1.0,0,0,0,0,0,0,1,1,1,-2,-2,-4,0,1.0,2,0,-3,7,14,14,White,45.857,0,-2
4878,1.0,0,0,0,0,0,3,2,3,3,2,1,2,0,0.0,2,0,-3,5,12,12,White,91.577,0,0
4879,1.0,0,0,0,0,0,8,1,2,1,1,1,-4,0,0.0,2,0,22000,2,-4,14,White,-0.004,0,0
4880,0.0,0,1,0,3,0,5,2,2,5,2,4,-4,0,,2,0,4550,6,9,12,White,18.097,-5,-5
4881,1.0,0,0,0,0,0,1,2,2,3,2,1,-4,0,0.0,2,0,85500,3,14,14,White,-0.004,0,0
4882,1.0,1,0,0,0,0,6,2,3,4,3,1,3,0,,2,0,4750,5,16,15,White,56.301,0,0
4883,0.0,0,0,0,0,0,3,2,2,1,1,1,-4,0,,1,0,-3,5,14,12,White,35.565,-5,-5
4884,0.0,0,0,0,0,0,10,2,2,4,4,1,-2,0,0.0,1,-4,-4,4,11,11,White,31.435,0,0
4885,1.0,0,0,0,0,0,0,1,2,3,2,4,-4,1,1.0,2,0,51500,4,16,16,White,80.441,0,0
4886,0.0,0,0,1,0,0,2,2,2,2,1,1,-4,0,0.0,1,0,-3,5,12,10,White,47.928,-5,-5
4887,1.0,0,0,0,0,0,25,2,2,2,2,1,-4,0,0.0,1,0,8000,3,-4,13,White,68.585,0,-4
4889,1.0,0,0,0,0,0,2,1,2,3,5,1,-4,0,0.0,1,0,-3,5,18,18,White,47.042,0,0
4890,1.0,0,0,0,1,1,1,2,3,1,1,1,-4,1,0.0,1,0,94500,6,18,16,White,55.872,0,0
4891,1.0,,0,0,0,0,5,1,2,3,2,1,-4,0,0.0,1,0,283500,2,12,13,White,-0.004,0,0
4892,0.0,0,0,0,3,3,10,3,3,4,1,1,-4,0,,1,0,47750,4,9,11,White,6.637,0,0
4893,0.0,0,1,1,0,0,18,4,3,5,4,1,4,1,1.0,2,-4,-4,4,16,14,White,9.36,-5,-5
4894,0.0,0,0,0,12,0,30,3,2,5,5,5,5,1,1.0,1,-4,44455,4,7,12,White,78.712,0,-2
4895,1.0,0,0,0,0,0,5,2,3,3,2,1,-4,0,,2,0,-3,4,12,12,White,91.625,0,0
4896,0.0,0,0,0,0,0,4,1,1,3,1,1,-4,0,,1,0,4000,3,10,10,White,20.776,-5,-5
4897,1.0,0,0,0,3,0,6,2,2,3,1,1,-4,0,1.0,1,0,40500,3,13,12,White,71.536,0,0
4898,0.0,0,1,0,0,0,6,2,3,4,2,1,-4,0,,2,0,-3,3,10,12,White,14.504,-5,-5
4899,0.0,0,0,0,0,0,5,2,2,4,5,1,-4,0,0.0,2,-4,-4,4,14,14,White,79.714,0,0
4900,0.0,0,0,0,0,0,1,3,2,4,3,1,3,0,0.0,1,0,115250,3,12,14,White,71.171,0,0
4901,0.0,0,0,0,0,0,1,3,3,5,5,1,4,0,0.0,2,0,35775,5,12,12,White,19.915,0,0
4902,0.0,0,0,3,0,0,8,2,4,3,2,1,-4,0,0.0,1,0,35775,5,12,12,White,16.852,0,0
4903,1.0,0,0,0,6,0,1,2,2,1,2,1,-4,1,0.0,2,0,20700,6,14,14,Black,52.429,0,0
4904,1.0,0,1,0,2,1,15,4,4,3,4,1,-2,1,1.0,2,0,93300,6,12,16,White,67.953,0,0
4905,1.0,0,0,0,0,0,0,2,1,3,1,2,-4,0,0.0,2,0,34550,4,10,13,White,35.599,0,-2
4906,0.0,0,0,0,0,0,5,1,2,1,1,1,-4,0,0.0,1,1,82100,5,-3,11,White,63.342,0,0
4907,1.0,0,0,0,-4,-4,-4,1,2,1,1,1,-4,0,0.0,1,1,82100,5,-3,11,White,24.335,0,0
4908,0.0,0,0,0,0,0,6,2,1,4,5,1,5,0,,1,-4,-4,5,12,12,White,50.841,0,0
4909,1.0,0,0,2,0,1,0,3,3,4,2,1,-4,1,0.0,1,-4,23150,5,12,12,White,65.673,0,0
4910,0.0,0,0,-3,0,0,3,2,2,1,1,1,-4,1,0.0,1,-4,-4,5,12,12,White,7.544,0,0
4911,1.0,0,0,0,5,1,3,2,2,4,4,3,3,0,0.0,1,0,172000,4,12,12,White,84.766,0,0
4912,1.0,0,0,0,0,0,3,1,2,1,1,1,-4,0,0.0,1,0,172000,4,12,12,White,29.173,0,0
4913,1.0,0,0,0,0,0,0,2,2,1,1,1,-4,0,0.0,1,0,48500,5,14,12,White,84.222,0,0
4914,0.0,0,0,0,0,0,3,2,2,3,2,2,-4,0,,1,0,24500,5,12,14,White,-0.004,0,0
4915,1.0,0,0,0,0,0,3,2,2,3,3,1,3,0,0.0,2,0,-3,4,12,12,White,93.916,0,0
4916,0.0,0,0,0,0,0,7,2,3,-2,-2,1,-4,0,0.0,1,0,-3,4,12,12,White,74.51,0,0
4917,1.0,0,0,0,3,0,2,2,4,5,5,2,5,0,0.0,2,0,59700,4,12,14,Other,65.362,0,0
4918,1.0,0,0,0,0,0,2,1,2,1,1,1,1,0,0.0,1,0,242750,7,12,12,White,79.87,0,0
4919,0.0,0,0,0,0,0,2,1,1,1,1,1,-4,0,0.0,1,0,242750,7,12,12,White,64.039,0,0
4920,0.0,0,1,0,0,0,2,2,1,2,1,1,-4,1,0.0,1,0,82550,4,12,12,White,23.419,-5,-5
4921,0.0,0,0,0,1,0,5,2,2,2,2,2,2,0,0.0,1,0,158500,4,12,12,White,66.883,0,0
4922,0.0,,0,1,0,0,5,2,2,1,1,1,-4,0,,1,0,158500,4,12,12,White,53.373,-5,-5
4923,0.0,0,0,0,0,0,4,2,2,3,2,2,-4,0,0.0,2,0,158600,5,12,12,White,-0.004,0,0
4924,,,0,0,0,0,5,2,3,1,1,1,1,0,,2,0,92000,7,10,12,White,-0.004,-5,-5
4925,0.0,,0,0,0,0,1,2,2,1,1,1,-4,0,,2,0,92000,7,10,12,White,-0.004,-5,-5
4926,1.0,0,0,0,0,0,0,2,2,4,4,3,3,0,0.0,2,0,600000,5,18,19,White,39.439,0,0
4927,1.0,0,0,0,0,0,2,1,1,2,1,1,-4,0,0.0,1,0,337719,4,12,20,White,77.125,-5,-5
4928,0.0,,0,0,0,0,9,2,2,2,2,1,3,0,,1,-4,-4,3,12,12,White,57.725,-5,-5
4929,0.0,0,1,-3,1,1,0,2,3,3,2,2,3,0,1.0,1,-4,-4,5,-4,12,White,-0.004,0,0
4930,0.0,0,0,0,0,0,2,4,3,2,2,2,-4,0,,1,-4,-4,5,-4,12,White,-0.004,0,0
4931,0.0,0,0,0,0,0,5,2,3,2,1,1,-4,0,0.0,1,0,416500,4,12,12,White,21.363,0,0
4932,0.0,0,1,1,3,0,10,3,2,4,5,2,-4,0,0.0,1,0,138900,5,14,12,White,61.519,0,0
4933,0.0,0,0,0,30,0,14,2,2,4,2,1,4,0,1.0,2,0,33000,4,11,11,White,31.111,-5,-5
4934,0.0,1,0,0,1,0,15,2,2,1,1,1,-4,1,1.0,1,0,8450,4,12,12,White,88.783,0,0
4935,1.0,0,0,0,0,0,0,1,2,1,1,1,-4,0,0.0,2,0,260500,4,-4,16,White,82.774,-5,-5
4936,0.0,0,1,2,0,1,2,1,2,4,2,1,-4,0,,1,-4,-4,4,-3,-3,Black,5.141,0,0
4937,0.0,0,1,3,0,1,1,1,3,2,1,1,-4,0,0.0,1,-4,600000,4,-3,12,Black,28.963,0,0
4938,1.0,1,0,0,0,0,5,1,1,1,1,1,-4,0,0.0,2,0,244050,3,12,12,White,49.694,0,0
4939,1.0,,0,0,0,0,0,2,1,2,2,1,2,0,,1,0,-3,3,16,12,White,38.912,-5,-5
4940,0.0,0,0,0,0,0,1,4,2,3,2,1,-4,0,,1,0,-3,3,16,12,White,40.828,0,0
4941,1.0,0,0,0,2,0,0,2,2,1,1,2,-4,1,0.0,2,0,48000,4,16,14,White,91.543,0,0
4942,1.0,0,0,0,0,0,2,3,2,4,3,2,3,0,0.0,1,0,-3,4,12,12,White,90.3,0,0
4943,1.0,0,0,0,0,0,0,2,3,3,1,1,-4,0,1.0,1,0,-3,4,12,12,White,63.87,0,0
4944,1.0,0,0,0,0,0,1,2,3,2,1,1,-4,1,0.0,2,0,-3,5,12,12,White,81.403,0,0
4945,0.0,0,0,0,0,0,4,2,2,3,2,1,3,0,0.0,1,0,36500,3,20,12,White,-0.004,-5,-5
4946,0.0,,0,0,0,0,5,2,3,5,4,2,-4,0,,1,0,38700,3,-3,12,White,12.386,-5,-5
4947,0.0,0,0,3,2,0,2,2,3,4,3,1,-4,0,,1,1,203750,3,13,10,White,72.41,0,0
4948,0.0,0,0,0,10,1,11,2,3,5,2,2,3,0,0.0,1,0,78800,3,12,12,White,48.77,0,0
4949,0.0,0,1,0,3,0,0,2,2,1,1,1,-4,0,1.0,2,0,-857,5,9,14,White,44.704,-5,-5
4950,0.0,0,1,4,1,0,33,2,2,5,3,2,3,0,1.0,1,0,26500,5,11,10,White,4.238,0,0
4951,0.0,0,0,0,3,0,5,2,2,2,2,1,3,0,0.0,1,-4,-4,4,-3,-3,White,-0.004,0,0
4952,0.0,0,0,0,0,0,0,1,2,2,1,1,-4,0,0.0,2,-4,-4,4,-3,-3,White,-0.004,0,0
4953,0.0,0,0,1,0,0,26,2,2,2,2,2,2,0,0.0,1,0,32860,4,12,10,White,48.484,0,0
4954,0.0,0,1,5,0,0,17,2,3,2,1,1,-4,0,0.0,1,0,32860,4,12,10,White,20.143,0,0
4955,0.0,0,0,0,1,0,30,3,4,5,5,1,3,0,0.0,2,0,1200,3,12,13,White,26.087,0,0
4956,0.0,0,0,0,0,0,20,2,2,1,1,1,-4,0,,2,0,1200,3,12,13,White,73.855,0,0
4957,0.0,0,0,0,0,0,1,2,3,1,1,2,-4,0,0.0,1,0,3000,5,-3,12,White,-0.004,0,0
4958,1.0,0,1,2,1,0,5,3,4,3,1,2,-4,0,1.0,2,0,107000,4,12,12,White,30.966,0,1
4959,0.0,0,1,2,20,0,3,1,1,2,1,1,-4,0,0.0,2,0,57750,5,9,12,White,54.763,0,1
4960,1.0,0,1,0,0,0,5,2,3,4,4,1,3,0,0.0,2,0,18212,2,12,14,White,67.943,0,1
4961,0.0,0,1,3,0,0,7,2,3,4,3,1,3,0,0.0,2,0,60000,6,10,13,White,34.46,1,-4
4962,0.0,0,0,0,0,0,6,2,2,5,2,2,-4,0,0.0,2,0,60000,6,10,13,White,58.119,0,-4
4963,0.0,0,0,0,0,0,5,1,2,5,4,1,4,0,0.0,2,0,52000,6,10,12,White,17.766,0,0
4964,,,0,0,0,0,0,1,1,2,2,1,-4,1,,2,0,28953,2,12,16,White,-0.004,-5,-5
4965,0.0,0,0,1,0,0,20,3,3,4,2,2,-4,0,0.0,1,0,28700,4,9,12,White,4.842,0,0
4966,0.0,0,1,0,13,0,1,3,2,3,2,1,-4,1,0.0,2,0,28700,4,9,12,White,33.532,0,0
4967,1.0,0,0,0,0,0,10,2,2,2,1,1,-4,0,0.0,2,0,82050,11,16,12,White,54.452,-5,-5
4968,1.0,0,0,0,0,0,9,2,2,3,2,2,-4,0,0.0,2,0,82050,11,16,12,White,42.406,0,0
4969,0.0,0,0,0,0,0,3,2,3,3,1,1,-4,0,0.0,2,0,72400,3,12,14,White,24.136,0,0
4970,1.0,0,0,0,10,0,2,2,1,3,4,2,2,0,0.0,1,0,239900,3,12,12,White,29.23,0,0
4971,1.0,0,0,0,0,0,1,1,2,2,1,2,-4,0,0.0,1,0,184000,3,12,17,White,54.739,0,0
4972,0.0,0,0,0,0,0,0,2,2,4,3,1,2,0,0.0,1,0,19050,3,12,10,White,44.725,0,0
4973,0.0,0,1,0,5,6,5,3,4,4,5,1,4,0,0.0,2,0,58660,3,12,12,White,-0.004,0,1
4974,0.0,0,1,2,1,3,5,3,2,4,4,1,3,0,0.0,2,0,58660,3,12,12,White,6.312,0,1
4975,0.0,0,1,0,0,0,5,1,1,1,1,1,-4,1,0.0,1,0,16000,5,12,12,White,3.453,0,0
4976,1.0,0,0,0,0,0,20,2,2,3,3,1,2,0,0.0,2,0,34205,4,12,13,White,50.958,0,0
4977,0.0,0,0,1,1,0,3,2,2,1,1,1,-4,1,0.0,1,0,108150,4,10,12,White,15.004,0,0
4978,0.0,0,0,0,0,1,0,3,3,1,2,1,-4,0,,2,1,23500,2,10,10,White,-0.004,0,0
4979,0.0,0,1,2,0,0,0,2,2,1,1,1,-4,0,0.0,2,0,13850,5,12,13,White,41.11,1,0
4980,1.0,,0,0,0,1,2,1,2,2,2,1,-4,0,,1,0,-3,3,14,12,White,-0.004,-5,-5
4981,0.0,0,0,0,0,0,5,2,1,3,1,2,-4,0,,1,0,-3,6,-3,13,White,36.474,-5,-5
4982,0.0,0,0,0,0,0,3,2,2,3,2,1,3,0,0.0,2,0,87700,5,16,16,White,42.65,0,0
4983,1.0,0,0,0,0,0,-2,2,2,2,1,1,-4,0,0.0,1,0,4750,3,-4,12,White,75.798,0,0
4984,0.0,0,1,0,0,0,3,4,2,3,3,2,3,0,,1,0,138500,4,14,15,White,32.095,0,0
4985,0.0,0,0,0,0,0,2,2,2,2,-2,-2,-2,0,1.0,2,0,11250,2,-4,12,White,8.77,0,0
4986,0.0,0,1,0,33,0,12,2,2,4,3,3,-2,0,0.0,1,0,74500,4,12,14,White,49.862,0,0
4987,1.0,0,0,0,0,1,5,3,1,2,1,1,-4,1,0.0,1,0,104650,5,14,12,White,79.886,0,0
4988,0.0,0,0,0,10,1,40,2,2,3,2,2,4,0,1.0,2,0,-3,4,-3,13,White,60.806,0,1
4989,0.0,0,1,0,15,7,11,1,2,2,1,1,-4,-3,0.0,1,0,44800,5,-3,11,White,-0.004,0,1
4990,1.0,0,0,0,0,0,5,3,3,3,2,1,2,0,0.0,2,0,99000,4,12,11,White,-0.004,0,0
4991,1.0,0,1,0,0,0,1,2,2,1,1,1,-4,0,0.0,2,0,99000,4,12,11,White,-0.004,0,0
4992,1.0,0,0,0,3,0,5,2,3,2,4,1,3,0,1.0,1,0,104500,5,16,16,White,58.548,0,0
4993,1.0,0,0,0,0,0,4,2,2,4,2,1,-4,0,0.0,2,0,104500,5,16,16,White,58.27,0,0
4994,1.0,0,0,0,2,0,0,2,2,4,4,1,-4,0,0.0,2,0,104500,5,16,16,White,63.877,0,0
4995,0.0,0,0,0,0,0,0,2,3,3,3,1,2,0,,2,0,-3,5,12,12,White,27.819,-5,-5
4996,0.0,0,0,0,0,0,0,1,2,2,2,1,-4,0,,2,0,-3,5,12,12,White,40.587,0,0
4997,1.0,0,0,0,0,0,3,2,1,2,2,1,-4,0,0.0,1,-4,-4,4,12,18,White,24.556,0,0
4998,1.0,0,0,0,3,0,0,2,2,2,3,2,-4,0,0.0,2,1,4500,5,-3,-3,Hispanic,-0.004,0,0
4999,0.0,0,0,0,0,0,1,4,2,4,3,2,-4,0,0.0,2,1,4500,5,-3,-3,Hispanic,-0.004,0,0
5000,0.0,0,0,0,0,0,3,2,2,4,3,1,3,0,0.0,1,-4,-4,6,-3,12,White,-0.004,0,0
5001,0.0,0,0,0,1,0,-2,1,2,4,1,1,-4,0,0.0,2,-4,-4,6,-3,12,White,-0.004,0,0
5002,0.0,0,0,0,0,2,22,2,4,3,1,1,-4,0,0.0,1,0,-3,8,8,10,White,-0.004,0,0
5003,0.0,0,0,0,0,0,8,2,2,1,1,1,-4,0,0.0,2,0,-3,8,8,10,White,-0.004,0,0
5004,0.0,0,1,0,0,2,35,2,2,3,4,3,-4,0,0.0,1,1,500,5,11,12,White,-0.004,-5,-5
5005,0.0,0,0,0,0,0,0,2,4,2,1,5,-4,1,0.0,2,1,500,5,-3,12,White,-0.004,0,0
5006,1.0,0,0,0,0,0,0,1,1,1,1,1,-4,0,0.0,1,0,4500,5,16,12,White,-0.004,-5,-5
5007,0.0,0,0,0,0,0,3,2,2,1,1,1,-4,0,0.0,2,0,303138,4,13,15,White,48.261,-5,-5
5008,0.0,0,0,0,0,0,2,1,2,1,1,1,-4,0,0.0,2,0,195500,3,12,14,White,-0.004,0,0
5009,0.0,0,0,0,99,0,1,3,3,4,4,2,3,1,1.0,2,0,100800,2,12,12,White,70.335,0,1
5010,1.0,0,0,0,0,0,2,2,3,3,4,1,3,0,1.0,1,0,38125,4,12,12,White,87.609,0,0
5011,1.0,0,1,0,0,0,4,2,2,3,4,1,3,0,0.0,2,-4,-4,2,11,12,White,59.116,1,0
5012,0.0,0,1,0,7,3,5,2,3,3,4,1,3,0,0.0,1,0,6760,4,12,12,White,86.843,0,-2
5013,0.0,0,1,0,3,3,3,3,3,3,1,1,-4,0,0.0,1,0,6760,4,12,12,White,61.762,0,0
5014,0.0,0,1,0,0,0,6,3,2,2,3,1,4,1,0.0,1,0,459500,3,13,14,White,70.206,0,0
5015,1.0,0,0,0,0,0,8,3,3,1,1,1,-4,0,0.0,2,0,250,6,13,14,White,45.228,0,0
5016,1.0,0,0,0,0,0,5,2,2,3,2,1,2,0,0.0,2,0,25000,3,12,14,White,53.085,0,0
5017,1.0,0,0,0,0,0,1,1,2,2,1,1,-2,0,1.0,2,0,59825,4,12,14,White,96.277,0,0
5018,1.0,0,0,0,0,0,3,1,2,2,1,1,-4,0,0.0,2,0,59825,4,12,14,White,-0.004,0,0
5019,0.0,0,0,0,0,0,7,2,2,3,2,2,3,0,,1,0,49750,4,17,12,White,74.175,-5,-5
5020,0.0,0,0,0,0,0,0,2,3,2,2,1,1,1,1.0,1,0,122250,3,12,13,Hispanic,90.48,0,0
5021,1.0,0,0,0,0,0,5,2,3,3,1,1,-4,0,0.0,2,1,25450,3,14,12,White,61.264,-5,-5
5022,1.0,0,0,0,0,0,3,2,2,1,1,1,-4,0,0.0,2,0,600000,3,9,12,White,0.767,0,0
5023,0.0,0,1,0,4,3,5,3,3,4,3,1,-4,1,1.0,1,0,1090,3,10,12,White,51.342,0,0
5024,1.0,0,0,0,0,0,3,2,3,2,1,1,-4,0,0.0,2,0,137750,4,13,16,White,81.451,0,0
5025,1.0,0,0,0,0,0,2,2,3,3,1,1,-4,0,0.0,2,0,137750,4,13,16,White,23.846,0,0
5026,0.0,0,0,0,4,0,1,2,3,2,2,1,-4,0,0.0,1,0,89800,4,14,12,Hispanic,73.189,0,0
5027,1.0,0,0,0,0,0,1,2,2,2,1,1,1,0,,2,0,-3,6,12,10,White,-0.004,-5,-5
5028,1.0,0,1,0,2,0,5,3,3,3,3,1,3,0,,1,0,14750,5,14,14,White,62.563,0,0
5029,0.0,0,1,0,0,0,9,1,2,1,1,1,-4,0,0.0,1,0,14750,5,14,14,White,39.893,0,0
5030,0.0,0,0,0,0,0,5,2,3,2,1,1,-4,0,0.0,1,0,324500,4,12,16,White,96.742,0,0
5031,1.0,0,0,0,0,0,4,2,2,3,2,1,1,0,,1,0,182750,4,12,14,White,86.988,0,0
5032,0.0,0,0,0,0,0,2,2,3,4,4,3,3,0,1.0,2,0,28750,3,12,14,White,12.694,0,-2
5033,1.0,0,0,0,0,0,2,1,1,1,1,1,1,0,1.0,1,0,28750,3,12,14,White,14.911,0,0
5034,1.0,0,0,0,0,0,0,2,3,4,3,1,3,1,,1,0,-3,3,17,14,White,-0.004,0,0
5035,0.0,0,1,0,0,0,10,2,3,3,5,1,4,0,1.0,2,0,-3,4,12,12,White,94.49,0,0
5036,1.0,0,0,0,0,1,2,2,2,4,1,4,1,1,,1,-4,-4,6,12,12,White,-0.004,-5,-5
5037,1.0,0,0,0,0,0,3,1,2,3,3,2,3,0,0.0,1,0,157500,4,12,12,White,-0.004,0,0
5038,0.0,0,1,0,0,1,13,2,2,1,2,1,1,1,1.0,1,0,9650,4,10,12,White,73.21,0,1
5039,0.0,1,1,0,0,1,9,3,2,2,2,1,-4,0,0.0,2,0,9650,4,10,12,White,33.624,0,1
5040,1.0,0,0,0,0,0,0,2,2,4,2,1,-4,0,0.0,2,0,206750,5,14,17,White,-0.004,-5,-5
5041,1.0,0,0,0,0,0,4,2,4,1,1,1,-4,0,0.0,1,0,143000,5,13,18,White,48.62,0,0
5042,1.0,0,0,0,0,0,4,2,3,3,4,1,3,0,1.0,1,0,488500,5,20,16,White,97.469,-5,-5
5043,1.0,0,0,0,0,0,2,2,2,2,1,1,-4,0,0.0,2,0,488500,5,20,16,Hispanic,96.512,0,0
5044,1.0,0,1,0,0,0,2,3,3,4,2,1,3,0,,1,-4,-4,6,12,9,White,-0.004,0,0
5045,1.0,0,0,1,7,0,3,2,3,4,5,2,4,0,0.0,1,0,600000,6,20,20,White,99.641,0,0
5046,0.0,0,0,0,-4,-4,-4,2,3,1,1,1,1,0,,2,-2,-3,10,-3,-3,White,28.711,-5,-5
5047,0.0,0,1,2,17,0,5,3,3,4,3,3,2,1,,1,-2,-3,10,-3,-3,White,36.791,0,-4
5048,0.0,0,1,0,0,0,0,2,2,5,1,1,-4,0,,2,-2,-3,10,-3,-3,White,5.787,0,-4
5049,0.0,0,0,0,12,0,3,4,3,4,3,2,-4,1,0.0,2,0,-3,4,10,12,Hispanic,-0.004,0,0
5050,1.0,0,0,0,0,0,1,1,2,1,1,1,-4,0,0.0,1,0,-3500,4,19,8,Hispanic,-0.004,0,0
5051,0.0,0,0,0,0,0,6,1,2,1,1,1,1,-2,0.0,2,0,28500,5,17,14,White,53.568,0,0
5052,1.0,0,0,0,0,0,0,2,2,1,1,1,-4,0,,1,-4,-4,5,14,18,White,46.19,0,0
5053,1.0,0,0,0,0,0,0,2,2,2,1,1,1,0,0.0,1,0,173000,4,14,12,White,85.741,0,0
5054,0.0,0,1,0,0,0,2,2,2,4,3,1,4,0,0.0,2,0,133750,4,14,12,White,86.674,0,0
5055,0.0,0,1,0,1,0,2,2,3,1,1,1,-4,-1,1.0,1,0,-10845,7,12,16,White,8.326,0,0
5056,0.0,0,1,0,5,2,5,2,3,4,3,1,4,1,,1,0,-3,4,12,12,White,-0.004,-5,-5
5057,1.0,0,0,0,0,0,2,1,3,2,2,1,-4,0,0.0,2,0,-3,5,17,13,Black,67.472,0,0
5058,1.0,0,0,0,-4,-4,-4,2,2,3,2,1,1,0,,1,0,154000,8,16,12,White,-0.004,0,0
5059,0.0,0,1,0,0,0,10,2,3,3,2,1,-4,1,0.0,1,1,4750,5,11,12,White,-0.004,0,0
5060,1.0,0,0,0,0,0,1,2,3,4,3,-2,1,0,0.0,2,0,136000,4,12,12,White,71.568,0,0
5061,0.0,0,1,1,0,0,3,2,1,2,1,1,3,0,,1,0,4750,2,-3,10,White,-0.004,-5,-5
5062,1.0,0,1,0,1,3,11,2,2,1,1,1,-4,1,0.0,1,0,31050,4,12,14,Black,-0.004,0,0
5063,0.0,0,1,8,1,2,2,2,4,4,3,2,-4,1,0.0,1,1,64600,4,-4,14,White,-0.004,0,-4
5064,0.0,0,0,1,0,2,15,2,3,5,4,3,-4,0,,1,0,68650,4,12,14,White,-0.004,0,0
5065,0.0,,0,0,0,0,0,3,3,4,5,3,3,0,,1,0,28500,4,11,11,White,-0.004,-5,-5
5066,0.0,0,1,4,0,0,3,1,1,3,1,1,-4,0,,1,0,28500,4,11,11,White,-0.004,0,0
5067,1.0,0,1,0,0,0,2,1,1,1,1,1,-4,0,0.0,1,0,13750,2,11,10,White,-0.004,-5,-5
5068,0.0,0,0,0,0,0,0,2,2,3,3,1,2,0,0.0,2,0,59500,4,16,14,Black,-0.004,0,0
5069,0.0,0,0,2,0,0,0,2,2,4,1,1,-4,0,0.0,2,0,59500,4,16,14,Black,-0.004,0,0
5070,0.0,0,0,0,0,0,1,1,2,1,1,1,-4,0,0.0,1,0,-3,4,9,10,Hispanic,5.296,0,0
5071,0.0,0,0,0,0,1,20,2,3,3,4,2,-4,1,0.0,1,0,26600,5,8,13,White,9.783,-5,-5
5072,0.0,0,0,0,0,0,16,2,4,3,2,1,3,0,0.0,2,0,-3,4,11,12,Hispanic,28.601,0,0
5073,1.0,0,0,0,0,0,2,2,2,3,2,1,2,0,0.0,2,0,36150,5,12,13,White,68.917,0,0
5074,,,0,0,0,0,2,2,2,2,1,1,-4,0,,1,-4,-4,4,12,13,White,-0.004,-5,-5
5075,1.0,1,0,0,0,0,2,1,2,1,1,1,-4,0,0.0,2,0,191000,9,12,12,White,99.034,0,1
5076,0.0,0,0,7,0,1,3,2,2,4,2,1,3,0,,1,-4,-4,4,7,-3,White,-0.004,0,0
5077,1.0,0,0,0,0,0,0,2,1,2,1,1,-4,0,0.0,1,0,109500,5,12,16,White,54.21,-5,-5
5078,1.0,0,0,0,0,0,1,2,1,1,1,1,-4,0,,2,0,34050,4,12,11,White,61.264,0,0
5079,0.0,1,1,3,2,1,1,1,1,2,2,2,4,-3,1.0,2,0,31900,3,9,8,White,29.358,-5,-5
5080,0.0,0,0,1,0,0,0,2,2,3,1,1,3,0,,1,0,123000,7,12,12,White,30.257,-5,-5
5081,0.0,0,0,2,0,0,0,2,4,5,3,1,-4,0,,1,0,123000,7,12,12,White,33.389,0,0
5082,1.0,0,0,0,0,0,5,1,2,4,3,1,3,0,,2,0,168600,4,19,12,White,-0.004,0,0
5083,,,0,0,0,0,12,1,2,3,2,1,2,0,,2,-4,-4,4,12,12,White,-0.004,-5,-5
5084,1.0,0,0,0,0,0,0,2,2,2,2,1,2,0,0.0,1,0,123500,5,16,12,White,78.687,0,0
5085,1.0,0,0,0,0,0,1,2,2,2,2,1,-4,0,,2,0,123500,5,16,12,White,33.896,-5,-5
5086,1.0,0,0,0,0,0,1,1,2,4,3,2,-4,0,0.0,2,0,57000,3,10,10,White,76.912,0,0
5087,1.0,0,0,0,0,0,2,2,2,4,5,1,3,0,,2,0,200500,4,16,14,White,13.001,-5,-5
5088,1.0,0,0,0,0,0,3,2,3,2,1,1,2,0,0.0,1,0,57800,5,11,8,White,83.849,0,0
5089,0.0,0,0,0,0,0,-1,1,2,1,1,1,-4,0,0.0,2,0,57800,5,11,8,White,48.677,0,0
5090,1.0,0,1,0,0,0,7,3,3,1,1,1,-4,0,,1,0,203500,6,18,16,White,75.121,-5,-5
5091,1.0,0,0,1,0,0,0,2,2,2,1,1,-4,0,0.0,2,0,203500,6,18,16,White,98.071,0,0
5092,1.0,0,1,3,2,0,20,4,4,4,4,3,3,1,,2,0,74500,5,14,18,White,-0.004,0,0
5093,0.0,0,1,2,-2,4,0,2,4,5,4,2,-4,1,1.0,1,0,31250,2,12,12,White,2.97,0,0
5094,0.0,0,0,1,0,0,5,1,4,4,4,1,3,-3,,1,-4,-4,3,16,16,White,27.897,0,0
5095,1.0,0,0,0,0,0,0,1,1,1,1,1,-4,0,0.0,2,0,108001,5,12,12,White,-0.004,0,0
5096,1.0,1,0,0,0,0,7,2,2,3,4,1,-4,0,0.0,2,0,-3,4,12,12,White,-0.004,0,0
5097,1.0,0,0,0,0,0,7,1,2,2,4,1,-4,0,0.0,2,0,-3,4,12,12,White,-0.004,0,0
5098,1.0,0,0,0,0,0,0,1,1,1,1,1,-4,0,0.0,2,0,150500,4,12,12,White,60.897,0,0
5099,0.0,0,0,0,0,0,1,2,4,3,3,1,-2,0,1.0,2,0,62500,3,10,12,White,-0.004,0,0
5100,1.0,0,0,0,0,0,3,2,2,1,1,1,-4,0,0.0,1,0,576500,5,12,12,White,72.721,0,0
5101,1.0,0,0,0,0,0,0,2,2,3,2,2,4,0,,2,0,-3,5,19,16,White,94.063,-5,-5
5102,1.0,1,0,0,1,0,0,4,4,5,5,1,5,0,0.0,1,0,253251,4,15,11,Hispanic,19.928,0,0
5103,0.0,0,0,0,0,0,6,2,2,3,3,1,2,0,0.0,1,0,-3,4,12,15,White,-0.004,0,0
5104,0.0,0,0,0,3,1,0,2,2,1,2,1,-4,0,0.0,2,0,-3,4,12,15,White,-0.004,0,0
5105,0.0,0,1,0,-4,-4,-4,2,1,3,2,4,-4,1,,1,0,20550,3,9,12,White,33.769,0,0
5106,1.0,0,0,2,0,0,2,3,2,4,3,1,4,0,0.0,1,0,97000,3,12,12,White,61.145,0,0
5107,,,0,0,0,0,0,2,2,2,2,1,-4,0,,1,0,97000,4,12,14,White,-0.004,-5,-5
5108,1.0,0,0,0,0,0,0,1,1,1,1,1,1,0,0.0,1,0,267600,6,14,12,White,80.424,0,0
5109,0.0,0,0,0,0,0,10,1,3,4,2,1,3,0,0.0,1,0,40750,6,15,12,White,68.775,0,0
5110,1.0,0,1,0,2,1,2,2,2,3,1,1,-4,1,0.0,1,0,37000,4,10,12,White,75.354,0,0
5111,1.0,0,0,0,1,0,0,2,2,4,4,2,3,0,,2,1,-1000,4,14,14,White,47.671,0,0
5112,,,1,0,0,0,2,2,3,3,1,1,-4,0,,1,1,-1000,4,14,14,White,26.826,-5,-5
5113,0.0,0,0,0,5,0,4,2,3,4,3,2,-4,0,0.0,2,0,13865,4,11,12,White,68.568,0,0
5114,1.0,0,0,0,0,0,2,2,2,2,2,1,3,0,,2,0,201000,3,12,12,White,60.385,0,0
5115,1.0,0,0,0,0,0,9,2,2,4,4,3,4,0,0.0,2,0,43250,3,14,14,White,63.112,0,0
5116,0.0,0,0,0,0,1,3,2,3,4,3,1,5,0,1.0,1,0,77400,4,12,12,White,43.764,0,0
5117,0.0,0,1,2,1,3,4,3,4,4,2,4,3,0,,1,0,25465,4,9,14,White,55.819,0,0
5118,1.0,0,0,0,0,0,0,2,2,3,2,1,-4,0,0.0,2,0,77500,3,12,12,White,81.808,-5,-5
5119,0.0,0,0,0,2,0,4,2,2,4,2,1,-4,0,,1,0,94600,5,14,13,White,-0.004,-5,-5
5120,0.0,0,1,3,0,0,10,2,2,5,5,1,5,1,0.0,1,0,38880,2,11,11,Hispanic,53.85,0,0
5121,0.0,,0,0,0,0,2,1,2,2,1,1,-4,0,,1,0,89500,5,16,14,White,-0.004,-5,-5
5122,0.0,0,1,1,0,0,3,1,1,2,1,2,-4,0,0.0,1,0,-3000,4,12,12,White,3.89,0,0
5123,0.0,0,1,0,1,1,5,2,2,2,2,1,5,0,,2,0,363002,3,12,12,White,19.596,-5,-5
5124,0.0,0,1,0,1,0,5,2,2,2,1,1,1,0,0.0,1,0,63501,6,12,12,Other,36.983,0,0
5125,1.0,0,0,0,0,0,2,2,4,1,1,1,-4,1,1.0,2,0,63501,6,12,12,Other,52.667,0,0
5126,0.0,0,0,0,0,0,9,2,3,1,1,1,-4,0,0.0,2,0,12500,3,13,12,Black,86.001,0,0
5127,0.0,0,0,0,0,0,0,2,2,1,4,3,3,1,0.0,1,0,11550,2,12,12,Black,42.014,0,0
5128,0.0,0,0,0,0,0,6,3,4,2,1,3,-4,0,0.0,2,0,600000,5,12,14,Asian,39.487,0,0
5129,0.0,0,0,0,0,0,5,2,2,1,1,1,-4,0,,2,0,20000,6,18,12,White,36.051,0,0
5130,1.0,,0,0,0,0,2,1,1,3,2,1,1,0,,2,-4,-4,6,14,12,White,92.064,-5,-5
5131,1.0,0,0,0,0,0,1,2,2,2,2,1,-4,0,0.0,2,0,207500,2,13,13,White,91.307,0,0
5132,1.0,0,0,0,0,0,2,2,2,1,2,1,2,0,0.0,1,0,600000,4,12,14,White,80.326,-5,-5
5133,0.0,0,0,0,0,0,3,2,2,2,3,1,-4,0,0.0,1,0,600000,4,12,14,White,41.298,-5,-5
5134,0.0,0,0,0,0,0,2,3,3,1,1,1,-4,0,0.0,1,0,32075,5,16,14,Other,6.386,0,0
5135,1.0,0,0,0,1,0,5,1,2,2,1,1,-4,0,0.0,1,0,58500,6,12,13,White,30.851,0,0
5136,1.0,0,0,0,0,0,0,2,2,3,2,1,-4,0,0.0,1,0,47500,3,-4,15,Black,44.247,0,-4
5137,1.0,0,0,0,0,0,11,2,3,4,4,3,3,0,0.0,2,0,131001,4,-4,12,White,39.821,0,0
5138,1.0,0,0,2,0,0,0,2,2,3,4,2,3,0,0.0,2,0,131001,4,-4,12,White,78.865,0,0
5139,0.0,0,1,0,0,0,2,2,2,2,1,1,1,0,,1,0,18500,5,13,12,Hispanic,36.706,0,0
5140,1.0,0,0,0,0,0,5,2,3,2,1,1,-4,1,0.0,2,0,18500,5,13,12,Hispanic,40.776,0,0
5141,1.0,0,1,0,2,0,4,2,2,2,1,2,-4,1,0.0,2,-2,21100,5,13,12,White,24.224,0,0
5142,1.0,0,0,0,0,0,3,2,2,1,1,1,-4,1,1.0,1,0,117000,5,17,16,White,93.459,0,0
5143,0.0,0,0,0,0,0,1,2,1,1,1,1,-4,0,0.0,2,0,117000,5,17,16,White,71.493,0,0
5144,1.0,0,0,0,0,0,6,2,2,3,1,2,-4,0,0.0,1,0,51250,3,12,14,White,77.26,0,0
5145,0.0,0,0,0,0,0,2,1,1,2,1,1,-4,1,1.0,1,0,56301,3,12,12,White,7.306,-5,-5
5146,0.0,0,0,0,0,0,0,2,1,2,4,1,4,0,1.0,2,0,117325,6,20,16,White,-0.004,0,0
5147,1.0,0,0,0,0,0,7,2,2,1,1,1,-4,0,0.0,1,0,117325,6,20,16,White,-0.004,-5,-5
5148,1.0,0,0,0,0,0,10,1,2,5,4,2,4,0,0.0,1,0,42750,4,14,16,White,-0.004,0,0
5149,0.0,0,1,2,1,0,5,2,4,4,3,2,3,0,0.0,2,0,51500,4,12,12,White,17.052,-5,-5
5150,0.0,0,0,0,1,2,0,2,2,3,2,2,-4,0,0.0,1,0,77101,4,14,12,White,77.293,-5,-5
5151,1.0,0,0,0,0,0,0,2,1,1,1,1,-4,0,0.0,2,-4,-4,4,14,12,White,21.243,0,0
5152,,,0,0,1,0,0,2,3,4,3,1,2,0,,2,0,21500,4,14,12,Black,51.571,-5,-5
5153,1.0,0,0,0,0,0,3,2,2,2,3,1,-4,0,1.0,1,0,21500,4,14,12,Black,62.053,0,0
5154,0.0,0,0,0,0,0,5,3,3,4,4,2,4,0,0.0,2,0,232500,5,16,15,White,96.969,0,0
5155,1.0,0,0,0,0,0,1,2,3,1,1,2,-4,0,0.0,1,0,232500,5,16,15,White,69.242,0,0
5156,1.0,0,0,0,0,0,5,2,1,1,1,1,-4,0,0.0,1,0,232500,5,16,15,White,72.594,0,0
5157,0.0,0,1,1,1,0,0,2,2,2,1,1,1,-3,1.0,1,0,111600,3,16,13,White,40.564,0,0
5158,1.0,0,0,0,1,0,1,2,2,3,2,1,-4,1,0.0,2,0,-4450,4,13,13,White,50.888,0,0
5159,1.0,0,0,0,0,0,0,2,1,2,2,2,3,0,0.0,1,0,46500,4,15,12,Other,73.59,0,0
5160,0.0,0,0,0,0,0,20,3,3,3,3,2,-4,1,,2,0,282001,4,20,12,Black,62.97,0,0
5161,1.0,0,0,0,0,1,0,2,2,4,3,2,2,0,1.0,1,0,-3,5,7,11,Hispanic,29.925,0,0
5162,1.0,0,0,0,0,0,8,2,2,3,3,1,3,0,0.0,1,0,61250,3,16,16,White,93.817,0,0
5163,1.0,0,0,0,0,0,1,2,3,2,1,1,-4,0,0.0,2,0,61250,3,16,16,White,88.162,0,0
5164,1.0,0,1,0,0,0,7,2,2,3,2,2,-4,-3,,1,0,-3,4,14,15,White,18.616,-5,-5
5165,1.0,0,1,0,0,0,3,2,2,2,2,1,2,0,0.0,1,0,34500,4,14,12,White,95.919,0,0
5166,0.0,0,0,0,0,0,0,2,2,3,2,1,2,1,1.0,1,0,158200,5,11,13,White,83.691,0,0
5167,0.0,0,1,0,1,0,0,2,2,3,3,2,-4,0,0.0,2,0,42500,5,12,13,White,-0.004,0,0
5170,1.0,0,0,0,0,0,5,2,2,2,2,1,2,0,0.0,1,0,312250,6,17,16,Other,53.464,0,0
5171,1.0,0,0,0,0,0,4,2,2,2,2,2,-4,0,0.0,2,0,49500,4,16,12,White,68.564,-5,-5
5172,1.0,0,1,0,0,0,6,2,2,3,4,1,2,0,0.0,1,0,38500,5,12,12,White,41.152,0,0
5173,0.0,0,0,0,0,0,3,2,2,2,2,1,-4,0,0.0,2,0,38500,5,12,12,White,70.869,0,0
5174,1.0,0,0,0,0,0,2,2,2,1,1,1,-4,1,1.0,1,0,574251,4,20,18,White,97.369,0,0
5175,1.0,0,0,0,0,0,-2,2,2,1,1,1,-4,1,0.0,2,0,93750,3,13,18,White,64.603,0,0
5176,1.0,0,0,0,0,0,0,1,1,1,1,1,-4,0,0.0,2,0,93750,3,13,18,White,24.318,0,0
5177,1.0,,0,0,15,3,5,2,3,4,3,2,2,1,1.0,2,0,58500,4,9,13,Hispanic,85.067,0,0
5178,1.0,0,0,0,0,0,1,1,1,4,4,1,1,0,0.0,1,0,143500,6,12,12,White,77.097,0,0
5179,1.0,0,0,0,0,0,3,2,1,1,2,1,-4,0,0.0,2,0,143500,6,12,12,White,46.275,0,0
5180,1.0,0,0,0,0,0,2,2,2,4,3,2,3,0,0.0,1,0,179500,4,12,16,White,70.813,0,0
5181,1.0,0,0,0,0,0,1,2,2,2,1,1,-4,1,0.0,1,0,179500,4,12,16,White,40.428,0,0
5182,1.0,0,0,0,0,0,2,2,2,3,3,2,3,0,0.0,2,0,161500,4,12,12,White,47.495,-5,-5
5183,1.0,0,0,0,0,0,0,2,1,2,2,1,1,0,0.0,1,0,133500,4,12,12,White,93.715,0,0
5184,1.0,0,0,0,0,0,2,2,1,2,1,1,-4,0,0.0,1,0,229001,3,16,19,White,74.335,0,0
5185,0.0,0,0,0,0,0,6,2,1,1,1,1,-4,0,1.0,2,0,342000,6,12,12,White,8.921,0,0
5186,1.0,0,0,0,0,0,3,2,2,2,2,1,1,0,0.0,2,0,195500,5,12,12,White,93.808,-5,-5
5187,1.0,0,0,0,2,0,3,2,3,1,2,1,-4,0,0.0,2,0,195500,5,12,12,White,95.747,0,0
5188,1.0,0,0,0,0,0,2,2,2,1,1,1,-4,1,0.0,1,0,600000,5,12,13,White,90.283,0,0
5189,1.0,0,0,0,0,0,2,2,2,3,2,1,2,0,0.0,2,0,270001,5,14,12,White,74.945,0,0
5190,1.0,0,0,0,0,0,0,2,1,4,3,1,1,0,0.0,2,0,270001,5,14,12,White,75.905,0,0
5191,0.0,0,0,0,0,0,5,3,2,4,2,2,3,0,0.0,1,0,160501,5,12,12,White,77.8,0,0
5192,1.0,1,0,0,0,0,2,2,1,3,4,1,-4,0,0.0,2,0,160501,5,12,12,White,89.965,0,1
5193,1.0,0,0,0,0,0,0,2,1,1,1,1,-4,0,0.0,2,0,144700,3,16,16,White,-0.004,0,0
5194,1.0,0,0,0,0,0,2,2,1,2,2,2,2,0,0.0,2,0,192500,5,16,16,White,91.638,-5,-5
5195,1.0,0,0,0,0,0,1,2,2,2,1,1,-4,0,0.0,2,0,192500,5,16,16,White,86.881,-5,-5
5196,0.0,0,0,0,0,0,1,2,2,3,1,1,1,0,0.0,2,0,288001,4,16,14,White,97.208,0,0
5197,1.0,0,0,0,0,0,1,2,3,1,1,1,1,1,0.0,1,0,115500,4,18,16,White,97.843,0,0
5198,0.0,0,0,0,0,0,2,2,2,1,1,1,-4,0,0.0,2,0,115500,4,18,16,White,94.139,0,0
5199,0.0,0,0,0,0,0,15,2,2,2,1,1,-4,0,0.0,1,0,8100,6,12,12,White,-0.004,0,0
5200,0.0,0,0,0,-4,-4,-4,-4,-4,-4,-4,-4,-4,0,0.0,2,0,8100,6,12,12,White,-0.004,0,0
5201,0.0,0,0,0,0,0,7,2,4,5,3,2,4,0,0.0,1,0,91500,5,18,16,White,47.346,0,0
5202,0.0,0,0,0,0,0,0,1,1,3,2,1,2,0,1.0,2,0,71500,3,12,14,Hispanic,48.115,0,0
5203,1.0,0,0,0,0,0,1,1,2,2,2,1,2,1,0.0,2,0,125100,4,13,14,White,75.386,0,0
5204,1.0,0,0,0,0,0,0,2,2,1,1,1,-4,0,0.0,2,0,212001,4,12,12,White,26.882,0,0
5205,1.0,0,0,0,0,0,4,2,2,2,3,1,1,1,0.0,2,0,140500,5,12,12,White,77.393,0,0
5206,1.0,0,0,0,0,0,5,1,1,1,1,1,-4,0,0.0,2,0,248000,3,14,14,White,85.56,0,0
5207,1.0,0,0,0,0,0,1,2,2,3,3,1,2,0,0.0,2,0,107500,4,-3,14,White,60.739,0,0
5208,1.0,0,0,0,0,0,1,1,2,4,3,3,-4,0,0.0,2,0,107500,4,-3,14,White,50.554,0,0
5209,1.0,0,0,0,0,0,2,2,2,2,2,1,2,1,1.0,1,0,143500,5,14,12,White,76.635,0,0
5210,1.0,0,0,0,0,0,0,2,1,4,3,1,3,0,0.0,2,-4,-4,4,-3,-3,White,72.191,0,0
5211,0.0,0,1,0,3,2,2,1,2,2,1,1,-4,1,0.0,1,0,37439,2,-4,12,White,79.999,0,-4
5212,0.0,0,0,0,0,0,0,2,2,4,3,1,3,0,0.0,2,0,125500,6,-3,-3,White,33.271,0,0
5213,1.0,0,0,0,0,0,1,2,2,1,1,1,-4,0,0.0,1,0,125500,6,-3,-3,White,10.177,0,0
5214,0.0,0,1,1,0,0,7,2,1,4,1,1,-4,0,0.0,1,0,151001,5,12,12,White,22.164,0,0
5215,0.0,0,0,0,3,0,35,2,2,3,3,1,4,1,0.0,2,0,19300,2,12,12,White,-0.004,0,0
5216,0.0,0,0,0,0,1,26,2,3,4,5,2,4,1,1.0,2,0,74750,5,12,12,White,53.073,0,0
5217,0.0,0,0,0,0,1,2,2,2,4,1,1,-4,1,1.0,2,0,74750,5,12,12,White,12.07,0,0
5218,0.0,0,0,3,3,2,1,2,2,1,1,1,-4,1,0.0,1,0,74750,5,-4,-4,White,7.001,0,0
5219,1.0,0,0,0,0,0,7,2,3,2,2,1,1,1,0.0,2,0,600000,6,-3,-3,White,91.631,0,0
5220,1.0,0,0,0,0,0,2,2,1,1,1,1,-4,0,0.0,1,0,600000,6,-3,-3,White,53.166,0,0
5221,1.0,0,0,0,0,0,2,1,1,1,1,1,-4,0,0.0,2,0,203001,5,12,12,White,85.882,0,0
5222,1.0,0,0,0,0,0,3,2,2,3,2,1,3,0,0.0,1,0,94500,5,12,14,White,57.001,0,0
5223,1.0,0,0,0,0,1,0,2,2,1,1,1,-4,0,0.0,1,0,94500,5,12,14,White,49.666,0,0
5224,0.0,0,0,1,0,2,11,3,4,3,4,1,3,0,0.0,1,0,104500,5,12,12,White,32.457,0,0
5225,0.0,0,1,2,0,0,1,1,2,2,2,1,-4,0,0.0,2,0,28500,3,-4,12,White,70.628,0,0
5226,0.0,0,0,1,0,0,2,2,2,3,3,1,1,0,0.0,1,0,122000,4,95,95,Asian,-0.004,-5,-5
5227,0.0,0,0,0,0,0,7,2,2,4,3,2,3,0,0.0,2,0,33500,3,-4,12,White,62.601,0,1
5228,0.0,0,0,0,0,0,3,2,2,3,2,1,-4,0,0.0,2,0,33500,3,-4,12,White,20.138,0,1
5229,0.0,0,0,0,0,0,0,2,2,2,2,1,1,0,0.0,1,0,543500,4,12,12,White,55.896,0,0
5230,0.0,0,0,0,0,0,0,2,1,1,1,1,-4,0,0.0,2,0,543500,4,12,12,White,25.121,0,0
5231,0.0,0,0,0,0,0,4,2,2,2,3,1,3,0,0.0,1,0,180000,5,14,12,White,41.245,0,0
5232,0.0,0,1,0,10,1,3,2,3,4,3,2,3,1,0.0,2,-4,-4,6,12,12,Hispanic,30.949,0,0
5233,0.0,0,1,6,3,1,1,3,2,3,3,2,-4,0,0.0,2,-4,-4,6,-4,-3,Other,15.354,0,-4
5234,0.0,0,0,0,0,0,1,2,2,2,1,1,-4,0,0.0,1,0,103000,5,12,18,White,78.023,0,0
5235,1.0,0,0,0,0,0,2,2,2,3,3,1,2,0,0.0,1,0,188250,5,13,12,White,-0.004,0,0
5236,1.0,0,0,0,0,0,8,2,1,3,3,2,3,1,0.0,2,0,223400,6,18,14,Asian,86.278,0,0
5237,1.0,1,0,0,5,0,10,2,3,3,3,1,3,1,0.0,2,0,223400,6,20,16,White,50.596,0,0
5238,1.0,0,1,0,0,0,0,2,2,1,1,1,-4,0,0.0,1,0,223400,6,18,14,Asian,91.95,0,0
5239,1.0,0,0,0,0,0,1,2,2,1,1,1,-4,0,0.0,2,0,223400,6,-3,16,White,99.257,0,0
5240,0.0,0,1,0,0,1,4,2,2,5,3,2,3,-3,,1,0,-5200,2,10,11,Hispanic,15.199,0,1
5241,0.0,1,1,0,0,0,12,2,1,2,1,1,-4,0,0.0,2,0,2051,2,12,14,White,39.448,0,0
5242,1.0,0,0,0,0,0,10,2,3,5,5,1,3,0,0.0,2,0,-3,3,-3,-3,White,46.913,-5,-5
5243,0.0,0,0,0,0,0,2,2,2,3,2,1,-4,0,0.0,2,0,33000,3,10,14,White,4.507,0,0
5244,0.0,0,0,0,0,0,3,2,2,4,3,2,-4,0,0.0,1,0,162000,6,15,12,White,51.463,0,0
5245,0.0,0,0,1,0,0,4,2,2,4,1,1,-4,0,0.0,1,0,162000,6,15,12,White,24.496,0,0
5246,1.0,0,0,0,0,0,2,1,2,1,1,1,-4,0,1.0,1,0,132500,4,18,18,White,84.88,0,0
5247,1.0,0,0,0,0,0,4,2,2,1,1,1,-4,0,0.0,2,0,66000,5,-4,13,White,-0.004,0,0
5248,0.0,0,0,0,0,0,10,1,1,3,2,1,-4,0,0.0,1,0,750,3,9,12,White,7.16,0,0
5249,1.0,0,0,0,0,0,0,2,2,2,2,1,-4,0,0.0,1,0,143001,4,13,14,White,77.961,0,0
5250,0.0,0,0,0,0,0,10,2,2,3,2,1,1,0,,1,0,-3850,4,9,14,White,66.341,-5,-5
5251,0.0,0,0,0,0,0,0,2,2,4,3,1,3,0,0.0,2,0,750,5,12,12,White,78.003,0,0
5252,0.0,0,0,1,0,0,4,2,1,4,3,2,-4,1,0.0,1,0,750,5,12,12,White,42.654,0,0
5253,0.0,0,0,0,0,0,10,2,3,4,4,1,3,0,,2,0,16500,3,-4,12,White,-0.004,-5,-5
5254,0.0,0,0,0,1,5,5,2,2,1,1,1,-4,0,,1,1,1425,3,-4,13,White,-0.004,-5,-5
5255,0.0,0,0,0,6,0,0,1,1,2,1,1,-4,0,0.0,1,0,31500,6,12,13,White,-0.004,0,0
5256,1.0,0,0,2,0,0,9,1,2,1,1,1,-4,0,1.0,2,-4,-4,3,12,12,White,-0.004,0,0
5257,0.0,0,1,0,0,1,33,2,2,5,5,4,-4,0,0.0,2,0,32500,3,16,14,White,64.225,0,0
5258,0.0,0,1,0,99,0,0,1,2,3,4,1,-4,1,0.0,1,0,-3,5,-3,-3,White,53.336,0,0
5259,0.0,0,0,0,99,0,0,2,2,4,3,1,2,0,0.0,1,0,35800,10,14,13,White,77.143,0,0
5260,0.0,0,0,0,0,0,4,2,2,2,2,1,-4,0,0.0,1,0,35800,10,14,13,White,38.757,0,0
5261,0.0,0,0,0,1,1,2,2,2,3,1,2,-4,0,0.0,2,0,35800,10,14,13,White,36.074,0,0
5262,0.0,0,0,1,10,0,-2,2,2,2,1,1,-4,1,1.0,1,0,15250,6,13,11,White,76.763,-2,0
5263,0.0,1,0,0,2,0,3,2,1,3,2,1,-4,0,0.0,2,0,15250,6,13,11,White,46.247,0,0
5264,0.0,0,1,0,2,0,11,3,3,5,5,1,4,0,0.0,2,0,19750,2,-4,12,White,68.623,1,1
5265,0.0,0,0,0,0,0,14,2,1,3,1,1,3,1,1.0,2,0,4263,3,-4,12,White,-0.004,0,1
5266,0.0,0,0,2,0,1,0,3,2,1,1,1,-4,1,0.0,1,0,4263,3,-4,12,White,-0.004,0,1
5267,1.0,0,0,0,0,0,1,2,2,3,3,1,1,0,0.0,2,0,-3,4,18,14,White,53.329,0,0
5268,1.0,0,0,0,3,0,2,2,2,1,1,1,-4,0,0.0,1,0,-3,4,18,14,White,57.944,-5,-5
5269,1.0,0,0,0,0,0,2,1,2,3,3,2,-4,0,0.0,2,0,72500,4,-3,-3,White,77.604,0,0
5270,0.0,0,1,0,0,0,17,2,2,5,4,1,4,0,1.0,2,1,14500,3,12,14,White,-0.004,0,-2
5271,0.0,0,0,0,0,0,2,2,3,3,2,1,2,0,0.0,1,0,16750,4,-3,12,White,29.444,0,0
5272,1.0,0,1,0,0,1,2,2,3,4,5,1,2,-3,0.0,2,0,296000,3,18,16,White,28.037,0,0
5273,1.0,,0,0,4,0,3,2,2,3,2,1,3,0,,1,0,-3,3,-3,16,White,70.73,-5,-5
5274,1.0,0,0,0,0,0,2,2,2,3,4,1,2,0,0.0,2,0,65000,4,12,12,White,-0.004,-5,-5
5275,1.0,0,0,0,0,0,0,2,2,2,2,1,1,0,0.0,1,0,129000,4,15,16,White,-0.004,0,0
5276,0.0,0,1,0,0,1,0,2,2,3,2,1,3,0,0.0,2,0,-3,4,9,11,White,-0.004,0,0
5277,0.0,0,0,0,0,0,2,2,1,4,4,3,-4,0,0.0,1,0,70500,5,14,16,White,-0.004,0,0
5278,1.0,0,0,0,0,0,1,3,3,5,5,1,4,0,0.0,1,0,108750,4,15,16,White,63.263,-5,-5
5279,1.0,0,0,0,0,0,3,2,2,2,1,1,3,0,0.0,1,0,600000,4,16,15,White,82.761,0,0
5280,1.0,0,0,0,0,0,3,2,1,2,1,1,-4,0,0.0,2,0,600000,4,16,15,White,69.955,0,0
5281,0.0,0,0,0,-4,-4,-4,1,3,3,3,1,3,0,0.0,2,0,44850,6,15,12,White,67.07,0,0
5282,0.0,0,0,0,-4,-4,-4,1,1,1,1,1,-4,0,0.0,1,0,44850,6,15,12,White,35.417,0,0
5283,0.0,0,0,0,0,0,3,2,2,4,2,1,-4,0,0.0,1,0,44576,5,12,12,White,37.757,-5,-5
5284,0.0,0,0,3,-4,-4,-4,2,2,5,1,1,3,0,0.0,1,0,4250,4,10,12,White,6.974,-5,-5
5285,0.0,1,1,0,-4,-4,-4,3,3,5,3,2,4,-3,0.0,2,0,4250,4,15,12,White,32.17,0,0
5286,0.0,0,1,7,1,5,10,2,4,3,1,1,-4,1,0.0,1,0,4250,4,15,12,White,11.383,-5,-5
5287,0.0,0,1,0,0,6,2,4,3,4,1,1,-4,0,,1,0,-47001,6,11,8,White,14.007,0,0
5288,0.0,0,0,0,0,0,4,2,2,4,5,1,-4,1,,1,0,-47001,6,11,8,White,1.668,0,0
5289,1.0,0,0,0,0,0,2,2,1,2,1,1,-4,0,0.0,2,-4,-4,2,8,12,White,90.242,0,1
5290,1.0,0,0,0,0,0,5,2,2,4,5,2,4,0,,2,0,5000,7,11,14,White,92.849,0,0
5291,0.0,0,0,0,2,4,5,2,3,5,3,2,-4,1,1.0,2,0,5000,7,11,14,White,40.407,0,1
5292,0.0,0,0,0,0,3,1,2,2,2,1,1,-4,0,0.0,1,0,15600,4,12,13,White,-0.004,-5,-5
5293,0.0,1,0,0,12,2,5,3,2,4,1,1,-4,1,0.0,2,0,2950,3,9,8,White,2.748,0,1
5294,1.0,0,0,0,0,0,3,2,1,3,1,1,-4,0,0.0,2,0,118500,4,12,14,White,43.913,0,0
5295,1.0,0,0,0,0,0,1,1,1,2,1,1,-4,0,1.0,2,0,17600,4,14,15,White,89.144,0,-2
5296,0.0,0,1,0,0,0,0,2,2,3,3,1,3,0,,2,0,2775,5,10,9,White,43.691,0,-2
5297,0.0,1,0,0,0,4,6,2,4,3,2,1,-4,1,1.0,2,1,2775,5,11,-3,White,9.715,0,0
5298,0.0,0,0,0,0,0,0,2,2,1,2,1,2,0,0.0,2,0,101738,5,10,12,White,17.806,0,0
5299,0.0,0,0,1,0,0,0,2,2,1,1,1,-4,0,0.0,2,0,101738,5,12,-3,White,2.901,-5,-5
5300,1.0,0,0,0,0,0,1,2,2,5,5,2,4,0,0.0,2,0,149350,5,14,16,White,74.176,0,0
5301,0.0,0,0,0,0,1,1,2,2,2,3,1,-4,0,0.0,1,0,149350,5,14,16,White,42.699,0,0
5302,1.0,0,0,0,0,0,3,2,2,2,1,1,-4,0,0.0,2,0,109000,4,12,12,White,63.137,0,0
5303,1.0,0,0,0,0,0,3,1,2,4,4,1,2,0,1.0,2,0,8400,4,12,9,Hispanic,36.327,0,0
5304,1.0,0,0,1,0,0,8,2,3,4,2,1,3,0,0.0,2,0,8400,4,12,9,White,37.301,0,0
5305,0.0,0,0,0,2,1,4,2,2,3,1,1,-4,1,1.0,1,0,-6000,3,13,13,White,-0.004,0,0
5306,1.0,0,1,0,0,0,3,1,3,2,3,1,2,-3,1.0,1,0,133000,6,12,15,White,65.944,0,0
5307,1.0,0,0,0,2,0,3,2,4,4,4,1,3,0,0.0,2,0,30900,4,13,13,White,69.059,0,0
5308,1.0,0,0,0,3,1,4,2,1,4,3,3,-4,0,0.0,1,0,-18350,4,12,12,Other,41.667,0,0
5309,1.0,0,0,0,0,0,3,2,2,2,3,2,-4,0,1.0,1,0,-18350,4,12,12,Other,95.912,0,0
5310,1.0,0,0,0,0,0,0,2,1,3,3,2,3,0,0.0,2,0,-3,4,16,14,Hispanic,49.542,0,0
5311,1.0,0,0,0,0,0,0,2,3,4,3,1,3,0,1.0,2,0,600000,4,20,16,White,92.853,0,0
5312,1.0,0,1,0,0,0,0,2,2,1,1,1,-4,0,0.0,1,0,600000,4,20,16,White,89.868,0,0
5313,1.0,0,0,0,0,0,0,2,2,3,3,1,2,0,0.0,1,0,142800,3,10,12,White,46.852,0,0
5314,0.0,0,0,0,0,0,3,2,2,4,3,1,5,1,0.0,1,0,88800,3,12,11,White,9.371,0,0
5315,0.0,0,0,0,1,0,3,3,4,3,3,1,-4,0,0.0,2,1,2940,6,12,9,White,62.253,0,0
5316,1.0,0,0,0,0,0,2,2,1,1,1,1,2,0,0.0,1,0,433500,4,12,12,White,15.427,0,0
5317,1.0,0,0,0,0,0,1,1,1,4,3,2,-4,0,,2,0,433500,4,12,12,White,57.404,0,0
5318,0.0,0,0,0,0,0,12,2,2,3,3,1,-4,0,0.0,2,0,350,4,8,5,Hispanic,70.747,0,0
5319,1.0,0,0,0,0,0,1,2,2,3,2,1,1,0,0.0,2,0,93700,4,12,12,White,64.652,0,0
5320,1.0,0,0,0,0,0,2,2,2,1,1,1,-4,0,0.0,2,0,111250,4,12,12,White,26.29,-5,-5
5321,0.0,0,1,0,2,0,5,2,2,4,4,1,3,0,,1,-4,-4,7,14,14,White,74.601,0,0
5322,1.0,0,0,0,0,0,3,2,2,3,3,2,-4,1,0.0,1,0,117800,7,14,14,White,52.158,-5,-5
5323,0.0,0,0,1,2,0,4,1,2,5,1,1,3,0,0.0,1,0,69295,3,-4,10,White,12.356,0,-4
5324,0.0,0,1,3,0,5,50,4,4,5,5,4,5,1,0.0,2,1,500,5,12,10,White,-0.004,0,0
5325,0.0,0,1,4,12,2,10,2,1,5,1,1,-4,1,0.0,1,1,500,5,8,10,White,-0.004,0,1
5326,0.0,0,0,0,0,0,4,1,1,1,1,1,-4,0,0.0,2,0,-3,4,-4,12,White,-0.004,0,0
5327,0.0,0,1,0,0,0,4,2,3,1,1,1,-4,0,0.0,1,0,451500,5,10,9,White,47.481,-5,-5
5328,0.0,0,0,0,1,0,4,1,1,1,1,1,-4,0,1.0,2,0,-26500,4,16,13,White,-0.004,0,-2
5329,1.0,0,0,0,0,0,2,1,2,3,1,1,-4,0,0.0,1,0,950,4,14,13,White,18.182,0,0
5330,1.0,0,0,0,0,0,5,2,2,3,2,1,-4,1,0.0,1,0,-3,2,12,12,White,78.271,-5,-5
5331,0.0,0,0,0,0,0,0,2,1,2,3,1,4,1,1.0,1,-4,-4,6,10,12,White,-0.004,0,0
5332,1.0,0,1,3,0,1,10,3,3,4,3,1,3,1,0.0,1,0,24000,5,12,16,White,61.944,0,0
5333,1.0,0,0,0,0,0,3,2,3,1,1,1,-4,0,0.0,2,0,24000,5,12,16,White,99.358,0,0
5334,0.0,0,0,0,0,0,2,2,2,1,1,1,-4,0,0.0,2,0,24000,5,12,16,White,77.974,-5,-5
5335,,,0,0,0,0,2,3,3,2,1,1,2,0,,2,0,-3,6,11,13,White,-0.004,-5,-5
5336,0.0,0,0,1,5,0,0,2,2,2,2,1,2,0,0.0,1,0,59950,4,10,12,White,31.069,0,0
5337,0.0,0,1,4,2,0,0,2,3,3,2,1,-4,0,0.0,1,0,59950,4,10,12,White,51.223,0,0
5338,0.0,0,0,0,0,0,4,2,2,2,2,1,1,0,,2,0,5750,5,11,10,White,11.144,0,0
5339,0.0,0,1,0,0,0,3,2,1,1,1,1,-4,0,,1,0,5750,5,11,10,White,55.934,0,0
5340,1.0,0,0,0,0,0,2,2,3,4,1,1,1,0,1.0,2,0,180401,5,12,14,White,40.717,0,0
5341,0.0,0,0,0,0,0,2,2,1,1,1,1,1,0,,1,0,600000,4,12,12,White,25.312,-5,-5
5342,0.0,0,0,0,4,0,4,2,4,2,1,1,-4,0,0.0,1,0,4520,6,12,14,White,52.789,0,0
5343,1.0,0,0,0,0,0,3,2,4,2,1,1,-4,1,0.0,2,0,4520,6,12,14,White,62.62,0,0
5344,0.0,0,0,0,0,0,3,2,2,3,1,1,-4,0,1.0,2,0,130750,3,14,12,White,59.877,-5,-5
5345,1.0,0,0,0,0,0,0,2,2,2,3,1,3,0,0.0,1,0,492500,4,16,17,White,97.965,0,0
5346,1.0,0,0,0,0,0,0,2,2,2,1,2,-4,0,0.0,2,0,492500,4,16,17,White,72.07,0,0
5347,1.0,0,0,0,0,0,3,1,2,1,1,1,-4,0,0.0,1,0,129500,5,12,12,White,88.299,0,0
5348,1.0,0,0,0,0,0,2,1,1,1,1,1,-4,0,0.0,1,0,129500,5,12,12,White,52.689,-5,-5
5349,0.0,0,0,0,0,2,0,2,1,4,1,1,-4,0,0.0,1,0,35500,5,8,12,White,20.887,0,0
5350,1.0,0,0,0,0,0,1,2,2,1,1,1,-4,0,0.0,1,-4,-4,5,12,-3,White,43.093,0,0
5351,1.0,0,0,0,0,0,5,1,4,3,2,1,-4,1,,2,-4,-4,2,12,12,White,-0.004,-5,-5
5352,0.0,0,0,0,0,0,1,2,2,3,2,1,2,0,0.0,1,0,75000,4,12,12,White,58.022,0,0
5353,0.0,0,0,0,0,0,3,2,3,1,1,1,1,0,0.0,1,0,69700,5,12,13,White,71.055,0,0
5354,1.0,0,1,0,0,0,2,1,2,1,1,1,-4,0,0.0,1,0,69700,5,12,13,White,83.148,0,0
5355,1.0,0,0,0,0,0,1,2,2,2,2,1,2,0,0.0,1,0,121100,4,14,16,White,73.382,0,0
5356,1.0,0,0,0,0,0,1,1,1,1,1,1,-4,0,0.0,1,0,121100,4,14,16,White,92.504,0,0
5357,1.0,0,0,0,0,0,0,1,2,1,1,1,-4,0,0.0,1,0,232300,4,12,12,White,65.715,0,0
5358,1.0,0,0,0,0,0,10,1,1,1,1,1,-4,0,0.0,2,0,51000,4,20,18,White,78.762,0,0
5359,0.0,0,1,0,0,0,3,3,3,5,4,1,4,0,0.0,2,0,103001,5,12,10,White,-0.004,0,0
5360,1.0,0,0,0,0,0,0,2,2,1,1,1,-4,0,0.0,1,0,224000,6,17,12,White,76.19,-5,-5
5361,1.0,0,0,0,0,0,0,1,2,1,1,1,-4,0,0.0,2,0,224000,6,17,12,White,32.494,-5,-5
5362,0.0,0,0,0,0,0,2,2,3,1,1,1,1,0,0.0,1,0,4760,5,13,13,Other,85.799,-5,-5
5363,0.0,0,0,0,0,0,0,2,2,3,1,1,1,1,0.0,1,0,68650,2,13,20,White,75.531,0,0
5364,0.0,0,0,0,0,0,20,2,2,1,1,1,1,0,1.0,1,0,79500,3,14,16,White,2.672,0,0
5365,1.0,0,0,0,0,0,2,2,1,1,1,1,-4,0,0.0,2,0,22500,3,-3,14,Other,51.804,-5,-5
5366,0.0,0,0,0,0,0,1,1,2,1,1,1,-4,0,,1,0,154139,8,12,12,White,32.831,0,0
5367,0.0,0,0,0,0,0,0,2,1,4,4,1,-4,0,0.0,2,0,134600,4,12,13,White,69.925,0,0
5368,0.0,0,0,0,0,1,3,2,1,1,1,1,2,0,1.0,1,0,97250,3,12,12,White,34.742,0,0
5369,1.0,0,0,0,0,0,0,1,2,1,1,1,-4,0,0.0,2,0,71500,4,16,14,White,85.553,0,0
5370,1.0,,1,0,0,0,4,2,2,3,3,1,3,0,,1,0,-3,3,12,12,White,-0.004,-5,-5
5371,1.0,0,1,0,0,0,5,1,2,3,3,1,3,0,0.0,1,0,52100,4,14,12,White,-0.004,0,0
5372,0.0,0,0,1,0,0,7,2,2,3,3,1,2,1,1.0,2,0,47550,2,16,16,White,30.767,0,0
5373,0.0,0,0,0,0,0,3,2,2,1,1,1,-4,0,0.0,1,0,18400,3,11,14,White,-0.004,0,0
5374,0.0,0,1,1,1,0,3,3,4,1,1,2,-4,1,1.0,1,0,23500,5,13,14,White,-0.004,0,0
5375,0.0,0,0,0,0,0,3,2,1,3,1,1,-4,0,1.0,1,0,-3250,4,-3,14,White,51.731,-5,-5
5376,0.0,0,0,0,0,0,8,4,2,1,1,1,-4,1,0.0,1,-4,-4,6,11,8,Other,1.439,0,0
5377,0.0,,0,0,0,0,1,1,1,2,2,1,-4,0,,1,0,2350,9,-4,12,White,37.807,-5,-5
5378,0.0,0,0,0,0,0,3,2,2,1,1,1,-4,1,0.0,2,-4,-4,6,-4,12,White,-0.004,0,-4
5379,0.0,0,1,0,0,0,4,2,2,3,2,1,-4,0,0.0,1,0,93600,3,12,16,White,73.444,0,0
5380,1.0,0,1,0,0,0,1,2,2,4,5,1,5,0,1.0,1,0,177500,3,16,16,White,85.846,0,0
5381,1.0,0,0,0,0,0,3,2,2,2,1,1,-4,0,0.0,2,0,13820,4,11,13,White,69.813,0,0
5382,0.0,0,1,0,0,0,6,1,1,2,1,1,-4,0,0.0,2,0,157090,5,14,13,White,70.49,0,0
5383,1.0,0,1,0,0,0,0,1,3,4,3,1,2,-3,0.0,1,0,63700,5,14,12,White,58.753,0,0
5384,0.0,0,1,0,1,1,0,2,2,2,2,2,-4,0,0.0,1,0,63700,5,14,12,White,12.338,0,0
5385,1.0,,1,1,0,0,3,2,3,3,3,1,2,0,0.0,1,0,120500,3,16,16,White,38.264,0,0
5386,1.0,,0,0,20,0,2,2,3,3,3,1,2,1,,2,0,377500,4,13,17,White,91.787,-5,-5
5387,0.0,1,1,1,0,0,11,3,3,4,4,3,5,0,1.0,2,0,9030,3,12,12,Other,32.268,0,0
5388,1.0,0,0,0,0,0,2,1,1,1,1,1,-4,0,0.0,2,0,170100,4,12,14,White,87.44,0,0
5389,1.0,0,0,0,0,0,3,2,2,4,3,1,3,0,0.0,2,0,359500,3,16,16,White,-0.004,0,0
5390,1.0,0,0,0,0,0,3,2,3,3,3,1,4,0,1.0,2,0,50904,3,12,13,Black,-0.004,0,0
5391,1.0,0,1,0,0,0,1,2,2,2,1,1,2,0,0.0,1,0,119700,5,16,13,White,45.865,0,0
5392,1.0,0,0,0,0,0,3,2,-2,1,1,1,-4,0,0.0,2,0,119700,5,16,13,White,38.775,0,0
5393,1.0,0,0,0,0,0,5,2,2,3,4,2,2,0,0.0,1,0,477626,5,12,12,White,76.465,0,0
5394,1.0,0,0,0,0,0,3,2,2,3,2,2,-4,0,0.0,2,0,477626,5,12,12,White,91.232,0,0
5395,0.0,0,1,0,0,0,1,2,1,1,1,1,1,0,,1,0,57900,4,12,12,White,-0.004,-5,-5
5396,0.0,0,1,5,2,2,6,2,2,5,3,4,3,0,0.0,1,0,102500,4,11,13,Hispanic,2.045,0,0
5397,0.0,0,0,0,0,0,0,1,2,4,3,2,-4,0,0.0,2,0,102500,4,14,13,Hispanic,45.147,0,0
5398,0.0,0,1,0,0,0,7,1,2,1,1,1,-4,0,0.0,2,0,-3,4,-4,12,White,32.302,-5,-5
5399,1.0,1,1,0,0,1,3,2,2,4,3,1,3,-3,1.0,2,0,18865,2,12,14,White,69.157,0,1
5400,0.0,0,0,0,0,0,2,2,3,5,5,3,4,0,0.0,1,0,5950,4,14,12,White,50.28,-5,-5
5401,1.0,0,1,0,0,0,2,1,2,2,1,1,-4,0,0.0,2,0,-6000,4,-4,16,White,76.267,0,0
5402,1.0,0,0,0,0,0,2,1,1,1,1,1,-4,0,0.0,2,0,-7836,5,12,12,White,-0.004,0,0
5403,0.0,0,1,0,45,3,5,2,4,4,3,2,4,1,0.0,2,0,-6950,3,12,14,White,28.418,0,0
5404,0.0,1,1,5,5,0,3,2,3,3,2,3,-4,1,,2,0,-6950,3,12,14,White,65.08,0,0
5405,1.0,0,0,0,0,0,9,2,2,2,-2,1,-2,0,1.0,2,0,145750,3,16,14,White,89.532,0,0
5406,1.0,0,0,0,0,0,2,1,2,1,1,1,1,0,0.0,1,0,247400,4,-3,16,White,64.457,-5,-5
5407,1.0,0,0,0,0,0,2,2,2,1,1,1,-4,0,0.0,1,0,247400,4,-3,16,White,58.951,-5,-5
5408,1.0,0,0,0,0,0,2,2,1,2,1,1,1,0,0.0,1,0,-3,5,12,20,White,79.681,0,0
5409,0.0,0,1,0,1,0,1,2,2,2,1,1,-4,0,0.0,1,0,-3,5,12,20,White,69.608,0,0
5410,1.0,0,0,0,0,0,0,2,1,1,1,1,-4,0,0.0,2,0,-3,5,12,20,White,50.76,0,0
5411,1.0,,0,0,5,0,5,2,2,1,1,1,-4,0,0.0,2,0,526950,4,12,13,White,30.53,0,0
5412,1.0,0,0,0,0,0,2,1,4,1,1,1,-4,0,0.0,2,0,62433,4,14,14,White,43.784,-5,-5
5413,1.0,0,0,0,0,0,4,3,3,1,2,1,1,0,0.0,2,0,40300,7,20,16,White,70.706,0,0
5414,0.0,1,0,0,0,0,0,2,1,4,2,1,3,0,0.0,2,0,20000,6,12,12,White,10.238,-5,-5
5415,0.0,0,0,0,0,0,4,2,3,1,1,1,-4,0,0.0,1,0,20000,6,12,12,White,43.557,0,0
5416,1.0,0,0,0,0,0,3,2,3,2,1,1,-4,0,0.0,2,0,-3,11,12,12,White,51.237,0,0
5417,0.0,0,0,0,0,1,1,3,2,2,1,1,5,0,0.0,1,0,72500,3,16,12,Other,-0.004,0,0
5418,1.0,0,0,0,0,0,0,2,3,4,2,1,2,0,0.0,2,0,-3,3,12,12,White,65.115,0,0
5419,1.0,0,0,0,0,0,1,2,3,4,1,2,2,0,0.0,2,0,-3,3,10,11,White,32.386,0,0
5420,0.0,0,0,0,0,0,4,2,2,2,1,1,1,0,0.0,1,0,46250,4,12,16,White,34.975,-5,-5
5421,1.0,0,1,0,0,1,10,2,3,3,3,2,2,0,0.0,2,0,57205,4,12,14,White,76.006,0,0
5422,0.0,0,0,0,0,0,10,2,2,3,2,2,-4,0,0.0,2,0,57205,4,12,14,White,36.307,0,0
5423,1.0,0,1,0,0,0,2,2,2,3,1,2,2,0,0.0,1,0,54500,4,11,8,Hispanic,51.252,0,0
5424,0.0,0,1,1,2,0,1,1,2,3,1,1,-4,0,0.0,2,0,54500,4,11,8,Hispanic,23.101,0,0
5425,1.0,1,0,0,0,0,2,2,2,3,2,1,3,0,0.0,2,0,28250,3,9,12,White,57.696,0,-2
5426,0.0,0,0,0,0,0,2,2,2,1,1,1,-4,1,0.0,1,0,28250,3,9,12,White,19.493,0,0
5427,0.0,0,0,0,0,0,1,2,2,3,4,1,2,0,0.0,1,0,-3,4,12,12,White,23.128,0,0
5428,1.0,0,0,0,2,1,1,2,2,1,1,1,-4,1,0.0,1,0,-3,4,12,12,White,65.459,0,0
5429,0.0,0,0,0,0,0,2,3,3,5,2,1,2,1,0.0,1,0,145500,5,-4,-4,White,22.92,0,0
5430,1.0,0,0,0,0,0,2,2,1,2,1,2,-4,0,0.0,2,0,145500,5,-4,-4,White,17.721,-5,-5
5431,1.0,0,0,0,0,1,4,2,2,1,1,1,-4,0,0.0,1,0,-3,5,12,12,White,49.427,-5,-5
5432,0.0,0,0,0,0,0,0,2,2,1,1,2,-4,0,0.0,2,0,30750,4,12,12,White,9.153,0,0
5433,1.0,1,0,0,1,1,10,2,3,3,2,1,3,0,0.0,1,0,37272,4,14,12,White,74.488,0,0
5434,1.0,0,0,1,0,0,1,1,2,4,4,2,1,0,0.0,1,0,-3,4,12,12,White,-0.004,0,0
5435,0.0,0,1,11,-4,-4,-4,4,3,5,4,1,-4,1,,1,-4,-4,4,11,11,White,-0.004,0,0
5436,0.0,0,1,0,1,4,8,2,1,3,2,1,-4,1,0.0,1,0,5450,4,11,9,White,59.568,0,0
5437,1.0,0,0,0,0,0,2,1,2,2,1,1,-4,0,0.0,1,0,5450,4,11,9,White,85.681,0,0
5438,0.0,0,0,0,2,1,1,2,3,1,2,2,-4,0,1.0,1,0,-12050,4,12,12,White,87.807,0,0
5439,1.0,0,0,0,0,0,2,2,2,3,4,1,2,0,0.0,1,0,120001,4,16,12,White,64.555,0,0
5440,1.0,0,0,0,0,0,0,2,3,1,1,-2,-4,0,0.0,1,0,-3,4,16,17,White,47.477,-5,-5
5441,1.0,0,0,0,0,0,2,2,1,4,3,2,3,0,0.0,1,0,207500,5,12,12,White,14.298,0,0
5442,1.0,0,0,0,0,0,0,1,1,2,1,2,-4,0,0.0,1,0,207500,5,12,12,White,70.471,0,0
5443,0.0,0,0,0,0,0,0,2,2,3,2,2,3,0,0.0,1,0,-3,5,12,12,White,-0.004,0,0
5444,1.0,0,0,0,0,0,1,2,2,2,2,2,-4,0,0.0,2,0,-3,5,12,12,White,-0.004,0,0
5445,1.0,0,1,0,1,1,1,2,3,2,1,1,3,0,0.0,1,0,133500,4,12,14,Other,61.101,-5,-5
5446,1.0,0,0,0,0,0,0,1,1,4,2,2,-4,0,0.0,2,0,133500,4,12,14,Other,72.886,0,0
5447,0.0,1,0,0,0,6,0,2,2,1,1,1,-4,0,0.0,1,0,115000,4,11,12,White,39.456,-5,-5
5448,0.0,0,1,3,3,2,3,2,3,3,2,2,4,0,0.0,2,0,37000,6,9,-3,White,63.112,0,0
5449,1.0,0,0,1,0,0,2,2,2,2,1,1,-4,0,0.0,1,0,-3,4,12,12,White,-0.004,0,0
5450,0.0,0,0,0,2,0,5,2,3,4,2,1,3,1,0.0,1,0,177500,3,12,12,White,39.779,0,0
5451,0.0,0,0,0,0,0,1,2,2,4,3,3,4,1,1.0,2,0,-3,5,12,12,White,35.301,0,0
5452,0.0,1,0,0,1,0,0,2,3,3,3,2,-4,0,0.0,2,0,-3,5,12,12,White,74.18,0,0
5453,1.0,0,0,0,2,2,0,2,2,1,1,1,-4,0,0.0,1,0,-3,3,12,12,White,58.47,0,0
5454,1.0,0,0,0,0,0,5,2,4,2,1,1,-4,0,1.0,2,-4,-4,5,12,12,White,-0.004,-5,-5
5455,0.0,0,1,0,0,0,3,2,3,5,5,3,5,-3,1.0,1,0,13250,3,9,-4,Hispanic,7.032,0,0
5456,0.0,0,1,0,0,3,2,3,4,5,5,4,-4,0,0.0,2,-4,-4,3,9,-4,Hispanic,15.191,0,0
5457,0.0,0,0,0,0,0,4,2,2,2,1,2,-4,0,0.0,2,1,-10550,4,4,12,White,39.779,0,0
5458,0.0,0,0,1,0,0,2,1,2,1,1,1,-4,0,0.0,1,1,-10550,4,4,12,White,23.479,0,0
5459,0.0,0,1,0,1,0,2,3,3,4,2,2,-4,0,0.0,1,0,20100,5,9,12,White,20.045,0,0
5460,1.0,0,0,0,5,0,3,2,3,3,1,1,-4,0,1.0,2,-4,27000,5,11,12,White,50.412,0,0
5461,0.0,0,1,1,0,0,2,3,3,4,1,4,-4,0,0.0,1,0,-3,3,-4,12,Hispanic,16.956,0,0
5462,0.0,0,1,1,0,0,1,2,3,1,1,1,-4,0,0.0,1,-4,-4,3,11,12,White,12.848,0,0
5463,0.0,0,1,0,0,1,2,2,3,4,3,1,2,0,0.0,2,-4,-4,5,12,12,White,34.394,0,0
5464,1.0,0,0,0,0,0,2,2,2,2,3,1,2,0,0.0,1,0,-3,3,12,14,White,94.577,-5,-5
5465,0.0,0,0,0,3,0,2,2,2,4,4,3,5,0,0.0,2,0,42300,4,11,8,Other,-0.004,0,1
5466,0.0,0,1,0,0,1,1,3,3,3,3,3,4,0,,2,0,42300,4,11,8,Other,-0.004,0,1
5467,0.0,0,1,0,2,1,5,3,2,5,5,4,-4,1,1.0,2,0,42300,4,11,8,Other,-0.004,0,1
5468,1.0,1,1,0,0,0,1,2,2,3,3,2,4,0,0.0,2,0,-3,4,15,13,White,63.538,0,0
5469,0.0,0,0,0,0,0,0,2,3,3,4,2,-4,0,0.0,2,0,-3,4,15,13,White,35.625,0,0
5470,1.0,0,0,0,0,0,9,3,3,3,3,2,-4,0,,2,0,-3,3,12,12,White,25.319,0,0
5471,0.0,0,1,0,2,2,7,3,3,5,5,5,3,1,0.0,1,0,23500,3,-4,12,Hispanic,50.481,0,0
5472,0.0,0,0,0,1,0,-2,2,3,4,1,2,-4,1,0.0,2,0,23500,3,-4,12,Hispanic,28.69,0,0
5473,1.0,0,1,0,0,0,1,2,2,4,4,3,3,0,0.0,2,0,53750,3,12,12,White,70.724,0,1
5474,0.0,0,0,0,0,0,1,2,2,1,1,1,-4,1,0.0,1,0,-3,3,17,17,White,99.351,0,0
5475,1.0,1,0,0,0,0,7,2,2,2,1,1,-4,0,0.0,2,0,-3,4,16,16,White,-0.004,-5,-5
5476,1.0,0,0,0,0,0,0,2,2,5,3,3,-4,0,0.0,2,0,-3,3,-4,12,White,37.544,0,0
5477,1.0,0,0,0,0,0,0,2,2,2,2,2,-4,0,0.0,2,0,-3,3,-4,12,White,53.834,-5,-5
5478,1.0,0,0,0,0,0,0,3,2,1,1,1,-4,0,0.0,2,0,-3,4,14,14,White,73.818,0,0
5479,1.0,0,0,0,0,0,4,1,2,5,3,1,3,0,,2,0,6750,4,8,12,White,73.654,0,0
5480,1.0,0,0,0,0,0,0,2,2,1,1,1,-4,0,0.0,2,0,-3,6,12,14,White,83.452,0,0
5481,1.0,0,0,0,0,0,0,1,2,3,1,1,1,0,0.0,1,0,600000,5,12,14,White,84.039,0,0
5482,1.0,0,0,0,5,0,0,2,1,3,3,1,-4,0,0.0,2,0,600000,5,12,14,White,24.992,0,0
5483,1.0,0,0,0,0,1,2,1,2,1,1,1,-4,0,0.0,1,0,600000,5,12,14,White,35.476,0,0
5484,0.0,0,0,0,0,0,7,1,2,2,5,1,1,0,0.0,1,0,174001,4,15,12,White,32.672,0,0
5485,1.0,0,0,0,0,0,4,2,2,2,1,1,-4,0,,2,-4,-4,4,13,12,White,-0.004,0,0
5486,0.0,0,1,0,1,2,6,2,1,1,1,1,-4,0,0.0,1,0,482000,3,12,12,White,-0.004,-5,-5
5487,0.0,0,0,0,0,0,4,3,3,3,3,1,4,0,,2,0,19500,3,12,12,White,6.236,0,0
5488,0.0,0,0,0,1,0,2,1,2,2,1,1,-4,0,0.0,1,0,21030,4,12,10,White,36.987,-5,-5
5489,0.0,0,0,0,1,0,3,1,2,1,1,1,-4,0,0.0,2,0,21030,4,12,10,White,27.257,0,0
5490,1.0,1,0,0,0,0,0,1,1,5,1,1,-4,1,0.0,2,0,155450,5,14,12,White,80.76,0,0
5491,0.0,0,1,0,0,1,0,2,2,2,2,1,-4,1,0.0,1,0,-3,3,11,12,Other,82.484,-5,-5
5492,1.0,0,0,0,0,0,7,1,2,2,1,1,1,0,,1,0,564501,3,15,12,White,82.412,0,0
5493,0.0,0,1,1,4,0,-2,2,2,4,4,2,3,0,0.0,2,0,5250,3,12,12,White,-0.004,0,0
5494,0.0,0,1,3,3,5,10,3,3,4,2,1,-4,0,0.0,1,0,5250,3,12,12,White,16.267,0,0
5495,0.0,0,1,0,0,0,18,3,4,5,5,4,5,-1,0.0,2,0,206150,3,12,13,White,21.373,-5,-5
5496,0.0,0,1,0,2,0,-2,3,2,4,3,1,2,0,0.0,2,0,27778,3,-3,14,White,47.699,0,0
5497,0.0,0,0,0,0,0,5,2,2,4,3,4,2,0,0.0,1,0,75250,3,10,12,White,46.929,0,0
5498,1.0,0,0,0,0,0,1,3,2,4,3,1,-2,-1,0.0,2,0,-3,6,12,12,White,68.735,0,-2
5499,1.0,0,0,0,0,0,2,2,2,1,1,1,-4,-1,0.0,1,0,-3,6,-3,12,White,17.906,0,0
5500,1.0,,0,2,0,0,0,2,3,2,1,1,-4,1,0.0,1,0,22500,5,12,16,White,56.98,0,0
5501,0.0,0,0,0,0,0,6,3,3,5,3,2,-4,1,,2,0,8350,3,10,10,White,-0.004,0,0
5502,0.0,0,0,4,0,0,1,2,2,2,1,1,1,0,1.0,1,1,29000,6,9,12,White,10.675,0,0
5503,1.0,0,0,0,0,0,2,2,2,2,1,1,-4,0,0.0,2,1,29000,6,9,12,White,73.457,0,0
5504,1.0,0,0,0,0,0,0,2,2,2,1,1,-4,0,0.0,2,1,29000,6,9,12,White,71.931,0,0
5505,1.0,1,0,0,3,0,3,2,2,4,4,1,2,0,0.0,2,0,251000,3,12,12,White,55.25,0,0
5506,0.0,0,0,0,0,0,2,2,3,2,3,1,2,0,0.0,2,0,24655,5,12,12,White,27.239,0,0
5507,0.0,0,0,0,0,0,2,2,2,1,1,1,-4,0,,2,-4,-4,5,12,12,White,25.489,0,0
5508,0.0,0,0,1,0,0,2,3,2,3,1,-2,-4,1,0.0,2,-4,-4,5,12,12,White,21.982,0,0
5509,1.0,0,0,0,0,0,2,2,2,2,1,1,1,0,0.0,1,0,53550,4,13,12,White,39.13,0,0
5510,1.0,0,0,0,0,0,1,2,2,1,1,1,-4,0,0.0,1,0,53550,4,13,12,White,28.442,-5,-5
5511,0.0,0,0,0,10,0,2,2,3,2,1,1,1,1,0.0,1,0,170000,4,12,13,White,10.622,0,-2
5512,1.0,1,0,0,4,2,5,4,3,3,2,2,3,1,1.0,1,0,34244,3,12,15,White,83.664,0,0
5513,0.0,0,0,0,0,0,1,2,2,2,2,1,-4,0,,2,0,106200,4,10,12,White,27.708,-5,-5
5514,,,0,0,0,0,1,2,2,1,1,1,-4,0,,2,0,106200,4,10,12,White,21.367,-5,-5
5515,0.0,0,1,1,0,0,2,2,2,1,1,1,-4,0,0.0,1,0,51250,4,12,12,White,15.929,0,0
5516,0.0,0,0,0,0,1,10,3,2,1,1,1,-4,0,0.0,1,0,40710,4,6,9,White,19.196,0,0
5517,0.0,0,0,7,2,0,3,2,2,5,3,1,3,1,1.0,1,0,6250,5,10,11,White,65.552,0,1
5518,0.0,0,0,0,0,0,4,2,2,4,3,-2,3,0,0.0,1,0,6250,5,10,11,White,4.729,0,1
5519,0.0,0,1,5,0,1,3,2,2,4,1,1,-4,1,0.0,1,0,6250,5,11,11,White,36.534,0,0
5520,0.0,0,0,0,0,0,4,2,2,2,-2,1,-4,1,1.0,1,0,-7150,3,-3,12,White,87.199,0,-4
5521,0.0,0,1,0,0,0,2,2,2,1,1,1,-4,0,,1,0,15750,8,-3,10,Hispanic,23.486,0,1
5522,0.0,0,0,1,0,0,4,2,2,5,4,1,2,0,0.0,1,0,48125,3,11,12,White,57.234,0,0
5523,0.0,0,0,0,1,0,2,2,2,2,1,1,-4,0,0.0,1,0,48125,3,11,12,White,80.575,0,0
5524,1.0,0,0,0,5,0,0,2,2,1,1,1,-4,1,1.0,1,0,42250,4,-3,12,White,63.413,-5,-5
5525,0.0,0,0,0,0,0,4,2,2,2,1,1,-4,0,0.0,1,0,33500,3,12,12,White,41.185,0,0
5526,1.0,0,0,0,0,0,0,2,2,1,1,1,-4,0,0.0,2,0,33500,3,12,12,White,65.728,0,0
5527,,,0,0,0,1,3,2,2,4,1,1,-4,0,,2,0,1750,3,-3,9,Hispanic,74.097,-5,-5
5528,1.0,0,0,0,0,0,5,2,3,5,5,1,4,0,0.0,2,0,35500,3,12,12,White,65.027,0,0
5529,0.0,0,0,0,0,0,2,2,2,2,1,1,-4,1,0.0,1,0,35500,3,12,12,White,33.2,0,0
5530,0.0,0,0,0,0,1,-2,2,2,2,1,1,-4,0,0.0,2,0,825,5,14,10,White,41.16,0,0
5531,0.0,0,0,0,0,0,10,3,2,4,3,1,2,0,0.0,2,1,-3,4,12,12,White,50.676,0,0
5532,0.0,0,1,2,0,3,0,2,2,5,4,1,-4,0,0.0,1,0,-3,4,12,12,White,36.885,0,0
5533,1.0,0,0,3,2,0,7,2,2,2,2,1,-4,1,1.0,1,0,600000,5,16,14,White,78.348,0,0
5534,0.0,0,0,0,0,0,3,2,2,2,1,1,-4,1,0.0,2,0,36900,2,12,12,White,35.389,0,0
5535,0.0,0,1,0,2,0,25,2,4,3,2,3,-4,0,0.0,2,0,21750,5,10,12,White,49.449,0,0
5536,1.0,0,0,0,0,0,0,2,2,3,2,2,1,0,0.0,1,1,-19250,4,16,12,Hispanic,95.999,0,0
5537,1.0,0,0,0,0,0,2,2,2,1,1,1,-4,0,0.0,1,1,-19250,4,16,12,Hispanic,71.588,-2,-2
5538,1.0,0,0,0,0,0,6,2,2,2,3,1,1,0,0.0,1,0,34800,3,12,12,White,42.38,-5,-5
5539,0.0,0,0,0,0,0,3,2,2,1,1,1,-4,0,0.0,1,0,43500,5,18,12,White,27.716,0,0
5540,1.0,0,0,0,2,0,1,2,2,1,1,1,-4,1,1.0,2,0,17200,4,12,17,White,96.626,0,0
5541,1.0,0,0,0,2,1,6,2,2,2,2,1,1,0,0.0,1,0,257000,4,16,12,White,97.379,0,0
5542,1.0,0,0,0,0,1,0,1,2,1,1,1,-4,0,1.0,1,0,257000,4,16,12,White,88.631,0,0
5543,0.0,0,0,0,0,0,10,2,3,1,1,1,1,0,0.0,2,0,204000,3,12,14,White,78.296,0,0
5544,1.0,0,0,0,0,0,6,2,2,1,1,1,-4,0,1.0,2,0,111500,4,18,13,White,93.837,0,0
5545,0.0,0,0,0,0,0,5,2,2,3,2,1,-4,0,0.0,1,0,188151,4,16,12,White,35.799,0,0
5546,1.0,0,1,1,0,0,1,2,2,2,1,1,-4,0,0.0,1,0,600000,3,14,12,White,93.711,0,0
5547,0.0,0,0,0,0,0,2,2,1,3,2,3,1,0,0.0,1,0,93180,5,10,12,White,26.823,-5,-5
5548,0.0,0,1,0,9,0,13,2,3,5,4,4,5,-3,1.0,2,0,62500,6,11,10,White,23.994,0,0
5549,0.0,0,0,1,0,1,3,2,3,5,3,2,-4,0,0.0,1,0,62500,6,11,10,White,0.281,0,0
5550,0.0,0,1,1,20,2,5,2,3,3,3,2,-4,1,0.0,1,0,62500,6,11,10,White,21.406,-5,-5
5551,0.0,0,0,0,10,0,1,2,3,1,2,1,1,0,0.0,2,1,-3,6,-3,-3,White,86.224,-2,-2
5552,1.0,0,0,0,1,0,0,2,2,3,1,1,-4,1,0.0,1,1,-3,6,-3,-3,White,60.757,0,0
5553,0.0,0,0,0,0,0,0,2,2,3,1,1,-4,1,0.0,1,1,-3,6,-3,-3,White,65.937,0,0
5554,1.0,0,0,0,0,3,0,3,4,1,1,-2,-4,1,0.0,1,0,2350,2,12,12,Black,41.945,0,-4
5555,0.0,0,0,0,3,0,2,2,2,5,2,5,2,1,1.0,1,0,-3,5,-3,13,White,17.859,-5,-5
5556,0.0,0,0,0,1,0,0,2,1,4,4,3,1,0,0.0,1,0,-3,5,-3,13,White,62.255,-2,-2
5557,0.0,0,0,1,1,1,7,2,2,3,3,2,2,1,0.0,1,0,96200,5,-4,12,White,47.312,0,0
5558,1.0,0,0,0,0,0,2,2,2,2,1,2,-2,0,0.0,2,0,-3,4,13,12,Black,14.389,0,0
5560,0.0,0,0,0,0,0,0,3,3,5,4,2,5,1,1.0,2,0,-3,5,12,16,Black,21.745,0,0
5561,0.0,0,0,0,0,0,4,2,2,4,3,1,-2,0,,1,0,-3,2,-4,-3,White,58.428,0,-4
5562,1.0,0,0,0,0,0,0,1,1,-2,-2,1,-4,0,0.0,2,0,-3,3,20,16,White,90.951,0,0
5563,0.0,0,0,0,0,0,52,2,2,4,4,1,4,0,1.0,2,0,17500,5,-4,11,White,42.003,0,0
5564,0.0,0,0,0,1,1,10,2,3,3,1,1,-4,0,0.0,2,0,17500,5,-4,11,White,56.087,0,0
5565,0.0,0,0,2,0,1,40,3,2,5,1,3,-4,1,0.0,2,0,17500,5,-4,11,White,5.006,0,0
5566,0.0,0,0,0,0,0,5,2,2,1,1,1,-4,0,0.0,1,0,70500,4,12,-3,White,66.843,0,0
5567,0.0,0,1,0,1,1,5,2,3,1,1,1,-4,0,0.0,2,1,-27500,5,-3,12,Black,-0.004,-5,-5
5568,0.0,0,1,0,0,0,0,2,2,1,1,1,-4,0,0.0,1,0,28500,5,12,12,Black,8.281,0,0
5569,0.0,0,0,1,0,0,6,3,2,4,3,1,-4,1,0.0,1,0,-3,5,-3,12,Black,23.695,0,0
5570,0.0,0,0,0,0,0,0,2,2,1,1,1,-4,0,0.0,2,0,92000,3,-3,18,White,3.543,0,0
5571,1.0,0,0,0,0,0,10,3,2,3,3,1,-2,0,0.0,2,0,375500,2,16,20,White,72.654,0,0
5572,0.0,0,0,0,4,0,5,3,3,4,2,1,-4,0,,2,-4,-4,2,7,-3,Black,14.241,0,0
5573,1.0,,0,0,0,0,3,3,3,4,4,1,5,0,0.0,2,0,140500,6,-3,12,Black,39.912,0,0
5574,0.0,0,0,0,0,0,-2,2,2,1,1,1,-4,1,0.0,1,0,140500,6,-3,12,Black,14.314,0,0
5575,1.0,0,0,0,3,0,2,2,3,1,1,1,-4,0,0.0,2,0,140500,6,-3,12,Black,62.467,0,0
5576,0.0,0,0,0,0,0,0,2,2,1,1,1,-4,0,0.0,2,-4,-4,4,12,13,Black,55.965,0,0
5577,0.0,0,0,0,0,0,0,1,2,4,1,2,-4,0,0.0,1,0,6750,3,12,12,Black,29.879,0,-4
5578,1.0,0,0,0,0,0,0,2,2,2,1,1,-4,0,0.0,2,0,10200,4,-3,14,Black,59.79,0,0
5579,0.0,0,0,0,0,0,3,2,2,1,1,1,-4,0,0.0,1,0,-3,4,12,14,White,33.983,-5,-5
5580,1.0,0,0,0,0,0,0,2,2,2,4,1,2,0,0.0,2,0,-3,4,8,8,White,58.432,0,0
5581,1.0,0,0,0,0,0,4,2,2,3,3,1,1,0,0.0,1,0,-3,3,12,13,White,87.024,0,0
5582,0.0,1,1,2,1,1,-2,2,3,-2,-2,1,-4,1,,1,0,450,3,-4,11,White,-0.004,0,1
5583,1.0,0,0,0,0,0,0,2,2,2,-2,1,1,0,0.0,2,0,-3,4,-3,12,White,71.413,0,0
5584,0.0,0,0,0,0,0,7,2,2,1,1,1,-4,1,0.0,2,0,-3,4,-3,12,White,38.797,0,0
5585,1.0,0,0,0,0,1,7,3,4,3,3,1,-2,0,0.0,2,0,-260,3,12,10,White,-0.004,-5,-5
5586,0.0,0,0,0,8,0,18,2,2,3,2,1,-4,0,0.0,1,0,18850,4,9,7,White,14.849,0,0
5587,0.0,0,0,0,1,1,8,2,3,2,1,1,5,0,,2,0,-3,4,4,10,White,43.564,0,0
5588,1.0,,0,0,0,0,5,2,1,3,3,1,3,1,,1,0,-3,3,12,12,White,-0.004,-5,-5
5589,1.0,0,0,0,0,0,5,2,2,2,1,1,-4,0,0.0,2,0,-3,4,16,17,Black,69.173,0,0
5590,1.0,0,0,0,0,0,0,2,2,3,3,2,4,0,0.0,2,0,50500,5,-4,12,Black,8.829,0,0
5591,0.0,0,0,0,0,1,3,2,2,1,1,1,-4,0,0.0,1,0,4000,4,8,14,Black,14.754,0,0
5592,0.0,0,0,0,0,0,0,2,2,3,2,2,2,0,,1,0,20050,4,12,12,Black,1.778,0,0
5593,0.0,0,0,0,0,0,3,4,4,2,3,3,-4,0,0.0,1,1,36500,5,12,7,Black,0.893,0,0
5594,1.0,0,0,0,0,0,2,2,2,1,1,1,-4,0,0.0,2,0,38850,4,6,9,White,60.772,0,0
5595,0.0,0,1,0,0,0,3,2,2,2,3,1,3,0,0.0,1,0,-3,4,14,12,White,77.177,0,0
5596,0.0,0,0,0,0,0,3,3,2,4,1,1,-4,0,0.0,1,-4,-4,4,12,13,Black,12.664,0,0
5597,0.0,0,0,0,0,0,0,2,1,3,2,2,2,0,1.0,2,1,500,5,-3,12,Black,2.274,0,0
5598,1.0,0,0,1,1,1,9,2,2,1,1,1,5,1,1.0,1,1,500,5,-3,12,Black,2.995,0,0
5599,0.0,0,0,1,0,0,0,2,3,1,1,1,-4,0,0.0,1,1,42500,5,12,12,Black,3.279,0,0
5600,0.0,0,0,0,1,2,5,2,2,1,1,1,-4,1,0.0,1,1,42500,5,12,12,Black,23.571,0,0
5601,1.0,0,0,0,0,0,3,2,2,4,5,4,5,0,0.0,2,0,-3,2,12,12,Black,44.56,0,0
5602,0.0,0,0,0,0,0,0,2,2,3,2,2,2,0,0.0,1,0,32750,5,12,12,Black,30.599,0,0
5603,0.0,0,0,0,0,0,3,4,3,2,2,4,2,0,0.0,2,0,12900,4,-3,11,Black,9.962,0,0
5604,0.0,0,0,0,0,0,0,2,1,1,1,1,-4,0,0.0,1,0,61000,4,12,12,Black,22.774,0,0
5605,1.0,0,0,0,0,0,0,2,2,1,1,1,-4,0,0.0,1,0,-3,3,16,18,Black,-0.004,0,0
5606,0.0,0,0,0,0,0,4,2,2,1,1,1,-4,1,0.0,2,0,30850,5,9,10,White,50.883,0,0
5607,1.0,0,0,0,1,0,0,3,1,1,1,1,-4,0,0.0,1,0,-6450,4,12,12,Black,44.283,0,0
5608,1.0,1,1,0,1,0,0,2,3,3,2,1,4,0,0.0,2,0,22250,3,-3,12,Black,20.012,0,0
5609,0.0,0,0,1,4,5,0,4,4,5,5,1,5,0,0.0,1,0,2500,4,11,13,Black,18.884,0,0
5610,0.0,0,0,0,0,0,21,4,4,1,1,1,-4,0,0.0,2,0,-3,3,12,16,Black,76.425,0,0
5611,0.0,0,0,3,0,0,0,1,2,2,1,1,-2,1,0.0,1,0,23500,4,7,12,Black,20.859,0,0
5612,0.0,0,0,0,0,0,0,3,3,3,2,1,-4,0,0.0,1,0,23500,4,7,12,Black,18.48,0,0
5613,1.0,0,0,0,0,0,5,2,2,3,3,2,3,0,0.0,2,0,20500,5,10,12,Black,29.593,0,-4
5614,1.0,0,0,0,0,0,2,2,2,2,2,1,-4,0,0.0,1,0,600000,4,16,16,White,48.117,0,0
5615,0.0,0,0,0,0,2,6,2,3,2,4,1,-4,0,1.0,2,0,-3,4,12,18,White,54.834,0,0
5616,1.0,0,0,0,0,0,9,2,1,2,1,1,-4,0,0.0,2,0,-3,3,18,17,White,60.831,0,0
5617,0.0,0,0,0,0,0,2,2,2,2,1,2,-4,1,0.0,1,0,53100,4,12,12,White,-0.004,0,0
5618,1.0,0,1,0,0,0,6,2,2,2,2,1,3,0,1.0,2,0,62500,3,16,18,White,85.311,0,0
5619,,,0,0,0,0,0,2,3,3,1,1,-2,0,,1,0,-3,3,12,12,White,75.756,-5,-5
5620,0.0,0,0,0,0,0,5,1,2,-2,-2,1,-4,-3,0.0,2,0,9700,4,12,12,White,37.233,0,0
5621,0.0,0,0,0,2,0,-2,2,2,3,2,2,-4,1,0.0,2,0,-3,4,6,11,Black,43.971,0,0
5622,1.0,0,0,0,0,0,0,2,2,3,1,1,-4,0,0.0,2,0,-3,4,12,12,Black,77.431,0,0
5623,0.0,0,0,0,0,0,1,3,2,5,3,1,4,0,0.0,2,1,-3,3,-3,12,Black,1.924,0,0
5624,0.0,0,0,0,0,0,0,2,2,3,3,1,5,1,0.0,2,0,-3,5,12,16,Black,14.289,0,0
5625,1.0,0,0,0,0,0,6,2,2,5,5,2,5,0,0.0,2,0,4250,4,-3,12,Black,7.662,0,1
5626,0.0,0,0,0,0,0,0,2,2,2,-2,1,-4,0,0.0,1,0,4250,4,-3,12,Black,22.83,0,-2
5627,0.0,0,0,2,0,1,0,4,2,5,3,5,5,0,0.0,1,-4,-4,5,-4,12,Black,-0.004,0,-2
5628,1.0,0,1,0,-2,0,26,3,4,4,3,2,-4,0,0.0,2,0,33450,3,12,14,Black,42.899,0,0
5629,1.0,0,0,0,1,0,6,2,2,4,3,1,-4,1,0.0,1,0,7700,2,12,12,Black,22.291,0,0
5630,0.0,0,1,0,0,0,1,2,1,4,1,1,1,1,0.0,1,0,68800,3,12,12,White,28.405,0,0
5631,0.0,0,1,0,5,2,-2,1,1,1,1,1,-4,0,0.0,1,0,-3000,2,-3,11,Black,8.605,0,-4
5632,1.0,0,0,0,0,0,2,2,2,1,1,1,-4,0,0.0,2,0,-3558,5,-4,13,Black,23.908,0,0
5633,1.0,0,0,0,1,1,0,2,3,4,5,1,5,0,0.0,2,0,12500,5,-3,12,Black,-0.004,0,0
5634,0.0,0,0,0,0,2,5,2,4,3,2,1,-4,0,0.0,2,0,12500,5,11,12,Black,-0.004,0,0
5635,0.0,,0,0,0,0,5,2,2,3,4,1,5,1,,1,0,-3,3,-3,12,Black,8.901,-5,-5
5636,0.0,0,0,0,0,0,0,4,2,3,2,-2,3,0,,1,-2,-3,2,-4,-3,Black,43.183,-5,-5
5637,0.0,0,0,0,0,0,1,1,2,4,2,1,5,1,0.0,2,0,20250,6,12,12,Black,15.79,0,0
5638,0.0,0,0,0,3,0,1,2,4,2,2,1,4,1,0.0,2,-4,-4,6,12,12,Black,39.153,0,0
5639,0.0,0,0,0,10,1,1,2,3,2,2,1,-4,1,0.0,1,-4,-4,6,12,12,Black,51.707,0,0
5640,1.0,0,0,0,0,1,0,3,4,2,1,2,-4,0,,1,-4,-4,6,12,12,Black,28.106,0,0
5641,0.0,,0,0,1,0,11,2,3,4,3,1,3,0,,2,-4,-4,4,-4,12,White,-0.004,-5,-5
5642,1.0,0,0,0,0,0,8,2,2,3,3,1,4,0,,2,0,45250,3,20,16,White,-0.004,-5,-5
5643,0.0,1,0,0,0,0,10,1,2,2,1,1,-4,1,0.0,1,0,65300,3,14,12,White,-0.004,0,0
5644,1.0,0,0,0,0,0,2,2,2,5,3,1,2,-3,0.0,2,0,-3,4,12,16,White,95.516,0,0
5645,0.0,0,0,0,1,1,10,1,3,3,1,1,-4,0,,2,0,10100,3,12,12,White,78.796,0,0
5646,1.0,0,0,0,0,0,1,1,2,2,1,1,-4,0,0.0,2,0,6150,3,12,14,White,-0.004,0,0
5647,1.0,0,0,0,0,0,5,2,2,5,4,1,4,0,0.0,2,-4,-4,4,12,15,White,-0.004,0,0
5648,0.0,0,0,0,0,0,0,2,1,4,2,1,3,0,0.0,2,0,-1500,5,10,18,White,-0.004,0,-2
5649,0.0,0,0,0,0,0,3,1,1,2,2,1,-4,0,0.0,2,0,-1500,5,10,18,White,-0.004,0,-2
5650,0.0,0,1,0,10,0,2,1,1,1,1,1,-4,1,0.0,1,0,-1500,5,10,18,White,-0.004,-5,-5
5651,0.0,0,0,1,0,0,2,2,4,4,2,1,3,0,,1,0,24450,5,12,12,Hispanic,23.468,0,0
5652,1.0,0,0,0,0,0,2,2,2,3,2,2,-4,0,0.0,1,0,24450,5,12,12,Hispanic,68.093,0,0
5653,0.0,0,1,0,0,0,4,2,2,3,2,1,2,-3,0.0,2,0,-3,3,12,12,Black,-0.004,0,0
5654,1.0,0,0,0,0,0,0,2,2,2,1,2,-4,0,0.0,1,0,173000,3,19,17,White,-0.004,0,0
5655,0.0,0,1,0,2,0,2,2,1,2,1,1,-4,1,0.0,2,0,82600,2,12,12,White,-0.004,0,0
5656,0.0,0,0,0,2,0,7,2,2,3,4,2,5,0,,2,0,8100,4,12,12,White,-0.004,-5,-5
5657,1.0,0,0,0,1,1,3,2,3,3,4,1,5,1,0.0,1,1,93974,4,8,12,White,58.083,0,0
5658,0.0,0,0,0,0,0,0,1,3,2,1,1,1,0,0.0,1,1,12150,5,10,11,White,-0.004,-5,-5
5659,0.0,0,0,0,3,0,0,1,1,1,1,1,-4,1,1.0,2,1,12150,5,10,11,White,-0.004,0,0
5660,0.0,0,0,2,30,1,5,2,2,2,1,1,1,1,0.0,1,-4,-4,3,-4,-3,Black,6.964,0,-4
5661,1.0,0,0,0,0,0,0,2,2,1,1,1,-4,0,,2,-4,-4,4,-4,12,Black,61.984,0,0
5662,1.0,0,0,0,0,0,3,2,2,2,2,1,2,0,0.0,2,0,-3,4,-3,12,White,-0.004,0,0
5663,0.0,1,1,0,0,0,90,4,2,3,3,3,5,0,0.0,2,0,1750,6,11,9,White,27.777,0,1
5664,0.0,0,1,0,0,0,-2,2,2,3,2,1,-4,0,0.0,2,0,1750,6,11,9,White,7.11,0,1
5665,0.0,0,0,0,0,0,15,2,4,4,4,2,5,0,0.0,2,-4,-4,4,12,12,White,-0.004,0,0
5666,1.0,0,0,0,0,0,0,1,2,5,4,1,3,0,0.0,1,0,600000,4,15,16,White,-0.004,-5,-5
5667,,,0,0,0,0,10,1,1,3,2,2,3,1,,2,0,98320,5,-3,-3,Black,54.042,-5,-5
5668,,,0,0,0,0,3,2,2,2,1,1,-4,0,,2,0,98320,5,-3,-3,Black,59.032,-5,-5
5669,1.0,0,0,0,0,0,1,2,2,2,1,2,2,0,0.0,1,0,96320,6,16,14,White,42.2,0,0
5670,1.0,0,0,0,0,0,4,2,2,1,1,1,-4,0,0.0,1,0,96320,6,16,14,White,93.435,0,-2
5671,1.0,0,0,0,5,0,10,1,2,1,1,1,-4,1,0.0,1,0,411001,4,17,18,White,60.376,0,0
5672,1.0,1,0,0,0,0,0,-1,-1,1,1,1,-4,0,0.0,2,0,18100,10,18,16,White,47.085,0,0
5673,1.0,0,0,0,10,1,9,2,3,3,2,2,-4,1,,1,0,323801,3,-4,-4,Hispanic,-0.004,-5,-5
5674,1.0,0,1,1,0,0,1,1,1,1,1,2,-4,0,0.0,2,0,323801,3,-4,-4,White,-0.004,-5,-5
5675,0.0,0,1,7,1,1,3,2,3,2,1,1,-4,1,0.0,1,0,311300,4,16,18,White,-0.004,0,0
5676,1.0,0,1,0,0,0,5,2,4,4,3,2,3,0,0.0,1,0,196250,3,14,17,White,-0.004,0,0
5677,1.0,0,1,0,1,2,2,2,3,2,1,1,-4,1,0.0,2,-4,-4,9,-3,12,Black,39.562,0,0
5678,1.0,0,0,0,0,1,0,1,2,2,1,1,-4,0,0.0,1,0,217300,4,12,13,White,-0.004,-5,-5
5679,1.0,0,0,0,0,0,2,2,2,3,2,2,-4,0,,2,-4,-4,3,-4,12,White,-0.004,-5,-5
5680,0.0,,0,0,10,2,12,2,3,3,2,1,1,1,1.0,1,0,122800,4,14,13,White,35.861,0,0
5681,1.0,,0,0,0,0,3,1,2,1,1,1,-4,0,1.0,2,0,122800,4,14,13,White,27.083,0,0
5682,1.0,0,0,0,0,0,5,2,3,3,3,1,3,0,,1,0,50700,4,-3,12,White,-0.004,0,0
5683,1.0,0,0,0,0,0,3,2,2,1,1,1,-4,0,1.0,2,0,1650,3,-4,12,White,-0.004,0,0
5684,1.0,0,0,0,0,0,15,2,1,4,2,1,5,1,0.0,2,1,3550,4,-3,12,White,64.043,0,0
5685,1.0,0,0,0,2,1,5,2,2,5,2,2,-4,0,0.0,2,1,3550,4,-3,12,White,25.733,-5,-5
5686,0.0,1,0,0,90,2,3,1,1,2,1,1,-4,1,1.0,2,1,3550,4,-3,12,White,31.956,0,0
5687,0.0,0,0,0,-4,-4,-4,4,3,3,4,1,4,0,0.0,1,-4,-4,5,11,12,White,26.595,0,0
5688,0.0,0,0,0,0,0,5,2,2,3,3,1,3,0,0.0,2,-4,-4,5,-3,6,White,10.478,0,-4
5689,0.0,0,1,1,1,2,6,2,2,4,3,1,-4,0,0.0,1,0,68500,8,9,10,White,50.032,0,1
5690,0.0,1,0,0,4,0,10,2,2,5,2,1,-4,1,,2,0,68500,8,-4,-3,White,9.722,-5,-5
5691,0.0,0,0,0,0,0,1,1,1,1,1,1,-4,0,0.0,2,0,97500,2,-4,12,White,43.438,0,-4
5692,0.0,0,0,0,0,0,0,1,2,3,3,2,4,0,,1,0,23500,5,8,7,White,0.0,0,0
5693,0.0,0,0,0,0,2,0,2,2,2,2,1,-4,1,0.0,1,0,23500,5,8,7,White,3.773,-5,-5
5694,0.0,0,0,0,0,0,2,1,2,1,1,4,-4,0,0.0,2,0,23500,5,8,7,White,5.264,0,0
5695,0.0,0,0,0,1,0,1,2,2,3,4,2,4,0,,2,0,3560,2,6,9,White,84.452,-5,-5
5696,0.0,0,1,0,0,0,0,2,3,2,3,1,-4,0,0.0,1,-4,-4,3,-3,8,White,6.706,0,-2
5697,1.0,0,0,0,0,0,0,2,2,4,3,1,2,0,0.0,2,0,183500,4,16,10,White,45.811,0,0
5698,1.0,0,0,0,0,0,0,2,2,3,2,1,2,0,0.0,1,-4,-4,4,16,10,White,27.37,0,0
5699,1.0,0,0,0,0,0,0,2,2,4,3,1,3,0,0.0,1,0,33500,4,8,-3,White,19.505,0,0
5700,0.0,0,0,0,0,0,3,2,2,2,1,1,-4,0,0.0,2,0,33500,4,8,-3,White,13.437,0,0
5701,0.0,0,1,0,6,0,3,2,3,1,1,1,-4,0,0.0,1,0,-3,4,-3,11,White,24.969,0,0
5702,1.0,0,0,0,0,0,0,2,2,1,1,1,-4,0,0.0,2,0,-3,4,12,12,White,42.797,0,0
5703,0.0,0,0,0,0,1,2,2,2,1,1,1,-4,1,0.0,1,0,187500,3,12,12,White,36.78,0,0
5704,1.0,0,0,1,0,1,5,2,4,2,2,1,-4,1,,1,0,-3,3,12,12,White,28.087,-5,-5
5705,1.0,0,0,0,0,0,0,1,2,3,2,1,3,0,0.0,2,0,28500,6,16,15,White,81.949,0,0
5706,1.0,0,0,0,0,0,3,2,3,3,2,1,2,0,0.0,2,0,28500,6,16,15,White,79.214,0,0
5707,0.0,0,0,0,0,0,18,2,2,2,3,1,-4,0,0.0,2,0,3750,8,10,9,White,31.427,0,-2
5708,1.0,0,0,0,0,0,0,2,2,1,1,1,-4,0,0.0,2,0,-3,3,12,12,White,29.237,0,0
5709,0.0,0,0,5,0,0,3,3,2,3,2,1,3,0,0.0,1,0,-3,3,8,12,White,2.889,-5,-5
5710,1.0,0,0,0,0,0,0,2,3,2,1,1,-4,0,0.0,2,0,72900,3,18,18,White,61.875,0,0
5711,1.0,,0,0,0,0,2,2,2,3,4,1,1,0,,2,0,-3,5,12,14,White,54.868,-5,-5
5712,0.0,0,0,0,0,0,1,2,2,3,2,5,-4,0,,2,0,4550,4,8,10,White,-0.004,0,0
5713,1.0,0,0,0,0,0,0,2,1,1,1,1,1,0,0.0,1,0,56500,5,19,15,White,65.948,0,0
5714,1.0,0,0,0,0,0,2,1,2,1,1,1,-4,0,0.0,2,0,56500,5,19,15,White,18.845,0,0
5715,0.0,0,0,0,0,0,0,1,2,3,1,1,2,0,0.0,1,0,-3,5,10,12,White,11.622,0,0
5716,0.0,0,0,0,0,1,3,1,2,3,3,1,-4,0,0.0,1,0,6250,3,11,11,Black,22.176,0,0
5717,1.0,0,0,0,0,0,2,2,2,4,3,1,-4,0,0.0,2,0,22050,3,12,11,White,5.848,0,0
5718,0.0,0,0,0,2,0,6,2,3,5,5,1,5,0,1.0,2,0,8100,3,4,7,White,-0.004,0,0
5719,1.0,0,0,0,0,0,4,2,1,2,1,1,-4,0,0.0,2,0,-3,3,8,11,White,31.31,-5,-5
5720,0.0,0,1,1,0,2,3,1,3,1,1,1,-4,0,,2,0,-3,6,12,10,White,16.81,0,0
5721,0.0,0,0,0,0,0,3,2,2,2,1,1,1,0,0.0,1,0,-16550,3,3,12,White,14.808,0,0
5722,0.0,0,0,0,0,0,0,2,1,3,2,1,1,0,0.0,2,0,28450,3,8,12,White,40.55,0,0
5723,1.0,0,0,0,5,0,1,1,1,1,1,1,-4,0,0.0,1,0,-3,5,19,16,White,-0.004,0,0
5724,1.0,0,0,0,0,0,0,2,2,2,1,1,2,0,0.0,1,0,-3,3,12,13,Black,47.018,0,0
5725,1.0,0,0,0,0,0,0,2,2,1,1,1,1,0,0.0,2,0,-3,3,12,13,Black,42.162,0,0
5726,0.0,0,0,0,5,10,3,2,2,2,2,1,-4,0,0.0,1,0,17500,5,12,8,Black,2.005,0,0
5727,0.0,0,1,0,3,1,2,3,3,1,2,1,-4,0,0.0,2,0,17500,5,12,8,Black,0.844,0,0
5728,1.0,0,0,0,0,0,0,1,1,1,1,5,-4,0,0.0,2,0,-3,2,12,12,Black,17.434,0,0
5729,0.0,0,0,1,1,0,2,2,2,4,2,1,4,1,0.0,1,0,7500,3,12,10,White,3.306,0,0
5730,1.0,0,0,0,5,1,3,2,2,5,2,1,-4,0,0.0,1,0,7500,3,12,10,Hispanic,5.874,0,0
5731,1.0,0,0,0,0,0,0,1,1,2,2,1,-4,0,0.0,1,0,4326,3,11,11,White,32.989,0,0
5732,0.0,0,0,0,0,0,3,1,2,1,1,1,-4,0,0.0,2,0,19250,6,12,9,White,3.956,0,0
5733,1.0,0,0,0,0,0,1,1,1,3,4,1,-4,0,0.0,2,0,54500,4,12,10,Black,20.383,0,0
5734,1.0,0,0,0,0,0,1,2,2,1,1,1,-4,0,0.0,1,0,54500,4,12,10,Black,3.634,0,0
5735,0.0,0,0,0,1,0,0,1,2,5,1,1,-2,0,0.0,2,0,-14250,3,8,11,White,9.955,0,0
5736,1.0,0,0,0,0,0,2,3,2,1,1,1,-4,0,0.0,1,0,24750,4,12,12,White,25.709,0,0
5737,0.0,0,1,1,3,3,12,1,2,3,3,1,-4,0,,1,0,7700,6,12,9,White,15.608,0,0
5738,1.0,0,0,0,0,0,3,2,2,3,3,1,-2,0,0.0,2,0,118000,4,12,13,White,-0.004,-5,-5
5739,1.0,0,0,0,1,0,3,2,4,3,2,2,-4,1,0.0,2,0,7500,4,-4,12,White,86.366,-5,-5
5740,0.0,0,0,0,0,0,1,2,2,-2,2,2,-4,1,0.0,2,0,62500,3,12,12,White,31.384,-5,-5
5741,1.0,0,0,0,1,0,2,2,3,3,1,1,-4,0,0.0,2,1,-3,5,12,12,White,60.091,0,0
5742,0.0,0,0,2,0,0,2,2,2,3,4,1,5,0,0.0,1,0,54000,3,11,8,White,12.829,-5,-5
5743,0.0,0,0,0,0,0,2,2,1,3,2,1,3,1,0.0,1,0,272500,4,12,12,White,93.884,0,0
5744,0.0,0,0,0,0,0,0,1,1,3,1,1,-4,1,0.0,1,0,272500,4,12,12,White,62.984,0,0
5745,0.0,0,0,0,0,0,5,2,1,4,4,2,2,0,0.0,2,0,42500,7,5,12,Black,20.902,-5,-5
5746,1.0,0,0,0,2,0,7,1,1,1,1,3,3,0,0.0,1,0,42500,7,5,12,Black,51.604,0,0
5747,0.0,0,0,0,0,0,1,2,1,4,2,-2,-2,0,0.0,1,-4,-4,3,-3,12,White,-0.004,0,0
5748,0.0,,0,0,0,0,5,2,2,3,2,1,-4,0,,2,0,11400,5,8,8,White,29.464,-5,-5
5749,0.0,0,1,0,3,2,3,2,2,1,1,1,-4,0,0.0,1,0,8600,6,12,14,White,37.228,0,0
5750,0.0,,0,0,0,0,10,2,3,4,4,1,1,0,,1,0,22300,4,-4,8,White,-0.004,-5,-5
5751,0.0,0,0,0,1,0,1,2,3,2,2,2,-4,0,0.0,1,0,44500,5,12,12,White,16.123,0,0
5752,1.0,0,0,0,0,0,0,2,2,2,3,1,-4,0,0.0,2,0,33500,5,-3,12,Hispanic,-0.004,-5,-5
5753,0.0,0,1,0,2,0,2,2,1,1,1,1,-4,1,0.0,2,0,38400,4,12,14,White,39.885,0,0
5754,0.0,0,0,0,0,0,4,2,2,1,1,1,-4,0,,1,0,7450,3,12,12,White,-0.004,0,0
5755,0.0,0,0,0,0,1,18,2,2,3,3,2,3,0,,1,0,26100,4,11,12,Black,3.766,-5,-5
5756,0.0,0,0,0,0,0,5,3,2,4,5,1,4,0,,1,0,-3,3,6,14,White,-0.004,0,0
5757,1.0,0,1,0,2,0,10,2,4,3,4,2,4,0,,2,-4,-4,3,12,12,White,51.239,0,-2
5758,1.0,0,0,0,0,0,0,2,3,3,2,1,2,0,0.0,1,0,169000,4,16,16,White,-0.004,0,0
5759,1.0,0,0,0,0,1,1,2,2,1,1,1,-4,1,0.0,1,0,169000,4,16,16,White,53.861,-5,-5
5760,0.0,0,1,1,2,2,6,4,1,4,2,3,-4,1,0.0,1,0,21540,4,14,11,Black,-0.004,0,0
5761,0.0,0,1,1,0,2,1,4,3,5,5,5,-4,1,0.0,2,0,21540,4,14,11,Black,-0.004,0,0
5762,1.0,1,0,0,0,1,0,2,3,2,1,2,-4,0,0.0,2,0,27500,2,12,12,Black,-0.004,0,0
5763,1.0,0,0,0,0,0,3,1,1,2,3,1,4,1,0.0,2,0,-3,7,12,12,Black,68.16,0,0
5764,1.0,0,0,0,0,0,0,2,2,1,1,1,-4,0,0.0,2,0,-3,7,12,12,Black,27.565,0,0
5765,1.0,0,0,0,0,0,2,1,1,3,3,1,4,0,0.0,1,0,-3,4,12,16,Black,30.252,0,0
5766,1.0,0,0,0,0,0,4,2,2,1,1,2,-4,0,0.0,1,0,-3,4,12,16,Black,16.655,0,0
5767,1.0,,0,0,0,0,2,1,2,2,1,1,3,0,,2,0,75000,3,12,18,Black,-0.004,-5,-5
5768,1.0,0,0,0,0,0,0,2,2,1,1,1,-4,0,0.0,2,0,-3,4,16,16,Black,51.488,0,0
5769,0.0,0,0,0,0,0,3,1,2,1,1,1,2,0,0.0,1,0,-3,5,14,14,Black,86.409,0,0
5770,0.0,0,0,0,0,0,15,1,1,-2,1,2,3,0,0.0,2,0,20750,5,12,8,Black,6.004,0,0
5771,0.0,0,0,0,0,0,15,3,3,4,5,2,3,0,0.0,1,0,26050,4,12,11,Black,68.353,0,0
5772,0.0,0,0,0,0,0,7,4,4,2,5,1,-4,0,0.0,2,0,26050,4,12,11,Black,45.439,0,0
5773,0.0,0,0,0,0,1,3,2,2,2,1,2,-4,0,0.0,2,-4,-4,5,11,9,Black,12.863,0,0
5774,0.0,0,0,0,0,1,3,3,1,2,1,1,-4,-3,0.0,1,0,10250,5,8,7,Black,-0.004,0,0
5775,0.0,0,1,0,0,0,5,2,4,5,3,2,2,0,,2,0,-3,5,12,14,White,-0.004,0,0
5776,1.0,0,0,0,0,1,14,2,2,4,5,3,-4,0,,1,0,-3,5,12,14,White,25.586,0,0
5777,1.0,0,1,0,0,0,6,1,3,1,1,1,-4,0,0.0,1,0,79000,4,15,16,White,58.798,0,0
5778,1.0,0,0,0,0,0,12,2,2,1,1,1,-4,0,0.0,2,-4,-4,3,13,-3,White,84.26,0,0
5779,1.0,0,1,1,0,0,1,2,2,2,3,1,-4,0,0.0,1,0,-3,7,14,14,White,-0.004,0,0
5780,0.0,0,0,0,2,0,5,2,2,1,1,1,-4,0,0.0,1,0,6450,2,12,9,Black,-0.004,0,0
5781,0.0,0,0,0,0,1,0,3,2,5,1,1,4,1,0.0,1,0,-3,4,12,11,Black,0.583,0,0
5782,0.0,0,0,0,0,1,2,2,2,2,3,2,-4,0,0.0,1,0,-3,4,12,11,Black,4.127,0,0
5783,1.0,0,0,0,0,0,11,2,2,3,2,1,1,1,1.0,2,0,-3,3,-4,13,White,57.991,0,0
5784,0.0,0,1,0,4,3,4,2,2,4,4,1,-4,1,0.0,1,0,-3,4,16,16,White,-0.004,0,0
5785,0.0,0,0,0,0,0,11,2,2,4,4,1,5,0,,2,0,-3,3,12,14,White,65.823,-5,-5
5786,1.0,0,0,0,0,1,6,1,1,2,4,1,2,0,0.0,1,0,-100,5,3,9,Black,23.453,0,0
5787,0.0,0,0,0,20,0,12,3,3,-2,-2,3,-2,0,0.0,2,0,51401,7,-4,6,Black,8.275,-2,-4
5788,1.0,0,0,0,3,0,0,2,2,2,3,3,3,0,0.0,2,0,51401,7,-3,-3,Black,4.633,0,1
5789,0.0,0,0,0,2,0,40,4,4,5,4,2,5,0,,1,0,-3,5,-3,-3,White,1.006,0,0
5790,1.0,0,0,0,10,0,10,2,2,5,4,2,3,1,1.0,1,0,-13950,4,14,16,White,75.42,0,0
5791,0.0,0,0,0,4,0,0,2,2,5,5,4,-4,0,0.0,1,0,1300,4,7,11,White,4.933,0,1
5792,0.0,0,0,0,0,0,5,2,3,3,1,2,-4,1,0.0,2,0,1300,4,7,11,White,1.005,0,1
5793,1.0,0,0,1,0,0,0,2,2,3,1,1,3,1,,1,0,23950,5,13,12,White,38.047,0,0
5794,1.0,0,0,0,2,0,5,1,3,2,1,2,-4,0,0.0,1,0,11050,6,12,17,White,38.04,0,0
5795,1.0,,0,0,0,0,0,2,2,4,4,1,3,0,,1,0,43250,4,12,16,White,-0.004,-5,-5
5796,1.0,0,0,0,0,0,0,2,2,2,1,1,1,0,0.0,2,0,43250,4,12,16,White,79.046,-5,-5
5797,1.0,0,0,0,0,0,16,3,2,5,5,1,5,1,1.0,2,-4,-4,3,-3,-3,White,22.305,0,0
5798,1.0,0,0,0,0,0,-2,2,2,3,3,1,2,1,0.0,1,0,-3,4,-4,10,White,94.121,0,-4
5799,1.0,0,0,0,0,0,20,2,2,-2,1,1,-2,0,1.0,2,0,62500,6,12,14,White,48.477,0,0
5800,0.0,0,0,0,10,0,11,2,2,3,2,1,-4,0,0.0,2,0,62500,6,12,14,White,27.605,0,0
5801,0.0,0,0,0,0,0,1,1,1,2,2,1,-4,0,0.0,2,0,62500,6,12,14,White,72.802,0,0
5802,1.0,0,0,0,0,0,25,2,1,2,2,1,2,1,0.0,1,0,13850,4,14,10,White,75.514,0,0
5803,0.0,0,0,0,0,0,15,2,3,5,5,1,-4,0,0.0,2,0,-3,5,14,13,White,-0.004,0,0
5804,0.0,0,0,0,1,1,3,1,3,4,2,5,-4,0,0.0,1,1,800,2,12,14,Black,1.433,0,0
5805,0.0,1,0,0,2,0,0,3,2,3,2,1,-4,1,0.0,1,0,-3,4,14,10,Black,-0.004,0,0
5806,0.0,0,0,0,1,0,1,2,2,2,1,1,-4,0,0.0,1,0,36500,3,12,14,Black,16.038,0,0
5807,0.0,0,0,0,0,0,0,2,3,3,1,1,4,0,0.0,2,0,5000,4,14,13,Black,3.377,0,0
5808,0.0,0,0,0,0,0,15,3,2,3,1,1,4,0,0.0,2,0,48000,5,11,12,Black,26.127,0,0
5809,0.0,0,0,0,0,0,15,2,2,3,1,1,4,0,0.0,1,0,48000,5,11,12,Black,15.245,0,0
5810,1.0,0,0,0,0,1,4,2,3,3,3,1,3,0,0.0,2,0,-3,4,12,13,Black,23.118,0,-2
5811,1.0,,0,0,0,0,20,1,1,5,3,1,1,1,0.0,2,0,18650,3,12,12,White,59.212,0,-2
5813,0.0,0,0,0,0,1,4,2,2,2,1,1,-4,0,,1,0,45000,3,11,12,White,-0.004,-5,-5
5814,0.0,0,0,0,0,0,10,2,2,1,1,1,1,0,0.0,2,0,3250,6,10,11,Black,10.937,0,0
5815,0.0,0,0,1,0,0,30,3,2,5,3,5,1,0,0.0,1,0,3250,6,10,11,Black,1.092,0,0
5816,0.0,0,0,0,0,0,3,2,3,2,1,1,-4,0,0.0,1,0,3150,4,12,13,Black,6.117,0,0
5817,0.0,0,0,0,0,1,2,1,1,1,1,3,-4,0,0.0,1,0,3150,4,12,13,Black,2.616,0,0
5818,1.0,0,0,0,0,0,1,2,2,3,2,1,4,0,0.0,2,0,6748,3,-3,12,Black,51.481,0,0
5819,0.0,0,0,0,1,0,8,4,2,4,2,4,-4,0,0.0,2,0,1750,4,12,11,Black,2.53,0,0
5820,0.0,0,0,0,0,2,9,3,3,1,1,1,-4,0,0.0,2,0,1750,4,12,11,Black,4.429,0,0
5821,0.0,,0,0,0,1,6,3,2,5,5,3,5,1,,1,1,1000,6,-3,11,Black,8.728,-5,-5
5822,0.0,0,0,0,0,1,4,1,4,5,2,2,2,0,0.0,2,1,1000,6,-3,11,Black,0.959,0,0
5823,0.0,0,0,0,0,1,2,2,1,1,1,1,-4,0,0.0,1,1,1000,6,-3,11,Black,9.5,0,0
5824,0.0,0,0,0,1,0,4,2,2,2,1,1,-4,0,,2,0,3750,7,-4,11,Black,-0.004,0,-4
5825,0.0,0,0,0,0,1,3,2,3,1,1,1,-4,0,,1,0,3750,7,-4,11,Black,-0.004,0,0
5826,1.0,0,0,0,0,0,4,2,2,1,1,1,-4,0,0.0,2,0,17500,5,-3,12,Black,0.48,0,0
5827,1.0,0,0,0,0,0,5,2,2,2,2,1,1,0,,2,0,3750,4,9,12,Black,21.684,0,0
5828,0.0,0,0,0,0,0,2,2,2,2,1,1,-4,0,0.0,1,0,3750,4,9,12,Black,18.159,0,0
5829,0.0,0,0,0,0,5,7,3,3,3,2,1,2,0,0.0,1,0,3750,4,10,9,Black,-0.004,-5,-5
5830,0.0,0,0,0,0,2,30,4,2,3,3,5,3,0,0.0,2,0,3750,3,-3,12,Black,10.948,0,0
5831,1.0,0,0,0,1,0,3,2,1,4,3,2,3,0,0.0,1,0,27500,5,11,10,Black,2.38,0,0
5832,1.0,0,0,0,1,0,15,2,2,4,3,1,2,-3,0.0,2,-4,-4,4,19,12,White,22.071,-5,-5
5833,0.0,0,0,0,0,1,6,2,2,2,2,1,3,0,,1,0,21000,3,-3,17,Black,0.169,0,-4
5834,1.0,0,0,0,0,0,0,2,2,1,1,1,-4,1,0.0,2,0,11000,2,12,14,Black,50.896,0,0
5835,0.0,0,1,-3,0,1,7,4,2,5,2,1,2,0,,1,0,3750,8,-3,11,Black,1.162,-5,-5
5836,1.0,0,0,0,0,0,3,2,1,2,1,1,1,0,1.0,2,0,118200,5,7,13,White,61.206,0,0
5837,0.0,0,0,0,0,0,6,2,1,1,1,1,-4,0,0.0,1,0,118200,5,7,13,White,20.212,0,0
5838,1.0,0,0,0,0,0,0,1,1,2,1,1,1,0,0.0,1,0,120000,4,18,18,White,65.092,0,0
5839,1.0,1,0,0,0,0,1,1,2,4,1,1,-4,0,0.0,2,0,120000,4,18,18,White,63.464,0,0
5840,1.0,0,0,0,1,0,2,2,2,5,4,5,5,0,0.0,2,0,103300,3,15,14,Black,29.126,0,-4
5841,0.0,0,0,1,0,0,1,2,2,3,2,2,4,0,0.0,1,0,-3,7,16,12,Black,0.627,0,0
5842,1.0,0,0,0,1,0,3,2,2,1,2,1,-4,0,0.0,1,0,-3,7,14,18,White,80.844,-5,-5
5843,0.0,0,0,0,0,0,5,1,1,1,1,1,-4,0,0.0,2,0,97500,4,16,16,Black,50.816,0,0
5844,1.0,0,0,0,0,0,4,2,2,3,3,2,-4,0,0.0,2,0,9500,4,12,12,Black,23.535,0,0
5845,0.0,0,0,0,20,0,5,2,2,1,1,2,-4,0,,2,0,8800,2,12,11,Black,7.615,0,-4
5846,0.0,0,0,0,0,0,0,2,2,1,1,1,1,0,0.0,2,0,8000,3,-4,-3,Black,12.204,0,0
5847,0.0,0,0,0,4,1,3,2,4,5,4,2,4,0,1.0,1,-4,-4,7,12,12,Black,0.387,0,0
5848,0.0,0,1,0,3,2,0,4,3,5,2,1,5,0,1.0,1,-4,-4,7,12,12,Black,-0.004,0,-4
5849,0.0,0,1,3,0,0,0,2,1,1,1,1,-4,0,0.0,1,-4,-4,7,12,12,Black,4.712,0,-4
5850,0.0,0,1,3,2,1,0,4,3,5,4,5,-4,0,0.0,1,-4,-4,7,12,12,Black,1.69,0,0
5851,0.0,0,0,0,0,0,2,3,3,5,4,1,1,0,0.0,2,0,10750,4,-3,11,Black,9.581,0,0
5852,0.0,1,1,1,0,0,4,3,2,2,1,1,4,0,0.0,1,0,2500,8,9,9,Black,5.941,0,0
5853,1.0,0,0,0,0,0,3,2,4,2,2,1,-4,1,0.0,2,0,5500,5,12,12,Black,30.22,0,0
5854,1.0,0,0,0,0,0,0,2,3,1,1,1,-4,0,0.0,2,0,5500,5,12,12,Black,61.758,0,0
5855,1.0,0,0,0,0,0,5,2,3,4,3,1,-4,1,0.0,2,0,5500,5,12,12,Black,29.922,0,0
5856,0.0,0,1,0,25,3,45,2,3,3,2,2,4,0,,2,0,12100,5,11,7,White,-0.004,0,0
5857,0.0,0,1,1,4,2,5,1,2,1,1,1,-4,0,,1,0,12100,5,11,7,White,-0.004,0,0
5858,1.0,0,0,0,0,0,6,2,3,2,2,1,-4,0,,2,0,67500,4,12,13,White,-0.004,-5,-5
5859,1.0,0,0,0,0,0,3,2,2,3,2,1,2,0,0.0,2,0,77000,4,13,12,White,61.063,0,0
5860,1.0,0,0,0,0,0,12,1,1,3,2,1,2,0,0.0,2,0,20100,3,9,11,White,91.935,0,0
5861,1.0,0,0,0,0,0,0,2,2,2,1,1,-4,1,0.0,1,0,69500,6,11,12,White,97.131,0,0
5862,0.0,,0,0,3,2,5,2,2,5,5,4,4,1,,1,1,18950,5,14,16,White,3.025,-5,-5
5863,1.0,0,0,0,0,0,0,2,2,2,3,3,-4,0,1.0,2,1,18950,5,14,16,White,80.267,0,0
5864,1.0,0,0,0,0,0,8,2,2,3,2,2,4,0,0.0,2,0,21000,3,9,12,Black,30.111,0,-4
5865,1.0,0,0,0,1,0,3,2,3,3,4,3,5,0,0.0,2,0,17500,5,12,-4,Black,40.477,0,0
5866,0.0,0,0,0,0,0,0,2,2,2,2,1,1,0,,1,0,7950,3,16,13,White,42.425,-5,-5
5867,0.0,0,0,0,0,0,2,2,2,1,1,1,-4,0,0.0,1,0,96500,3,13,15,White,57.064,0,0
5868,0.0,0,1,1,0,0,8,1,1,1,1,1,-4,1,1.0,1,0,53250,4,-4,9,White,74.92,0,0
5869,0.0,0,1,0,0,1,15,3,3,5,5,3,-4,0,0.0,1,0,-3,3,-4,12,White,8.571,0,0
5870,1.0,,0,0,0,0,4,2,2,4,2,1,2,0,,2,0,457700,3,12,12,White,29.777,-5,-5
5871,1.0,1,0,0,0,0,6,2,1,1,1,1,1,0,1.0,2,-4,-4,4,13,12,White,-0.004,0,0
5872,0.0,0,0,0,1,0,0,1,2,5,4,2,1,0,0.0,1,0,54150,6,12,9,White,-0.004,0,0
5873,0.0,,1,0,2,0,6,3,4,4,3,1,4,1,,2,0,294950,5,-4,-4,White,16.179,-5,-5
5874,0.0,0,0,0,2,0,5,2,3,4,2,1,-4,0,,1,0,294950,5,-4,-4,White,12.699,-5,-5
5875,0.0,0,1,0,5,0,20,4,1,4,4,1,4,1,0.0,2,1,4450,3,14,14,White,39.162,0,0
5876,1.0,0,0,0,0,0,2,2,2,1,1,1,1,0,0.0,1,0,129250,5,12,13,White,-0.004,0,0
5877,0.0,,0,0,0,0,2,2,2,4,3,1,-4,0,,2,0,51250,4,12,12,White,73.681,-5,-5
5878,1.0,0,0,0,0,0,3,2,2,3,-2,1,3,0,0.0,2,0,90000,5,14,17,White,43.253,0,0
5879,1.0,0,0,0,0,0,1,2,3,3,1,1,-4,0,0.0,2,0,90000,5,14,17,White,49.456,0,0
5880,1.0,0,0,0,0,0,1,2,2,1,1,1,-4,1,0.0,2,0,-3,4,14,14,White,78.834,0,0
5881,1.0,0,0,0,0,0,0,1,1,1,1,1,1,0,0.0,2,0,323001,4,14,12,White,41.692,0,0
5882,1.0,0,0,0,0,0,2,3,2,3,1,1,-4,0,0.0,1,0,291250,4,14,12,White,-0.004,0,0
5883,1.0,0,1,0,0,0,4,2,3,3,3,1,2,0,0.0,1,-4,-4,4,12,16,White,95.312,0,0
5884,1.0,0,0,0,0,0,11,2,2,4,4,2,3,1,0.0,2,0,55250,7,13,14,White,73.256,0,1
5885,1.0,0,0,0,0,0,8,2,2,4,4,1,4,0,0.0,2,0,55250,7,13,14,White,14.221,0,0
5886,0.0,0,0,0,3,0,17,4,2,4,3,1,-4,0,0.0,2,0,55250,7,13,14,White,69.038,0,0
5887,,,0,0,0,0,8,2,3,1,1,1,-4,0,,1,0,-3,4,13,14,White,-0.004,-5,-5
5888,0.0,0,0,0,0,0,2,2,3,5,4,1,4,1,1.0,2,0,-3,4,12,8,White,-0.004,0,0
5889,0.0,0,0,0,1,0,8,2,3,5,5,1,4,0,0.0,2,0,-3,3,12,12,Hispanic,-0.004,0,-4
5890,1.0,0,0,0,0,0,0,2,3,3,2,1,2,0,0.0,2,0,102500,5,16,13,Black,35.645,0,0
5891,0.0,0,0,0,0,0,0,2,2,3,5,2,4,0,0.0,2,-4,-4,5,-4,16,Black,46.971,0,-4
5892,0.0,0,0,0,1,0,10,2,3,1,1,2,-4,1,0.0,2,1,1400,6,9,10,White,50.175,0,-4
5893,0.0,0,0,5,0,0,7,2,2,1,1,1,-4,0,0.0,2,1,1400,6,9,10,White,18.223,0,-4
5894,0.0,0,0,0,0,0,0,2,2,2,1,1,1,0,0.0,1,0,17500,4,12,13,Hispanic,15.952,0,0
5895,1.0,0,0,0,0,0,3,2,3,1,1,1,-4,0,0.0,2,0,17500,4,12,13,Hispanic,81.311,0,0
5896,0.0,0,1,0,2,0,5,2,3,2,1,2,2,0,0.0,1,0,52200,4,11,13,White,14.553,0,0
5897,1.0,0,0,0,0,0,1,1,1,1,1,2,1,0,0.0,2,0,15500,5,12,12,Black,8.482,0,0
5898,1.0,0,0,0,0,0,2,3,2,1,1,1,-4,1,1.0,2,0,263501,3,15,16,White,73.087,0,0
5899,0.0,0,0,0,6,0,0,2,3,3,2,4,-4,1,0.0,1,0,40150,4,12,12,Black,19.904,0,0
5900,1.0,0,0,0,6,2,5,3,4,4,1,1,-4,1,0.0,2,0,40150,4,12,12,Black,37.963,0,0
5901,0.0,0,0,0,-2,-2,-2,2,2,2,1,2,3,1,0.0,2,0,500,4,-3,8,White,13.244,0,-4
5902,0.0,0,0,0,0,0,7,2,2,2,2,1,2,1,0.0,2,0,38750,5,-3,14,Black,17.24,0,0
5903,0.0,0,0,0,0,0,0,2,2,2,2,1,5,0,0.0,1,0,14550,4,11,13,Black,-0.004,0,0
5904,1.0,,0,0,1,0,4,2,1,2,1,1,-4,0,,2,0,14550,4,11,13,Black,-0.004,-5,-5
5905,0.0,0,1,0,0,0,0,2,2,4,3,1,4,1,,2,0,250,3,12,12,Black,4.224,0,0
5906,1.0,0,0,0,0,0,0,2,2,2,2,1,2,0,0.0,1,0,164500,5,16,16,White,60.467,0,0
5907,1.0,0,0,0,0,0,0,2,2,3,2,1,-4,0,0.0,1,0,164500,5,16,16,White,42.199,0,0
5908,1.0,0,0,0,4,0,6,2,2,4,4,1,-4,1,0.0,1,0,-3,4,12,14,White,64.22,0,0
5909,1.0,0,0,0,0,0,0,2,2,2,2,1,-4,1,0.0,2,0,-3,4,12,14,White,65.453,0,0
5910,0.0,0,0,0,0,0,2,2,3,3,3,1,2,0,,2,0,280000,4,16,14,White,-0.004,-5,-5
5911,1.0,0,0,0,0,0,4,2,3,2,1,1,-4,0,0.0,2,0,280000,4,16,14,White,-0.004,-5,-5
5912,1.0,0,0,0,0,1,0,2,1,3,1,1,1,0,0.0,2,0,-3,5,14,12,White,58.351,0,0
5913,1.0,0,0,0,0,0,1,1,3,5,2,3,5,1,0.0,1,0,55000,3,12,12,Black,-0.004,0,1
5914,0.0,0,0,0,0,0,3,2,2,1,1,1,2,0,0.0,2,0,9500,4,11,12,Black,3.283,0,0
5915,1.0,0,0,0,1,0,2,2,4,3,3,4,4,1,1.0,2,0,80750,4,12,12,Black,60.806,0,0
5916,1.0,0,0,0,0,0,5,2,2,3,1,3,-4,0,0.0,2,0,80750,4,12,12,Black,23.191,0,0
5917,1.0,0,0,0,0,0,1,2,2,4,2,1,2,0,0.0,2,0,-3,2,18,16,White,81.479,-5,-5
5918,0.0,0,0,1,0,0,5,3,3,3,1,1,3,0,0.0,1,0,6750,7,10,12,Black,-0.004,-5,-5
5919,0.0,0,0,0,0,0,2,2,2,1,2,1,-4,0,0.0,2,0,35600,5,12,-3,Black,1.264,0,0
5920,0.0,0,1,0,0,2,4,2,2,1,1,1,-4,0,1.0,1,0,35600,5,12,10,Black,2.596,0,1
5921,0.0,0,1,1,0,0,-2,3,2,5,4,5,5,0,0.0,1,0,3750,3,-3,18,White,-0.004,0,0
5922,1.0,1,0,0,0,0,1,2,2,3,2,1,3,0,0.0,1,0,-3,5,14,14,Black,40.193,0,0
5923,1.0,0,0,0,0,0,0,3,4,3,4,2,5,1,1.0,1,0,-3,5,-4,-3,Black,24.088,0,0
5924,1.0,1,0,0,0,0,2,1,1,3,3,2,4,-3,,1,0,13150,4,12,12,Black,46.503,0,0
5925,1.0,0,0,0,0,0,3,2,3,3,1,2,-4,-3,0.0,2,0,13150,4,12,12,Black,27.087,0,1
5926,0.0,0,0,0,0,0,4,2,4,3,2,3,4,0,1.0,1,-4,-4,4,12,12,Black,-0.004,-5,-5
5927,1.0,0,1,0,0,0,18,4,3,1,1,1,-4,0,0.0,1,0,-3,3,6,-3,Black,23.064,-2,-2
5928,1.0,0,0,0,0,0,1,2,2,4,1,1,5,0,0.0,2,0,67900,9,10,12,Black,34.232,0,0
5929,0.0,0,0,1,0,1,8,3,3,3,2,1,-4,0,0.0,2,0,67900,9,10,12,Black,14.629,0,0
5930,0.0,,0,0,0,0,3,2,3,4,1,1,4,0,,2,0,-7750,3,12,12,Black,43.074,-5,-5
5931,0.0,0,0,0,0,0,1,1,2,1,1,1,-4,1,0.0,1,0,6765,2,11,-3,Black,49.658,-2,-2
5932,0.0,0,0,0,0,0,5,1,1,4,3,1,4,1,1.0,1,0,2950,2,10,11,Black,-0.004,-5,-5
5933,0.0,0,0,0,0,0,2,2,2,5,5,4,5,0,0.0,2,0,23550,3,10,10,Black,33.761,-5,-5
5934,1.0,0,0,0,2,1,4,2,4,3,4,5,5,1,0.0,2,0,-3,3,8,12,Black,6.698,0,0
5935,0.0,0,0,0,0,0,5,2,3,3,1,1,-4,0,,1,0,4050,2,11,12,Black,24.829,0,0
5936,1.0,0,0,0,0,0,6,2,2,2,1,1,-4,1,0.0,1,1,-500,3,12,14,Black,12.917,0,1
5937,1.0,0,1,0,0,0,0,2,2,3,1,1,-4,0,0.0,2,0,1850,3,-3,12,Black,27.547,-5,-5
5938,1.0,0,0,0,0,0,4,2,1,2,1,1,3,0,,2,0,-8250,2,-4,9,Black,27.554,1,0
5939,1.0,0,0,0,4,1,6,2,2,3,2,4,-4,0,0.0,2,0,4750,4,-3,12,Black,29.6,0,1
5940,0.0,0,0,0,0,0,0,3,2,3,2,1,-4,0,0.0,1,0,3750,8,12,11,Black,-0.004,0,0
5941,1.0,1,0,0,1,0,1,1,1,3,2,2,4,1,1.0,1,0,25250,5,12,12,Black,96.148,0,0
5942,0.0,0,0,0,0,0,3,2,2,2,2,1,-4,0,0.0,2,0,25250,5,12,12,Black,31.964,0,0
5943,1.0,0,0,0,0,0,1,2,2,1,1,1,-4,0,0.0,2,0,53001,3,-3,12,Black,17.762,0,0
5944,1.0,0,0,0,0,0,0,2,1,1,1,3,-4,0,0.0,2,0,38250,4,12,12,Black,55.006,0,0
5945,0.0,0,0,0,0,0,5,2,2,3,2,1,-4,0,0.0,2,0,2900,5,14,14,Black,80.745,0,0
5946,1.0,0,0,0,0,0,1,1,2,2,2,1,-4,0,0.0,2,0,2900,5,14,14,Black,74.61,0,0
5947,1.0,0,0,3,0,1,6,2,1,2,1,3,-4,0,0.0,1,0,2900,5,14,14,Black,41.382,0,0
5948,1.0,0,0,0,2,1,4,2,2,1,1,1,-4,0,0.0,1,0,-30250,5,16,13,Black,18.055,0,0
5949,0.0,0,0,0,0,0,2,2,3,3,3,2,4,1,,2,0,40000,4,16,12,Black,47.492,-5,-5
5950,1.0,0,0,0,0,0,1,2,1,3,1,2,-4,0,0.0,1,0,42900,4,12,12,Black,62.671,0,0
5951,0.0,0,0,0,0,0,2,2,2,2,2,1,3,0,0.0,2,0,69701,3,11,14,Black,81.669,0,0
5952,1.0,0,0,0,0,0,2,1,1,4,4,2,4,1,1.0,1,0,7950,4,-3,11,Black,30.261,0,-4
5953,0.0,0,0,0,0,0,0,1,2,3,3,2,3,0,,1,0,14960,3,-3,11,Black,39.319,-2,1
5954,1.0,,0,0,0,0,1,1,1,3,3,2,4,0,,1,0,159000,4,13,12,Black,32.471,-5,-5
5955,1.0,0,0,0,0,0,9,2,2,4,4,4,4,1,0.0,2,0,22500,5,-3,16,Black,-0.004,0,1
5956,1.0,0,0,0,0,0,0,2,3,4,5,1,-4,0,0.0,1,0,22500,5,-3,16,Black,-0.004,0,1
5957,1.0,0,1,0,0,0,0,2,2,4,2,1,3,-3,0.0,2,0,63701,3,-4,12,Black,59.822,-2,-4
5958,1.0,0,0,0,0,0,1,2,2,3,2,1,4,0,0.0,2,0,34250,8,-4,-3,Black,57.852,0,-4
5959,0.0,0,1,1,1,0,0,2,3,1,1,5,-4,1,,1,0,5600,4,-3,14,Black,37.494,0,0
5960,1.0,0,0,0,0,0,12,3,2,5,4,2,4,1,0.0,2,0,2250,5,12,12,Black,24.204,0,0
5961,0.0,0,1,0,4,0,8,3,2,1,3,3,-4,1,0.0,1,0,2250,5,12,12,Black,23.181,0,0
5962,0.0,0,1,0,2,0,1,1,1,4,3,4,-4,1,0.0,1,0,-9250,4,12,-4,Black,24.414,-5,-5
5963,0.0,0,1,6,0,0,2,2,2,4,2,1,-4,0,0.0,1,0,242200,2,-3,10,Black,21.307,0,0
5964,0.0,1,0,0,0,0,2,2,2,4,1,2,-4,0,0.0,1,-4,-4,2,-3,13,Black,35.272,-5,-5
5965,0.0,0,0,0,0,0,1,2,1,2,1,4,-4,0,0.0,2,0,17000,3,12,13,Black,59.006,0,0
5966,1.0,0,0,0,0,0,0,2,3,4,3,1,3,0,,2,0,50000,3,-3,12,White,56.592,0,0
5967,0.0,0,0,0,0,0,4,2,1,3,1,2,2,0,,1,0,-3,4,12,12,White,-0.004,-5,-5
5968,1.0,0,0,0,0,0,0,2,3,1,1,1,-4,0,,2,0,23500,4,14,14,White,-0.004,-5,-5
5969,0.0,0,1,0,1,1,6,3,3,3,2,4,4,0,0.0,1,0,43500,3,12,16,White,16.297,0,0
5970,0.0,0,0,0,0,0,8,2,2,3,3,3,3,0,0.0,1,0,17800,4,11,12,White,8.715,-5,-5
5971,0.0,0,0,0,0,0,20,2,2,1,1,1,1,0,,2,0,43100,4,12,9,White,72.85,0,-2
5972,1.0,0,0,0,0,0,3,2,3,4,2,1,-4,0,0.0,2,0,40950,3,11,12,White,32.311,0,0
5973,0.0,0,0,0,0,0,2,2,2,1,1,1,-4,0,0.0,2,0,58550,5,13,14,White,45.596,-5,-5
5974,0.0,0,0,0,0,0,1,2,2,2,1,1,-4,0,0.0,2,0,58550,5,13,14,White,33.141,0,0
5975,1.0,0,0,0,0,0,3,1,2,2,1,1,-4,0,0.0,2,0,96900,4,14,12,White,-0.004,0,0
5976,1.0,0,0,0,0,0,1,2,1,1,1,1,-4,0,0.0,1,0,96900,4,14,12,White,-0.004,0,0
5977,0.0,0,0,0,0,0,2,4,4,1,2,1,1,0,,1,0,368301,5,14,12,White,11.367,-5,-5
5978,1.0,0,0,0,0,0,3,2,2,3,1,1,-4,0,0.0,2,0,368301,5,14,12,White,63.365,0,0
5979,0.0,0,0,0,5,0,9,4,3,4,4,1,5,1,,2,0,42000,4,12,12,White,26.044,-5,-5
5980,1.0,0,0,0,0,0,5,2,2,1,1,1,-4,0,0.0,2,0,184100,3,12,17,White,41.186,0,0
5981,0.0,0,0,0,10,0,13,3,4,3,3,2,3,0,0.0,2,-4,-4,5,-3,10,White,55.383,0,0
5982,1.0,0,0,0,0,0,5,2,3,2,1,1,-4,0,,1,0,22750,3,-4,12,Black,19.438,-5,-5
5983,1.0,0,1,0,15,0,3,2,4,3,1,1,-4,0,0.0,1,0,57750,4,12,12,Black,9.399,0,0
5984,0.0,0,0,1,1,4,7,1,1,3,1,2,-4,1,1.0,1,0,4900,4,-3,13,Black,11.402,0,0
5985,0.0,0,0,0,0,0,0,2,2,1,1,1,-4,0,0.0,2,0,4600,5,13,12,Black,14.622,0,0
5986,1.0,0,0,0,0,0,0,2,2,3,2,2,3,0,0.0,1,0,-3,7,8,12,Black,24.651,0,0
5987,0.0,0,0,0,0,0,5,2,3,3,4,3,-4,1,0.0,2,0,-3,6,-3,12,Black,41.673,0,0
5988,1.0,0,0,0,0,0,0,2,2,4,5,2,4,0,1.0,2,0,54001,4,12,11,Black,72.227,0,0
5989,0.0,0,0,0,0,0,2,2,2,1,1,2,-4,0,0.0,1,0,154820,5,10,12,White,44.597,0,1
5990,1.0,0,0,1,20,5,0,4,4,4,3,3,-4,1,0.0,1,0,2550,3,-3,12,Black,33.589,0,-2
5991,0.0,0,1,1,0,0,4,2,2,5,4,5,5,0,0.0,2,0,-3,6,12,12,Black,14.305,0,0
5992,0.0,0,0,0,0,0,2,1,2,4,4,5,-4,0,0.0,2,-4,-4,5,12,12,Black,10.521,0,0
5993,0.0,0,0,0,0,0,0,2,2,3,3,2,3,0,0.0,2,0,83850,6,-4,11,Black,14.225,0,0
5994,0.0,0,0,0,0,0,15,2,2,4,2,1,-4,1,0.0,2,0,83850,6,-4,11,Black,18.651,0,0
5995,0.0,0,0,1,2,1,0,3,3,1,1,1,-4,0,0.0,1,0,83850,6,-4,11,Black,12.143,0,0
5996,0.0,0,0,0,0,0,0,3,3,3,4,1,3,0,0.0,2,0,43750,4,-3,-3,Black,14.721,0,0
5997,0.0,0,0,1,0,0,0,2,3,5,4,3,4,0,0.0,1,0,18000,5,16,12,Black,2.699,0,0
5998,0.0,0,0,1,0,0,0,2,2,5,4,1,3,0,0.0,1,0,18000,5,12,12,Black,26.995,0,0
5999,1.0,0,0,0,0,0,3,2,1,1,1,2,-4,0,,1,-4,-4,3,15,12,Black,15.03,0,0
6000,0.0,0,1,0,0,0,2,1,4,3,5,2,2,0,,1,0,4750,4,13,12,White,77.568,0,0
6001,0.0,0,1,0,0,0,2,2,2,2,1,1,-4,0,0.0,1,0,56000,4,12,12,White,51.472,0,0
6002,1.0,1,0,0,0,0,2,2,2,3,2,1,-4,0,0.0,1,0,-3,6,20,18,White,79.098,0,0
6003,1.0,0,0,0,4,0,3,2,2,2,2,1,-4,0,0.0,1,0,-3,6,20,18,Hispanic,79.187,0,0
6004,0.0,0,0,0,1,0,7,2,1,2,1,1,-4,0,1.0,1,1,-2244,3,11,12,White,56.481,0,1
6005,1.0,0,0,0,0,0,1,1,1,4,4,1,2,0,0.0,2,0,19500,2,14,14,White,66.139,0,0
6006,1.0,0,0,0,0,0,15,2,2,4,3,3,3,0,0.0,2,0,-3,2,16,14,White,56.89,0,0
6007,0.0,0,0,0,0,0,7,2,3,5,3,3,-4,0,0.0,2,-4,-4,4,-3,11,Black,15.379,0,0
6008,0.0,0,1,0,0,2,4,2,2,5,1,1,5,0,0.0,2,0,7100,3,11,7,Black,1.87,0,0
6009,0.0,0,1,0,0,0,2,2,2,1,-2,1,-4,0,0.0,1,0,4050,5,-3,11,Black,3.951,0,0
6010,0.0,0,0,0,0,0,35,3,3,3,3,2,5,0,0.0,2,0,18891,4,10,9,Black,9.566,0,0
6011,0.0,0,0,0,0,0,0,3,3,2,2,5,-2,0,0.0,1,1,-9895,4,12,12,Black,0.0,0,0
6012,0.0,0,0,0,0,0,3,3,3,2,1,-2,5,0,0.0,2,0,-3,7,10,12,Black,4.179,0,0
6013,0.0,0,0,0,0,0,2,1,2,2,1,5,-4,0,0.0,2,0,-3,3,-4,-3,Black,-0.004,0,0
6014,1.0,0,0,0,0,1,10,2,3,1,1,1,-4,0,0.0,2,0,59250,6,10,16,Black,36.973,0,0
6015,0.0,0,1,4,1,4,5,3,3,3,1,1,-4,0,0.0,1,0,-3,3,4,9,Black,2.19,0,0
6016,0.0,0,1,0,-4,-4,-4,3,4,5,5,2,5,1,0.0,2,0,1750,3,-3,11,Black,19.275,0,-4
6017,0.0,0,0,1,0,0,15,3,3,5,2,2,3,1,0.0,1,1,2270,3,12,8,Black,2.411,0,0
6018,1.0,0,0,0,0,0,2,1,2,4,4,1,3,0,0.0,1,0,29150,5,12,12,Black,17.732,0,0
6019,1.0,0,0,0,3,0,0,2,3,1,1,1,-4,0,,2,0,29150,5,12,12,Black,52.141,-5,-5
6020,0.0,0,0,0,0,0,30,1,1,5,4,1,3,0,,1,-4,-4,3,-4,-3,White,10.965,0,0
6021,0.0,0,0,0,2,0,2,2,2,3,1,1,1,1,0.0,1,0,48500,3,13,16,White,81.85,-5,-5
6022,0.0,0,1,0,0,0,3,2,2,2,1,1,1,0,0.0,1,0,37100,3,12,12,White,31.584,0,0
6023,1.0,0,0,0,0,0,3,2,1,1,1,1,-4,1,0.0,1,0,153250,2,15,17,White,98.003,0,0
6025,0.0,0,0,0,0,0,38,2,1,1,1,1,1,0,,1,0,31,2,-3,7,White,11.205,0,-4
6026,0.0,0,1,2,0,1,0,1,2,1,1,1,-4,0,,1,0,1750,3,13,12,Black,9.087,-5,-5
6027,1.0,0,0,0,0,0,2,2,2,2,3,1,2,0,0.0,2,0,600000,4,20,18,White,92.219,0,0
6028,0.0,0,0,2,0,1,1,2,2,4,3,1,-4,0,,2,0,11500,2,10,12,White,-0.004,0,0
6029,1.0,0,0,3,0,0,3,2,2,2,2,1,2,0,,2,0,32000,3,12,14,White,55.186,0,0
6030,1.0,0,0,0,0,0,1,2,3,1,1,1,-4,0,0.0,2,0,102950,4,18,16,White,69.921,0,0
6031,0.0,0,1,5,0,0,2,2,1,3,3,1,2,0,,1,-4,-4,2,9,-3,White,-0.004,0,0
6032,0.0,0,0,0,2,0,0,2,2,5,1,1,-4,0,0.0,2,0,20850,4,12,12,White,18.636,0,0
6033,0.0,0,0,0,0,0,1,1,2,2,3,1,-4,0,,2,-4,-4,5,9,5,White,-0.004,0,0
6034,0.0,0,0,0,1,0,3,2,2,3,1,2,-4,0,0.0,2,0,-3,3,9,7,White,22.459,0,0
6035,0.0,1,1,0,0,0,3,3,3,2,1,1,-4,0,1.0,2,0,-2250,6,12,14,White,32.865,0,0
6036,0.0,0,0,0,0,0,0,3,3,4,1,1,4,1,0.0,2,0,27600,3,12,12,White,24.482,0,0
6037,0.0,0,0,0,0,0,2,2,1,1,1,1,-4,0,0.0,1,0,605,3,12,12,White,45.939,0,0
6038,0.0,0,0,0,0,0,2,2,2,3,2,2,-4,0,0.0,1,0,4156,5,9,8,Black,77.779,0,0
6039,0.0,0,0,0,0,0,0,1,3,4,2,5,-4,0,,2,0,1300,5,-4,-3,White,-0.004,0,0
6040,0.0,,0,0,0,0,3,2,2,1,1,1,-4,0,,1,0,23500,5,10,10,White,5.371,-5,-5
6041,0.0,1,0,0,0,0,12,1,1,1,1,1,-4,0,0.0,1,0,23500,5,10,10,White,0.437,-5,-5
6042,1.0,0,1,2,0,0,5,2,1,3,1,1,-4,0,1.0,1,0,71825,4,10,12,White,68.913,0,0
6043,1.0,0,0,0,0,0,1,2,2,4,4,1,4,0,,2,0,54500,3,12,11,White,53.138,0,0
6044,0.0,0,0,0,0,0,6,2,2,1,1,1,-4,0,0.0,2,0,16250,4,11,11,White,34.688,0,0
6045,,,0,0,0,0,1,3,2,2,2,1,2,0,,1,0,337500,4,15,12,White,-0.004,-5,-5
6046,0.0,,0,0,0,0,1,1,2,3,1,1,-2,0,,1,0,1250,3,-4,-4,White,7.393,-5,-5
6047,1.0,0,0,0,2,0,3,2,3,5,4,2,4,0,1.0,2,0,13650,5,11,12,White,90.114,0,0
6048,1.0,0,0,0,0,0,0,1,2,1,1,1,-4,0,0.0,2,0,13650,5,11,12,White,58.315,0,0
6049,1.0,0,0,0,0,0,0,1,1,2,1,1,2,0,0.0,1,0,322500,3,12,12,White,65.691,0,0
6050,1.0,0,0,0,0,0,0,1,1,2,2,1,2,0,0.0,1,0,230500,3,10,13,White,-0.004,0,0
6051,0.0,0,0,0,0,0,0,1,2,3,2,1,2,0,1.0,2,0,1500,3,8,12,White,13.722,0,0
6052,0.0,0,1,0,0,0,3,2,2,2,2,1,3,0,0.0,1,0,203800,2,13,13,White,-0.004,-5,-5
6053,1.0,0,1,0,0,0,1,2,2,5,4,2,3,1,,2,0,194501,3,-4,-4,White,-0.004,0,-4
6054,1.0,0,0,7,1,0,0,2,4,3,2,1,4,1,0.0,1,0,6335,4,13,16,White,28.994,0,0
6055,0.0,0,0,0,0,0,7,1,1,3,1,1,-4,0,0.0,2,1,73500,5,-3,11,White,53.938,-5,-5
6056,0.0,0,0,0,0,0,2,2,2,1,1,1,-4,0,0.0,2,0,45200,4,12,14,White,77.0,0,0
6057,0.0,0,0,0,0,0,4,1,1,1,1,1,-4,0,0.0,2,0,35500,3,11,11,White,44.557,-5,-5
6058,0.0,0,0,0,4,2,1,2,1,3,2,1,3,0,0.0,2,0,1450,4,12,12,White,-0.004,0,-4
6059,1.0,0,0,0,0,0,2,2,2,3,2,1,2,0,0.0,1,0,10550,3,9,12,Black,19.507,0,0
6060,0.0,0,1,1,2,0,8,2,4,2,2,1,1,1,,1,1,3250,2,11,7,Hispanic,26.821,0,-2
6061,0.0,0,0,0,0,0,3,3,2,3,1,1,-4,0,,1,0,61750,5,-3,6,Hispanic,12.315,0,-1
6062,0.0,0,1,0,1,0,6,1,2,1,1,2,-4,1,0.0,1,0,61750,5,-3,6,Hispanic,17.372,0,0
6063,0.0,0,0,0,0,0,2,2,1,1,1,1,2,0,0.0,2,0,1750,4,12,9,Black,9.315,0,1
6064,0.0,0,0,0,0,0,4,2,2,1,1,1,-4,0,0.0,1,-4,-4,3,2,6,Hispanic,7.74,0,0
6065,1.0,0,0,0,0,0,16,1,2,2,4,1,3,0,0.0,2,0,111700,3,14,10,White,93.197,0,0
6066,1.0,0,1,1,0,1,7,3,2,2,1,2,-4,0,0.0,1,0,399001,3,12,19,White,-0.004,0,1
6067,1.0,0,1,0,0,0,0,3,3,5,1,1,1,0,0.0,2,-4,-4,5,5,5,Asian,63.978,0,0
6068,0.0,0,1,0,0,0,1,2,2,2,4,1,-4,0,0.0,1,-4,-4,5,5,5,Asian,38.427,0,0
6069,1.0,0,0,0,3,1,11,2,2,2,1,1,-4,0,0.0,1,-4,-4,5,5,5,Asian,34.123,0,0
6070,0.0,0,0,0,0,0,5,2,2,1,1,1,1,0,0.0,1,0,2000,7,6,2,Hispanic,16.647,0,0
6071,0.0,0,0,0,0,0,6,2,2,1,1,1,-4,0,0.0,2,0,2000,7,6,2,Hispanic,11.921,0,0
6072,0.0,0,1,1,99,3,5,2,3,4,5,1,4,0,,1,1,-15290,3,8,11,White,-0.004,0,1
6073,0.0,0,0,0,1,0,0,3,2,4,4,1,-4,1,1.0,1,1,215500,3,12,12,White,79.434,0,0
6074,1.0,0,0,0,0,0,2,1,1,2,1,1,1,0,0.0,1,0,224500,4,14,12,White,71.748,-5,-5
6075,1.0,0,0,0,0,0,4,2,2,1,1,1,-4,0,0.0,1,0,49250,5,14,12,White,53.412,-5,-5
6076,1.0,0,0,0,0,0,2,2,-2,3,3,1,3,0,0.0,2,0,375150,4,16,16,White,94.46,0,0
6077,0.0,0,0,0,0,2,8,4,3,4,4,2,5,0,,2,0,101500,5,9,14,White,-0.004,0,0
6078,1.0,0,0,0,0,0,4,2,2,2,2,1,3,0,0.0,1,0,4300,4,12,12,Hispanic,79.953,0,0
6079,1.0,0,0,0,0,0,5,2,1,3,3,1,3,0,0.0,2,0,37750,5,12,12,Hispanic,90.048,0,0
6080,1.0,,0,0,0,0,0,1,2,1,1,1,-4,0,0.0,2,0,37750,5,12,12,Hispanic,82.791,0,0
6081,1.0,0,0,0,0,0,0,1,2,3,2,1,3,1,1.0,2,1,10500,7,-4,-3,Black,49.239,-5,-5
6082,0.0,0,0,3,1,0,0,1,1,1,1,1,-4,1,0.0,1,1,10500,7,11,-3,Black,57.753,1,0
6083,0.0,0,0,0,0,0,2,3,1,1,2,1,-4,0,0.0,1,1,10500,7,11,-3,Black,4.936,0,0
6084,0.0,0,0,0,1,0,13,3,4,1,2,1,-4,0,,1,0,600,5,3,9,Hispanic,-0.004,0,0
6085,1.0,0,0,0,0,1,0,2,3,4,4,1,4,0,0.0,1,1,12560,6,13,12,Other,36.104,0,0
6086,0.0,0,1,1,0,1,5,3,3,3,5,2,-4,0,0.0,2,0,12560,6,-3,8,Other,3.5,0,1
6087,0.0,0,0,0,0,1,3,2,2,1,-2,1,-4,0,0.0,2,1,12560,6,12,12,Other,70.334,0,0
6088,1.0,0,0,0,0,0,2,1,2,1,1,1,-4,0,0.0,1,0,12560,6,12,12,Other,79.26,0,0
6089,0.0,0,0,0,0,1,2,2,2,1,1,1,-4,0,0.0,1,-4,-4,4,9,12,White,21.466,0,0
6090,1.0,0,0,0,0,0,5,2,2,3,3,1,1,1,0.0,2,0,18700,6,15,12,Hispanic,39.684,0,0
6091,1.0,0,0,0,0,1,4,2,1,4,4,2,3,1,0.0,1,0,18700,6,15,12,Hispanic,13.866,-5,-5
6092,1.0,0,0,0,0,1,3,1,1,3,2,1,-4,1,0.0,2,0,18700,6,15,12,Hispanic,36.271,0,0
6093,1.0,0,0,0,1,0,0,3,3,4,2,1,4,1,0.0,2,1,192250,4,15,15,White,87.411,0,0
6094,0.0,0,0,0,0,0,1,1,2,1,1,1,2,1,1.0,1,0,17800,5,12,10,White,-0.004,0,0
6095,0.0,0,0,0,0,3,4,2,4,3,2,2,-4,0,,2,0,17800,5,12,10,White,6.269,-5,-5
6096,0.0,0,0,0,6,2,1,2,4,2,1,1,-4,1,1.0,1,0,17800,5,-3,10,White,0.0,0,-2
6097,0.0,0,0,0,0,0,1,2,2,1,1,1,1,0,0.0,1,0,48250,2,-4,13,White,37.832,0,0
6098,0.0,0,0,0,0,0,8,3,3,3,4,2,3,0,,1,0,17750,5,12,11,White,33.41,0,0
6099,1.0,0,0,0,1,0,0,1,1,2,1,1,-4,0,0.0,2,0,-31600,5,12,11,White,-0.004,0,0
6100,0.0,0,1,0,3,1,0,2,2,2,1,1,-4,0,,1,0,-4750,5,11,10,White,-0.004,0,0
6101,1.0,0,0,0,1,0,2,2,2,3,2,2,3,0,,1,0,49000,5,9,9,White,-0.004,0,0
6102,0.0,,0,0,1,0,0,1,1,2,2,1,-4,0,,2,0,49000,5,9,9,White,-0.004,-5,-5
6103,1.0,0,0,0,0,0,0,2,2,1,1,2,2,0,0.0,1,0,-3,3,14,13,White,-0.004,0,0
6104,0.0,0,0,0,0,0,4,1,1,2,1,1,2,0,,1,-4,-4,6,-4,6,Hispanic,-0.004,-5,-5
6105,1.0,0,0,0,0,0,3,2,2,5,4,3,5,1,1.0,2,0,132406,4,12,15,White,19.603,0,0
6106,0.0,0,0,0,0,0,0,2,3,1,1,1,-4,1,,1,0,132406,4,12,15,White,15.702,0,0
6107,0.0,0,0,0,0,0,0,1,1,1,1,1,-4,0,,2,0,127000,5,13,12,White,89.23,-5,-5
6108,1.0,0,0,0,0,0,8,1,2,1,1,1,-4,0,0.0,1,0,186300,5,15,16,White,91.624,0,0
6109,1.0,0,0,0,0,0,3,2,2,4,4,2,3,0,0.0,2,0,229000,5,-3,15,White,58.848,0,0
6110,1.0,0,0,0,0,0,2,1,1,1,1,1,-4,1,0.0,2,0,229000,5,14,15,White,30.063,0,0
6111,1.0,0,0,0,0,0,1,2,2,2,1,1,2,0,0.0,1,-4,-4,4,12,14,White,52.076,0,0
6112,1.0,0,0,0,0,0,18,3,1,4,3,1,3,1,1.0,2,0,304500,5,13,14,White,52.29,-5,-5
6113,0.0,0,1,0,1,0,48,3,2,2,1,1,-4,0,0.0,1,0,304500,5,13,14,White,37.702,0,0
6114,1.0,0,0,0,0,0,3,2,2,1,1,1,-2,0,0.0,2,0,84750,4,12,10,Black,54.845,0,0
6115,0.0,0,0,0,0,0,4,3,3,5,2,1,1,0,,2,0,-3,4,10,12,White,-0.004,0,0
6116,0.0,0,0,1,1,0,3,1,1,2,1,2,-4,1,0.0,1,0,-1500,2,12,9,Black,32.336,0,1
6117,1.0,0,0,0,0,2,0,2,3,3,3,2,5,1,1.0,2,0,19714,3,12,14,Black,6.762,0,1
6118,1.0,0,0,0,0,1,0,2,2,4,4,2,2,0,,1,1,1750,3,12,12,Black,15.668,0,0
6119,0.0,0,0,0,0,0,2,3,4,4,5,3,5,0,0.0,1,0,-3,3,12,12,Black,2.97,0,0
6120,1.0,0,0,2,0,1,2,2,1,2,1,1,3,0,0.0,1,-4,-4,3,-3,10,Black,32.772,-5,-5
6121,1.0,0,0,0,0,0,0,2,2,3,3,2,2,0,0.0,1,0,25850,5,14,12,White,37.416,0,0
6122,1.0,0,0,0,0,0,1,1,1,1,1,1,-4,0,0.0,2,0,25850,5,14,12,White,59.77,0,0
6123,0.0,0,0,0,2,0,0,1,1,1,1,1,-4,0,0.0,1,0,25850,5,14,12,White,13.853,-5,-5
6124,0.0,0,0,0,0,0,2,1,1,-2,5,-2,-4,0,0.0,2,0,-3,6,12,11,Black,8.849,0,0
6125,1.0,0,1,0,0,0,0,2,2,3,4,2,-4,0,0.0,1,0,-3,6,12,11,Black,0.508,0,0
6126,0.0,0,0,2,0,1,6,1,1,2,1,1,-4,0,,2,0,250,5,12,9,White,56.687,0,0
6127,1.0,0,0,0,1,0,3,2,4,2,1,1,-4,1,1.0,2,1,250,5,12,12,White,55.777,0,0
6128,1.0,0,0,0,0,0,2,2,4,3,2,1,4,0,0.0,2,0,257500,4,12,14,White,71.103,0,0
6129,0.0,0,0,0,15,4,10,2,2,2,1,1,-4,1,1.0,1,0,10500,2,12,14,White,-0.004,0,0
6130,0.0,0,0,1,0,0,1,2,2,4,1,1,3,0,,1,-4,-4,2,8,9,White,-0.004,0,1
6131,0.0,0,0,0,0,0,3,1,2,-2,-2,-2,-4,0,,1,0,-3,3,16,16,Hispanic,-0.004,0,0
6132,0.0,0,0,0,3,0,0,2,4,3,1,1,-4,1,0.0,2,0,102500,4,16,14,White,36.787,0,0
6133,0.0,0,0,0,0,0,0,1,1,1,1,1,-4,0,0.0,1,0,-59000,5,14,13,White,64.904,0,0
6134,1.0,0,1,0,-2,1,0,2,2,2,1,1,-4,0,0.0,1,0,39750,2,15,12,White,96.906,0,0
6135,1.0,0,0,0,0,0,4,1,1,1,1,1,-4,0,0.0,2,0,37550,5,15,12,White,69.291,0,0
6136,,,0,0,-1,-2,-2,-1,-1,-1,-1,-1,-1,0,,2,-4,-4,3,12,12,White,-0.004,-5,-5
6137,1.0,0,0,0,0,0,4,2,2,2,1,3,-4,0,0.0,2,0,16400,3,6,10,Hispanic,38.475,0,0
6138,0.0,0,0,0,0,0,5,3,3,5,4,1,-4,0,0.0,2,0,18000,5,12,9,White,16.587,0,0
6139,1.0,0,0,0,1,0,5,2,2,4,4,1,5,0,0.0,2,0,25750,4,-4,8,White,89.982,0,-4
6140,0.0,0,0,0,0,0,-2,2,1,2,2,1,-4,1,0.0,2,1,25750,4,-4,-4,White,20.633,0,-4
6141,1.0,0,0,0,0,0,5,3,3,3,2,1,3,0,0.0,2,0,102000,5,15,13,Black,13.673,0,0
6142,1.0,0,0,0,0,0,7,4,4,5,3,1,-4,0,0.0,2,0,102000,5,15,13,Black,52.907,0,0
6143,0.0,0,1,0,1,2,11,2,3,3,2,2,3,1,0.0,1,1,21107,4,-3,-3,Black,14.812,0,0
6144,0.0,0,1,0,0,1,3,3,3,3,2,1,4,0,0.0,2,1,21107,4,-3,-3,Black,3.522,0,0
6145,0.0,0,1,0,0,0,23,2,3,4,3,3,3,0,0.0,1,0,1550,6,12,8,White,-0.004,0,0
6146,0.0,0,0,0,0,0,7,4,4,4,5,1,5,0,0.0,2,0,24950,7,12,10,White,-0.004,0,0
6147,0.0,0,0,1,15,0,0,2,4,4,3,1,5,1,,2,-4,-4,6,10,11,Black,17.588,-5,-5
6148,0.0,0,0,0,0,0,5,2,1,1,1,1,-4,1,0.0,2,0,43900,7,8,6,Hispanic,-0.004,0,0
6149,0.0,0,0,3,0,0,1,3,2,1,1,1,-4,1,0.0,1,0,80500,3,-3,12,Black,34.326,0,0
6150,1.0,0,0,0,0,0,3,2,2,2,2,1,2,0,0.0,2,0,5520,6,18,18,White,57.334,0,0
6151,0.0,0,0,0,0,0,3,2,2,2,1,2,-4,0,0.0,1,0,5520,6,18,18,White,89.236,0,0
6152,1.0,0,1,0,0,0,0,2,3,1,1,1,-4,0,0.0,2,0,7750,4,12,12,White,48.221,0,0
6153,1.0,0,0,1,0,0,2,1,2,3,2,1,-4,0,0.0,1,0,172000,3,14,12,White,40.468,-5,-5
6154,0.0,0,1,0,2,2,10,4,4,3,4,2,-4,0,1.0,1,0,28350,2,-3,-4,White,-0.004,-5,-5
6155,1.0,0,0,0,0,0,0,2,2,1,1,1,-4,0,0.0,2,0,433000,5,12,13,Other,97.717,-5,-5
6156,1.0,0,0,0,0,0,0,2,2,1,1,1,-4,0,0.0,2,0,433000,5,12,13,Other,89.502,0,0
6157,1.0,0,0,0,1,0,2,1,1,2,3,1,2,1,0.0,2,0,72750,3,12,13,White,60.408,0,0
6158,1.0,0,1,1,0,0,1,2,2,3,2,1,-4,0,0.0,1,0,527500,3,19,16,White,65.564,0,0
6159,1.0,0,0,0,0,0,2,2,3,3,3,1,3,0,0.0,2,0,39500,5,16,16,White,75.089,0,0
6160,0.0,0,0,0,0,0,1,2,2,3,2,1,3,0,0.0,2,1,-3,3,-4,-4,Black,28.063,0,-4
6161,0.0,0,1,0,0,0,2,2,3,4,3,1,-4,1,0.0,2,-4,-4,4,-4,-4,Black,-0.004,1,1
6162,0.0,0,0,0,0,0,1,4,3,2,5,1,-4,0,,2,-4,-4,4,-4,-4,Black,26.014,-5,-5
6163,0.0,0,0,3,0,2,7,1,1,3,1,2,-4,0,0.0,1,-4,-4,4,-4,-4,Black,9.466,1,-2
6164,1.0,0,0,1,0,0,14,2,2,3,1,1,-4,0,0.0,2,0,3350,3,-4,-3,Black,41.453,0,0
6165,1.0,0,0,4,0,0,2,2,2,1,1,1,2,0,0.0,1,0,17300,4,12,12,Black,13.986,0,0
6166,0.0,0,1,0,1,1,8,3,3,3,4,2,5,0,0.0,2,0,17300,4,12,12,Black,13.225,0,1
6167,0.0,1,1,7,1,6,0,4,3,2,2,1,-4,0,0.0,2,0,17300,4,12,12,White,11.393,0,0
6168,0.0,0,0,3,3,0,8,2,3,4,4,3,5,1,1.0,2,0,-3800,9,-4,-3,White,12.016,0,0
6169,0.0,1,1,3,0,15,40,4,3,4,4,4,4,1,0.0,2,0,-3800,9,-4,-3,White,74.61,-5,-5
6170,0.0,0,0,0,0,0,8,2,3,3,4,1,2,0,1.0,2,0,-3800,9,-4,-3,White,39.53,-5,-5
6171,1.0,0,0,0,15,0,8,2,3,1,1,1,-4,0,0.0,2,0,-3800,9,-4,-3,White,5.597,1,-2
6172,0.0,,0,0,0,0,4,2,2,5,3,1,3,0,,1,1,3750,3,-4,11,Black,-0.004,-5,-5
6173,0.0,0,0,0,0,0,12,2,2,2,1,1,-4,0,0.0,2,0,121500,4,12,13,White,65.446,-5,-5
6174,0.0,0,1,1,0,0,3,2,2,1,1,1,-4,0,0.0,1,0,-4400,5,10,12,White,58.721,0,0
6175,1.0,0,0,0,0,0,2,1,1,1,1,1,-4,0,0.0,2,0,40100,4,13,12,White,90.844,0,0
6176,0.0,0,0,0,7,2,10,2,2,2,3,1,3,0,1.0,1,1,-18400,2,6,12,White,-0.004,-5,-5
6177,0.0,0,1,0,0,0,0,2,1,1,1,1,-4,0,,2,0,-4500,3,11,10,White,12.505,0,-2
6178,1.0,0,1,0,0,0,3,2,3,4,3,3,4,0,,2,0,343150,3,12,15,White,38.696,0,0
6179,0.0,0,0,0,1,0,0,2,3,1,1,1,-4,0,0.0,2,0,43900,3,11,-3,White,65.828,0,-2
6180,0.0,0,0,0,0,1,3,1,4,1,1,1,3,0,0.0,2,0,36100,2,11,12,Black,43.517,0,1
6181,1.0,0,0,0,0,0,5,2,3,2,1,-2,-2,0,0.0,1,0,48900,5,13,14,White,92.771,0,0
6182,0.0,0,0,0,-4,-4,-4,4,3,1,1,1,1,1,0.0,1,0,-3,3,12,12,White,16.941,0,0
6183,0.0,0,0,0,0,0,0,1,2,2,1,1,2,0,,2,0,192750,4,12,12,White,86.683,0,0
6184,1.0,0,0,0,0,0,8,2,2,3,3,2,-2,0,0.0,1,1,49650,4,8,12,White,26.197,-5,-5
6185,0.0,0,0,0,5,0,3,3,3,3,-2,3,-4,0,0.0,1,-4,-4,4,8,12,White,37.704,-5,-5
6186,0.0,0,0,0,0,0,6,1,1,1,1,1,-4,0,1.0,2,0,-3,3,13,12,White,90.937,0,0
6187,0.0,0,0,0,0,0,11,2,2,3,2,2,2,0,0.0,1,0,70750,4,12,12,White,59.149,0,0
6188,0.0,0,0,0,0,0,35,3,4,3,3,2,3,0,0.0,2,0,-3,7,-3,-3,White,76.978,0,0
6189,0.0,0,0,2,1,0,12,2,1,5,4,1,-4,0,0.0,2,0,-8550,6,-4,12,White,47.942,-5,-5
6190,1.0,0,0,0,0,0,0,2,2,4,3,1,2,0,0.0,2,0,600000,5,16,16,White,67.652,0,0
6191,0.0,0,0,0,30,2,3,2,4,4,2,1,2,1,1.0,1,0,-3,4,12,12,White,88.865,0,0
6192,0.0,0,1,0,70,1,3,2,3,2,2,1,1,1,1.0,1,0,-3,4,12,12,White,88.15,-5,-5
6193,0.0,0,0,0,-4,-4,-4,2,2,4,4,1,4,1,0.0,1,0,10800,6,-4,10,White,35.276,0,1
6194,0.0,0,1,0,3,10,11,2,4,4,1,1,-4,1,0.0,2,0,10800,6,-4,10,Other,25.187,0,0
6195,0.0,1,0,0,0,0,-2,2,2,4,3,1,-4,0,0.0,1,0,52850,5,12,12,White,24.033,-5,-5
6196,0.0,0,0,0,0,0,-2,2,2,1,1,1,-4,0,,1,0,52850,5,12,12,White,1.527,0,0
6197,0.0,0,0,0,0,0,5,2,2,1,1,1,-4,0,0.0,2,0,53750,4,6,12,White,12.231,0,0
6198,0.0,0,0,0,0,0,5,1,2,1,1,1,-4,0,0.0,2,0,53750,4,6,12,White,16.693,0,0
6199,0.0,0,0,0,0,0,16,3,3,4,4,-2,5,0,0.0,2,0,55400,4,11,12,White,66.975,0,0
6200,0.0,0,0,0,0,0,6,3,3,5,3,1,5,-3,0.0,1,0,6512,4,-3,-3,White,58.957,0,0
6201,1.0,0,0,0,0,0,3,2,3,4,3,1,4,1,0.0,2,0,5150,5,14,12,White,69.833,0,0
6202,0.0,0,0,0,0,0,1,2,2,-2,1,1,-4,0,0.0,2,0,5150,5,14,12,White,57.237,-5,-5
6203,0.0,0,1,2,99,2,-2,2,2,-2,-2,1,-4,1,1.0,2,0,-3,3,12,11,White,-0.004,0,-2
6204,1.0,0,0,0,0,0,1,2,1,1,1,1,3,0,1.0,1,0,-3,7,-4,12,Black,89.18,0,0
6205,0.0,0,0,0,0,0,1,2,2,2,2,1,4,0,,1,-1,-3,7,12,-4,Black,9.811,-5,-5
6206,0.0,0,0,0,0,0,0,2,1,1,1,1,1,0,0.0,1,0,-3,7,-4,12,Black,21.379,0,0
6207,0.0,0,1,2,0,1,0,2,2,1,1,1,-4,0,0.0,1,-1,-3,7,12,-4,Black,18.186,-5,-5
6208,0.0,0,1,0,0,0,1,2,2,2,3,2,-4,1,1.0,2,0,3750,3,-3,12,White,50.897,0,0
6209,0.0,0,0,0,0,1,0,1,1,4,5,1,5,0,,2,-4,-4,10,-4,12,Black,2.547,0,0
6210,1.0,0,0,0,0,0,14,2,2,3,1,1,-4,0,0.0,1,0,26350,5,12,12,White,66.165,0,0
6211,1.0,0,0,0,2,0,-2,2,3,1,1,1,-4,0,0.0,2,-4,-4,3,-3,12,Black,19.964,-5,-5
6212,1.0,0,0,0,0,0,-2,2,2,3,4,1,4,0,,2,0,6250,5,-3,-3,White,88.121,0,0
6213,0.0,0,0,0,3,2,6,2,3,2,1,3,-4,1,0.0,1,0,6250,5,-3,-3,White,56.638,0,0
6214,1.0,0,0,0,0,0,6,2,2,2,3,1,4,0,1.0,1,0,-3,3,-4,12,Black,45.016,0,0
6215,0.0,0,0,0,1,0,1,2,2,4,1,1,-4,0,0.0,1,0,-3,3,-4,12,Black,84.22,0,-2
6216,0.0,0,0,0,0,0,3,3,3,3,1,1,-4,0,0.0,1,0,89250,3,12,-4,Black,5.686,0,0
6217,0.0,0,0,0,0,1,20,3,2,3,3,-2,5,-3,0.0,2,0,-3,5,12,12,White,1.731,0,0
6218,0.0,0,0,0,0,0,-1,2,2,5,2,2,-4,-3,0.0,1,0,-3,5,12,12,White,9.486,0,0
6219,0.0,0,1,0,0,1,15,2,3,4,2,1,-4,-3,0.0,1,0,-3,5,12,12,White,4.588,0,-2
6220,1.0,0,0,0,0,0,12,2,2,3,1,1,2,0,0.0,1,0,102150,3,14,12,White,44.534,-5,-5
6221,1.0,0,0,0,0,0,6,2,2,3,2,1,-4,0,0.0,2,0,102150,3,14,12,Black,66.251,0,0
6222,0.0,0,0,0,0,0,-2,2,2,3,3,1,2,0,,1,0,23375,4,12,12,White,-0.004,0,0
6223,1.0,0,0,0,0,0,8,2,3,1,1,1,-4,0,0.0,1,0,77750,4,12,14,Black,62.24,0,0
6224,1.0,0,0,0,0,0,2,3,3,5,4,1,5,0,,1,0,10500,4,12,12,Black,29.817,0,0
6225,0.0,0,0,0,0,0,2,3,2,2,3,1,-4,0,,2,0,10500,4,12,12,Black,12.181,0,0
6226,1.0,0,0,0,0,0,0,1,2,3,2,2,-4,0,0.0,2,0,11900,4,11,12,White,58.44,0,0
6227,0.0,1,0,0,19,0,3,2,4,4,4,1,4,0,1.0,2,0,136500,3,12,12,White,57.5,0,0
6228,0.0,0,0,0,1,1,16,1,2,1,1,1,-4,0,,2,-4,-4,6,11,11,White,-0.004,0,0
6229,1.0,0,0,0,0,0,2,1,2,3,3,1,3,0,0.0,1,0,-3,5,-3,15,Black,37.216,0,0
6230,1.0,0,0,0,0,1,5,1,4,4,1,1,-4,1,0.0,1,0,-3,5,12,-3,Black,75.587,0,0
6231,0.0,0,0,1,0,0,4,2,2,1,4,1,4,0,0.0,1,0,-3,4,-4,12,Black,37.202,0,0
6232,0.0,0,0,0,0,0,-2,3,3,4,3,2,2,0,0.0,2,0,12350,4,12,12,White,2.09,0,-2
6233,0.0,0,0,0,0,0,14,3,2,1,1,1,-4,1,0.0,2,0,12350,4,-4,12,White,12.037,0,0
6234,1.0,0,0,0,0,2,6,2,2,2,1,1,-4,0,0.0,1,0,-3,4,14,16,Black,77.618,-5,-5
6235,0.0,1,0,0,0,2,5,2,2,1,1,1,-4,1,,2,0,17600,4,11,12,Black,12.677,0,0
6236,0.0,0,0,0,0,0,2,2,4,3,2,1,4,0,0.0,1,0,-3750,5,-4,14,Black,17.395,0,0
6237,1.0,0,0,0,0,0,-2,2,1,3,3,1,-4,0,0.0,1,0,-3750,5,-4,14,Black,68.115,0,0
6238,0.0,0,0,0,15,0,3,2,4,3,4,1,3,1,0.0,1,0,-7740,3,14,12,White,83.242,0,0
6239,1.0,1,1,1,0,0,3,1,1,1,1,1,-4,0,0.0,2,0,215000,4,-4,-4,White,80.364,0,0
6240,1.0,0,0,0,0,0,6,2,3,2,3,1,2,0,0.0,1,0,475700,4,20,16,White,86.81,0,0
6241,1.0,1,0,0,0,0,5,1,2,2,2,1,-4,0,0.0,2,0,475700,4,20,16,White,95.397,0,0
6242,1.0,0,0,0,0,0,7,2,2,4,2,1,-4,0,0.0,2,0,34700,2,16,16,White,-0.004,0,0
6243,1.0,0,0,0,0,0,3,2,3,2,4,2,3,0,0.0,2,0,-3,5,16,16,White,60.056,0,0
6244,1.0,0,0,1,0,0,3,2,3,3,3,-2,2,0,0.0,2,0,-3,5,16,16,White,63.866,0,0
6245,1.0,0,0,0,0,0,5,2,2,1,1,1,-4,0,0.0,1,0,181500,4,20,20,White,91.283,0,0
6246,1.0,0,1,0,0,0,8,2,1,3,4,1,3,0,0.0,2,0,186500,2,16,-3,White,51.648,0,0
6247,1.0,0,1,3,5,4,10,2,2,4,4,2,3,0,0.0,1,0,51100,4,8,12,Hispanic,24.559,-2,-4
6248,1.0,0,0,0,0,0,1,2,2,2,1,1,-4,0,0.0,1,0,40500,2,18,18,White,86.317,0,0
6249,0.0,0,0,0,0,0,3,2,2,1,1,-2,-4,0,0.0,2,0,267500,3,20,18,White,99.558,-5,-5
6250,1.0,0,0,0,0,0,1,2,2,2,1,1,1,0,0.0,1,1,188500,4,17,18,White,87.545,-5,-5
6251,0.0,0,1,1,0,0,8,2,2,1,1,1,-4,0,0.0,1,0,108250,3,17,16,Other,35.874,0,0
6252,1.0,0,0,0,0,0,4,1,1,1,1,1,-4,0,0.0,1,0,249250,7,20,14,White,92.548,0,0
6253,0.0,0,0,0,0,0,2,1,2,1,-2,-2,-4,0,0.0,2,0,388801,4,15,13,White,-0.004,0,0
6254,0.0,0,1,1,0,0,9,2,2,3,2,2,2,-3,0.0,1,0,151500,4,14,18,White,4.742,0,0
6255,1.0,0,0,0,0,0,5,2,2,1,1,1,-4,0,0.0,2,0,72900,3,-3,-3,Other,-0.004,0,0
6256,0.0,0,0,0,0,0,12,2,3,4,3,1,2,0,,1,0,5550,3,12,18,White,78.405,0,-2
6257,0.0,0,1,0,0,0,-2,2,2,4,1,1,-4,0,,1,0,5550,3,12,18,White,12.956,0,-2
6258,1.0,0,0,0,0,0,3,2,3,3,3,1,1,0,0.0,2,0,-3,4,16,14,White,64.187,-5,-5
6259,1.0,0,0,0,0,0,0,2,2,1,1,1,-4,0,0.0,2,0,-3,4,20,20,White,87.645,0,0
6260,1.0,0,0,0,0,0,3,2,2,2,2,1,-4,-2,0.0,2,0,527500,5,18,18,White,54.536,0,0
6261,1.0,0,1,0,0,0,20,2,2,2,2,1,2,0,0.0,1,0,-3,4,16,16,White,90.491,0,0
6262,1.0,0,0,0,0,0,1,2,2,2,1,1,-4,0,0.0,2,0,-3,4,16,16,White,43.373,0,0
6263,1.0,0,0,0,0,0,3,2,2,1,1,2,-4,1,0.0,1,0,-3,4,20,20,White,94.485,0,0
6264,1.0,1,0,0,0,0,8,1,1,1,1,1,-4,0,1.0,1,0,-3,5,-3,12,Hispanic,-0.004,0,0
6265,0.0,0,0,0,0,0,7,2,2,1,1,1,-4,0,,2,0,-3,5,-3,12,Hispanic,-0.004,-5,-5
6266,0.0,0,0,0,0,0,10,2,3,2,3,2,2,0,0.0,2,0,-3,5,16,12,White,-0.004,0,0
6267,1.0,0,0,0,2,0,2,2,2,4,2,3,-4,0,0.0,1,0,-3,5,16,12,White,-0.004,-5,-5
6268,1.0,0,0,0,0,0,2,2,2,3,1,2,-4,0,0.0,2,0,-3,5,16,12,White,-0.004,-5,-5
6269,0.0,0,0,0,1,0,10,3,4,5,3,3,3,0,0.0,2,0,555001,3,-4,-4,White,18.219,0,0
6270,1.0,0,0,0,0,0,3,2,3,2,2,1,3,0,0.0,2,0,176001,3,20,16,Asian,-0.004,-5,-5
6271,1.0,1,0,0,0,0,4,2,2,3,2,1,-4,0,0.0,2,0,137500,4,13,18,White,63.15,0,0
6272,1.0,1,0,0,2,0,5,2,2,1,1,1,-4,0,0.0,1,0,137500,4,13,18,White,61.059,0,0
6273,1.0,0,0,0,0,0,6,2,3,3,3,1,2,0,0.0,1,0,559700,3,13,18,White,-0.004,0,0
6274,1.0,0,0,0,0,1,3,1,2,1,1,1,-4,0,0.0,1,0,513500,5,20,19,White,85.565,0,0
6275,1.0,0,1,0,0,0,8,1,2,3,4,1,2,0,0.0,2,0,-3,4,14,17,White,72.541,0,0
6276,0.0,0,0,1,0,0,3,2,2,4,1,1,1,0,0.0,1,1,33250,3,14,14,White,17.877,0,0
6277,1.0,0,0,0,0,0,10,2,1,1,1,1,-4,0,0.0,2,0,38100,3,18,17,White,90.631,0,0
6278,0.0,0,1,0,0,0,2,2,2,2,1,2,-4,0,,2,0,199000,7,12,14,Other,66.636,0,1
6279,1.0,0,0,0,0,0,5,2,2,1,1,1,1,0,0.0,2,0,96500,4,15,14,Hispanic,-0.004,0,-4
6280,0.0,0,1,0,0,0,20,1,2,4,5,1,4,0,0.0,2,0,9350,4,16,18,White,8.115,0,0
6281,0.0,0,0,0,0,0,3,2,2,3,3,1,1,0,0.0,2,0,-3,3,14,14,Other,13.948,0,0
6282,0.0,0,0,0,1,1,7,2,2,3,1,1,1,0,0.0,1,0,750,3,12,12,Hispanic,14.028,0,-4
6283,1.0,0,1,0,0,0,4,2,1,1,1,1,-4,0,0.0,1,0,750,3,12,12,Hispanic,30.203,0,-4
6284,1.0,,0,0,0,0,12,2,2,2,3,1,1,0,,2,-4,-4,7,-3,12,White,-0.004,-5,-5
6285,0.0,,0,0,0,0,8,2,1,2,1,1,-4,0,,1,-4,-4,7,-3,12,White,-0.004,-5,-5
6286,0.0,0,0,0,0,0,7,2,2,2,2,1,-4,0,0.0,1,0,156450,5,12,12,White,69.579,0,0
6287,1.0,0,0,0,1,0,2,2,2,2,2,1,-4,1,1.0,2,1,-3,3,16,-4,White,86.253,0,0
6288,0.0,0,1,1,0,1,0,3,3,3,4,1,-4,0,,1,0,44700,6,-3,11,White,-0.004,0,0
6289,0.0,0,0,0,0,0,7,2,2,2,2,1,-4,0,,2,0,44700,6,-3,11,White,-0.004,0,0
6290,1.0,0,1,1,0,0,-2,3,4,2,3,1,3,0,1.0,2,0,430200,4,-4,-4,White,40.844,0,0
6291,1.0,0,0,0,0,0,1,2,2,2,-2,2,-4,0,0.0,2,0,22500,3,12,16,White,77.561,0,0
6292,1.0,0,0,0,0,0,5,2,2,2,2,1,-2,1,1.0,1,0,-3,8,12,12,Other,26.158,0,0
6293,1.0,1,0,1,0,0,5,2,3,3,1,2,1,1,1.0,1,0,6750,4,-4,13,Other,45.853,0,0
6294,1.0,0,0,0,0,0,5,2,2,2,1,-2,-4,0,0.0,2,0,6750,4,12,13,Other,48.453,0,0
6295,1.0,0,0,0,0,0,3,2,2,2,2,1,1,0,0.0,2,0,-9000,6,16,9,Other,48.653,0,0
6296,0.0,0,0,0,0,2,3,2,2,1,-2,1,-4,0,0.0,1,0,63600,3,12,12,Other,38.571,-5,-5
6297,1.0,0,0,0,0,0,2,2,2,3,1,1,-4,1,0.0,1,-4,-4,2,-3,11,Other,18.831,-5,-5
6298,0.0,0,0,0,0,0,7,2,2,3,3,2,3,1,,1,0,461002,4,11,11,Other,16.092,0,0
6299,0.0,0,0,0,2,0,3,1,2,3,4,1,3,1,0.0,2,0,84101,4,14,12,White,-0.004,0,0
6300,,,0,0,35,1,25,2,2,4,4,4,-4,1,,2,0,84101,4,14,12,White,-0.004,-5,-5
6301,0.0,0,0,0,0,0,4,1,2,1,1,1,-4,1,0.0,2,0,1900,2,12,18,White,95.602,0,-4
6302,0.0,0,0,1,1,2,10,2,2,3,3,2,-4,0,1.0,1,0,82500,3,12,12,White,25.84,-5,-5
6303,1.0,0,1,0,20,0,5,2,4,3,4,3,-4,1,0.0,1,0,267500,4,12,12,White,29.038,0,0
6304,0.0,0,0,0,2,0,1,2,3,1,1,1,-4,1,0.0,2,0,267500,4,12,12,White,6.578,0,0
6305,0.0,0,0,0,0,1,5,2,2,2,3,2,3,1,0.0,2,1,1700,3,10,16,White,43.803,0,0
6306,0.0,0,0,0,0,0,4,2,1,1,1,1,-4,0,0.0,2,1,7510,2,-3,12,White,6.033,0,0
6307,0.0,0,0,1,0,0,15,3,2,5,5,1,5,0,0.0,1,0,21500,2,-3,12,White,-0.004,0,1
6308,1.0,0,0,0,0,0,-2,2,2,2,3,1,1,0,,2,0,192000,2,18,16,White,98.184,-5,-5
6309,1.0,0,0,0,0,0,4,2,2,2,2,1,3,1,0.0,1,0,-3,8,16,14,White,88.353,0,0
6310,1.0,0,0,0,0,0,2,2,1,1,1,1,-4,0,0.0,2,0,-3,8,16,14,White,47.11,0,0
6311,0.0,0,1,0,0,0,14,2,2,4,1,3,-4,0,0.0,1,0,-3,4,12,16,White,45.918,0,0
6312,1.0,0,0,0,0,0,0,2,2,4,3,3,-2,1,0.0,2,0,125500,9,12,16,White,16.132,0,0
6313,1.0,0,0,0,0,0,0,2,1,4,3,2,3,0,0.0,2,0,-3,9,16,14,White,67.39,0,0
6314,0.0,0,0,0,0,0,0,2,2,3,3,1,-4,0,0.0,1,0,-3,9,16,-3,White,49.481,0,0
6315,1.0,0,0,0,0,0,8,1,1,1,1,1,-4,0,0.0,2,0,125500,9,12,16,White,39.813,0,0
6316,1.0,0,0,0,0,0,7,2,2,2,2,1,-4,0,0.0,1,0,128000,6,12,16,White,84.09,0,0
6317,1.0,0,1,0,0,0,0,2,2,4,4,2,3,0,0.0,1,0,87000,5,14,14,White,37.28,0,0
6318,1.0,1,0,0,0,0,0,2,2,4,4,2,-4,1,0.0,1,0,87000,5,14,14,White,88.671,0,0
6319,1.0,0,0,0,5,0,0,2,1,3,1,1,-4,0,,2,0,95500,4,13,12,White,98.12,0,0
6320,0.0,0,0,0,0,0,0,2,2,4,-2,-2,-2,0,0.0,1,0,42715,6,12,12,White,19.366,0,0
6321,0.0,0,0,0,0,0,10,1,2,1,1,1,-4,0,1.0,1,-4,40700,6,-4,11,White,30.31,0,0
6322,0.0,0,0,0,0,0,4,2,2,3,2,2,1,0,,2,0,4000,3,12,15,White,8.597,0,-2
6323,1.0,0,0,0,0,0,10,2,2,3,2,2,-4,0,,2,0,4000,3,12,15,White,51.788,0,-4
6324,1.0,0,0,0,3,0,3,2,2,1,3,1,3,1,,1,-4,-4,4,20,17,White,78.513,0,0
6325,1.0,0,0,0,0,0,2,1,2,1,1,1,-4,0,0.0,1,-4,-4,4,20,17,White,66.515,0,0
6326,0.0,0,1,0,0,0,3,2,1,1,2,1,-4,0,0.0,1,0,-8525,2,16,12,White,38.102,-5,-5
6327,1.0,0,1,0,0,0,10,1,2,2,4,1,1,0,0.0,1,0,553500,4,18,16,White,80.845,0,0
6328,1.0,0,0,0,0,0,1,2,3,2,3,1,2,0,0.0,2,0,329500,5,19,18,White,-0.004,0,0
6329,1.0,,0,0,0,0,4,2,1,1,1,1,-4,1,0.0,2,1,78600,3,12,14,White,90.799,0,0
6330,1.0,0,0,0,0,0,5,2,2,1,1,1,-4,0,0.0,2,0,275001,3,20,14,White,84.708,0,0
6331,1.0,0,0,0,0,0,6,2,2,4,2,1,-4,0,0.0,1,0,600000,6,19,18,Hispanic,48.652,0,0
6332,0.0,0,0,0,0,0,4,1,2,3,4,1,3,0,0.0,1,0,121500,5,12,12,White,91.74,0,0
6333,1.0,0,0,0,0,0,7,2,3,1,2,1,-4,0,0.0,2,0,61500,4,16,16,White,95.526,0,0
6334,1.0,0,0,0,2,1,6,2,2,3,4,1,3,0,0.0,1,0,-3,5,20,16,White,-0.004,0,0
6335,1.0,0,0,0,0,0,3,1,1,1,1,1,-4,0,0.0,2,0,-3,5,20,16,White,-0.004,0,0
6336,1.0,0,0,0,0,0,8,1,2,1,1,1,-4,0,0.0,2,0,131100,3,14,10,White,89.348,0,0
6337,0.0,0,1,2,8,1,1,3,3,4,5,2,5,1,,1,0,-3,3,12,12,White,-0.004,-5,-5
6338,1.0,0,1,0,3,0,4,3,3,-2,-2,-2,3,1,0.0,1,0,38250,3,16,18,White,19.694,-5,-5
6339,0.0,0,1,0,0,0,10,2,2,1,1,1,-4,0,0.0,2,0,165500,4,-4,12,White,1.863,0,0
6340,1.0,0,0,0,0,0,0,1,2,2,2,1,1,1,1.0,1,0,-30900,4,14,18,White,59.492,0,0
6341,1.0,0,0,0,0,0,0,1,1,1,1,1,-4,1,0.0,2,0,134800,4,13,15,White,92.791,0,0
6342,0.0,0,0,0,0,0,9,2,2,-2,2,1,-2,0,1.0,1,1,23250,4,-4,19,White,-0.004,-5,-5
6343,0.0,0,0,0,0,0,8,1,2,4,1,1,-4,0,0.0,1,1,23250,4,-4,19,White,-0.004,0,0
6344,1.0,0,1,0,0,0,5,2,2,1,1,1,-4,0,1.0,1,0,-9975,3,14,16,White,54.396,0,1
6345,0.0,0,0,0,-4,-4,-4,2,3,2,1,2,-4,0,0.0,2,0,28380,4,16,12,White,66.341,0,0
6346,1.0,0,0,0,2,0,0,2,3,5,2,1,3,1,0.0,2,0,111500,4,12,12,White,31.333,0,0
6347,0.0,0,0,0,0,0,0,2,1,1,1,1,1,0,0.0,1,0,12150,5,14,12,White,67.477,0,0
6348,0.0,0,0,0,0,0,5,3,4,5,5,1,4,0,,1,0,51000,2,14,14,White,33.303,-5,-5
6351,1.0,0,0,0,0,0,3,2,2,3,2,1,3,0,0.0,2,0,187250,5,16,16,White,79.018,0,0
6352,1.0,0,0,0,0,0,8,1,1,1,1,1,-4,0,0.0,1,0,187250,5,16,16,White,63.756,-5,-5
6353,0.0,0,0,0,0,0,1,2,2,1,1,1,-4,0,,1,0,775,3,18,14,White,15.953,-5,-5
6354,1.0,0,1,0,0,0,6,2,2,3,3,1,2,0,0.0,1,0,-3,3,20,17,White,97.542,0,0
6355,1.0,0,0,0,0,0,2,2,2,2,2,1,-4,0,0.0,2,0,263000,4,16,16,White,60.933,0,0
6356,,,0,0,0,0,4,2,2,4,4,1,-4,0,,2,0,-3,4,12,16,White,18.46,-5,-5
6357,,,0,0,0,0,0,1,1,1,1,1,-4,0,,1,0,-3,4,12,16,White,35.703,-5,-5
6358,0.0,0,0,0,4,1,2,1,2,5,5,4,5,1,0.0,2,1,-3,6,-3,12,White,0.728,0,0
6359,0.0,0,1,1,2,0,2,2,3,4,5,3,-4,1,0.0,2,-4,-4,6,-4,-3,White,12.962,0,-4
6360,0.0,0,0,0,10,1,1,2,3,5,5,2,-4,0,0.0,2,-4,-4,6,12,12,White,-0.004,0,0
6361,1.0,1,0,0,9,6,-2,3,2,2,1,1,-4,1,0.0,1,0,18300,3,12,12,White,32.8,0,0
6362,1.0,0,0,0,0,0,1,2,2,2,2,1,1,0,0.0,1,0,154200,4,14,16,White,58.54,0,0
6363,0.0,0,1,1,1,0,2,2,3,4,4,1,-4,0,0.0,1,0,4190,3,13,14,White,-0.004,0,0
6364,0.0,0,0,1,0,0,2,2,2,3,4,2,3,0,0.0,1,0,56500,3,8,12,White,14.481,0,0
6365,1.0,0,0,0,10,2,6,2,3,1,1,1,-4,0,1.0,2,0,63000,3,16,12,White,98.686,0,0
6366,0.0,0,0,0,4,0,7,3,2,2,3,1,-2,0,0.0,1,-4,-4,2,-3,9,White,31.559,-5,-5
6367,0.0,0,0,0,1,1,3,2,3,1,-2,1,-4,1,0.0,2,0,-3,4,13,12,Other,5.323,1,0
6368,0.0,0,0,0,0,0,-2,3,3,1,1,1,-4,0,,2,-4,-4,2,10,12,White,26.87,-5,-5
6369,1.0,0,0,0,0,0,3,2,2,3,4,1,4,1,0.0,2,0,155300,4,12,13,White,67.469,0,0
6370,1.0,0,0,0,0,0,0,2,2,1,1,1,-4,0,0.0,2,0,600000,5,18,18,White,-0.004,0,0
6371,0.0,0,1,0,1,4,4,2,2,3,2,2,-4,0,0.0,1,0,86500,4,12,12,White,-0.004,0,0
6372,0.0,0,0,0,0,0,4,2,2,4,4,2,4,0,0.0,2,0,39500,4,12,12,White,37.889,0,0
6373,1.0,0,0,0,0,1,1,1,1,2,2,1,-4,0,0.0,2,0,14000,4,12,8,White,86.22,0,0
6374,1.0,0,1,0,0,0,2,2,2,5,3,1,-4,0,0.0,2,0,127000,3,12,12,White,92.971,0,0
6375,1.0,0,0,0,0,0,1,1,1,1,1,1,-4,0,0.0,2,0,145750,5,13,13,White,90.076,0,0
6376,0.0,0,1,0,0,0,19,4,4,4,4,1,4,1,0.0,2,0,87500,5,9,12,White,84.487,0,0
6377,0.0,0,0,0,1,0,8,3,3,1,1,1,-4,1,0.0,1,0,87500,5,9,12,White,44.193,0,0
6378,0.0,1,0,0,0,0,0,2,2,3,4,1,-2,0,0.0,2,0,-3,6,13,14,White,44.116,0,0
6379,0.0,0,0,0,0,0,8,2,4,4,4,3,4,0,0.0,2,0,92500,3,11,12,White,40.859,0,0
6380,1.0,0,0,0,0,0,9,2,1,4,4,2,4,0,0.0,2,0,51950,3,-3,12,White,65.389,-5,-5
6381,0.0,1,1,0,0,0,7,2,2,4,3,1,2,1,1.0,1,-4,-4,7,13,11,White,61.497,-5,-5
6382,0.0,0,0,0,0,0,15,2,3,3,1,1,-4,0,,2,-4,-4,7,13,11,White,50.305,-5,-5
6383,1.0,0,0,0,5,1,6,2,2,1,1,1,-4,0,0.0,1,0,150000,5,13,16,White,82.402,0,0
6384,1.0,0,0,0,0,0,3,2,1,3,2,1,2,0,0.0,1,0,193750,4,17,12,White,96.663,0,0
6385,1.0,0,0,0,0,0,5,2,2,1,1,1,-4,0,0.0,1,0,193750,4,17,12,White,56.285,0,0
6386,1.0,0,0,0,0,0,1,2,3,3,3,1,1,0,,2,0,-3,4,15,14,White,41.478,0,0
6387,0.0,,0,0,0,0,4,3,2,2,1,1,-4,0,,1,0,-3,4,15,14,White,38.166,-5,-5
6388,1.0,1,0,0,0,0,6,2,4,2,4,1,2,1,1.0,1,0,50325,5,8,12,White,4.669,0,0
6389,1.0,0,0,0,0,0,1,2,2,2,2,1,-4,1,0.0,1,0,50325,5,8,12,White,65.142,0,0
6390,0.0,0,1,0,0,0,7,3,4,3,3,1,1,-3,0.0,2,0,18000,5,16,9,White,47.494,-5,-5
6391,0.0,0,0,0,0,0,3,2,2,4,2,1,-4,1,,1,0,18000,5,16,9,Hispanic,66.582,0,0
6392,1.0,0,0,0,0,1,7,4,3,4,5,1,5,0,,1,-4,-4,5,12,10,White,49.995,0,0
6393,0.0,0,0,0,0,0,2,2,3,4,5,1,5,0,0.0,1,0,600000,3,16,9,White,55.389,0,0
6394,1.0,0,0,0,0,0,10,2,1,3,3,2,3,0,0.0,2,0,119000,4,12,12,White,89.858,0,0
6395,1.0,0,0,0,0,0,5,3,3,3,2,1,-4,0,0.0,2,0,72000,4,11,16,White,53.31,0,0
6396,1.0,0,0,0,0,0,2,2,2,2,1,1,-4,0,0.0,1,0,72000,4,11,16,White,28.098,-5,-5
6397,1.0,0,0,0,0,0,4,2,1,3,4,1,-4,0,0.0,1,0,-11500,3,12,14,White,59.631,0,0
6398,0.0,0,0,0,5,2,8,1,3,3,1,1,-4,1,,1,0,6500,4,12,12,White,-0.004,0,0
6399,1.0,0,0,0,2,0,12,1,2,4,4,1,4,0,0.0,2,0,347500,4,-4,16,White,61.871,0,-4
6400,1.0,0,1,0,0,0,17,3,3,3,4,1,3,-3,0.0,2,0,12450,3,9,10,White,38.933,-5,-5
6401,1.0,0,0,0,0,0,5,2,2,2,1,1,-4,1,0.0,2,0,36750,4,16,16,Hispanic,50.315,-5,-5
6402,0.0,0,0,0,0,0,6,2,2,2,1,1,-4,0,,1,0,-5950,4,12,9,White,27.835,0,0
6403,1.0,0,0,0,0,0,1,1,3,1,1,1,-4,0,0.0,1,0,600000,3,19,14,White,85.88,0,0
6404,,,0,0,0,0,5,1,1,1,1,1,1,0,,1,0,-3,4,16,-3,White,-0.004,-5,-5
6405,0.0,0,1,0,0,0,3,2,1,3,3,1,-4,0,0.0,1,0,413500,4,14,8,White,52.95,0,0
6406,1.0,0,0,0,0,2,5,1,1,1,1,1,-4,1,0.0,1,0,43000,3,12,14,White,66.059,0,0
6407,1.0,0,0,0,0,0,0,2,2,3,4,-2,4,0,0.0,2,-4,-4,6,-3,-3,White,-0.004,0,0
6408,1.0,0,0,0,0,0,1,2,2,3,3,1,3,0,0.0,2,-4,-3,6,18,16,White,74.283,0,0
6409,0.0,0,1,0,0,1,7,2,2,2,1,1,-4,0,,1,0,-3,6,18,16,White,80.697,-5,-5
6410,1.0,0,0,0,1,1,15,2,4,1,4,1,3,0,0.0,1,0,600000,3,15,15,White,60.174,0,0
6411,1.0,0,0,0,0,0,9,2,2,3,3,2,2,0,0.0,1,0,3150,5,9,12,White,20.708,0,0
6412,1.0,0,0,0,0,0,2,1,1,3,3,1,-4,0,0.0,1,0,3150,5,9,12,White,77.356,0,0
6413,1.0,0,0,0,0,0,5,2,2,3,3,2,2,0,0.0,2,0,-3,4,16,16,White,81.572,-5,-5
6414,1.0,0,0,0,2,0,3,2,2,4,4,1,3,1,0.0,2,0,-3,2,16,16,White,42.818,0,0
6415,0.0,0,0,0,0,0,5,2,3,2,2,1,2,1,1.0,1,0,28300,5,12,13,White,82.813,0,0
6416,1.0,0,0,0,0,6,0,2,2,1,1,1,-4,1,0.0,1,0,28300,5,12,13,White,49.181,0,0
6417,0.0,0,0,0,0,0,0,2,2,1,1,1,-4,0,0.0,1,0,-2300,4,12,13,White,-0.004,-5,-5
6418,1.0,0,0,0,0,0,0,2,1,4,4,2,-4,0,0.0,2,0,95000,4,14,12,White,75.69,0,0
6419,0.0,0,0,0,0,0,0,1,1,1,1,1,-4,0,0.0,2,0,95000,4,14,12,White,60.029,0,0
6420,0.0,0,0,0,0,0,4,2,4,5,4,2,3,1,0.0,2,0,-3,4,11,15,White,24.773,0,0
6421,1.0,0,0,0,0,0,0,2,2,1,1,1,-4,0,0.0,2,0,108730,5,13,13,White,73.115,0,0
6422,1.0,0,0,0,0,0,2,2,2,1,1,1,-4,0,1.0,2,0,216701,4,12,13,White,41.555,0,0
6423,0.0,,0,0,0,0,0,-2,-2,1,1,1,1,0,,1,0,1150,4,12,13,White,81.953,-5,-5
6424,0.0,0,1,0,0,0,0,2,2,1,1,1,-4,0,0.0,2,0,1150,4,12,13,White,68.572,0,0
6425,1.0,0,0,0,0,0,1,2,2,-2,-2,1,-4,0,0.0,1,0,-3,3,13,12,Hispanic,25.16,0,0
6426,1.0,0,0,0,1,0,8,2,2,2,1,1,-4,0,0.0,2,0,130000,5,16,16,White,81.026,0,0
6427,1.0,0,0,0,1,0,2,2,1,1,1,1,-4,0,0.0,2,0,141200,5,12,16,White,87.045,0,0
6428,1.0,0,1,0,2,1,5,2,3,5,4,2,4,0,0.0,2,0,149250,5,12,12,White,59.288,0,0
6429,1.0,0,0,0,0,0,10,2,2,2,1,1,-4,0,0.0,2,0,149250,5,12,12,White,87.966,0,0
6430,1.0,0,0,0,0,0,5,2,1,2,1,1,-4,0,0.0,1,0,48100,4,12,10,White,54.481,0,1
6431,1.0,1,0,0,0,0,0,1,1,4,5,2,5,0,1.0,2,0,142000,4,12,12,White,70.181,0,0
6432,0.0,0,1,0,5,2,3,2,3,1,2,2,-4,0,,1,0,120300,3,14,12,White,40.755,0,0
6433,1.0,0,0,0,0,0,2,1,2,1,1,1,-4,0,0.0,1,0,71100,4,17,16,White,87.381,0,0
6434,0.0,0,0,0,0,0,0,2,2,4,3,1,1,0,0.0,1,0,-3,4,12,12,White,48.105,-5,-5
6435,0.0,0,1,0,0,0,4,3,3,3,3,1,3,0,0.0,1,0,110300,3,18,16,White,53.021,0,0
6436,1.0,0,1,0,0,0,3,2,3,5,5,1,4,1,0.0,2,0,53300,4,14,13,White,87.223,0,0
6437,1.0,1,0,0,0,0,10,2,3,3,2,1,-4,0,0.0,2,0,53300,4,14,13,White,79.962,0,0
6438,1.0,0,0,0,0,0,1,2,2,2,3,1,1,0,0.0,1,0,135250,4,12,13,White,61.242,0,0
6439,1.0,0,1,0,0,0,0,2,2,1,1,1,-4,0,0.0,1,0,135250,4,12,13,White,98.824,0,0
6440,1.0,0,0,1,0,1,8,3,2,4,4,2,3,1,1.0,2,0,-3,4,12,14,White,57.2,0,0
6441,0.0,0,1,0,10,1,6,2,3,3,3,1,-4,0,,1,0,-3,4,12,14,White,81.785,0,0
6442,0.0,,0,0,0,0,4,2,2,4,4,1,3,0,,1,0,244100,4,14,12,White,69.594,-5,-5
6443,0.0,0,0,0,0,0,1,2,2,1,2,1,1,0,0.0,1,0,-3,5,12,14,White,54.79,0,0
6444,1.0,1,0,0,0,0,0,1,1,3,4,1,3,0,0.0,2,0,-3,5,9,14,White,51.242,0,0
6445,1.0,0,0,0,0,0,0,2,3,2,4,1,-4,0,0.0,1,0,-3,5,9,14,White,8.524,0,0
6446,0.0,0,1,2,0,1,1,2,1,1,1,1,-4,0,,1,0,-3,3,12,12,White,-0.004,-5,-5
6447,1.0,0,0,0,0,0,6,2,2,3,4,1,2,0,0.0,2,0,154500,4,13,14,White,89.226,0,0
6448,1.0,0,0,0,0,0,3,2,2,3,1,1,-4,0,0.0,2,0,154500,4,13,14,White,59.36,-5,-5
6449,1.0,0,0,0,0,0,6,2,3,3,4,1,3,1,,1,0,-3,4,12,12,White,82.149,-5,-5
6450,0.0,,0,0,0,0,3,2,1,4,4,1,4,1,,1,0,-3,4,12,12,White,-0.004,-5,-5
6451,1.0,0,0,0,2,2,1,2,2,1,1,1,-4,0,0.0,2,0,108750,4,12,14,White,20.247,0,0
6452,0.0,0,0,0,0,0,2,2,2,4,2,1,-4,1,1.0,1,0,-3,3,16,13,White,-0.004,-5,-5
6453,0.0,0,0,0,0,0,3,1,1,1,1,1,-4,0,0.0,1,0,445301,3,12,13,White,81.727,-5,-5
6454,1.0,0,0,0,1,0,1,2,2,1,2,1,1,0,0.0,1,1,128915,4,10,12,White,86.211,0,0
6455,0.0,0,0,1,0,0,2,2,2,3,3,1,3,1,0.0,1,0,128500,6,12,12,White,61.618,0,0
6456,1.0,0,0,0,0,0,2,2,2,2,3,1,3,0,0.0,2,0,128500,6,-4,-4,Asian,80.11,0,0
6457,1.0,0,0,0,0,1,3,2,2,3,2,1,-4,0,0.0,2,0,128500,6,-4,-4,Asian,93.379,0,0
6458,1.0,0,0,0,0,0,5,1,2,1,1,1,-4,0,0.0,2,0,18100,5,17,16,White,79.657,0,0
6459,0.0,1,0,0,0,0,5,2,3,3,4,1,3,0,1.0,1,0,115701,3,12,11,White,-0.004,-5,-5
6460,0.0,0,0,0,0,2,3,3,2,1,2,1,3,0,0.0,1,0,74600,3,12,-4,White,23.022,-5,-5
6461,0.0,0,0,0,0,0,2,2,2,2,2,1,-4,0,0.0,1,0,74600,3,12,-4,White,7.952,-5,-5
6462,0.0,0,0,1,0,1,4,2,3,3,3,1,-4,0,0.0,1,0,10250,4,12,12,White,6.838,-5,-5
6463,0.0,0,0,0,1,0,2,2,-2,2,1,1,-4,0,0.0,2,0,1750,2,17,13,White,43.192,0,0
6464,0.0,0,0,0,0,0,3,2,2,2,1,3,1,0,0.0,1,0,137300,5,12,12,White,7.415,0,0
6465,0.0,0,0,0,0,0,39,1,2,1,1,1,-4,1,0.0,2,0,141941,5,12,12,White,28.879,0,0
6466,0.0,,1,1,0,1,17,2,1,5,4,1,3,0,,1,0,13250,7,12,13,White,6.177,-5,-5
6467,1.0,0,1,0,1,1,6,3,3,4,2,1,-4,0,0.0,2,0,13250,7,12,13,White,43.743,0,1
6468,0.0,0,0,0,0,0,8,2,2,4,2,1,-4,1,0.0,2,0,64550,5,9,14,Hispanic,15.74,0,0
6469,1.0,0,0,0,0,0,4,2,2,3,1,1,-4,0,0.0,2,0,64550,5,9,14,Hispanic,10.913,0,0
6470,0.0,0,0,0,0,0,0,1,-2,1,1,1,-4,0,,2,0,4080,2,11,9,White,68.302,-5,-5
6471,1.0,0,0,0,0,0,7,2,2,3,3,3,2,0,0.0,1,0,-1150,4,-3,11,White,90.068,0,0
6472,0.0,0,1,3,0,0,2,2,1,2,1,1,1,0,,1,0,9625,4,-3,11,White,41.007,-5,-5
6473,1.0,0,0,0,0,0,3,2,2,3,2,1,-4,0,0.0,2,0,9625,4,-3,11,White,21.572,0,0
6474,0.0,0,0,1,4,0,10,2,3,5,3,5,5,0,0.0,2,0,4250,3,12,9,White,0.788,0,0
6475,0.0,1,1,0,0,0,0,3,1,4,4,1,3,0,0.0,2,0,52000,5,12,14,White,36.508,0,0
6476,0.0,0,0,0,0,0,5,3,2,3,3,2,-4,1,1.0,1,0,52000,5,12,14,White,47.008,0,0
6477,0.0,0,1,0,1,1,1,2,2,2,2,1,-4,0,0.0,2,0,28700,5,19,15,White,60.152,0,0
6478,1.0,0,0,0,0,0,1,2,2,3,2,1,3,1,0.0,1,0,16700,3,12,12,White,97.131,0,0
6479,0.0,1,0,0,0,0,1,2,3,2,1,1,2,0,0.0,1,0,123500,5,12,10,White,28.931,0,0
6480,0.0,0,0,0,0,0,3,3,4,2,1,1,-4,0,0.0,1,0,123500,5,12,10,White,3.755,-5,-5
6481,0.0,0,1,0,0,0,3,4,3,2,2,3,2,0,,1,-4,-4,4,-4,16,White,55.021,0,0
6482,1.0,,0,0,0,0,0,2,2,1,1,1,-4,0,0.0,2,-4,-4,4,-4,16,White,3.377,-5,-5
6483,0.0,0,1,0,0,0,1,1,1,1,1,1,-4,0,0.0,2,-4,-4,4,-4,16,White,10.597,0,0
6484,0.0,0,0,0,0,0,5,2,3,2,4,1,2,0,0.0,2,0,256500,3,14,15,White,83.535,0,0
6485,0.0,0,0,0,1,0,5,2,2,3,4,2,4,0,0.0,1,0,75100,4,12,12,White,39.547,0,0
6486,1.0,0,0,0,0,4,5,3,3,2,3,2,-4,0,0.0,1,0,75100,4,12,12,White,59.72,-5,-5
6487,1.0,1,0,0,0,0,2,1,1,1,1,1,-4,0,0.0,2,0,198500,3,19,14,White,50.527,0,0
6488,1.0,0,0,0,0,1,3,1,2,1,1,1,-4,0,0.0,1,0,198500,3,19,14,White,86.787,-5,-5
6489,0.0,0,1,0,0,0,5,3,3,3,1,1,-4,1,1.0,2,0,106250,5,12,12,Hispanic,-0.004,0,1
6490,1.0,1,0,0,0,0,14,1,2,3,3,2,3,0,0.0,2,0,-3,3,12,8,White,55.692,0,0
6491,0.0,0,0,0,0,0,2,1,2,1,1,1,-4,0,0.0,2,1,292100,5,12,-3,White,21.115,0,0
6492,0.0,0,0,0,2,0,15,4,3,4,4,1,4,0,0.0,2,0,14100,5,9,9,White,34.965,0,0
6493,1.0,0,0,0,0,0,0,2,2,1,1,1,-4,0,0.0,2,0,467000,5,15,16,White,48.758,0,0
6494,1.0,0,0,0,2,1,1,2,3,2,1,1,3,1,1.0,1,0,136050,4,14,12,Other,54.579,0,0
6495,0.0,0,0,0,0,0,3,1,2,1,1,1,-4,0,0.0,1,0,138901,4,12,12,White,54.496,0,0
6496,1.0,1,0,0,1,0,0,1,3,1,1,1,-4,0,0.0,1,0,19700,5,12,17,White,32.867,0,0
6497,0.0,0,0,2,0,1,3,2,2,1,1,2,-4,0,0.0,1,0,19700,5,12,17,White,9.507,0,1
6498,0.0,0,0,0,0,0,5,1,1,4,4,2,-4,1,0.0,2,1,19500,2,-4,16,White,68.378,0,0
6499,1.0,0,0,0,0,0,2,2,2,2,3,1,2,0,0.0,2,0,26800,3,14,12,White,89.18,-5,-5
6500,0.0,0,0,0,3,0,1,2,3,4,2,1,2,0,0.0,2,0,26800,3,14,12,White,57.864,0,0
6501,1.0,0,0,0,0,0,0,1,2,2,4,1,1,0,0.0,2,0,59200,8,13,13,White,49.58,-5,-5
6502,1.0,0,1,1,0,0,2,1,2,1,1,1,-4,1,0.0,1,0,59200,8,13,13,White,40.304,0,0
6503,0.0,0,0,0,0,2,3,1,4,1,1,1,1,0,,1,0,538600,5,12,12,White,59.822,0,0
6504,0.0,1,0,0,1,0,0,1,2,4,2,1,-4,0,0.0,1,0,538600,5,12,12,White,43.416,0,0
6505,0.0,0,0,4,3,0,5,2,2,4,1,1,-4,1,1.0,1,0,29700,2,8,14,White,-0.004,0,1
6506,1.0,0,0,0,0,0,0,2,2,2,1,1,-4,0,0.0,2,0,339000,4,16,16,Asian,67.614,0,0
6507,0.0,0,0,0,0,0,12,2,2,3,3,1,4,1,1.0,1,1,-4500,5,-3,13,White,-0.004,0,0
6508,0.0,1,0,0,0,0,0,2,2,2,1,1,-4,1,,2,1,-4500,5,-3,13,White,-0.004,0,-4
6509,1.0,0,1,0,0,0,15,2,2,4,2,1,3,0,0.0,2,0,23950,3,12,12,Other,38.235,0,0
6510,0.0,0,0,0,1,0,5,2,1,1,1,2,-4,1,0.0,1,0,23950,3,12,12,Other,95.298,0,0
6511,1.0,0,0,0,0,1,8,3,3,1,1,1,-4,1,0.0,2,0,54401,6,12,12,Black,68.256,0,-2
6512,1.0,0,0,0,0,0,2,2,3,2,1,1,-4,0,,1,0,241500,4,12,17,White,92.297,0,0
6513,1.0,0,0,0,0,0,17,2,4,4,4,2,4,0,0.0,2,0,265001,6,14,14,Asian,81.515,-5,-5
6514,1.0,0,0,0,0,0,3,2,3,3,3,1,3,0,0.0,2,0,265001,6,14,14,Asian,90.969,-5,-5
6515,1.0,0,0,0,0,0,9,2,2,1,1,1,1,0,0.0,2,0,349101,3,12,20,Hispanic,71.728,0,0
6516,0.0,0,0,0,0,0,10,2,2,1,1,1,-4,0,,2,0,349101,3,12,20,Hispanic,21.591,-5,-5
6517,0.0,0,0,0,1,0,1,4,4,3,4,2,3,0,0.0,1,0,100501,3,12,13,Other,50.06,-5,-5
6518,1.0,0,0,0,0,0,10,2,3,4,5,2,4,1,1.0,2,0,100501,3,12,13,Other,45.568,0,0
6519,1.0,0,0,0,0,0,3,2,2,1,1,1,-4,0,0.0,2,-4,-4,4,12,14,White,51.42,-5,-5
6520,1.0,0,0,0,0,0,1,2,2,4,3,2,3,0,,2,0,2950,2,14,12,White,-0.004,0,0
6521,0.0,0,0,0,-4,-4,-4,2,2,2,2,1,3,0,0.0,2,0,248750,5,12,12,Hispanic,86.377,0,0
6522,0.0,0,0,0,0,1,8,1,2,-2,-2,-2,-4,0,0.0,1,0,-6500,5,14,16,White,45.901,0,-2
6523,0.0,0,0,0,-4,-4,-4,2,2,1,1,1,1,0,0.0,2,0,13500,3,12,12,White,-0.004,-5,-5
6524,1.0,0,0,0,0,0,10,2,3,5,5,1,4,0,0.0,2,0,411251,5,17,16,White,69.492,0,0
6525,1.0,0,0,0,0,0,10,2,3,4,3,2,-4,0,0.0,1,0,411251,5,17,16,White,46.528,0,0
6526,0.0,0,0,0,1,6,12,2,4,3,4,1,4,0,,1,0,8750,5,16,14,White,-0.004,1,0
6527,0.0,,0,0,0,1,15,2,4,5,3,1,3,0,,2,-4,-4,4,11,12,White,9.322,-5,-5
6528,0.0,0,1,0,1,0,5,2,1,1,1,2,-4,1,1.0,2,0,559002,4,18,13,White,7.256,0,0
6529,0.0,0,1,0,1,0,4,2,1,4,3,2,1,0,1.0,1,1,500,4,12,14,White,51.911,0,0
6530,1.0,0,0,0,2,2,10,2,2,3,1,1,-4,0,0.0,1,1,500,4,12,14,White,20.037,-5,-5
6531,0.0,0,1,5,0,1,4,3,3,5,5,2,5,0,,1,0,21250,3,-3,16,White,21.02,0,0
6532,0.0,0,0,0,6,2,6,2,3,2,1,1,3,0,,1,0,189501,3,-3,12,Hispanic,-0.004,0,1
6533,0.0,1,0,0,1,0,12,1,2,3,1,2,-4,1,,1,0,180200,3,11,14,Hispanic,45.602,-5,-5
6534,1.0,0,0,0,0,0,2,2,3,3,2,1,2,0,1.0,1,0,188001,7,12,12,White,45.407,0,0
6535,1.0,0,0,0,0,3,7,2,3,3,2,3,-4,0,,2,-4,-4,7,12,12,White,66.924,-5,-5
6536,0.0,0,0,4,0,0,3,2,2,4,4,2,-4,0,,2,1,23000,4,13,13,White,53.425,-5,-5
6537,0.0,0,0,1,0,0,1,2,2,2,1,1,-4,1,0.0,1,0,164500,3,12,14,Hispanic,28.166,0,0
6538,0.0,0,1,0,3,0,8,2,3,3,5,1,4,1,,1,0,139250,4,15,16,White,87.009,0,0
6539,1.0,0,0,0,-4,-4,-4,2,2,1,1,1,-4,1,1.0,1,0,139250,4,15,16,White,49.174,0,0
6540,0.0,0,0,0,0,0,4,2,1,4,2,4,-4,1,0.0,2,0,19400,2,-4,14,White,9.556,0,1
6541,1.0,0,0,0,0,0,2,2,2,4,4,2,-4,0,0.0,2,0,1100,3,14,20,White,95.663,0,0
6542,0.0,0,0,0,0,0,3,1,2,3,3,1,3,0,,2,0,256250,2,16,14,White,41.534,0,0
6543,1.0,0,0,0,0,0,1,2,2,2,1,4,4,0,,1,0,158000,3,14,14,Black,8.395,0,0
6544,1.0,0,0,0,0,0,2,2,2,2,2,1,2,0,0.0,2,0,-11250,2,15,16,White,44.719,-5,-5
6545,0.0,0,0,0,0,0,7,2,3,3,3,1,3,0,1.0,1,0,67000,4,12,12,White,-0.004,0,0
6546,0.0,0,0,0,0,0,12,3,3,4,2,3,5,0,0.0,2,0,22750,4,19,12,Asian,41.341,-5,-5
6547,0.0,0,0,0,-4,-4,-4,2,2,5,3,2,-4,1,0.0,1,0,-8250,4,19,13,White,32.657,0,0
6548,1.0,0,0,0,0,0,3,2,2,2,1,1,-4,0,0.0,2,0,77500,2,14,17,White,74.328,0,0
6549,1.0,0,0,0,0,0,3,2,2,3,3,2,-4,0,0.0,2,0,600000,3,12,12,White,41.3,0,0
6550,1.0,0,0,0,0,0,4,1,1,1,1,1,-4,0,0.0,2,0,-3,4,12,15,Other,-0.004,-5,-5
6551,,,0,0,0,0,2,1,2,1,1,1,-4,0,,1,0,-3,5,12,12,White,71.787,-5,-5
6552,0.0,,0,0,1,0,5,2,2,2,2,1,2,1,1.0,1,0,31550,3,16,12,White,88.016,0,0
6553,0.0,0,1,0,0,0,10,2,4,2,4,1,4,0,0.0,1,0,241000,5,11,12,White,50.112,-5,-5
6554,0.0,0,0,0,0,0,1,2,2,3,2,1,-4,0,0.0,1,0,241000,5,11,12,White,30.232,0,0
6555,1.0,0,1,0,1,0,3,2,2,3,2,1,-4,1,0.0,1,0,241000,5,11,12,White,56.891,0,1
6556,0.0,0,0,0,0,0,14,2,3,3,3,2,-4,0,0.0,1,0,28600,8,11,14,White,23.982,-5,-5
6557,1.0,0,0,0,0,0,6,2,1,3,2,1,-4,0,0.0,2,0,28600,8,11,14,White,22.092,0,0
6558,0.0,0,0,0,10,0,20,3,3,3,2,2,-4,0,,2,0,119200,2,14,15,White,39.544,-5,-5
6559,0.0,0,0,0,0,0,4,2,2,1,1,1,1,0,,1,1,514750,4,16,16,White,25.82,-5,-5
6560,0.0,0,0,1,0,0,2,2,3,-2,1,1,-4,0,0.0,2,0,-2350,2,-3,9,White,24.824,0,-4
6561,1.0,0,0,0,0,0,8,2,2,4,4,1,5,0,0.0,2,0,52155,10,14,12,White,89.567,0,0
6562,1.0,0,0,0,10,0,7,2,3,2,1,1,-4,1,0.0,1,0,52155,10,14,12,White,72.373,0,0
6563,1.0,0,0,0,0,0,2,1,1,1,1,1,-4,0,0.0,1,0,52155,10,14,12,White,86.559,0,0
6564,0.0,1,0,3,0,0,1,2,2,4,2,2,-4,0,0.0,2,0,-3500,4,10,10,White,29.971,0,0
6565,1.0,0,0,0,2,0,15,1,1,3,4,2,3,0,0.0,1,0,7250,2,16,10,White,94.337,0,0
6566,1.0,0,0,0,0,1,4,1,2,3,3,2,-4,0,0.0,2,0,17950,5,12,12,White,54.583,-5,-5
6567,0.0,0,0,0,1,1,4,2,3,3,1,1,-4,0,0.0,2,0,17950,5,12,12,White,19.591,0,0
6568,0.0,1,0,0,0,0,13,2,3,3,2,3,3,1,0.0,2,0,90400,3,13,15,White,41.084,0,0
6569,0.0,0,0,0,0,10,1,2,4,1,1,1,-4,0,0.0,1,0,90400,3,13,15,White,22.01,0,0
6570,0.0,0,0,0,0,0,2,2,4,2,2,1,-4,1,0.0,1,0,38500,5,12,14,White,8.742,0,0
6571,0.0,0,1,0,1,0,3,1,2,3,4,-2,4,0,0.0,1,0,11100,3,7,12,Black,59.345,0,0
6572,0.0,1,0,0,5,0,5,2,1,5,5,4,-4,1,,2,1,4500,4,7,11,Other,14.693,-5,-5
6573,,,0,0,2,0,4,3,4,3,2,1,-4,0,,2,0,550,4,-4,7,Other,-0.004,-5,-5
6574,0.0,0,1,0,0,0,2,2,2,3,2,1,5,0,,2,-4,-4,3,-3,11,Black,24.151,-5,-5
6575,0.0,0,0,2,0,0,15,2,2,5,3,3,5,0,0.0,2,0,37350,4,14,14,Black,4.828,0,0
6576,0.0,1,1,2,0,3,3,2,2,5,5,1,-4,1,0.0,1,0,3850,2,11,11,Black,6.877,0,1
6577,0.0,0,1,1,10,4,3,2,2,1,1,2,-4,1,1.0,1,1,-23250,4,12,16,Black,55.05,-5,-5
6578,0.0,0,1,0,0,1,3,2,2,3,1,1,-4,0,0.0,1,0,-5550,2,-3,12,White,79.364,-5,-5
6579,1.0,0,0,0,0,0,5,2,2,3,2,2,2,-3,0.0,2,0,39500,4,10,8,Hispanic,27.607,0,0
6580,0.0,0,0,1,0,0,0,3,2,3,2,5,-4,1,0.0,2,0,1750,2,7,8,Hispanic,3.7,0,-2
6581,1.0,0,0,0,0,0,0,3,2,3,4,2,-4,0,0.0,2,0,4350,4,6,6,Hispanic,13.362,0,0
6582,0.0,0,0,0,0,0,4,2,3,1,1,2,-4,0,,2,0,5750,6,6,6,Hispanic,-0.004,-5,-5
6583,0.0,0,0,0,0,0,8,3,3,1,1,2,1,0,0.0,1,0,3250,7,6,6,Hispanic,12.419,0,0
6584,0.0,0,0,0,0,0,0,2,3,1,1,1,-4,0,0.0,2,0,3250,7,6,6,Hispanic,10.669,0,0
6585,0.0,0,0,0,0,0,2,2,2,1,1,1,-4,0,0.0,1,0,3250,7,6,6,Hispanic,16.861,0,0
6586,0.0,0,0,0,0,0,30,2,2,1,1,2,1,0,0.0,2,-4,-4,8,5,5,Hispanic,16.207,0,0
6587,0.0,0,0,2,0,0,0,1,2,1,1,1,-4,0,0.0,1,-4,-4,8,5,5,Hispanic,32.99,0,0
6588,1.0,0,0,0,1,0,4,2,4,3,3,2,5,1,0.0,2,0,-6250,3,12,12,Black,8.508,0,0
6589,1.0,0,0,1,1,3,30,2,3,5,3,5,5,0,0.0,2,0,17500,4,12,14,Black,-0.004,1,-4
6590,1.0,0,0,0,0,0,4,2,2,3,2,4,-4,0,0.0,2,0,17500,4,11,11,Black,-0.004,-2,-2
6591,0.0,0,0,0,0,3,0,2,2,2,3,4,4,0,,2,-4,-4,6,-4,12,Black,-0.004,0,0
6592,0.0,0,1,1,0,16,6,3,2,1,1,2,-4,0,0.0,2,-4,-4,6,12,12,Black,-0.004,0,0
6593,1.0,0,0,0,1,0,1,2,2,4,5,2,-4,0,,1,-4,-4,3,12,12,Hispanic,-0.004,0,0
6594,0.0,,0,0,0,0,6,2,2,1,2,-2,-4,0,,2,-4,-4,3,11,11,Hispanic,-0.004,-5,-5
6595,0.0,0,1,0,0,0,6,2,2,3,3,2,-4,0,0.0,1,0,7500,4,-3,12,Black,-0.004,0,1
6596,1.0,0,0,0,1,0,4,3,3,2,1,3,-4,0,0.0,1,-4,-4,4,14,13,Hispanic,7.39,-5,-5
6597,0.0,0,1,8,0,0,2,4,1,3,5,5,5,0,0.0,1,0,7500,2,11,11,Black,-0.004,0,-2
6598,0.0,0,0,0,0,0,30,2,1,2,2,5,-4,0,0.0,2,-4,-4,8,-3,-3,Hispanic,11.603,0,0
6599,0.0,0,0,0,0,0,4,2,2,-2,-2,-2,-4,0,,2,-4,-4,8,-3,-3,Hispanic,10.807,0,0
6600,0.0,,0,0,0,0,0,2,2,3,2,1,1,0,,1,-4,-4,2,-4,12,Hispanic,-0.004,-5,-5
6601,1.0,0,0,0,1,0,3,1,1,1,1,2,-4,0,0.0,2,-4,-4,4,-4,11,Black,-0.004,0,0
6602,1.0,0,0,1,0,0,4,2,2,2,5,2,4,0,0.0,1,0,-7750,4,8,7,Hispanic,-0.004,-5,-5
6603,1.0,0,0,0,0,0,0,1,2,2,2,2,-4,0,0.0,2,0,-7750,4,8,7,Hispanic,-0.004,0,0
6604,0.0,0,1,0,1,0,2,2,1,1,1,1,-4,0,,1,0,8800,6,6,6,Hispanic,53.508,0,0
6605,0.0,0,0,0,1,0,1,2,2,2,1,1,-4,0,0.0,2,0,10550,5,11,11,Hispanic,12.412,0,0
6606,0.0,0,0,0,0,0,2,2,2,3,4,2,3,0,0.0,1,0,115750,8,6,3,Hispanic,15.115,0,0
6607,1.0,0,0,0,0,0,2,2,1,1,1,1,-4,0,0.0,1,0,115750,8,6,3,Hispanic,22.721,0,0
6608,0.0,0,0,0,0,0,5,2,1,2,2,2,1,0,0.0,1,0,-1750,6,5,4,Hispanic,13.043,0,0
6609,0.0,0,0,0,0,0,10,3,2,3,2,2,2,0,0.0,1,0,-1750,6,5,4,Hispanic,42.13,0,0
6610,0.0,1,0,1,2,1,5,2,4,-2,-2,4,-4,0,0.0,1,0,500,8,5,6,Hispanic,-0.004,-5,-5
6611,0.0,0,1,0,-4,-4,-4,3,4,2,4,4,4,1,1.0,1,0,-500,6,5,3,Hispanic,-0.004,-5,-5
6612,0.0,0,1,4,0,0,20,2,-2,2,2,1,-4,0,0.0,1,0,-500,6,5,3,Hispanic,-0.004,-5,-5
6613,0.0,0,1,1,0,1,15,3,2,1,1,2,-4,1,0.0,1,0,-500,6,5,3,Hispanic,-0.004,0,0
6614,0.0,0,1,0,0,2,5,2,2,1,5,2,-4,0,0.0,1,-4,-4,6,-3,4,Hispanic,-0.004,-5,-5
6615,0.0,0,0,0,0,0,2,2,2,2,1,4,-4,0,1.0,2,0,81237,8,4,3,Hispanic,-0.004,0,0
6616,1.0,0,0,0,0,0,10,3,3,4,4,3,4,0,0.0,2,0,-460,3,17,6,Hispanic,8.943,0,0
6617,1.0,0,0,0,0,0,0,2,3,2,1,4,-4,0,0.0,2,0,-460,3,17,6,Hispanic,24.129,0,0
6618,0.0,0,0,0,0,0,3,2,2,2,1,2,-4,0,0.0,2,-4,-4,7,7,6,Hispanic,-0.004,0,0
6619,1.0,0,0,0,0,0,1,1,2,1,1,1,-4,0,0.0,1,0,-190,5,6,9,Hispanic,-0.004,0,0
6620,0.0,0,1,0,0,0,2,2,2,1,1,1,1,-3,0.0,1,0,2150,7,6,8,Hispanic,23.854,0,0
6621,1.0,0,0,0,0,0,2,1,1,2,1,2,-4,0,1.0,1,-4,-4,6,7,14,Hispanic,51.992,0,0
6622,0.0,0,1,0,4,3,7,2,2,3,2,2,-4,0,0.0,1,-4,-4,6,7,14,Hispanic,7.007,0,0
6623,1.0,0,1,0,0,0,2,1,1,3,2,4,4,0,0.0,1,-4,-4,3,-4,5,Hispanic,-0.004,0,-4
6624,1.0,0,0,0,0,0,12,3,2,2,4,1,2,0,0.0,2,0,-3950,2,-3,9,Hispanic,55.069,0,0
6625,0.0,0,0,0,0,0,30,2,2,1,1,1,-4,0,0.0,1,0,254,7,6,6,Hispanic,-0.004,0,0
6626,1.0,0,0,0,0,0,3,2,2,4,5,3,5,0,,2,1,282501,4,5,11,Hispanic,10.322,0,0
6627,0.0,0,0,0,1,0,5,3,3,5,5,5,5,0,1.0,2,-4,-4,3,-3,4,Hispanic,4.658,0,0
6628,0.0,0,0,0,0,0,3,2,3,1,1,1,-4,0,0.0,2,-4,-4,3,-3,4,Hispanic,10.674,0,0
6629,0.0,0,0,0,0,1,20,2,3,4,2,2,-4,0,0.0,2,-4,-4,2,-4,8,Hispanic,21.685,0,0
6630,1.0,0,0,0,0,0,0,4,4,2,1,2,-4,1,0.0,1,-4,-4,5,3,11,Hispanic,-0.004,0,0
6631,1.0,0,0,0,0,0,0,2,4,2,3,2,3,0,0.0,2,0,125750,6,6,6,Hispanic,52.422,0,0
6632,0.0,0,0,0,0,0,2,2,1,3,4,1,-4,0,0.0,2,0,125750,6,6,6,Hispanic,11.35,0,0
6633,0.0,0,0,0,0,0,4,2,2,2,1,4,-4,0,,2,-4,-4,6,16,12,Hispanic,44.158,0,1
6634,0.0,0,1,1,0,0,0,1,1,1,1,1,-4,0,,1,-4,-4,6,16,12,Hispanic,37.63,-5,-5
6635,1.0,0,0,0,0,0,1,2,3,3,3,2,-4,0,,2,-4,-4,7,14,15,Hispanic,-0.004,-5,-5
6636,1.0,0,0,0,0,0,3,2,2,4,4,3,4,1,0.0,2,1,104500,4,14,12,Hispanic,48.962,0,0
6637,1.0,0,1,0,0,0,1,1,2,1,1,1,2,0,,1,0,600000,5,15,14,Hispanic,-0.004,0,0
6638,1.0,0,0,0,1,0,0,2,2,2,2,1,-4,1,0.0,2,-4,-4,5,-4,6,Hispanic,-0.004,0,0
6639,0.0,0,0,0,3,1,4,2,2,1,1,2,-4,0,0.0,2,-4,-4,7,5,5,Hispanic,-0.004,0,0
6640,1.0,1,0,0,0,1,1,2,2,2,1,3,1,0,0.0,1,0,-3,3,-4,-4,Hispanic,-0.004,0,0
6641,0.0,0,0,0,1,0,0,2,3,1,3,1,1,0,,1,0,800,3,15,7,Hispanic,-0.004,0,0
6642,1.0,0,0,0,0,1,2,1,4,5,4,3,1,0,0.0,1,-4,-4,3,-4,-3,Hispanic,25.404,0,0
6643,1.0,,0,0,0,0,2,2,2,-2,-2,-2,-4,0,0.0,1,-4,-4,3,-4,-3,Hispanic,22.062,-5,-5
6644,0.0,0,0,1,0,0,0,2,1,1,1,1,-4,0,0.0,1,0,137750,6,5,6,Hispanic,19.114,-5,-5
6645,0.0,0,1,0,1,1,8,2,2,4,2,1,-4,1,0.0,2,0,500,4,-3,2,Hispanic,14.727,0,-2
6646,1.0,0,1,0,0,0,2,1,2,1,1,1,-4,1,0.0,2,0,250,7,-3,10,Hispanic,-0.004,0,0
6647,0.0,0,0,0,0,0,6,2,2,1,1,1,-4,0,0.0,1,0,-3,6,15,5,Hispanic,29.864,0,0
6648,1.0,0,0,0,0,0,0,2,2,1,1,1,-4,0,0.0,2,0,-3,6,15,5,Hispanic,11.736,0,0
6649,0.0,0,0,0,0,0,5,2,2,4,4,2,2,0,0.0,2,-4,-4,7,6,2,Hispanic,-0.004,0,0
6650,0.0,0,0,0,4,0,0,3,2,3,1,1,-4,1,0.0,2,-4,-4,7,6,2,Hispanic,-0.004,0,0
6651,0.0,0,0,0,0,0,1,3,2,1,1,2,-4,0,0.0,2,-4,-4,7,6,2,Hispanic,-0.004,0,0
6652,0.0,0,0,0,0,0,0,2,2,1,1,4,-4,0,,2,0,2500,3,-3,12,Black,-0.004,0,0
6653,0.0,0,0,0,0,0,30,2,3,-2,1,1,-4,0,,2,0,500,6,6,6,Hispanic,-0.004,0,0
6654,0.0,0,0,0,1,0,-2,2,3,-2,1,1,-4,0,,1,0,500,6,6,6,Hispanic,-0.004,-5,-5
6655,0.0,0,1,0,0,0,25,2,2,1,1,1,-4,0,,1,0,1100,5,3,6,Hispanic,5.976,-5,-5
6656,0.0,0,1,4,0,0,25,2,-2,1,1,2,-4,0,0.0,1,0,1100,5,3,6,Hispanic,0.412,-5,-5
6657,1.0,0,0,0,0,0,4,2,3,2,1,3,3,0,,1,-4,-4,4,11,11,Hispanic,-0.004,0,0
6658,0.0,0,0,0,0,1,10,2,3,4,3,4,3,0,,1,0,3750,6,4,2,Hispanic,-0.004,0,0
6659,0.0,0,0,0,0,1,3,1,2,2,5,2,-4,0,0.0,2,0,3750,6,4,2,Hispanic,-0.004,0,0
6660,1.0,0,0,0,0,0,10,1,2,2,2,2,2,0,,2,0,20000,5,14,12,Hispanic,82.968,-5,-5
6661,0.0,0,1,0,4,3,4,2,3,2,1,1,-4,0,,1,0,20000,5,14,12,Hispanic,-0.004,-2,-1
6662,0.0,1,0,2,0,0,5,2,2,1,1,1,-4,0,,1,0,20000,5,14,12,Hispanic,-0.004,-5,-5
6663,0.0,0,0,0,-4,-4,-4,2,2,2,2,2,2,0,0.0,2,0,10500,5,-3,-3,Hispanic,-0.004,0,0
6664,0.0,0,0,0,0,0,10,3,2,1,1,2,-4,0,0.0,1,0,10500,5,-3,-3,Hispanic,67.813,0,0
6665,0.0,0,1,0,0,0,36,2,2,4,2,1,2,0,1.0,2,-4,-4,4,-4,-3,Black,2.59,0,0
6667,0.0,0,0,0,0,1,1,1,3,4,2,3,2,0,0.0,2,0,1750,4,-4,8,Hispanic,-0.004,0,0
6668,0.0,0,0,0,0,0,5,2,2,3,2,1,1,0,0.0,1,-4,-4,7,-3,-3,Hispanic,-0.004,0,0
6669,0.0,0,0,0,0,0,14,3,2,2,2,2,-4,0,0.0,1,-4,-4,7,-3,-3,Hispanic,-0.004,0,0
6670,0.0,0,0,4,0,1,0,2,2,4,4,4,3,0,,1,0,278750,3,6,11,Hispanic,-0.004,0,0
6671,1.0,0,0,0,0,1,-2,2,1,3,2,2,-4,0,0.0,2,0,127900,5,12,12,Hispanic,-0.004,0,0
6672,1.0,0,0,0,0,0,12,1,2,2,3,2,1,0,0.0,1,0,125501,4,11,11,Hispanic,-0.004,0,0
6673,,,0,0,0,0,7,3,3,3,3,2,2,0,,2,0,500,2,3,3,Hispanic,-0.004,-5,-5
6674,1.0,0,0,0,0,0,10,1,1,1,1,1,1,0,0.0,1,0,3750,5,3,3,Hispanic,0.0,0,0
6675,0.0,0,0,0,0,0,0,2,2,3,2,2,2,0,,1,-4,-4,6,4,10,Hispanic,-0.004,0,0
6676,0.0,0,0,0,0,0,2,2,2,3,3,4,1,0,,1,-4,-4,6,4,10,Hispanic,8.263,0,0
6677,0.0,0,1,0,0,3,21,4,3,3,4,4,5,0,0.0,1,1,3350,7,-3,11,Hispanic,-0.004,0,0
6678,0.0,0,0,0,0,0,10,2,2,3,4,4,5,0,0.0,2,-4,-4,7,-3,-3,Hispanic,-0.004,-5,-5
6679,0.0,0,0,0,0,0,9,2,2,2,1,2,-4,0,,1,-1,3350,7,-3,11,Hispanic,-0.004,-5,-5
6680,1.0,0,0,0,0,0,6,2,2,3,2,2,4,0,,1,0,-3,4,3,8,Hispanic,17.55,-5,-5
6681,0.0,0,1,0,2,1,3,2,2,4,5,4,3,0,0.0,1,0,-3,4,3,8,Hispanic,9.048,0,0
6682,0.0,0,0,0,0,0,5,2,3,2,2,2,2,0,0.0,2,0,54250,5,12,16,Hispanic,6.37,0,0
6683,0.0,0,0,0,0,0,2,1,2,-2,-2,2,-4,0,0.0,1,0,2250,2,-4,6,Hispanic,87.816,0,-2
6684,1.0,0,1,0,1,0,24,3,1,3,3,2,2,1,0.0,1,-4,-4,5,-3,11,Hispanic,-0.004,0,0
6685,1.0,0,0,0,0,0,4,3,2,3,1,2,-4,1,0.0,1,0,3750,4,12,16,Black,-0.004,0,1
6686,0.0,0,0,0,0,0,5,1,1,1,1,1,-4,0,0.0,1,-4,1750,4,12,12,Black,-0.004,-5,-5
6687,1.0,0,0,0,1,0,2,2,2,2,2,2,3,0,0.0,2,0,4500,8,-3,-3,Black,-0.004,1,1
6688,0.0,0,0,0,0,1,3,2,2,2,1,4,-4,0,0.0,2,0,4500,8,-3,-4,Black,-0.004,0,0
6689,0.0,0,1,3,0,2,1,2,2,2,1,2,-4,0,0.0,2,0,4500,8,-3,-4,Hispanic,-0.004,0,0
6690,0.0,0,0,0,0,0,14,2,2,2,2,1,2,0,,1,-4,-4,2,-4,11,Black,-0.004,0,0
6692,1.0,0,0,0,0,0,4,3,2,3,4,3,4,0,0.0,2,-4,-4,6,-3,6,Hispanic,39.194,0,0
6693,1.0,0,0,0,0,1,3,2,1,4,3,2,-4,0,0.0,1,0,43000,3,8,12,Black,-0.004,0,0
6694,0.0,0,0,2,0,1,5,2,2,2,1,1,2,0,0.0,1,0,500,5,9,11,Hispanic,-0.004,1,0
6695,1.0,0,1,0,0,0,5,2,2,2,2,1,3,0,0.0,1,0,7500,5,12,12,Hispanic,-0.004,-5,-5
6696,0.0,0,0,0,2,0,3,2,3,4,3,3,-4,1,0.0,2,0,7500,5,12,12,Hispanic,-0.004,0,-2
6697,0.0,0,1,0,0,1,14,1,2,1,1,1,-4,0,0.0,1,-4,-4,6,12,15,Hispanic,-0.004,0,0
6698,0.0,0,0,0,3,1,7,2,3,2,2,1,2,0,,2,0,17500,2,-4,10,Hispanic,-0.004,-5,-5
6699,0.0,0,0,0,2,0,0,2,3,4,1,1,2,1,0.0,1,-4,-4,4,15,12,Hispanic,-0.004,0,0
6700,1.0,0,0,0,0,0,1,2,2,4,2,3,-4,0,0.0,2,0,18750,6,3,2,Hispanic,13.858,0,0
6701,0.0,0,1,0,1,1,0,2,2,1,1,1,-4,0,0.0,1,0,18750,6,3,2,Hispanic,24.591,0,0
6702,0.0,1,0,0,1,0,6,1,1,2,3,1,1,0,0.0,1,0,53350,4,14,12,Hispanic,61.093,-5,-5
6703,0.0,0,0,0,0,0,3,2,2,1,1,3,5,0,,1,-4,-4,4,-3,6,Hispanic,-0.004,0,0
6704,1.0,0,0,0,0,0,0,2,2,1,1,1,1,0,,1,-4,-4,4,-3,6,Hispanic,-0.004,0,0
6705,0.0,0,1,0,0,1,12,2,3,4,5,5,-4,0,,1,0,3750,3,-3,9,Hispanic,-0.004,0,-4
6706,1.0,0,0,0,0,0,18,2,4,3,3,1,3,0,0.0,2,0,-14050,5,-3,6,Hispanic,80.12,0,0
6707,1.0,0,0,0,0,0,5,2,2,4,3,5,4,0,0.0,2,0,500,6,3,6,Hispanic,-0.004,0,-2
6708,1.0,1,0,0,0,0,3,2,3,2,3,4,1,0,0.0,1,0,500,6,3,6,Hispanic,-0.004,0,0
6709,1.0,0,0,0,0,0,2,1,2,2,1,1,1,0,0.0,1,0,4070,5,-3,10,Hispanic,12.669,0,0
6710,0.0,0,0,0,0,0,2,2,1,1,1,1,-4,0,1.0,1,0,4070,5,-3,10,Hispanic,48.033,0,0
6711,0.0,0,0,0,0,0,1,2,2,1,1,1,1,0,,2,1,22300,5,11,5,Hispanic,-0.004,-5,-5
6712,,,0,0,0,0,0,3,2,1,1,1,-4,0,,2,1,22300,5,11,5,Hispanic,-0.004,-5,-5
6713,0.0,0,0,0,0,0,17,3,2,3,1,3,-4,0,0.0,2,0,1600,7,3,-4,Hispanic,-0.004,-5,-5
6714,1.0,1,0,0,0,0,2,2,2,3,1,2,2,0,0.0,2,-4,-4,3,12,12,Hispanic,-0.004,0,0
6715,0.0,0,0,1,0,0,6,2,2,1,1,1,2,0,,1,0,1750,7,-3,9,Hispanic,-0.004,-5,-5
6716,1.0,0,0,0,0,0,3,2,2,4,4,2,4,0,0.0,2,0,7500,6,7,14,Hispanic,-0.004,0,-2
6717,1.0,1,0,0,5,8,30,2,2,3,2,5,4,0,0.0,1,-4,-4,2,-3,12,Hispanic,-0.004,0,0
6718,0.0,0,0,0,0,0,0,1,1,1,1,1,-4,0,,2,-4,-4,4,7,-3,Hispanic,-0.004,-5,-5
6719,1.0,0,0,0,0,0,0,1,1,1,1,1,-4,0,0.0,1,-4,-4,4,7,7,Hispanic,-0.004,0,1
6720,0.0,0,1,0,2,0,30,3,4,3,4,2,4,-3,0.0,1,0,57500,5,5,12,Hispanic,-0.004,-1,-1
6721,0.0,0,0,0,0,0,3,2,2,1,2,1,1,0,0.0,2,0,14500,10,14,12,Hispanic,-0.004,0,0
6722,0.0,0,0,0,0,0,5,2,2,5,5,1,5,1,,2,0,156250,6,6,8,Hispanic,-0.004,-5,-5
6723,0.0,0,1,0,0,1,0,1,2,1,1,3,-4,0,1.0,1,0,156250,6,6,8,Hispanic,-0.004,-5,-5
6724,0.0,0,1,1,0,1,4,2,2,1,1,1,-4,0,0.0,1,0,156250,6,6,8,Hispanic,-0.004,0,0
6725,,,0,0,-4,-4,-4,-4,-4,-4,-4,-4,-4,0,,2,0,500,2,6,6,Hispanic,28.926,-5,-5
6726,1.0,0,0,0,0,0,5,2,2,1,1,1,-4,0,0.0,1,0,11700,6,6,6,Hispanic,-0.004,-5,-5
6727,0.0,0,0,0,0,0,7,2,2,4,2,1,2,0,0.0,2,0,13000,5,-3,12,Hispanic,10.697,0,0
6728,0.0,0,0,0,0,0,2,2,3,2,2,2,2,0,0.0,1,0,13000,5,-3,12,Hispanic,1.908,0,0
6729,1.0,0,0,0,0,1,5,2,2,1,1,1,-4,0,0.0,1,0,158250,4,13,12,Hispanic,40.503,0,0
6730,1.0,0,0,0,0,0,0,2,2,1,1,1,-4,0,0.0,2,0,29500,5,-4,-3,Hispanic,15.294,0,-4
6731,1.0,0,0,0,0,0,4,1,1,1,1,1,1,0,0.0,2,0,534501,5,15,18,Black,-0.004,-5,-5
6732,1.0,,0,0,0,0,0,2,3,1,1,1,-4,0,1.0,1,0,534501,5,15,18,Black,-0.004,0,0
6733,1.0,0,0,0,0,0,-2,3,2,3,4,2,2,0,,1,0,-3,2,-3,16,Black,-0.004,0,0
6734,0.0,0,1,0,-4,-4,-4,-4,-4,-4,-4,-4,-4,-3,0.0,1,-4,-4,3,12,12,Hispanic,39.763,0,0
6735,1.0,0,1,0,1,0,10,1,2,4,2,2,3,0,0.0,2,-4,-4,5,-3,12,Hispanic,-0.004,1,1
6736,1.0,0,0,0,0,0,12,2,3,1,1,1,-4,0,,2,-4,1750,5,-4,11,Hispanic,-0.004,0,-4
6737,1.0,0,0,0,0,0,1,1,1,2,3,1,3,0,,2,-4,-4,5,12,13,Hispanic,-0.004,-5,-5
6738,1.0,0,0,0,0,0,2,1,2,1,2,1,1,0,0.0,1,0,247750,4,16,20,Hispanic,94.693,0,0
6739,0.0,0,0,0,0,1,4,1,2,4,2,1,-4,0,0.0,1,-4,-4,7,11,14,Hispanic,-0.004,0,0
6740,1.0,0,0,0,0,0,0,1,2,4,3,2,-2,0,0.0,1,-4,-4,4,-3,-3,Hispanic,7.807,0,0
6741,0.0,0,0,0,0,0,5,4,2,1,1,1,-4,0,0.0,2,0,10000,2,-4,10,Hispanic,-0.004,0,-2
6742,0.0,0,0,0,0,0,1,2,2,1,1,1,-4,0,0.0,1,-4,-4,5,8,8,Hispanic,50.759,-5,-5
6743,0.0,0,0,0,0,0,7,1,2,1,1,1,-4,0,0.0,1,-4,-4,5,8,8,Hispanic,-0.004,0,0
6744,0.0,1,0,1,0,2,0,2,2,4,3,2,4,1,1.0,1,-4,-4,5,8,10,Hispanic,37.171,0,0
6745,1.0,0,0,0,0,0,1,2,2,1,1,1,-4,1,0.0,1,-4,-4,5,8,10,Hispanic,61.337,0,0
6746,1.0,0,0,0,0,0,0,1,1,1,1,1,-4,0,0.0,2,-4,-4,3,6,10,Hispanic,28.521,0,0
6747,0.0,0,1,0,0,0,1,2,1,4,4,1,4,-3,1.0,1,0,-3,3,12,12,Hispanic,42.128,-5,-5
6748,0.0,0,0,0,20,0,7,1,2,5,4,3,-4,0,0.0,2,-4,-4,5,12,12,Hispanic,14.335,0,0
6749,0.0,0,0,0,1,0,2,2,1,2,1,1,-4,0,0.0,2,-4,-4,5,12,12,Hispanic,45.629,0,0
6750,1.0,0,0,0,0,1,4,2,2,1,1,1,1,-3,0.0,2,-4,-4,5,16,14,Hispanic,-0.004,0,0
6751,0.0,0,0,0,0,0,0,2,2,2,1,1,-4,0,0.0,2,-4,-4,5,16,14,Hispanic,-0.004,0,0
6752,1.0,0,0,0,-4,-4,-4,2,2,3,2,1,2,0,,2,0,7500,7,12,-3,Hispanic,62.376,0,0
6753,0.0,0,1,0,0,0,0,2,2,1,1,1,-4,0,0.0,2,0,7500,7,12,-3,Hispanic,64.801,0,0
6754,0.0,0,0,0,2,2,15,2,3,3,3,1,3,0,0.0,2,-4,-4,2,-3,-3,Hispanic,12.094,0,0
6755,1.0,0,0,0,0,0,4,2,2,1,1,1,-4,0,0.0,1,0,3750,3,-4,14,Hispanic,-0.004,0,0
6756,1.0,0,0,0,0,0,8,3,3,4,3,3,-4,0,0.0,2,0,3750,2,12,12,Hispanic,67.911,0,0
6757,1.0,0,0,0,0,0,3,1,2,1,1,1,-4,0,0.0,2,0,132500,3,16,14,Hispanic,72.309,0,0
6758,0.0,,0,0,0,0,5,4,2,4,4,4,3,0,,1,0,3750,3,10,10,Hispanic,21.584,-5,-5
6759,1.0,0,0,0,0,0,10,2,1,1,1,2,1,0,0.0,1,0,1300,5,-3,9,Hispanic,85.403,0,-4
6760,0.0,0,0,0,0,0,6,1,2,1,1,1,1,0,,2,0,1300,5,-3,9,Hispanic,67.835,0,0
6761,0.0,0,1,0,0,1,5,2,2,1,1,3,-4,0,0.0,1,0,19750,4,6,4,Hispanic,1.606,0,0
6762,0.0,0,0,0,0,0,3,2,3,1,1,1,-4,0,0.0,1,0,1750,7,6,6,Hispanic,14.038,0,0
6763,0.0,0,0,0,0,0,6,2,2,1,1,1,-4,0,0.0,2,-4,-4,3,12,12,Hispanic,-0.004,0,0
6764,1.0,0,0,0,0,0,6,3,3,2,3,2,3,0,0.0,1,0,-3,4,8,9,Hispanic,-0.004,-5,-5
6765,1.0,0,0,0,0,0,0,2,1,1,2,3,-4,0,0.0,2,-4,-4,5,-3,6,Hispanic,52.127,0,-4
6766,1.0,0,0,0,0,0,2,2,2,1,1,2,1,0,0.0,2,-4,-4,9,7,6,Hispanic,23.896,0,0
6767,1.0,0,0,0,0,0,2,2,2,3,2,3,-4,0,0.0,1,-4,-4,9,7,6,Hispanic,27.267,0,0
6768,1.0,0,0,0,0,0,6,2,2,1,1,1,-4,0,0.0,1,-4,-4,9,7,6,Hispanic,4.003,0,0
6769,1.0,0,0,0,0,0,2,1,1,1,1,1,2,0,0.0,2,-4,-4,4,3,3,Hispanic,-0.004,0,0
6770,1.0,0,0,0,1,3,1,1,2,1,-2,1,-4,0,0.0,1,-4,-4,4,3,3,Hispanic,56.012,0,0
6771,1.0,0,0,0,0,0,6,2,2,2,4,1,4,0,,2,-4,-4,6,10,12,Hispanic,31.005,0,0
6772,0.0,0,0,0,1,0,5,2,2,1,1,3,-4,0,0.0,1,-4,-4,6,10,12,Hispanic,19.418,0,0
6773,1.0,,0,0,0,0,4,2,1,1,1,1,-4,0,0.0,1,0,238500,3,10,17,Hispanic,45.352,0,0
6774,1.0,0,0,0,0,0,5,1,1,1,1,1,-4,0,0.0,2,-4,-4,4,12,-3,Hispanic,31.139,0,0
6775,0.0,0,0,0,0,0,10,2,1,1,1,5,-4,0,0.0,2,-4,-4,6,-3,8,Hispanic,7.612,0,0
6776,0.0,0,0,0,0,0,0,2,2,2,2,1,1,0,0.0,2,-4,-4,4,13,12,Hispanic,52.456,0,0
6777,0.0,0,0,0,0,0,0,2,2,3,2,2,-4,0,1.0,2,-4,-4,4,13,12,Hispanic,27.137,0,0
6778,0.0,0,0,0,0,0,0,3,2,2,1,1,-4,0,0.0,1,-4,-4,4,13,12,Hispanic,21.8,-5,-5
6779,1.0,0,0,0,0,0,10,2,1,3,1,1,1,1,0.0,1,-4,-4,5,8,8,Hispanic,42.659,0,0
6780,0.0,1,1,5,0,1,4,3,2,2,1,1,-4,1,0.0,1,-4,-4,5,8,8,Hispanic,14.161,0,0
6781,1.0,0,0,0,0,0,3,2,2,2,2,1,1,0,0.0,2,0,1750,6,6,6,Hispanic,-0.004,0,0
6782,1.0,0,0,0,0,0,3,2,2,2,1,1,-4,0,0.0,2,0,1750,6,6,6,Hispanic,-0.004,0,0
6783,0.0,0,0,0,1,0,5,2,3,1,1,1,1,0,0.0,1,0,500,7,-3,-3,Hispanic,12.255,0,0
6784,1.0,0,0,0,0,0,3,2,1,2,2,4,-4,0,0.0,1,-4,-4,8,9,9,Hispanic,7.661,0,0
6785,1.0,0,0,0,0,0,2,1,1,1,1,1,1,0,0.0,2,0,1750,6,-3,5,Hispanic,33.079,0,-4
6786,0.0,0,0,0,0,0,3,2,2,1,1,2,-4,0,0.0,2,0,1750,6,-3,5,Hispanic,25.409,0,-4
6787,0.0,0,0,0,0,0,2,2,2,1,1,1,-4,0,0.0,1,0,1750,6,-3,5,Hispanic,5.045,0,-2
6788,0.0,0,0,0,1,0,3,4,3,2,4,4,1,1,0.0,2,-4,-4,6,12,10,Hispanic,7.03,0,0
6789,1.0,0,1,0,1,2,1,2,2,1,1,2,-4,0,0.0,1,-4,-4,6,-3,10,Hispanic,10.728,0,0
6790,0.0,0,1,6,0,0,3,1,1,4,3,3,-4,0,0.0,1,0,3050,4,5,13,Hispanic,0.28,0,0
6791,0.0,0,0,0,0,0,15,3,2,4,5,5,-4,0,1.0,2,1,500,3,-3,8,Hispanic,30.673,0,1
6792,1.0,0,0,0,0,0,35,2,2,2,1,3,-4,0,0.0,1,0,200,3,6,10,Hispanic,19.718,0,0
6793,1.0,0,0,0,0,0,3,1,2,3,4,4,4,0,0.0,2,0,4800,5,9,6,Hispanic,10.76,0,0
6794,1.0,1,0,0,0,0,8,3,3,4,4,3,2,1,0.0,2,0,31500,4,12,12,Hispanic,25.883,-5,-5
6795,1.0,0,0,0,0,0,3,3,2,1,1,1,-4,0,0.0,2,0,32000,3,12,14,Hispanic,42.918,0,-2
6796,0.0,0,0,0,0,0,1,2,1,1,1,2,-4,0,0.0,1,0,114040,6,12,12,Hispanic,11.219,0,0
6797,0.0,1,0,0,0,0,4,2,2,3,4,4,-4,1,1.0,1,0,17600,2,-4,13,Black,9.396,0,-4
6798,0.0,0,0,0,0,0,0,2,1,1,2,1,-4,1,0.0,1,0,12000,2,12,13,Black,39.812,0,-4
6799,1.0,0,0,0,0,0,3,2,3,1,1,2,1,0,0.0,2,-4,-4,6,6,7,Hispanic,-0.004,0,0
6800,0.0,0,0,0,0,0,7,1,2,1,1,1,-4,0,0.0,1,-4,-4,6,-3,-3,Hispanic,-0.004,0,0
6801,0.0,0,0,0,0,0,2,1,2,1,1,1,-4,0,0.0,2,-4,-4,6,3,6,Hispanic,-0.004,-5,-5
6802,0.0,0,0,0,-4,-4,-4,2,2,1,1,1,1,0,,1,0,3250,6,3,6,Hispanic,-0.004,0,0
6803,1.0,0,0,1,0,0,2,2,3,3,2,2,2,1,0.0,2,0,82000,8,7,13,Hispanic,42.886,0,0
6804,0.0,0,0,0,0,0,1,2,2,1,1,1,-4,0,0.0,1,0,82000,8,7,13,Hispanic,2.606,0,0
6805,1.0,0,0,0,0,0,2,3,3,2,4,1,-4,0,0.0,2,0,19450,6,6,7,Hispanic,28.282,0,0
6806,1.0,0,0,0,0,0,3,2,2,2,1,1,1,0,0.0,1,0,9750,5,12,9,Hispanic,72.751,0,0
6807,1.0,0,0,0,0,0,3,2,2,1,1,1,-4,0,0.0,2,0,9750,5,12,9,Hispanic,16.275,0,0
6808,0.0,0,0,0,5,0,4,2,3,5,5,5,5,1,0.0,2,0,3350,5,11,11,Hispanic,18.883,0,0
6809,1.0,1,0,0,0,0,6,2,1,1,2,1,-4,0,0.0,2,0,25700,6,12,12,Hispanic,48.727,0,0
6810,1.0,0,0,0,0,0,3,2,2,2,3,2,2,0,0.0,2,0,13250,6,5,6,Hispanic,10.555,0,0
6811,0.0,0,0,0,0,0,3,2,2,3,1,2,-4,0,0.0,2,0,13250,6,5,6,Hispanic,12.629,0,0
6812,0.0,0,0,0,0,0,3,1,2,1,3,1,1,0,0.0,1,0,-17750,6,6,10,Hispanic,13.709,0,0
6813,0.0,0,0,0,0,0,-2,2,2,4,5,4,-4,0,0.0,2,0,-17750,6,6,10,Hispanic,23.316,-5,-5
6814,0.0,0,0,0,0,0,0,3,2,3,1,1,1,1,0.0,1,0,65500,5,9,6,Hispanic,-0.004,0,0
6815,1.0,0,0,0,0,0,0,2,2,3,4,1,3,1,0.0,2,0,12000,4,12,12,Black,51.239,0,0
6816,1.0,0,0,0,0,0,1,2,3,1,1,1,-4,0,0.0,1,0,12000,4,12,12,Black,12.148,0,0
6817,0.0,0,0,0,0,0,2,1,2,1,1,2,1,0,,2,0,1500,7,6,5,Hispanic,0.622,0,0
6818,0.0,0,0,0,0,0,4,2,3,4,4,4,2,0,0.0,2,-4,-4,5,14,6,Hispanic,5.559,0,0
6819,0.0,0,0,0,0,1,5,2,1,2,1,3,2,0,0.0,1,-4,-9250,5,14,6,Hispanic,47.618,0,0
6820,0.0,0,0,0,0,0,4,2,2,1,1,1,-4,0,0.0,2,0,8750,7,6,6,Hispanic,-0.004,0,-4
6821,0.0,0,0,0,0,2,1,2,2,1,1,5,-4,0,0.0,2,-4,-4,7,8,6,Hispanic,25.852,0,0
6822,0.0,0,0,0,0,0,2,2,2,1,2,2,-4,0,0.0,2,-4,-4,7,8,6,Hispanic,0.841,0,-2
6823,0.0,0,0,0,0,0,0,2,2,1,1,1,-4,0,0.0,2,0,3750,5,-3,12,Hispanic,13.665,0,0
6824,1.0,0,0,0,0,0,0,1,2,4,3,1,3,1,0.0,1,0,11750,6,6,5,Hispanic,76.679,0,0
6825,1.0,0,0,0,0,0,2,1,2,1,1,1,-4,0,0.0,2,0,11750,6,6,5,Hispanic,7.911,0,0
6826,1.0,0,0,0,0,0,2,2,2,1,1,1,-4,0,0.0,1,0,161250,7,9,14,Hispanic,46.868,0,-2
6827,0.0,1,1,2,0,0,3,2,3,3,3,3,3,0,0.0,1,0,147500,6,12,12,Hispanic,25.105,0,0
6828,0.0,0,0,0,0,0,5,1,2,2,2,2,2,0,0.0,1,-4,-4,3,12,12,Hispanic,75.903,0,0
6829,1.0,0,0,0,0,0,4,1,2,3,2,1,-4,0,0.0,2,-4,-4,3,12,12,Hispanic,30.639,0,0
6830,1.0,0,0,2,0,0,0,1,1,2,1,1,2,0,0.0,1,0,168750,6,12,12,Hispanic,-0.004,0,0
6831,1.0,0,0,0,0,0,0,2,2,1,1,1,-4,0,0.0,2,0,168750,6,12,12,Hispanic,-0.004,0,0
6832,0.0,0,0,0,1,0,7,2,4,5,3,2,3,0,0.0,2,0,96750,6,12,12,Hispanic,14.368,0,0
6833,0.0,1,0,0,0,0,4,4,1,3,1,4,3,0,0.0,1,0,-3,4,12,13,Black,-0.004,-5,-5
6834,1.0,0,0,0,0,1,4,4,3,1,1,1,-4,0,,2,0,-3,4,12,13,Black,-0.004,-5,-5
6835,1.0,0,0,0,0,0,3,2,1,4,4,3,-4,1,0.0,2,0,500,4,13,12,Black,37.23,0,1
6836,1.0,0,0,0,0,2,0,2,2,4,1,2,-4,0,0.0,1,-4,-4,4,12,16,Black,-0.004,0,0
6837,1.0,1,0,0,0,0,3,2,2,1,1,4,5,0,0.0,1,0,-3,4,16,12,Black,-0.004,-5,-5
6838,1.0,0,0,0,0,0,4,2,1,3,1,1,4,0,,2,0,72950,2,12,12,Black,48.315,0,0
6839,,,0,0,0,0,0,2,3,4,3,3,4,1,,2,-4,-4,6,13,12,Black,14.654,-5,-5
6840,,,0,0,0,0,0,1,2,2,2,1,1,0,,2,-4,-4,6,13,12,Black,6.144,-5,-5
6841,0.0,0,1,0,10,0,11,2,2,4,4,2,4,1,0.0,1,0,-5500,5,-4,12,Hispanic,51.93,0,1
6842,1.0,0,0,0,2,1,4,1,2,1,1,3,-4,0,0.0,2,0,-5500,5,-4,12,Hispanic,53.114,0,1
6843,0.0,0,0,1,2,3,15,2,1,4,3,2,3,-3,0.0,1,0,7500,7,-3,12,Black,-0.004,-5,-5
6844,0.0,0,1,0,0,3,3,3,4,5,5,5,-4,0,0.0,1,0,7500,7,-3,12,Black,0.684,0,0
6845,0.0,0,0,0,0,0,6,2,2,2,2,1,4,0,,1,0,12500,6,-3,-3,Hispanic,14.102,0,0
6846,1.0,0,0,0,0,1,0,2,2,1,1,1,-4,0,0.0,1,0,7300,3,14,12,Black,15.157,0,1
6847,1.0,0,0,0,0,0,2,2,2,2,1,2,-4,0,0.0,1,0,7300,3,-3,-4,Black,9.426,0,1
6848,1.0,1,0,0,0,0,2,2,1,3,2,1,2,0,0.0,1,0,11250,5,6,8,Hispanic,-0.004,-5,-5
6849,1.0,0,0,0,0,0,5,2,2,3,4,1,3,0,0.0,2,0,4350,4,-4,13,Hispanic,69.573,-5,-5
6850,0.0,0,0,0,0,0,5,2,2,2,2,1,-4,0,0.0,1,0,8700,3,18,6,Hispanic,13.673,0,0
6851,0.0,0,0,0,1,0,6,2,3,2,1,3,-4,0,0.0,2,-4,-4,5,6,11,Hispanic,10.565,0,0
6852,1.0,0,0,0,1,0,4,2,2,2,2,2,-4,0,0.0,2,-4,-4,5,6,11,Hispanic,21.942,0,0
6853,,,0,0,0,1,2,3,3,1,2,3,-4,0,,1,-4,-4,3,-3,12,Hispanic,-0.004,-5,-5
6854,1.0,0,0,0,0,0,6,2,3,2,1,4,-4,0,0.0,1,0,28000,5,12,9,Hispanic,-0.004,-5,-5
6855,0.0,0,0,0,0,0,16,1,2,2,1,1,2,0,,2,-4,-4,4,-4,12,Hispanic,-0.004,0,-4
6856,0.0,0,0,0,0,2,2,1,2,-2,1,1,1,0,0.0,1,0,16500,3,12,12,Hispanic,6.529,-5,-5
6857,0.0,0,0,0,0,1,45,3,2,3,3,1,2,0,,2,0,3750,4,-3,9,Hispanic,59.54,-5,-5
6858,0.0,0,0,0,0,1,52,2,2,2,3,1,-4,0,,2,0,3750,4,-3,9,Hispanic,34.91,-5,-5
6859,1.0,1,0,0,0,0,6,1,2,1,1,1,2,0,0.0,1,0,7250,5,-3,-3,Hispanic,77.512,0,0
6860,1.0,1,0,0,0,0,6,3,3,2,-2,-2,-4,0,1.0,1,0,7250,5,-3,-3,Hispanic,51.461,0,0
6861,1.0,0,0,0,0,0,2,2,2,2,2,1,1,0,0.0,1,0,22500,7,14,12,Hispanic,72.896,0,0
6862,1.0,0,0,0,0,0,-2,2,3,4,1,5,-4,0,,1,-4,-4,4,18,14,Hispanic,65.666,0,1
6863,0.0,0,1,1,1,1,11,2,2,5,3,2,5,0,0.0,1,0,103150,5,12,12,Black,3.52,0,0
6864,0.0,,0,0,0,0,0,3,2,4,5,5,3,1,1.0,2,-4,-4,4,-3,12,Black,37.77,-5,-5
6865,1.0,0,1,0,0,1,0,1,2,1,1,1,-4,0,0.0,1,-4,-4,2,16,16,Black,64.898,0,0
6866,1.0,0,0,0,0,0,3,2,4,3,2,3,4,1,1.0,2,0,23500,4,13,13,Black,79.836,0,0
6867,0.0,0,0,0,1,6,7,1,1,1,1,2,-4,0,1.0,1,0,23500,4,13,13,Black,27.214,0,0
6868,0.0,0,0,0,0,0,20,2,4,3,4,4,5,0,,2,0,38027,6,-4,-4,Black,56.047,-5,-5
6869,1.0,1,0,0,0,0,3,1,2,2,2,3,5,0,,2,0,13500,4,-3,15,Black,21.261,0,-2
6870,1.0,0,1,0,0,4,1,1,2,2,3,4,-4,1,,1,0,13500,4,-3,15,Black,8.391,0,-2
6871,0.0,1,0,0,1,1,1,1,2,2,1,4,-4,1,0.0,1,0,13500,4,-3,15,Black,17.602,0,0
6872,0.0,0,1,-3,2,0,1,1,1,4,1,2,-4,1,0.0,1,0,2515,7,-3,13,Black,4.495,0,0
6873,0.0,1,1,1,0,0,7,1,2,1,1,1,-4,0,0.0,1,0,11750,6,10,12,Black,8.07,0,-2
6874,1.0,0,1,0,0,1,1,2,2,4,5,4,4,0,0.0,2,0,500,5,12,12,Black,59.699,0,-2
6875,0.0,0,0,0,2,2,4,1,2,2,1,1,-4,0,0.0,1,0,500,5,12,12,Black,7.135,0,-4
6876,0.0,1,0,0,2,2,14,2,2,3,2,5,-4,1,1.0,1,0,7500,4,11,11,Black,30.42,0,0
6877,0.0,0,0,0,0,0,6,2,2,4,5,5,5,1,,1,0,500,3,-3,11,Black,-0.004,0,0
6878,0.0,0,0,0,0,0,3,2,2,4,3,3,1,0,,1,-4,-4,4,-3,12,Black,-0.004,-1,-4
6879,1.0,0,0,6,0,0,20,1,2,4,4,5,5,0,0.0,1,0,9750,5,12,12,Black,40.611,0,0
6880,0.0,0,1,0,0,1,14,4,4,5,4,5,5,0,,2,0,9750,5,12,12,Black,16.07,0,0
6881,0.0,0,1,0,0,1,6,1,1,1,1,3,2,1,0.0,2,0,500,8,12,10,Black,20.991,0,0
6882,1.0,0,0,0,2,3,1,2,1,1,1,1,-4,1,0.0,2,0,500,8,12,10,Black,33.495,0,0
6883,0.0,0,1,0,20,2,3,2,2,1,1,4,-4,0,0.0,2,0,500,8,12,10,Black,14.826,0,0
6884,1.0,,0,0,0,0,2,2,2,3,3,3,3,0,,2,-4,-4,6,9,11,Black,15.498,-5,-5
6885,1.0,,0,0,0,0,2,2,2,4,4,4,5,1,,2,-4,-4,6,9,11,Black,15.03,-5,-5
6886,0.0,0,0,1,0,0,3,1,2,1,1,1,1,0,0.0,1,-4,123873,6,-3,12,Black,43.52,0,0
6887,0.0,0,0,0,0,0,3,2,1,1,1,1,-4,0,0.0,1,-4,123873,6,-3,12,Black,16.169,0,0
6888,0.0,0,0,0,0,0,1,2,2,4,5,5,5,0,0.0,1,0,-3,4,12,14,Black,59.096,0,0
6889,0.0,0,0,0,0,0,0,2,2,1,1,1,-4,0,0.0,2,0,-3,4,12,14,Black,59.311,0,0
6890,1.0,0,0,0,0,0,4,2,4,2,3,3,-4,0,0.0,2,1,450,7,10,12,Black,31.626,0,0
6891,1.0,0,0,0,0,0,2,2,2,1,1,1,-4,0,0.0,2,0,25500,6,14,15,Black,20.729,0,-2
6892,1.0,0,0,1,0,0,0,2,1,1,1,1,-4,0,0.0,1,0,1750,5,12,13,Black,-0.004,-5,-5
6893,0.0,0,1,0,0,0,20,2,2,4,3,4,5,-3,0.0,2,0,300,10,11,12,Black,21.836,0,0
6894,1.0,0,1,0,0,2,10,1,3,1,1,1,-4,0,0.0,1,0,1750,10,11,11,Black,20.693,0,0
6895,1.0,0,0,0,0,0,20,2,2,4,2,5,5,0,1.0,2,0,500,7,12,12,Black,28.229,0,0
6896,0.0,0,0,0,0,0,22,2,2,5,3,5,5,0,0.0,2,0,500,7,12,12,Black,9.279,0,0
6897,1.0,0,0,0,0,0,6,2,2,1,1,1,-4,0,0.0,2,0,500,9,12,12,Black,45.856,-5,-5
6898,1.0,0,0,0,0,0,8,2,1,1,1,1,-4,0,0.0,2,0,500,9,12,12,Black,42.752,0,0
6899,0.0,0,1,0,0,0,5,2,4,3,3,3,-4,0,,1,0,10750,2,95,12,Black,19.343,0,0
6900,0.0,0,0,0,0,0,5,3,4,3,3,3,4,1,0.0,2,0,148000,2,13,14,Black,25.261,0,0
6901,0.0,1,0,0,0,0,30,3,2,3,3,3,4,1,0.0,1,0,1750,5,12,12,Black,54.06,0,0
6902,1.0,0,0,0,0,0,3,2,3,2,3,2,4,0,0.0,2,0,-3,3,12,14,Black,41.983,0,0
6903,0.0,0,0,0,0,2,5,2,2,5,5,5,5,0,,2,0,-3,2,-4,14,Black,-0.004,-5,-5
6904,1.0,0,0,0,0,0,1,2,3,3,3,4,5,0,0.0,1,0,-3,3,-4,17,Black,29.738,0,0
6905,1.0,0,0,0,0,0,2,1,1,1,1,1,-4,0,0.0,2,0,-3,3,-4,17,Black,29.342,0,0
6906,0.0,0,0,0,5,0,15,1,4,3,1,1,-4,-4,0.0,2,0,37500,3,-3,12,Black,14.491,0,0
6907,1.0,0,0,0,0,0,7,3,3,3,3,2,-4,0,,1,-4,-4,5,3,3,Hispanic,-0.004,0,0
6908,0.0,,0,0,0,0,2,2,2,1,2,3,1,0,,2,-4,-4,7,6,3,Hispanic,-0.004,-5,-5
6909,1.0,0,0,0,0,0,5,2,3,3,2,2,-4,0,,2,-4,-4,3,-4,10,Black,-0.004,0,0
6910,0.0,0,0,0,0,0,9,2,2,3,4,3,4,0,,1,0,11500,2,3,12,Hispanic,33.969,-5,-5
6911,1.0,0,0,0,0,0,3,2,2,1,1,2,-4,0,0.0,1,0,4750,5,13,10,Hispanic,48.502,0,0
6912,0.0,0,0,0,0,1,2,2,1,1,1,1,-4,0,1.0,1,0,79700,4,7,8,Hispanic,27.822,0,0
6913,1.0,0,0,0,0,0,2,2,2,2,3,2,-4,1,0.0,2,0,2187,4,9,2,Hispanic,16.979,0,0
6914,0.0,0,1,0,1,0,6,2,2,4,3,2,2,0,1.0,2,0,2250,6,-3,6,Hispanic,33.373,0,0
6915,0.0,0,0,0,0,0,1,2,2,2,1,2,-2,0,,1,0,2250,6,-3,6,Hispanic,31.938,0,0
6916,0.0,0,0,0,-4,-4,-4,2,2,1,-2,-2,-2,0,0.0,2,-4,-4,8,-3,-3,Hispanic,15.553,0,0
6917,1.0,0,0,0,0,0,3,2,4,1,3,2,4,0,1.0,2,0,8000,6,-3,6,Black,31.674,0,0
6918,0.0,0,1,3,0,2,14,3,3,5,5,5,3,0,,1,0,2500,4,12,15,Black,6.285,0,1
6919,0.0,0,0,0,0,0,6,2,3,3,1,3,1,0,0.0,2,1,2500,4,-4,-4,Black,-0.004,0,-4
6920,0.0,0,1,0,2,1,12,2,1,4,5,5,-4,0,0.0,2,0,2500,4,12,15,Black,24.322,0,0
6921,1.0,0,0,0,0,2,14,3,3,3,5,5,5,0,,2,0,7500,4,-4,11,Black,6.9,-5,-5
6922,0.0,0,1,-3,0,0,0,3,2,5,1,5,-4,0,0.0,1,-2,7500,4,-4,-3,Black,3.612,-5,-5
6923,1.0,0,0,0,0,0,0,2,3,1,1,1,2,0,,2,0,-3,3,14,14,Black,-0.004,0,0
6924,1.0,0,0,0,0,0,6,2,2,1,1,-2,-4,1,0.0,2,0,-250,2,12,14,Black,23.361,0,0
6925,0.0,0,0,0,-4,-4,-4,1,2,1,1,-2,-4,0,0.0,2,0,-3,8,-3,-3,Hispanic,-0.004,0,-2
6926,0.0,0,0,0,0,1,5,1,2,1,1,2,-4,-3,0.0,1,0,-3,8,-3,-3,Hispanic,-0.004,-5,-5
6927,0.0,0,1,0,1,5,0,2,2,-2,-2,1,-4,1,,1,0,1750,4,-3,12,Hispanic,-0.004,0,0
6928,0.0,0,0,0,0,0,1,2,2,4,3,1,3,0,0.0,1,0,7800,3,9,12,Black,8.074,0,0
6929,0.0,0,1,4,0,0,0,1,1,1,1,1,-4,0,0.0,1,0,7800,3,-3,12,Black,7.71,0,0
6930,1.0,0,0,0,0,0,3,2,3,2,2,2,3,0,0.0,2,0,-3,8,8,6,Hispanic,-0.004,0,0
6931,1.0,0,0,0,0,0,1,2,3,1,1,1,-4,0,0.0,2,0,-3,8,8,6,Hispanic,-0.004,0,0
6932,0.0,0,0,0,30,20,0,3,4,4,4,4,-4,1,0.0,1,0,-9200,5,9,14,Hispanic,-0.004,0,0
6933,0.0,0,0,0,0,0,10,3,3,4,5,5,5,0,1.0,2,0,75400,5,6,13,Hispanic,6.173,-5,-5
6934,0.0,0,0,0,0,0,0,2,1,4,3,4,2,0,,1,0,66050,8,-3,6,Hispanic,4.929,-5,-5
6935,0.0,0,0,0,0,0,2,2,2,1,1,1,-4,0,0.0,2,0,66050,8,-3,6,Hispanic,14.416,-5,-5
6936,0.0,0,0,0,1,1,7,2,3,2,1,2,-4,0,0.0,2,0,23000,7,10,2,Hispanic,9.357,0,0
6937,,,0,0,1,0,1,2,2,1,1,2,-4,0,,2,1,4500,8,6,3,Hispanic,8.567,-5,-5
6938,0.0,0,1,0,0,0,0,2,2,1,1,1,-4,0,0.0,2,0,202050,6,10,6,Hispanic,34.612,0,0
6939,0.0,1,1,0,0,0,5,1,2,4,4,4,3,0,0.0,1,0,19500,6,12,12,Hispanic,44.077,0,0
6940,1.0,0,0,0,0,0,3,1,4,2,1,1,-4,1,0.0,1,0,19500,6,12,9,Hispanic,55.357,0,1
6941,0.0,0,0,0,0,0,0,2,2,-2,-2,1,-4,0,,1,0,22850,4,8,12,Hispanic,45.543,0,-2
6942,1.0,0,0,0,0,0,10,2,2,4,2,1,1,0,0.0,1,0,65500,7,12,16,Hispanic,36.052,0,0
6943,0.0,0,0,0,1,1,2,2,2,4,2,1,1,0,0.0,1,0,65500,7,-4,-3,Hispanic,37.891,0,0
6944,1.0,0,0,0,0,0,6,2,3,4,3,2,2,1,0.0,2,0,65500,7,12,16,Hispanic,44.208,0,0
6945,0.0,0,0,0,1,0,7,1,2,2,1,1,-4,0,0.0,2,0,135000,5,10,9,Hispanic,47.114,0,0
6946,0.0,0,0,0,0,0,8,2,2,5,4,3,5,0,,2,-4,-4,3,10,12,Black,14.507,0,0
6947,1.0,0,0,0,0,0,20,2,2,4,2,2,1,0,0.0,2,-4,-4,6,12,12,Black,-0.004,-5,-5
6948,1.0,0,0,0,0,0,2,1,2,1,1,1,-4,1,,2,-4,-4,6,15,16,Black,-0.004,0,0
6949,1.0,0,0,0,0,0,4,2,1,3,-2,-2,-2,0,0.0,2,-4,-4,6,15,16,Black,-0.004,0,0
6950,1.0,0,0,0,0,0,20,2,2,3,3,3,4,0,0.0,1,0,92000,4,12,20,Black,23.708,0,-2
6951,1.0,0,0,0,0,0,4,3,2,2,3,1,3,0,1.0,2,-4,-4,5,-4,14,Black,29.05,0,0
6952,1.0,0,0,0,0,0,5,2,2,3,1,1,-4,0,0.0,2,-4,-4,5,-4,14,Black,37.098,0,0
6953,0.0,1,0,0,0,0,3,2,2,1,1,2,-4,0,,2,0,7500,2,12,11,Black,-0.004,0,0
6954,1.0,0,0,0,0,0,0,2,4,4,1,1,-4,0,1.0,1,0,86301,9,12,14,Black,30.288,0,0
6956,0.0,0,0,0,0,0,0,2,-2,1,1,1,-4,0,0.0,2,0,27500,3,-3,18,Black,99.22,0,0
6957,0.0,0,0,0,0,0,2,2,2,4,3,2,2,0,0.0,1,0,45200,3,-3,11,Black,5.265,-5,-5
6958,0.0,0,1,1,0,7,10,3,4,5,1,1,-4,0,,1,0,1750,5,16,11,Black,-0.004,-5,-5
6959,0.0,0,0,0,0,0,40,2,2,4,5,4,-4,0,,1,0,1750,5,12,11,Black,-0.004,0,-2
6960,0.0,0,1,0,0,0,15,2,2,2,1,3,2,-3,1.0,1,0,500,5,12,11,Black,-0.004,-2,-2
6961,1.0,0,1,0,0,2,3,2,2,1,1,1,-4,1,1.0,1,1,1750,4,13,14,Black,25.915,0,0
6962,,,0,0,0,0,5,2,2,3,4,3,4,0,,2,0,8400,4,-3,12,Black,30.713,-5,-5
6963,1.0,0,0,0,0,0,6,2,2,1,2,2,3,0,,1,-4,-4,6,12,14,Black,-0.004,0,0
6964,1.0,0,0,0,30,1,30,2,4,2,3,1,-4,1,1.0,2,0,31000,4,14,12,Black,-0.004,0,0
6965,0.0,0,0,0,0,3,0,1,2,1,1,1,-4,0,0.0,2,0,1500,9,12,12,Black,14.679,0,0
6966,0.0,0,0,0,0,0,3,2,2,2,1,1,-4,0,0.0,1,1,17450,5,12,16,Black,64.323,0,-2
6967,1.0,0,0,0,1,1,1,2,1,2,2,4,-4,0,1.0,2,1,-950,2,-3,11,Black,45.099,0,0
6968,1.0,0,0,0,0,0,0,2,2,2,2,2,3,0,,1,-4,-4,5,-4,15,Black,-0.004,0,0
6969,1.0,0,0,0,0,0,7,2,3,3,2,1,3,0,,1,0,2000,3,14,10,Black,7.138,0,0
6970,0.0,0,0,2,0,0,10,2,3,2,3,2,-4,0,,1,0,2000,3,14,10,Black,-0.004,-5,-5
6971,0.0,0,0,0,0,0,5,1,2,2,4,2,4,1,0.0,2,0,3750,3,11,11,Hispanic,-0.004,0,0
6972,0.0,0,0,0,0,0,0,1,1,1,1,1,-4,0,0.0,2,0,7500,4,-3,10,Hispanic,-0.004,-5,-5
6973,1.0,0,0,0,0,0,0,2,2,2,1,2,1,0,0.0,1,0,17500,5,-3,14,Black,45.769,0,0
6974,1.0,0,0,0,0,0,2,2,2,1,1,1,-4,0,0.0,1,0,17500,6,16,12,Black,45.046,0,0
6975,1.0,0,0,0,0,1,1,2,2,1,1,1,-4,0,0.0,1,0,17500,6,12,12,Black,36.782,0,0
6976,1.0,0,0,0,0,0,-2,3,3,5,2,2,3,0,0.0,2,-4,-4,4,-3,8,Hispanic,6.021,0,-4
6977,0.0,0,1,1,0,0,-2,2,2,4,2,1,-4,0,,1,-4,-4,4,-3,8,Hispanic,10.103,0,-4
6978,0.0,0,0,0,1,2,22,2,2,-2,5,1,-4,0,0.0,2,-4,-4,4,-3,8,Hispanic,7.393,0,-2
6979,0.0,0,0,0,0,0,20,2,2,2,2,1,3,0,1.0,1,0,7500,4,11,11,Black,-0.004,0,0
6980,1.0,0,0,0,0,6,40,3,2,4,1,-2,-4,1,0.0,2,0,17500,4,7,8,Hispanic,16.951,0,0
6981,0.0,0,0,0,0,0,3,1,1,1,1,1,-4,0,0.0,2,0,-7000,4,9,15,Hispanic,9.797,0,0
6982,1.0,0,0,0,0,0,-2,2,2,1,1,2,-4,0,0.0,1,0,7500,6,6,6,Hispanic,2.354,0,0
6983,0.0,0,1,1,0,2,0,4,4,5,2,4,5,0,,1,0,7500,5,16,9,Hispanic,-0.004,0,1
6984,0.0,0,0,0,0,-2,30,3,2,2,1,1,3,0,1.0,1,0,7500,5,12,12,Hispanic,-0.004,-5,-5
6985,0.0,0,0,0,0,0,5,2,2,2,2,1,-4,0,0.0,2,0,7500,5,16,9,Hispanic,15.469,0,1
6986,1.0,0,0,0,1,2,2,2,1,1,1,1,-4,0,0.0,2,0,7500,3,8,14,Hispanic,43.394,0,0
6987,1.0,0,0,0,0,2,-2,3,3,4,5,-2,4,0,0.0,2,0,3750,6,-3,11,Black,19.016,-5,-5
6988,1.0,0,0,0,0,1,4,2,2,4,1,1,5,0,0.0,1,0,25500,5,14,14,Hispanic,60.98,0,0
6989,0.0,0,0,0,0,0,-2,1,2,3,5,4,5,0,0.0,2,0,7500,8,-4,12,Black,46.797,0,0
6990,0.0,0,1,0,0,0,8,3,3,1,1,1,-4,1,0.0,1,0,7500,8,-4,12,Black,11.865,0,0
6991,1.0,0,0,0,2,4,8,2,2,1,1,1,-4,0,0.0,2,0,7500,8,-4,12,Black,10.892,0,0
6992,0.0,,0,1,0,0,11,2,2,3,1,1,-4,0,,1,0,7500,2,16,13,Black,13.25,-5,-5
6993,0.0,0,0,0,0,0,10,3,2,3,2,1,5,0,,1,0,7500,6,-3,-3,Hispanic,62.218,-5,-5
6994,0.0,0,0,0,0,0,10,3,2,4,3,4,-4,0,0.0,1,-4,7500,6,-4,9,Hispanic,13.497,0,0
6995,0.0,0,1,1,2,1,2,3,2,2,1,2,-4,1,,1,0,3750,4,-3,10,Hispanic,10.487,1,1
6996,0.0,0,0,0,0,0,1,3,2,4,2,2,-4,0,,2,0,4050,6,-3,11,Hispanic,46.134,0,-2
6997,0.0,0,0,1,0,0,0,2,3,5,1,1,-4,0,0.0,1,-4,-4,6,-3,-4,Hispanic,4.215,-5,-5
6998,0.0,0,0,0,0,0,0,2,2,1,1,1,-4,0,,2,0,4050,6,-3,11,Hispanic,70.945,-5,-5
6999,,,0,0,1,1,6,2,2,3,3,1,4,0,,1,-4,-4,3,11,9,Hispanic,-0.004,-5,-5
7000,0.0,,0,0,0,0,3,1,2,2,1,1,-4,0,,2,0,3250,3,14,10,Hispanic,-0.004,-5,-5
7001,0.0,0,0,0,0,0,26,2,3,1,1,1,1,1,,1,0,1750,2,12,-3,Hispanic,-0.004,0,-2
7002,0.0,0,0,0,0,0,3,1,1,4,1,1,-4,0,0.0,1,0,-3,3,16,17,Black,29.024,0,0
7003,1.0,0,0,0,0,0,-2,2,3,1,1,1,-4,0,,2,0,37500,4,11,12,Black,-0.004,0,0
7004,0.0,0,0,0,0,0,1,3,3,3,4,2,-2,1,0.0,2,-4,-4,3,12,12,Black,31.194,0,0
7005,1.0,0,1,0,-2,2,0,2,2,2,1,1,-4,1,0.0,1,0,17500,5,12,16,Black,-0.004,0,0
7006,0.0,0,0,0,0,0,34,1,2,4,1,1,4,0,,2,0,17500,3,12,12,Black,10.557,-5,-5
7007,0.0,0,0,0,0,0,25,2,3,1,1,1,-4,0,,2,0,17500,3,12,12,Black,40.193,0,-4
7008,0.0,0,0,0,0,0,-2,2,2,1,1,5,-4,0,,1,0,3750,6,-4,4,Hispanic,-0.004,0,-4
7009,0.0,0,1,0,0,0,5,2,2,2,1,1,-4,0,0.0,1,0,7500,3,12,9,Hispanic,19.689,0,0
7010,0.0,0,0,0,0,0,3,2,2,3,1,1,-2,0,,2,0,7500,6,12,14,Hispanic,63.76,0,1
7011,0.0,0,0,0,0,0,5,2,2,3,2,1,-4,0,0.0,2,0,3750,3,12,12,Hispanic,51.448,-5,-5
7012,1.0,1,0,0,0,0,3,1,2,3,2,1,1,0,,2,0,17500,3,13,14,Hispanic,72.405,0,0
7013,0.0,0,1,0,0,0,6,3,3,5,5,5,5,0,0.0,2,-4,-4,4,-3,12,Black,77.187,0,0
7014,1.0,0,0,0,0,1,5,2,2,2,2,4,3,0,,2,-4,-4,4,-3,12,Black,14.639,0,0
7015,0.0,0,1,0,1,2,10,3,4,3,2,1,-4,0,0.0,1,-4,-4,3,12,7,Black,13.052,0,0
7016,0.0,1,0,0,0,8,15,2,2,3,2,3,1,1,0.0,1,0,17500,4,7,12,Hispanic,1.251,0,1
7017,1.0,0,0,0,0,0,1,2,2,4,2,1,4,0,0.0,2,0,32500,4,12,13,Black,20.361,0,0
7018,0.0,1,0,0,0,0,0,1,2,4,5,-2,-2,0,,2,0,-3,3,-4,-4,Hispanic,-0.004,0,0
7019,0.0,1,1,0,2,10,17,2,4,4,1,1,-4,1,0.0,1,0,-3,3,12,12,Hispanic,19.192,0,1
7020,0.0,0,0,0,2,1,1,2,2,1,1,1,1,0,0.0,1,0,-3,3,-4,12,Black,-0.004,0,0
7021,0.0,0,0,0,0,0,0,3,1,4,3,-2,-2,0,0.0,2,0,-3,4,-4,14,Black,19.016,0,0
7022,0.0,0,0,0,0,0,5,2,2,4,1,1,4,0,0.0,1,0,7500,4,-4,-3,Black,19.615,0,0
7023,0.0,,0,0,0,0,20,2,2,3,3,-2,-2,0,,1,0,500,3,-4,-4,Hispanic,1.239,-5,-5
7024,0.0,1,0,0,2,0,-2,3,2,4,-2,-2,-2,0,0.0,2,0,1750,3,-4,12,Black,-0.004,0,1
7025,0.0,0,1,8,0,4,0,1,1,4,4,-2,-4,0,0.0,1,0,1750,3,-4,12,Black,-0.004,0,0
7026,0.0,0,0,0,1,0,2,1,2,2,2,3,-4,0,0.0,2,0,7500,7,-3,14,Black,62.088,0,0
7027,0.0,0,0,0,1,3,3,3,3,3,1,2,3,1,0.0,1,0,49501,4,10,12,Hispanic,2.85,0,0
7028,1.0,0,0,0,0,0,4,2,2,1,1,1,2,0,0.0,1,0,3750,3,14,9,Hispanic,44.835,0,0
7029,0.0,,0,0,0,2,15,2,1,5,2,5,4,0,,1,0,37500,7,-3,12,Black,11.83,-5,-5
7030,1.0,0,1,0,0,1,5,1,2,5,3,2,5,0,0.0,1,0,37500,7,-3,12,Black,33.469,0,0
7031,0.0,0,0,0,0,3,5,2,2,1,1,1,-4,0,0.0,1,0,37500,7,-3,12,Black,0.937,0,0
7032,1.0,0,0,0,0,0,0,2,2,2,1,1,1,0,0.0,2,0,-3,5,-3,-3,Hispanic,66.701,0,0
7033,0.0,,0,0,0,2,10,1,2,2,1,1,-4,0,,1,0,17500,4,12,10,Hispanic,-0.004,-5,-5
7034,0.0,0,0,0,0,0,0,1,1,3,1,1,5,0,,2,-4,-4,6,-4,12,Black,-0.004,0,0
7035,1.0,0,0,0,0,0,1,2,1,4,2,-2,-4,0,0.0,2,0,-3,3,-4,12,Black,34.075,0,0
7036,1.0,0,0,0,0,0,4,2,2,3,2,1,-4,0,0.0,2,0,3750,4,12,12,Black,58.462,0,0
7037,1.0,0,0,0,0,0,0,2,-2,3,-2,3,-2,0,0.0,2,0,11250,4,12,12,Black,19.59,1,0
7038,1.0,0,0,0,0,0,1,1,1,1,1,1,-4,0,0.0,2,0,11250,4,12,12,Black,67.272,0,0
7039,0.0,0,0,0,0,0,0,2,2,2,1,1,-4,0,0.0,1,0,4500,4,-4,12,Black,25.811,0,0
7040,0.0,0,0,0,0,0,0,2,2,2,1,1,-4,1,0.0,1,0,50001,3,-3,-3,Black,5.88,0,0
7041,1.0,0,0,0,0,0,0,2,2,3,1,1,-4,0,,2,-4,-4,2,-4,13,Other,84.295,-5,-5
7042,0.0,0,0,0,0,0,0,2,2,4,1,1,-2,0,0.0,2,-4,-4,3,-4,15,Black,-0.004,0,0
7043,0.0,1,0,1,0,0,1,2,2,2,1,1,-4,0,0.0,1,0,3750,3,-4,12,Black,21.03,-5,-5
7044,0.0,0,1,0,0,0,3,3,2,5,4,3,-4,1,0.0,1,0,-3,2,-4,15,Black,41.089,0,0
7045,0.0,0,0,0,0,0,2,1,1,5,3,1,-2,0,0.0,1,-4,-4,6,-3,-3,Black,-0.004,0,0
7046,1.0,0,0,0,0,0,2,2,2,3,3,1,-4,0,0.0,1,-4,-4,4,-3,16,Black,48.915,0,0
7047,0.0,0,1,0,0,0,0,1,2,4,2,3,-4,0,0.0,1,-4,-4,4,12,12,Black,20.822,0,0
7048,1.0,0,0,0,0,0,1,1,1,4,2,1,2,0,0.0,2,-4,-4,11,-3,12,Black,21.955,0,1
7049,0.0,1,1,3,1,0,3,2,1,4,2,1,3,0,0.0,1,-4,-4,11,-3,12,Black,11.898,-5,-5
7050,1.0,0,0,0,0,0,0,2,2,4,3,1,3,0,0.0,2,0,-3,4,-3,-3,Black,-0.004,0,0
7051,1.0,0,0,0,0,0,1,2,1,2,1,1,5,0,0.0,1,0,-3,5,16,16,Black,77.934,-5,-5
7052,1.0,0,0,0,0,0,0,2,2,3,1,2,2,0,0.0,1,0,-3,5,16,16,Black,73.939,0,0
7053,0.0,0,0,0,0,0,0,2,2,2,1,1,3,0,1.0,2,-4,-4,4,12,12,Black,90.668,0,0
7054,1.0,0,0,0,0,0,8,2,3,3,3,1,1,0,,2,-4,-4,2,-4,14,Black,-0.004,-5,-5
7055,0.0,0,0,0,0,0,2,2,3,5,-2,-2,-2,0,0.0,1,0,3750,6,-3,9,Hispanic,35.495,0,0
7056,1.0,0,0,0,0,1,0,2,1,1,1,-2,-4,0,0.0,1,0,3750,6,-3,9,Hispanic,37.031,0,0
7057,0.0,0,0,0,0,0,1,2,2,5,-2,-2,-2,0,0.0,2,0,-3,3,-3,-3,Black,10.209,1,1
7058,1.0,0,0,0,0,0,0,2,2,4,-2,1,3,1,0.0,2,0,28750,6,-4,13,Hispanic,82.48,0,-4
7059,0.0,0,0,0,0,0,0,1,1,1,1,1,-4,0,0.0,2,0,-3,2,-3,12,Black,26.518,0,-4
7060,1.0,0,0,0,0,0,2,1,2,-2,1,1,-4,0,0.0,2,0,-3,6,8,12,Hispanic,71.995,-5,-5
7061,0.0,0,0,0,0,0,2,2,2,3,2,1,1,0,0.0,1,0,-3,4,14,14,Hispanic,68.315,0,0
7062,,,0,0,0,0,3,2,1,2,1,1,1,0,,1,0,-3,4,14,16,Black,78.714,-5,-5
7063,0.0,0,0,0,0,0,2,2,2,1,1,1,-4,0,0.0,2,0,-3,4,14,16,Black,73.717,-5,-5
7064,1.0,0,0,0,0,0,-2,2,2,4,3,1,3,0,0.0,2,0,7250,3,8,12,Hispanic,63.583,0,0
7065,0.0,1,0,0,0,0,20,3,-2,-2,-2,-2,-2,0,0.0,1,-4,-4,5,-4,12,Black,4.204,0,-4
7066,0.0,0,0,0,0,0,0,3,2,-2,2,1,-2,0,0.0,2,0,-3,6,-4,12,Black,43.598,0,0
7067,0.0,0,0,1,1,0,20,1,3,5,3,3,5,0,0.0,1,0,-3,6,12,14,Black,1.097,0,0
7068,0.0,0,0,0,0,0,18,2,3,4,3,3,4,0,0.0,1,0,-3,6,12,14,Black,3.678,0,0
7069,1.0,0,0,0,0,0,4,2,1,3,4,2,3,0,0.0,2,0,-3,6,16,12,Hispanic,95.414,0,0
7070,0.0,0,0,0,0,0,7,2,3,2,1,2,-4,0,0.0,2,0,3750,6,16,12,Black,10.988,0,0
7071,0.0,0,0,3,0,0,-2,2,2,2,-2,-2,-2,0,,1,0,-3,3,-4,12,Black,-0.004,0,0
7072,1.0,0,0,0,1,0,6,2,3,2,2,2,3,0,0.0,2,0,3750,5,-3,10,Hispanic,1.028,0,-4
7073,0.0,0,0,0,1,0,8,2,2,2,2,2,3,0,0.0,2,0,500,5,10,9,Hispanic,20.381,0,0
7074,0.0,,0,0,3,1,7,2,3,2,1,1,-4,0,,1,0,3750,5,-3,10,Hispanic,37.911,-5,-5
7075,0.0,0,0,0,0,0,2,2,1,1,1,1,-4,0,0.0,2,0,3750,3,-4,-3,Hispanic,14.863,0,1
7076,1.0,0,1,0,0,0,5,1,1,3,1,1,3,0,0.0,1,0,-3,6,-3,-3,Hispanic,17.527,0,0
7077,0.0,0,0,0,0,2,8,2,2,2,1,1,2,0,0.0,1,0,-3,6,12,10,Hispanic,10.684,0,1
7078,0.0,0,1,1,0,0,1,2,1,1,1,1,-4,0,0.0,1,1,8000,6,-4,-4,Hispanic,49.206,0,-4
7079,1.0,0,0,0,0,0,4,3,2,3,3,1,3,0,,2,0,1750,4,10,11,Hispanic,6.163,0,0
7080,1.0,0,0,0,0,0,4,2,1,3,2,1,3,0,,1,0,3750,7,10,8,Hispanic,83.005,0,0
7081,1.0,0,0,0,0,0,10,2,2,2,3,2,3,0,0.0,2,0,3750,7,10,8,Hispanic,41.789,0,0
7082,0.0,0,0,0,0,0,2,2,2,2,2,1,4,0,0.0,2,0,-3,5,12,10,Hispanic,50.57,0,0
7083,0.0,0,0,0,0,0,3,2,1,3,-2,2,-4,0,0.0,2,0,-3,5,12,10,Hispanic,39.667,0,0
7084,0.0,0,0,0,0,0,3,2,2,1,1,1,2,0,0.0,2,0,500,5,-4,12,Hispanic,-0.004,-5,-5
7085,0.0,1,0,1,0,0,2,2,3,4,3,2,-2,0,,1,-4,-4,8,12,12,Hispanic,25.269,0,0
7086,1.0,0,0,0,0,0,3,2,2,2,1,1,3,0,,2,-4,-4,5,9,9,Hispanic,23.98,-5,-5
7087,0.0,0,0,0,0,1,14,2,2,1,1,1,1,0,0.0,1,1,3750,5,10,11,Hispanic,-0.004,0,-2
7088,1.0,,0,0,0,0,1,1,1,1,1,1,-4,0,,2,0,3250,3,-3,8,Hispanic,68.766,-5,-5
7089,1.0,1,0,0,0,0,14,2,1,3,1,1,3,0,0.0,2,0,12700,8,10,10,Black,68.722,0,1
7090,0.0,,0,0,0,0,14,2,1,3,2,1,-4,0,0.0,2,0,12700,8,10,10,Black,69.563,0,1
7091,0.0,0,0,0,0,0,4,2,1,2,1,2,-4,0,0.0,2,0,1750,8,-3,10,Black,14.359,0,-2
7092,0.0,1,0,0,0,0,-2,1,1,1,1,1,-4,0,0.0,1,0,-3,3,-4,-3,Black,43.288,0,0
7093,0.0,0,0,0,0,2,3,1,2,2,1,1,-4,0,0.0,1,0,-3,3,12,15,Black,-0.004,0,0
7094,0.0,0,0,0,0,0,5,2,3,3,2,1,2,0,,2,0,-3,7,12,-4,Black,-0.004,0,0
7095,1.0,0,0,0,0,0,1,2,2,2,1,2,-4,0,0.0,1,0,-3,4,14,12,Black,67.766,0,0
7096,1.0,0,0,0,0,0,3,2,2,1,1,1,-4,1,0.0,2,0,86700,5,16,17,Black,72.274,0,0
7097,1.0,0,1,1,0,1,2,2,1,1,1,1,-4,1,0.0,1,0,-3,6,12,16,Black,55.319,0,1
7098,0.0,0,0,0,0,0,3,2,1,3,3,2,4,0,0.0,2,0,46450,5,16,16,Black,86.122,0,0
7099,1.0,0,1,0,1,0,3,2,3,2,2,2,-4,1,0.0,2,-4,-4,3,15,16,Black,-0.004,0,0
7100,0.0,,0,0,0,3,5,2,3,4,1,1,-4,0,,1,0,5000,3,-3,13,Black,-0.004,-5,-5
7101,1.0,0,0,0,0,0,1,2,2,4,2,4,-4,1,0.0,1,0,179250,2,12,14,Black,62.259,0,0
7102,1.0,1,0,0,0,0,0,2,2,1,1,1,-4,0,0.0,1,0,7500,3,12,-3,Hispanic,22.86,0,0
7103,0.0,0,0,1,0,0,20,2,2,5,5,2,-4,0,0.0,1,0,13007,2,-3,12,Hispanic,31.345,0,-4
7104,0.0,0,1,2,0,0,3,3,2,3,3,3,3,0,,1,1,500,4,-4,-3,Black,-0.004,0,0
7105,1.0,0,0,0,0,2,5,2,3,3,1,1,-4,0,0.0,2,0,500,4,-4,-3,Black,61.716,0,0
7106,0.0,0,0,0,0,0,6,3,3,3,3,4,4,0,0.0,2,0,1750,6,12,11,Black,7.043,0,0
7107,0.0,0,0,0,0,0,-2,3,4,5,5,2,5,0,1.0,2,0,1750,6,12,11,Black,53.927,0,-2
7108,1.0,0,0,0,0,0,3,2,3,1,1,1,-4,1,0.0,1,0,-3,3,-4,17,Black,85.207,0,0
7109,0.0,0,0,0,0,0,20,3,2,3,1,1,5,0,1.0,1,0,-3,3,-4,12,Black,12.025,0,0
7110,0.0,0,0,0,0,1,18,2,3,5,2,4,-4,0,,2,0,-3,4,-4,-4,Black,21.67,-2,1
7111,0.0,0,0,0,1,0,0,3,2,2,1,2,5,0,0.0,2,-4,-4,6,-3,12,Black,16.849,0,-2
7112,0.0,0,0,0,0,0,0,3,2,1,1,3,-4,0,0.0,2,-4,-4,6,-3,12,Black,5.745,0,-2
7113,0.0,0,0,0,0,3,5,2,2,1,1,1,-4,0,,1,0,-3,7,-4,-3,Black,8.912,0,-4
7114,0.0,0,0,0,0,0,12,3,2,1,1,1,-4,0,0.0,1,0,3150,2,12,12,Black,7.563,0,0
7115,0.0,0,0,0,0,0,5,2,2,3,2,1,-4,0,0.0,1,0,-3,3,-4,11,Black,10.823,0,0
7116,0.0,0,1,2,0,0,6,2,2,1,1,1,-4,0,,1,0,500,5,12,11,Black,23.034,-5,-5
7117,1.0,0,0,0,0,2,2,2,3,1,1,1,-4,0,0.0,2,0,38750,4,-3,16,Black,18.524,0,1
7118,0.0,0,0,0,0,0,4,2,2,1,1,2,-4,0,1.0,2,-4,-4,4,12,16,Black,-0.004,0,0
7119,0.0,0,0,1,2,0,7,1,2,2,1,1,-4,1,,1,0,500,4,-4,-3,Black,-0.004,-5,-5
7120,0.0,0,0,0,0,0,5,2,2,5,1,1,-4,0,0.0,2,0,-3,3,-3,14,Black,65.853,0,0
7121,0.0,0,0,0,0,0,4,2,3,3,4,3,4,0,,2,-4,-4,5,-4,-3,Black,24.568,0,0
7122,0.0,0,0,0,0,0,5,2,3,2,1,1,-4,0,,2,-4,-4,5,-4,-3,Black,-0.004,-5,-5
7123,1.0,0,0,0,0,0,3,1,1,1,1,1,-4,0,0.0,2,0,500,4,9,15,Hispanic,6.92,0,0
7124,1.0,1,0,0,0,0,5,2,4,3,2,1,2,0,,2,0,292500,3,14,12,Black,72.164,0,0
7125,1.0,0,0,0,0,0,0,2,2,4,2,1,4,0,0.0,2,0,1487,4,9,9,Black,-0.004,0,1
7126,0.0,0,0,0,0,4,0,1,2,2,2,1,-4,1,,1,0,1487,4,9,9,Black,3.123,-5,-5
7127,,,0,0,2,0,2,3,2,4,1,1,-4,0,,1,0,105750,5,-3,11,Black,13.54,-5,-5
7128,,,0,0,0,1,0,2,2,1,1,1,-4,0,,1,0,105750,5,-3,11,Black,6.431,-5,-5
7129,0.0,0,0,0,0,1,2,3,2,2,5,4,-4,0,0.0,1,0,19550,4,7,8,Hispanic,-0.004,0,0
7130,1.0,0,0,0,0,0,3,2,2,3,2,2,5,0,0.0,1,0,28250,5,15,15,Hispanic,-0.004,0,0
7131,0.0,0,0,0,0,0,25,1,2,3,3,1,5,0,0.0,1,0,300,3,-4,-3,Hispanic,-0.004,0,-4
7132,1.0,0,0,0,0,0,0,1,1,2,1,2,2,0,0.0,2,0,62750,4,16,12,Hispanic,33.686,0,0
7133,0.0,0,0,0,0,0,10,2,1,2,3,1,3,1,,2,-4,-4,5,-4,-3,Hispanic,15.949,0,0
7134,1.0,0,1,0,0,0,0,1,1,3,2,2,4,0,0.0,1,0,55800,6,12,12,Hispanic,19.986,-5,-5
7135,1.0,0,0,0,0,0,9,2,1,3,2,3,-4,0,0.0,1,0,33020,4,8,12,Hispanic,66.068,0,0
7136,0.0,0,0,0,0,0,2,1,2,3,2,3,3,0,,2,0,32750,6,11,8,Hispanic,-0.004,0,0
7137,0.0,0,0,0,0,0,5,2,2,4,4,3,-4,0,0.0,2,0,32750,6,11,8,Hispanic,-0.004,0,0
7138,0.0,0,0,0,0,0,0,2,2,4,3,2,4,0,,1,0,16096,6,7,7,Hispanic,29.979,0,0
7139,0.0,0,0,0,0,0,0,1,1,4,2,2,3,0,0.0,2,0,16096,6,7,7,Hispanic,31.309,0,0
7140,0.0,0,0,0,0,0,0,1,1,3,1,1,-4,0,0.0,2,0,16096,6,7,7,Hispanic,47.248,0,0
7141,0.0,0,0,4,0,0,0,2,2,3,2,3,3,1,,1,0,1750,5,-3,6,Hispanic,8.196,-5,-5
7142,1.0,0,0,0,0,0,0,1,1,1,1,1,-4,0,0.0,2,0,1750,5,-3,6,Hispanic,12.517,0,0
7143,1.0,0,0,0,0,0,1,2,2,3,3,3,-4,0,0.0,1,0,66250,6,9,14,Hispanic,42.392,0,0
7144,1.0,0,0,0,0,0,0,2,1,2,2,2,-4,0,0.0,2,0,66250,6,9,14,Hispanic,10.273,0,0
7145,0.0,0,1,0,0,0,0,2,1,3,4,5,3,1,0.0,2,0,11250,6,-3,-3,Hispanic,27.786,0,0
7146,1.0,0,1,0,0,1,-2,2,2,4,3,5,-4,1,0.0,1,0,11250,6,-3,-3,Hispanic,6.493,0,0
7147,1.0,0,0,0,0,0,0,1,2,2,2,2,3,0,1.0,2,0,500,5,-3,-3,Hispanic,-0.004,0,1
7148,1.0,0,0,0,0,0,1,2,2,3,-2,4,-4,1,1.0,2,0,-3,5,-3,-3,Hispanic,81.96,0,0
7149,0.0,1,0,0,0,0,0,2,2,3,3,3,4,0,,1,0,33250,3,-4,12,Hispanic,19.129,0,-4
7150,0.0,0,1,2,0,0,1,1,1,2,1,2,-4,0,0.0,1,0,33250,3,-4,12,Hispanic,27.511,0,-4
7151,1.0,0,0,0,0,0,0,1,1,2,1,2,-4,-3,0.0,2,0,47500,5,14,10,Hispanic,26.419,-5,-5
7152,0.0,0,0,0,0,0,2,2,2,3,3,3,3,-3,0.0,2,0,3750,3,13,12,Hispanic,11.733,0,0
7153,0.0,0,1,0,0,0,5,2,1,3,4,3,1,0,0.0,1,0,1750,3,12,12,Hispanic,49.003,0,0
7154,0.0,0,0,0,0,0,22,2,2,5,2,4,5,0,0.0,2,0,1750,3,12,-3,Hispanic,11.986,0,0
7155,1.0,0,0,0,1,0,2,1,1,2,3,1,3,1,0.0,1,0,2250,2,10,12,Hispanic,92.679,0,0
7156,0.0,0,0,4,0,0,4,3,3,5,3,4,4,0,,1,0,78500,3,-4,16,Black,-0.004,1,-4
7157,0.0,0,0,0,0,0,2,2,3,2,1,2,-4,0,1.0,1,0,78500,3,18,14,Black,-0.004,0,0
7158,0.0,0,0,0,0,0,2,3,3,2,3,1,4,1,0.0,2,0,66600,2,-4,12,Hispanic,38.718,0,1
7159,0.0,1,1,0,0,0,10,2,2,2,2,2,-4,0,0.0,1,0,-900,6,-3,12,Hispanic,15.36,-5,-5
7160,0.0,0,0,0,0,0,2,2,3,3,3,3,2,0,,1,-4,-4,3,-3,9,Hispanic,-0.004,0,-4
7161,1.0,0,0,0,0,0,3,3,3,2,3,1,1,0,0.0,2,0,62900,4,-4,12,Hispanic,22.241,0,-4
7162,1.0,0,0,0,0,0,2,2,1,4,2,3,3,1,0.0,2,0,572900,5,12,14,Hispanic,33.901,0,0
7163,1.0,0,0,0,0,0,0,1,1,1,1,2,-4,0,0.0,1,0,572900,5,12,14,Hispanic,74.94,0,0
7164,1.0,0,0,0,0,0,5,2,2,1,1,2,-4,0,0.0,2,0,-3,5,12,18,Hispanic,39.338,0,0
7165,0.0,1,0,8,0,0,4,2,2,2,2,1,1,0,,1,0,375600,4,12,12,Hispanic,-0.004,0,0
7166,1.0,0,0,0,0,0,2,2,1,1,1,1,-4,1,0.0,2,0,88700,4,18,20,Hispanic,14.343,0,0
7167,0.0,0,0,0,0,0,42,4,4,5,5,3,4,0,,1,0,152500,5,9,12,Hispanic,11.987,0,0
7168,1.0,1,0,0,0,0,7,2,2,3,2,1,2,0,0.0,1,0,42350,6,11,12,Hispanic,50.692,0,0
7169,0.0,0,0,0,0,0,-2,3,3,3,3,4,-4,0,0.0,2,0,42350,6,11,12,Hispanic,19.83,0,0
7170,1.0,0,0,0,0,0,1,1,2,3,4,2,3,-3,0.0,1,0,331500,5,18,14,Hispanic,53.445,0,0
7171,1.0,0,0,0,0,0,3,2,2,3,2,3,-4,1,0.0,1,0,331500,5,18,14,Hispanic,24.878,0,0
7172,0.0,0,0,0,-4,-4,-4,2,2,1,1,2,-4,0,0.0,2,0,125150,3,12,12,Hispanic,9.94,-5,-5
7173,1.0,0,0,0,0,0,0,2,1,2,4,2,3,0,0.0,2,0,500,6,-3,-3,Hispanic,-0.004,0,0
7174,1.0,0,0,0,0,0,0,2,3,1,1,1,-4,0,0.0,1,0,500,6,-3,-3,Hispanic,83.453,0,0
7175,1.0,0,0,0,0,0,10,2,3,3,3,2,5,0,,2,0,3200,3,12,12,Black,56.277,0,-4
7176,1.0,0,0,0,0,2,0,2,3,1,1,1,-4,0,0.0,2,0,3200,3,12,12,Black,17.91,0,-2
7177,1.0,0,0,0,0,0,0,2,3,2,2,1,-4,0,0.0,2,0,6250,2,12,12,Hispanic,71.261,0,0
7178,0.0,0,0,0,0,0,0,1,1,1,1,1,-4,0,0.0,2,0,800,6,6,8,Hispanic,2.27,0,0
7179,0.0,0,0,0,0,1,2,2,3,3,1,2,1,0,0.0,1,0,24500,5,9,6,Hispanic,8.896,0,0
7180,1.0,0,0,0,0,0,1,2,2,3,-2,2,4,1,1.0,2,0,-3,4,15,15,Black,-0.004,0,0
7181,0.0,0,0,0,0,0,2,2,1,2,2,4,-4,1,0.0,1,0,-3,4,15,15,Black,-0.004,0,0
7182,1.0,0,0,0,0,0,1,2,1,2,1,2,4,0,,2,-1,-3,3,15,12,Black,-0.004,0,0
7183,1.0,0,0,0,0,0,0,2,1,3,2,1,2,1,0.0,2,0,259500,4,16,16,Black,-0.004,0,0
7184,1.0,0,0,0,3,0,2,2,2,1,1,1,-4,0,0.0,1,-4,-4,5,5,-3,Black,63.692,0,0
7185,0.0,0,0,1,0,0,0,2,2,1,1,1,-4,0,,2,1,348501,4,-4,-4,Hispanic,22.989,0,0
7186,1.0,0,0,0,0,0,2,2,4,4,4,2,4,0,0.0,1,0,-3,2,16,16,Black,59.36,0,0
7187,0.0,0,1,0,0,0,8,2,2,3,3,1,3,0,0.0,2,0,144500,2,14,16,Hispanic,75.597,0,0
7188,1.0,0,0,0,0,0,2,2,3,4,4,2,4,0,0.0,2,0,245750,4,12,12,Black,16.364,0,0
7189,0.0,0,0,0,0,0,-2,3,4,1,1,4,-4,0,,2,0,2250,4,-4,3,Hispanic,-0.004,-5,-5
7190,0.0,0,0,0,0,0,2,3,3,4,5,1,3,0,,1,0,75570,6,8,11,Hispanic,53.481,0,0
7191,0.0,1,1,0,2,0,4,2,4,3,3,2,5,0,0.0,1,0,7500,7,6,6,Hispanic,64.735,0,0
7192,0.0,1,0,1,2,2,3,2,3,4,4,1,5,0,0.0,2,0,7500,7,6,6,Hispanic,42.657,0,0
7193,0.0,0,0,0,50,0,0,2,2,3,4,2,4,1,1.0,1,0,209250,4,19,12,Hispanic,73.245,0,0
7194,1.0,0,0,0,0,0,6,1,2,2,1,1,1,0,0.0,2,0,-3,5,10,8,Hispanic,37.027,0,0
7195,1.0,0,0,0,1,0,4,3,2,1,1,4,-4,1,0.0,1,0,-3,5,10,8,Hispanic,30.298,0,0
7196,0.0,0,0,0,0,0,3,2,2,4,4,2,2,1,,1,0,-5785,7,-4,16,Hispanic,30.864,0,-4
7197,0.0,0,0,0,1,0,0,2,1,3,4,2,3,1,1.0,1,0,-5785,7,-4,16,Hispanic,54.44,0,-4
7198,1.0,0,1,0,0,0,1,2,2,3,3,2,-4,0,0.0,2,0,-5785,7,-4,16,Hispanic,65.084,0,0
7199,1.0,0,0,0,1,0,5,2,2,2,1,4,-4,0,0.0,2,0,-5785,7,-4,16,Hispanic,48.837,0,0
7200,1.0,0,0,0,0,0,4,2,2,1,1,1,1,0,0.0,2,0,-3,3,12,10,Hispanic,56.556,0,0
7201,1.0,0,0,0,0,0,2,2,2,4,4,2,3,0,0.0,1,0,12250,4,-3,9,Hispanic,37.943,0,-4
7202,1.0,1,0,1,3,0,2,2,3,2,1,4,-4,0,1.0,1,0,22700,5,9,8,Hispanic,16.506,0,0
7203,0.0,0,1,0,1,2,2,2,3,-2,-2,-2,-4,0,,1,0,22700,5,9,8,Hispanic,-0.004,0,0
7204,0.0,0,0,0,0,0,6,2,2,4,1,2,2,0,0.0,2,0,33410,6,-4,12,Hispanic,33.884,0,0
7205,1.0,0,0,0,0,0,3,2,2,1,3,1,1,0,0.0,1,0,-3,6,14,12,Hispanic,-0.004,0,0
7206,1.0,0,0,0,0,0,0,2,2,3,1,2,2,0,0.0,1,0,146500,4,12,12,Hispanic,96.437,0,0
7207,1.0,0,0,0,0,0,0,2,2,5,5,5,1,0,,1,-4,-4,5,6,7,Hispanic,-0.004,0,0
7208,0.0,0,0,0,1,0,4,2,2,2,1,3,-4,0,0.0,2,0,3750,5,-4,95,Hispanic,19.203,0,0
7209,0.0,0,0,0,0,0,2,2,2,-2,1,3,-4,0,0.0,1,0,3750,6,11,11,Hispanic,52.899,0,0
7210,1.0,0,0,0,0,0,8,2,2,4,4,3,2,0,0.0,1,0,-2750,7,-3,-3,Hispanic,41.365,0,0
7211,1.0,0,0,0,0,0,0,2,2,3,4,3,3,0,,2,-4,-4,5,14,14,Hispanic,-0.004,0,0
7212,0.0,0,0,0,0,0,0,2,2,4,2,3,-4,0,,1,-4,-4,5,14,14,Hispanic,-0.004,0,0
7213,1.0,0,0,0,0,1,10,2,2,4,4,4,-4,0,,2,0,8250,5,14,6,Hispanic,56.42,0,0
7214,0.0,0,0,0,0,2,2,3,3,1,1,1,-4,1,,1,0,8250,5,14,6,Hispanic,-0.004,0,0
7215,1.0,0,0,0,0,0,0,1,1,3,2,1,-4,1,0.0,2,0,35600,5,12,15,Black,-0.004,0,0
7216,1.0,0,0,0,0,0,2,2,1,1,1,1,-4,0,0.0,1,0,500,2,-3,-3,Black,-0.004,0,-2
7217,1.0,0,0,0,0,0,3,1,2,3,2,1,4,0,0.0,2,0,38661,3,12,12,Black,-0.004,0,0
7218,0.0,0,0,0,0,0,3,2,2,1,1,1,1,1,0.0,2,0,43955,6,-3,14,Black,-0.004,0,-4
7219,0.0,1,1,1,0,0,6,2,3,3,2,1,4,-3,,1,0,43955,6,-3,14,Black,43.852,0,-4
7220,0.0,0,1,1,1,3,1,1,2,1,1,1,-4,1,0.0,1,0,500,7,12,11,Hispanic,50.643,0,0
7221,1.0,0,0,0,0,0,3,2,1,2,1,1,-4,0,0.0,1,0,-21400,3,15,15,Black,-0.004,0,0
7222,1.0,0,0,0,0,0,2,1,1,3,4,2,3,0,,1,0,16500,6,3,12,Hispanic,79.338,0,0
7223,1.0,0,0,0,0,0,4,1,1,2,2,2,-4,0,,1,0,16500,6,8,12,Hispanic,72.074,-5,-5
7224,0.0,0,0,0,1,1,5,2,2,2,1,2,3,0,,1,0,102500,4,10,12,Black,49.956,0,0
7225,1.0,1,0,0,0,0,0,1,2,2,2,1,1,0,0.0,1,0,-3,5,16,13,Hispanic,80.527,0,1
7226,1.0,0,0,0,0,0,3,2,2,4,5,4,-4,1,0.0,2,0,-3,5,16,13,Hispanic,29.003,0,1
7227,0.0,0,0,0,0,0,3,2,2,5,2,2,3,0,0.0,1,-4,-4,5,-3,5,Hispanic,6.921,0,0
7228,0.0,0,0,0,0,0,1,2,1,5,4,4,3,0,0.0,1,-4,-4,5,6,-3,Hispanic,-0.004,0,0
7229,0.0,0,0,3,0,0,2,2,2,1,1,1,-4,0,,1,-4,-4,5,6,-3,Hispanic,24.998,0,0
7230,0.0,0,1,2,0,10,36,2,2,3,4,5,-2,0,,2,1,500,10,-3,12,Black,1.179,0,0
7231,0.0,0,1,4,-4,-4,-4,2,2,2,1,1,3,-1,0.0,1,1,500,10,-3,12,Black,-0.004,-5,-5
7232,0.0,0,1,0,0,0,0,1,1,1,1,-2,5,0,0.0,2,1,500,10,-3,12,Black,5.118,0,0
7233,0.0,0,1,2,0,3,1,3,2,1,1,1,-4,0,,1,1,500,10,-3,12,Black,1.134,0,0
7234,0.0,0,1,3,0,6,4,2,2,3,-2,-2,-4,0,0.0,1,1,500,10,-3,12,Black,19.855,0,0
7235,1.0,0,0,0,0,0,0,2,1,3,3,2,-4,0,0.0,2,0,13500,4,14,14,Black,-0.004,0,0
7236,0.0,0,0,5,0,0,1,1,1,2,1,2,-4,0,0.0,2,-4,-4,3,-3,12,Black,18.833,0,-2
7237,0.0,0,0,0,3,1,-2,2,2,3,2,2,3,1,0.0,2,0,-3,5,-3,6,Hispanic,-0.004,0,0
7238,1.0,0,0,0,0,0,4,2,2,4,4,3,2,0,,1,-4,-4,4,12,12,Hispanic,-0.004,-5,-5
7239,1.0,1,0,0,0,0,0,1,1,2,1,1,2,0,0.0,1,0,500,2,14,6,Hispanic,-0.004,0,0
7240,0.0,0,0,0,0,0,4,2,2,4,3,3,4,0,0.0,2,0,-3,5,8,8,Hispanic,18.243,0,0
7241,0.0,0,0,0,0,0,1,2,1,2,1,1,-4,0,0.0,2,-4,-4,4,9,9,Hispanic,-0.004,0,0
7242,1.0,0,0,0,0,0,0,2,2,1,1,1,-2,0,0.0,1,0,-3,4,9,10,Hispanic,22.547,0,0
7243,0.0,0,0,0,1,0,0,2,2,1,1,3,3,0,0.0,2,0,-3,7,6,5,Hispanic,30.575,0,0
7244,0.0,0,0,0,0,0,2,2,2,2,1,2,-4,0,0.0,2,0,-3,7,6,5,Hispanic,41.393,0,0
7245,0.0,0,1,0,1,0,30,4,3,4,4,2,5,-3,,1,0,52600,6,12,12,Black,-0.004,0,0
7246,0.0,0,1,0,0,1,1,2,2,3,3,4,3,-3,0.0,1,0,52600,6,12,11,Black,16.452,0,0
7247,0.0,0,1,1,0,1,0,2,3,1,1,5,-4,0,,1,1,52600,6,-3,12,Black,13.148,0,-4
7248,0.0,0,1,2,0,6,0,2,3,2,1,1,-4,0,0.0,1,0,52600,6,-3,11,Black,5.113,0,0
7249,0.0,0,0,3,0,0,10,2,2,3,3,2,3,0,,1,-4,-4,7,-3,10,Black,4.523,-5,-5
7250,0.0,0,1,2,0,0,60,2,2,5,5,2,3,0,,1,-4,-4,7,-3,10,Black,-0.004,-5,-5
7251,0.0,0,1,0,0,0,50,2,2,4,5,5,5,-3,0.0,1,-4,-4,7,-4,11,Black,7.606,0,0
7252,1.0,0,0,0,0,0,6,2,3,2,1,2,-4,0,0.0,1,1,-3,2,12,12,Black,61.554,0,0
7253,0.0,0,1,0,0,0,0,1,2,1,1,3,-4,0,0.0,1,-4,-4,2,-4,12,Black,-0.004,0,0
7254,0.0,0,0,0,0,0,0,2,2,2,3,1,3,0,0.0,1,0,85000,6,12,12,Hispanic,23.479,-5,-5
7255,1.0,0,0,0,0,1,5,2,2,4,1,1,-4,1,,1,0,85000,6,12,12,Hispanic,31.063,-5,-5
7256,1.0,0,0,0,0,0,0,3,3,4,4,2,4,1,,1,0,177500,5,13,13,Black,-0.004,-5,-5
7257,1.0,0,1,0,1,1,1,2,4,2,1,1,4,1,0.0,1,0,427001,4,16,16,Black,61.468,0,0
7258,0.0,0,1,0,0,0,0,2,2,4,3,1,-4,0,0.0,2,0,195500,3,14,18,Black,-0.004,0,0
7259,1.0,0,0,0,0,0,2,2,2,4,3,2,3,0,,1,0,70500,3,-4,14,Black,41.587,-5,-5
7260,0.0,0,1,0,0,0,10,3,2,3,4,2,5,0,,1,0,170500,5,12,12,Hispanic,11.621,0,0
7261,0.0,0,0,0,0,0,1,2,2,3,2,2,-4,0,0.0,1,0,148500,5,12,12,Hispanic,19.964,0,0
7262,1.0,0,0,0,0,0,2,1,2,4,2,5,-4,0,0.0,2,0,49600,5,12,12,Hispanic,-0.004,0,0
7263,0.0,0,0,0,0,0,0,2,2,1,1,1,5,0,1.0,2,0,-3,6,11,11,Black,-0.004,0,0
7264,0.0,0,0,0,0,0,4,2,2,1,1,1,5,1,0.0,2,0,-3,6,11,11,Black,-0.004,0,0
7265,0.0,0,0,0,0,0,1,2,2,1,1,1,-2,0,0.0,1,0,-3,6,11,11,Black,-0.004,0,0
7266,0.0,0,0,0,0,0,1,2,2,1,1,1,-4,0,0.0,1,0,40400,4,12,12,Black,4.526,0,0
7267,0.0,0,0,0,0,1,5,4,2,1,1,1,-4,0,0.0,1,0,7500,4,-3,12,Black,3.397,0,0
7268,1.0,0,0,0,0,0,3,2,2,4,4,2,-4,0,0.0,2,0,17500,4,16,14,Black,1.646,0,0
7269,0.0,0,0,0,0,0,8,1,3,4,4,1,-4,0,0.0,2,0,17500,4,16,14,Black,10.343,0,0
7270,0.0,1,0,0,0,0,4,2,3,3,1,1,-4,1,0.0,2,0,600,4,16,12,Black,54.711,0,0
7271,1.0,0,0,0,0,0,2,2,1,1,1,1,-4,0,0.0,1,0,12500,4,12,12,Black,5.939,0,0
7272,0.0,1,0,0,2,1,3,2,3,4,2,3,-4,1,0.0,1,0,65500,3,14,12,Black,27.405,0,0
7273,0.0,0,0,0,0,0,10,2,2,4,4,1,3,1,0.0,2,0,21700,3,12,9,Black,23.724,0,0
7274,0.0,0,0,0,0,0,3,1,1,2,1,1,5,0,0.0,1,0,33450,6,14,12,Black,4.528,0,0
7275,1.0,1,0,0,0,0,3,2,3,2,1,1,-4,0,0.0,2,0,13500,5,12,13,Black,37.492,0,0
7276,0.0,0,0,0,0,0,1,2,2,2,1,1,-4,0,1.0,1,0,21100,5,10,11,Black,5.725,0,0
7277,0.0,0,0,0,0,0,5,2,2,5,4,2,-4,0,0.0,1,0,21100,5,10,11,Black,28.191,0,0
7278,1.0,0,0,0,0,0,3,2,3,2,1,1,-4,0,0.0,1,0,5000,4,9,15,Black,16.63,0,0
7279,1.0,0,0,0,0,0,3,2,2,4,4,1,-4,0,0.0,2,0,77500,6,12,12,Black,61.833,0,0
7280,0.0,0,0,1,0,0,6,2,2,-2,-2,1,-2,0,0.0,1,-4,-4,3,-3,12,Black,-0.004,1,0
7281,1.0,0,0,0,0,1,2,2,2,1,1,1,-4,1,0.0,2,-4,-4,3,-3,12,Black,-0.004,0,0
7282,0.0,1,0,2,0,1,6,3,3,5,1,1,1,0,0.0,1,0,37500,4,9,8,Black,0.277,0,0
7283,0.0,0,0,0,0,1,3,4,3,1,1,2,4,0,0.0,1,0,22500,4,11,12,Black,0.573,0,0
7284,0.0,0,0,0,0,1,9,2,3,1,1,1,1,1,0.0,2,0,52800,5,17,13,Hispanic,-0.004,0,0
7285,1.0,0,0,0,0,0,2,2,3,2,1,1,-4,0,0.0,1,0,34000,3,14,13,Black,38.998,0,0
7286,1.0,0,0,0,0,0,3,2,2,3,3,1,-4,0,0.0,2,0,-3,2,-4,12,Black,-0.004,0,0
7287,0.0,0,0,1,0,0,5,1,1,1,1,1,3,0,0.0,1,0,13750,5,7,13,Black,-0.004,0,0
7288,0.0,0,0,0,0,0,6,1,2,1,1,1,-4,0,0.0,1,0,13750,5,7,13,Black,36.939,0,0
7289,0.0,0,0,0,0,0,0,1,2,2,3,1,-4,0,0.0,1,0,48400,3,-4,12,Black,67.286,0,0
7290,1.0,0,0,0,3,1,5,3,3,5,2,5,-4,1,0.0,1,0,65001,6,13,16,Black,30.098,0,0
7291,0.0,0,0,0,0,0,3,3,1,4,4,3,5,0,0.0,2,0,71001,4,12,14,Black,46.718,0,0
7292,1.0,0,0,0,0,0,2,2,1,3,2,2,3,0,0.0,1,0,-1000,3,13,12,Black,18.997,0,0
7293,1.0,0,0,0,0,0,1,2,3,1,1,1,3,1,1.0,2,0,68001,4,18,16,Black,38.932,0,0
7294,1.0,0,0,0,12,3,0,4,1,1,2,1,-4,1,0.0,2,0,68001,4,18,16,Black,41.312,0,0
7295,0.0,,0,0,0,0,0,2,1,3,2,1,4,0,,2,-4,-4,3,12,14,Black,32.959,-5,-5
7296,1.0,0,0,0,0,0,10,2,2,2,2,1,-4,0,0.0,2,0,108900,4,12,8,Black,70.42,0,0
7297,0.0,0,1,1,1,4,1,3,3,5,2,5,5,1,1.0,1,0,50501,6,-3,11,Black,-0.004,0,0
7298,0.0,0,0,0,0,0,2,1,2,1,1,2,-4,0,,1,0,28750,6,14,12,Black,-0.004,0,0
7299,0.0,0,0,0,0,1,1,2,2,1,2,2,-4,0,0.0,1,0,32750,3,-4,12,Black,-0.004,0,-4
7300,0.0,1,0,2,2,1,3,2,2,3,1,3,-4,0,,1,0,-3,5,-4,12,Black,-0.004,0,-4
7301,0.0,0,0,0,0,0,3,2,3,3,3,4,3,0,0.0,2,0,66512,4,12,11,Black,18.768,0,0
7302,0.0,0,0,0,0,0,0,2,2,1,1,1,-4,0,0.0,2,-4,-4,5,12,12,Black,5.226,0,0
7303,1.0,0,0,0,0,0,12,2,1,1,2,4,5,1,1.0,2,0,21500,3,12,12,Black,38.096,0,0
7304,1.0,0,0,0,0,0,7,2,1,1,1,1,2,1,0.0,2,0,75500,3,12,14,Black,62.563,0,0
7305,1.0,0,0,0,0,0,-2,2,2,1,1,1,-4,0,0.0,2,0,75500,3,12,14,Black,17.738,0,0
7306,1.0,,0,0,0,0,2,3,3,4,3,4,3,0,0.0,2,0,64800,2,14,20,Black,49.089,0,-4
7307,1.0,0,0,0,0,0,4,2,3,5,3,4,5,1,0.0,1,0,160700,4,-4,11,Black,42.822,0,0
7308,1.0,0,0,0,0,0,1,2,2,4,4,3,5,1,0.0,1,0,-3,4,16,16,Black,42.741,0,0
7309,1.0,0,0,0,1,1,1,1,1,3,2,1,3,0,0.0,1,0,13100,4,17,18,Black,50.701,-5,-5
7310,0.0,0,0,1,0,0,14,4,4,5,3,3,5,1,0.0,1,-4,-4,4,11,12,Black,8.004,0,0
7311,1.0,0,0,0,0,0,4,1,1,2,3,2,4,0,0.0,1,0,44610,3,14,14,Black,-0.004,0,0
7312,1.0,0,0,0,0,0,5,1,2,2,1,1,-4,0,0.0,1,0,44610,3,14,14,Black,-0.004,0,0
7313,1.0,0,0,0,2,0,0,2,4,4,4,4,5,0,0.0,2,0,34500,5,-3,12,Black,68.141,0,0
7314,1.0,0,0,0,0,0,2,2,2,1,-2,-2,-4,0,0.0,1,0,34500,5,-3,12,Black,20.197,0,0
7315,0.0,0,0,0,0,0,0,1,2,1,1,1,1,0,0.0,1,0,84500,6,11,14,Black,-0.004,0,0
7316,0.0,0,1,0,0,1,3,1,1,2,1,1,-4,0,0.0,1,0,3750,5,12,12,Black,0.475,0,0
7317,0.0,0,0,0,0,0,1,2,2,2,1,1,-4,0,0.0,2,0,3750,5,12,12,Black,7.57,0,0
7318,0.0,0,0,0,0,0,3,2,3,3,3,3,5,1,1.0,2,-4,-4,5,12,9,Black,1.934,0,-2
7319,0.0,0,0,0,-4,-4,-4,2,4,1,1,2,4,0,0.0,2,0,7500,8,-3,10,Black,-0.004,0,-4
7320,0.0,0,0,0,0,0,15,2,2,1,1,1,1,0,0.0,1,0,7500,8,-3,10,Black,-0.004,0,-4
7321,0.0,0,0,0,0,0,5,3,2,1,1,3,-4,1,0.0,2,0,-16525,5,16,12,Black,32.328,0,0
7322,1.0,0,0,0,1,3,1,2,3,3,-2,-2,-4,0,0.0,1,0,62989,4,16,16,Black,47.372,0,0
7323,1.0,0,0,0,1,2,0,2,2,4,1,1,-4,0,0.0,1,0,160300,5,18,16,Black,42.198,0,0
7324,1.0,0,0,0,0,0,4,1,3,3,3,1,3,0,0.0,2,0,76500,3,16,16,Black,85.218,0,0
7325,0.0,0,0,0,0,10,0,3,4,5,2,4,-4,0,0.0,1,0,162500,6,12,12,Black,30.648,0,0
7326,0.0,0,0,3,0,10,10,2,3,5,3,1,-4,1,0.0,1,0,6700,6,12,12,Black,-0.004,-5,-5
7327,0.0,0,0,0,7,0,5,3,4,3,3,1,-4,0,0.0,2,0,6700,6,12,12,Black,-0.004,0,0
7328,0.0,0,0,0,0,0,2,2,2,3,4,1,3,1,0.0,2,0,-3,8,12,12,Black,38.293,0,0
7329,0.0,0,0,0,0,0,2,2,2,1,1,1,-4,1,0.0,2,0,-3,8,12,12,Black,39.578,0,0
7330,0.0,0,0,0,0,0,1,2,2,3,2,1,-4,1,0.0,2,0,7750,2,12,12,Black,46.004,0,-4
7331,0.0,0,0,0,3,2,1,2,2,1,1,2,-4,0,0.0,1,1,83041,7,-3,12,Black,6.216,-5,-5
7332,0.0,0,0,5,0,0,4,3,4,3,1,1,1,0,0.0,1,0,31500,2,-3,10,Black,20.175,0,0
7333,0.0,0,0,0,0,0,0,2,2,1,-2,1,-2,0,0.0,2,0,23000,5,-3,11,Black,5.428,0,0
7334,0.0,0,0,0,0,0,6,2,4,3,1,1,4,1,,1,0,32750,5,12,11,Black,21.864,-5,-5
7335,0.0,0,0,0,0,0,0,2,3,3,1,1,3,0,0.0,1,0,32750,5,12,11,Black,18.953,0,0
7336,1.0,0,0,0,0,0,1,1,2,1,1,1,-4,0,0.0,1,0,32750,5,12,11,Black,66.306,0,0
7337,1.0,0,1,0,0,1,0,2,2,1,-2,1,-4,1,0.0,1,0,308201,4,12,14,Black,24.447,0,0
7338,0.0,0,0,0,5,2,3,2,4,5,1,2,-4,1,0.0,1,0,9450,3,-4,10,Black,25.593,0,-2
7339,0.0,0,0,2,0,0,4,2,2,4,2,1,3,0,,1,0,45750,2,5,12,Hispanic,18.303,-5,-5
7340,0.0,0,0,0,2,1,17,2,4,2,4,3,3,1,1.0,2,1,2650,3,-3,8,Hispanic,32.626,0,-4
7341,0.0,0,0,1,1,0,5,2,1,3,2,3,-4,1,0.0,2,0,2650,3,-3,8,Hispanic,10.404,0,0
7342,0.0,0,0,2,0,1,0,3,4,2,5,1,-4,0,0.0,1,0,25900,7,-3,12,Black,10.791,0,-4
7343,0.0,0,0,0,0,0,0,2,2,4,3,1,-4,0,0.0,1,0,33750,5,12,12,Hispanic,29.563,1,-4
7344,0.0,0,0,0,0,2,2,2,2,2,2,3,-4,0,,2,0,33750,5,12,12,Hispanic,35.116,-2,-4
7345,0.0,0,0,0,0,0,5,2,2,3,2,3,-4,0,0.0,1,0,1750,3,-3,12,Black,9.341,0,0
7346,0.0,,1,0,0,1,5,3,3,3,3,4,3,0,1.0,1,0,5250,5,12,11,Hispanic,24.889,-5,-5
7347,0.0,0,1,0,1,0,7,2,3,2,1,2,-4,1,,1,0,5250,5,11,11,Hispanic,29.702,0,0
7348,1.0,0,0,0,0,0,2,2,2,2,4,3,-4,0,0.0,2,0,101500,4,12,12,Hispanic,57.984,0,0
7349,0.0,0,1,0,0,0,25,2,3,1,5,3,4,0,0.0,1,0,9950,6,8,10,Hispanic,23.256,0,0
7350,0.0,0,1,0,-4,-4,-4,2,2,3,5,4,4,0,0.0,1,0,9950,6,8,10,Hispanic,12.671,0,-4
7351,1.0,0,0,0,1,0,4,2,2,1,1,3,-4,0,0.0,2,0,9950,6,8,10,Hispanic,28.131,0,-4
7352,0.0,0,0,0,0,0,10,2,2,-2,-2,-2,-4,0,,1,0,2250,2,-3,12,Black,33.619,0,0
7353,0.0,,1,1,0,0,5,2,2,3,1,4,1,0,,1,0,10750,6,15,11,Hispanic,17.935,-5,-5
7354,0.0,0,1,1,0,1,12,2,2,2,3,1,-2,0,,1,0,-3,5,12,9,Hispanic,21.135,0,0
7355,0.0,0,1,0,1,0,14,2,2,2,1,2,-4,1,0.0,1,-4,-4,5,-4,-3,Hispanic,14.851,-5,-5
7356,1.0,0,0,0,0,2,30,2,2,3,1,4,-4,0,0.0,1,0,500,6,3,6,Hispanic,15.582,0,0
7357,0.0,0,0,0,0,0,2,2,2,3,3,2,2,0,0.0,2,0,-3150,9,12,14,Hispanic,12.075,0,0
7358,0.0,0,0,0,0,0,14,2,4,1,1,1,-4,0,1.0,1,-4,-4,9,12,14,Hispanic,29.434,0,0
7359,0.0,0,0,0,15,0,2,1,2,1,1,2,-4,1,0.0,2,-4,-4,9,13,-3,Hispanic,-0.004,0,0
7360,1.0,0,0,0,20,4,40,2,4,3,3,4,3,0,,1,0,61700,6,12,16,Hispanic,88.045,0,0
7361,0.0,0,1,0,0,0,10,2,1,3,2,3,-4,0,0.0,1,0,15750,6,15,11,Hispanic,5.646,0,0
7362,1.0,0,0,0,0,0,6,2,1,3,4,1,3,0,0.0,1,0,57000,3,16,14,Hispanic,48.747,0,0
7363,0.0,0,0,0,7,3,12,2,3,4,3,5,-4,0,1.0,1,0,1950,6,7,9,Hispanic,7.043,-5,-5
7364,1.0,0,1,0,0,2,13,2,2,3,1,3,-4,0,0.0,1,0,21150,3,10,7,Hispanic,12.537,0,0
7365,1.0,0,0,0,0,1,4,3,3,4,3,1,4,0,0.0,2,-4,-4,6,12,12,Black,-0.004,0,0
7366,1.0,0,0,0,0,0,2,2,3,1,3,1,4,0,0.0,2,-4,3250,6,12,9,Black,64.209,0,0
7367,1.0,0,0,0,0,0,2,2,3,2,1,1,-4,0,0.0,2,-4,-4,6,12,12,Black,34.925,0,0
7368,1.0,0,0,0,0,0,0,2,2,1,1,1,2,0,,2,0,1750,3,12,12,Black,31.584,0,0
7369,0.0,0,0,0,0,0,2,2,2,3,3,2,1,0,0.0,1,0,8250,7,12,8,Black,2.746,0,0
7370,0.0,0,0,0,0,0,0,3,3,5,2,5,-4,0,1.0,2,0,8250,7,12,8,Black,0.156,0,0
7371,1.0,0,0,0,0,0,1,2,3,2,3,5,-4,0,0.0,2,0,8250,7,12,8,Black,5.178,0,0
7372,1.0,0,0,1,0,0,5,2,2,4,4,3,-4,0,0.0,1,0,41000,2,12,12,Black,8.159,0,0
7373,1.0,0,0,0,0,0,2,2,1,1,1,1,2,0,0.0,2,0,-3,4,-3,12,Black,35.899,0,-2
7374,1.0,0,0,0,0,0,1,2,2,5,3,5,-4,1,0.0,2,0,-3,4,-3,12,Black,16.777,0,-2
7375,0.0,0,1,5,0,0,3,2,2,2,1,1,-4,1,1.0,1,0,6250,2,12,12,Black,17.122,0,0
7376,0.0,0,0,0,2,0,1,3,2,5,5,5,5,0,0.0,1,0,3150,7,-3,12,Black,3.594,0,1
7377,0.0,0,1,2,0,2,-2,3,4,3,3,4,5,0,,1,0,3150,7,-3,12,Black,5.133,0,0
7378,0.0,0,0,0,0,0,2,2,2,2,2,4,-4,0,0.0,2,0,3150,7,-3,12,Black,11.052,0,0
7379,0.0,0,0,0,1,4,3,1,4,3,3,2,3,0,0.0,2,0,250,4,-3,12,Black,11.61,0,1
7380,1.0,0,1,0,0,0,2,2,2,3,3,3,-4,0,0.0,2,0,250,4,-3,12,Black,20.036,0,0
7381,1.0,0,0,0,0,0,0,2,2,4,2,2,3,1,0.0,2,0,23500,4,14,12,Black,-0.004,0,0
7382,0.0,0,0,0,0,0,0,2,2,4,3,-2,-2,0,0.0,2,0,-2250,4,11,12,Black,3.48,0,-2
7383,1.0,0,0,0,0,0,4,1,1,2,2,1,2,0,0.0,1,0,-2250,4,11,12,Black,12.558,0,0
7384,0.0,0,0,0,1,0,3,2,2,2,2,1,-4,0,0.0,2,0,-2250,4,11,12,Black,3.642,0,0
7385,1.0,0,0,0,0,0,0,2,3,3,3,1,4,0,0.0,2,0,9070,2,12,14,Black,54.146,0,0
7386,1.0,0,0,0,0,0,0,2,3,5,4,1,-4,0,0.0,1,0,33000,2,12,16,Black,19.465,0,0
7387,0.0,0,0,0,0,0,7,2,3,1,1,1,1,0,,1,-4,-4,4,16,16,Black,1.783,0,0
7388,0.0,0,0,0,2,0,8,3,3,2,1,1,-4,0,0.0,2,0,-3,4,16,16,Black,31.59,0,0
7389,1.0,0,0,0,0,0,0,2,2,2,1,2,-4,0,,1,0,78250,4,12,12,Black,41.915,0,0
7390,1.0,0,0,0,0,0,4,2,3,2,3,1,-4,0,0.0,2,0,40750,5,12,12,Black,51.072,0,1
7391,0.0,0,0,0,0,0,0,1,1,2,2,2,2,0,0.0,2,0,1634,6,14,13,Black,12.388,0,0
7392,0.0,0,0,0,4,0,3,2,3,5,3,3,4,0,0.0,2,0,600000,4,12,16,Black,-0.004,0,0
7393,1.0,0,0,0,0,0,1,1,3,3,5,2,5,0,0.0,1,0,600000,4,12,16,Black,-0.004,0,0
7394,1.0,0,1,1,0,0,0,2,1,1,1,4,-4,1,0.0,1,0,-3,4,-3,12,Black,25.614,0,0
7395,1.0,0,0,0,0,0,0,2,3,1,1,2,-4,0,0.0,2,0,13750,4,16,14,Black,46.538,0,0
7396,0.0,0,1,0,0,2,9,2,2,3,2,3,-4,1,1.0,1,0,10500,5,-3,12,Black,35.292,0,0
7397,0.0,0,1,2,12,5,5,3,2,3,2,5,-4,0,0.0,1,0,10500,5,-3,12,Black,0.6,0,0
7398,0.0,0,0,5,9,3,6,2,3,3,1,4,-4,0,0.0,1,0,10500,5,-3,12,Black,-0.004,0,0
7399,,0,0,0,0,0,17,2,3,4,1,1,3,0,0.0,2,0,500,5,12,12,Black,-0.004,0,0
7400,0.0,0,0,1,0,0,30,2,3,5,4,5,-2,0,,2,0,500,5,12,12,Black,10.972,0,1
7401,0.0,0,0,0,10,0,0,3,2,3,1,3,-4,1,0.0,2,0,-3,3,12,12,Black,33.269,0,0
7402,0.0,0,0,0,0,0,5,1,4,4,4,2,5,0,,1,0,50000,3,13,13,Black,7.219,0,-4
7403,1.0,0,1,0,2,3,0,1,3,1,1,1,-4,0,0.0,1,0,50000,3,13,13,Black,9.06,0,0
7404,0.0,0,0,0,0,0,6,3,2,1,3,1,-4,0,0.0,2,0,3750,6,9,12,Black,22.636,0,0
7405,0.0,0,0,0,0,0,2,2,1,4,3,1,4,0,1.0,1,1,425,5,-3,11,Black,-0.004,0,-4
7406,0.0,0,1,0,0,3,0,2,3,4,1,4,4,0,0.0,2,1,425,5,-3,11,Black,1.028,0,0
7407,0.0,1,1,0,4,0,13,3,1,1,1,3,-4,0,0.0,2,1,425,5,-3,11,Black,4.894,0,1
7408,0.0,1,0,0,0,0,4,1,1,1,2,1,1,0,0.0,2,0,63950,7,-3,12,Hispanic,20.862,0,0
7409,0.0,1,0,0,0,0,4,2,2,2,1,1,-4,0,1.0,2,0,1050,7,-3,8,Black,3.085,0,0
7410,0.0,0,0,0,4,4,3,1,3,4,1,4,-4,-3,0.0,2,0,1050,7,-4,12,Black,-0.004,0,-4
7411,1.0,0,0,0,1,2,17,1,1,5,4,4,-4,0,0.0,2,1,1050,7,-3,8,Black,0.362,0,0
7412,1.0,0,0,0,0,0,3,2,3,3,3,1,-4,0,0.0,1,0,113950,4,16,14,Black,24.34,0,1
7413,1.0,0,0,0,0,0,5,2,2,3,2,1,2,0,0.0,1,0,73550,3,12,11,Hispanic,-0.004,-5,-5
7414,1.0,,0,0,3,0,5,2,3,3,3,1,4,0,,2,-4,-4,5,12,13,Hispanic,69.345,-5,-5
7415,0.0,1,1,0,0,0,5,2,2,3,3,2,2,0,,1,-4,-4,5,12,13,Hispanic,27.833,0,0
7416,0.0,0,0,0,0,0,0,2,2,4,2,3,4,0,0.0,1,0,1750,4,-3,3,Hispanic,-0.004,0,0
7417,0.0,0,1,0,0,1,6,3,4,2,1,1,-4,0,0.0,1,0,9150,3,12,12,Hispanic,20.594,0,-2
7418,1.0,0,1,0,0,0,8,2,2,1,1,2,5,0,0.0,1,0,131750,5,14,12,Black,-0.004,0,0
7419,1.0,0,0,0,0,0,3,1,1,1,1,1,2,0,0.0,2,-4,-4,4,16,14,Black,19.598,0,0
7420,1.0,0,0,0,0,0,10,2,2,1,2,1,2,0,0.0,2,0,162501,5,13,12,Black,88.825,0,0
7421,1.0,0,1,0,0,0,3,2,2,1,3,1,-4,0,0.0,1,0,162501,5,13,12,Black,66.137,-5,-5
7422,1.0,0,0,0,1,0,9,2,2,3,2,3,2,0,0.0,2,0,159750,5,5,3,Hispanic,-0.004,0,0
7423,0.0,1,1,2,0,1,90,2,3,5,3,5,-4,0,1.0,1,-4,-4,9,3,-3,Hispanic,-0.004,-5,-5
7424,0.0,0,1,0,0,2,5,3,2,3,3,4,4,1,1.0,1,0,126500,3,-3,5,Hispanic,7.784,0,0
7425,0.0,0,1,0,1,0,2,2,2,2,3,5,-4,1,0.0,1,0,3500,7,8,6,Hispanic,15.716,0,0
7426,1.0,0,0,0,0,0,6,2,2,3,1,1,-4,0,0.0,1,0,101750,4,12,12,Hispanic,14.048,0,0
7427,0.0,0,1,1,0,1,3,2,2,1,1,1,1,0,0.0,1,0,45500,3,11,12,Hispanic,33.043,0,0
7428,0.0,0,0,0,0,2,8,2,2,3,3,3,5,0,,1,0,68000,9,-3,12,Hispanic,25.548,0,0
7429,0.0,1,0,1,1,0,5,2,1,1,1,1,-4,1,0.0,2,0,23700,4,12,12,Hispanic,32.215,0,0
7430,0.0,0,1,0,4,0,1,2,2,3,1,3,1,1,1.0,1,0,500,5,-3,7,Hispanic,8.111,0,0
7431,1.0,0,0,0,0,0,0,1,1,3,3,1,2,0,0.0,1,-4,-4,4,17,13,Hispanic,-0.004,0,0
7432,0.0,0,0,0,1,0,0,1,1,3,3,2,-4,1,0.0,2,0,-3,4,17,13,Hispanic,-0.004,-5,-5
7433,0.0,0,0,0,1,0,1,2,2,1,1,1,-4,0,0.0,1,0,190350,4,9,12,Hispanic,16.392,-5,-5
7434,1.0,0,0,0,0,0,8,1,2,3,2,1,2,0,0.0,2,0,-12500,6,9,15,Hispanic,57.254,0,0
7435,0.0,0,0,0,0,0,0,1,2,1,1,1,-4,0,0.0,1,0,-12500,6,9,15,Hispanic,66.353,0,0
7436,0.0,0,1,1,0,0,2,2,2,5,5,3,5,-3,,1,1,800,5,-3,11,Hispanic,6.424,0,-2
7437,0.0,0,0,0,0,0,4,3,3,1,2,1,-4,0,,2,0,800,5,-3,11,Hispanic,1.294,0,0
7438,0.0,0,1,0,1,0,15,2,2,4,4,4,4,-3,0.0,2,0,93500,8,6,3,Hispanic,20.6,0,0
7439,0.0,1,0,0,0,1,1,2,3,5,2,1,-4,0,0.0,1,0,93500,8,6,3,Hispanic,7.773,-5,-5
7440,0.0,0,0,0,0,0,25,3,3,3,5,4,4,1,1.0,2,0,13250,7,6,6,Hispanic,22.976,0,0
7441,0.0,0,1,0,0,0,5,3,2,2,3,3,3,0,,1,0,13250,7,6,6,Hispanic,40.026,-5,-5
7442,1.0,0,0,0,0,0,1,2,2,3,3,1,1,1,0.0,1,0,104500,9,6,6,Hispanic,41.717,0,0
7443,1.0,0,0,0,0,0,0,2,2,3,2,2,-4,1,0.0,2,0,104500,9,6,6,Hispanic,7.473,0,0
7444,1.0,0,0,0,0,0,5,2,3,2,2,1,-4,0,0.0,2,0,-3,7,7,6,Hispanic,-0.004,0,0
7445,0.0,0,0,0,0,0,0,2,2,1,1,5,-4,0,0.0,2,0,500,5,-3,4,Hispanic,-0.004,-5,-5
7446,1.0,0,0,0,0,0,2,1,2,1,1,1,-4,0,0.0,2,0,500,5,-3,4,Hispanic,-0.004,0,0
7447,1.0,0,0,0,0,2,0,2,2,1,1,1,-4,0,1.0,1,-4,-4,2,-4,-3,Hispanic,-0.004,-5,-5
7448,0.0,0,0,0,0,0,6,3,2,4,3,2,5,0,0.0,1,0,5750,4,12,-3,Black,5.265,0,0
7449,1.0,0,0,0,0,1,3,2,3,1,1,1,-4,0,,1,0,5750,4,12,-3,Black,4.394,0,0
7451,0.0,0,0,0,6,0,2,2,1,2,5,5,2,0,1.0,1,0,1500,6,3,6,Hispanic,-0.004,-5,-5
7452,1.0,0,0,0,0,0,3,2,2,1,1,1,-4,0,1.0,2,0,1500,6,3,6,Hispanic,-0.004,-5,-5
7453,0.0,0,0,3,2,3,0,2,3,1,3,2,-4,0,1.0,1,0,104250,4,6,6,Hispanic,-0.004,0,0
7454,0.0,0,0,0,0,0,5,2,3,4,3,2,3,0,,2,-4,-4,7,7,4,Hispanic,16.776,0,0
7455,0.0,0,0,0,0,6,2,1,1,3,2,2,-4,0,,1,-4,-4,7,7,4,Hispanic,26.945,0,0
7456,1.0,0,0,0,0,0,1,2,2,4,4,4,1,0,0.0,2,0,104500,4,10,3,Hispanic,20.265,0,0
7457,1.0,0,0,0,1,0,0,1,1,2,1,2,1,0,0.0,1,-4,-4,4,10,3,Hispanic,38.142,0,0
7458,0.0,0,1,2,2,3,75,2,3,2,5,4,5,0,1.0,1,0,6550,5,11,10,Hispanic,9.712,0,1
7459,,,0,0,0,2,5,2,2,5,-2,5,-4,0,,1,-4,-4,5,5,7,Hispanic,0.898,-5,-5
7460,1.0,0,0,0,0,0,4,2,2,5,3,3,3,0,0.0,2,0,500,3,-3,8,Hispanic,15.254,0,0
7461,0.0,0,0,0,5,15,7,3,2,3,2,4,4,0,0.0,1,0,500,6,9,12,Hispanic,13.542,0,0
7462,0.0,0,1,0,1,2,3,2,2,3,1,4,-4,0,1.0,1,0,500,6,9,12,Hispanic,1.165,0,0
7463,0.0,0,0,0,0,0,10,2,1,2,3,4,4,0,0.0,1,-4,-4,6,4,8,Hispanic,10.653,-5,-5
7464,0.0,0,1,2,0,0,3,1,2,3,5,4,3,0,0.0,1,0,76750,5,6,8,Hispanic,31.839,0,0
7465,0.0,0,1,2,0,0,-2,1,2,1,1,1,-4,1,,1,0,76750,5,6,8,Hispanic,23.807,0,0
7466,0.0,0,0,0,1,1,8,2,2,4,5,5,3,1,0.0,1,0,10500,9,-4,6,Hispanic,-0.004,0,0
7467,0.0,0,0,0,0,1,7,2,2,2,1,2,-4,0,0.0,2,0,10500,9,-3,6,Hispanic,-0.004,0,0
7468,1.0,0,0,0,0,0,3,3,3,2,1,2,-4,0,0.0,2,0,10500,9,-3,6,Hispanic,-0.004,0,1
7469,1.0,0,0,0,0,0,1,2,2,2,2,2,2,0,0.0,2,0,3500,7,-4,-3,Hispanic,15.316,0,0
7470,1.0,0,0,0,0,0,3,2,1,2,1,2,-4,0,1.0,2,0,10500,4,12,10,Hispanic,81.454,0,0
7471,0.0,0,1,0,0,4,30,2,2,5,1,5,3,0,0.0,1,-4,-4,6,-3,7,Hispanic,3.832,0,0
7472,0.0,0,1,1,0,0,8,2,1,1,1,1,-4,0,0.0,1,-4,-4,6,-3,7,Hispanic,23.778,0,0
7473,0.0,0,0,4,0,1,30,2,3,1,1,1,2,0,0.0,1,0,23000,7,9,8,Hispanic,32.731,0,0
7474,1.0,0,0,0,0,0,3,2,3,2,2,3,1,1,,1,-4,-4,5,12,12,Hispanic,45.854,-5,-5
7475,0.0,0,1,0,1,1,4,2,2,1,1,3,-4,0,,1,0,3250,3,4,8,Hispanic,-0.004,-5,-5
7476,1.0,0,0,0,0,0,3,2,2,3,3,2,3,1,0.0,1,0,195000,9,3,4,Hispanic,33.62,0,0
7477,1.0,0,0,0,0,0,12,2,2,1,1,2,-4,0,0.0,2,0,195000,9,3,4,Hispanic,14.427,0,0
7478,0.0,0,0,0,0,1,8,2,2,5,4,1,5,0,0.0,2,0,1500,9,-3,6,Hispanic,-0.004,0,0
7479,0.0,0,0,0,0,0,1,2,2,2,1,1,-4,0,0.0,2,0,1500,9,-3,6,Hispanic,-0.004,0,0
7480,0.0,0,0,0,0,0,2,2,4,3,2,2,-4,0,1.0,2,0,1500,9,-3,6,Hispanic,-0.004,0,0
7481,0.0,0,0,0,1,0,0,2,3,2,2,1,-4,0,0.0,1,0,500,4,-4,5,Hispanic,11.647,-5,-5
7482,1.0,1,0,0,0,0,5,2,3,4,3,3,4,0,0.0,2,0,9500,8,-3,12,Hispanic,-0.004,0,1
7483,0.0,0,1,2,0,2,3,2,2,1,1,1,-4,0,0.0,1,0,30500,5,-3,9,Hispanic,1.801,1,-2
7484,0.0,0,0,0,0,0,8,2,2,1,1,1,-4,0,0.0,1,0,6000,5,16,14,Hispanic,23.706,-5,-5
7485,0.0,0,1,0,0,0,2,2,2,5,5,5,5,0,,1,0,3850,2,12,12,Hispanic,5.649,0,-4
7486,0.0,0,1,0,0,0,20,2,2,4,5,5,4,-3,0.0,2,0,1750,6,-3,-3,Hispanic,14.856,1,-2
7487,0.0,0,0,0,0,1,1,2,2,1,1,1,-4,1,,2,1,7500,4,12,12,Hispanic,-0.004,0,-2
7488,0.0,0,0,0,0,0,1,2,2,1,1,4,-4,0,,1,-4,-4,8,4,12,Hispanic,-0.004,0,0
7489,0.0,0,0,0,0,0,0,3,2,2,1,2,-4,0,,2,-4,-4,8,4,12,Hispanic,-0.004,0,0
7490,1.0,0,0,0,1,1,0,2,3,1,1,1,-4,0,,1,-4,3950,8,4,12,Hispanic,-0.004,-5,-5
7491,1.0,0,0,0,0,0,4,2,2,3,2,2,-4,0,0.0,2,0,74500,7,12,13,Hispanic,56.154,0,0
7492,1.0,0,0,0,0,0,4,2,2,2,3,2,3,0,1.0,2,0,46000,3,13,12,Hispanic,-0.004,0,0
7493,1.0,0,0,0,0,0,2,2,2,2,1,2,1,0,0.0,2,0,57500,6,-3,4,Hispanic,9.031,0,0
7494,1.0,0,0,0,2,0,3,2,2,2,1,1,-4,0,0.0,2,0,57500,6,-3,4,Hispanic,5.39,0,0
7495,0.0,0,0,0,0,0,3,2,2,4,1,4,-4,1,0.0,2,0,39500,5,6,9,Hispanic,-0.004,0,1
7496,1.0,0,0,0,0,0,3,1,2,4,2,2,2,0,0.0,2,0,19750,5,-3,4,Hispanic,19.625,0,-4
7497,1.0,1,0,0,0,0,5,2,2,2,1,2,-4,1,0.0,1,0,19750,5,6,4,Hispanic,63.176,0,0
7498,0.0,0,0,3,1,7,10,2,2,1,3,2,-4,0,1.0,1,0,500,8,-3,9,Hispanic,4.982,0,-2
7499,1.0,0,0,0,1,0,2,2,2,3,2,1,-4,0,0.0,2,0,500,8,-3,9,Hispanic,17.513,-2,-2
7500,0.0,,1,2,0,0,0,2,2,3,2,2,2,-3,,1,0,-4500,8,-4,11,Hispanic,17.673,-5,-5
7501,0.0,0,1,0,0,1,0,2,2,5,3,4,-4,1,0.0,2,0,-4500,8,-4,11,Hispanic,29.888,0,0
7502,0.0,0,0,3,0,0,1,2,2,1,1,5,-4,0,,1,0,4300,7,-3,4,Hispanic,0.548,-5,-5
7503,1.0,0,0,1,0,0,0,2,2,1,1,1,-4,0,0.0,1,0,137050,3,-3,12,Hispanic,12.381,0,0
7504,1.0,,0,0,4,0,0,2,2,1,1,2,-4,1,1.0,2,0,3500,4,4,4,Hispanic,17.397,0,1
7505,0.0,0,0,0,0,1,1,2,2,2,1,2,-4,0,0.0,1,0,4000,7,-3,3,Hispanic,-0.004,0,0
7506,0.0,0,0,0,0,0,4,2,2,1,2,1,3,1,0.0,1,0,59350,5,12,12,Hispanic,23.54,0,0
7507,1.0,0,0,0,2,0,1,2,2,2,2,1,-4,0,0.0,1,0,59350,5,12,12,Hispanic,16.908,0,0
7508,0.0,0,0,0,0,0,3,2,2,3,1,1,-4,0,0.0,2,0,33750,4,10,8,Hispanic,16.019,0,0
7509,0.0,0,0,0,0,0,5,2,3,1,1,4,-4,0,0.0,2,0,22700,5,12,10,Hispanic,26.811,0,0
7510,1.0,0,0,0,0,0,6,1,1,2,1,1,-4,0,0.0,1,0,23750,7,12,12,Hispanic,47.671,0,0
7511,1.0,1,0,0,0,0,5,2,2,1,2,1,-4,0,0.0,2,0,52750,5,14,14,Hispanic,86.127,0,0
7512,0.0,,0,0,0,0,10,3,2,4,5,5,4,0,0.0,2,0,3350,5,12,12,Hispanic,31.848,0,0
7513,0.0,0,0,0,0,1,10,2,3,2,3,4,4,0,0.0,2,0,-6950,6,9,10,Hispanic,46.028,0,0
7514,1.0,0,0,0,1,0,0,2,2,3,3,2,-4,0,1.0,2,0,-3,5,13,15,Hispanic,4.09,0,0
7515,1.0,0,0,0,5,0,1,2,1,1,2,2,-4,0,0.0,1,0,-3,5,13,15,Hispanic,23.844,-5,-5
7516,1.0,0,1,0,3,0,0,2,2,3,3,1,3,0,0.0,1,-4,-4,4,6,6,Hispanic,73.951,0,0
7517,1.0,1,0,0,0,0,0,2,3,1,1,1,-4,0,0.0,2,-4,-4,4,6,6,Hispanic,73.417,0,0
7518,0.0,0,0,0,0,0,10,2,3,3,4,5,4,0,1.0,1,0,-250,4,4,4,Hispanic,9.994,0,0
7519,1.0,0,0,0,0,0,0,2,2,2,3,2,2,0,0.0,2,0,1500,4,6,3,Hispanic,22.37,0,0
7520,1.0,0,0,0,0,0,0,2,2,2,2,1,2,0,0.0,2,0,1500,4,6,3,Hispanic,83.047,0,0
7521,1.0,0,0,0,0,0,0,2,2,2,2,1,-4,0,0.0,2,0,1500,4,6,3,Hispanic,35.901,0,0
7522,1.0,0,0,0,0,0,-2,2,2,1,1,1,-4,0,0.0,1,0,500,6,8,12,Hispanic,37.24,0,0
7523,0.0,0,0,0,0,0,5,2,3,1,3,2,3,0,0.0,1,0,500,6,-3,6,Hispanic,49.544,0,0
7524,0.0,0,0,1,0,4,5,3,2,1,-2,4,-4,1,0.0,1,0,500,6,-3,6,Hispanic,0.228,-5,-5
7525,1.0,0,0,0,10,5,30,3,1,5,4,1,5,1,0.0,2,0,500,10,6,10,Hispanic,-0.004,0,-4
7526,0.0,0,0,0,0,0,0,2,2,5,5,5,3,0,0.0,1,0,500,10,6,10,Hispanic,-0.004,0,0
7527,0.0,0,1,0,1,0,0,2,3,1,5,5,-4,1,0.0,2,0,500,10,6,10,Hispanic,-0.004,0,0
7528,0.0,0,0,0,0,0,-2,2,2,1,1,1,2,0,,2,-4,-4,4,8,11,Hispanic,-0.004,0,0
7529,0.0,0,0,0,0,0,2,2,2,1,1,2,-4,0,,1,-4,-4,4,8,11,Hispanic,-0.004,0,0
7530,0.0,0,0,0,5,0,-2,3,3,3,4,2,4,1,1.0,2,0,2500,5,9,6,Hispanic,37.374,0,0
7531,0.0,0,0,0,0,0,-2,3,2,3,2,1,2,1,1.0,2,0,2500,5,9,6,Hispanic,24.883,0,0
7532,0.0,0,0,0,0,0,-2,3,2,1,1,4,-4,0,0.0,1,0,2500,5,9,6,Hispanic,30.453,0,0
7533,0.0,0,0,0,0,0,1,2,2,2,2,2,2,0,0.0,2,0,5500,7,3,3,Hispanic,-0.004,0,0
7534,1.0,0,0,0,0,0,2,2,2,1,1,2,1,0,0.0,2,0,5500,7,3,3,Hispanic,-0.004,-5,-5
7535,0.0,1,0,0,0,0,15,2,2,3,3,3,2,1,1.0,2,0,4750,4,11,12,Hispanic,3.728,0,0
7536,1.0,0,0,0,0,0,30,2,2,4,5,2,2,0,0.0,2,0,2450,2,7,17,Hispanic,71.977,0,0
7537,1.0,0,0,0,1,0,4,2,2,3,3,2,-4,0,1.0,1,0,2502,4,8,11,Hispanic,42.507,0,0
7538,0.0,1,0,0,0,0,2,1,2,3,2,4,3,1,0.0,1,0,97750,6,7,6,Hispanic,90.123,-5,-5
7539,0.0,0,0,0,0,0,2,2,2,4,2,2,-4,0,0.0,2,0,97750,6,7,6,Hispanic,39.909,0,0
7540,0.0,0,0,0,1,0,5,2,2,2,2,1,-4,1,0.0,1,0,49350,5,-3,11,Hispanic,10.237,0,0
7541,0.0,0,0,0,1,0,3,2,2,1,2,5,-4,1,,2,0,-100,4,-3,11,Hispanic,17.783,0,1
7542,0.0,0,1,-3,0,0,14,2,2,3,3,3,-4,0,0.0,1,0,8840,4,95,12,Hispanic,-0.004,-5,-5
7543,1.0,0,0,0,0,0,2,2,1,2,2,1,-4,0,,2,0,500,3,-3,3,Hispanic,37.177,0,-4
7544,0.0,0,1,0,0,0,5,2,4,3,1,5,-4,-3,0.0,1,0,500,8,7,9,Hispanic,-0.004,0,0
7545,0.0,0,0,0,0,1,2,2,1,4,2,4,-4,0,0.0,2,0,500,7,6,6,Hispanic,-0.004,0,0
7546,1.0,0,0,0,0,0,10,2,2,3,2,2,-4,0,0.0,2,0,-6250,4,16,12,Hispanic,51.019,0,0
7547,1.0,0,0,0,1,0,8,2,1,1,1,1,-4,0,1.0,1,0,-6250,4,16,12,Hispanic,37.041,0,0
7548,0.0,,1,0,0,0,10,2,2,2,3,4,5,0,,1,0,117500,3,12,12,Black,36.05,-5,-5
7549,0.0,0,0,2,0,0,1,2,3,5,3,4,3,0,0.0,1,0,79350,13,-3,15,Hispanic,18.135,0,0
7550,0.0,0,0,0,0,0,6,2,2,4,3,2,3,0,0.0,1,-4,9900,13,12,14,Hispanic,72.293,0,0
7551,0.0,0,0,0,0,0,5,3,2,1,-2,2,-4,0,0.0,2,0,79350,13,-3,15,Hispanic,17.392,-5,-5
7552,0.0,,0,0,0,0,5,1,2,1,1,1,3,0,,1,0,-3,4,16,14,Black,26.597,-5,-5
7553,1.0,0,0,0,0,0,2,2,2,3,2,3,-4,0,,1,0,-3,4,16,14,Black,31.842,-5,-5
7554,1.0,0,0,0,3,2,3,2,2,1,1,1,-2,1,0.0,1,0,-3,7,11,2,Hispanic,13.339,0,0
7555,1.0,0,0,0,0,0,10,2,2,3,2,1,-4,0,,2,-4,-4,7,11,2,Hispanic,7.522,0,0
7556,1.0,1,0,1,0,0,4,1,1,1,1,1,-4,0,0.0,2,0,-3,4,12,12,Hispanic,44.788,-5,-5
7557,1.0,0,0,0,0,0,10,2,2,1,1,1,-4,0,0.0,2,0,500,5,-3,14,Hispanic,26.995,0,0
7558,1.0,0,0,0,0,0,3,2,2,1,1,1,1,0,0.0,1,0,181750,7,-3,8,Hispanic,17.888,0,0
7559,1.0,0,0,0,0,0,-2,2,2,1,1,1,-4,0,0.0,2,0,181750,7,-3,8,Hispanic,9.988,0,0
7560,1.0,0,0,0,0,0,7,2,2,2,1,1,2,0,,1,0,4700,4,18,16,Hispanic,19.543,0,-4
7561,0.0,,0,0,0,0,3,2,3,2,2,1,3,0,,1,0,-3,4,13,16,Hispanic,8.566,-5,-5
7562,1.0,0,0,0,0,0,1,1,1,1,3,4,-4,0,0.0,1,0,-3,4,13,16,Hispanic,4.332,0,0
7563,1.0,0,0,0,0,0,1,3,3,1,1,1,-4,0,0.0,2,0,600000,4,14,16,Hispanic,50.181,0,0
7564,1.0,0,0,0,0,0,37,3,3,3,3,3,3,0,0.0,1,0,-20750,4,12,14,Hispanic,47.759,0,0
7565,0.0,0,1,0,0,0,2,1,2,1,1,1,-4,1,0.0,1,0,-20750,4,12,14,Hispanic,39.539,0,0
7566,1.0,,0,0,0,0,2,2,2,5,2,1,-2,0,,1,0,-3,5,13,14,Hispanic,51.322,-5,-5
7567,1.0,0,0,0,0,0,0,2,2,1,1,1,1,0,0.0,1,0,-3,5,13,14,Hispanic,43.844,-5,-5
7568,0.0,0,0,0,1,2,3,2,2,3,1,4,-4,1,1.0,1,1,4250,5,16,15,Hispanic,18.546,0,0
7569,1.0,0,0,0,0,0,6,2,3,2,2,2,2,0,0.0,1,0,245000,4,15,16,Black,29.72,0,0
7570,0.0,0,0,0,0,1,0,2,3,2,2,4,3,0,0.0,1,0,12520,3,14,12,Hispanic,27.897,-5,-5
7571,1.0,0,0,0,0,0,4,2,2,2,2,1,1,0,,2,0,-1250,5,4,7,Hispanic,-0.004,0,0
7572,1.0,0,0,0,0,0,0,1,1,1,1,1,2,0,0.0,1,0,600,4,3,12,Hispanic,-0.004,-5,-5
7573,0.0,0,0,0,0,0,0,1,1,1,1,1,-4,1,0.0,1,0,600,4,3,12,Hispanic,-0.004,-5,-5
7574,0.0,1,0,0,0,0,1,2,2,2,2,1,-4,0,0.0,2,0,39200,3,9,12,Hispanic,53.672,0,1
7575,1.0,0,0,1,2,1,5,1,1,1,2,1,-4,1,,2,1,500,3,4,13,Hispanic,-0.004,-5,-5
7576,0.0,0,0,0,0,0,3,2,2,3,3,2,2,0,0.0,2,0,4750,7,6,1,Hispanic,20.501,0,0
7577,0.0,0,0,0,0,0,2,2,2,2,3,1,-4,0,0.0,2,0,342750,8,6,3,Hispanic,72.53,0,0
7578,1.0,0,0,0,0,0,0,1,2,1,1,1,1,0,,1,0,12000,7,12,5,Hispanic,53.275,-5,-5
7579,1.0,0,0,0,0,0,0,2,2,4,2,3,-4,0,0.0,2,0,12000,7,12,5,Hispanic,13.369,0,0
7580,0.0,0,1,0,0,0,5,2,2,4,4,2,2,0,0.0,2,0,26550,5,9,2,Hispanic,5.279,-5,-5
7581,0.0,0,0,0,0,0,3,2,3,1,1,1,-4,0,0.0,1,0,130750,8,4,6,Hispanic,33.95,0,0
7582,1.0,0,0,0,0,0,0,2,2,3,2,3,2,0,1.0,2,0,64750,3,-3,8,Hispanic,31.751,0,0
7583,0.0,0,1,0,0,0,2,2,3,3,1,3,-4,0,0.0,1,0,86650,4,-4,10,Hispanic,-0.004,0,0
7584,1.0,0,0,0,2,1,5,2,2,1,2,1,-4,0,,2,0,-2130,4,15,12,Hispanic,-0.004,0,0
7585,0.0,0,0,0,0,0,10,2,2,3,2,1,3,0,0.0,1,0,101000,4,-3,6,Hispanic,21.285,0,0
7586,0.0,1,1,0,0,0,0,3,3,1,1,1,-4,0,0.0,2,0,101000,4,-3,6,Hispanic,39.061,0,-2
7587,1.0,0,0,0,0,0,2,2,2,1,1,1,-4,0,0.0,2,0,70400,4,-3,-3,Hispanic,-0.004,-5,-5
7588,1.0,1,0,0,1,0,9,2,3,4,3,2,4,1,,2,0,90950,4,-3,12,Hispanic,70.826,-5,-5
7589,0.0,0,0,0,0,0,1,2,2,1,1,2,-4,0,0.0,1,0,90950,4,-3,12,Hispanic,53.996,-5,-5
7590,1.0,0,0,0,0,0,3,2,2,3,3,2,3,0,0.0,2,0,89000,5,9,13,Hispanic,98.086,0,0
7591,0.0,0,0,0,0,0,10,2,2,2,2,2,-4,0,0.0,2,-4,-4,5,9,13,Hispanic,90.578,0,0
7592,0.0,0,0,0,0,0,7,2,2,2,2,2,-4,0,0.0,2,-4,-4,5,9,13,Hispanic,39.389,0,0
7593,0.0,1,0,0,1,0,13,2,2,3,2,2,-4,0,0.0,2,0,74000,4,-3,13,Hispanic,76.93,0,0
7594,1.0,0,0,0,0,0,1,2,2,2,3,2,2,0,0.0,1,0,112435,5,-3,-3,Hispanic,90.189,0,0
7595,1.0,0,0,0,0,0,0,2,1,2,2,1,1,0,0.0,1,0,112435,5,-3,-3,Hispanic,56.092,0,0
7596,0.0,0,1,0,0,0,12,2,2,3,4,2,4,0,1.0,1,0,7932,5,12,13,Hispanic,11.43,0,0
7597,1.0,0,0,0,0,0,3,2,2,2,4,2,5,0,0.0,1,0,7932,5,12,13,Hispanic,35.338,0,0
7598,0.0,0,0,0,0,0,4,2,2,2,2,1,-4,0,0.0,2,0,-140000,5,13,9,Hispanic,5.967,0,0
7599,1.0,0,0,0,0,0,10,2,2,1,1,1,-4,0,0.0,1,0,-140000,5,13,9,Hispanic,6.364,0,0
7600,0.0,0,1,6,0,2,5,1,2,3,1,1,-4,0,0.0,1,0,3200,3,10,9,Hispanic,28.864,-5,-5
7601,1.0,0,0,0,0,0,15,2,2,2,1,1,-4,0,0.0,2,-4,-4,4,-3,1,Hispanic,76.591,0,-2
7602,0.0,0,1,4,0,1,8,2,1,3,2,3,3,0,,1,1,4000,6,8,-3,Hispanic,14.063,0,0
7603,1.0,0,0,0,0,0,0,2,2,2,4,1,4,0,0.0,2,0,280700,4,16,14,Hispanic,94.631,0,0
7604,0.0,0,0,0,0,0,0,2,2,3,3,1,-2,0,,1,-4,-4,6,-4,-3,Hispanic,62.425,0,1
7605,0.0,0,0,0,0,0,0,3,3,4,4,1,2,0,,2,-4,-4,6,-4,-3,Hispanic,41.988,0,0
7606,0.0,0,1,0,0,0,-2,2,2,3,3,3,3,0,,2,1,57500,3,11,7,Hispanic,6.064,0,0
7607,0.0,0,1,0,0,0,30,2,2,3,4,2,-4,0,0.0,1,0,185496,5,-3,-3,Hispanic,13.457,0,0
7608,1.0,0,1,6,0,0,4,2,2,3,4,2,3,0,,2,0,-3,4,-3,10,Hispanic,32.62,0,0
7609,0.0,1,0,0,0,0,9,1,2,1,1,1,-4,0,0.0,2,0,32000,4,12,12,Hispanic,50.082,0,0
7610,0.0,0,0,0,1,0,2,2,2,3,2,1,-4,0,1.0,2,0,22500,3,12,14,Hispanic,40.323,0,0
7611,0.0,0,0,0,1,0,7,2,2,1,1,1,1,0,0.0,2,0,1750,2,-4,11,Hispanic,-0.004,0,0
7612,0.0,0,0,0,0,0,10,2,4,2,3,2,5,0,0.0,2,-4,-4,2,6,11,Hispanic,-0.004,0,1
7613,0.0,,1,0,-4,-4,-4,-4,-4,4,3,2,4,0,,2,0,500,3,-3,-3,Black,9.85,-5,-5
7614,1.0,0,0,0,0,0,16,1,1,4,1,2,5,0,0.0,2,1,-3,4,-4,-3,Black,5.901,-5,-5
7615,1.0,0,0,0,0,0,26,2,2,4,2,4,-4,0,,1,0,16000,3,-3,12,Black,60.825,-5,-5
7616,1.0,0,0,0,0,0,0,1,2,4,2,1,-2,1,1.0,2,0,-3,2,-4,-4,Black,-0.004,-5,-5
7617,0.0,,1,1,6,10,12,3,3,5,3,2,5,1,,2,0,3300,7,12,3,Hispanic,5.565,-5,-5
7618,0.0,0,1,0,-4,-4,-4,2,3,-2,-2,2,-2,0,1.0,2,0,-3,5,-3,11,Black,6.526,1,0
7619,0.0,0,0,0,1,2,-2,2,2,4,4,1,5,0,,2,0,0,2,12,14,Black,16.021,0,0
7620,1.0,0,0,0,0,0,7,1,2,1,1,1,2,0,,1,-4,-4,4,16,12,Black,-0.004,0,0
7621,1.0,0,0,0,0,0,1,1,1,2,2,1,2,0,,1,0,345001,5,18,19,Hispanic,97.402,0,0
7622,0.0,0,0,0,0,0,3,2,3,1,1,1,-4,0,0.0,2,0,-3,5,14,17,Black,67.288,-5,-5
7623,0.0,0,0,0,0,0,3,2,3,1,1,1,3,0,0.0,2,0,467500,2,19,18,Black,87.378,0,0
7624,0.0,0,1,0,0,0,-2,2,2,-2,-2,1,-4,1,0.0,1,0,-3,4,-3,-3,Black,-0.004,-5,-5
7625,0.0,0,0,0,0,0,-2,1,2,1,1,1,-4,0,0.0,2,0,-3,3,-3,11,Black,1.441,-5,-5
7626,0.0,0,0,0,0,0,9,1,2,4,3,1,5,0,,2,0,9250,7,12,12,Black,34.766,-5,-5
7627,0.0,0,1,1,0,0,-2,2,2,3,-2,1,-2,0,0.0,1,0,9250,7,12,12,Black,0.493,-5,-5
7628,0.0,0,0,0,0,0,4,1,1,2,1,1,-4,0,0.0,2,0,9250,7,12,12,Black,22.65,0,0
7629,0.0,0,0,0,0,0,5,1,2,3,1,1,2,0,1.0,1,0,7900,4,10,12,Black,-0.004,0,0
7630,,,0,-3,0,2,25,3,2,3,4,1,5,0,0.0,1,0,7900,4,10,12,Black,0.0,0,0
7631,0.0,0,1,1,1,7,5,1,1,1,1,1,-4,0,1.0,1,0,37500,4,-3,14,Black,2.768,0,-4
7632,0.0,0,0,1,0,3,9,2,2,4,2,1,3,1,,2,-4,-4,4,-3,-3,Black,-0.004,0,1
7633,0.0,0,1,0,0,0,1,3,4,3,3,2,-4,0,0.0,2,0,7500,3,12,11,Black,-0.004,0,-4
7634,1.0,1,0,1,0,0,9,2,1,4,4,2,5,0,1.0,2,-4,-4,9,-3,16,Hispanic,52.567,0,-2
7635,0.0,0,0,0,3,0,5,2,3,3,2,1,4,0,0.0,2,1,150,6,16,14,Black,38.483,0,0
7636,1.0,0,0,0,0,0,5,3,1,3,1,1,-4,0,0.0,2,1,150,6,16,14,Black,59.006,0,0
7637,1.0,0,0,0,0,0,0,3,3,3,2,1,-4,0,0.0,2,1,150,6,16,14,Black,45.257,-5,-5
7638,0.0,0,1,2,1,7,2,2,2,4,5,3,5,1,,1,0,500,4,-3,12,Black,-0.004,-5,-5
7639,1.0,0,0,0,0,0,3,2,2,3,3,1,3,0,0.0,2,0,1750,4,-3,12,Black,-0.004,0,1
7640,0.0,0,1,2,0,2,4,4,3,1,1,2,-4,0,0.0,1,0,1750,4,-3,12,Black,-0.004,-5,-5
7641,0.0,0,0,0,0,0,0,2,2,5,5,1,4,1,1.0,1,0,33750,5,10,16,Black,47.19,1,0
7642,0.0,0,0,0,0,0,0,2,2,5,5,1,5,0,,1,0,10800,4,14,16,Black,69.604,0,0
7643,1.0,0,1,0,0,1,4,2,2,1,1,1,-4,0,0.0,1,0,40500,4,12,16,Black,42.612,0,-2
7644,0.0,0,1,0,0,0,6,2,2,3,3,2,-4,0,,2,0,7500,5,7,12,Black,30.345,0,1
7645,0.0,0,0,1,0,1,3,2,2,1,1,1,-4,0,0.0,1,0,72300,5,12,13,Black,6.14,0,0
7646,1.0,0,0,0,0,0,4,1,2,1,1,2,-4,0,0.0,2,0,54000,5,14,12,Black,8.42,1,0
7647,0.0,0,0,0,0,0,12,2,2,5,5,2,-4,0,0.0,2,0,22250,5,12,13,Black,-0.004,0,-4
7648,0.0,0,0,0,5,1,1,2,4,2,2,2,-4,0,0.0,1,0,3000,8,12,12,Black,2.53,0,0
7649,1.0,0,0,0,0,0,5,2,1,3,2,2,4,0,,1,0,33500,5,16,16,Black,6.792,-5,-5
7650,1.0,0,0,0,0,0,3,1,3,1,1,2,-4,0,0.0,2,0,33500,5,16,16,Black,24.729,0,0
7651,1.0,0,0,0,1,0,0,2,4,3,1,2,-4,1,0.0,1,0,354500,4,14,14,Black,86.255,-5,-5
7652,0.0,1,1,2,-4,-4,-4,-4,-4,4,3,1,4,-3,0.0,2,0,19700,4,12,13,Hispanic,58.587,0,0
7653,1.0,0,0,0,7,0,7,2,3,2,3,1,5,0,0.0,2,0,-3,5,12,13,Black,39.893,0,0
7654,1.0,0,0,0,0,0,5,2,3,2,2,1,-4,0,0.0,2,-4,-4,5,-4,-3,Black,90.772,0,0
7655,0.0,0,0,0,2,0,3,2,2,2,1,2,-4,0,0.0,2,0,76500,4,-3,14,Black,10.666,0,-2
7656,1.0,0,0,0,0,0,0,2,3,4,4,2,5,1,1.0,1,0,34750,4,12,12,Black,17.757,0,0
7657,0.0,0,0,0,0,0,0,2,2,2,1,1,-4,0,,2,0,34750,4,12,12,Black,47.512,0,0
7658,0.0,0,1,3,1,1,3,2,2,4,1,5,-4,0,1.0,1,0,11000,3,-4,-4,Black,-0.004,0,-4
7659,0.0,0,0,0,0,0,4,2,2,4,3,2,5,0,0.0,2,0,5500,6,12,12,Black,0.95,0,0
7660,0.0,0,0,0,0,0,0,2,2,3,2,3,4,0,0.0,1,0,-3,8,12,12,Black,25.682,0,0
7661,0.0,0,1,0,0,0,1,3,3,5,3,2,-4,0,0.0,1,0,-3,8,12,12,Black,0.135,0,0
7662,0.0,0,0,0,0,0,1,2,2,2,1,3,-4,0,0.0,2,0,-3,8,12,12,Black,-0.004,0,0
7663,0.0,,0,1,0,0,1,2,3,4,4,1,5,0,,1,0,-3,4,-3,-3,Black,-0.004,-5,-5
7664,0.0,0,1,1,0,0,1,2,2,3,2,1,-4,0,,1,0,-3,4,-3,-3,Black,-0.004,-5,-5
7665,1.0,0,1,0,0,0,3,2,3,5,4,3,-4,0,0.0,2,0,29750,3,12,10,Hispanic,11.229,0,1
7666,1.0,0,0,0,0,0,2,2,3,2,4,1,-4,1,0.0,2,0,48500,5,12,16,Black,11.716,0,0
7667,1.0,0,0,0,0,0,2,2,3,5,4,1,3,0,0.0,1,0,-3,4,12,12,Black,65.843,-5,-5
7668,0.0,0,1,0,4,0,19,4,4,3,1,2,-4,0,,2,0,4650,4,-3,10,Black,2.775,0,0
7669,1.0,0,0,0,0,0,3,2,2,1,2,2,3,0,,1,-4,-4,4,-3,-3,Black,-0.004,-5,-5
7670,0.0,0,1,0,0,0,15,3,1,2,1,1,-4,0,0.0,1,-4,-4,4,-3,-3,Black,-0.004,0,0
7671,0.0,0,0,0,0,1,10,2,2,4,5,1,-4,0,0.0,2,0,4066,4,12,11,Black,1.284,0,0
7672,0.0,1,1,4,1,2,2,2,2,2,1,1,-4,0,,1,0,8950,6,14,11,Black,-0.004,0,0
7673,0.0,0,1,2,10,4,10,1,2,1,1,1,-4,0,0.0,1,0,40700,6,-4,12,Black,-0.004,0,0
7674,0.0,0,0,2,0,0,2,2,2,3,3,2,-4,0,0.0,1,0,3850,4,11,14,Hispanic,-0.004,0,0
7675,0.0,1,1,1,0,0,12,2,3,2,1,1,1,0,0.0,1,1,-3300,4,12,10,Hispanic,6.596,0,1
7676,0.0,1,1,0,0,1,11,2,2,3,1,1,-4,0,0.0,1,1,-3300,4,12,10,Hispanic,14.733,0,1
7677,0.0,0,0,0,0,0,7,2,2,1,1,1,-4,0,,1,1,-3300,4,12,-3,Hispanic,6.724,0,0
7678,0.0,0,0,0,0,0,2,2,1,4,4,4,5,1,,1,0,2950,4,-3,12,Black,14.115,0,-4
7680,0.0,0,0,0,0,0,5,2,2,4,2,2,4,0,0.0,1,0,4450,3,12,12,Hispanic,-0.004,0,0
7681,0.0,0,0,0,0,0,20,2,2,5,3,4,2,0,0.0,2,0,3750,4,-3,4,Hispanic,3.927,0,0
7682,0.0,0,0,0,0,0,-2,2,2,3,2,1,2,0,0.0,2,0,-3,2,18,12,Hispanic,-0.004,-5,-5
7683,0.0,0,1,0,1,1,-2,3,4,4,2,2,3,0,,2,-4,-4,3,12,11,Hispanic,-0.004,0,0
7684,0.0,0,0,0,0,0,4,2,2,1,1,1,1,0,0.0,2,0,2600,3,14,12,Black,2.009,0,0
7685,1.0,0,0,0,0,0,3,2,2,2,1,1,2,0,0.0,2,0,159000,4,16,17,Black,69.876,0,0
7686,0.0,0,0,0,0,0,5,2,2,2,1,1,-4,0,0.0,2,0,159000,4,16,17,Black,67.974,0,0
7687,1.0,0,1,0,0,2,10,2,3,3,2,1,-4,1,0.0,2,0,1500,4,8,11,Black,54.497,0,0
7688,1.0,0,0,0,1,0,0,2,2,4,1,2,-4,0,0.0,2,0,17219,4,-3,12,Black,-0.004,0,0
7689,1.0,0,0,0,0,0,0,3,1,1,1,1,-4,-3,0.0,2,-4,-4,6,-3,12,Black,-0.004,0,-2
7690,1.0,1,0,0,0,0,4,3,2,3,1,1,-4,0,0.0,2,0,266500,5,12,12,Hispanic,53.553,-5,-5
7691,0.0,0,0,1,0,0,0,2,2,1,-2,1,-4,0,0.0,1,-4,-4,7,14,9,Hispanic,-0.004,0,0
7692,0.0,0,0,0,0,0,0,1,4,4,1,1,4,1,0.0,2,0,6250,4,12,12,Black,27.572,-5,-5
7693,1.0,0,0,0,0,0,5,2,2,1,1,2,-4,0,0.0,1,0,6250,4,12,12,Black,19.437,-5,-5
7694,0.0,,0,0,0,0,4,2,3,3,3,1,-4,0,,2,0,2550,6,14,13,Black,26.567,-5,-5
7695,0.0,1,0,0,0,0,4,2,2,1,1,2,-4,0,,2,0,21250,6,11,14,Black,-0.004,-5,-5
7696,1.0,0,0,0,0,0,6,2,3,4,4,1,4,0,,1,-4,-4,6,12,13,Black,-0.004,0,0
7697,0.0,0,0,0,0,0,1,2,2,5,2,1,-4,0,,2,-4,-4,6,12,13,Black,-0.004,0,0
7698,0.0,0,0,0,0,0,4,2,2,4,3,3,4,1,1.0,2,1,3762,2,-3,8,Black,-0.004,0,-4
7699,1.0,0,0,0,0,0,-2,3,3,2,-2,1,-4,0,0.0,1,0,700,5,-3,13,Black,-0.004,0,0
7700,0.0,0,1,-3,0,0,0,2,-2,-2,-2,-2,-2,-3,0.0,1,0,500,6,-4,-3,Black,-0.004,0,-4
7701,0.0,1,1,1,0,0,21,2,3,2,1,2,-4,0,,2,0,500,6,-3,-3,Black,-0.004,0,0
7702,1.0,0,0,0,0,0,2,2,2,2,2,1,2,0,0.0,2,-4,-4,6,6,4,Hispanic,-0.004,0,0
7703,1.0,0,0,0,0,0,2,2,2,1,1,3,-4,0,0.0,1,-4,-4,4,10,8,Hispanic,-0.004,0,0
7704,0.0,,0,0,0,1,67,4,3,4,2,5,5,0,,1,-4,-4,5,12,13,Hispanic,15.128,-5,-5
7705,0.0,,0,0,0,0,2,2,2,2,1,1,-4,0,,2,-4,9850,5,12,13,Hispanic,44.104,-5,-5
7706,0.0,,0,0,-4,-4,-4,2,2,1,1,1,1,0,,1,0,27890,2,12,11,Hispanic,76.949,-5,-5
7707,0.0,1,1,0,0,2,0,2,2,1,1,1,-4,0,,2,0,2750,3,12,12,Black,1.384,-5,-5
7708,0.0,0,1,0,1,0,6,2,2,3,1,1,-4,0,0.0,2,0,-8250,4,-3,11,Black,30.138,-5,-5
7709,0.0,0,0,0,0,0,5,2,-2,-2,-2,-2,-2,0,0.0,2,0,1750,6,12,10,Black,-0.004,0,-4
7710,0.0,0,0,1,0,1,0,2,2,2,1,1,-4,0,0.0,1,0,1650,3,5,11,Black,7.295,0,0
7711,1.0,0,0,0,0,0,7,2,3,3,2,1,3,0,,2,0,-750,6,10,12,Black,39.163,0,-4
7712,0.0,0,0,3,0,0,20,2,3,4,2,1,3,0,,1,0,-99500,4,-3,14,Black,-0.004,0,-4
7713,1.0,0,0,0,0,0,1,3,4,4,4,1,4,0,0.0,2,0,30500,4,-3,-3,Black,34.105,1,1
7714,0.0,1,1,3,2,0,5,1,2,2,3,2,4,-3,0.0,1,1,2750,5,12,10,Black,-0.004,1,0
7715,0.0,0,0,0,0,0,6,2,2,5,2,1,-4,1,,2,1,2750,5,12,10,Black,-0.004,1,0
7716,0.0,0,0,0,0,0,5,3,3,2,1,1,-4,0,0.0,2,0,17100,5,11,13,Black,16.969,0,0
7717,1.0,0,0,0,0,0,5,2,3,5,4,1,2,1,,2,0,6000,2,10,12,Black,16.961,0,0
7718,0.0,0,1,6,0,0,15,3,2,4,3,1,5,-3,1.0,1,0,-11250,4,12,13,Black,-0.004,-5,-5
7719,0.0,0,0,0,0,1,4,1,4,3,1,1,-4,1,0.0,2,0,1750,5,-3,12,Black,16.696,0,1
7720,0.0,0,0,0,2,1,11,2,2,5,1,3,-4,0,0.0,2,0,1750,5,12,12,Black,0.0,-5,-5
7721,1.0,0,0,2,0,0,8,2,3,3,2,1,4,0,0.0,1,0,1570,3,12,15,Black,-0.004,0,0
7722,0.0,0,1,0,2,0,0,2,2,5,1,1,5,1,0.0,1,0,13599,4,-3,14,Black,50.289,0,1
7723,1.0,0,0,0,0,0,10,2,2,1,1,3,-4,0,0.0,1,0,13599,4,11,14,Black,16.561,-5,-5
7724,1.0,1,0,0,0,0,14,1,1,2,1,1,-4,0,0.0,2,0,300,4,12,15,Black,-0.004,0,0
7725,0.0,0,1,2,0,1,5,2,2,4,1,1,5,0,0.0,1,1,500,6,12,12,Black,-0.004,-5,-5
7726,0.0,0,1,3,0,0,0,2,2,2,1,1,-4,0,0.0,1,1,500,6,-3,12,Black,-0.004,0,1
7727,0.0,0,0,0,0,1,0,2,2,3,1,1,5,0,0.0,1,0,1750,6,10,12,Black,5.811,0,1
7728,0.0,0,0,0,0,0,1,2,2,1,1,1,-4,0,0.0,2,0,1750,6,10,12,Black,11.254,0,1
7729,0.0,0,1,2,0,20,5,2,3,1,1,1,-4,0,0.0,1,0,-200,4,-3,8,Black,1.95,-5,-5
7730,0.0,0,1,0,0,0,6,2,2,1,1,2,-4,0,0.0,2,0,-200,4,-3,8,Black,2.079,0,0
7731,0.0,1,0,0,0,0,0,2,2,2,3,1,-4,1,0.0,1,0,1750,7,12,11,Black,34.026,-2,-4
7732,1.0,0,0,0,0,0,2,2,4,4,5,2,-4,1,0.0,2,0,1750,7,12,11,Black,9.893,0,0
7733,0.0,0,0,0,0,0,9,2,4,5,5,3,5,1,0.0,1,1,2750,5,9,12,Black,10.8,0,1
7734,0.0,0,0,0,0,0,12,2,3,3,3,3,-4,1,0.0,2,1,2750,5,9,12,Black,12.406,0,0
7735,0.0,0,0,1,0,2,17,1,2,1,1,1,-4,1,0.0,1,1,2750,5,9,12,Black,5.967,0,1
7736,0.0,0,0,0,0,0,0,1,1,1,1,1,-4,0,0.0,2,0,1700,3,12,11,Black,10.906,0,0
7737,1.0,0,1,-3,-4,-4,-4,3,3,1,1,1,-4,0,0.0,1,0,-3,2,9,9,Black,6.45,0,0
7738,0.0,0,0,0,1,0,1,3,3,1,1,1,1,0,0.0,2,0,39500,6,12,12,Black,78.704,0,0
7739,0.0,0,0,0,0,0,2,3,2,1,1,1,-4,0,0.0,1,-4,-4,6,12,12,Black,1.998,0,0
7740,0.0,0,0,0,0,0,14,3,2,3,3,2,-4,0,0.0,2,0,17500,4,6,10,Black,12.182,0,0
7741,0.0,0,0,0,0,0,2,2,2,1,1,1,-4,0,0.0,2,0,4650,2,11,12,Black,14.901,0,0
7742,0.0,0,1,4,0,0,5,2,2,1,1,1,4,0,0.0,1,0,-3,10,-3,11,Black,3.211,0,0
7743,0.0,0,0,0,1,0,12,3,3,3,3,1,5,0,0.0,2,-4,-3,10,-3,12,Black,8.322,0,0
7744,0.0,0,0,1,0,0,6,2,2,2,2,1,5,0,0.0,1,0,3750,4,5,9,Black,5.994,0,0
7745,1.0,0,0,0,0,0,10,2,2,4,4,1,5,0,0.0,1,0,137500,8,-3,12,Black,43.386,0,0
7746,0.0,1,0,0,0,0,0,2,3,2,2,2,-4,0,0.0,1,0,137500,8,-3,12,Black,13.615,0,0
7747,0.0,0,0,2,0,1,10,3,2,4,2,4,5,0,0.0,1,0,1550,4,-3,9,Black,0.477,0,0
7748,0.0,0,0,0,0,0,4,2,3,1,1,1,-4,0,0.0,1,0,1550,4,-3,9,Black,16.524,0,0
7749,0.0,0,0,0,0,0,0,2,2,1,1,1,-4,0,0.0,1,1,14750,5,12,12,Black,4.202,0,0
7750,0.0,0,0,0,0,0,2,2,2,1,1,1,1,0,,1,0,35500,8,12,10,Black,0.0,0,0
7751,0.0,,0,0,0,0,3,2,2,1,1,1,4,1,,1,0,35500,8,12,10,Black,7.063,-5,-5
7752,0.0,0,0,0,0,0,0,2,2,1,1,1,-4,0,,1,0,35500,8,12,10,Black,24.68,-5,-5
7753,0.0,,0,0,3,0,35,2,3,4,4,1,3,1,,1,0,9000,5,11,10,Black,-0.004,-5,-5
7755,0.0,0,1,4,1,2,5,2,2,2,2,2,1,0,0.0,1,0,37800,6,11,12,Black,-0.004,0,0
7756,0.0,0,0,0,0,0,2,2,3,3,2,1,3,0,0.0,2,0,37800,6,11,12,Black,26.82,0,0
7757,0.0,0,0,0,0,1,1,2,1,2,3,1,3,0,0.0,1,0,23750,6,9,12,Black,7.347,0,0
7758,0.0,0,0,1,0,1,3,2,2,3,1,1,-4,0,0.0,2,0,1750,3,12,12,Black,1.88,0,0
7759,1.0,0,0,0,0,0,5,2,2,3,2,2,-4,0,0.0,1,0,23500,4,12,12,Black,16.078,0,0
7760,0.0,0,1,4,0,1,10,2,2,3,3,2,4,1,,1,0,4150,5,12,12,Black,26.185,0,0
7761,0.0,0,1,0,3,0,0,3,3,4,4,1,-4,0,,1,0,4150,5,12,12,Black,39.937,0,-4
7762,0.0,1,1,1,1,5,7,2,2,4,1,2,-4,0,,2,1,4150,5,-3,12,Black,1.869,0,-4
7763,0.0,0,1,1,0,1,1,3,1,4,2,3,-4,0,,1,0,4150,5,12,12,Black,0.553,-5,-5
7764,1.0,0,0,0,0,0,0,1,1,1,1,1,-4,0,0.0,2,0,22000,4,13,13,Black,27.691,0,0
7765,1.0,0,0,0,0,0,6,2,2,3,3,1,3,0,0.0,2,0,29050,9,12,12,Black,13.559,0,0
7766,0.0,0,0,0,1,0,1,1,3,2,1,1,-4,0,0.0,2,0,29050,9,12,12,Black,10.961,0,0
7767,1.0,0,0,0,0,0,2,2,2,2,1,1,-4,0,,2,0,49000,4,12,16,Black,22.594,0,0
7768,0.0,0,0,0,0,0,3,2,2,3,1,1,2,0,0.0,1,-4,-4,4,12,7,Black,23.612,0,0
7769,0.0,0,0,0,0,0,9,2,2,5,4,2,5,1,0.0,2,0,34250,4,10,14,Black,3.506,0,-4
7770,0.0,0,1,0,0,0,3,1,4,2,2,3,5,0,0.0,2,0,34250,4,10,14,Black,38.381,0,-2
7771,0.0,0,0,2,2,1,3,2,3,4,3,2,-4,0,0.0,1,0,34250,4,10,14,Black,37.157,0,-4
7772,1.0,0,0,0,0,1,1,2,2,3,2,1,4,0,0.0,1,0,30505,3,-4,16,Black,25.273,0,0
7773,0.0,0,0,0,4,0,6,2,2,3,3,2,4,1,1.0,2,0,38800,4,-4,13,Black,79.418,0,0
7774,1.0,0,0,0,1,0,6,2,2,4,3,1,5,0,0.0,2,0,-3,4,12,12,Black,-0.004,0,0
7775,0.0,,0,0,0,0,3,2,3,5,1,1,4,0,,1,1,-3,5,-3,11,Black,-0.004,-5,-5
7776,0.0,0,0,1,0,0,5,2,3,3,4,1,4,0,0.0,1,1,-3,5,-3,11,Black,-0.004,0,0
7777,0.0,0,0,0,0,0,5,3,3,5,5,5,5,1,0.0,2,0,29500,4,12,12,Black,17.243,0,0
7778,1.0,0,0,0,0,0,2,2,2,4,1,1,-4,0,0.0,1,0,36250,2,-3,16,Black,-0.004,-5,-5
7779,1.0,0,0,0,0,0,1,1,2,3,2,1,-4,0,0.0,1,0,-3,3,-4,16,Black,47.265,0,0
7780,1.0,0,0,0,0,0,0,3,3,3,3,1,3,0,,2,0,-3,4,16,16,Black,-0.004,-2,0
7781,1.0,,0,0,0,0,4,3,2,1,2,1,4,0,,2,0,-3,4,12,16,Black,31.787,-5,-5
7782,1.0,,0,0,0,0,1,1,2,2,1,1,-4,0,,2,0,-3,4,12,16,Black,80.247,-5,-5
7783,0.0,,0,0,0,0,3,2,3,3,4,1,5,0,,1,0,4050,4,9,12,Black,21.125,-5,-5
7784,0.0,0,0,1,0,0,3,1,1,5,1,2,-4,0,0.0,1,0,21700,7,12,12,Black,27.961,0,0
7785,0.0,1,1,0,0,0,2,2,2,2,1,2,-4,0,,1,0,1750,4,12,11,Black,-0.004,-5,-5
7786,1.0,1,0,0,0,0,0,2,3,3,1,1,4,0,0.0,1,0,-3,3,-4,12,Black,-0.004,0,1
7787,0.0,0,0,0,0,0,0,2,2,2,1,1,-4,0,0.0,2,0,-3,3,12,12,Black,-0.004,0,0
7788,0.0,0,0,1,1,1,3,3,2,5,3,1,4,0,,1,0,2250,2,-3,11,Black,-0.004,0,1
7789,1.0,,0,0,0,0,2,2,2,1,2,1,2,0,,1,0,-3,4,12,12,Black,-0.004,-5,-5
7790,1.0,0,0,2,0,1,20,2,3,4,4,2,4,0,,1,-4,-4,2,18,16,Black,60.255,0,0
7791,0.0,0,0,0,0,1,3,2,2,4,1,3,4,0,0.0,1,0,275500,3,16,14,Black,-0.004,-5,-5
7792,1.0,0,0,0,0,0,-2,2,3,1,1,1,-4,0,0.0,2,0,-3,6,-4,14,Black,-0.004,0,0
7793,1.0,0,0,0,0,0,2,1,1,1,1,1,-4,0,0.0,2,0,-3,6,-4,14,Black,-0.004,-5,-5
7794,1.0,0,0,0,0,0,0,1,2,4,1,4,-4,0,0.0,2,0,40000,6,10,12,Black,44.587,0,0
7795,0.0,0,0,0,1,0,4,2,2,5,4,2,5,0,0.0,2,0,21296,2,12,11,Black,18.69,0,0
7796,0.0,0,0,0,0,0,4,2,2,2,5,5,3,0,0.0,1,1,-21250,8,12,10,Black,1.565,0,0
7797,0.0,0,0,-3,0,0,2,2,2,3,5,2,4,0,0.0,1,1,-21250,8,12,10,Black,12.689,0,1
7798,1.0,0,0,0,0,0,2,1,1,5,1,3,-4,0,0.0,2,1,-21250,8,12,10,Black,21.055,0,0
7799,1.0,0,1,0,0,0,0,1,1,3,1,3,-4,0,0.0,1,1,-21250,8,12,10,Black,31.727,0,0
7800,1.0,0,0,0,0,0,2,2,3,2,2,3,3,0,,1,0,36000,4,14,14,Black,56.587,0,0
7801,0.0,0,0,1,6,0,17,1,1,5,5,5,-4,1,0.0,2,0,7700,7,12,12,Black,-0.004,0,0
7802,1.0,0,0,0,0,0,5,2,3,3,1,2,3,0,0.0,1,0,3100,6,-3,11,Black,15.603,0,0
7803,0.0,0,0,0,0,0,5,2,2,2,3,2,3,0,0.0,1,0,3100,6,-3,11,Black,34.78,0,1
7804,0.0,0,0,0,0,0,2,2,2,2,1,5,-4,0,0.0,2,0,3100,6,-3,11,Black,7.065,0,0
7805,0.0,0,1,1,0,0,2,3,3,4,-2,2,-4,0,0.0,1,0,-3,3,-3,12,Black,37.222,-5,-5
7806,1.0,0,0,0,0,0,2,2,2,2,1,1,4,0,,1,0,-3,5,12,11,Black,55.244,0,0
7807,1.0,0,0,0,0,0,0,2,2,2,1,2,4,0,0.0,1,0,13500,7,-3,9,Black,28.634,0,0
7808,0.0,0,0,-3,0,3,4,1,1,1,2,1,-4,0,0.0,1,0,16500,6,-4,12,Black,-0.004,0,0
7809,,,1,0,0,0,0,1,2,4,3,1,5,1,,2,-4,-4,5,-3,11,Black,14.323,-5,-5
7810,0.0,0,0,0,0,0,2,2,1,1,1,1,-4,0,0.0,1,-4,-4,3,-3,12,Black,77.742,0,0
7811,0.0,0,0,0,0,0,0,2,2,1,1,1,-4,0,0.0,2,0,-3,6,12,12,Black,2.138,0,0
7812,0.0,0,0,0,0,0,8,3,2,1,1,2,1,0,0.0,1,0,4750,6,-3,11,Black,-0.004,0,1
7813,0.0,0,0,0,0,0,1,2,2,1,1,1,-4,0,0.0,2,0,4750,6,-3,11,Black,-0.004,0,1
7814,0.0,0,0,1,-4,-4,-4,2,4,1,1,1,1,0,0.0,2,0,12750,8,-4,-4,Black,11.871,0,-4
7815,0.0,0,1,2,0,2,19,3,3,2,1,3,-4,0,0.0,2,0,12750,8,-4,-4,Black,7.039,0,-4
7816,0.0,0,0,0,0,0,15,3,4,4,5,4,5,0,1.0,2,0,3750,6,8,8,Black,12.573,0,0
7817,1.0,0,0,0,0,0,15,4,4,4,3,4,5,1,0.0,2,0,3750,6,8,8,Black,18.304,0,0
7818,0.0,0,1,0,0,0,1,2,2,4,3,3,4,1,0.0,1,0,47500,7,12,-4,Black,8.453,0,0
7819,1.0,0,0,0,0,0,10,2,3,4,4,4,5,0,1.0,2,0,92750,7,-4,12,Black,-0.004,0,1
7820,0.0,0,1,0,0,2,3,4,4,1,1,1,3,0,0.0,1,0,92750,7,12,12,Black,32.15,0,0
7821,0.0,0,1,-3,0,0,6,2,2,2,2,1,1,0,,1,0,92750,7,-3,12,Black,22.416,0,-2
7822,0.0,0,1,0,0,0,7,2,3,1,1,1,-4,0,0.0,1,0,92750,7,12,12,Black,10.375,0,0
7823,0.0,0,1,0,0,0,3,2,2,3,1,4,2,-3,,2,0,135500,2,12,12,Black,4.971,-5,-5
7824,1.0,0,0,0,0,0,8,2,1,4,2,1,4,0,1.0,2,0,8750,5,11,12,Black,42.233,0,0
7825,1.0,0,0,0,0,0,1,2,2,1,1,1,1,1,0.0,1,0,38750,4,14,12,Black,87.585,0,0
7826,1.0,0,0,0,0,0,7,2,3,4,3,3,2,0,,2,0,6250,3,10,12,Black,-0.004,0,0
7827,0.0,,1,0,0,2,0,2,2,2,1,1,-4,0,,1,0,6250,3,10,12,Black,-0.004,-5,-5
7828,0.0,0,1,0,1,1,2,2,1,3,2,2,-4,0,0.0,2,0,1750,3,9,12,Black,-0.004,0,0
7829,1.0,0,0,4,0,0,1,2,1,2,2,1,2,0,,2,0,22500,4,10,-4,Black,77.138,-5,-5
7830,1.0,0,0,0,0,0,4,3,2,5,3,3,2,0,0.0,2,0,-3,3,-4,14,Black,15.592,0,0
7831,0.0,0,0,0,0,0,12,3,1,4,2,4,3,1,0.0,1,0,-3,3,-4,14,Black,9.169,0,0
7832,1.0,0,0,0,0,0,5,2,1,2,1,1,-4,0,0.0,1,0,4250,3,-4,12,Black,16.329,0,0
7833,1.0,0,0,1,0,2,10,3,2,5,2,2,5,0,,1,0,54150,2,-3,14,Black,-0.004,-5,-5
7834,0.0,0,1,3,0,2,28,2,3,4,4,1,4,0,0.0,1,0,82000,5,-3,-4,Black,22.839,-5,-5
7835,0.0,0,0,5,0,0,10,2,2,2,3,2,-4,0,0.0,1,0,82000,5,-3,-4,Black,15.773,0,0
7836,1.0,0,0,0,0,0,2,1,2,3,3,2,2,0,0.0,2,0,3750,3,11,10,Black,34.754,-5,-5
7837,1.0,0,0,0,0,0,6,2,3,3,3,1,3,0,0.0,2,0,1750,2,9,14,Black,39.453,0,0
7838,0.0,0,1,1,1,2,21,1,1,4,3,4,-4,1,,1,0,1500,5,10,12,Black,-0.004,-5,-5
7839,1.0,0,0,0,0,0,5,2,3,4,3,2,4,0,0.0,1,0,29250,3,-3,12,Black,40.012,0,0
7840,1.0,0,0,0,0,1,0,3,3,4,3,1,-4,0,0.0,2,0,3750,2,-4,12,Black,21.205,0,0
7841,0.0,0,0,0,0,0,5,2,2,3,3,1,1,0,0.0,2,0,500,3,8,12,Black,2.208,0,0
7842,0.0,0,1,0,0,0,5,3,2,2,2,3,-4,0,0.0,2,0,500,3,8,12,Black,5.223,0,-2
7843,0.0,0,0,0,0,0,0,2,1,1,1,1,-4,0,,2,0,1750,3,-3,10,Black,8.119,0,0
7844,0.0,0,0,0,1,0,2,3,4,5,3,1,-4,0,0.0,2,0,-3,4,-4,12,Black,-0.004,0,0
7845,1.0,0,0,0,0,0,2,1,2,5,2,2,-4,0,0.0,1,0,-3,7,16,14,Black,31.159,0,0
7846,1.0,0,0,0,0,1,6,2,2,4,4,3,4,0,0.0,2,0,27300,6,-3,12,Black,33.088,0,0
7847,0.0,0,0,0,0,0,0,4,4,4,3,1,-4,0,0.0,1,0,27300,6,12,12,Black,9.536,0,0
7848,0.0,0,1,-3,2,0,0,2,2,1,1,3,-4,0,0.0,1,0,27300,6,12,12,Black,5.606,0,0
7849,0.0,0,0,0,6,0,2,2,1,3,2,4,4,1,0.0,1,0,26800,2,12,14,Black,42.642,0,0
7850,0.0,0,1,0,0,3,0,2,3,1,2,2,-4,1,0.0,1,0,133900,6,-3,14,Black,38.279,0,-4
7851,1.0,0,0,0,0,0,2,2,1,4,4,1,4,0,0.0,2,1,55700,5,12,9,Black,8.82,1,1
7852,0.0,0,0,0,0,0,1,2,2,1,1,2,-4,0,0.0,2,0,55700,5,12,14,Black,25.578,0,0
7853,0.0,0,0,0,0,0,13,2,3,3,3,2,3,0,0.0,2,-4,-4,6,19,16,Hispanic,52.76,0,0
7854,0.0,0,0,0,0,0,2,1,2,3,3,1,-4,0,0.0,1,-4,-4,6,19,16,Hispanic,74.012,0,0
7855,0.0,0,0,0,0,0,0,2,2,2,1,1,-4,0,,1,0,-3,4,12,12,Hispanic,45.864,0,0
7856,1.0,0,0,0,0,0,2,2,2,2,1,1,-4,0,0.0,2,0,166300,4,20,15,Hispanic,52.743,0,0
7857,1.0,0,0,0,0,0,0,2,2,5,5,3,-4,0,0.0,2,0,4100,3,12,13,Black,29.36,0,-4
7858,1.0,0,1,0,0,2,2,2,2,3,2,2,-4,0,0.0,2,0,3250,6,12,8,Black,-0.004,0,0
7859,0.0,0,0,5,2,2,2,4,4,2,1,1,-4,1,0.0,1,0,3250,6,12,8,Black,29.51,0,0
7860,0.0,0,1,1,2,1,5,3,4,2,1,3,-4,0,0.0,1,0,-8250,4,12,14,Black,-0.004,-5,-5
7861,1.0,0,0,0,0,0,0,2,4,2,1,2,-4,0,0.0,1,0,35500,4,12,14,Black,24.899,0,0
7862,0.0,1,0,2,6,0,8,4,4,5,5,5,5,1,1.0,1,0,-3,2,12,12,Black,20.714,0,0
7863,1.0,0,0,0,4,0,8,3,4,5,5,2,4,0,0.0,2,0,21200,10,12,12,Black,-0.004,0,0
7864,1.0,0,0,0,0,0,5,2,3,2,1,2,-4,0,0.0,1,0,21200,10,12,12,Black,-0.004,0,0
7865,0.0,0,1,1,0,0,6,2,3,3,2,3,5,0,0.0,1,0,-1000,5,14,14,Black,33.796,0,0
7866,0.0,0,0,0,0,0,7,2,3,2,1,2,3,0,0.0,1,0,-1000,5,14,14,Black,0.15,0,0
7867,0.0,0,0,0,1,0,8,3,3,3,3,3,4,0,0.0,1,-4,-4,5,11,12,Black,-0.004,-5,-5
7868,0.0,0,0,0,0,0,5,2,2,1,1,2,-4,0,0.0,2,0,3750,3,9,12,Black,14.759,0,0
7869,0.0,0,0,3,2,10,4,2,3,3,4,4,5,0,0.0,1,0,-3,6,11,11,Black,0.499,-1,1
7870,1.0,0,0,0,0,0,2,2,2,2,3,2,-4,0,0.0,2,0,-3,6,12,12,Black,59.583,0,0
7871,1.0,1,0,0,0,0,4,1,4,5,4,4,-4,1,1.0,2,0,30500,2,12,14,Black,23.249,0,0
7872,1.0,0,1,0,0,0,0,2,2,3,1,2,-4,0,0.0,2,0,79500,5,14,13,Black,15.466,0,0
7873,0.0,0,0,1,0,0,5,3,3,3,3,3,4,0,0.0,2,0,-3,3,11,12,Black,26.412,0,1
7874,1.0,0,0,0,1,0,4,2,3,2,1,2,-4,0,0.0,2,0,-3,3,11,12,Black,7.87,0,1
7875,1.0,0,0,0,0,0,0,2,2,3,3,1,4,0,0.0,1,0,-3,3,12,12,Black,29.698,0,0
7876,0.0,0,1,0,1,0,5,2,3,1,1,1,-4,0,0.0,1,0,11000,5,-4,9,Black,1.148,-2,-4
7877,0.0,0,0,0,0,0,90,2,2,3,3,2,4,1,0.0,2,1,49,4,9,10,Hispanic,15.438,0,0
7878,0.0,0,1,0,1,0,50,2,2,3,4,2,3,0,0.0,2,1,49,4,9,10,Hispanic,40.808,0,0
7879,0.0,0,1,1,0,1,14,2,2,2,1,2,-4,0,,1,-4,-4,5,95,3,Hispanic,-0.004,0,-4
7880,0.0,0,0,0,-4,-4,-4,2,1,5,3,5,5,0,1.0,2,0,-12000,6,10,13,Black,-0.004,0,1
7881,0.0,0,0,1,0,0,3,2,2,4,2,3,1,0,,1,-4,-4,4,12,16,Black,6.674,0,-2
7882,0.0,0,0,0,30,0,6,2,4,3,2,4,4,1,1.0,1,0,7500,2,-3,9,Black,-0.004,0,0
7883,0.0,0,1,1,0,2,14,2,1,2,1,2,5,0,1.0,1,0,1750,4,12,12,Black,3.725,0,1
7884,0.0,0,1,5,2,0,15,3,2,2,1,1,5,0,,1,0,1750,4,12,12,Black,5.925,-5,-5
7885,0.0,1,0,-3,3,3,18,2,3,3,1,2,3,0,1.0,1,0,3750,6,12,11,Black,0.316,0,-2
7886,0.0,0,0,0,0,0,0,2,2,5,5,4,-4,0,0.0,2,0,3750,6,12,11,Black,1.661,-2,-2
7887,0.0,0,0,0,0,0,7,2,2,5,3,3,3,0,0.0,2,0,10000,4,-3,11,Black,23.85,0,0
7888,0.0,0,0,0,0,0,7,2,2,2,1,1,-4,0,0.0,2,0,10000,4,-3,11,Black,11.472,0,0
7889,0.0,0,1,0,0,0,5,3,2,3,2,1,4,0,0.0,1,-4,-4,4,-4,10,Black,4.537,0,0
7890,0.0,0,0,0,0,0,15,3,3,5,4,3,-4,0,0.0,1,-4,-4,4,-4,10,Black,6.683,0,0
7891,0.0,0,0,0,0,0,17,2,3,2,5,4,5,0,0.0,1,0,4600,5,-4,14,Black,3.341,0,0
7892,0.0,0,1,0,0,0,0,3,3,4,3,2,-4,0,0.0,2,0,4600,5,-4,14,Black,43.981,0,0
7893,0.0,0,1,1,0,0,12,2,2,4,3,2,-4,0,,1,-4,-4,7,-4,-3,Black,8.184,0,0
7894,1.0,0,1,0,0,3,8,3,3,4,2,1,4,0,0.0,1,0,16000,5,12,11,Black,0.204,-2,0
7895,1.0,0,1,0,0,0,10,1,4,3,2,2,-4,1,,2,0,14500,7,12,10,Black,46.609,0,1
7896,0.0,,0,0,0,0,6,2,3,4,4,1,-4,1,1.0,2,0,14500,7,12,10,Black,40.136,0,1
7897,0.0,0,1,2,2,0,10,2,3,2,2,2,-4,1,,1,0,1750,7,12,9,Black,-0.004,0,0
7898,1.0,0,1,0,1,1,4,1,2,4,1,1,-4,0,0.0,1,0,14500,7,-3,10,Black,48.523,0,-4
7899,0.0,0,0,0,0,0,20,1,2,1,1,1,-4,0,0.0,2,0,7500,4,10,11,Black,5.96,0,0
7900,0.0,0,1,0,0,1,2,2,2,3,1,5,-4,0,0.0,1,0,3750,7,12,12,Black,10.177,0,0
7901,1.0,0,0,0,0,0,3,2,2,3,1,1,2,0,0.0,2,0,22500,5,12,12,Black,24.443,0,0
7902,1.0,0,0,0,0,0,3,1,2,3,1,4,-4,0,0.0,1,0,22500,5,12,12,Black,8.578,0,0
7903,0.0,0,0,0,0,6,6,4,3,5,2,3,5,0,0.0,2,0,52250,4,12,14,Black,17.58,0,0
7904,0.0,0,0,0,0,0,2,2,2,2,2,1,-4,0,0.0,2,0,49050,4,14,13,Black,69.547,0,0
7905,0.0,1,1,1,0,1,5,2,2,1,1,1,-4,0,,1,0,35000,5,12,-3,Black,2.759,0,0
7906,0.0,0,0,0,0,0,3,1,2,2,1,1,-4,0,0.0,2,-4,-4,4,12,12,Black,-0.004,0,0
7907,1.0,1,0,0,0,0,2,2,3,4,4,1,3,0,,2,-4,-4,4,20,16,Black,28.413,-5,-5
7908,0.0,0,1,0,1,0,7,2,2,2,2,1,-4,1,0.0,2,0,11300,6,11,10,Black,2.659,0,0
7909,0.0,0,0,0,1,0,4,1,3,2,2,2,-4,1,0.0,2,-4,11300,6,-3,-3,Black,-0.004,0,0
7910,0.0,0,0,0,0,0,3,2,3,4,3,3,4,0,,1,0,-3,8,12,14,Black,0.431,0,0
7911,0.0,0,0,0,0,1,0,2,3,4,3,1,4,0,0.0,2,0,500,7,12,12,Black,9.897,0,0
7912,0.0,0,1,1,0,0,0,2,2,3,3,2,-4,0,0.0,1,0,500,7,12,12,Black,17.087,0,0
7913,0.0,0,0,0,0,0,0,2,3,4,3,1,5,0,,1,0,8750,10,10,11,Black,-0.004,0,0
7914,0.0,0,0,-3,8,1,90,2,4,5,4,2,5,0,0.0,1,0,8750,10,10,11,Black,-0.004,0,0
7915,1.0,0,0,0,2,3,10,2,2,1,1,3,-4,0,0.0,1,0,-3,7,12,11,Black,84.777,-5,-5
7916,1.0,0,0,0,0,0,0,2,2,4,2,1,-4,0,,1,0,73750,5,-4,12,Black,-0.004,0,0
7917,0.0,0,0,0,0,0,5,3,4,4,4,1,-4,0,,1,0,73750,5,-4,12,Black,-0.004,0,0
7918,0.0,0,0,0,0,0,0,2,2,3,5,1,4,0,,2,0,207351,3,12,11,Black,60.239,-5,-5
7919,0.0,0,0,0,0,3,0,2,4,2,4,1,5,0,0.0,1,0,1750,5,12,12,Black,0.75,0,0
7920,0.0,0,1,0,0,0,0,1,2,3,3,1,-4,0,0.0,2,0,1750,5,12,12,Black,0.385,0,0
7921,0.0,0,0,0,0,0,7,2,3,4,3,1,4,0,,1,0,71750,6,12,11,Black,-0.004,0,0
7923,0.0,0,0,0,0,0,5,2,2,2,3,1,-4,0,0.0,2,0,10000,4,16,14,Hispanic,8.616,-5,-5
7924,0.0,0,0,0,4,0,0,2,3,3,1,2,2,1,,2,-4,-4,4,-3,-3,Hispanic,12.988,0,0
7925,0.0,0,1,0,1,0,56,2,3,4,4,1,-4,0,,2,-4,-4,4,-3,-3,Hispanic,2.937,0,0
7926,1.0,0,0,0,0,0,3,2,2,1,1,1,-4,0,0.0,2,0,16250,2,16,16,Hispanic,35.136,0,0
7927,1.0,0,0,0,0,0,2,2,2,1,1,1,-4,0,1.0,2,0,500,7,12,13,Black,40.394,0,0
7928,0.0,1,1,2,0,1,6,2,2,5,5,3,-4,0,0.0,1,0,-3,4,7,12,Black,1.966,-5,-5
7929,0.0,0,0,0,0,0,4,1,2,1,1,1,-4,0,0.0,1,0,145500,5,13,12,Black,16.44,0,0
7930,0.0,0,0,0,0,0,0,2,1,2,1,1,-4,0,0.0,1,0,145500,5,-4,-3,Black,9.963,0,1
7931,1.0,0,0,0,0,0,0,2,2,1,3,1,5,1,0.0,2,0,90600,4,-3,-3,Black,46.574,0,0
7932,1.0,0,0,0,0,0,3,2,4,1,1,1,-4,1,0.0,2,0,253500,3,12,12,Black,75.453,-5,-5
7933,1.0,0,0,0,0,0,2,3,3,3,2,1,4,0,0.0,1,0,-3,6,-3,12,Black,26.175,-5,-5
7934,1.0,0,0,0,0,1,0,1,4,1,1,1,-4,0,0.0,1,0,-3,6,-3,12,Black,16.42,0,1
7935,0.0,0,0,1,3,1,5,1,1,1,1,1,-4,0,0.0,1,0,422500,3,12,14,Black,16.508,0,0
7936,1.0,0,0,0,1,0,2,1,4,1,2,1,2,0,0.0,1,0,-3,3,16,16,Black,91.113,0,0
7937,0.0,0,0,0,0,0,7,2,2,1,2,1,-4,0,0.0,2,0,15000,4,-4,13,Black,69.753,0,0
7938,,,0,0,0,0,2,2,1,-2,1,1,-4,0,,2,0,200,2,-3,12,Black,-0.004,-5,-5
7939,0.0,0,1,0,1,0,20,2,4,3,1,1,-4,1,0.0,2,-4,-4,5,15,12,Black,-0.004,0,0
7940,0.0,0,1,0,0,0,2,2,2,1,1,1,3,0,,1,0,-3,4,-3,14,Black,-0.004,-5,-5
7941,0.0,0,0,0,0,0,0,2,2,4,4,3,5,0,,2,-4,-4,4,16,18,Black,50.394,0,0
7942,1.0,0,0,0,1,0,2,3,3,5,5,-2,5,0,0.0,2,0,-3,4,12,12,Black,-0.004,0,0
7943,1.0,0,1,0,0,0,2,1,2,4,4,3,3,0,1.0,1,0,-3,5,18,13,Black,-0.004,0,0
7944,1.0,0,0,0,0,0,5,2,3,1,1,1,-4,0,0.0,1,0,-3,5,18,13,Black,-0.004,0,0
7945,0.0,0,0,0,0,1,3,2,2,3,1,1,-4,0,0.0,2,0,131650,3,-4,14,Black,86.516,0,0
7946,1.0,0,0,0,0,0,2,1,1,2,2,1,3,0,0.0,2,0,-3,5,12,13,Black,21.496,0,0
7947,1.0,0,0,0,0,0,4,2,4,5,2,4,5,1,0.0,2,0,-3,5,12,13,Black,48.924,0,0
7948,1.0,0,0,0,0,0,5,2,2,1,1,1,-4,0,0.0,1,0,-3,5,12,13,Black,27.322,0,0
7949,0.0,0,1,0,0,1,7,2,3,3,3,1,5,0,,1,0,3750,4,12,10,Black,-0.004,0,1
7950,0.0,0,0,0,0,0,-2,4,4,4,5,5,5,0,1.0,2,0,3750,4,11,10,Black,12.374,0,0
7951,1.0,0,0,0,1,0,2,1,1,1,2,1,-4,0,0.0,2,0,3750,4,11,10,Black,38.058,0,0
7952,1.0,0,0,0,5,2,30,2,1,1,1,4,-4,1,1.0,1,0,7500,6,12,12,Black,46.931,0,0
7953,0.0,0,0,0,0,0,3,2,2,3,2,1,3,0,,1,0,3750,5,12,12,Black,6.062,0,-4
7954,1.0,0,0,0,0,0,6,2,2,3,5,1,5,0,0.0,2,0,-3,5,12,14,Black,25.659,0,1
7955,0.0,0,0,0,0,0,10,2,2,5,5,3,3,0,0.0,1,-4,-4,4,12,12,Black,8.104,0,0
7956,0.0,0,0,0,0,0,0,2,2,2,1,1,-4,0,0.0,1,-4,-4,4,12,12,Black,20.511,0,0
7958,1.0,0,0,0,0,0,0,2,3,5,1,1,1,0,0.0,2,0,19500,3,-3,12,Black,3.486,0,1
7959,0.0,1,1,0,0,0,13,2,3,3,4,5,-4,0,0.0,2,1,17500,2,-3,12,Black,-0.004,-5,-5
7960,0.0,0,0,0,0,0,3,2,2,2,1,1,-4,0,,2,-4,-4,4,12,12,Black,-0.004,-1,-1
7961,0.0,0,0,0,0,0,5,1,1,1,1,-2,5,1,1.0,2,0,28200,2,-3,12,Black,-0.004,0,0
7962,1.0,0,0,0,2,2,3,1,3,2,4,2,-4,0,0.0,2,0,7538,6,10,12,Black,11.868,0,0
7963,1.0,0,1,0,1,3,28,1,2,4,3,1,-4,1,1.0,1,0,17500,5,-3,12,Black,24.204,1,0
7964,1.0,0,0,0,0,0,5,2,3,1,2,1,-4,0,0.0,2,0,22500,4,15,16,Black,26.696,0,0
7965,0.0,0,0,0,0,0,7,2,2,1,2,1,3,1,0.0,1,0,28620,6,-3,12,Black,26.243,0,-4
7966,0.0,0,0,0,10,0,3,2,3,1,1,1,-4,0,0.0,2,0,500,4,-3,12,Black,12.149,0,0
7967,0.0,,0,0,0,0,9,3,2,1,1,1,-4,0,,1,0,4250,5,-3,7,Black,24.597,-5,-5
7968,0.0,0,1,0,0,0,0,2,1,1,1,1,-4,0,0.0,1,-4,-4,4,11,6,Hispanic,12.541,-5,-5
7969,0.0,0,0,0,1,0,2,2,3,3,3,2,3,0,,1,0,107900,7,12,14,Black,-0.004,0,0
7970,1.0,0,0,0,0,0,1,2,2,4,3,1,4,0,,1,0,217500,4,-4,16,Black,-0.004,0,0
7971,0.0,0,0,-3,0,0,1,2,2,3,3,2,4,0,1.0,1,0,217500,4,-4,16,Black,-0.004,0,0
7972,0.0,0,0,0,0,0,4,2,2,2,2,1,3,0,0.0,1,0,118000,6,12,14,Black,16.208,0,0
7973,0.0,0,1,0,0,0,2,2,1,2,1,1,-4,1,1.0,1,0,118000,6,12,14,Black,51.261,0,0
7974,1.0,0,0,0,0,1,10,2,2,4,1,1,3,0,0.0,1,0,-3,3,12,14,Black,-0.004,0,0
7975,0.0,0,0,-3,0,0,0,4,2,2,2,3,5,0,,1,-2,172000,6,-4,-4,Black,-0.004,-5,-5
7977,0.0,0,0,0,3,0,14,3,3,4,5,1,3,0,0.0,2,0,118000,4,12,12,Hispanic,22.809,0,0
7978,1.0,0,0,0,0,0,4,2,1,5,3,4,5,0,0.0,2,1,-14500,5,-3,13,Black,15.142,0,1
7979,1.0,0,0,0,0,0,3,3,2,5,3,2,-4,0,1.0,2,0,7250,5,14,15,Black,22.92,0,1
7980,1.0,0,0,0,0,0,0,3,3,3,1,1,-4,0,0.0,2,0,50001,4,12,12,Black,13.677,0,0
7981,0.0,1,0,0,0,0,0,2,1,3,4,1,4,1,0.0,1,0,118500,5,9,12,Black,31.183,0,0
7982,0.0,1,1,1,0,3,1,2,2,4,4,4,4,0,0.0,1,0,5588,6,-3,-3,Black,-0.004,0,0
7983,0.0,0,1,0,0,0,3,2,2,5,3,5,5,0,0.0,1,0,9950,5,-3,10,Black,3.802,0,0
7984,0.0,0,0,3,0,1,9,2,3,1,1,2,4,1,0.0,1,0,9950,5,-3,10,Black,17.826,0,0
7985,0.0,0,0,0,0,0,0,2,1,1,1,1,-4,0,0.0,2,0,19750,8,-3,12,Black,34.458,0,0
7986,0.0,0,0,0,15,0,3,2,3,2,2,2,4,0,0.0,2,-4,-4,5,12,11,Black,38.695,0,0
7987,1.0,0,0,0,0,0,0,2,1,1,2,1,4,0,0.0,2,-4,-4,5,12,11,Black,38.291,0,1
7988,1.0,0,0,0,1,0,0,3,1,1,1,1,-4,0,0.0,1,-4,-4,5,12,11,Black,32.598,0,-2
7989,1.0,0,0,0,0,1,1,3,4,2,4,5,-4,0,0.0,2,0,4000,4,-4,12,Black,9.64,0,0
7990,0.0,,1,0,2,1,10,2,2,5,4,2,-4,1,1.0,1,0,5750,3,12,16,Black,-0.004,-5,-5
7991,0.0,0,0,4,0,1,7,2,2,2,3,1,2,0,,1,0,750,5,12,12,Black,-0.004,0,-4
7992,1.0,0,0,0,0,0,0,2,2,2,1,1,3,0,0.0,2,0,-3,6,-3,11,Black,51.221,0,0
7993,0.0,0,1,2,3,2,5,2,2,1,1,1,-4,0,0.0,1,0,500,3,3,6,Black,6.682,0,0
7994,0.0,0,0,0,3,2,5,1,2,1,1,1,-4,0,0.0,1,0,500,3,3,6,Black,8.008,0,0
7995,1.0,1,0,0,0,0,4,3,4,1,2,1,3,1,0.0,2,0,107550,5,15,16,Black,28.416,0,0
7996,1.0,0,0,0,1,1,6,2,2,1,1,1,-4,0,0.0,2,0,134991,4,-3,16,Black,22.416,0,-2
7997,0.0,0,0,1,10,0,0,2,4,2,1,1,5,0,0.0,1,0,-3,5,12,11,Black,22.962,-5,-5
7998,0.0,0,1,0,0,1,0,2,3,1,1,1,1,0,0.0,1,0,-3,5,12,11,Black,0.245,0,0
7999,0.0,0,0,0,0,1,0,2,4,5,1,1,-4,0,1.0,2,0,7500,6,16,13,Black,-0.004,0,-4
8000,0.0,0,0,0,1,0,10,3,4,5,4,5,5,0,0.0,2,1,16200,6,-3,12,Black,4.058,0,0
8001,0.0,0,0,0,1,0,7,3,2,3,3,4,2,0,,1,1,16200,6,-3,12,Black,11.562,0,0
8002,0.0,0,0,0,1,1,0,1,1,1,1,1,-4,1,0.0,1,0,78750,4,9,9,Black,-0.004,-5,-5
8003,0.0,0,0,0,0,3,5,2,3,3,2,1,5,0,0.0,1,0,17300,3,-3,11,Black,10.236,0,0
8004,1.0,0,0,0,0,0,1,2,2,1,1,2,-4,0,0.0,1,0,17300,3,12,11,Black,18.168,0,0
8005,1.0,0,0,1,0,1,1,1,3,3,1,3,-4,0,0.0,1,0,-3,2,10,11,Black,-0.004,0,0
8006,0.0,0,0,0,1,1,1,2,2,1,1,1,-4,0,0.0,2,0,-14850,4,12,12,Black,16.133,0,0
8007,1.0,0,0,0,0,1,0,2,2,4,1,1,3,0,,2,0,-3,5,12,12,Black,22.39,0,0
8008,1.0,0,0,0,0,0,0,3,2,3,1,1,-4,0,0.0,2,0,3450,5,13,14,Black,48.173,0,0
8009,1.0,0,0,0,0,0,4,3,3,2,2,1,-4,0,0.0,2,0,3450,5,13,14,Black,4.335,0,0
8010,0.0,0,0,0,0,0,0,2,2,3,1,3,-4,0,0.0,2,0,500,3,-3,12,Black,23.213,0,0
8011,1.0,1,0,0,1,0,3,2,4,5,4,2,5,1,1.0,2,0,500,3,13,15,Black,56.108,0,0
8012,1.0,0,0,0,0,0,3,2,2,4,1,1,3,0,0.0,2,0,44700,4,11,8,Black,24.39,0,0
8013,0.0,0,1,1,1,0,2,2,3,1,1,2,-4,0,0.0,2,0,7500,3,12,10,Black,5.493,0,0
8014,1.0,0,0,0,0,1,4,1,1,5,5,3,5,0,0.0,2,0,22000,7,-3,-3,Black,22.086,1,-4
8015,0.0,0,1,1,10,0,32,1,4,5,4,3,5,1,0.0,1,0,22000,7,8,-3,Black,-0.004,0,0
8016,0.0,0,0,0,0,0,5,2,1,5,3,4,5,0,,1,0,65500,5,12,12,Black,8.632,0,-4
8017,1.0,0,0,0,0,0,1,1,2,2,1,3,-4,0,,2,0,65500,5,12,12,Black,11.831,0,0
8018,0.0,0,0,0,0,0,3,1,4,5,3,4,3,0,0.0,2,0,3050,7,-3,12,Black,0.94,0,0
8019,0.0,0,0,0,1,1,5,2,4,3,1,5,-4,1,0.0,2,0,3050,7,-3,12,Black,5.416,0,0
8020,1.0,0,0,0,0,1,10,3,2,2,1,5,-4,0,0.0,2,0,-3,8,-4,12,Black,42.007,0,0
8021,1.0,0,0,0,0,0,15,2,2,4,3,4,3,0,0.0,2,0,-3,8,12,12,Black,12.75,0,0
8022,0.0,0,0,0,0,0,2,3,3,1,5,4,5,0,0.0,2,0,-3,4,9,16,Black,-0.004,0,0
8023,0.0,0,0,0,0,0,4,2,4,1,1,2,-4,0,0.0,2,0,3750,3,-3,12,Black,-0.004,0,0
8024,1.0,0,0,0,0,0,0,2,3,1,1,1,2,0,0.0,2,0,-3,4,14,16,Black,48.543,-5,-5
8025,1.0,0,0,0,0,0,5,2,2,4,3,2,-4,0,0.0,1,0,-3,4,14,16,Black,40.864,-5,-5
8026,0.0,0,0,0,0,5,30,2,4,1,1,-2,-4,0,0.0,1,0,33750,2,14,11,Black,1.518,0,0
8027,0.0,0,0,0,0,0,9,2,2,5,5,5,3,0,0.0,2,0,-5500,5,12,12,Black,0.246,0,0
8028,0.0,0,0,1,0,0,3,2,2,3,3,2,5,0,0.0,1,0,2250,6,11,11,Black,11.049,0,0
8029,0.0,0,0,0,0,4,2,2,2,1,1,1,-4,0,0.0,1,0,2250,6,-3,11,Black,0.0,0,0
8030,0.0,0,0,0,0,0,3,2,2,1,1,1,-4,0,0.0,2,0,5750,3,12,12,Black,-0.004,0,0
8031,0.0,0,0,0,5,3,-2,3,2,2,1,1,3,0,,1,0,-3,11,12,11,Black,19.348,0,0
8032,0.0,0,0,0,0,0,12,4,4,3,2,4,3,0,,1,0,-3,11,12,11,Black,55.132,-5,-5
8033,1.0,0,0,0,3,2,14,2,2,1,1,1,-4,0,0.0,2,0,-3,11,12,11,Black,11.839,0,0
8034,1.0,1,0,1,0,1,5,2,3,3,2,1,2,0,,1,0,53000,4,12,12,Black,66.274,0,0
8035,1.0,0,0,0,0,1,2,2,1,4,3,4,-4,1,0.0,1,0,-3,4,12,13,Black,-0.004,0,0
8036,0.0,0,0,0,1,0,7,3,4,5,2,1,2,0,0.0,1,0,-3,6,-3,8,Black,-0.004,0,-2
8037,0.0,0,1,0,1,0,3,2,3,3,2,1,3,0,0.0,2,0,7500,3,12,11,Black,0.518,0,0
8038,1.0,0,0,0,0,0,2,1,1,1,1,2,-4,0,0.0,1,1,32000,5,13,15,Black,46.797,0,0
8039,1.0,0,0,0,0,0,3,4,1,5,5,4,-4,0,0.0,2,0,20000,3,13,12,Black,13.285,0,0
8040,0.0,0,0,0,0,1,0,2,2,1,1,2,-4,1,0.0,1,0,58500,3,10,10,Black,-0.004,0,0
8041,0.0,0,0,0,0,0,2,2,3,3,3,4,5,0,0.0,1,0,3250,3,11,10,Black,-0.004,-5,-5
8042,0.0,0,1,0,0,0,3,2,2,4,2,1,-4,0,0.0,1,0,7750,2,-3,16,Black,15.621,0,-2
8043,1.0,0,0,0,1,0,0,2,1,4,3,1,-4,0,0.0,1,0,2500,4,-3,12,Black,-0.004,0,0
8044,1.0,0,0,0,0,0,6,2,4,2,1,1,1,0,0.0,2,0,7500,3,-3,11,Black,-0.004,1,0
8045,0.0,0,1,0,0,1,3,2,2,5,1,5,3,0,1.0,1,0,7500,3,-3,11,Black,-0.004,0,0
8046,0.0,0,0,0,0,0,5,1,2,1,2,1,2,-3,0.0,1,0,38500,6,10,11,Black,9.052,0,0
8047,0.0,0,0,0,0,0,3,2,2,1,1,1,-4,0,0.0,1,0,38500,6,10,11,Black,10.045,0,0
8048,0.0,0,0,0,0,1,0,2,3,2,1,1,-4,-3,0.0,2,0,38500,6,10,11,Black,5.115,0,0
8049,0.0,0,0,0,0,0,0,2,2,4,1,3,2,1,0.0,1,0,17500,2,-3,11,Black,-0.004,0,-2
8050,1.0,0,0,0,0,0,1,2,2,2,2,1,2,0,,1,0,86500,6,16,12,Black,21.874,0,0
8051,0.0,0,1,0,3,4,-2,3,2,5,3,4,5,0,0.0,1,0,2300,6,12,13,Black,49.44,-5,-5
8052,0.0,0,0,3,0,1,5,2,2,2,4,3,5,0,0.0,1,0,1000,4,-4,9,Black,-0.004,0,0
8053,1.0,0,0,1,1,2,3,2,3,1,1,5,-4,1,0.0,1,0,1000,4,-4,9,Black,12.016,-5,-5
8054,0.0,0,0,0,0,0,4,2,3,2,2,2,4,0,,2,0,23300,6,12,-3,Black,-0.004,0,0
8055,1.0,0,0,0,0,0,6,2,3,2,2,1,3,0,1.0,1,0,54000,5,11,12,Black,20.424,0,0
8056,1.0,0,0,0,0,0,3,2,2,1,1,2,-4,0,0.0,2,0,54000,5,11,12,Black,44.694,0,0
8057,0.0,0,0,1,2,2,2,3,3,2,1,2,-4,1,0.0,1,0,-9750,4,12,14,Black,1.141,0,1
8058,0.0,0,0,0,0,0,5,2,3,2,2,1,4,0,,1,-4,-4,4,-4,12,Black,-0.004,-5,-5
8059,0.0,0,0,0,0,1,10,2,2,4,5,3,-4,0,0.0,1,0,11750,4,6,9,Black,42.635,0,0
8060,0.0,0,0,0,0,0,4,2,2,4,2,1,-4,0,0.0,2,0,500,6,11,11,Black,10.267,0,-2
8061,0.0,0,0,0,0,0,11,2,1,1,3,1,3,0,0.0,2,1,62500,4,-3,14,Black,-0.004,-5,-5
8062,0.0,0,0,1,12,2,3,2,2,4,4,3,-4,1,,1,0,3750,3,-3,14,Hispanic,0.822,0,-2
8063,0.0,0,0,0,-4,-4,-4,4,4,1,4,5,5,0,0.0,1,0,5700,8,-4,10,Black,-0.004,-5,-5
8064,0.0,0,0,0,0,0,5,2,2,3,5,1,-4,0,0.0,2,0,5700,8,12,9,Black,-0.004,0,1
8065,0.0,0,0,3,0,0,-2,2,3,2,2,2,3,0,0.0,1,0,33810,3,-3,11,Black,-0.004,0,1
8066,0.0,0,1,0,0,0,2,1,1,2,4,2,-4,0,0.0,2,0,500,3,-3,11,Black,1.098,0,0
8067,0.0,0,1,0,1,3,2,3,3,1,1,4,-4,1,0.0,2,0,500,3,12,11,Black,2.007,-2,0
8068,1.0,,0,0,0,0,0,2,3,2,3,1,3,0,,2,0,5955,5,-3,12,Black,42.357,-5,-5
8069,0.0,0,0,0,0,0,5,2,2,4,4,1,4,0,0.0,2,0,254201,2,12,12,Black,29.162,0,0
8070,1.0,,1,0,0,0,0,2,2,2,4,1,4,1,,2,0,35000,5,12,12,Black,82.038,-5,-5
8071,1.0,0,0,0,0,0,0,2,2,4,3,2,-4,0,0.0,1,0,35000,5,12,12,Black,27.904,0,0
8072,0.0,0,0,0,2,0,0,2,3,4,2,2,4,0,,1,0,60500,3,14,16,Black,35.626,-5,-5
8073,,,0,0,1,0,15,3,2,2,-2,1,-4,0,,1,0,60500,3,16,16,Black,13.548,-5,-5
8074,0.0,1,0,0,0,0,6,3,3,3,1,1,-4,0,0.0,2,0,57500,3,12,12,Black,-0.004,-5,-5
8075,,,0,0,0,0,1,2,2,1,-2,-2,-4,0,,2,0,10000,6,-4,-3,Black,-0.004,-5,-5
8076,0.0,0,0,1,0,2,0,3,4,3,5,4,-4,0,0.0,1,0,36500,6,12,12,Black,-0.004,-5,-5
8077,1.0,0,0,0,1,0,2,2,2,1,-2,-2,-4,0,0.0,1,0,86000,3,-3,12,Black,67.422,0,0
8078,0.0,0,0,0,0,0,2,2,3,4,1,1,-4,0,0.0,1,0,14500,5,12,14,Black,44.982,0,0
8079,0.0,0,0,0,10,1,2,1,1,4,2,3,-4,0,0.0,2,0,14500,3,12,11,Black,32.087,1,0
8080,1.0,0,0,0,0,0,2,2,2,4,4,3,-4,0,,2,0,28700,4,12,12,Black,29.762,0,1
8081,1.0,0,0,0,0,0,4,2,2,2,4,2,4,0,0.0,2,0,-3,5,12,12,Black,90.74,0,0
8082,0.0,0,0,0,0,0,5,2,3,3,2,1,2,1,0.0,2,-4,-4,5,12,12,Black,88.903,0,0
8083,1.0,0,0,0,0,0,6,1,1,1,1,1,-4,0,0.0,2,0,2500,4,14,13,Hispanic,-0.004,0,0
8084,1.0,0,0,0,0,0,2,1,1,1,1,1,2,0,0.0,2,1,4950,6,-4,12,Black,27.468,0,0
8085,0.0,0,0,0,1,0,2,2,1,4,4,2,-4,0,0.0,2,0,4950,6,11,12,Black,4.484,0,0
8086,1.0,0,0,0,0,0,12,1,1,3,2,1,-4,0,0.0,2,0,2950,4,12,11,Black,64.03,0,0
8087,0.0,0,0,0,0,0,5,1,1,1,1,1,3,0,1.0,1,0,1750,5,11,12,Hispanic,83.985,0,1
8088,0.0,0,0,0,0,3,6,2,2,3,3,2,4,0,0.0,1,0,-3,4,12,13,Black,13.799,0,0
8089,0.0,0,0,0,2,1,1,2,2,1,1,2,-4,0,0.0,2,0,10750,6,12,-3,Black,11.143,0,0
8090,0.0,0,1,1,1,3,7,4,1,1,1,1,-4,1,1.0,1,1,1750,3,12,11,Black,7.047,0,1
8091,1.0,0,0,0,2,0,-2,2,2,4,5,1,3,1,1.0,2,1,1750,5,-3,9,Hispanic,9.95,0,1
8092,0.0,0,0,0,-4,-4,-4,3,2,3,3,3,4,0,0.0,2,1,500,6,7,8,Hispanic,13.983,0,1
8093,0.0,0,1,0,0,0,5,1,1,1,2,1,1,0,0.0,2,1,500,6,7,8,Hispanic,-0.004,0,1
8094,0.0,0,1,1,0,0,6,4,3,2,2,1,-4,0,0.0,1,1,500,6,7,8,Hispanic,-0.004,0,1
8095,0.0,0,0,0,-4,-4,-4,2,2,5,3,4,5,1,0.0,2,0,500,3,-4,8,Hispanic,17.391,0,0
8096,1.0,0,0,0,99,40,5,2,3,2,1,3,-4,0,0.0,2,0,4500,5,-3,12,Black,28.105,0,-2
8097,0.0,0,0,0,0,0,5,3,4,3,3,1,3,0,0.0,2,0,-3,6,-3,12,Black,25.13,0,0
8098,1.0,0,0,0,1,0,10,2,3,3,1,1,-4,0,0.0,2,0,-3,6,-3,12,Black,54.789,0,0
8099,0.0,0,0,0,0,0,7,1,2,2,1,1,-4,0,0.0,1,0,17500,4,-3,12,Black,5.697,0,1
8100,1.0,0,0,0,0,2,9,1,3,-2,-2,1,-4,0,0.0,1,0,500,2,-3,11,Hispanic,-0.004,0,-4
8101,0.0,0,1,1,5,10,1,2,2,1,1,1,-4,1,,1,0,72500,6,12,10,Hispanic,5.674,0,0
8102,0.0,0,1,0,0,0,3,2,1,4,3,2,3,1,,1,0,7490,3,8,16,Hispanic,55.929,0,0
8103,0.0,0,0,0,0,0,5,2,2,1,1,1,-4,0,1.0,2,-4,-4,3,14,12,Hispanic,68.089,-5,-5
8104,1.0,0,1,0,3,5,0,2,2,1,2,2,-4,1,0.0,1,-4,-4,5,-3,-3,Black,-0.004,0,0
8105,0.0,0,0,0,0,1,3,2,1,3,2,2,4,0,0.0,1,1,-2050,5,13,12,Hispanic,23.798,0,0
8106,0.0,0,0,0,1,1,11,2,1,5,5,1,-4,0,0.0,2,1,-2050,5,13,12,Hispanic,24.446,0,0
8107,1.0,0,0,0,0,0,0,1,4,2,1,1,-4,0,0.0,2,-4,-4,4,6,8,Hispanic,98.937,0,0
8108,0.0,0,0,0,0,0,2,2,2,2,2,1,-4,0,,1,0,15300,4,12,14,Hispanic,65.989,0,-2
8109,0.0,0,1,0,5,0,2,2,2,1,1,2,1,0,,1,0,1750,3,6,4,Hispanic,15.441,0,0
8110,0.0,,0,0,0,0,1,2,2,1,2,4,1,0,,1,0,3755,7,4,6,Hispanic,3.015,-5,-5
8111,1.0,0,0,0,0,0,1,2,3,1,1,2,-4,0,0.0,2,0,3755,7,4,6,Hispanic,33.623,0,0
8112,1.0,0,0,0,1,1,0,2,1,1,1,1,-4,0,0.0,2,0,2750,4,-3,15,Hispanic,76.478,0,-4
8113,1.0,0,0,0,0,0,6,2,2,4,3,1,2,0,0.0,2,0,6750,4,14,15,Hispanic,24.281,0,0
8114,1.0,0,0,0,1,0,0,2,3,4,2,1,-4,1,0.0,2,0,6750,4,14,15,Hispanic,40.622,0,0
8115,1.0,0,0,0,0,0,2,2,2,1,1,1,-4,0,0.0,2,0,24500,4,16,14,Hispanic,72.124,0,0
8116,1.0,0,0,0,1,0,4,1,2,4,3,1,4,0,,2,0,138500,6,15,20,Hispanic,62.873,0,0
8117,1.0,0,0,0,0,0,5,2,2,1,1,1,-4,0,0.0,2,1,-5150,5,-4,15,Black,7.855,0,-2
8118,0.0,0,0,0,0,0,0,2,2,1,1,1,-4,0,0.0,2,0,-3000,5,12,12,Black,65.143,0,0
8119,1.0,0,0,0,0,0,1,2,2,5,5,4,4,0,0.0,2,0,3050,3,10,12,Black,24.421,-2,-2
8120,1.0,0,0,2,0,0,6,2,2,3,2,2,1,0,0.0,2,0,2050,5,12,12,Black,3.787,0,0
8121,0.0,0,0,0,0,0,2,3,3,4,4,3,5,0,0.0,2,0,21796,3,14,10,Black,34.225,0,0
8122,1.0,0,0,0,1,1,4,1,3,3,1,2,-4,0,0.0,2,0,18500,6,12,12,Black,-0.004,0,1
8123,1.0,0,0,0,0,0,5,2,2,4,3,1,-4,0,0.0,2,0,18500,6,12,12,Black,-0.004,0,0
8124,0.0,0,0,0,0,0,2,1,1,5,3,1,1,0,0.0,1,0,500,4,-3,12,Black,10.071,-5,-5
8125,0.0,0,0,0,1,1,1,2,2,4,1,2,-4,0,0.0,2,0,500,4,-3,12,Black,28.494,0,0
8126,0.0,0,0,3,0,0,5,2,2,3,2,1,3,0,,1,0,-3,3,16,16,Black,-0.004,0,0
8127,0.0,0,0,0,0,0,0,2,1,2,2,1,-4,0,,2,0,1850,6,12,12,Black,43.345,0,0
8128,0.0,0,0,0,0,0,7,2,2,3,3,3,-4,1,,2,0,-500,4,12,12,Black,-0.004,0,1
8129,0.0,0,0,0,0,0,7,2,3,5,4,1,5,0,0.0,1,-4,-4,5,12,12,Black,18.174,0,0
8130,0.0,0,0,0,0,1,14,2,1,2,1,2,4,0,0.0,1,-4,-4,5,-3,11,Hispanic,39.243,-5,-5
8131,1.0,0,0,0,0,0,8,2,2,5,5,5,5,0,1.0,2,0,3744,4,12,10,Hispanic,23.616,0,0
8132,0.0,0,0,0,0,1,0,1,2,2,1,2,-4,0,0.0,1,0,501,6,10,9,Hispanic,19.131,-5,-5
8133,0.0,0,1,0,0,0,4,1,2,1,3,1,-4,0,0.0,2,0,501,6,10,9,Hispanic,10.839,0,0
8134,0.0,0,0,0,0,0,5,2,2,1,1,1,-2,0,0.0,2,0,500,3,16,12,Hispanic,6.507,0,-4
8135,0.0,0,0,0,0,0,5,2,2,3,3,2,-4,0,0.0,1,0,500,3,16,12,Hispanic,20.588,0,-2
8136,1.0,0,0,0,0,0,2,2,2,2,1,2,-4,0,0.0,1,0,-250,4,11,7,Hispanic,22.587,-5,-5
8137,0.0,0,1,5,1,0,12,3,4,3,3,2,4,0,,1,0,2500,6,6,12,Hispanic,10.073,0,1
8138,0.0,0,0,1,0,1,10,2,4,3,3,2,4,0,1.0,1,0,2500,6,6,12,Hispanic,19.314,0,1
8139,1.0,0,1,0,2,0,7,2,3,2,2,2,-4,0,0.0,2,0,2500,6,13,12,Hispanic,5.542,0,0
8140,1.0,0,0,0,1,0,1,1,3,4,4,2,-4,0,0.0,2,0,-840,2,13,13,Black,46.756,0,0
8141,0.0,0,0,0,0,0,3,2,1,2,1,3,-4,0,,2,0,26000,5,12,13,Black,62.844,0,0
8142,0.0,0,0,1,0,0,12,2,3,3,2,1,3,0,0.0,1,0,2250,6,3,5,Hispanic,6.568,-5,-5
8143,0.0,0,0,0,0,0,7,2,2,1,1,2,-4,0,0.0,2,0,2250,6,3,5,Hispanic,9.931,0,0
8144,0.0,0,0,0,0,0,11,2,3,2,2,1,-4,0,0.0,2,0,2250,6,3,5,Hispanic,-0.004,0,1
8145,0.0,,1,-3,0,1,-2,3,3,2,1,1,1,0,,1,0,7500,3,12,9,Black,0.711,-5,-5
8146,0.0,0,0,0,0,0,2,2,1,1,1,1,-4,0,0.0,2,-4,-4,4,12,12,Black,-0.004,0,0
8147,0.0,0,0,0,0,1,-2,2,2,2,2,2,-4,0,0.0,2,0,500,5,-4,10,Black,2.477,1,0
8148,0.0,0,0,0,-4,-4,-4,-4,-4,5,1,1,-2,0,0.0,1,0,17963,3,-3,13,Black,63.433,0,0
8149,1.0,0,1,0,0,0,1,2,2,3,2,1,3,0,0.0,1,0,-3,4,14,16,Black,45.328,0,0
8150,1.0,0,0,0,0,0,2,2,1,4,4,3,3,0,0.0,1,0,41500,4,-4,12,Black,10.989,0,0
8151,1.0,0,0,0,0,0,3,2,3,4,4,2,5,0,1.0,1,0,41500,4,-4,12,Black,19.439,0,0
8152,1.0,0,0,0,0,0,2,1,2,1,1,1,-4,0,0.0,1,0,46500,5,-3,-3,Black,54.179,0,0
8153,1.0,0,0,0,0,1,1,1,1,1,1,1,-4,0,0.0,1,0,46500,5,-3,-3,Black,23.679,0,0
8154,0.0,0,0,0,2,0,2,2,2,2,2,2,-4,0,0.0,1,0,-3,4,-3,-3,Black,19.772,0,0
8155,1.0,0,0,0,0,0,4,3,3,1,1,1,-4,1,0.0,2,0,500,5,9,8,Hispanic,44.88,0,0
8156,0.0,0,1,0,0,3,8,2,2,5,4,1,5,0,0.0,1,0,4451,4,8,12,Hispanic,12.828,0,1
8157,0.0,0,0,0,0,0,3,2,2,5,4,5,-4,0,0.0,1,0,4451,4,8,12,Hispanic,15.755,0,0
8158,0.0,0,0,0,0,0,0,2,2,2,1,1,-4,0,0.0,1,0,11250,5,5,5,Hispanic,0.53,0,0
8159,0.0,0,0,1,0,0,22,2,3,4,3,1,5,0,1.0,1,-4,-4,3,12,12,Hispanic,-0.004,0,1
8160,1.0,0,0,0,0,0,3,2,2,1,1,1,2,0,0.0,1,0,7500,4,8,16,Hispanic,34.453,0,0
8161,1.0,0,0,0,0,0,2,2,2,1,1,1,-4,0,0.0,1,0,7500,4,2,16,Hispanic,31.875,0,0
8162,0.0,0,0,0,0,0,10,2,2,1,1,1,1,0,0.0,1,0,40250,4,16,12,Hispanic,11.826,0,0
8163,0.0,0,0,1,0,0,8,2,2,3,3,2,3,1,0.0,2,0,1000,9,-3,9,Hispanic,15.884,1,0
8164,0.0,0,0,0,1,0,11,2,4,4,4,3,4,0,0.0,1,0,2250,5,11,12,Hispanic,13.834,0,0
8165,0.0,0,1,0,0,0,-2,2,2,2,3,2,-4,1,,1,0,-3,5,12,10,Black,5.389,0,0
8166,0.0,0,0,0,5,3,2,3,1,3,2,3,-4,0,0.0,1,0,-3,5,12,10,Black,8.908,0,0
8167,1.0,0,0,0,0,0,4,2,1,3,1,1,3,0,0.0,2,0,43400,5,14,12,Hispanic,29.846,0,0
8168,1.0,0,0,0,0,0,1,2,1,2,1,1,-4,1,1.0,1,0,14750,3,18,17,Hispanic,38.435,0,0
8169,1.0,0,0,0,0,0,0,1,2,1,1,1,-4,0,,1,-4,-4,6,6,6,Hispanic,37.955,0,0
8170,1.0,0,0,0,0,0,5,2,2,1,1,1,1,0,0.0,2,0,-17050,4,15,18,Hispanic,89.022,0,0
8171,0.0,0,1,0,1,0,2,2,2,1,2,3,-4,0,,1,1,500,6,9,12,Hispanic,17.112,-5,-5
8172,0.0,0,0,0,0,0,0,1,2,3,1,1,-4,0,1.0,1,0,35800,5,7,6,Hispanic,59.484,0,0
8173,0.0,0,0,0,0,0,-2,3,2,5,5,2,3,0,,1,-4,-4,8,14,12,Hispanic,-0.004,0,0
8174,0.0,0,0,0,0,2,0,2,3,4,5,1,5,0,0.0,1,1,4750,4,10,12,Hispanic,0.429,-5,-5
8175,0.0,0,0,0,0,1,3,3,3,3,1,1,1,0,0.0,2,1,4750,4,10,12,Hispanic,8.209,0,0
8176,0.0,0,0,0,0,0,3,2,2,4,4,3,-4,0,0.0,2,0,-3,3,19,12,Hispanic,3.255,0,0
8177,0.0,0,1,0,0,0,3,2,2,2,3,3,-4,0,,1,0,35975,5,-4,12,Hispanic,34.578,0,0
8178,1.0,0,0,0,0,0,1,2,2,3,1,1,3,1,0.0,2,0,77500,5,-4,-4,Hispanic,63.902,0,0
8179,1.0,1,1,0,2,1,1,1,3,2,2,1,2,0,0.0,1,0,77500,5,-4,-4,Hispanic,92.127,0,0
8180,1.0,0,0,0,1,2,5,3,4,3,1,3,-4,0,0.0,1,0,77500,5,-4,-4,Hispanic,85.028,-2,-2
8181,0.0,0,0,0,0,0,6,1,2,5,3,2,4,0,,1,-4,-4,2,-3,12,Hispanic,33.634,-5,-5
8182,0.0,0,1,0,0,0,26,1,3,4,4,2,4,-3,1.0,2,0,25000,3,-3,7,Hispanic,8.532,-5,-5
8183,0.0,1,0,0,0,0,0,2,2,3,4,1,-4,0,0.0,2,0,-3,3,14,14,Hispanic,-0.004,0,0
8184,1.0,0,0,0,0,0,5,2,2,4,5,2,4,1,0.0,2,0,5200,5,16,16,Hispanic,92.115,0,0
8185,1.0,0,0,0,4,1,0,2,2,4,3,4,-4,0,0.0,2,0,106321,4,-3,12,Hispanic,20.823,0,-4
8186,0.0,0,0,0,2,2,5,2,2,2,3,3,-4,0,1.0,1,0,61750,3,13,14,Hispanic,53.384,0,0
8187,0.0,0,0,0,0,0,5,2,2,1,2,2,1,0,,1,-4,-4,4,12,12,Hispanic,30.014,0,0
8188,0.0,0,0,0,0,0,3,2,2,1,1,2,-4,1,0.0,2,1,10202,4,12,12,Hispanic,17.238,-5,-5
8189,1.0,0,0,0,0,0,3,2,1,3,1,1,-4,0,,2,0,8250,5,12,12,Hispanic,18.785,0,0
8190,1.0,1,0,2,0,0,0,2,1,2,2,2,2,0,,1,0,150750,3,16,13,Hispanic,85.949,0,0
8191,0.0,0,1,1,-4,-4,-4,2,3,-2,1,1,-4,0,,1,0,13750,6,12,9,Hispanic,11.889,0,0
8192,0.0,0,0,0,0,0,1,2,2,2,2,2,2,0,1.0,1,0,-3,4,-3,12,Hispanic,-0.004,0,0
8193,0.0,0,1,0,0,0,-2,2,2,2,1,3,-4,0,,1,0,-3,4,-3,12,Hispanic,-0.004,-5,-5
8194,1.0,0,0,1,0,0,5,2,3,3,4,1,3,1,0.0,1,0,174000,6,-3,13,Hispanic,88.466,0,0
8195,0.0,0,0,0,0,0,4,2,2,4,3,1,-4,0,,2,0,174000,6,-3,13,Hispanic,34.11,0,0
8196,0.0,0,0,3,0,0,1,2,2,2,2,1,2,0,0.0,1,0,147750,4,12,12,Hispanic,-0.004,0,0
8197,1.0,0,0,0,2,0,0,2,2,3,2,1,-4,0,0.0,1,0,147750,4,12,12,Hispanic,70.01,0,0
8198,1.0,0,0,0,0,1,5,2,2,2,5,2,3,1,1.0,1,0,63950,4,14,13,Hispanic,52.296,0,1
8199,0.0,1,0,0,0,0,0,2,2,1,2,2,-4,0,0.0,1,0,850,4,12,11,Hispanic,5.524,0,0
8200,0.0,0,0,0,0,1,5,2,2,1,1,3,-4,0,0.0,1,0,8750,6,12,14,Hispanic,48.895,0,0
8201,0.0,0,0,0,1,0,4,2,2,3,2,1,-4,0,0.0,2,0,8750,6,12,14,Hispanic,70.142,0,0
8202,1.0,0,0,0,6,0,4,2,1,3,3,3,-4,1,0.0,2,0,1520,6,-4,16,Hispanic,40.499,-5,-5
8203,0.0,0,0,0,0,0,10,2,2,1,1,1,-4,0,,2,0,500,4,11,11,Hispanic,7.179,0,0
8204,0.0,0,0,0,0,0,10,3,3,4,2,2,4,0,0.0,2,-4,-4,3,-3,15,Hispanic,7.386,-5,-5
8205,1.0,0,0,0,2,0,0,2,2,5,4,5,-4,1,0.0,2,0,-3250,4,-3,11,Hispanic,3.403,0,0
8206,1.0,0,1,0,10,0,1,1,1,5,3,5,-4,1,1.0,1,0,1500,3,-3,16,Hispanic,2.254,0,1
8207,1.0,,0,0,3,5,8,2,1,5,1,4,2,0,,2,-4,-4,6,-4,-3,Hispanic,14.32,-5,-5
8208,0.0,0,1,1,0,11,4,2,1,5,5,5,5,0,0.0,2,0,3750,7,-3,11,Hispanic,8.147,0,0
8209,0.0,0,0,0,0,0,-2,2,3,2,5,2,3,0,0.0,1,0,3750,7,-3,11,Hispanic,15.781,0,0
8210,1.0,0,0,0,0,0,3,1,2,2,1,2,-4,0,0.0,2,0,3750,7,-3,11,Hispanic,26.098,0,0
8211,1.0,0,0,0,0,0,3,2,3,3,5,5,-4,0,0.0,2,0,3750,7,-3,11,Hispanic,6.194,0,0
8212,0.0,0,1,0,50,0,10,2,2,2,2,1,1,1,1.0,2,0,800,2,12,14,Hispanic,34.092,-5,-5
8213,1.0,0,0,0,0,0,3,1,2,4,5,3,4,1,0.0,1,0,55250,2,-4,16,Hispanic,21.14,0,-4
8214,0.0,0,0,0,0,0,7,2,3,1,1,1,1,0,0.0,1,0,-3,4,14,14,Hispanic,95.027,0,0
8215,1.0,0,0,0,5,1,20,2,2,1,1,1,-4,0,1.0,2,1,63000,3,14,18,Black,63.31,0,1
8216,0.0,0,0,0,0,0,10,2,2,2,1,2,2,1,,1,-4,-4,4,-3,12,Black,21.896,0,0
8217,0.0,0,1,1,2,1,10,2,3,2,1,1,-4,1,,2,-4,-4,4,-3,12,Black,-0.004,0,-2
8218,1.0,0,0,0,0,0,10,2,1,1,1,1,-4,0,0.0,2,-4,-4,4,-3,12,Black,18.67,0,0
8219,0.0,0,0,0,1,2,3,2,2,4,1,1,-4,0,0.0,2,0,7210,2,12,13,Black,29.021,0,0
8220,0.0,0,0,0,0,3,0,2,2,1,1,1,-4,1,0.0,1,-2,-3,2,12,15,Black,8.998,0,0
8221,0.0,0,0,0,4,0,4,3,3,-2,-2,2,-4,1,1.0,1,0,33750,5,-4,14,Black,-0.004,-5,-5
8222,0.0,0,0,0,0,0,0,1,2,2,1,1,-4,0,,1,0,24500,5,11,12,Black,19.547,-5,-5
8223,1.0,0,0,0,1,0,3,2,4,4,4,1,3,0,0.0,1,0,-3,4,14,14,Hispanic,92.907,0,0
8224,0.0,0,1,0,2,2,15,2,4,3,4,2,3,0,0.0,1,0,7500,7,-4,12,Hispanic,17.08,-5,-5
8225,0.0,0,0,0,0,0,3,2,2,4,1,2,-4,0,0.0,2,0,135500,4,12,12,Hispanic,83.706,0,0
8226,1.0,0,0,0,0,0,0,2,2,5,3,2,-4,0,0.0,2,0,-3,4,-4,-4,Black,59.768,0,-4
8227,0.0,0,0,0,0,0,0,2,2,2,1,1,-4,0,0.0,1,0,-3,4,-3,11,Black,31.775,-5,-5
8228,0.0,0,0,2,-4,-4,-4,4,3,4,3,3,-2,0,1.0,1,0,-3,8,-4,11,Black,22.789,0,0
8229,0.0,0,1,1,0,0,3,2,2,1,1,1,3,0,0.0,1,0,-3,8,-4,11,Black,32.281,-5,-5
8230,1.0,0,0,0,0,0,10,2,2,2,2,1,3,1,0.0,2,-4,-4,5,-4,10,Hispanic,-0.004,0,0
8231,0.0,0,0,0,0,0,5,4,4,4,1,1,-2,0,0.0,1,-4,-4,5,-3,9,Hispanic,-0.004,0,0
8232,1.0,0,0,0,0,0,3,2,3,5,2,3,4,0,0.0,2,0,-3,4,-4,15,Black,25.824,0,0
8233,0.0,0,0,0,0,0,13,2,2,3,3,4,2,0,1.0,2,-4,-4,7,12,12,Hispanic,38.237,0,0
8234,0.0,0,0,0,0,0,10,3,2,2,2,4,-4,1,,1,-4,-4,7,12,12,Hispanic,21.188,0,0
8235,1.0,0,0,0,2,0,0,2,3,3,3,2,-4,0,0.0,2,-4,-4,7,12,12,Hispanic,35.694,0,0
8236,0.0,0,0,0,0,0,18,2,2,3,3,1,5,0,0.0,1,-4,-4,6,-3,-3,Black,21.314,0,0
8237,0.0,0,0,0,1,1,2,2,2,1,1,1,-4,0,0.0,2,-4,-4,6,-3,-3,Black,12.279,0,0
8238,1.0,0,0,0,1,0,7,2,2,4,3,1,-4,0,0.0,1,0,-3,5,18,14,Black,56.526,0,0
8239,0.0,0,0,0,3,1,-2,3,2,5,3,1,3,1,,2,0,-3,4,14,12,Hispanic,41.474,-5,-5
8240,0.0,0,0,0,0,0,1,2,4,4,4,1,3,0,0.0,2,-4,-4,5,12,12,Black,34.526,0,0
8241,0.0,0,0,0,0,0,4,2,1,2,3,1,4,0,,1,0,16850,5,13,12,Hispanic,51.354,0,-2
8242,0.0,0,0,0,0,0,3,2,3,3,2,1,5,0,,2,0,16850,5,13,12,Hispanic,23.385,0,-2
8243,0.0,0,1,1,0,2,2,2,2,1,1,5,-4,0,0.0,1,0,5250,4,11,12,Black,6.046,0,-4
8244,1.0,0,0,0,0,0,3,3,3,4,4,2,-4,0,0.0,2,0,40500,3,-4,12,Black,46.028,0,0
8245,0.0,0,0,0,0,0,-2,2,2,3,3,2,3,0,1.0,2,0,48850,3,14,12,Black,58.405,0,1
8246,0.0,0,1,3,0,7,30,2,2,5,4,3,-4,0,0.0,1,0,48850,3,14,12,Black,-0.004,0,1
8247,0.0,0,0,2,0,0,0,2,1,4,2,1,3,0,0.0,1,0,-3,5,-4,11,Black,0.189,-5,-5
8248,1.0,0,0,0,0,0,0,2,3,4,2,3,-4,0,0.0,2,0,36200,6,12,9,Hispanic,38.436,0,0
8249,1.0,1,1,0,0,0,3,2,4,4,3,1,4,1,0.0,2,0,55970,6,12,12,Black,83.564,0,0
8250,1.0,0,0,0,0,0,1,2,2,2,1,2,-4,0,0.0,1,0,55970,6,12,12,Black,89.427,0,0
8251,0.0,0,0,0,0,1,1,2,3,5,3,1,-4,0,1.0,2,0,63740,6,12,11,Black,1.014,0,0
8252,0.0,1,0,0,0,1,4,2,3,3,-2,3,-4,1,0.0,1,0,63740,6,12,11,Black,8.104,0,0
8253,1.0,0,0,0,0,0,2,2,1,1,1,1,-4,0,0.0,1,0,17600,3,12,13,Black,30.486,0,1
8254,0.0,1,0,0,0,0,2,2,3,4,4,1,3,1,,2,0,10900,3,12,14,Black,60.645,0,0
8255,1.0,0,0,0,0,0,0,2,2,4,4,2,4,0,0.0,2,0,25000,4,-4,12,Black,24.831,0,-4
8256,0.0,0,0,0,0,0,4,3,3,5,4,5,-4,0,0.0,2,0,-3,4,-3,12,Black,51.851,0,1
8257,0.0,0,0,0,0,0,3,2,3,4,5,4,3,1,,2,0,2000,3,-3,-3,Black,-0.004,0,0
8258,0.0,1,0,0,0,0,0,2,2,2,1,3,-4,0,0.0,2,0,-102355,4,16,17,Black,84.42,0,0
8259,1.0,0,0,0,0,0,15,2,2,3,3,1,-4,0,0.0,2,0,54500,3,12,12,Black,47.584,0,0
8260,1.0,0,0,0,0,1,3,1,1,1,1,3,-4,0,0.0,1,0,54500,3,12,12,Black,37.008,0,-2
8261,1.0,0,0,0,0,0,4,2,3,2,2,1,4,0,0.0,1,0,68100,3,10,12,Black,66.286,0,0
8262,0.0,0,0,0,0,2,1,2,2,3,3,1,5,0,0.0,1,0,35600,3,12,12,Black,0.0,0,0
8263,0.0,0,1,0,-4,-4,-4,4,3,3,2,3,5,1,1.0,1,0,3750,2,12,8,Black,-0.004,0,0
8264,0.0,0,0,0,0,0,2,1,2,4,4,1,2,0,0.0,2,0,-3,3,12,12,Black,22.843,0,0
8265,0.0,0,0,0,0,0,-2,1,2,4,4,4,5,0,0.0,2,-4,-4,3,12,11,Black,13.017,0,0
8266,1.0,0,1,0,1,2,5,2,3,3,4,3,5,0,0.0,1,0,420,4,12,9,Black,45.468,0,0
8267,0.0,,1,0,0,0,15,3,3,3,2,3,5,0,,1,0,420,4,12,9,Black,29.466,-5,-5
8268,0.0,0,0,0,0,0,6,3,2,5,3,4,2,0,0.0,1,0,-3,8,-3,12,Black,2.431,0,0
8269,0.0,0,0,0,0,0,8,2,3,4,4,3,4,0,0.0,1,0,-3,8,-3,12,Black,1.38,0,-2
8270,0.0,0,0,0,0,0,8,4,3,5,2,2,-4,0,0.0,1,0,-3,8,-3,12,Black,1.734,0,0
8271,0.0,0,0,0,0,1,0,2,2,2,2,1,-4,0,0.0,2,0,-3,8,-3,12,Black,2.427,0,-2
8272,0.0,0,0,0,2,2,3,2,2,2,1,2,-4,0,0.0,2,1,-3,6,12,12,Black,0.0,0,0
8273,1.0,0,0,0,10,0,1,2,2,3,2,5,-4,1,0.0,2,-4,-4,3,14,10,Black,99.176,0,0
8274,0.0,0,1,1,0,0,0,2,1,4,4,2,-4,0,,1,0,1750,4,-3,12,Black,-0.004,0,-2
8275,0.0,0,0,0,0,0,6,1,2,3,4,2,5,0,0.0,1,0,20050,3,-3,11,Black,41.121,0,0
8276,0.0,0,0,0,0,0,4,2,3,5,1,5,-4,0,0.0,2,0,20050,3,-3,11,Black,17.648,0,0
8277,0.0,0,0,1,0,0,8,2,2,1,1,1,2,0,,2,0,9050,3,11,10,Black,10.541,0,0
8278,0.0,0,0,0,0,0,0,2,2,4,3,4,3,0,0.0,1,0,37500,5,-3,12,Black,30.048,-5,-5
8279,0.0,0,1,0,0,0,1,2,2,3,-2,2,-4,0,,1,0,9250,3,12,9,Black,15.867,-5,-5
8280,0.0,0,0,0,0,0,0,2,2,3,3,2,3,0,0.0,1,0,-3,4,-4,14,Black,46.848,1,0
8281,0.0,0,0,0,0,0,-2,2,2,4,1,4,-4,0,0.0,2,0,-3,8,-4,-3,Black,6.667,0,0
8282,0.0,0,0,0,0,0,0,2,2,3,3,2,5,0,0.0,1,0,52100,3,12,12,Black,37.987,0,0
8283,0.0,0,0,0,0,0,15,3,3,5,4,4,5,0,0.0,2,0,14700,3,16,12,Black,21.323,0,0
8284,1.0,0,0,0,0,0,0,2,2,1,1,2,-4,0,0.0,1,0,-3,4,12,16,Black,97.578,0,0
8285,1.0,0,0,0,0,0,0,2,2,2,1,3,-4,0,0.0,1,0,-3,4,12,16,Black,95.621,0,0
8286,1.0,0,0,0,3,0,5,3,4,4,4,2,3,1,0.0,2,0,80750,8,8,12,Black,40.881,0,0
8287,0.0,0,0,0,0,0,1,2,2,2,2,1,5,0,0.0,1,0,53800,4,12,12,Black,11.697,1,0
8288,1.0,0,0,0,1,1,0,2,2,5,3,2,4,0,1.0,2,0,-3250,4,14,16,Black,66.302,0,0
8289,1.0,0,0,0,0,0,1,2,3,5,5,1,-4,0,0.0,2,0,-3250,4,14,16,Black,24.822,0,0
8290,0.0,0,1,1,0,0,4,2,3,4,4,2,3,0,0.0,2,0,10750,3,10,14,Black,27.736,-5,-5
8291,0.0,0,0,1,0,2,5,2,2,1,1,1,-4,0,0.0,1,0,3750,2,-3,9,Black,2.61,0,1
8292,1.0,1,0,0,0,0,5,2,2,2,1,1,-4,1,,2,0,-3,2,11,9,Black,27.144,0,0
8293,0.0,0,1,0,0,0,1,2,1,2,1,1,-4,0,0.0,2,0,-3,5,12,12,Black,28.331,0,0
8294,0.0,0,0,0,1,2,14,3,3,4,1,2,-4,0,0.0,1,-4,-4,2,12,12,Black,29.336,0,0
8295,0.0,0,1,3,-4,-4,-4,2,3,4,4,3,5,0,0.0,1,0,3750,4,12,12,Black,-0.004,0,1
8296,0.0,0,0,0,0,0,0,3,2,4,5,4,5,1,,2,-4,-4,3,16,16,Black,-0.004,0,0
8297,0.0,0,1,1,1,0,3,1,2,4,4,2,-4,1,,2,0,1750,3,10,10,Black,72.778,0,1
8298,0.0,0,0,0,0,1,5,2,3,5,2,3,-4,0,,1,0,1750,3,10,10,Black,11.683,0,1
8299,0.0,0,0,0,0,0,3,3,2,2,1,1,3,0,0.0,2,0,51401,7,-3,12,Black,38.443,0,1
8300,1.0,0,0,0,0,0,5,2,2,1,1,1,-4,0,1.0,2,-4,-4,7,-3,10,Black,28.367,-2,-2
8301,0.0,0,0,0,0,0,7,3,3,3,2,1,-4,1,0.0,2,-4,-4,7,-4,-4,Black,-0.004,0,1
8302,1.0,0,0,0,0,1,10,2,2,1,1,1,3,0,0.0,1,-4,-4,4,14,17,Black,-0.004,0,0
8303,1.0,0,0,0,1,1,7,3,4,4,4,1,4,0,0.0,2,-4,-4,5,-4,12,Black,-0.004,0,0
8304,0.0,0,0,0,0,0,2,2,4,5,5,2,4,0,,2,-4,-4,5,14,-3,Black,-0.004,0,0
8305,0.0,1,1,1,6,7,0,2,4,3,4,4,-4,1,,1,-4,-4,5,-4,12,Black,-0.004,-5,-5
8306,0.0,1,0,0,0,0,5,2,2,2,1,1,1,0,0.0,1,0,-3,4,13,10,Hispanic,21.795,0,0
8307,0.0,1,0,0,0,0,6,3,4,3,3,1,4,1,0.0,2,1,-3,3,-4,12,Black,48.562,0,0
8308,0.0,0,0,0,0,0,4,2,2,4,-2,1,5,0,,2,0,17000,5,12,12,Black,-0.004,0,1
8309,0.0,0,0,0,0,4,3,1,1,5,5,2,4,0,0.0,2,0,7500,6,12,12,Black,3.396,0,0
8310,0.0,0,0,0,0,0,0,2,2,1,1,1,1,0,1.0,1,0,8000,2,-4,-3,Black,18.154,0,0
8312,1.0,0,0,1,0,0,2,1,2,3,3,1,3,0,0.0,1,0,19600,4,12,12,Black,27.832,0,0
8313,1.0,0,0,0,0,0,3,2,1,2,2,1,4,0,0.0,1,0,19600,4,12,12,Black,35.54,0,0
8314,1.0,0,0,0,1,1,0,2,2,4,3,2,-4,0,0.0,2,0,49715,4,-3,13,Black,24.846,0,0
8315,0.0,0,0,0,0,0,0,2,3,5,5,3,5,0,0.0,2,0,123101,3,12,13,Black,45.682,0,0
8316,1.0,0,0,0,0,0,0,1,1,4,5,2,4,1,0.0,1,1,52500,4,-4,-4,Black,6.816,0,0
8317,0.0,0,0,0,0,0,2,1,1,1,1,1,-4,0,0.0,1,1,52500,4,-4,-4,Black,11.56,0,0
8318,0.0,0,1,0,1,1,20,2,3,5,4,2,5,-3,,2,-4,-4,4,-4,-4,Black,23.088,1,-2
8319,0.0,0,1,1,2,1,10,3,3,2,5,2,5,1,,2,-4,-4,4,-4,-3,Black,1.784,0,0
8320,1.0,0,0,0,99,0,1,2,3,2,1,1,-4,0,,2,0,-3,3,-4,14,Black,21.789,0,0
8321,0.0,0,0,0,0,0,2,2,2,3,1,1,-4,0,0.0,1,0,45000,5,12,14,Black,16.219,0,0
8322,0.0,0,0,4,0,0,-2,2,1,5,5,2,4,0,,1,1,750,3,-3,14,Black,-0.004,0,-4
8323,1.0,0,0,0,0,0,0,2,2,1,3,1,3,0,0.0,2,0,199200,3,14,16,Black,83.851,-5,-5
8324,1.0,0,0,0,0,0,3,2,4,2,2,1,-4,0,0.0,1,0,-3,3,13,14,Black,41.596,0,0
8325,0.0,0,0,0,0,0,4,1,1,5,5,1,5,0,0.0,2,-4,-4,2,12,13,Black,-0.004,0,1
8326,1.0,0,0,0,0,0,5,2,2,5,5,-2,-4,0,0.0,1,0,52500,4,13,12,Black,29.185,0,0
8327,1.0,0,0,0,0,0,3,2,1,4,5,1,3,0,0.0,2,0,57050,3,8,13,Black,9.15,0,0
8328,0.0,0,1,-3,0,2,8,4,2,5,2,1,5,0,,1,0,750,4,12,12,Black,-0.004,0,1
8329,1.0,1,0,0,0,2,0,2,3,4,3,2,-4,1,0.0,2,0,-685,4,12,12,Black,28.775,0,-4
8330,0.0,0,0,1,2,5,4,4,1,3,1,1,-4,0,0.0,1,0,13500,4,-3,13,Hispanic,30.052,0,0
8331,1.0,0,0,0,0,0,3,2,4,3,2,1,-4,0,,2,0,74500,5,14,16,Hispanic,45.071,0,0
8332,0.0,0,0,0,0,0,4,1,2,2,1,1,-4,0,0.0,1,0,5300,3,12,12,Black,22.993,0,0
8333,0.0,0,0,0,0,0,8,2,2,4,3,1,3,0,0.0,1,0,-3,4,12,12,Hispanic,12.045,0,0
8334,1.0,0,0,0,0,0,5,2,2,4,2,4,2,0,0.0,2,0,10750,5,12,12,Black,30.92,0,0
8335,1.0,0,0,0,0,0,3,2,3,1,1,1,-4,0,0.0,2,0,10750,5,12,12,Black,69.826,0,0
8336,1.0,0,0,0,0,0,2,2,2,1,1,2,-4,0,0.0,2,0,10750,5,12,12,Black,65.54,0,0
8337,1.0,0,0,0,0,0,3,1,3,4,1,2,4,1,1.0,2,0,21750,4,12,12,Black,31.379,0,0
8338,0.0,0,0,0,1,1,5,2,3,1,3,3,4,0,0.0,1,0,35750,4,12,14,Black,34.78,0,0
8339,1.0,0,0,0,0,0,1,2,3,3,1,2,-4,0,0.0,1,0,35750,4,12,14,Black,53.109,0,0
8340,0.0,0,0,2,1,0,5,4,4,3,4,3,5,1,0.0,1,0,-3,4,-4,12,Black,7.887,0,1
8341,0.0,0,0,0,0,0,1,3,1,2,1,2,-4,0,0.0,2,-1,-3,6,12,12,Black,14.896,0,0
8342,0.0,0,0,0,0,1,3,3,4,3,2,4,-4,0,0.0,2,0,34250,6,12,12,Black,7.432,0,0
8343,0.0,0,1,0,1,1,5,4,2,2,2,2,-4,0,0.0,2,0,34250,6,12,12,Black,6.35,0,0
8344,0.0,0,0,0,0,0,3,2,2,2,2,2,3,0,0.0,1,0,127750,3,14,12,Black,33.927,0,0
8345,1.0,0,0,0,0,0,10,3,2,3,3,2,3,0,0.0,2,0,-3,3,14,14,Black,71.297,0,1
8346,0.0,0,1,4,0,0,4,2,1,2,3,2,4,1,0.0,1,0,-1250,2,-4,12,Black,47.804,0,0
8347,0.0,0,1,1,0,0,5,2,2,3,3,3,3,0,0.0,1,0,36250,2,12,15,Black,30.0,-5,-5
8348,0.0,0,1,-3,2,0,1,2,2,2,1,2,-4,0,,1,0,400,2,6,12,Black,5.353,0,0
8349,0.0,0,0,0,0,3,15,3,2,2,1,2,-4,0,0.0,1,0,67425,3,14,14,Black,-0.004,-5,-5
8350,0.0,0,0,0,0,0,1,2,2,3,3,1,3,0,,1,0,119800,5,-4,-3,Hispanic,28.486,0,0
8351,0.0,0,1,0,0,0,-2,2,1,5,3,5,-4,0,0.0,2,-4,-4,5,-4,12,Hispanic,2.058,0,0
8352,0.0,0,0,0,3,0,35,4,4,2,2,2,-4,0,0.0,1,0,-1250,7,-4,12,Black,1.535,0,-4
8353,1.0,0,0,0,1,1,1,2,1,1,1,1,-4,0,0.0,1,0,9250,7,-3,12,Black,9.799,0,0
8354,1.0,0,0,0,0,0,3,2,4,3,2,1,2,1,0.0,1,0,-3500,5,-4,12,Black,79.405,-2,-2
8355,1.0,0,1,2,0,0,3,2,2,3,1,2,-4,0,0.0,1,0,-3500,5,11,-4,Black,6.134,-5,-5
8356,1.0,0,0,0,0,0,4,2,1,3,3,2,2,0,0.0,2,0,-15900,6,12,12,Black,56.256,0,1
8357,0.0,0,0,0,0,0,0,3,4,1,1,1,-4,0,0.0,2,0,-15900,6,12,12,Black,26.728,0,0
8358,1.0,1,1,1,0,0,5,2,2,2,1,3,-4,0,0.0,2,0,1300,5,-3,12,Black,-0.004,0,1
8359,0.0,1,1,2,0,0,13,2,2,2,2,4,2,0,,1,0,-3500,7,6,8,Hispanic,12.39,-2,1
8360,0.0,0,1,0,0,0,-2,2,2,4,1,5,-4,0,,1,0,-3500,7,6,8,Hispanic,11.203,-5,-5
8361,0.0,0,1,1,0,0,7,2,2,5,-2,5,-4,0,,1,0,-3500,7,6,8,Hispanic,26.9,0,-2
8362,1.0,0,0,0,0,0,5,3,3,4,2,2,-4,0,0.0,2,-4,-4,3,-3,12,Black,12.806,0,-2
8363,0.0,0,0,0,0,0,5,2,3,3,2,2,-4,0,0.0,2,0,6750,3,4,9,Hispanic,22.874,0,0
8364,,,0,0,3,0,4,2,2,2,1,3,-4,0,,2,0,4250,5,-3,-3,Hispanic,11.974,-5,-5
8365,0.0,0,0,0,0,0,2,2,2,5,4,2,-4,0,0.0,2,0,80500,3,13,14,Black,75.344,0,1
8366,0.0,0,1,3,0,0,2,2,2,3,3,1,-4,0,,2,-2,-3,9,-3,-3,Black,3.842,0,-4
8367,0.0,0,0,0,0,3,10,2,2,-2,1,1,-2,0,0.0,2,-4,-4,3,7,-3,Hispanic,24.393,0,-4
8368,0.0,0,0,0,0,0,8,2,2,2,1,1,-4,0,0.0,2,0,20400,4,-3,10,Hispanic,1.964,0,0
8369,0.0,1,1,0,0,1,8,2,2,1,4,1,-4,0,0.0,2,0,20400,4,-3,10,Hispanic,10.403,-5,-5
8370,0.0,,1,0,0,0,5,2,2,1,1,1,-4,0,0.0,2,0,-3,4,12,11,Black,21.898,0,0
8371,0.0,0,0,0,1,0,4,1,2,3,3,2,-4,1,,1,0,-3,7,12,12,Black,36.092,0,0
8372,0.0,0,0,0,1,0,2,1,1,2,1,1,-4,0,1.0,2,0,-3,7,12,12,Black,10.524,-5,-5
8373,0.0,0,0,0,0,0,0,2,2,2,2,1,1,1,,2,0,22130,4,-4,11,Black,86.468,-5,-5
8374,1.0,0,1,0,0,1,-2,2,2,1,1,1,-4,0,0.0,2,0,-3,6,10,10,Hispanic,72.025,-2,1
8375,0.0,1,1,1,4,1,5,2,2,3,1,2,-4,0,1.0,1,0,7500,7,12,4,Hispanic,-0.004,-5,-5
8376,0.0,0,0,0,0,0,1,2,3,4,4,1,5,0,,1,0,43250,2,15,12,Hispanic,41.962,0,0
8377,0.0,0,1,2,0,0,1,1,1,1,1,1,-4,0,1.0,2,0,18000,5,-3,12,Black,-0.004,0,1
8378,0.0,0,1,0,0,3,-2,4,2,5,1,1,-4,0,0.0,2,0,1750,2,-3,5,Hispanic,12.689,0,0
8379,0.0,1,0,0,0,0,22,2,2,4,2,2,-4,1,0.0,1,0,9150,5,12,14,Hispanic,29.488,0,0
8380,0.0,0,0,-3,0,1,0,2,2,4,1,1,4,0,0.0,1,1,7700,4,16,12,Black,-0.004,0,0
8381,0.0,0,1,1,2,1,6,2,2,2,1,1,-4,-2,,1,1,-3,3,-4,13,Black,-0.004,0,0
8382,0.0,0,1,0,0,0,2,2,2,4,2,1,-4,0,0.0,2,1,1750,6,11,10,Hispanic,18.936,1,1
8383,0.0,0,0,0,0,1,3,2,2,2,2,1,2,0,,1,0,-3,4,-3,-3,Black,37.633,0,0
8384,0.0,0,1,1,0,0,0,1,2,3,1,1,-4,1,0.0,1,0,18295,3,11,12,Black,18.031,0,0
8385,0.0,0,0,0,2,2,6,1,1,1,-2,1,1,0,0.0,2,0,-3,4,12,9,Black,4.819,0,0
8386,1.0,0,0,0,0,0,0,2,2,2,1,2,-4,1,0.0,2,0,27435,3,12,15,Black,68.3,0,0
8387,0.0,0,0,1,0,1,2,2,3,1,1,3,-4,0,0.0,1,0,7500,6,-3,9,Black,2.218,0,0
8388,0.0,0,0,0,0,0,1,2,2,2,1,2,-4,1,0.0,1,-4,-4,6,11,12,Black,7.403,0,0
8389,0.0,0,0,0,0,1,0,1,4,2,1,3,-4,0,0.0,1,-4,-4,6,11,12,Black,5.066,0,0
8390,1.0,0,0,0,0,0,1,2,3,1,1,2,-4,0,0.0,2,0,25500,4,-3,15,Black,43.494,0,0
8391,1.0,0,0,0,0,0,6,2,2,3,2,1,-4,0,0.0,2,0,18450,4,12,12,Black,41.439,-5,-5
8392,0.0,0,0,0,0,0,4,3,2,4,3,3,4,1,0.0,2,0,1250,2,12,7,Black,14.114,-5,-5
8393,1.0,0,0,0,0,0,0,1,2,1,1,1,-4,0,0.0,2,0,14600,4,-3,-3,Black,52.606,0,0
8394,1.0,0,0,0,0,0,0,2,2,1,1,1,-4,0,,2,0,14600,4,-3,-3,Black,60.683,0,0
8395,1.0,0,0,0,0,0,0,1,1,1,1,1,-4,0,0.0,1,0,67750,3,-3,16,Black,48.972,0,1
8396,1.0,0,0,0,0,0,2,3,2,1,1,1,-4,0,0.0,2,0,1250,5,-4,8,Black,60.267,0,-4
8397,1.0,0,0,0,1,0,0,1,2,1,1,1,-4,0,0.0,2,0,1250,5,-4,8,Black,13.975,0,-4
8398,1.0,0,1,0,4,3,0,3,2,1,1,1,-4,1,,1,0,1250,5,-4,8,Black,19.786,0,0
8399,1.0,0,0,0,0,0,0,2,2,3,3,2,-4,1,,1,0,116000,4,14,12,Black,59.509,-5,-5
8401,1.0,0,0,0,0,0,2,2,1,1,1,1,-4,0,0.0,2,0,13599,2,-3,-3,Black,4.91,0,0
8402,1.0,0,0,0,0,0,3,2,3,3,3,1,5,1,,2,0,19500,5,12,12,Black,62.501,0,0
8403,1.0,0,0,0,1,1,3,2,3,4,3,5,-4,1,,2,-4,-4,7,-3,12,Black,-0.004,0,-2
8404,0.0,,0,0,0,1,2,1,2,1,1,1,-4,0,,1,1,2500,4,8,8,Hispanic,12.372,-5,-5
8405,0.0,0,0,0,0,2,5,3,2,3,1,1,-4,-3,0.0,2,0,7500,3,-3,11,Black,-0.004,0,1
8406,1.0,0,0,0,0,0,10,2,2,2,3,1,5,0,0.0,2,0,3526,6,-3,15,Black,-0.004,0,-4
8407,0.0,0,1,2,0,2,6,2,2,-2,-2,-2,-4,-1,,1,0,1448,5,12,12,Black,-0.004,-5,-5
8408,0.0,0,0,0,0,0,40,4,4,2,4,2,5,0,0.0,2,0,3750,5,12,10,Black,4.745,0,-4
8409,0.0,0,0,2,0,0,3,2,1,3,2,2,4,0,0.0,1,0,3750,5,12,10,Black,-0.004,-5,-5
8410,0.0,0,0,0,0,1,0,1,2,5,3,2,4,0,0.0,1,0,1750,2,8,7,Black,11.555,0,0
8411,1.0,0,0,1,0,2,3,1,2,1,1,1,-4,0,1.0,2,0,16000,4,7,-3,Black,1.858,1,1
8412,0.0,0,0,0,0,3,0,3,2,3,2,3,-4,0,1.0,1,0,4750,5,10,10,Black,-0.004,0,0
8413,0.0,0,0,0,2,0,2,2,3,2,1,1,2,0,0.0,2,0,64000,3,16,-3,Black,52.227,0,0
8414,0.0,0,0,0,0,0,1,2,2,4,1,1,-4,0,,2,0,30350,7,12,12,Black,32.018,0,0
8415,1.0,0,0,0,0,0,0,4,2,3,3,3,4,0,0.0,2,0,118801,6,12,12,Black,5.492,0,0
8416,1.0,0,0,0,0,0,0,2,2,1,1,1,-4,0,0.0,1,0,118801,6,12,12,Black,29.784,0,0
8417,0.0,0,0,0,0,0,15,2,3,3,1,3,5,0,1.0,1,0,3750,3,-3,6,Black,1.607,0,0
8418,0.0,0,0,0,20,0,5,2,2,2,3,1,5,1,1.0,2,0,30250,4,12,12,Black,22.651,0,0
8419,0.0,0,0,0,1,0,0,2,3,1,1,1,-4,1,,1,0,-1700,5,12,12,Black,4.558,-5,-5
8420,1.0,0,0,0,0,0,0,2,2,3,1,2,-4,0,0.0,1,-4,-4,4,12,12,Black,18.685,0,0
8421,0.0,0,0,1,0,1,3,1,3,4,4,3,3,0,0.0,1,0,6500,6,10,12,Black,2.734,0,0
8422,0.0,0,0,0,1,0,4,2,3,5,3,2,4,1,0.0,2,0,6500,6,10,12,Black,13.929,0,0
8423,1.0,0,1,0,1,0,5,1,3,3,1,2,-4,0,0.0,1,0,6500,6,10,12,Black,44.454,0,-2
8424,1.0,0,0,0,0,0,3,2,3,2,3,1,3,1,0.0,2,0,9500,5,-4,12,Black,62.57,-5,-5
8425,0.0,0,1,0,0,0,6,2,2,3,1,1,2,0,0.0,1,0,-3,11,-3,9,Black,5.879,0,-4
8426,0.0,0,1,1,0,1,7,2,2,1,1,1,3,0,,1,0,-1000,11,-4,12,Black,15.447,0,0
8427,0.0,0,0,0,0,2,5,2,2,1,1,1,-4,0,0.0,2,0,-3,11,-3,11,Black,2.757,0,-2
8428,0.0,0,1,1,0,0,8,1,2,5,2,2,-4,1,,1,0,-1250,4,-3,12,Black,24.288,-5,-5
8429,0.0,0,0,0,0,1,4,3,3,2,1,3,-4,0,0.0,1,0,36750,5,12,14,Black,14.025,0,0
8430,0.0,0,0,1,0,0,-2,3,3,5,5,1,1,0,,1,-4,-4,5,-3,10,Black,-0.004,-5,-5
8431,0.0,0,1,0,1,20,14,3,3,2,1,2,-4,0,0.0,2,-4,-4,5,-3,10,Black,-0.004,0,0
8432,0.0,0,1,0,1,1,30,2,3,2,2,1,4,0,0.0,1,0,61050,3,15,13,Black,58.941,0,0
8433,1.0,1,0,1,0,0,1,2,3,1,1,1,-4,-3,0.0,1,0,61050,3,15,13,Black,80.476,0,0
8434,0.0,0,1,2,0,2,3,3,2,1,1,1,-4,0,0.0,1,0,24300,5,12,12,Black,27.679,0,0
8435,0.0,0,0,0,0,0,4,3,3,1,1,1,-4,0,0.0,2,0,21550,3,12,9,Black,31.032,0,0
8436,0.0,0,0,1,0,0,3,2,2,1,1,1,1,0,,1,0,10300,7,11,12,Black,-0.004,-5,-5
8437,0.0,0,0,0,0,0,1,1,1,1,1,1,-4,0,0.0,1,0,10300,7,11,12,Black,-0.004,0,0
8438,1.0,0,0,0,1,0,4,1,3,4,3,2,4,0,,2,0,104750,4,12,13,Black,35.713,0,0
8439,0.0,0,0,0,0,0,8,3,3,3,3,1,3,0,0.0,2,0,30700,5,12,13,Black,35.845,0,0
8440,1.0,0,0,0,0,0,0,2,2,3,2,1,3,0,0.0,2,1,22400,3,12,11,Black,65.985,-5,-5
8441,0.0,1,0,0,0,0,4,2,3,5,1,2,2,1,0.0,1,0,40800,2,-3,12,Black,4.368,-5,-5
8442,1.0,0,1,0,0,0,2,2,2,5,1,1,2,-3,0.0,1,0,39450,3,-3,6,Black,-0.004,0,0
8443,0.0,0,1,0,0,0,0,2,4,4,1,1,-4,0,0.0,1,0,39450,3,12,12,Black,-0.004,0,0
8444,1.0,0,0,0,1,0,0,1,2,1,1,1,-4,0,0.0,2,0,-3,4,12,12,Black,27.52,0,0
8445,0.0,0,0,0,0,0,5,2,2,3,2,1,3,0,0.0,1,-4,-4,3,12,12,Black,-0.004,0,0
8446,1.0,0,0,0,0,0,0,3,2,4,3,1,3,0,0.0,1,0,-3,5,12,12,Black,22.699,0,0
8447,1.0,0,0,0,0,0,2,2,2,2,1,1,-4,0,0.0,1,0,104251,2,12,14,Black,18.727,0,0
8448,0.0,1,0,4,-4,-4,-4,2,2,3,2,1,4,0,,1,0,52750,3,12,11,Black,-0.004,0,0
8449,0.0,0,0,0,0,0,3,2,1,4,3,3,4,0,,1,0,84300,4,7,10,Black,4.118,0,0
8450,1.0,0,0,0,0,0,4,2,2,4,2,2,4,0,1.0,2,1,132001,3,14,16,Black,89.207,0,0
8451,0.0,0,0,0,0,0,0,2,2,2,2,1,-4,0,0.0,2,0,105000,3,12,13,Black,24.704,0,0
8452,0.0,0,0,0,0,1,6,2,2,5,5,2,4,0,,1,0,103001,4,12,12,Black,12.668,0,0
8453,1.0,0,1,0,0,0,5,4,4,5,5,3,5,0,0.0,1,0,3750,3,-4,-3,Black,69.719,0,0
8454,1.0,0,0,0,0,0,0,2,1,4,1,3,-4,1,0.0,1,0,1750,4,-3,10,Black,9.481,0,-2
8455,1.0,0,0,0,2,3,0,1,3,1,1,2,-4,1,0.0,1,0,1750,4,-3,10,Black,25.773,0,0
8456,1.0,0,0,0,0,0,1,2,2,5,5,2,2,0,0.0,2,0,2650,5,6,12,Black,6.615,1,0
8457,0.0,0,0,1,0,0,1,2,2,5,1,4,-4,0,0.0,1,0,2650,5,6,12,Black,11.177,0,0
8458,1.0,0,0,0,0,0,8,2,3,2,1,1,-4,0,,2,0,850,7,9,12,Black,-0.004,0,1
8459,0.0,0,0,0,0,0,10,2,2,4,1,1,-4,0,0.0,2,0,17200,7,-3,11,Black,22.668,0,0
8460,0.0,1,0,0,0,0,15,2,2,2,1,1,-4,0,0.0,1,0,18750,5,6,-3,Black,20.45,0,0
8461,1.0,0,0,0,0,0,8,2,4,2,3,1,3,0,,2,0,85000,2,12,13,Black,66.045,0,0
8462,1.0,0,0,0,0,0,11,4,4,4,1,1,-4,0,0.0,1,0,-3,4,12,19,Black,63.167,0,0
8463,0.0,0,0,0,2,0,3,4,2,5,5,5,4,1,0.0,1,0,-3,3,-3,10,Black,1.388,0,0
8464,0.0,0,1,4,0,1,4,1,1,1,1,1,-4,0,,1,0,4650,2,-3,14,Black,1.714,0,-2
8465,0.0,0,1,0,0,0,15,2,1,5,4,5,-4,0,0.0,1,0,4950,4,11,11,Black,-0.004,0,0
8466,0.0,0,0,0,2,2,28,2,3,1,1,1,-4,0,0.0,1,0,4950,4,11,11,Black,-0.004,0,0
8467,1.0,0,0,0,0,0,0,1,2,4,2,1,-4,0,0.0,2,0,-3,3,12,16,Black,57.875,0,0
8468,0.0,0,0,0,0,0,2,2,2,4,2,2,4,0,0.0,2,0,15900,3,9,12,Black,15.385,0,0
8469,1.0,0,0,0,0,1,0,2,3,1,1,1,-4,0,0.0,2,0,1750,4,12,10,Black,9.644,0,0
8470,0.0,0,0,0,0,0,0,3,2,2,2,1,-4,0,0.0,2,0,-3,4,9,12,Black,16.58,0,0
8471,1.0,0,0,0,0,0,3,2,2,3,5,1,4,0,1.0,2,0,46000,10,-3,-3,Black,31.554,0,0
8472,0.0,0,0,0,3,0,10,3,4,4,5,4,4,0,,2,0,46000,10,-3,-3,Black,1.867,0,0
8473,0.0,0,0,0,1,0,1,2,2,-2,1,1,-4,0,0.0,1,1,46000,10,-3,-3,Black,3.256,0,0
8474,0.0,1,1,0,0,1,0,2,2,-2,1,1,-4,0,0.0,1,0,73942,10,-3,-3,Black,40.103,0,1
8475,0.0,0,1,4,5,5,0,3,3,3,1,1,-4,1,1.0,1,0,73942,10,12,-3,Black,36.797,0,0
8476,0.0,0,1,0,2,1,2,4,2,3,2,2,3,0,0.0,2,-4,-4,3,-4,-4,Black,-0.004,0,1
8477,0.0,0,0,2,1,4,1,2,2,1,1,1,-4,0,0.0,1,0,1405,4,-3,-3,Black,0.0,0,1
8478,,,0,0,0,0,0,2,3,4,2,1,3,0,,2,0,3500,3,-4,11,Black,-0.004,-5,-5
8479,0.0,,0,0,0,0,2,2,2,2,1,1,-4,0,,2,0,3500,3,-4,11,Black,-0.004,-5,-5
8481,1.0,0,0,0,1,1,0,2,3,5,3,1,5,1,1.0,1,0,-8150,4,16,16,Black,50.367,0,0
8482,1.0,0,0,2,99,1,0,2,4,4,3,4,5,1,0.0,1,0,-8150,4,16,16,Black,3.928,0,0
8483,1.0,1,0,0,1,2,0,2,3,2,3,2,-4,0,0.0,1,0,-8150,4,16,16,Black,4.332,0,0
8484,0.0,0,1,-3,6,3,30,3,4,3,1,2,-4,0,,1,0,13750,3,3,-3,Hispanic,-0.004,0,0
8485,0.0,0,1,4,20,5,30,2,2,4,2,5,-4,0,,1,0,13750,3,3,-3,Hispanic,-0.004,0,0
8486,0.0,0,0,0,0,1,2,2,2,3,2,4,1,0,,1,0,7000,3,-4,12,Hispanic,-0.004,0,-4
8487,0.0,0,0,0,0,0,3,3,4,2,1,2,3,1,0.0,1,0,1250,2,10,12,Black,22.135,-5,-5
8488,0.0,0,0,0,0,0,0,2,2,4,3,2,-4,0,,1,0,46350,3,16,12,Black,-0.004,0,0
8489,0.0,0,1,2,1,0,5,2,3,3,2,2,4,1,0.0,1,0,52500,2,15,12,Black,9.809,-5,-5
8490,0.0,0,0,0,1,1,10,2,3,4,2,1,2,0,0.0,2,0,25050,4,-3,-3,Hispanic,24.778,0,0
8491,0.0,0,0,0,0,0,-2,2,2,5,2,1,5,1,0.0,2,0,17550,7,-3,-3,Hispanic,18.337,0,0
8492,0.0,0,0,0,4,1,27,3,2,2,1,3,-4,0,0.0,2,0,17550,7,-3,-3,Hispanic,1.227,0,0
8493,0.0,0,1,0,8,3,5,2,4,3,1,1,-4,0,,2,0,-3250,2,-4,-3,Black,1.007,0,-4
8494,0.0,0,0,0,0,0,0,2,4,3,3,1,4,0,0.0,2,0,5100,3,-4,7,Hispanic,54.275,0,-4
8495,0.0,0,0,0,0,0,0,4,3,3,1,4,5,0,,2,0,-3,2,-4,11,Black,-0.004,0,-2
8496,1.0,0,0,0,0,2,1,2,4,1,1,1,-4,0,0.0,2,0,-3,3,-3,12,Black,3.302,0,-4
8497,1.0,0,0,0,0,0,4,2,3,4,1,1,-4,0,0.0,2,-4,-4,8,-4,-3,Black,1.405,-2,-2
8498,0.0,0,0,0,0,0,3,1,2,3,1,1,-4,0,0.0,2,0,82400,5,-3,16,Hispanic,83.241,0,0
8499,1.0,0,1,0,0,0,4,2,3,3,4,1,4,0,0.0,2,0,-3,5,-3,12,Black,48.577,0,0
8500,0.0,0,0,0,2,0,0,2,3,3,2,4,2,1,0.0,1,0,64300,6,12,12,Hispanic,66.3,0,0
8501,1.0,0,0,0,0,1,3,1,1,1,1,3,-4,0,0.0,1,0,64300,6,12,12,Hispanic,88.603,0,0
8502,1.0,0,0,0,0,0,0,1,2,1,1,1,-4,0,0.0,2,0,64300,6,12,12,Hispanic,44.175,0,0
8503,1.0,0,0,0,1,5,2,2,2,3,2,2,-4,0,,1,0,47709,4,-3,10,Black,23.928,-5,-5
8504,1.0,0,0,0,0,0,1,2,1,5,3,1,4,0,0.0,1,1,-3,4,7,12,Black,51.4,-5,-5
8505,0.0,0,0,0,1,3,0,3,3,2,1,1,3,0,0.0,2,0,-3,4,-3,12,Black,12.546,0,-2
8506,0.0,0,0,0,0,2,15,2,1,3,1,3,-4,0,0.0,2,0,500,4,-3,11,Black,10.529,0,1
8507,0.0,0,0,0,0,1,7,2,1,1,1,1,-4,0,0.0,1,0,500,4,12,11,Black,2.791,0,0
8508,0.0,0,0,0,0,0,0,2,2,2,1,3,-4,0,0.0,2,0,4350,3,-3,12,Black,11.732,0,0
8509,0.0,0,1,0,0,0,1,3,3,5,4,2,5,0,0.0,2,0,4260,3,12,12,Black,1.567,0,0
8510,0.0,0,0,0,0,1,0,4,3,5,5,4,-4,0,0.0,2,0,177,3,12,12,Black,5.264,0,1
8511,0.0,0,0,0,0,0,0,2,1,3,2,1,3,0,0.0,1,0,16300,2,12,14,Black,-0.004,0,0
8512,1.0,0,0,0,3,0,2,2,2,3,3,2,-4,0,0.0,2,0,69335,5,14,16,Black,58.181,0,0
8513,1.0,0,0,0,0,4,5,2,1,3,1,2,-4,0,0.0,2,0,184501,4,12,12,Black,18.38,0,0
8514,1.0,0,0,0,1,2,2,2,3,2,1,1,-4,0,0.0,1,0,86100,4,12,12,Black,21.984,0,0
8515,0.0,0,0,0,2,1,0,3,2,3,1,1,-4,0,,2,0,86100,4,12,12,Black,22.208,0,0
8516,1.0,0,0,0,2,1,4,2,3,2,1,1,3,0,,1,0,8000,6,5,5,Hispanic,-0.004,-5,-5
8517,,,0,0,0,0,2,2,2,1,1,1,1,0,,1,0,8000,6,5,5,Hispanic,-0.004,-5,-5
8518,1.0,0,0,0,0,2,4,2,2,1,1,1,-4,0,,1,0,8000,6,5,5,Hispanic,-0.004,-5,-5
8519,0.0,0,0,0,0,1,0,2,2,4,5,1,4,0,,1,0,-3,4,-3,15,Black,30.582,-5,-5
8520,1.0,0,0,0,0,0,2,2,3,4,5,1,3,0,0.0,2,1,16700,6,-3,-3,Hispanic,48.894,0,0
8521,1.0,0,0,0,0,0,2,2,2,1,1,2,-4,0,0.0,1,0,16700,6,-3,-3,Hispanic,60.818,0,0
8522,0.0,0,0,0,0,0,4,2,3,5,1,1,1,0,0.0,2,0,28500,5,-3,6,Hispanic,1.285,0,0
8523,0.0,0,0,0,0,0,1,3,2,2,1,1,-4,0,0.0,1,0,28500,5,-3,6,Hispanic,13.368,0,0
8524,1.0,0,0,0,0,0,0,3,3,2,3,2,-4,0,0.0,2,0,87000,6,12,16,Hispanic,46.45,0,0
8525,0.0,0,0,0,0,0,1,3,2,3,3,1,2,0,0.0,2,1,28050,8,2,12,Hispanic,13.258,0,0
8526,0.0,0,0,0,0,0,0,3,4,3,2,2,3,0,0.0,2,1,28050,8,2,12,Hispanic,4.132,0,0
8527,0.0,0,0,0,0,0,1,2,2,1,1,1,-4,0,0.0,1,1,28050,8,2,12,Hispanic,0.0,0,0
8528,1.0,0,0,0,0,0,2,2,2,2,1,1,1,0,0.0,1,1,18000,4,14,4,Hispanic,45.918,0,0
8529,1.0,0,0,0,0,0,2,2,2,1,1,2,-4,1,0.0,1,0,48700,7,6,3,Hispanic,61.395,-5,-5
8530,0.0,1,1,1,1,0,0,2,3,3,4,3,3,0,0.0,1,1,13000,7,-3,6,Hispanic,15.172,0,0
8531,0.0,0,0,0,0,1,10,2,2,2,2,3,1,0,0.0,2,0,13000,7,-3,6,Hispanic,9.7,0,0
8532,0.0,1,0,0,0,0,2,2,2,3,3,1,3,0,0.0,2,0,34420,5,3,3,Hispanic,35.096,0,0
8533,0.0,0,0,0,0,0,0,2,1,3,1,1,-4,0,0.0,1,0,39750,9,6,5,Hispanic,0.118,0,0
8534,0.0,0,0,0,0,2,2,2,2,1,1,1,-4,0,0.0,2,0,39750,9,6,5,Hispanic,9.556,0,0
8535,0.0,1,0,0,2,0,2,2,1,5,5,2,5,1,1.0,2,0,117900,7,11,9,Hispanic,31.244,0,0
8536,0.0,0,0,0,0,0,4,1,1,1,1,1,-4,0,0.0,1,0,117900,7,11,9,Hispanic,21.665,0,0
8537,0.0,0,0,0,0,0,1,2,1,1,2,1,4,0,0.0,1,0,25751,9,12,6,Hispanic,14.316,0,0
8538,0.0,0,1,0,0,0,5,3,-2,1,1,1,-4,0,0.0,1,0,25751,9,12,6,Hispanic,23.976,-5,-5
8539,0.0,1,0,0,0,0,1,2,2,1,1,2,-4,1,0.0,1,0,1750,10,10,-3,Hispanic,-0.004,0,0
8540,1.0,0,0,0,0,0,3,1,2,4,4,2,4,0,0.0,2,0,48350,5,5,8,Hispanic,82.031,0,0
8541,1.0,0,0,0,1,0,4,2,2,3,2,1,-4,0,0.0,1,0,48350,5,5,8,Hispanic,-0.004,0,0
8542,0.0,0,0,0,3,0,2,1,2,3,3,2,3,1,1.0,1,0,43300,4,-3,-3,Hispanic,19.715,0,0
8543,1.0,0,0,0,0,0,3,2,2,2,2,1,2,1,,1,0,98500,4,16,16,Hispanic,22.618,0,0
8544,1.0,0,0,0,5,2,5,2,2,1,1,1,-4,1,0.0,1,0,98500,4,16,16,Hispanic,94.609,0,0
8545,0.0,0,0,0,0,0,0,2,2,3,4,1,1,0,0.0,2,0,66750,4,-3,6,Hispanic,54.423,0,0
8546,0.0,0,0,0,0,0,1,2,3,3,4,2,3,0,0.0,2,0,66750,4,-3,6,Hispanic,34.91,0,0
8547,0.0,0,0,0,0,0,0,2,2,1,1,4,-4,0,0.0,1,0,77800,7,4,3,Hispanic,-0.004,-5,-5
8548,0.0,0,0,0,0,0,5,3,3,5,5,2,2,0,,1,0,1750,7,3,11,Hispanic,6.067,0,0
8549,1.0,0,0,0,0,0,2,2,2,1,1,1,-4,0,0.0,2,0,1750,7,3,11,Hispanic,12.739,0,0
8550,1.0,0,0,0,0,0,0,1,2,1,1,1,-4,0,0.0,1,0,47500,4,14,12,Hispanic,17.862,0,0
8551,1.0,0,0,0,0,0,1,1,2,1,1,1,-4,0,0.0,1,0,47500,4,14,12,Hispanic,58.001,0,0
8552,0.0,0,0,0,0,1,4,2,2,2,1,1,1,0,1.0,2,0,158000,5,-3,-3,Hispanic,21.35,0,0
8553,0.0,0,0,0,5,0,4,1,2,2,1,2,-4,0,0.0,1,0,158000,5,-3,-3,Hispanic,16.961,0,0
8554,1.0,0,0,0,0,0,0,1,2,3,1,4,1,0,0.0,1,1,4950,7,2,6,Hispanic,-0.004,0,0
8555,0.0,0,0,0,0,0,5,2,2,4,3,3,-4,0,0.0,2,1,4950,7,2,6,Hispanic,-0.004,0,0
8556,0.0,0,0,1,0,0,4,1,1,1,1,1,2,0,,2,1,3450,4,6,8,Hispanic,-0.004,0,0
8557,0.0,0,0,1,0,0,3,2,1,1,1,1,-4,1,,1,1,3450,4,6,8,Hispanic,34.228,0,0
8558,0.0,0,0,2,5,0,0,2,2,1,1,1,-4,-3,,1,1,16500,7,4,8,Hispanic,-0.004,-5,-5
8559,0.0,0,0,0,0,0,0,2,2,2,1,2,-4,0,0.0,1,0,48000,3,14,14,Hispanic,16.118,-5,-5
8560,0.0,0,0,0,0,0,5,2,2,3,4,5,3,0,,1,0,13300,3,12,13,Hispanic,13.4,0,-4
8561,1.0,0,0,0,0,0,5,4,2,1,2,4,-4,0,0.0,2,0,13300,3,12,13,Hispanic,43.06,-5,-5
8562,0.0,0,0,0,0,0,3,2,3,3,5,3,4,0,0.0,2,0,36000,5,16,7,Hispanic,10.118,0,0
8563,1.0,0,0,1,0,0,0,2,2,3,2,1,-4,0,,1,0,52500,5,12,11,Hispanic,24.562,0,0
8564,1.0,1,0,0,0,0,8,2,3,4,2,4,-4,0,0.0,2,0,6700,4,11,14,Hispanic,40.051,0,0
8565,1.0,0,0,0,0,0,0,2,2,2,2,2,1,0,1.0,1,0,73300,4,12,12,Hispanic,39.56,0,0
8566,0.0,0,0,1,0,0,0,2,1,1,1,2,-4,0,0.0,1,0,94550,5,7,9,Hispanic,35.969,0,0
8567,0.0,0,0,0,0,0,8,2,2,1,1,1,-4,0,0.0,1,0,30250,4,7,11,Hispanic,35.403,0,0
8568,0.0,0,0,1,0,0,9,2,2,1,1,1,-4,0,0.0,1,0,30250,4,7,11,Hispanic,30.281,0,0
8569,1.0,0,0,0,3,0,3,3,4,2,5,2,5,1,0.0,2,1,3750,6,-3,10,Black,22.968,0,0
8570,0.0,0,1,4,1,2,4,2,2,2,1,2,-4,1,0.0,1,1,3750,6,-3,10,Black,60.682,0,0
8571,0.0,0,1,3,2,1,0,3,3,3,3,3,-4,1,1.0,1,-2,-3,3,13,-3,Black,5.552,-5,-5
8572,1.0,,0,1,1,0,2,2,3,4,5,5,5,1,1.0,1,0,500,2,12,12,Black,-0.004,0,-4
8573,1.0,1,0,0,0,0,0,2,2,3,4,2,3,1,0.0,2,0,27500,5,12,14,Black,33.191,-1,-4
8574,0.0,0,0,1,0,0,6,2,2,5,4,2,4,0,,1,-4,-4,3,8,15,Black,18.824,-5,-5
8575,0.0,0,0,0,0,0,31,3,4,4,5,2,3,0,0.0,2,0,15000,6,2,13,Hispanic,-0.004,0,0
8576,0.0,1,1,0,0,0,32,2,3,3,3,3,2,1,0.0,1,0,15000,6,2,13,Hispanic,-0.004,0,0
8577,0.0,0,1,0,0,0,5,2,3,3,2,1,-4,0,0.0,2,0,15000,6,-3,13,Hispanic,-0.004,0,1
8578,1.0,0,0,0,1,0,3,2,2,1,4,1,4,1,0.0,2,0,244000,2,19,19,Hispanic,98.371,0,0
8579,0.0,0,0,0,1,0,3,2,2,4,5,2,3,0,0.0,2,0,-3,4,16,14,Hispanic,80.941,0,0
8580,0.0,0,0,0,0,0,6,1,4,4,4,3,2,0,0.0,2,-4,-4,5,-4,12,Hispanic,-0.004,0,0
8581,1.0,0,0,0,0,0,3,1,2,1,1,1,-4,0,0.0,1,-4,-4,5,-4,12,Hispanic,-0.004,-5,-5
8582,1.0,0,0,0,0,0,15,2,2,3,1,2,3,0,0.0,2,1,500,5,9,6,Hispanic,-0.004,0,0
8583,0.0,0,1,0,3,1,5,2,3,3,2,2,-4,1,0.0,2,1,500,5,9,6,Hispanic,-0.004,0,0
8584,0.0,0,0,0,0,0,21,2,2,3,2,2,-4,0,0.0,2,1,500,5,9,6,Hispanic,-0.004,0,0
8585,0.0,0,0,4,1,0,3,2,3,1,1,2,-4,1,,1,1,800,8,-3,-3,Hispanic,52.449,-5,-5
8586,0.0,0,0,0,0,0,20,2,2,4,3,4,3,0,0.0,2,0,500,6,-4,9,Hispanic,12.861,0,0
8587,0.0,0,1,0,2,0,2,2,2,2,1,4,-4,0,1.0,1,0,500,6,10,9,Hispanic,14.297,0,0
8588,0.0,0,0,1,1,0,10,2,2,1,1,1,-4,0,1.0,2,0,-1650,4,-3,9,Hispanic,33.809,0,0
8589,0.0,0,0,1,2,1,10,2,2,3,4,4,-4,0,0.0,2,-4,-4,4,7,7,Hispanic,19.317,0,0
8590,1.0,0,0,0,0,0,2,2,3,1,1,1,-4,1,0.0,2,0,90000,3,14,12,Hispanic,61.725,0,0
8591,0.0,0,0,1,0,0,3,2,2,3,2,3,-4,0,0.0,1,0,10900,6,9,9,Hispanic,54.221,0,0
8592,1.0,0,0,0,0,0,3,2,2,1,1,3,-4,0,0.0,1,0,10900,6,9,9,Hispanic,46.507,-5,-5
8593,0.0,0,0,0,4,1,1,1,2,3,2,1,-4,1,1.0,1,0,117500,8,9,12,Hispanic,20.991,0,1
8594,0.0,1,1,0,0,0,4,1,1,2,2,1,-4,0,1.0,1,-4,-4,6,12,12,Hispanic,-0.004,0,0
8595,1.0,0,0,0,0,0,1,2,2,2,1,1,2,0,,1,-4,-4,4,13,16,Hispanic,-0.004,0,0
8596,0.0,0,0,1,0,0,3,2,2,2,1,1,2,0,0.0,2,0,49750,9,11,9,Hispanic,30.761,0,0
8597,0.0,0,0,0,0,0,3,2,3,3,2,3,-4,0,,1,0,23600,4,12,-3,Hispanic,49.777,-5,-5
8598,1.0,0,0,0,7,3,3,1,2,2,3,1,3,0,0.0,1,0,68400,8,12,12,Hispanic,18.889,-5,-5
8599,0.0,0,0,2,1,0,3,2,3,4,2,1,-4,0,0.0,1,0,68400,8,12,12,Hispanic,27.109,0,0
8600,1.0,0,0,0,0,0,3,2,2,4,3,2,2,0,0.0,2,0,1250,5,12,12,Hispanic,70.717,0,0
8601,1.0,0,0,0,0,0,0,1,2,1,1,1,-4,0,0.0,2,0,1250,5,12,12,Hispanic,57.455,0,0
8602,0.0,0,0,0,0,0,1,2,2,2,1,2,-4,1,0.0,1,0,15250,3,-3,12,Hispanic,27.548,0,-4
8603,1.0,0,0,0,0,0,0,2,3,3,4,2,2,1,0.0,2,0,2250,11,9,11,Hispanic,26.824,0,0
8604,0.0,0,1,1,3,2,5,2,2,5,4,4,-4,0,0.0,1,-4,-4,11,12,9,Hispanic,2.362,-5,-5
8605,0.0,0,0,0,0,0,0,2,1,1,1,1,-4,0,0.0,1,0,2250,11,9,11,Hispanic,14.885,0,0
8606,1.0,0,0,0,0,0,6,2,3,1,2,3,3,0,,1,0,43850,5,6,6,Hispanic,65.428,-5,-5
8607,1.0,0,0,2,0,0,0,2,2,1,1,2,-4,0,,1,0,43850,5,6,6,Hispanic,45.397,0,0
8608,1.0,0,0,1,1,0,0,3,3,1,1,1,-4,0,0.0,2,0,47000,4,6,6,Hispanic,47.709,0,0
8609,1.0,0,0,0,0,0,4,2,2,1,1,1,-4,0,0.0,2,0,51850,5,13,14,Hispanic,54.174,0,0
8610,0.0,0,0,0,0,0,11,2,2,1,1,1,-4,0,,2,0,51850,5,13,14,Hispanic,75.08,0,0
8611,0.0,0,1,9,6,0,4,2,2,5,3,5,5,1,1.0,2,0,11100,4,-4,12,Hispanic,2.34,0,-4
8612,0.0,0,1,1,2,0,0,3,3,1,1,2,-4,0,0.0,1,0,11100,4,-4,12,Hispanic,34.818,-2,-2
8613,1.0,0,0,0,0,0,5,1,2,1,1,1,-4,0,0.0,1,0,257500,4,-4,14,Hispanic,-0.004,-5,-5
8614,1.0,0,0,0,0,0,0,2,2,1,1,1,-4,0,1.0,1,0,-3,4,16,16,Hispanic,88.622,0,0
8615,1.0,0,0,0,0,0,0,2,3,4,5,1,3,0,,1,-4,-4,3,16,17,Hispanic,-0.004,-5,-5
8616,0.0,0,0,0,0,0,3,2,3,1,1,1,-4,0,0.0,2,0,4252,5,11,10,Hispanic,6.576,0,0
8617,0.0,0,0,0,0,0,1,2,2,1,1,1,-4,0,,1,0,4252,5,11,10,Hispanic,0.0,-5,-5
8618,0.0,0,1,0,0,0,1,2,3,2,3,1,2,0,0.0,1,0,-3,4,-3,4,Hispanic,46.574,0,0
8619,1.0,0,0,0,0,1,3,2,2,1,1,1,-4,0,,1,0,60500,2,8,13,Hispanic,42.173,0,0
8620,0.0,0,0,0,0,0,2,2,2,1,1,1,-4,0,0.0,2,0,36300,8,-3,7,Hispanic,6.249,0,-2
8621,1.0,0,0,0,0,0,4,2,3,1,3,1,3,0,0.0,1,0,23150,4,-3,11,Hispanic,-0.004,0,0
8622,0.0,0,0,0,0,0,0,2,2,1,1,1,-4,0,0.0,2,0,23150,4,9,11,Hispanic,23.223,0,0
8623,0.0,0,0,0,0,0,4,1,1,1,1,1,1,0,0.0,1,0,4500,4,4,6,Hispanic,19.049,0,0
8624,0.0,0,0,0,0,0,11,2,2,2,2,1,1,0,0.0,2,0,17850,7,14,10,Hispanic,31.12,0,0
8625,0.0,0,0,0,0,0,6,2,1,3,4,1,3,0,0.0,1,0,39100,5,9,9,Hispanic,-0.004,0,0
8626,0.0,0,1,2,0,0,60,3,3,4,4,1,4,0,0.0,2,-4,-4,5,-3,-3,Hispanic,-0.004,0,0
8627,0.0,0,0,0,0,1,5,2,2,3,1,1,1,0,0.0,2,0,24000,6,8,6,Hispanic,7.063,0,0
8628,0.0,0,1,2,0,1,4,4,2,4,1,2,-4,0,,2,-4,-4,4,2,11,Hispanic,13.556,0,0
8629,1.0,0,0,0,0,0,0,1,1,4,2,4,-4,1,0.0,2,0,8900,2,12,15,Black,48.427,0,0
8630,0.0,0,0,0,0,0,5,2,3,2,1,5,-4,0,0.0,2,0,72500,4,10,12,Black,26.684,0,1
8631,0.0,0,1,2,0,1,4,2,4,2,1,1,-4,0,0.0,1,0,7500,4,10,12,Black,5.688,0,0
8632,0.0,0,0,0,0,0,2,2,2,3,3,1,2,0,,2,0,37300,8,-4,10,Black,-0.004,0,-4
8633,0.0,0,0,0,0,0,3,2,2,3,1,2,4,0,0.0,2,1,37300,8,-4,7,Black,8.244,0,0
8634,0.0,0,0,0,0,0,0,2,2,4,4,1,-4,0,0.0,2,0,1000,7,-3,6,Hispanic,-0.004,0,-1
8635,0.0,0,0,0,0,0,15,2,2,2,3,5,-4,1,,1,0,75500,7,2,6,Hispanic,-0.004,0,-4
8636,0.0,0,0,0,0,1,-2,1,2,1,1,1,-4,0,,1,0,75500,7,-3,6,Hispanic,-0.004,0,-4
8637,0.0,0,1,0,0,2,5,4,3,5,5,5,5,0,0.0,1,0,500,5,-3,12,Black,-0.004,0,-4
8638,0.0,0,0,0,1,1,7,2,2,-2,-2,2,-2,0,0.0,2,0,45750,7,12,10,Black,3.173,0,1
8639,0.0,1,0,1,0,0,0,2,2,4,1,3,2,0,0.0,1,0,45750,7,12,10,Black,2.173,-5,-5
8640,0.0,0,0,0,0,0,5,2,2,1,1,1,1,1,0.0,2,0,9500,6,6,6,Hispanic,17.339,0,0
8641,0.0,0,0,0,0,0,6,1,2,1,1,2,-4,0,0.0,2,0,9500,6,6,6,Hispanic,17.259,0,0
8642,0.0,0,0,1,3,1,6,4,2,3,1,5,-2,1,1.0,1,0,21500,4,-3,12,Black,11.202,1,1
8643,0.0,0,1,-3,0,0,-2,3,3,2,5,5,-4,0,,1,0,21500,4,-3,8,Hispanic,19.284,1,1
8644,0.0,0,0,1,0,2,0,3,3,1,-2,1,-4,0,0.0,2,0,21500,4,-3,12,Black,28.295,1,1
8645,1.0,0,0,0,0,0,3,2,2,1,1,2,-4,0,0.0,2,0,34050,4,6,6,Hispanic,45.324,0,0
8646,1.0,0,0,0,0,0,4,2,2,1,1,1,-4,0,0.0,2,0,34050,4,6,6,Hispanic,68.281,0,0
8647,0.0,0,1,0,1,0,0,2,4,5,3,5,-4,1,0.0,1,0,49701,4,13,12,Hispanic,12.46,0,0
8648,0.0,0,0,0,0,0,6,2,2,2,2,1,2,0,,2,0,5050,2,-3,8,Hispanic,34.624,-5,-5
8649,0.0,0,0,0,0,1,-2,3,4,2,4,4,5,0,,2,0,21500,4,12,10,Black,19.683,0,-2
8650,0.0,0,1,3,2,1,2,4,4,1,1,2,-4,1,,2,0,21500,4,12,10,Black,26.754,0,0
8651,1.0,0,0,0,0,0,5,2,3,3,2,4,-4,0,,2,0,67500,5,12,12,Hispanic,90.072,-5,-5
8652,0.0,0,0,0,1,0,0,1,2,3,3,1,-4,0,0.0,2,0,27500,7,8,12,Black,29.629,0,0
8653,0.0,0,0,0,0,0,2,4,3,4,2,1,3,0,,2,0,40500,2,-3,12,Black,1.541,-5,-5
8654,0.0,1,1,2,0,0,2,2,2,1,1,1,-4,0,0.0,1,0,7500,4,10,11,Black,-0.004,0,0
8655,0.0,0,1,1,0,1,4,3,2,5,3,4,-4,0,0.0,1,0,7500,4,10,11,Black,-0.004,0,0
8656,0.0,0,0,0,0,0,0,2,2,2,2,1,2,0,0.0,1,0,5050,7,12,10,Black,1.11,0,0
8657,0.0,0,0,0,0,0,5,2,3,2,1,1,-4,0,0.0,1,0,5050,7,12,10,Black,20.325,0,0
8658,0.0,0,0,0,0,1,1,2,2,5,2,3,4,0,,1,1,500,4,-3,8,Black,-0.004,-5,-5
8659,1.0,0,0,0,5,0,0,1,1,4,2,1,-4,0,,2,0,-3,3,16,16,Black,54.709,0,0
8660,1.0,0,0,0,0,0,0,1,2,4,4,1,5,0,0.0,1,0,8500,2,-4,10,Black,13.075,0,0
8661,1.0,0,0,0,0,0,2,1,1,1,1,1,-4,1,0.0,2,0,37500,4,-4,9,Black,53.367,-5,-5
8662,0.0,0,0,1,0,0,0,2,1,3,2,1,4,0,0.0,1,0,15250,2,-3,12,Black,-0.004,0,-2
8663,1.0,0,0,0,1,0,3,1,1,3,1,1,-4,1,,2,-4,-4,3,12,13,Black,-0.004,0,-2
8664,1.0,,0,0,0,0,1,3,3,4,4,1,-4,0,,2,-4,-4,3,12,13,Black,-0.004,-5,-5
8665,0.0,0,0,0,0,1,2,2,2,1,1,1,-4,0,1.0,1,0,2200,2,11,-4,Black,3.479,0,0
8666,0.0,0,0,0,0,0,14,2,2,5,2,2,-4,0,1.0,1,0,18300,2,12,16,Black,-0.004,0,1
8667,0.0,0,0,0,0,0,3,2,2,1,1,1,-4,1,,1,0,6155,7,-3,10,Black,13.277,0,0
8668,1.0,1,0,0,0,0,4,2,2,4,2,1,3,0,0.0,2,0,3850,3,11,10,Black,34.357,0,1
8669,0.0,0,0,0,0,2,6,3,3,4,3,2,-4,0,0.0,2,0,3850,3,11,10,Black,0.949,0,0
8670,0.0,0,0,0,5,0,8,3,4,4,4,1,4,1,0.0,2,0,8900,2,-4,-4,Black,19.755,0,-2
8671,0.0,0,0,0,0,0,2,2,2,1,1,2,-4,0,0.0,2,0,2150,4,-4,9,Black,15.364,0,0
8674,0.0,1,0,0,0,0,6,2,1,1,1,1,-4,0,0.0,1,0,31400,6,5,14,Black,3.81,0,0
8675,0.0,0,0,0,0,1,10,2,2,3,3,1,4,0,0.0,1,0,37500,4,11,-3,Black,37.75,0,0
8676,0.0,0,0,0,0,0,12,2,2,3,3,1,4,0,0.0,1,0,7600,4,12,-4,Black,53.806,0,0
8677,0.0,0,0,0,0,0,2,1,1,1,1,1,-4,0,0.0,1,0,7600,4,12,-4,Black,35.654,0,0
8678,0.0,0,0,0,0,0,9,2,2,1,1,1,-4,0,0.0,2,1,500,5,-4,9,Hispanic,-0.004,0,0
8679,0.0,0,0,0,0,0,1,2,2,2,2,1,2,0,0.0,2,0,43100,4,10,11,Black,-0.004,0,0
8680,0.0,0,0,0,0,0,0,2,2,2,1,1,1,0,,2,-4,-4,2,-3,12,Black,-0.004,0,-4
8681,0.0,0,0,0,0,0,0,2,2,3,1,1,-4,0,0.0,2,0,18900,3,12,13,Black,21.703,0,0
8683,0.0,0,0,0,4,0,0,2,4,4,3,4,4,0,,1,0,25200,3,12,15,Black,9.722,1,1
8684,0.0,0,0,0,0,0,7,1,2,4,2,2,3,0,0.0,1,1,-3,4,-3,15,Black,78.525,-5,-5
8685,0.0,0,0,0,0,0,-2,2,2,1,1,1,-4,0,0.0,2,0,32500,3,14,14,Black,-0.004,0,1
8686,0.0,0,1,6,0,0,3,2,3,2,-2,1,-4,0,,1,0,-3,4,-4,-3,Black,-0.004,0,1
8687,0.0,0,0,0,0,0,1,1,2,4,5,3,5,0,0.0,2,-4,-4,6,12,12,Black,23.497,0,0
8688,0.0,0,0,0,0,0,4,2,2,3,3,1,4,1,,2,0,42500,2,-3,12,Black,-0.004,-5,-5
8689,0.0,1,0,0,2,1,1,3,3,4,3,1,-4,0,1.0,2,0,13000,3,-3,13,Black,-0.004,0,1
8690,1.0,,0,0,0,0,0,2,1,2,1,1,-4,0,,1,-4,-4,3,12,12,Black,79.943,-5,-5
8691,0.0,0,0,0,0,0,3,2,2,1,1,1,-4,0,0.0,1,0,500,3,12,11,Black,51.585,0,0
8692,1.0,0,0,0,0,0,0,2,2,2,3,2,5,0,0.0,1,0,-3,3,12,12,Black,3.654,0,0
8693,0.0,0,0,0,20,0,2,2,3,3,1,3,-4,0,0.0,2,0,2000,3,9,12,Black,21.818,0,0
8694,0.0,0,0,1,0,0,3,1,1,4,4,3,-4,1,0.0,1,0,2000,3,9,12,Black,13.816,0,-2
8695,1.0,0,0,0,0,0,0,2,1,2,2,1,-4,0,0.0,2,0,19100,3,12,12,Black,82.767,0,0
8696,1.0,0,1,0,0,0,3,2,2,1,1,1,-4,1,1.0,2,0,-7500,2,11,12,Black,-0.004,0,0
8697,0.0,0,0,0,0,0,5,2,2,2,1,1,2,0,0.0,2,0,6350,2,12,12,Black,27.007,0,-4
8698,0.0,0,1,0,0,0,10,2,2,2,2,1,3,1,,2,0,-2000,3,-4,12,Black,67.397,0,-4
8699,1.0,0,0,0,2,0,1,3,2,3,3,1,4,1,1.0,2,0,7500,2,13,16,Black,8.351,-5,-5
8700,1.0,0,1,0,0,0,1,2,2,2,1,1,-4,1,,2,0,30000,4,16,16,Black,30.361,0,0
8701,0.0,,1,0,5,0,0,1,2,1,1,1,-4,0,,2,1,24060,8,-4,-4,Hispanic,40.375,0,0
8702,0.0,0,1,2,0,0,3,2,2,3,2,2,4,0,0.0,1,0,24350,5,12,-3,Black,-0.004,0,0
8703,0.0,0,0,0,0,0,10,3,2,4,2,3,5,1,0.0,2,0,24350,5,12,-3,Black,-0.004,0,0
8704,0.0,0,1,3,0,0,10,1,1,4,4,4,-4,1,0.0,1,0,24350,5,12,-3,Black,-0.004,0,0
8705,0.0,0,0,0,0,0,3,2,2,3,2,2,-4,0,,2,0,24350,5,12,-3,Black,-0.004,-5,-5
8706,1.0,0,1,1,0,0,3,2,3,3,2,1,2,1,1.0,1,0,66500,2,-4,16,Black,43.512,0,0
8707,0.0,0,0,0,0,0,0,2,2,3,2,1,2,0,,1,0,96850,3,14,14,Black,60.778,0,0
8708,0.0,0,1,1,0,1,0,2,2,1,1,2,-4,0,,1,0,-3,5,12,12,Black,12.52,0,0
8709,1.0,0,0,0,0,0,0,2,3,3,2,1,2,0,0.0,1,0,87900,4,13,20,Hispanic,80.541,0,0
8710,0.0,0,0,0,0,1,4,2,2,2,2,1,-4,0,0.0,1,0,87900,4,13,20,Hispanic,65.183,-5,-5
8711,0.0,0,0,0,0,0,5,3,2,3,2,2,5,0,0.0,2,0,-100,6,8,12,Black,7.59,0,-2
8712,1.0,0,0,0,0,0,-2,2,2,-2,1,1,-4,0,0.0,2,0,-100,6,8,12,Black,10.978,0,1
8713,0.0,0,0,0,0,0,3,3,2,5,4,2,4,0,0.0,2,0,1950,2,-3,11,Black,19.865,0,1
8714,0.0,0,0,0,0,0,27,2,4,4,5,4,-2,0,0.0,1,1,3750,4,12,12,Black,32.406,-5,-5
8715,0.0,0,0,0,0,0,-2,2,2,1,1,3,-4,0,0.0,2,0,-3,5,-3,11,Black,1.117,0,0
8716,1.0,1,0,0,1,0,1,2,3,1,1,1,-4,1,0.0,2,0,-9900,3,16,14,Black,47.345,0,0
8717,0.0,0,1,0,0,0,20,1,1,5,5,1,5,1,0.0,2,1,17500,7,11,12,Black,9.99,0,0
8718,0.0,0,1,0,0,1,4,2,2,3,2,2,-4,0,1.0,1,1,17500,7,12,12,Black,5.262,0,-2
8719,0.0,0,1,0,0,0,-2,1,1,3,5,2,4,1,0.0,1,0,3590,4,11,13,Black,1.412,0,0
8720,0.0,0,1,0,2,3,2,3,3,4,1,2,-4,1,0.0,2,0,3590,4,11,13,Black,1.579,0,0
8721,0.0,0,1,2,2,0,0,4,3,4,3,4,5,0,0.0,1,0,-3,4,12,11,Black,45.112,-5,-5
8722,0.0,0,1,0,0,0,0,2,2,1,1,1,-4,0,1.0,2,0,500,3,10,9,Black,3.665,1,1
8723,0.0,0,0,0,0,0,40,2,2,5,5,3,3,0,,2,-4,-4,2,-3,-3,Hispanic,-0.004,0,0
8724,0.0,0,0,0,0,0,3,1,2,2,2,2,3,0,0.0,1,0,-2950,5,19,14,Black,46.982,0,0
8725,0.0,0,0,0,0,0,2,1,2,1,1,1,-4,0,0.0,2,0,-2950,5,19,14,Black,19.94,0,0
8726,0.0,0,0,0,0,0,5,2,3,2,2,1,2,0,0.0,2,0,3500,6,12,12,Black,48.174,0,1
8727,1.0,0,0,0,0,0,2,2,2,2,1,1,-4,0,0.0,2,0,3500,6,12,12,Black,43.201,0,1
8728,0.0,0,1,0,4,2,20,2,3,4,4,4,-4,0,,2,0,-3,6,10,13,Hispanic,9.527,0,0
8729,1.0,0,0,0,1,0,5,1,1,3,3,2,5,0,0.0,2,0,-2500,13,-3,12,Black,-0.004,0,0
8730,0.0,0,0,0,0,0,10,2,2,2,2,2,3,1,,2,0,3750,3,3,12,Black,11.692,0,0
8731,1.0,0,0,0,0,0,2,2,2,3,2,2,2,0,0.0,2,0,-3,3,12,13,Black,36.256,0,0
8732,0.0,0,1,0,0,0,4,2,3,4,3,3,3,0,0.0,2,0,67000,5,3,11,Hispanic,-0.004,0,0
8733,0.0,0,0,0,0,0,1,3,2,5,3,5,2,0,,2,0,67000,5,3,11,Hispanic,-0.004,0,0
8734,0.0,0,0,0,10,18,9,2,2,1,1,1,-4,1,,1,0,67000,5,3,11,Hispanic,-0.004,-2,-2
8735,0.0,0,0,1,7,50,4,3,2,5,4,5,4,1,0.0,2,0,500,9,9,12,Black,-0.004,0,0
8736,0.0,0,0,0,0,1,5,3,3,5,4,4,5,1,0.0,1,1,500,9,9,12,Black,-0.004,0,0
8737,0.0,0,1,0,10,2,5,2,2,5,3,3,-4,1,,2,1,500,9,9,12,Black,-0.004,0,0
8738,1.0,0,0,0,0,0,1,2,2,3,-2,5,-4,0,0.0,1,1,500,9,9,12,Black,-0.004,0,-2
8739,0.0,0,0,0,0,0,-2,2,3,1,1,1,-4,1,0.0,1,0,31800,4,10,10,Hispanic,40.094,-5,-5
8740,0.0,0,0,1,0,0,5,2,2,1,1,1,-4,1,,2,0,35500,3,10,14,Hispanic,55.569,0,0
8741,1.0,0,0,0,0,0,3,1,1,2,3,1,1,0,,1,0,-3,4,16,12,White,-0.004,0,0
8742,1.0,0,0,0,0,0,5,1,2,2,2,1,-4,0,0.0,1,0,-3,4,16,12,White,-0.004,0,0
8743,1.0,1,0,1,2,0,8,2,2,3,4,2,3,0,1.0,2,0,179000,4,14,12,White,-0.004,0,0
8745,0.0,0,0,0,1,0,0,2,3,2,1,1,-4,0,0.0,2,0,1000,5,16,12,Black,-0.004,0,0
8746,0.0,0,1,1,0,1,0,4,3,2,4,4,-4,0,0.0,1,0,115750,4,-4,12,Black,4.971,0,0
8747,0.0,0,1,1,0,2,3,3,2,5,2,2,3,0,,1,0,-3,8,12,10,Black,5.811,0,0
8748,0.0,0,0,0,0,0,30,2,2,5,5,3,5,-3,0.0,2,0,-3,8,-3,10,Black,12.212,0,0
8749,0.0,0,0,0,1,7,20,3,2,2,1,2,-4,0,0.0,2,0,-3,8,-3,10,Black,2.011,0,0
8750,1.0,0,1,0,3,1,4,3,3,3,4,1,4,0,1.0,1,0,66550,2,18,15,White,72.044,0,0
8751,1.0,0,0,0,0,0,10,3,3,4,4,1,1,0,,2,0,111500,4,14,16,White,47.911,0,0
8752,1.0,0,0,0,1,1,7,1,2,3,1,1,-4,0,0.0,2,0,20500,3,12,11,White,55.981,0,0
8753,0.0,1,0,0,0,0,1,2,2,3,2,1,1,1,,1,0,-3,5,12,12,White,20.032,0,0
8754,0.0,0,0,0,0,2,5,2,2,3,2,1,3,1,1.0,1,-4,-4,7,-3,8,White,5.649,0,0
8755,0.0,0,0,0,0,2,5,2,2,1,1,1,-4,0,0.0,1,-4,-4,7,-3,8,White,1.235,0,0
8756,1.0,0,0,1,0,0,6,2,-2,2,2,2,5,0,0.0,1,1,-3,7,11,11,Hispanic,45.069,0,1
8757,0.0,0,0,0,0,0,-2,2,2,4,-2,-2,-4,0,0.0,1,1,-3,7,11,11,Black,25.726,0,1
8758,0.0,0,1,3,0,0,4,2,2,2,2,1,-4,0,0.0,1,0,-3,3,-3,15,White,22.39,0,0
8759,0.0,0,0,3,0,2,0,2,2,5,1,1,-4,0,1.0,1,0,-3,7,12,-3,White,16.714,0,1
8760,1.0,0,0,0,0,0,1,2,2,2,1,1,1,0,0.0,1,0,13500,4,16,13,White,76.141,0,0
8761,0.0,0,1,-3,0,1,4,1,2,4,2,1,-4,0,0.0,1,0,10350,2,12,12,White,0.0,0,0
8762,1.0,0,0,0,0,0,1,1,2,2,1,1,2,0,0.0,2,0,22700,5,12,10,White,86.172,-5,-5
8763,1.0,0,0,0,4,0,0,2,2,3,4,3,4,1,0.0,1,0,242500,4,16,6,White,66.48,0,0
8764,1.0,0,0,0,0,0,5,2,2,1,1,1,-4,0,0.0,1,0,-3,5,-3,16,Hispanic,95.374,0,0
8765,0.0,0,0,0,2,1,1,2,2,-2,5,3,-4,1,0.0,2,0,500,8,10,10,Black,-0.004,0,1
8766,1.0,0,0,0,0,0,2,2,3,2,3,2,2,0,0.0,2,0,12750,5,14,16,White,-0.004,0,0
8767,1.0,0,0,0,0,0,0,1,2,1,1,1,-4,0,0.0,2,-4,-4,1,-3,-3,Hispanic,-0.004,0,-4
8768,1.0,0,0,0,0,0,1,2,2,2,1,1,4,0,0.0,2,0,-3,5,18,17,Black,98.134,0,0
8769,0.0,0,0,0,0,0,2,2,2,2,3,1,-4,1,0.0,2,0,-3,5,18,17,Black,67.137,0,0
8770,0.0,0,0,2,7,13,4,2,3,3,1,1,-4,0,0.0,1,0,48573,6,13,13,White,27.404,0,0
8771,0.0,0,1,0,10,2,3,3,4,5,1,1,-4,0,0.0,1,0,48573,6,13,13,White,2.928,0,0
8772,1.0,0,0,0,0,0,0,2,1,1,1,1,1,0,,1,0,14050,5,16,20,Hispanic,20.171,-5,-5
8773,1.0,0,1,0,20,2,5,3,3,3,2,4,-4,1,0.0,1,0,-3,6,13,13,White,75.842,0,0
8774,0.0,0,0,0,2,0,2,2,3,1,1,2,-4,0,1.0,2,0,15620,3,12,14,Black,12.02,0,0
8775,0.0,0,0,0,0,0,2,2,2,1,1,1,-4,1,,2,0,52250,3,12,12,Black,-0.004,0,0
8776,0.0,0,1,3,0,0,3,2,2,3,2,2,1,0,0.0,1,0,2000,6,12,-4,Hispanic,3.988,-5,-5
8777,0.0,0,0,0,0,0,0,2,2,1,1,1,-4,0,,1,-4,-4,5,5,9,Hispanic,-0.004,0,0
8778,0.0,0,0,4,-4,-4,-4,-4,-4,5,4,3,2,0,0.0,2,-1,-3,3,-4,8,Other,3.127,-5,-5
8779,,,0,0,-4,-4,-4,2,2,-2,-2,-2,1,0,,1,0,-3,4,-3,6,Hispanic,-0.004,-5,-5
8780,0.0,0,0,0,0,0,0,2,2,1,-2,-2,-4,0,0.0,2,0,-3,4,-3,6,Hispanic,95.476,-5,-5
8781,0.0,0,0,0,-4,-4,-4,2,1,2,1,2,3,0,0.0,2,0,5250,2,-3,5,Hispanic,25.754,0,0
8782,1.0,0,0,3,0,0,6,2,2,5,4,2,-4,0,1.0,2,-4,-4,6,14,16,Hispanic,-0.004,0,0
8783,1.0,0,0,0,0,0,1,2,2,1,1,2,-4,0,0.0,1,-4,-4,6,14,16,Hispanic,-0.004,0,0
8784,1.0,0,0,0,2,0,2,2,1,1,1,1,-4,1,,2,0,8000,5,12,8,Hispanic,61.247,-5,-5
8785,0.0,0,0,0,0,0,6,2,3,3,1,1,-4,0,0.0,2,0,4550,7,11,12,Black,6.939,0,0
8786,0.0,0,1,0,0,0,6,2,2,4,1,4,1,1,0.0,1,0,35200,4,15,12,Black,15.663,0,0
8787,0.0,0,0,0,0,1,4,2,2,3,2,1,-4,1,0.0,2,0,33250,4,12,13,Black,11.401,0,0
8788,1.0,,0,0,0,0,12,2,2,1,2,1,2,0,0.0,1,0,85000,6,14,11,White,35.592,0,0
8789,0.0,0,0,0,0,0,2,2,3,1,1,1,-4,0,0.0,1,0,85000,6,14,11,White,33.815,0,0
8790,1.0,0,0,0,0,0,2,2,2,1,1,1,-4,0,0.0,2,0,85000,6,-3,18,White,74.539,0,0
8791,1.0,0,0,0,0,0,11,1,1,1,1,1,-4,0,0.0,2,0,224500,4,12,14,White,51.833,0,0
8792,0.0,0,0,0,0,0,0,2,2,2,1,1,3,0,0.0,2,0,3250,7,14,11,Black,14.665,0,0
8793,1.0,0,0,0,0,0,0,4,3,4,1,1,5,0,0.0,2,0,3250,7,14,11,Black,20.249,0,0
8794,0.0,0,0,0,20,0,0,2,1,3,2,2,5,1,1.0,1,0,3250,7,14,11,Black,22.298,0,0
8795,0.0,0,0,0,5,0,1,3,1,1,1,1,-4,1,0.0,1,0,3250,7,14,11,Black,64.417,0,0
8796,1.0,0,0,0,0,0,0,2,2,1,1,1,-4,0,,2,0,3250,7,14,11,Black,35.864,0,0
8797,1.0,0,0,0,0,0,1,2,2,2,1,1,1,0,0.0,2,0,23500,3,-3,-3,Black,54.874,-5,-5
8798,0.0,0,0,0,0,0,4,2,2,2,2,1,3,0,,1,0,372001,6,12,14,White,31.849,-5,-5
8799,0.0,0,0,0,0,0,5,2,2,1,1,1,-4,0,,1,0,372001,6,12,14,White,44.382,0,0
8800,0.0,0,1,0,0,0,2,2,2,3,2,2,-4,0,,1,0,372001,6,12,14,White,25.306,0,0
8801,0.0,0,1,0,0,0,0,2,3,1,1,1,1,0,0.0,1,0,432,5,12,7,Black,23.818,0,0
8802,0.0,0,1,3,-4,-4,-4,2,4,2,1,1,2,0,0.0,1,0,-3,6,-3,-3,White,-0.004,0,0
8803,0.0,0,0,0,0,-2,17,2,2,2,1,1,-4,1,0.0,1,0,-3,6,-3,-3,White,15.788,0,0
8804,0.0,0,1,3,0,0,2,2,1,1,1,2,-4,0,0.0,1,0,-3,6,-3,-3,White,36.067,0,1
8805,1.0,0,0,0,0,0,3,3,3,4,4,2,4,1,0.0,2,0,56750,5,11,12,Hispanic,27.671,0,0
8806,1.0,0,0,0,0,0,1,1,1,1,-2,2,-4,0,1.0,2,0,3750,5,5,2,Hispanic,35.045,0,0
8807,1.0,0,0,0,0,0,5,2,2,2,2,1,2,0,,1,0,81250,4,12,14,Hispanic,37.845,-5,-5
8808,1.0,0,0,0,0,0,2,2,2,2,2,2,-4,0,,2,0,81250,4,12,14,Hispanic,44.969,-5,-5
8809,0.0,0,0,0,0,0,30,2,4,4,5,5,-4,0,0.0,2,0,750,4,12,13,Hispanic,34.472,0,-2
8810,1.0,1,0,0,0,0,7,2,3,3,3,1,3,0,0.0,2,-4,-4,4,14,14,Hispanic,63.728,0,0
8811,1.0,,1,2,2,2,10,2,3,3,3,2,3,0,0.0,1,-4,-4,4,14,14,Hispanic,46.521,-5,-5
8812,1.0,,0,0,0,0,0,2,2,3,3,2,3,0,,2,-4,-4,5,16,16,White,64.81,-5,-5
8813,1.0,0,0,0,0,0,0,2,2,4,1,2,-4,0,0.0,2,-4,-4,5,16,16,White,81.234,-5,-5
8814,1.0,0,1,0,1,0,2,1,2,2,1,2,-4,1,0.0,2,-4,-4,5,16,16,White,64.37,-5,-5
8815,1.0,0,0,0,0,0,5,2,1,2,2,2,-4,0,0.0,2,-4,-4,4,95,12,Hispanic,2.926,0,0
8816,1.0,0,1,0,1,0,1,2,2,2,1,2,-4,1,0.0,1,0,230901,5,12,9,Hispanic,48.438,0,0
8817,0.0,,1,0,15,0,8,3,3,4,4,2,3,1,1.0,1,0,23750,2,17,12,White,-0.004,-5,-5
8818,0.0,0,0,0,0,0,2,1,2,1,2,1,2,0,0.0,2,0,1500,6,4,9,Hispanic,16.971,0,0
8819,0.0,0,1,0,0,0,0,2,1,2,1,3,2,0,1.0,1,0,1500,6,4,9,Hispanic,-0.004,0,0
8820,0.0,0,0,0,0,0,0,2,1,2,1,2,-4,0,0.0,1,0,1500,6,4,9,Hispanic,-0.004,0,0
8821,1.0,0,0,0,0,0,0,1,1,1,1,2,-4,0,0.0,2,0,1500,6,4,9,Hispanic,-0.004,0,0
8822,0.0,1,0,0,2,0,15,2,2,3,1,2,-4,1,0.0,2,0,11545,7,8,-3,White,71.16,-2,0
8823,0.0,0,0,0,1,1,10,2,2,5,1,3,-4,0,0.0,1,-4,-4,7,9,12,White,0.136,0,0
8824,0.0,0,1,0,0,0,2,2,2,4,4,1,4,0,0.0,1,-4,-4,5,7,14,Asian,38.4,0,0
8825,0.0,0,1,2,0,1,21,2,2,3,1,1,1,0,0.0,1,0,45000,2,-3,11,White,11.218,0,1
8826,0.0,0,1,0,4,1,5,2,4,5,4,2,5,0,0.0,2,0,3750,3,12,12,White,17.189,0,-4
8827,0.0,0,1,0,2,1,10,2,3,5,4,2,-4,0,0.0,2,0,3750,3,12,12,Other,8.73,0,0
8828,1.0,0,1,0,0,0,46,2,1,2,2,1,1,0,0.0,1,0,52900,3,12,12,Hispanic,-0.004,0,0
8829,1.0,0,0,0,0,0,3,4,2,1,1,1,-4,0,0.0,2,0,52900,3,12,12,Hispanic,-0.004,0,-2
8830,0.0,0,0,0,0,0,1,3,2,3,2,1,3,0,0.0,2,0,199700,5,12,12,White,75.4,-5,-5
8831,0.0,0,0,0,0,0,3,4,2,3,2,2,-4,0,,2,-4,-4,5,12,12,White,65.33,-5,-5
8832,1.0,0,0,0,0,0,6,1,1,3,2,1,3,0,,2,0,9500,4,11,12,White,51.977,0,0
8833,0.0,0,0,0,0,1,0,2,3,4,2,1,-4,0,,1,0,66500,4,12,12,White,-0.004,0,0
8834,1.0,0,1,0,0,1,11,3,3,4,3,2,4,1,0.0,1,0,17300,6,12,12,Black,-0.004,0,0
8835,1.0,0,0,0,0,0,3,2,1,5,1,4,-4,1,0.0,1,0,556,3,12,12,Black,85.057,0,0
8836,1.0,0,0,0,0,0,0,2,2,4,1,1,1,0,0.0,1,0,140000,4,12,11,White,52.043,0,0
8837,1.0,0,0,0,0,0,0,2,2,1,1,1,-4,0,0.0,2,0,140000,4,12,11,White,69.453,0,0
8838,0.0,0,0,0,0,0,3,1,2,3,1,1,2,1,1.0,1,-4,-4,6,-4,-3,Black,42.888,0,0
8839,0.0,0,1,2,0,1,2,1,2,3,1,1,3,1,0.0,1,0,-1500,3,9,-3,Black,6.923,1,0
8840,1.0,0,0,0,0,0,3,2,3,1,1,1,-4,0,0.0,2,0,20900,3,12,15,White,76.191,0,0
8841,0.0,,0,0,0,0,3,1,1,2,4,1,-4,0,,1,0,6680,5,-3,10,Black,31.503,-5,-5
8842,0.0,,1,2,0,1,2,2,2,3,2,1,-4,1,,1,0,6680,5,10,9,Black,6.278,-5,-5
8843,0.0,0,1,3,0,2,0,3,2,1,1,1,-4,0,,1,0,6680,5,-3,10,Black,4.723,1,-2
8844,0.0,0,1,0,0,3,15,4,2,4,4,2,-4,0,0.0,2,0,11000,2,10,14,White,26.925,0,0
8845,1.0,0,0,0,0,0,0,2,1,1,1,1,-4,0,0.0,2,0,-3,4,14,12,Hispanic,73.447,0,0
8846,0.0,0,0,0,0,0,2,2,2,4,3,1,3,1,0.0,1,0,11250,2,-4,12,White,37.608,0,-4
8847,0.0,0,0,0,0,0,3,2,3,2,2,1,2,0,,1,1,59488,4,12,13,White,39.139,0,-2
8848,0.0,0,0,0,0,0,0,2,2,2,1,1,-4,0,0.0,2,1,59488,4,12,13,White,33.125,0,0
8849,1.0,,0,0,0,1,3,2,2,2,1,1,2,0,,1,-4,-4,6,12,12,White,76.268,-5,-5
8850,1.0,1,0,0,0,0,1,2,3,1,1,1,-4,0,0.0,2,-4,-4,3,12,14,White,77.947,0,1
8851,0.0,0,0,0,0,0,7,3,3,3,5,1,5,0,,2,-4,-4,4,10,12,White,29.451,0,0
8852,0.0,0,1,0,0,1,5,2,2,3,4,1,1,0,0.0,1,0,30300,4,10,9,Hispanic,13.45,0,1
8853,0.0,0,0,0,0,0,8,2,1,1,1,1,-4,0,,2,0,85750,5,6,4,Hispanic,-0.004,0,0
8854,0.0,1,0,5,1,3,4,2,3,3,3,2,-4,1,,1,-4,-4,4,12,12,White,-0.004,0,0
8855,0.0,0,0,1,0,1,0,2,2,1,1,2,-4,0,0.0,1,0,48500,5,11,9,Hispanic,18.215,0,1
8857,0.0,,0,0,0,-2,25,3,4,4,4,-1,-2,0,,1,-4,-4,6,9,-3,Hispanic,-0.004,-5,-5
8858,0.0,0,0,0,0,20,3,2,2,3,3,2,2,0,0.0,1,-4,-4,6,-3,12,Hispanic,-0.004,0,0
8859,1.0,0,0,0,0,0,2,2,2,1,1,1,-4,0,,2,-4,-4,6,9,-3,Hispanic,-0.004,0,0
8860,1.0,0,0,0,0,0,0,2,2,5,1,1,3,0,,2,0,-3,6,12,-3,Black,9.139,1,0
8861,0.0,0,0,0,0,0,0,2,2,2,2,5,-4,0,0.0,2,0,-3,6,12,-3,Black,4.852,-5,-5
8862,0.0,0,0,0,0,0,0,2,2,2,1,1,-4,0,0.0,1,0,-3,6,12,-3,Black,5.83,1,0
8863,0.0,0,0,0,0,1,-2,2,2,3,3,1,3,0,0.0,2,-4,-4,4,-4,-3,Black,41.269,0,0
8864,0.0,0,0,0,0,0,-2,1,2,3,1,1,4,0,0.0,1,-4,-4,4,-4,-3,Black,5.679,-5,-5
8865,1.0,0,0,0,0,0,5,2,2,3,1,1,1,0,0.0,2,0,10500,9,13,-3,Hispanic,1.609,0,0
8866,0.0,0,0,0,0,0,27,2,2,1,1,1,1,0,0.0,2,0,10500,9,13,-3,Hispanic,2.469,0,0
8867,0.0,0,0,0,0,0,27,3,2,5,4,1,-4,0,0.0,2,0,10500,9,13,-3,Hispanic,16.105,0,0
8868,1.0,0,0,0,0,0,3,2,2,3,2,1,2,0,0.0,1,-4,-4,5,5,5,White,25.056,-5,-5
8869,0.0,0,0,0,0,1,3,3,3,5,2,4,-4,0,,1,-4,-4,5,5,5,White,-0.004,-5,-5
8870,1.0,1,0,0,0,0,0,1,1,1,1,1,-4,0,0.0,2,0,105000,5,9,9,Hispanic,45.651,0,1
8871,1.0,0,0,0,0,0,4,2,2,3,3,4,4,0,0.0,2,-4,-4,4,12,12,Hispanic,-0.004,0,0
8872,0.0,0,0,0,0,0,1,2,2,1,1,1,-4,0,0.0,1,-4,-4,4,12,12,Hispanic,-0.004,0,0
8873,0.0,1,0,0,0,0,3,2,3,2,1,1,-4,0,0.0,2,-4,-4,3,15,14,Hispanic,32.667,0,0
8874,1.0,0,0,0,0,0,4,2,3,2,2,1,-4,0,0.0,2,-4,-4,3,15,14,Hispanic,20.7,0,0
8877,1.0,0,0,0,0,0,0,1,2,1,1,1,1,0,0.0,1,0,8750,4,-4,15,Hispanic,92.234,0,0
8878,1.0,0,0,0,0,0,1,2,2,4,5,1,2,0,0.0,1,0,-3,5,14,14,White,56.87,0,0
8879,1.0,0,0,0,0,0,3,2,4,2,4,1,-4,0,0.0,1,0,-3,5,14,14,White,51.24,0,0
8880,1.0,0,0,0,0,0,0,2,2,2,2,1,2,0,1.0,1,0,85750,5,16,16,White,-0.004,0,0
8881,1.0,1,0,0,0,0,0,2,2,1,1,1,-4,0,0.0,2,0,85750,5,16,16,White,-0.004,-5,-5
8882,0.0,0,0,0,0,0,2,3,3,2,2,1,-4,0,0.0,2,0,247500,7,12,12,White,-0.004,0,-2
8883,,,0,0,0,0,5,4,3,4,1,1,-4,1,,2,0,225200,5,19,12,White,90.134,-5,-5
8884,1.0,0,0,0,0,0,5,2,2,2,2,1,2,0,0.0,2,0,258500,5,16,18,White,95.691,-5,-5
8885,0.0,0,0,0,2,0,6,2,3,5,2,3,-2,0,,1,1,17500,3,12,12,Black,9.144,0,0
8886,0.0,0,0,0,0,0,2,2,2,1,1,1,-4,0,,1,1,17500,3,12,12,Black,7.631,0,0
8887,0.0,0,0,0,0,0,6,2,2,2,1,1,-4,0,0.0,2,0,136001,4,12,12,White,87.453,0,0
8888,1.0,0,0,0,0,0,2,2,3,4,3,1,4,0,0.0,2,0,362001,4,18,17,White,97.928,0,0
8889,1.0,0,0,0,0,0,1,2,1,2,1,1,-4,0,0.0,2,0,362001,4,18,17,White,96.422,0,0
8890,0.0,0,1,0,3,2,3,3,3,2,2,2,2,0,0.0,1,0,300500,3,12,14,White,-0.004,0,0
8891,0.0,0,1,0,0,0,16,2,2,4,4,5,4,0,1.0,2,0,334000,4,8,16,Hispanic,52.826,0,0
8892,0.0,0,1,5,0,0,20,2,1,1,1,1,-4,0,,1,0,334000,4,8,16,Hispanic,15.51,0,0
8893,1.0,1,0,0,0,0,4,2,2,1,1,1,-4,0,1.0,1,0,49500,2,-4,16,White,76.257,0,0
8894,1.0,0,0,0,0,0,4,2,3,4,2,1,4,0,,2,0,-3,4,13,12,Black,7.914,0,0
8895,0.0,0,0,2,0,0,2,4,3,5,4,3,-4,0,,1,0,-3,4,13,12,Black,3.354,0,0
8896,0.0,0,0,0,0,0,4,2,2,4,4,2,-4,1,0.0,2,0,-3,4,-3,18,Hispanic,45.597,0,0
8897,0.0,0,0,0,1,1,5,2,3,4,4,2,4,0,,2,0,25815,5,-3,13,White,94.869,-5,-5
8898,0.0,0,0,0,0,0,0,2,1,1,1,1,-4,0,,2,0,25815,5,14,12,White,2.58,-5,-5
8899,1.0,0,0,0,0,0,0,2,3,-2,1,1,2,0,0.0,2,0,128500,5,12,13,White,-0.004,0,0
8900,1.0,0,0,0,1,0,3,2,3,3,2,2,2,0,0.0,1,0,500,4,5,6,Hispanic,58.962,0,-2
8901,0.0,0,0,0,0,0,1,2,2,2,2,1,-4,0,0.0,1,0,160500,4,12,12,White,28.721,0,0
8902,1.0,0,0,0,0,0,2,2,4,4,5,2,-4,1,0.0,2,0,-3,5,-3,-3,White,31.719,0,0
8903,1.0,1,0,0,0,0,5,2,2,3,2,1,2,0,0.0,1,0,-3,5,-3,-3,White,56.356,0,0
8904,1.0,0,0,0,3,0,3,2,1,4,5,3,-4,0,,2,0,110000,5,-3,12,White,55.096,0,0
8905,0.0,0,1,0,0,0,13,2,3,4,2,2,-4,1,0.0,2,0,-3,3,-4,12,Black,56.226,0,-4
8906,0.0,,0,0,1,0,16,1,2,1,1,1,1,0,,2,1,500,5,8,10,Hispanic,2.043,-5,-5
8907,1.0,0,1,0,0,0,4,1,1,2,1,1,1,1,0.0,1,0,83210,5,5,14,Hispanic,9.272,0,0
8908,0.0,0,1,0,0,0,1,2,2,3,2,1,-4,0,0.0,1,0,83210,5,5,14,Hispanic,19.406,0,0
8909,1.0,0,0,0,0,0,0,1,1,1,1,2,-4,1,0.0,1,0,83210,5,5,14,Hispanic,22.891,0,0
8910,0.0,0,0,0,0,0,4,2,2,5,3,2,4,0,0.0,1,0,1700,5,9,12,Hispanic,19.314,0,0
8911,0.0,0,0,0,0,0,4,2,2,4,4,2,-4,0,0.0,1,0,1700,5,9,12,Hispanic,19.506,0,0
8912,1.0,0,0,0,0,0,1,1,1,1,1,1,-4,0,,2,0,-3,5,13,12,Hispanic,80.751,-5,-5
8913,0.0,0,0,0,0,0,5,2,3,3,2,2,3,0,,1,0,-3,4,8,6,Hispanic,-0.004,0,0
8914,1.0,,0,0,0,0,3,2,3,4,3,2,2,1,,1,0,600000,4,9,15,White,26.004,-5,-5
8915,1.0,0,0,0,0,0,4,2,2,1,1,1,-4,0,0.0,2,0,10750,8,9,12,Black,33.45,0,0
8916,0.0,0,0,0,0,0,2,2,4,1,2,1,-4,0,0.0,2,0,10750,8,9,12,Black,18.989,0,0
8917,0.0,0,0,0,0,0,1,1,3,1,1,1,-4,0,0.0,2,0,10750,8,9,12,Black,13.251,0,0
8918,0.0,0,0,0,0,1,10,2,2,4,1,1,-4,0,0.0,1,0,5950,2,-4,-3,Hispanic,67.986,0,0
8919,1.0,0,0,0,0,0,0,2,2,1,1,1,-4,0,0.0,2,0,12350,5,12,12,Black,56.51,0,0
8920,0.0,0,0,0,0,0,11,2,2,3,4,2,4,0,0.0,2,0,2950,11,-3,8,Black,1.145,0,0
8921,0.0,0,0,0,1,2,0,3,2,1,1,1,4,1,0.0,1,-4,-4,6,12,12,Black,29.582,0,0
8922,0.0,0,1,1,20,1,3,3,3,5,1,2,-4,1,0.0,2,-4,500,6,12,12,Black,17.842,0,0
8923,1.0,0,0,0,0,0,7,2,2,3,3,2,2,0,0.0,2,0,258500,4,19,12,White,79.208,-5,-5
8924,0.0,0,0,0,1,0,0,1,2,4,2,1,3,1,0.0,2,0,68500,3,18,14,Black,91.972,0,0
8925,0.0,0,0,0,0,0,0,1,1,2,3,1,-4,0,0.0,2,0,213300,5,16,16,White,50.671,0,0
8926,0.0,0,0,0,0,0,0,1,2,3,1,1,3,0,0.0,2,0,600000,3,16,14,White,74.878,0,0
8927,0.0,0,1,0,0,0,11,3,4,4,5,2,4,0,0.0,2,0,-45450,5,-3,12,White,16.045,0,-2
8928,1.0,0,0,0,0,0,6,2,3,2,3,1,4,0,0.0,1,0,13700,4,12,12,Black,36.789,0,0
8929,1.0,0,0,0,1,0,1,3,3,1,2,1,-4,0,1.0,2,0,13700,4,9,12,Black,14.537,0,0
8930,0.0,0,0,1,0,0,0,2,2,-2,-2,-2,-4,0,0.0,1,0,500,4,10,12,Hispanic,-0.004,0,0
8931,0.0,0,0,0,0,0,8,2,4,5,4,1,5,0,,2,1,-3,3,9,9,White,39.017,0,0
8932,1.0,0,1,0,20,0,30,4,4,4,4,4,-4,1,0.0,1,0,23100,5,15,-3,Black,41.708,0,0
8933,0.0,0,1,0,5,0,50,3,3,4,4,3,-4,0,0.0,1,0,23100,5,15,-3,Black,44.725,0,0
8934,1.0,0,0,0,1,0,0,1,1,1,1,1,-4,1,0.0,1,0,114300,3,14,13,White,35.225,0,0
8935,0.0,0,0,0,0,0,2,3,3,1,3,2,-4,0,0.0,2,0,3750,2,-3,12,Black,6.87,0,0
8936,0.0,0,1,0,0,0,5,2,3,5,5,2,5,-3,,2,0,-5000,7,-3,-3,Black,1.649,0,0
8937,0.0,0,1,0,2,0,3,3,3,4,4,3,5,-3,0.0,2,0,-5000,7,12,11,Black,10.973,0,0
8938,0.0,0,0,0,0,0,2,3,3,4,1,1,-4,1,1.0,2,0,38500,4,11,12,Black,28.902,0,0
8939,0.0,0,0,0,0,0,1,2,3,1,1,1,-4,0,0.0,1,0,-3,3,-4,10,Black,2.541,0,-4
8940,0.0,0,0,0,0,0,0,2,4,4,3,1,1,0,,1,0,27250,4,12,15,Black,16.854,0,0
8941,1.0,0,0,0,0,0,1,2,2,3,2,1,2,0,0.0,2,0,-6750,4,12,11,Black,32.978,0,0
8942,0.0,0,1,0,0,3,-2,2,3,5,1,1,-4,1,,1,0,-6750,4,12,11,Black,2.418,0,0
8943,0.0,0,1,1,0,1,7,2,2,3,3,1,-4,0,,1,0,-6750,4,12,11,Black,10.499,0,0
8944,1.0,0,0,0,0,0,4,3,3,1,3,1,4,0,0.0,2,-4,-4,4,16,14,Hispanic,14.884,0,0
8945,0.0,0,0,0,0,0,4,2,2,2,2,1,1,0,0.0,1,0,32500,5,12,14,White,-0.004,0,0
8946,0.0,0,0,1,2,0,1,2,1,1,2,1,-4,1,0.0,2,-4,-4,6,-3,14,White,23.788,0,-4
8947,1.0,0,0,0,0,0,1,2,2,2,4,1,4,0,0.0,2,0,161500,4,12,13,White,72.828,0,0
8948,0.0,0,0,2,0,0,10,2,2,1,1,1,1,0,0.0,1,0,7400,5,12,18,White,11.711,0,0
8949,1.0,0,0,0,0,0,2,1,1,1,1,1,-4,0,,1,0,-3,4,17,17,White,93.146,-5,-5
8950,1.0,0,0,0,0,0,0,2,1,1,1,1,-4,0,0.0,2,0,9719,4,12,12,White,51.931,0,1
8951,0.0,0,0,0,0,0,3,2,2,1,4,3,-2,0,,2,0,-3,6,-3,-3,Black,28.508,0,0
8952,0.0,0,0,2,0,3,4,2,2,4,5,5,5,0,,1,-4,-4,4,-3,12,Black,10.399,-5,-5
8953,0.0,0,1,0,0,0,10,2,1,1,1,2,-4,0,0.0,2,0,3750,4,8,8,Hispanic,-0.004,0,0
8954,0.0,0,0,0,0,0,30,3,4,5,5,5,5,0,0.0,2,0,86500,5,2,3,Hispanic,2.575,0,0
8955,0.0,0,1,0,1,15,5,2,2,4,1,5,-4,0,0.0,1,0,86500,5,2,3,Hispanic,17.79,0,0
8956,1.0,0,0,0,3,2,4,3,1,4,4,3,3,0,0.0,1,0,3500,6,13,13,Hispanic,49.345,0,1
8957,1.0,0,0,0,0,0,3,2,2,4,3,1,3,0,0.0,1,0,73000,4,14,18,White,84.276,0,1
8958,0.0,,0,0,0,0,0,1,1,1,1,1,1,0,,1,-4,-4,4,18,16,White,-0.004,-5,-5
8959,0.0,0,1,0,4,0,2,2,2,2,1,1,-4,1,,1,-4,-4,2,-4,16,Hispanic,-0.004,0,0
8960,1.0,0,0,0,0,0,2,1,2,4,3,1,3,0,,1,0,-3,4,-4,12,White,34.193,-5,-5
8961,0.0,0,0,0,0,0,2,2,3,3,2,1,2,0,1.0,2,0,-3,6,16,14,White,90.388,0,0
8962,1.0,0,0,0,0,0,1,1,2,2,1,1,-4,0,0.0,2,0,-3,6,16,14,White,70.094,0,0
8963,0.0,0,0,0,0,1,4,3,3,1,1,1,-4,0,0.0,1,1,1750,4,9,11,Black,7.53,0,-2
8964,0.0,0,0,0,0,0,3,2,2,5,3,1,5,0,0.0,2,-4,-4,3,12,-3,Black,-0.004,0,0
8965,1.0,0,0,0,0,0,1,2,3,4,5,1,3,0,0.0,1,-4,-4,4,12,12,White,-0.004,0,0
8966,1.0,0,0,0,4,0,5,2,2,4,5,1,5,1,0.0,2,-4,-4,4,12,12,White,-0.004,-5,-5
8967,0.0,0,0,2,0,0,0,2,3,1,1,1,1,0,,1,0,1550,4,3,1,Hispanic,-0.004,0,0
8968,0.0,0,1,0,0,0,10,3,3,4,3,4,4,0,0.0,2,-4,-4,5,-4,-4,White,21.749,-5,-5
8969,0.0,0,0,0,1,2,7,1,3,5,5,4,5,1,1.0,2,0,22800,5,8,11,Hispanic,-0.004,0,-2
8970,0.0,0,0,0,0,0,2,2,2,2,1,1,1,0,0.0,1,0,-14250,3,12,14,White,7.54,0,0
8971,0.0,0,1,0,1,1,3,2,3,2,2,1,3,0,0.0,1,0,-14250,3,12,14,White,13.52,0,0
8972,0.0,0,0,0,0,0,5,1,1,2,2,3,1,0,,2,0,3770,4,-3,2,Hispanic,-0.004,0,0
8973,1.0,0,0,0,3,0,5,2,2,4,3,2,-4,1,0.0,2,0,73500,4,11,12,Hispanic,11.722,0,0
8974,1.0,0,0,0,0,0,0,2,2,4,2,1,2,0,0.0,2,0,145300,3,12,14,White,-0.004,0,0
8975,0.0,0,0,0,0,0,1,1,2,3,2,1,2,0,0.0,2,0,442500,4,14,18,White,94.494,0,0
8977,0.0,0,0,0,0,0,0,2,3,5,4,2,3,0,,1,0,138000,5,12,14,White,-0.004,0,0
8978,1.0,0,0,0,0,0,0,2,2,1,2,1,1,0,0.0,1,0,75700,4,12,14,White,87.167,0,0
8979,1.0,0,0,0,0,0,-2,1,2,1,2,1,-4,0,0.0,1,0,75700,4,12,14,White,67.413,0,0
8980,0.0,0,0,1,2,0,6,2,4,4,3,1,3,0,0.0,2,0,15700,6,12,12,White,26.461,1,0
8981,0.0,0,0,0,2,1,3,2,2,5,3,1,3,0,,2,1,15700,6,-4,-3,White,6.33,0,0
8982,0.0,0,0,0,0,0,1,2,2,1,1,1,1,0,0.0,1,0,59500,4,13,15,White,68.444,0,0
8983,1.0,0,0,0,0,0,0,3,1,3,3,2,1,0,0.0,1,0,-3,8,14,16,Hispanic,51.588,-5,-5
8984,1.0,0,0,0,0,0,1,2,2,2,1,1,1,0,0.0,1,0,-3,8,14,16,Hispanic,20.002,-5,-5
8985,0.0,0,0,0,1,0,3,2,2,3,1,2,-4,0,0.0,1,-4,-4,3,14,13,Hispanic,60.279,0,0
8986,1.0,0,0,0,0,0,7,2,2,1,2,1,2,0,0.0,1,-4,-4,6,-4,12,White,84.49,0,0
8987,1.0,1,0,0,0,0,3,1,2,2,1,1,-4,1,0.0,2,-4,-4,6,-4,12,White,73.695,0,0
8988,0.0,0,0,1,0,3,8,2,4,3,2,2,3,0,0.0,2,1,500,6,16,9,Black,9.271,0,0
8989,0.0,0,0,1,0,0,2,2,1,5,2,1,3,0,1.0,2,1,500,6,16,9,Black,6.468,0,1
8990,0.0,0,1,0,0,2,0,2,2,1,1,1,-4,0,0.0,1,0,500,6,16,9,Black,2.135,0,1
8991,1.0,0,0,0,0,0,3,2,3,2,2,1,3,1,0.0,2,0,556000,4,16,16,White,94.579,0,0
8992,1.0,0,0,0,1,1,2,2,3,3,3,1,2,0,,1,-4,-4,3,18,18,White,93.708,0,0
8993,1.0,,0,0,0,0,5,2,1,3,1,1,4,0,,2,0,97500,4,12,11,Hispanic,71.032,-5,-5
8994,0.0,,0,0,-4,-4,-4,2,2,3,4,3,3,0,0.0,2,1,50001,8,11,11,Black,4.748,0,0
8995,0.0,0,1,1,3,1,5,2,2,4,1,1,4,0,0.0,1,1,50001,8,11,11,Black,5.398,0,0
8996,0.0,0,1,1,1,1,3,2,3,2,1,2,-4,1,0.0,1,0,50001,8,11,11,Black,6.856,0,-2
8997,0.0,0,1,0,0,1,9,3,4,3,4,2,-4,1,0.0,2,1,50001,8,-3,11,Black,21.594,0,-2
8998,,,0,0,0,4,10,2,2,4,2,2,-4,0,,2,0,75001,5,12,12,Black,-0.004,-5,-5
8999,0.0,0,1,0,0,0,2,2,2,4,4,5,5,1,0.0,1,0,16000,10,12,15,Black,38.179,0,0
9000,0.0,0,0,0,0,0,0,3,2,2,1,2,2,1,0.0,1,0,16000,10,12,15,Black,9.423,0,0
9001,1.0,0,0,0,0,0,-2,2,2,2,2,2,-4,0,0.0,2,0,16000,10,12,15,Black,14.116,0,0
9002,1.0,0,1,0,1,0,3,3,2,5,4,2,-4,1,0.0,2,-2,16000,10,-3,-3,Black,33.47,0,0
9003,1.0,0,0,0,0,0,1,2,2,3,4,3,5,1,1.0,2,0,164000,4,16,18,Black,46.657,0,0
9004,0.0,0,1,1,0,1,2,2,2,5,2,5,2,0,0.0,2,-4,-4,6,-3,11,Black,-0.004,0,1
9005,0.0,0,0,0,0,0,1,1,1,3,3,3,2,0,0.0,1,0,-3,3,11,12,Black,15.283,0,0
9006,1.0,0,0,0,0,0,0,1,3,2,2,2,3,0,0.0,1,0,19500,6,11,12,Black,28.236,0,-2
9007,0.0,0,1,1,0,0,0,1,4,5,1,1,-4,0,0.0,1,0,-3,5,-3,6,Black,-0.004,0,1
9008,1.0,0,0,0,0,0,7,2,3,1,1,1,-4,1,0.0,2,0,82000,3,-4,12,Black,83.385,0,0
9009,1.0,0,1,0,0,0,2,2,3,2,1,2,3,1,0.0,1,0,72500,2,-3,12,White,71.393,0,0
9010,0.0,0,0,1,0,0,2,3,3,4,3,1,3,1,0.0,1,0,115000,6,-3,10,White,61.144,0,0
9011,0.0,0,0,0,2,0,3,1,2,5,4,2,-4,0,0.0,2,0,115000,6,-3,10,White,64.34,0,0
9012,1.0,0,0,0,0,0,0,1,1,1,1,1,-4,0,0.0,2,0,115000,6,-4,-3,Black,54.225,0,0
9013,0.0,0,0,0,0,0,9,2,3,4,3,1,3,1,0.0,1,0,17940,8,-3,11,Black,-0.004,0,0
9014,0.0,1,0,0,0,0,25,2,3,4,1,1,-4,0,0.0,2,0,17940,8,-3,11,Black,-0.004,0,0
9015,1.0,0,0,0,0,0,8,2,2,1,2,1,3,1,0.0,2,0,54800,4,12,12,Black,85.517,0,0
9016,1.0,0,0,0,0,0,1,2,1,1,1,3,-4,0,0.0,2,0,27406,4,14,15,Black,18.599,0,0
9017,0.0,0,0,0,1,0,5,3,4,2,3,1,-4,1,0.0,1,0,217501,5,13,12,White,56.691,-5,-5
9018,0.0,0,0,0,-4,-4,-4,2,2,5,4,3,5,0,1.0,2,-4,-4,4,-4,13,White,12.716,0,0
9019,0.0,0,0,0,1,2,3,1,1,1,1,1,-4,0,0.0,1,1,1750,4,13,11,Hispanic,27.785,0,0
9020,1.0,0,0,0,0,0,3,2,3,2,2,1,2,0,0.0,1,0,236000,3,18,15,White,96.478,0,0
9021,1.0,0,1,0,0,0,20,4,4,4,5,1,3,0,1.0,1,0,-3150,4,-3,14,White,61.58,0,0
9022,1.0,0,0,0,2,0,22,4,4,4,5,1,5,0,1.0,2,0,-3150,4,-3,14,White,71.549,0,0
